activity_id,molecule_chembl_id,standard_type,standard_relation,standard_value,standard_units,pchembl_value,target_chembl_id,target_pref_name,canonical_smiles
105501,CHEMBL93558,IC50,=,217000.0,nM,,CHEMBL284,Dipeptidyl peptidase 4,N[C@@H](CC1CCCCC1)C(=O)N1CCCCC1
106644,CHEMBL443622,IC50,=,41000.0,nM,4.39,CHEMBL284,Dipeptidyl peptidase 4,C[C@H](N)C(=O)N1CCCC1
106647,CHEMBL403882,IC50,=,15000.0,nM,4.82,CHEMBL284,Dipeptidyl peptidase 4,O=C([C@@H]1CCCN1)N1CCCC1
106650,CHEMBL328655,IC50,>,500000.0,nM,,CHEMBL284,Dipeptidyl peptidase 4,S=C(C1CCCN1)N1CCCC1
108924,CHEMBL328795,IC50,=,188000.0,nM,,CHEMBL284,Dipeptidyl peptidase 4,NC(=O)CC(N)C(=O)N1CCCC1
111620,CHEMBL97674,IC50,=,247000.0,nM,,CHEMBL284,Dipeptidyl peptidase 4,NCCCCC(N)C(=O)N1CCCCC1
111673,CHEMBL317126,IC50,=,14000.0,nM,4.85,CHEMBL284,Dipeptidyl peptidase 4,NC(Cc1ccc(O)cc1)C(=O)N1CCCC1
113099,CHEMBL383705,IC50,=,4000.0,nM,5.40,CHEMBL284,Dipeptidyl peptidase 4,CC(C)[C@H](N)C(=O)N1CCCC1
114354,CHEMBL93505,IC50,>,1000000.0,nM,,CHEMBL284,Dipeptidyl peptidase 4,NCC[C@H](N)C(=O)N1CCCCC1
115473,CHEMBL329171,IC50,>,500000.0,nM,,CHEMBL284,Dipeptidyl peptidase 4,NCCCC(N)C(=O)N1CCCCC1
116880,CHEMBL94955,IC50,=,134900.0,nM,,CHEMBL284,Dipeptidyl peptidase 4,NCCCCC(NC(=O)OCc1ccccc1)C(=O)N1CCCCC1
119349,CHEMBL97180,IC50,=,213000.0,nM,,CHEMBL284,Dipeptidyl peptidase 4,NC(Cc1c[nH]cn1)C(=O)N1CCCCC1
121780,CHEMBL98008,IC50,=,17000.0,nM,4.77,CHEMBL284,Dipeptidyl peptidase 4,N[C@@H](CC1CCCCC1)C(=O)N1CCCC1
121783,CHEMBL319514,Ki,=,200.0,nM,6.70,CHEMBL284,Dipeptidyl peptidase 4,C[C@H](N)C(=O)N1CCC[C@H]1C#N
121785,CHEMBL97483,Ki,=,47600.0,nM,4.32,CHEMBL284,Dipeptidyl peptidase 4,C[C@H](N)C(=S)N1CCCC1
127132,CHEMBL97025,IC50,>,1000000.0,nM,,CHEMBL284,Dipeptidyl peptidase 4,NCC(=O)N1CCCC1
127135,CHEMBL317944,IC50,=,23210.0,nM,4.63,CHEMBL284,Dipeptidyl peptidase 4,NC(Cc1c[nH]cn1)C(=O)N1CCCC1
128208,CHEMBL93507,IC50,=,67000.0,nM,4.17,CHEMBL284,Dipeptidyl peptidase 4,CCC(C)C(N)C(=O)N1CCCCC1
128211,CHEMBL67279,Ki,=,2.0,nM,8.70,CHEMBL284,Dipeptidyl peptidase 4,CC(C)[C@H](N)C(=O)N1CCC[C@H]1B(O)O
129486,CHEMBL93931,IC50,=,21000.0,nM,4.68,CHEMBL284,Dipeptidyl peptidase 4,NC(Cc1ccccc1)C(=O)N1CCCC1
129489,CHEMBL503274,Ki,=,218.0,nM,6.66,CHEMBL284,Dipeptidyl peptidase 4,CC[C@H](C)[C@H](N)C(=O)N1CCCC1
134515,CHEMBL97064,IC50,=,190000.0,nM,,CHEMBL284,Dipeptidyl peptidase 4,NC(CO)C(=O)N1CCCC1
134518,CHEMBL318401,Ki,=,7880.0,nM,5.10,CHEMBL284,Dipeptidyl peptidase 4,C[C@H](N)C(=S)N1CCSC1
140459,CHEMBL503274,IC50,=,4000.0,nM,5.40,CHEMBL284,Dipeptidyl peptidase 4,CC[C@H](C)[C@H](N)C(=O)N1CCCC1
140462,CHEMBL499101,IC50,=,122000.0,nM,,CHEMBL284,Dipeptidyl peptidase 4,N[C@@H](CC(=O)O)C(=O)N1CCCC1
141671,CHEMBL328694,IC50,=,39000.0,nM,4.41,CHEMBL284,Dipeptidyl peptidase 4,NCCCCC(N)C(=O)N1CCCC1
144184,CHEMBL317537,IC50,>,1000000.0,nM,,CHEMBL284,Dipeptidyl peptidase 4,NC[C@H](N)C(=O)N1CCCCC1
144187,CHEMBL98408,Ki,=,126.0,nM,6.90,CHEMBL284,Dipeptidyl peptidase 4,CC[C@H](C)[C@H](N)C(=O)N1CCSC1
148822,CHEMBL305170,IC50,=,116000.0,nM,,CHEMBL284,Dipeptidyl peptidase 4,CC(C)[C@@H](N)C(=O)N1CCC[C@H]1B(O)O
148825,CHEMBL1790478,IC50,=,190.0,nM,6.72,CHEMBL284,Dipeptidyl peptidase 4,C[C@@H](O)[C@H](N)C(=O)N1CCC[C@H]1B(O)O
149953,CHEMBL66032,IC50,=,11.0,nM,7.96,CHEMBL284,Dipeptidyl peptidase 4,CC[C@H](N)C(=O)N1CCC[C@H]1B(O)O
149954,CHEMBL63726,IC50,=,95.0,nM,7.02,CHEMBL284,Dipeptidyl peptidase 4,NCCCC[C@H](N)C(=O)N1CCC[C@H]1B(O)O
153638,CHEMBL303131,IC50,=,17000.0,nM,4.77,CHEMBL284,Dipeptidyl peptidase 4,N[C@@H](Cc1c[nH]cn1)C(=O)N1CCC[C@H]1B(O)O
154815,CHEMBL292342,IC50,=,250.0,nM,6.60,CHEMBL284,Dipeptidyl peptidase 4,O=C([C@@H]1CCN1)N1CCC[C@H]1B(O)O
158513,CHEMBL63698,IC50,=,44.0,nM,7.36,CHEMBL284,Dipeptidyl peptidase 4,CC(C)C[C@H](N)C(=O)N1CCC[C@H]1B(O)O
158514,CHEMBL291428,IC50,=,63.0,nM,7.20,CHEMBL284,Dipeptidyl peptidase 4,N[C@H](C(=O)N1CCC[C@H]1B(O)O)c1ccccc1
159693,CHEMBL66189,IC50,=,30000.0,nM,4.52,CHEMBL284,Dipeptidyl peptidase 4,CC(C)(N)C(=O)N1CCC[C@H]1B(O)O
165758,CHEMBL1790483,IC50,=,25.0,nM,7.60,CHEMBL284,Dipeptidyl peptidase 4,CC[C@H](C)[C@H](N)C(=O)N1CCC[C@H]1B(O)O
168408,CHEMBL67279,IC50,=,26.0,nM,7.58,CHEMBL284,Dipeptidyl peptidase 4,CC(C)[C@H](N)C(=O)N1CCC[C@H]1B(O)O
168411,CHEMBL63860,IC50,=,15.0,nM,7.82,CHEMBL284,Dipeptidyl peptidase 4,C[C@H](N)C(=O)N1CCC[C@H]1B(O)O
172023,CHEMBL67089,IC50,=,16000.0,nM,4.80,CHEMBL284,Dipeptidyl peptidase 4,NCC(=O)N1CCC[C@H]1B(O)O
173235,CHEMBL65406,IC50,=,4000.0,nM,5.40,CHEMBL284,Dipeptidyl peptidase 4,CC(C)[C@@H](N)C(=O)N1CCC[C@@H]1B(O)O
173238,CHEMBL304007,IC50,=,32.0,nM,7.50,CHEMBL284,Dipeptidyl peptidase 4,N[C@@H](Cc1ccc(O)cc1)C(=O)N1CCC[C@H]1B(O)O
176780,CHEMBL63652,IC50,=,70.0,nM,7.16,CHEMBL284,Dipeptidyl peptidase 4,N[C@@H](Cc1ccccc1)C(=O)N1CCC[C@H]1B(O)O
178094,CHEMBL63406,IC50,=,60.0,nM,7.22,CHEMBL284,Dipeptidyl peptidase 4,CC(C)(C)[C@H](N)C(=O)N1CCC[C@H]1B(O)O
180579,CHEMBL63895,IC50,=,20.0,nM,7.70,CHEMBL284,Dipeptidyl peptidase 4,O=C([C@@H]1CCCN1)N1CCC[C@H]1B(O)O
266951,CHEMBL276884,IC50,=,9100000.0,nM,,CHEMBL284,Dipeptidyl peptidase 4,Cl.O=C(C1CCCN1)N1CCCC1P(=O)(OCC(F)(F)F)OCC(F)(F)F
270838,CHEMBL1182947,IC50,=,32000.0,nM,4.50,CHEMBL284,Dipeptidyl peptidase 4,O=C([C@@H]1CCCN1)N1CCCC1P(=O)(Oc1ccccc1)Oc1ccccc1
272162,CHEMBL273694,IC50,>,10000.0,nM,,CHEMBL284,Dipeptidyl peptidase 4,Cl.O=C([C@@H]1CCCN1)N1CCCC1P(=O)(Oc1ccccc1)Oc1ccccc1
272163,CHEMBL265344,IC50,=,400.0,nM,6.40,CHEMBL284,Dipeptidyl peptidase 4,CC(=O)Nc1ccc(OP(=O)(Oc2ccc(NC(C)=O)cc2)C2CCCN2C(=O)C2CCCN2)cc1.Cl
273306,CHEMBL9237,IC50,=,47000.0,nM,4.33,CHEMBL284,Dipeptidyl peptidase 4,COP(=O)(Oc1ccccc1-c1ccccc1O)C1CCCN1C(=O)[C@@H]1CCCN1.Cl
275679,CHEMBL9724,IC50,=,31000.0,nM,4.51,CHEMBL284,Dipeptidyl peptidase 4,Cl.O=C([C@@H]1CCCN1)N1CCCC1P1(=O)Oc2ccccc2-c2ccccc2O1
277073,CHEMBL9561,IC50,=,22000.0,nM,4.66,CHEMBL284,Dipeptidyl peptidase 4,COc1ccc(OP(=O)(Oc2ccc(OC)cc2)C2CCCN2C(=O)C2CCCN2)cc1.Cl
277076,CHEMBL9238,IC50,=,36.0,nM,7.44,CHEMBL284,Dipeptidyl peptidase 4,COC(=O)CCNC(=O)c1ccc(OP(=O)(Oc2ccc(C(=O)NCCC(=O)OC)cc2)C2CCCN2C(=O)C2CCCN2)cc1.Cl
282949,CHEMBL9512,IC50,=,500.0,nM,6.30,CHEMBL284,Dipeptidyl peptidase 4,Cl.NCC(=O)Nc1ccc(OP(=O)(Oc2ccc(NC(=O)CN)cc2)C2CCCN2C(=O)C2CCCN2)cc1
282952,CHEMBL269209,IC50,=,600.0,nM,6.22,CHEMBL284,Dipeptidyl peptidase 4,C[C@H](N)C(=O)Nc1ccc(OP(=O)(Oc2ccc(NC(=O)[C@@H](C)N)cc2)C2CCCN2C(=O)C2CCCN2)cc1.Cl
286460,CHEMBL273851,IC50,=,5000.0,nM,5.30,CHEMBL284,Dipeptidyl peptidase 4,Cl.O=C([C@H]1CCCN1)N1CCCC1P(=O)(Oc1ccccc1)Oc1ccccc1
288920,CHEMBL268012,IC50,=,1800000.0,nM,,CHEMBL284,Dipeptidyl peptidase 4,Cl.O=C(C1CCCN1)N1CCCC1P(=O)(OCC(Cl)(Cl)Cl)OCC(Cl)(Cl)Cl
290166,CHEMBL9295,IC50,=,30.0,nM,7.52,CHEMBL284,Dipeptidyl peptidase 4,CCCNC(=O)c1ccc(OP(=O)(Oc2ccc(C(=O)NCCC)cc2)C2CCCN2C(=O)C2CCCN2)cc1.Cl
291262,CHEMBL269757,IC50,=,700.0,nM,6.16,CHEMBL284,Dipeptidyl peptidase 4,Cl.O=C(CNC(=O)c1ccccc1)Nc1ccc(OP(=O)(Oc2ccc(NC(=O)CNC(=O)c3ccccc3)cc2)C2CCCN2C(=O)C2CCCN2)cc1
292601,CHEMBL9263,IC50,=,800.0,nM,6.10,CHEMBL284,Dipeptidyl peptidase 4,CC(=O)Nc1cccc(OP(=O)(Oc2cccc(NC(C)=O)c2)C2CCCN2C(=O)C2CCCN2)c1.Cl
296408,CHEMBL9433,IC50,=,400.0,nM,6.40,CHEMBL284,Dipeptidyl peptidase 4,CS(=O)(=O)Nc1ccc(OP(=O)(Oc2ccc(NS(C)(=O)=O)cc2)C2CCCN2C(=O)C2CCCN2)cc1.Cl
297734,CHEMBL9565,IC50,=,190000.0,nM,,CHEMBL284,Dipeptidyl peptidase 4,Cl.O=C(C1CCCN1)N1CCCC1P(=O)(Oc1ccc(O)cc1)Oc1ccc(O)cc1
297737,CHEMBL268527,IC50,=,1400.0,nM,5.85,CHEMBL284,Dipeptidyl peptidase 4,COC(=O)C(Cc1ccc(OP(=O)(Oc2ccc(CC(NC(C)=O)C(=O)OC)cc2)C2CCCN2C(=O)C2CCCN2)cc1)NC(C)=O.Cl
298915,CHEMBL9408,IC50,=,16.0,nM,7.80,CHEMBL284,Dipeptidyl peptidase 4,COC(=O)c1ccc(OP(=O)(Oc2ccc(C(=O)OC)cc2)C2CCCN2C(=O)C2CCCN2)cc1.Cl
301601,CHEMBL430281,IC50,=,2300.0,nM,5.64,CHEMBL284,Dipeptidyl peptidase 4,Cl.NC(=O)Nc1cccc(OP(=O)(OC2=CC=CC(NC(N)=O)C2)C2CCCN2C(=O)C2CCCN2)c1
301604,CHEMBL274829,IC50,=,23.0,nM,7.64,CHEMBL284,Dipeptidyl peptidase 4,CCOC(=O)CNC(=O)c1ccc(OP(=O)(Oc2ccc(C(=O)NCC(=O)OCC)cc2)C2CCCN2C(=O)C2CCCN2)cc1.Cl
302763,CHEMBL9527,IC50,=,5000.0,nM,5.30,CHEMBL284,Dipeptidyl peptidase 4,Cl.O=C(C1CCCN1)N1CCCC1P(=O)(Oc1ccc(NN2CCCC2)cc1)Oc1ccc(NN2CCCC2)cc1
304307,CHEMBL278393,IC50,=,320.0,nM,6.50,CHEMBL284,Dipeptidyl peptidase 4,N[C@H](C(=O)N1CCCC1)C1CCCCC1
305623,CHEMBL98408,IC50,=,420.0,nM,6.38,CHEMBL284,Dipeptidyl peptidase 4,CC[C@H](C)[C@H](N)C(=O)N1CCSC1
306963,CHEMBL1682974,IC50,=,33.0,nM,7.48,CHEMBL284,Dipeptidyl peptidase 4,N[C@H](C(=O)N1CCSC1)[C@H]1CC[C@H](NC(=O)c2ccc(OC(F)(F)F)cc2)CC1
308219,CHEMBL22359,IC50,=,53.0,nM,7.28,CHEMBL284,Dipeptidyl peptidase 4,N[C@H](C(=O)N1CCSC1)[C@H]1CC[C@H](NC(=O)c2ccc(F)c(F)c2)CC1
308225,CHEMBL22679,IC50,=,94.0,nM,7.03,CHEMBL284,Dipeptidyl peptidase 4,N[C@H](C(=O)N1CCCC1)[C@H]1CC[C@H](NC(=O)OCc2ccccc2)CC1
309669,CHEMBL3084936,IC50,=,24.0,nM,7.62,CHEMBL284,Dipeptidyl peptidase 4,N#Cc1cccc(S(=O)(=O)N[C@H]2CC[C@H]([C@H](N)C(=O)N3CCSC3)CC2)c1
309671,CHEMBL3084942,IC50,=,18.0,nM,7.75,CHEMBL284,Dipeptidyl peptidase 4,N[C@H](C(=O)N1CCSC1)[C@H]1CC[C@H](NS(=O)(=O)c2ccc3ccccc3c2)CC1
309673,CHEMBL3084949,IC50,=,15.0,nM,7.82,CHEMBL284,Dipeptidyl peptidase 4,N[C@H](C(=O)N1CCSC1)[C@H]1CC[C@H](NC(=O)c2cccc3ccccc23)CC1
309679,CHEMBL3084939,IC50,=,35.0,nM,7.46,CHEMBL284,Dipeptidyl peptidase 4,N[C@H](C(=O)N1CCSC1)[C@H]1CC[C@H](NC(=O)Nc2ccc(F)c(F)c2)CC1
310881,CHEMBL3084935,IC50,=,23.0,nM,7.64,CHEMBL284,Dipeptidyl peptidase 4,N[C@H](C(=O)N1CCSC1)[C@H]1CC[C@H](NS(=O)(=O)c2ccc(I)cc2)CC1
310883,CHEMBL3084943,IC50,=,24.0,nM,7.62,CHEMBL284,Dipeptidyl peptidase 4,N[C@H](C(=O)N1CCSC1)[C@H]1CC[C@H](NS(=O)(=O)c2ccc(F)c(F)c2F)CC1
312313,CHEMBL3084954,IC50,=,17.0,nM,7.77,CHEMBL284,Dipeptidyl peptidase 4,N[C@H](C(=O)N1CCSC1)[C@H]1CC[C@H](NC(=O)Nc2ccc(Cl)c(Cl)c2)CC1
314912,CHEMBL3084937,IC50,=,7.5,nM,8.12,CHEMBL284,Dipeptidyl peptidase 4,CN(C)C(=O)Nc1ccc(S(=O)(=O)N[C@H]2CC[C@H]([C@H](N)C(=O)N3CCSC3)CC2)cc1
318589,CHEMBL3084938,IC50,=,26.0,nM,7.58,CHEMBL284,Dipeptidyl peptidase 4,CN(C)C(=O)Nc1ccc(S(=O)(=O)N[C@H]2CC[C@H]([C@H](N)C(=O)N3CCCC3)CC2)cc1
319705,CHEMBL25437,IC50,=,88.0,nM,7.06,CHEMBL284,Dipeptidyl peptidase 4,N[C@H](C(=O)N1CCCC1)[C@H]1CC[C@H](NS(=O)(=O)c2ccc(F)cc2F)CC1
320945,CHEMBL278558,IC50,=,190.0,nM,6.72,CHEMBL284,Dipeptidyl peptidase 4,N[C@H](C(=O)N1CCCC1)[C@H]1CC[C@H](NC(=O)c2ccc(F)c(F)c2)CC1
322177,CHEMBL23176,IC50,=,25.0,nM,7.60,CHEMBL284,Dipeptidyl peptidase 4,N[C@H](C(=O)N1CCSC1)[C@H]1CC[C@H](NC(=O)OCc2ccccc2)CC1
323637,CHEMBL3084940,IC50,=,64.0,nM,7.19,CHEMBL284,Dipeptidyl peptidase 4,N[C@H](C(=O)N1CCCC1)[C@H]1CC[C@H](NC(=O)c2cncc3ccccc23)CC1
324718,CHEMBL3084946,IC50,=,38.0,nM,7.42,CHEMBL284,Dipeptidyl peptidase 4,N[C@H](C(=O)N1CCSC1)[C@H]1CC[C@H](NC(=O)c2ccc(Cl)c(Cl)c2)CC1
325933,CHEMBL142703,IC50,=,34.0,nM,7.47,CHEMBL284,Dipeptidyl peptidase 4,N#C[C@@H]1CCCN1C(=O)CNC12CC3CC(CC(O)(C3)C1)C2
325935,CHEMBL3084947,IC50,=,33.0,nM,7.48,CHEMBL284,Dipeptidyl peptidase 4,N[C@H](C(=O)N1CCSC1)[C@H]1CC[C@H](NC(=O)c2ccc(I)cc2)CC1
327148,CHEMBL77538,IC50,=,22.0,nM,7.66,CHEMBL284,Dipeptidyl peptidase 4,N#Cc1ccc(NCCNCC(=O)N2CCC[C@H]2C#N)nc1
327150,CHEMBL3084952,IC50,=,17.0,nM,7.77,CHEMBL284,Dipeptidyl peptidase 4,N[C@H](C(=O)N1CCSC1)[C@H]1CC[C@H](NC(=O)OCc2cccc3ccccc23)CC1
331193,CHEMBL3084956,IC50,=,9.0,nM,8.05,CHEMBL284,Dipeptidyl peptidase 4,N[C@H](C(=O)N1CCSC1)[C@H]1CC[C@H](NC(=O)c2cnc3ccccc3c2)CC1
331195,CHEMBL23979,IC50,=,89.0,nM,7.05,CHEMBL284,Dipeptidyl peptidase 4,N[C@H](C(=O)N1CCCC1)[C@H]1CC[C@H](NS(=O)(=O)c2ccc(OC(F)(F)F)cc2)CC1
334012,CHEMBL3084948,IC50,=,21.0,nM,7.68,CHEMBL284,Dipeptidyl peptidase 4,N[C@H](C(=O)N1CCSC1)[C@H]1CC[C@H](NC(=O)c2ccc3ccccc3c2)CC1
335217,CHEMBL3084955,IC50,=,55.0,nM,7.26,CHEMBL284,Dipeptidyl peptidase 4,N[C@H](C(=O)N1CCSC1)[C@H]1CC[C@H](NC(=O)Nc2ccc(OC(F)(F)F)cc2)CC1
335219,CHEMBL3084941,IC50,=,98.0,nM,7.01,CHEMBL284,Dipeptidyl peptidase 4,N[C@H](C(=O)N1CCCC1)[C@H]1CC[C@H](NS(=O)(=O)c2ccc(F)c(F)c2F)CC1
335221,CHEMBL497992,IC50,=,2.6,nM,8.59,CHEMBL284,Dipeptidyl peptidase 4,N[C@H](C(=O)N1CCCC1)[C@H]1CC[C@H](NS(=O)(=O)c2ccc(NS(=O)(=O)CC(F)(F)F)cc2)CC1
336424,CHEMBL3084953,IC50,=,10.0,nM,8.00,CHEMBL284,Dipeptidyl peptidase 4,N[C@H](C(=O)N1CCSC1)[C@H]1CC[C@H](NC(=O)Nc2ccc(I)cc2)CC1
337683,CHEMBL3084944,IC50,=,46.0,nM,7.34,CHEMBL284,Dipeptidyl peptidase 4,N[C@H](C(=O)N1CCCC1)[C@H]1CC[C@H](NC(=O)c2cccc3ccccc23)CC1
341675,CHEMBL25211,IC50,=,22.0,nM,7.66,CHEMBL284,Dipeptidyl peptidase 4,N[C@H](C(=O)N1CCSC1)[C@H]1CC[C@H](NS(=O)(=O)c2ccc(OC(F)(F)F)cc2)CC1
341681,CHEMBL3084951,IC50,=,20.0,nM,7.70,CHEMBL284,Dipeptidyl peptidase 4,N[C@H](C(=O)N1CCSC1)[C@H]1CC[C@H](NC(=O)OCc2ccc3ccccc3c2)CC1
344023,CHEMBL3084945,IC50,=,2700.0,nM,5.57,CHEMBL284,Dipeptidyl peptidase 4,N[C@H](C(=O)N1CCSC1)[C@H]1CC[C@H](N)CC1
344025,CHEMBL3084950,IC50,=,29.0,nM,7.54,CHEMBL284,Dipeptidyl peptidase 4,N[C@H](C(=O)N1CCSC1)[C@H]1CC[C@H](NC(=O)OCc2ccc(Cl)c(Cl)c2)CC1
345743,CHEMBL315163,Ki,=,6000.0,nM,5.22,CHEMBL284,Dipeptidyl peptidase 4,CCC(C)[C@H](N)C(=O)N1CSCCC1C#N
348375,CHEMBL2115247,Ki,=,34.0,nM,7.47,CHEMBL284,Dipeptidyl peptidase 4,CC[C@H](C)[C@H](N)C(=O)N1C[S+]([O-])C[C@H]1C#N
351202,CHEMBL92706,Ki,=,4200.0,nM,5.38,CHEMBL284,Dipeptidyl peptidase 4,CCC(C)[C@H](N)C(=O)N1CCC[C@@]1(C)C#N
351204,CHEMBL92175,Ki,=,5.0,nM,8.30,CHEMBL284,Dipeptidyl peptidase 4,N#C[C@@H]1CSCN1C(=O)C(CCCCN)NC(=O)OCc1ccccc1
355509,CHEMBL327187,Ki,=,1.7,nM,8.77,CHEMBL284,Dipeptidyl peptidase 4,CCC(C)[C@H](N)C(=O)N1CCS[C@H]1C#N
359862,CHEMBL93208,Ki,=,0.41,nM,9.39,CHEMBL284,Dipeptidyl peptidase 4,CCC(C)[C@H](N)C(=O)N1CSC[C@H]1C#N
360973,CHEMBL329641,Ki,=,2.2,nM,8.66,CHEMBL284,Dipeptidyl peptidase 4,CCC(C)[C@H](N)C(=O)N1CCC[C@H]1C#N
362220,CHEMBL92760,Ki,=,21.0,nM,7.68,CHEMBL284,Dipeptidyl peptidase 4,CCC(C)[C@H](N)C(=O)N1CS(=O)(=O)C[C@H]1C#N
368327,CHEMBL94278,Ki,=,1.1,nM,8.96,CHEMBL284,Dipeptidyl peptidase 4,N#C[C@@H]1CCCN1C(=O)[C@@H](N)C1CCCC1
373995,CHEMBL93526,Ki,=,260.0,nM,6.58,CHEMBL284,Dipeptidyl peptidase 4,CCC(C)[C@H](N)C(=O)N1CCCC[C@H]1C#N
376736,CHEMBL93060,Ki,=,0.5,nM,9.30,CHEMBL284,Dipeptidyl peptidase 4,N#C[C@@H]1CSCN1C(=O)C(N)C1CCCC1
380938,CHEMBL2115247,Ki,=,440.0,nM,6.36,CHEMBL284,Dipeptidyl peptidase 4,CC[C@H](C)[C@H](N)C(=O)N1C[S+]([O-])C[C@H]1C#N
385211,CHEMBL328123,Ki,=,450.0,nM,6.35,CHEMBL284,Dipeptidyl peptidase 4,CCC(C)[C@H](N)C(=O)N1COC[C@H]1C#N
388408,CHEMBL316560,Ki,=,0.8,nM,9.10,CHEMBL284,Dipeptidyl peptidase 4,N#C[C@@H]1CSCN1C(=O)C(N)C1CCCCC1
431858,CHEMBL544475,IC50,=,3400.0,nM,5.47,CHEMBL284,Dipeptidyl peptidase 4,CCOC(=O)c1cnc(CN)c2cc(OC)c(OC)cc12.Cl
431859,CHEMBL543539,IC50,=,948000.0,nM,,CHEMBL284,Dipeptidyl peptidase 4,CCOC(=O)c1cnc(CN(C)C)c2cc(OC)c(OC)cc12.Cl
431860,CHEMBL543057,IC50,=,277000.0,nM,,CHEMBL284,Dipeptidyl peptidase 4,COc1cc2c(C=O)cnc(CN)c2cc1OC.Cl
433092,CHEMBL63860,Ki,=,2.0,nM,8.70,CHEMBL284,Dipeptidyl peptidase 4,C[C@H](N)C(=O)N1CCC[C@H]1B(O)O
434431,CHEMBL554880,IC50,=,31800.0,nM,4.50,CHEMBL284,Dipeptidyl peptidase 4,COc1cc2c(CO)cnc(CN)c2cc1OC.Cl
435564,CHEMBL503274,Ki,=,440.0,nM,6.36,CHEMBL284,Dipeptidyl peptidase 4,CC[C@H](C)[C@H](N)C(=O)N1CCCC1
437299,CHEMBL77538,IC50,=,22.0,nM,7.66,CHEMBL284,Dipeptidyl peptidase 4,N#Cc1ccc(NCCNCC(=O)N2CCC[C@H]2C#N)nc1
437301,CHEMBL77538,IC50,=,7.0,nM,8.15,CHEMBL284,Dipeptidyl peptidase 4,N#Cc1ccc(NCCNCC(=O)N2CCC[C@H]2C#N)nc1
438085,CHEMBL276056,Ki,=,210.0,nM,6.68,CHEMBL284,Dipeptidyl peptidase 4,NC(C(=O)N1CCCC1)C1CCCC1
438086,CHEMBL443622,Ki,=,7000.0,nM,5.16,CHEMBL284,Dipeptidyl peptidase 4,C[C@H](N)C(=O)N1CCCC1
438306,CHEMBL539758,IC50,=,51400.0,nM,4.29,CHEMBL284,Dipeptidyl peptidase 4,CCCNC(=O)c1cnc(CN)c2cc(OC)c(OC)cc12.Cl
439447,CHEMBL381626,Ki,=,22.0,nM,7.66,CHEMBL284,Dipeptidyl peptidase 4,N#C[C@@H]1CCCN1C(=O)[C@@H]1CCCN1
440903,CHEMBL553407,IC50,=,2300.0,nM,5.64,CHEMBL284,Dipeptidyl peptidase 4,CCOC(=O)Nc1cnc(CN)c2cc(OC)c(OC)cc12.Cl
443451,CHEMBL3350815,Ki,=,6000.0,nM,5.22,CHEMBL284,Dipeptidyl peptidase 4,O=C([C@H](CO)NCc1ccccc1)N1CCCC1
443617,CHEMBL544474,IC50,=,207000.0,nM,,CHEMBL284,Dipeptidyl peptidase 4,CCOC(=O)c1cnc(CN)c2ccc(OC)cc12.Cl
443618,CHEMBL544717,IC50,=,4700.0,nM,5.33,CHEMBL284,Dipeptidyl peptidase 4,CCOC(=O)c1cnc(CN)c2cc(OC)c(OCC)cc12.Cl
443980,CHEMBL307636,IC50,=,2.0,nM,8.70,CHEMBL284,Dipeptidyl peptidase 4,N#C[C@@H]1CCCN1C(=O)[C@@H](N)C1CCCCC1
443982,CHEMBL307636,IC50,=,3.2,nM,8.49,CHEMBL284,Dipeptidyl peptidase 4,N#C[C@@H]1CCCN1C(=O)[C@@H](N)C1CCCCC1
446255,CHEMBL442952,Ki,=,1200.0,nM,5.92,CHEMBL284,Dipeptidyl peptidase 4,CCCC[C@H](N)C(=O)N1CCCC1
446256,CHEMBL403882,Ki,=,2100.0,nM,5.68,CHEMBL284,Dipeptidyl peptidase 4,O=C([C@@H]1CCCN1)N1CCCC1
447741,CHEMBL543062,IC50,=,8400.0,nM,5.08,CHEMBL284,Dipeptidyl peptidase 4,CCCOc1cc2c(CN)ncc(C(=O)OCC)c2cc1OC.Cl
447742,CHEMBL554957,IC50,=,103000.0,nM,,CHEMBL284,Dipeptidyl peptidase 4,COc1cc2c(C(=O)O)cnc(CN)c2cc1OC.Cl
450326,CHEMBL289580,IC50,=,746000.0,nM,,CHEMBL284,Dipeptidyl peptidase 4,CCOC(=O)c1cnc(CCN)c2cc(OC)c(OC)cc12.O=C(O)C(F)(F)F
450327,CHEMBL544950,IC50,=,2400.0,nM,5.62,CHEMBL284,Dipeptidyl peptidase 4,CCOC(=O)c1cnc(CN)c2c(OC)ccc(OC)c12.Cl
451597,CHEMBL288207,IC50,=,52600.0,nM,4.28,CHEMBL284,Dipeptidyl peptidase 4,CCOC(=O)CCc1cnc(CN)c2cc(OC)c(OC)cc12.O=C(O)C(F)(F)F
452751,CHEMBL3350816,Ki,=,520.0,nM,6.28,CHEMBL284,Dipeptidyl peptidase 4,NCCCC[C@H](NC(=O)OCc1ccccc1)C(=O)N1CCCC1
452752,CHEMBL16834,Ki,=,1.1,nM,8.96,CHEMBL284,Dipeptidyl peptidase 4,N#C[C@@H]1CCCN1C(=O)C(N)C1CCCC1
454049,CHEMBL278393,Ki,=,64.0,nM,7.19,CHEMBL284,Dipeptidyl peptidase 4,N[C@H](C(=O)N1CCCC1)C1CCCCC1
454050,CHEMBL307636,Ki,=,1.4,nM,8.85,CHEMBL284,Dipeptidyl peptidase 4,N#C[C@@H]1CCCN1C(=O)[C@@H](N)C1CCCCC1
454052,CHEMBL461912,Ki,=,5.2,nM,8.28,CHEMBL284,Dipeptidyl peptidase 4,N#C[C@@H]1CCCN1C(=O)[C@@H](N)CCCCN
454219,CHEMBL554683,IC50,=,6700.0,nM,5.17,CHEMBL284,Dipeptidyl peptidase 4,CCOC(=O)c1cnc(CN)c2cc(OCC)c(OC)cc12.Cl
455427,CHEMBL3350817,Ki,=,910.0,nM,6.04,CHEMBL284,Dipeptidyl peptidase 4,NCCC[C@H](NC(=O)OCc1ccccc1)C(=O)N1CCCC1
455428,CHEMBL3350819,Ki,=,2.2,nM,8.66,CHEMBL284,Dipeptidyl peptidase 4,CC[C@H](C)[C@H](N)C(=O)N1CCC[C@H]1C#N
456694,CHEMBL3350820,Ki,=,2700.0,nM,5.57,CHEMBL284,Dipeptidyl peptidase 4,N[C@@H](CCC(=O)OCc1ccccc1)C(=O)N1CCCC1
458183,CHEMBL459438,Ki,=,4900.0,nM,5.31,CHEMBL284,Dipeptidyl peptidase 4,C[C@@H](O)[C@H](N)C(=O)N1CCCC1
459267,CHEMBL63895,Ki,=,3.0,nM,8.52,CHEMBL284,Dipeptidyl peptidase 4,O=C([C@@H]1CCCN1)N1CCC[C@H]1B(O)O
459398,CHEMBL554882,IC50,=,170000.0,nM,,CHEMBL284,Dipeptidyl peptidase 4,COc1cc2c(C(N)=O)cnc(CN)c2cc1OC.Cl
460559,CHEMBL3350818,Ki,=,900.0,nM,6.05,CHEMBL284,Dipeptidyl peptidase 4,CNC(C(=O)N1CCCC1)[C@H](C)O
460743,CHEMBL41114,IC50,=,18000.0,nM,4.75,CHEMBL284,Dipeptidyl peptidase 4,CCOC(=O)/C=C/c1cnc(CN)c2cc(OC)c(OC)cc12.O=C(O)C(F)(F)F
460744,CHEMBL554682,IC50,=,731000.0,nM,,CHEMBL284,Dipeptidyl peptidase 4,CCOC(=O)c1cnc(CNC)c2cc(OC)c(OC)cc12.Cl
461884,CHEMBL363250,Ki,=,3.8,nM,8.42,CHEMBL284,Dipeptidyl peptidase 4,CC(C)(C)[C@H](N)C(=O)N1CCC[C@H]1C#N
462020,CHEMBL544478,IC50,=,14000.0,nM,4.85,CHEMBL284,Dipeptidyl peptidase 4,CCOC(=O)c1cnc(CN)c2cc(O)c(OC)cc12.Cl
464396,CHEMBL383705,Ki,=,470.0,nM,6.33,CHEMBL284,Dipeptidyl peptidase 4,CC(C)[C@H](N)C(=O)N1CCCC1
464397,CHEMBL455542,Ki,=,2000.0,nM,5.70,CHEMBL284,Dipeptidyl peptidase 4,N[C@@H](CCC(=O)O)C(=O)N1CCCC1
465745,CHEMBL3350814,Ki,=,880.0,nM,6.06,CHEMBL284,Dipeptidyl peptidase 4,CC(C)(C)[C@H](N)C(=O)N1CCCC1
465746,CHEMBL98008,Ki,=,2150.0,nM,5.67,CHEMBL284,Dipeptidyl peptidase 4,N[C@@H](CC1CCCCC1)C(=O)N1CCCC1
465901,CHEMBL544241,IC50,=,17000.0,nM,4.77,CHEMBL284,Dipeptidyl peptidase 4,CCOC(=O)Cc1cnc(CN)c2cc(OC)c(OC)cc12.Cl
467213,CHEMBL539500,IC50,=,18000.0,nM,4.75,CHEMBL284,Dipeptidyl peptidase 4,CCOC(=O)c1cnc(CN)c2cc(OC)c(OC)c(OC)c12.Cl
468465,CHEMBL503274,Ki,=,410.0,nM,6.39,CHEMBL284,Dipeptidyl peptidase 4,CC[C@H](C)[C@H](N)C(=O)N1CCCC1
468466,CHEMBL3350821,Ki,=,5300.0,nM,5.28,CHEMBL284,Dipeptidyl peptidase 4,N[C@H](C(=O)N1CCCC1)c1ccccc1
468572,CHEMBL555560,IC50,=,320.0,nM,6.50,CHEMBL284,Dipeptidyl peptidase 4,CCOC(=O)c1cnc(CN)c2c(OC)cc(OC)cc12.Cl
470429,CHEMBL77539,IC50,=,8.0,nM,8.10,CHEMBL284,Dipeptidyl peptidase 4,N#C[C@@H]1CCCN1C(=O)CNCCNc1ccc([N+](=O)[O-])cn1
470431,CHEMBL77539,IC50,=,8.7,nM,8.06,CHEMBL284,Dipeptidyl peptidase 4,N#C[C@@H]1CCCN1C(=O)CNCCNc1ccc([N+](=O)[O-])cn1
471239,CHEMBL499101,Ki,=,14500.0,nM,4.84,CHEMBL284,Dipeptidyl peptidase 4,N[C@@H](CC(=O)O)C(=O)N1CCCC1
471409,CHEMBL539243,IC50,=,1100.0,nM,5.96,CHEMBL284,Dipeptidyl peptidase 4,CCOC(=O)c1cnc(CN)c2c(OC)c(OC)c(OC)cc12.Cl
473917,CHEMBL283880,IC50,=,23.4,ug.mL-1,,CHEMBL284,Dipeptidyl peptidase 4,Cc1cccc(C)c1N1C(=O)c2ccc(N)cc2C1=O
473918,CHEMBL283880,IC50,=,87900.0,nM,4.06,CHEMBL284,Dipeptidyl peptidase 4,Cc1cccc(C)c1N1C(=O)c2ccc(N)cc2C1=O
473923,CHEMBL151999,IC50,=,12.0,ug.mL-1,,CHEMBL284,Dipeptidyl peptidase 4,CC(C)c1cccc(C(C)C)c1N1C(=O)c2c(F)c(F)c(F)c(F)c2C1=S
473924,CHEMBL151999,IC50,=,30400.0,nM,4.52,CHEMBL284,Dipeptidyl peptidase 4,CC(C)c1cccc(C(C)C)c1N1C(=O)c2c(F)c(F)c(F)c(F)c2C1=S
478635,CHEMBL313952,IC50,=,21.3,ug.mL-1,,CHEMBL284,Dipeptidyl peptidase 4,CC(C)c1cccc(C(C)C)c1N1C(=O)c2ccc(O)cc2C1=O
478636,CHEMBL313952,IC50,=,65900.0,nM,4.18,CHEMBL284,Dipeptidyl peptidase 4,CC(C)c1cccc(C(C)C)c1N1C(=O)c2ccc(O)cc2C1=O
483596,CHEMBL153236,IC50,>,100.0,ug.mL-1,,CHEMBL284,Dipeptidyl peptidase 4,CSc1ccccc1N1C(=O)c2cccc([N+](=O)[O-])c2C1=O
483597,CHEMBL153236,IC50,>,318200.0,nM,,CHEMBL284,Dipeptidyl peptidase 4,CSc1ccccc1N1C(=O)c2cccc([N+](=O)[O-])c2C1=O
487078,CHEMBL315471,IC50,=,16.0,ug.mL-1,,CHEMBL284,Dipeptidyl peptidase 4,Cc1cccc(C)c1N1C(=O)c2cccc(N)c2C1=O
487079,CHEMBL315471,IC50,=,60100.0,nM,4.22,CHEMBL284,Dipeptidyl peptidase 4,Cc1cccc(C)c1N1C(=O)c2cccc(N)c2C1=O
488322,CHEMBL88474,IC50,=,14.1,ug.mL-1,,CHEMBL284,Dipeptidyl peptidase 4,CC(C)c1cccc(C(C)C)c1N1C(=O)c2cccc(O)c2C1=O
488323,CHEMBL88474,IC50,=,43600.0,nM,4.36,CHEMBL284,Dipeptidyl peptidase 4,CC(C)c1cccc(C(C)C)c1N1C(=O)c2cccc(O)c2C1=O
491846,CHEMBL152529,IC50,>,100.0,ug.mL-1,,CHEMBL284,Dipeptidyl peptidase 4,Cc1cccc(C)c1N1C(=O)c2cccc([N+](=O)[O-])c2C1=O
491847,CHEMBL152529,IC50,>,337500.0,nM,,CHEMBL284,Dipeptidyl peptidase 4,Cc1cccc(C)c1N1C(=O)c2cccc([N+](=O)[O-])c2C1=O
495325,CHEMBL90558,IC50,=,81.0,ug.mL-1,,CHEMBL284,Dipeptidyl peptidase 4,CC(C)c1cccc(C(C)C)c1N1C(=O)c2ccc(N)cc2C1=O
495326,CHEMBL90558,IC50,=,251200.0,nM,,CHEMBL284,Dipeptidyl peptidase 4,CC(C)c1cccc(C(C)C)c1N1C(=O)c2ccc(N)cc2C1=O
497495,CHEMBL8916,IC50,>,100.0,ug.mL-1,,CHEMBL284,Dipeptidyl peptidase 4,Cc1cccc(C)c1N1C(=O)c2ccccc2C1=O
497496,CHEMBL8916,IC50,>,398000.0,nM,,CHEMBL284,Dipeptidyl peptidase 4,Cc1cccc(C)c1N1C(=O)c2ccccc2C1=O
498638,CHEMBL277841,IC50,>,100.0,ug.mL-1,,CHEMBL284,Dipeptidyl peptidase 4,Cc1cccc(C)c1N1C(=O)c2cccc(O)c2C1=O
498639,CHEMBL277841,IC50,>,374100.0,nM,,CHEMBL284,Dipeptidyl peptidase 4,Cc1cccc(C)c1N1C(=O)c2cccc(O)c2C1=O
499970,CHEMBL90616,IC50,>,100.0,ug.mL-1,,CHEMBL284,Dipeptidyl peptidase 4,CC(C)c1cccc(C(C)C)c1N1C(=O)c2cccc([N+](=O)[O-])c2C1=O
499971,CHEMBL90616,IC50,>,283800.0,nM,,CHEMBL284,Dipeptidyl peptidase 4,CC(C)c1cccc(C(C)C)c1N1C(=O)c2cccc([N+](=O)[O-])c2C1=O
499989,CHEMBL345319,IC50,=,64.4,ug.mL-1,,CHEMBL284,Dipeptidyl peptidase 4,CSc1ccccc1N1C(=O)c2cccc(O)c2C1=O
499990,CHEMBL345319,IC50,=,225700.0,nM,,CHEMBL284,Dipeptidyl peptidase 4,CSc1ccccc1N1C(=O)c2cccc(O)c2C1=O
499995,CHEMBL29292,IC50,>,100.0,ug.mL-1,,CHEMBL284,Dipeptidyl peptidase 4,CC(C)C[C@H](NC(=O)[C@@H](O)[C@H](N)Cc1ccccc1)C(=O)O
499996,CHEMBL29292,IC50,>,324300.0,nM,,CHEMBL284,Dipeptidyl peptidase 4,CC(C)C[C@H](NC(=O)[C@@H](O)[C@H](N)Cc1ccccc1)C(=O)O
501288,CHEMBL113918,IC50,>,100.0,ug.mL-1,,CHEMBL284,Dipeptidyl peptidase 4,Cc1cccc(C)c1N1C(=O)c2ccc([N+](=O)[O-])cc2C1=O
501289,CHEMBL113918,IC50,>,337500.0,nM,,CHEMBL284,Dipeptidyl peptidase 4,Cc1cccc(C)c1N1C(=O)c2ccc([N+](=O)[O-])cc2C1=O
503777,CHEMBL88953,IC50,=,12.8,ug.mL-1,,CHEMBL284,Dipeptidyl peptidase 4,CCc1cccc(CC)c1N1C(=O)c2ccc(O)cc2C1=O
503778,CHEMBL88953,IC50,=,43300.0,nM,4.36,CHEMBL284,Dipeptidyl peptidase 4,CCc1cccc(CC)c1N1C(=O)c2ccc(O)cc2C1=O
504870,CHEMBL89081,IC50,>,100.0,ug.mL-1,,CHEMBL284,Dipeptidyl peptidase 4,CC(C)c1cccc(C(C)C)c1N1C(=O)c2ccccc2C1=O
504871,CHEMBL89081,IC50,>,325300.0,nM,,CHEMBL284,Dipeptidyl peptidase 4,CC(C)c1cccc(C(C)C)c1N1C(=O)c2ccccc2C1=O
506071,CHEMBL329471,IC50,=,18.7,ug.mL-1,,CHEMBL284,Dipeptidyl peptidase 4,CC(C)c1cccc(C(C)C)c1N1C(=O)c2ccccc2C1=S
506072,CHEMBL329471,IC50,=,57800.0,nM,4.24,CHEMBL284,Dipeptidyl peptidase 4,CC(C)c1cccc(C(C)C)c1N1C(=O)c2ccccc2C1=S
506077,CHEMBL151461,IC50,=,18.7,ug.mL-1,,CHEMBL284,Dipeptidyl peptidase 4,O=C(C1CCC[C@H]1B(O)O)[C@@H]1CCCN1
506078,CHEMBL151461,IC50,=,88200.0,nM,4.05,CHEMBL284,Dipeptidyl peptidase 4,O=C(C1CCC[C@H]1B(O)O)[C@@H]1CCCN1
507333,CHEMBL91130,IC50,>,100.0,ug.mL-1,,CHEMBL284,Dipeptidyl peptidase 4,CC(C)c1cccc(C(C)C)c1N1C(=O)c2ccc([N+](=O)[O-])cc2C1=O
507334,CHEMBL91130,IC50,>,283800.0,nM,,CHEMBL284,Dipeptidyl peptidase 4,CC(C)c1cccc(C(C)C)c1N1C(=O)c2ccc([N+](=O)[O-])cc2C1=O
509849,CHEMBL153096,IC50,=,12.8,ug.mL-1,,CHEMBL284,Dipeptidyl peptidase 4,CCc1cccc(CC)c1N1C(=O)c2cccc(O)c2C1=O
509850,CHEMBL153096,IC50,=,43300.0,nM,4.36,CHEMBL284,Dipeptidyl peptidase 4,CCc1cccc(CC)c1N1C(=O)c2cccc(O)c2C1=O
509855,CHEMBL424612,IC50,=,19.8,ug.mL-1,,CHEMBL284,Dipeptidyl peptidase 4,Cc1cccc(C)c1N1C(=O)c2ccc(O)cc2C1=O
509856,CHEMBL424612,IC50,=,74100.0,nM,4.13,CHEMBL284,Dipeptidyl peptidase 4,Cc1cccc(C)c1N1C(=O)c2ccc(O)cc2C1=O
510947,CHEMBL153037,IC50,=,15.1,ug.mL-1,,CHEMBL284,Dipeptidyl peptidase 4,CC(C)c1cccc(C(C)C)c1N1C(=S)c2c(F)c(F)c(F)c(F)c2C1=S
510948,CHEMBL153037,IC50,=,36700.0,nM,4.43,CHEMBL284,Dipeptidyl peptidase 4,CC(C)c1cccc(C(C)C)c1N1C(=S)c2c(F)c(F)c(F)c(F)c2C1=S
553346,CHEMBL169758,IC50,=,660.0,nM,6.18,CHEMBL284,Dipeptidyl peptidase 4,N[C@H](C(=O)N1CCCC1)[C@H]1CC[C@@H](OC(=O)Nc2ccc(I)cc2)C1
553350,CHEMBL168986,IC50,=,130.0,nM,6.89,CHEMBL284,Dipeptidyl peptidase 4,CS(=O)(=O)c1ccc(S(=O)(=O)N[C@H]2CC[C@H]([C@H](N)C(=O)N3CCCC3)C2)cc1
555724,CHEMBL366751,IC50,=,550.0,nM,6.26,CHEMBL284,Dipeptidyl peptidase 4,N[C@H](C(=O)N1CCCC1)[C@H]1CC[C@@H](NS(=O)(=O)c2ccc(OC(F)(F)F)cc2)C1
555728,CHEMBL172276,IC50,=,670.0,nM,6.17,CHEMBL284,Dipeptidyl peptidase 4,N[C@H](C(=O)N1CCCC1)[C@@H]1CC[C@H](OC(=O)Nc2ccc(I)cc2)C1
555732,CHEMBL171033,IC50,=,83.0,nM,7.08,CHEMBL284,Dipeptidyl peptidase 4,COc1ccc(NC(=O)O[C@@H]2CCC[C@H]([C@H](N)C(=O)N3CCSC3)C2)cc1
555736,CHEMBL439836,IC50,=,71.0,nM,7.15,CHEMBL284,Dipeptidyl peptidase 4,CS(=O)(=O)NCCS(=O)(=O)N[C@@H]1CC[C@@H]([C@H](N)C(=O)N2CCCC2)C1
556901,CHEMBL352343,IC50,=,280.0,nM,6.55,CHEMBL284,Dipeptidyl peptidase 4,N[C@H](C(=O)N1CCSC1)[C@H]1CC[C@@H](OC(=O)Nc2ccc(Cl)c(Cl)c2)C1
556905,CHEMBL169962,IC50,=,110.0,nM,6.96,CHEMBL284,Dipeptidyl peptidase 4,N[C@H](C(=O)N1CCCC1)[C@@H]1CC[C@@H](NS(=O)(=O)c2ccc(C(=O)O)cc2)C1
559352,CHEMBL352737,IC50,=,480.0,nM,6.32,CHEMBL284,Dipeptidyl peptidase 4,COc1ccc(NC(=O)O[C@H]2CCC[C@H]([C@H](N)C(=O)N3CCCC3)C2)cc1
560504,CHEMBL368156,IC50,=,840.0,nM,6.08,CHEMBL284,Dipeptidyl peptidase 4,N[C@H](C(=O)N1CCCC1)[C@H]1CC[C@H](O)C1
561472,CHEMBL171437,IC50,=,72.0,nM,7.14,CHEMBL284,Dipeptidyl peptidase 4,N[C@H](C(=O)N1CCCC1)[C@H]1CC[C@H](NS(=O)(=O)c2ccc(C(=O)O)cc2)C1
562735,CHEMBL433732,IC50,=,420.0,nM,6.38,CHEMBL284,Dipeptidyl peptidase 4,CS(=O)(=O)c1ccc(S(=O)(=O)N[C@H]2CC[C@@H]([C@H](N)C(=O)N3CCCC3)C2)cc1
565044,CHEMBL354576,IC50,=,110.0,nM,6.96,CHEMBL284,Dipeptidyl peptidase 4,N[C@H](C(=O)N1CCCC1)[C@H]1CC[C@@H](NC(=O)Nc2cccc3ccccc23)C1
565048,CHEMBL168866,IC50,=,170.0,nM,6.77,CHEMBL284,Dipeptidyl peptidase 4,N[C@H](C(=O)N1CCCC1)[C@@H]1CC[C@@H](NS(=O)(=O)c2ccc(OC(F)(F)F)cc2)C1
566179,CHEMBL172631,IC50,=,210.0,nM,6.68,CHEMBL284,Dipeptidyl peptidase 4,N[C@H](C(=O)N1CCSC1)[C@H]1CC[C@@H](OC(=O)Nc2cccc(F)c2)C1
570039,CHEMBL171430,IC50,=,1700.0,nM,5.77,CHEMBL284,Dipeptidyl peptidase 4,N[C@@H](C(=O)N1CCSC1)[C@H]1CC[C@@H](OC(=O)Nc2cccc3ccccc23)C1
570043,CHEMBL169204,IC50,=,13.0,nM,7.89,CHEMBL284,Dipeptidyl peptidase 4,CS(=O)(=O)c1ccc(S(=O)(=O)N[C@@H]2CC[C@@H]([C@H](N)C(=O)N3CCCC3)C2)cc1
570047,CHEMBL355203,IC50,=,180.0,nM,6.75,CHEMBL284,Dipeptidyl peptidase 4,COc1ccc(NC(=O)O[C@@H]2CCC[C@H]([C@H](N)C(=O)N3CCCC3)C2)cc1
571347,CHEMBL171342,IC50,=,83.0,nM,7.08,CHEMBL284,Dipeptidyl peptidase 4,N[C@H](C(=O)N1CCCC1)[C@H]1CC[C@H](NS(=O)(=O)c2ccc(S(N)(=O)=O)cc2)C1
571351,CHEMBL354936,IC50,=,110.0,nM,6.96,CHEMBL284,Dipeptidyl peptidase 4,CN(C)S(=O)(=O)c1ccc(S(=O)(=O)N[C@H]2CC[C@H]([C@H](N)C(=O)N3CCCC3)C2)cc1
572554,CHEMBL169812,IC50,=,230.0,nM,6.64,CHEMBL284,Dipeptidyl peptidase 4,N[C@H](C(=O)N1CCCC1)[C@H]1CC[C@@H](NC(=O)c2cccc3ccccc23)C1
572558,CHEMBL172624,IC50,=,1200.0,nM,5.92,CHEMBL284,Dipeptidyl peptidase 4,N[C@@H](C(=O)N1CCSC1)[C@H]1CC[C@@H](OC(=O)Nc2cccc(F)c2)C1
572562,CHEMBL355716,IC50,=,270.0,nM,6.57,CHEMBL284,Dipeptidyl peptidase 4,COc1ccc(NC(=O)O[C@H]2CC[C@H]([C@H](N)C(=O)N3CCCC3)C2)cc1
573776,CHEMBL353840,IC50,=,47.0,nM,7.33,CHEMBL284,Dipeptidyl peptidase 4,N[C@H](C(=O)N1CCSC1)[C@H]1CC[C@H](NC(=O)c2cccc3ccccc23)C1
574920,CHEMBL169179,IC50,=,46.0,nM,7.34,CHEMBL284,Dipeptidyl peptidase 4,N[C@H](C(=O)N1CCCC1)[C@@H]1CC[C@@H](NS(=O)(=O)c2ccc(S(N)(=O)=O)cc2)C1
576145,CHEMBL172730,IC50,=,3900.0,nM,5.41,CHEMBL284,Dipeptidyl peptidase 4,N[C@H](C(=O)N1CCCC1)[C@H]1CC[C@@H](OC(=O)Nc2ccccc2-c2ccccc2)C1
576149,CHEMBL168281,IC50,=,220.0,nM,6.66,CHEMBL284,Dipeptidyl peptidase 4,N[C@H](C(=O)N1CCCC1)[C@H]1CC[C@H](NS(=O)(=O)c2ccc(S(=O)(=O)C(F)(F)F)cc2)C1
577507,CHEMBL171609,IC50,=,440.0,nM,6.36,CHEMBL284,Dipeptidyl peptidase 4,N[C@H](C(=O)N1CCCC1)[C@@H]1CC[C@H](NC(=O)Nc2cccc3ccccc23)C1
577511,CHEMBL352632,IC50,=,870.0,nM,6.06,CHEMBL284,Dipeptidyl peptidase 4,CO[C@@H]1CCC[C@H]([C@H](N)C(=O)N2CCCC2)C1
578735,CHEMBL355248,IC50,=,150.0,nM,6.82,CHEMBL284,Dipeptidyl peptidase 4,CS(=O)(=O)c1ccccc1S(=O)(=O)N[C@H]1CC[C@H]([C@H](N)C(=O)N2CCCC2)C1
578739,CHEMBL170051,IC50,=,330.0,nM,6.48,CHEMBL284,Dipeptidyl peptidase 4,N[C@H](C(=O)N1CCCC1)[C@H]1CCC[C@H](OC(=O)Nc2ccc(I)cc2)C1
579989,CHEMBL171733,IC50,=,110.0,nM,6.96,CHEMBL284,Dipeptidyl peptidase 4,N[C@H](C(=O)N1CCCC1)[C@H]1CCC[C@@H](OC(=O)Nc2ccc(I)cc2)C1
579993,CHEMBL355051,IC50,=,290.0,nM,6.54,CHEMBL284,Dipeptidyl peptidase 4,N[C@H](C(=O)N1CCCC1)[C@H]1CCC[C@H](O)C1
579997,CHEMBL433533,IC50,=,420.0,nM,6.38,CHEMBL284,Dipeptidyl peptidase 4,COc1ccc(NC(=O)O[C@H]2CCC[C@H]([C@H](N)C(=O)N3CCSC3)C2)cc1
581025,CHEMBL171290,IC50,=,250.0,nM,6.60,CHEMBL284,Dipeptidyl peptidase 4,N[C@H](C(=O)N1CCCC1)[C@@H]1CC[C@H](NS(=O)(=O)c2ccc(S(N)(=O)=O)cc2)C1
582253,CHEMBL355244,IC50,=,4600.0,nM,5.34,CHEMBL284,Dipeptidyl peptidase 4,N[C@H](C(=O)N1CCCC1)[C@H]1CC[C@@H](O)C1
582257,CHEMBL352354,IC50,=,240.0,nM,6.62,CHEMBL284,Dipeptidyl peptidase 4,COc1ccc(NC(=O)O[C@@H]2CC[C@H]([C@H](N)C(=O)N3CCSC3)C2)cc1
583468,CHEMBL352402,IC50,=,110.0,nM,6.96,CHEMBL284,Dipeptidyl peptidase 4,N[C@H](C(=O)N1CCCC1)[C@@H]1CC[C@@H](OC(=O)Nc2ccc(I)cc2)C1
584771,CHEMBL352520,IC50,=,43.0,nM,7.37,CHEMBL284,Dipeptidyl peptidase 4,N[C@H](C(=O)N1CCSC1)[C@H]1CC[C@H](NC(=O)Nc2cccc3ccccc23)C1
586038,CHEMBL172057,IC50,=,180.0,nM,6.75,CHEMBL284,Dipeptidyl peptidase 4,N[C@H](C(=O)N1CCCC1)[C@H]1CC[C@H](OC(=O)Nc2ccc(I)cc2)C1
588536,CHEMBL353590,IC50,=,1100.0,nM,5.96,CHEMBL284,Dipeptidyl peptidase 4,COc1ccc(NC(=O)O[C@@H]2CC[C@H]([C@H](N)C(=O)N3CCCC3)C2)cc1
588540,CHEMBL355479,IC50,=,94.0,nM,7.03,CHEMBL284,Dipeptidyl peptidase 4,N[C@H](C(=O)N1CCCC1)[C@@H]1CC[C@@H](NC(=O)Nc2cccc3ccccc23)C1
589781,CHEMBL352548,IC50,=,95.0,nM,7.02,CHEMBL284,Dipeptidyl peptidase 4,CS(=O)(=O)NCCS(=O)(=O)N[C@H]1CC[C@H]([C@H](N)C(=O)N2CCCC2)C1
671629,CHEMBL22310,IC50,=,48.0,nM,7.32,CHEMBL284,Dipeptidyl peptidase 4,N[C@H](C(=O)N1CC[C@H](F)C1)[C@H]1CC[C@H](NS(=O)(=O)c2ccc(F)cc2F)CC1
672809,CHEMBL22545,IC50,=,830.0,nM,6.08,CHEMBL284,Dipeptidyl peptidase 4,N[C@H](C(=O)N1C[C@H](F)[C@@H](F)C1)[C@H]1CC[C@H](NC(=O)OCc2ccccc2)CC1
674220,CHEMBL23223,IC50,=,89.0,nM,7.05,CHEMBL284,Dipeptidyl peptidase 4,N[C@H](C(=O)N1CCSC1)C1CCCCC1
675581,CHEMBL22359,IC50,=,53.0,nM,7.28,CHEMBL284,Dipeptidyl peptidase 4,N[C@H](C(=O)N1CCSC1)[C@H]1CC[C@H](NC(=O)c2ccc(F)c(F)c2)CC1
675584,CHEMBL23051,IC50,=,270.0,nM,6.57,CHEMBL284,Dipeptidyl peptidase 4,N[C@H](C(=O)N1C[C@@H](F)[C@H](F)C1)[C@H]1CC[C@H](NS(=O)(=O)c2ccc(OC(F)(F)F)cc2)CC1
675586,CHEMBL25437,IC50,=,88.0,nM,7.06,CHEMBL284,Dipeptidyl peptidase 4,N[C@H](C(=O)N1CCCC1)[C@H]1CC[C@H](NS(=O)(=O)c2ccc(F)cc2F)CC1
678255,CHEMBL23880,IC50,=,210.0,nM,6.68,CHEMBL284,Dipeptidyl peptidase 4,N[C@H](C(=O)N1CC[C@H](F)C1)[C@H]1CC[C@H](NC(=O)c2ccccc2C(F)(F)F)CC1
679295,CHEMBL416008,IC50,=,360.0,nM,6.44,CHEMBL284,Dipeptidyl peptidase 4,N[C@H](C(=O)N1C[C@@H](F)[C@H](F)C1)[C@H]1CC[C@H](NC(=O)OCc2ccccc2)CC1
679297,CHEMBL281561,IC50,=,75.0,nM,7.12,CHEMBL284,Dipeptidyl peptidase 4,N[C@H](C(=O)N1CC[C@@H](F)C1)[C@H]1CC[C@H](NS(=O)(=O)c2ccc(OC(F)(F)F)cc2)CC1
679300,CHEMBL283309,IC50,=,58.0,nM,7.24,CHEMBL284,Dipeptidyl peptidase 4,N[C@H](C(=O)N1CC[C@@H](F)C1)[C@H]1CC[C@H](NS(=O)(=O)c2ccc(F)cc2F)CC1
683561,CHEMBL280658,IC50,=,73.0,nM,7.14,CHEMBL284,Dipeptidyl peptidase 4,N[C@H](C(=O)N1CCC(F)(F)C1)C1CCCCC1
683564,CHEMBL278558,IC50,=,190.0,nM,6.72,CHEMBL284,Dipeptidyl peptidase 4,N[C@H](C(=O)N1CCCC1)[C@H]1CC[C@H](NC(=O)c2ccc(F)c(F)c2)CC1
685040,CHEMBL283368,IC50,=,67.0,nM,7.17,CHEMBL284,Dipeptidyl peptidase 4,N[C@H](C(=O)N1CCSC1)[C@H]1CC[C@H](NC(=O)c2ccccc2C(F)(F)F)CC1
685043,CHEMBL23176,IC50,=,25.0,nM,7.60,CHEMBL284,Dipeptidyl peptidase 4,N[C@H](C(=O)N1CCSC1)[C@H]1CC[C@H](NC(=O)OCc2ccccc2)CC1
685045,CHEMBL277693,IC50,=,88.0,nM,7.06,CHEMBL284,Dipeptidyl peptidase 4,N[C@H](C(=O)N1CC[C@@H](F)C1)[C@H]1CC[C@H](NC(=O)OCc2ccccc2)CC1
686322,CHEMBL281178,IC50,=,35.0,nM,7.46,CHEMBL284,Dipeptidyl peptidase 4,N[C@H](C(=O)N1CC[C@H](F)C1)[C@H]1CC[C@H](NS(=O)(=O)c2ccc(OC(F)(F)F)cc2)CC1
694013,CHEMBL23110,IC50,=,55.0,nM,7.26,CHEMBL284,Dipeptidyl peptidase 4,N[C@H](C(=O)N1CCC(F)(F)C1)[C@H]1CC[C@H](NC(=O)c2ccc(F)c(F)c2)CC1
694016,CHEMBL23879,IC50,=,250.0,nM,6.60,CHEMBL284,Dipeptidyl peptidase 4,N[C@H](C(=O)N1CC[C@@H](F)C1)[C@H]1CC[C@H](NC(=O)c2ccccc2C(F)(F)F)CC1
694018,CHEMBL277193,IC50,=,250.0,nM,6.60,CHEMBL284,Dipeptidyl peptidase 4,N[C@H](C(=O)N1C[C@@H](F)[C@H](F)C1)[C@H]1CC[C@H](NS(=O)(=O)c2ccc(F)cc2F)CC1
695395,CHEMBL23979,IC50,=,89.0,nM,7.05,CHEMBL284,Dipeptidyl peptidase 4,N[C@H](C(=O)N1CCCC1)[C@H]1CC[C@H](NS(=O)(=O)c2ccc(OC(F)(F)F)cc2)CC1
699829,CHEMBL23981,IC50,=,340.0,nM,6.47,CHEMBL284,Dipeptidyl peptidase 4,N[C@H](C(=O)N1CC[C@@H](F)C1)C1CCCCC1
702335,CHEMBL279944,IC50,=,27.0,nM,7.57,CHEMBL284,Dipeptidyl peptidase 4,N[C@H](C(=O)N1CCC(F)(F)C1)[C@H]1CC[C@H](NC(=O)OCc2ccccc2)CC1
702338,CHEMBL431885,IC50,=,870.0,nM,6.06,CHEMBL284,Dipeptidyl peptidase 4,N[C@H](C(=O)N1C[C@H](F)[C@@H](F)C1)[C@H]1CC[C@H](NS(=O)(=O)c2ccc(OC(F)(F)F)cc2)CC1
703648,CHEMBL23660,IC50,=,54.0,nM,7.27,CHEMBL284,Dipeptidyl peptidase 4,N[C@H](C(=O)N1CC[C@H](F)C1)[C@H]1CC[C@H](NC(=O)c2ccc(F)c(F)c2)CC1
703651,CHEMBL22679,IC50,=,94.0,nM,7.03,CHEMBL284,Dipeptidyl peptidase 4,N[C@H](C(=O)N1CCCC1)[C@H]1CC[C@H](NC(=O)OCc2ccccc2)CC1
706252,CHEMBL23924,IC50,=,110.0,nM,6.96,CHEMBL284,Dipeptidyl peptidase 4,N[C@H](C(=O)N1CC[C@@H](F)C1)[C@H]1CC[C@H](NC(=O)c2ccc(F)c(F)c2)CC1
706255,CHEMBL423108,IC50,=,23.0,nM,7.64,CHEMBL284,Dipeptidyl peptidase 4,N[C@H](C(=O)N1CCC(F)(F)C1)[C@H]1CC[C@H](NS(=O)(=O)c2ccc(OC(F)(F)F)cc2)CC1
707602,CHEMBL278393,IC50,=,320.0,nM,6.50,CHEMBL284,Dipeptidyl peptidase 4,N[C@H](C(=O)N1CCCC1)C1CCCCC1
708829,CHEMBL277635,IC50,=,70.0,nM,7.16,CHEMBL284,Dipeptidyl peptidase 4,N[C@H](C(=O)N1CCC(F)(F)C1)[C@H]1CC[C@H](NC(=O)c2ccccc2C(F)(F)F)CC1
710210,CHEMBL22294,IC50,=,21.0,nM,7.68,CHEMBL284,Dipeptidyl peptidase 4,N[C@H](C(=O)N1CCC(F)(F)C1)[C@H]1CC[C@H](NS(=O)(=O)c2ccc(F)cc2F)CC1
711472,CHEMBL23891,IC50,=,56.0,nM,7.25,CHEMBL284,Dipeptidyl peptidase 4,N[C@H](C(=O)N1CC[C@H](F)C1)[C@H]1CC[C@H](NC(=O)OCc2ccccc2)CC1
712808,CHEMBL22511,IC50,=,170.0,nM,6.77,CHEMBL284,Dipeptidyl peptidase 4,N[C@H](C(=O)N1CC[C@H](F)C1)C1CCCCC1
712811,CHEMBL25211,IC50,=,22.0,nM,7.66,CHEMBL284,Dipeptidyl peptidase 4,N[C@H](C(=O)N1CCSC1)[C@H]1CC[C@H](NS(=O)(=O)c2ccc(OC(F)(F)F)cc2)CC1
714042,CHEMBL289562,IC50,=,42000.0,nM,4.38,CHEMBL284,Dipeptidyl peptidase 4,NCc1c(N)nc(-c2ccccc2)nc1-c1ccccc1
716188,CHEMBL357606,IC50,=,1700.0,nM,5.77,CHEMBL284,Dipeptidyl peptidase 4,CCC(C)C(N)C(=O)N1CCSC1
716408,CHEMBL37229,IC50,=,1500.0,nM,5.82,CHEMBL284,Dipeptidyl peptidase 4,COc1ccccc1-c1nc(-c2ccccc2)nc(N)c1CN
717499,CHEMBL93507,IC50,=,67000.0,nM,4.17,CHEMBL284,Dipeptidyl peptidase 4,CCC(C)C(N)C(=O)N1CCCCC1
717762,CHEMBL37536,IC50,=,47.0,nM,7.33,CHEMBL284,Dipeptidyl peptidase 4,NCc1c(N)nc(-c2ccccc2F)nc1-c1ccc(Cl)cc1Cl
718740,CHEMBL317944,IC50,=,23100.0,nM,4.64,CHEMBL284,Dipeptidyl peptidase 4,NC(Cc1c[nH]cn1)C(=O)N1CCCC1
718743,CHEMBL147314,IC50,=,250000.0,nM,,CHEMBL284,Dipeptidyl peptidase 4,CCCCC(N)C(=O)N1CCCCC1
718746,CHEMBL503274,Ki,=,218.0,nM,6.66,CHEMBL284,Dipeptidyl peptidase 4,CC[C@H](C)[C@H](N)C(=O)N1CCCC1
718995,CHEMBL37654,IC50,=,130.0,nM,6.89,CHEMBL284,Dipeptidyl peptidase 4,NCc1c(N)nc(-c2cccc(C(F)(F)F)c2)nc1-c1ccc(Cl)cc1Cl
719828,CHEMBL148261,IC50,=,3500.0,nM,5.46,CHEMBL284,Dipeptidyl peptidase 4,CCC(C)C(N)C(=O)N1CCC(F)C1
720080,CHEMBL34764,IC50,=,180.0,nM,6.75,CHEMBL284,Dipeptidyl peptidase 4,NCc1c(N)nc(-c2ccc(C(F)(F)F)cc2)nc1-c1ccc(Cl)cc1Cl
720858,CHEMBL328694,IC50,=,39000.0,nM,4.41,CHEMBL284,Dipeptidyl peptidase 4,NCCCCC(N)C(=O)N1CCCC1
720861,CHEMBL149498,IC50,>,1000000.0,nM,,CHEMBL284,Dipeptidyl peptidase 4,NCCCCC(N)C(=O)N1CCCCCC1
720864,CHEMBL329171,IC50,>,500000.0,nM,,CHEMBL284,Dipeptidyl peptidase 4,NCCCC(N)C(=O)N1CCCCC1
720867,CHEMBL148955,IC50,=,318000.0,nM,,CHEMBL284,Dipeptidyl peptidase 4,NCCCCC(N)C(=O)N1CCSC1
721092,CHEMBL287534,IC50,=,20000.0,nM,4.70,CHEMBL284,Dipeptidyl peptidase 4,Cc1cccc(-c2nc(-c3ccccc3)nc(N)c2CN)c1
721958,CHEMBL358358,IC50,=,107000.0,nM,,CHEMBL284,Dipeptidyl peptidase 4,CCC(C)C(N)C(=O)N1CCC(N=[N+]=[N-])C1
722184,CHEMBL34603,IC50,=,1400.0,nM,5.85,CHEMBL284,Dipeptidyl peptidase 4,NCc1c(N)nc(-c2ccccc2)nc1-c1ccc(Cl)cc1
723084,CHEMBL443622,IC50,=,41000.0,nM,4.39,CHEMBL284,Dipeptidyl peptidase 4,C[C@H](N)C(=O)N1CCCC1
723371,CHEMBL36333,IC50,=,2500.0,nM,5.60,CHEMBL284,Dipeptidyl peptidase 4,NCc1c(N)nc(-c2ccccc2)nc1-c1ccccc1Cl
723372,CHEMBL35451,IC50,=,40000.0,nM,4.40,CHEMBL284,Dipeptidyl peptidase 4,NCc1c(N)nc(-c2ccccc2)nc1-c1cccc(F)c1
724328,CHEMBL93931,IC50,=,21000.0,nM,4.68,CHEMBL284,Dipeptidyl peptidase 4,NC(Cc1ccccc1)C(=O)N1CCCC1
724577,CHEMBL289399,IC50,=,170000.0,nM,,CHEMBL284,Dipeptidyl peptidase 4,NCc1c(N)nc(-c2ccccc2)nc1-c1cccc(C(F)(F)F)c1
725441,CHEMBL146437,IC50,>,500000.0,nM,,CHEMBL284,Dipeptidyl peptidase 4,CCC(C)C(N)C(=O)N(CC)CC
725444,CHEMBL146995,IC50,=,67000.0,nM,4.17,CHEMBL284,Dipeptidyl peptidase 4,NC(CO)C(=O)N1CCCCC1
725750,CHEMBL38165,IC50,=,1000.0,nM,6.00,CHEMBL284,Dipeptidyl peptidase 4,Cc1ccc(-c2nc(-c3ccccc3)nc(N)c2CN)cc1
726750,CHEMBL148142,IC50,>,1000000.0,nM,,CHEMBL284,Dipeptidyl peptidase 4,CCC(C)C(N)C(=O)NC1CCCC1
726753,CHEMBL148392,IC50,>,1000000.0,nM,,CHEMBL284,Dipeptidyl peptidase 4,NCCC(N)C(=O)N1CCNCC1
727009,CHEMBL288171,IC50,=,14000.0,nM,4.85,CHEMBL284,Dipeptidyl peptidase 4,NCc1c(N)nc(-c2ccccc2)nc1-c1ccccc1C(F)(F)F
728057,CHEMBL148026,IC50,>,500000.0,nM,,CHEMBL284,Dipeptidyl peptidase 4,CCC(C)C(N)C(=O)N1CCC(OC(=O)c2ccccc2)C1
728060,CHEMBL147923,IC50,>,1000000.0,nM,,CHEMBL284,Dipeptidyl peptidase 4,NCCC(N)C(=O)N1CCCCC1
728063,CHEMBL146877,IC50,=,151000.0,nM,,CHEMBL284,Dipeptidyl peptidase 4,N#C[C@@H]1CCCCN1C(=O)C(N)CCN
728267,CHEMBL34842,IC50,=,0.2,nM,9.70,CHEMBL284,Dipeptidyl peptidase 4,NCc1c(N)nc(-c2ccc(F)cc2)nc1-c1ccc(Cl)cc1Cl
729153,CHEMBL503274,IC50,=,4000.0,nM,5.40,CHEMBL284,Dipeptidyl peptidase 4,CC[C@H](C)[C@H](N)C(=O)N1CCCC1
729156,CHEMBL148955,IC50,=,318000.0,nM,,CHEMBL284,Dipeptidyl peptidase 4,NCCCCC(N)C(=O)N1CCSC1
729159,CHEMBL434886,IC50,=,167000.0,nM,,CHEMBL284,Dipeptidyl peptidase 4,CCC(C)C(N)C(=O)N(C)CC
729162,CHEMBL146509,IC50,>,1000000.0,nM,,CHEMBL284,Dipeptidyl peptidase 4,NCCCC[C@@H](N)C(=S)N1CCCCC1
729165,CHEMBL319514,IC50,=,200.0,nM,6.70,CHEMBL284,Dipeptidyl peptidase 4,C[C@H](N)C(=O)N1CCC[C@H]1C#N
729168,CHEMBL499101,IC50,=,122000.0,nM,,CHEMBL284,Dipeptidyl peptidase 4,N[C@@H](CC(=O)O)C(=O)N1CCCC1
729422,CHEMBL37289,IC50,=,100.0,nM,7.00,CHEMBL284,Dipeptidyl peptidase 4,COc1ccc(-c2nc(N)c(CN)c(-c3ccc(Cl)cc3Cl)n2)cc1
730305,CHEMBL359211,IC50,>,500000.0,nM,,CHEMBL284,Dipeptidyl peptidase 4,NCCCCC(N)C(=O)N1CC=CCC1
730308,CHEMBL144226,IC50,>,1000000.0,nM,,CHEMBL284,Dipeptidyl peptidase 4,[N-]=[N+]=NC1CCN(C(=O)C(N)CCCCN)C1
730311,CHEMBL97180,IC50,=,213000.0,nM,,CHEMBL284,Dipeptidyl peptidase 4,NC(Cc1c[nH]cn1)C(=O)N1CCCCC1
730314,CHEMBL343616,IC50,>,1000000.0,nM,,CHEMBL284,Dipeptidyl peptidase 4,NCCC(N)C(=O)N1CCOCC1
730496,CHEMBL34062,IC50,=,0.1,nM,10.00,CHEMBL284,Dipeptidyl peptidase 4,COc1cc(OC)cc(-c2nc(N)c(CN)c(-c3ccc(Cl)cc3Cl)n2)c1
730517,CHEMBL37980,IC50,=,10000.0,nM,5.00,CHEMBL284,Dipeptidyl peptidase 4,NCc1c(N)nc(-c2ccccc2)nc1-c1ccc2c(c1)OCO2
731658,CHEMBL277390,IC50,=,12.0,nM,7.92,CHEMBL284,Dipeptidyl peptidase 4,C[S+](C)Cc1ccc2cc1C(=O)NCC(=O)NCC(=O)NCCCC[C@H](N)C(=O)N1CCC[C@H]1C(=O)N2.O=C(O)C(F)(F)F.O=C([O-])C(F)(F)F
731659,CHEMBL277390,IC50,=,1000.0,nM,6.00,CHEMBL284,Dipeptidyl peptidase 4,C[S+](C)Cc1ccc2cc1C(=O)NCC(=O)NCC(=O)NCCCC[C@H](N)C(=O)N1CCC[C@H]1C(=O)N2.O=C(O)C(F)(F)F.O=C([O-])C(F)(F)F
731660,CHEMBL277390,Ki,=,85.0,nM,7.07,CHEMBL284,Dipeptidyl peptidase 4,C[S+](C)Cc1ccc2cc1C(=O)NCC(=O)NCC(=O)NCCCC[C@H](N)C(=O)N1CCC[C@H]1C(=O)N2.O=C(O)C(F)(F)F.O=C([O-])C(F)(F)F
731662,CHEMBL277390,Ki,=,470.0,nM,6.33,CHEMBL284,Dipeptidyl peptidase 4,C[S+](C)Cc1ccc2cc1C(=O)NCC(=O)NCC(=O)NCCCC[C@H](N)C(=O)N1CCC[C@H]1C(=O)N2.O=C(O)C(F)(F)F.O=C([O-])C(F)(F)F
731729,CHEMBL37687,IC50,=,53.0,nM,7.28,CHEMBL284,Dipeptidyl peptidase 4,NCc1c(N)nc(-c2ccc(Cl)cc2)nc1-c1ccc(Cl)cc1Cl
731798,CHEMBL37960,IC50,=,3.0,nM,8.52,CHEMBL284,Dipeptidyl peptidase 4,NCc1c(N)nc(-c2ccc(F)c(F)c2)nc1-c1ccc(Cl)cc1Cl
732555,CHEMBL147583,IC50,>,1000000.0,nM,,CHEMBL284,Dipeptidyl peptidase 4,NCC(N)C(=O)N1CCCCC1
733806,CHEMBL461912,IC50,=,320.0,nM,6.50,CHEMBL284,Dipeptidyl peptidase 4,N#C[C@@H]1CCCN1C(=O)[C@@H](N)CCCCN
734130,CHEMBL416787,IC50,=,31000.0,nM,4.51,CHEMBL284,Dipeptidyl peptidase 4,NCc1c(N)nc(-c2ccccc2)nc1-c1cccc(Cl)c1
735009,CHEMBL403882,IC50,=,15000.0,nM,4.82,CHEMBL284,Dipeptidyl peptidase 4,O=C([C@@H]1CCCN1)N1CCCC1
735220,CHEMBL67680,IC50,=,30.0,nM,7.52,CHEMBL284,Dipeptidyl peptidase 4,CCCCCCCC[S+](CCCCCCCC)Cc1ccc2cc1C(=O)NCC(=O)NCC(=O)NCCCC[C@H](N)C(=O)N1CCC[C@H]1C(=O)N2.O=C(O)C(F)(F)F.O=C([O-])C(F)(F)F
735221,CHEMBL67680,IC50,=,630.0,nM,6.20,CHEMBL284,Dipeptidyl peptidase 4,CCCCCCCC[S+](CCCCCCCC)Cc1ccc2cc1C(=O)NCC(=O)NCC(=O)NCCCC[C@H](N)C(=O)N1CCC[C@H]1C(=O)N2.O=C(O)C(F)(F)F.O=C([O-])C(F)(F)F
735314,CHEMBL36666,IC50,=,0.2,nM,9.70,CHEMBL284,Dipeptidyl peptidase 4,NCc1c(N)nc(-c2cccc(F)c2)nc1-c1ccc(Cl)cc1Cl
736392,CHEMBL383705,IC50,=,4000.0,nM,5.40,CHEMBL284,Dipeptidyl peptidase 4,CC(C)[C@H](N)C(=O)N1CCCC1
736395,CHEMBL148127,IC50,=,374000.0,nM,,CHEMBL284,Dipeptidyl peptidase 4,CCC(C)C(N)C(=O)N1CCCCCC1
736398,CHEMBL356207,IC50,=,289000.0,nM,,CHEMBL284,Dipeptidyl peptidase 4,NCCC(N)C(=O)N1CCSC1
737808,CHEMBL148025,IC50,=,217000.0,nM,,CHEMBL284,Dipeptidyl peptidase 4,NC(C(=O)N1CCCCC1)C1CCCCC1
738098,CHEMBL287847,IC50,=,14000.0,nM,4.85,CHEMBL284,Dipeptidyl peptidase 4,NCc1c(N)nc(-c2ccccc2)nc1-c1ccccc1F
738099,CHEMBL37655,IC50,=,240.0,nM,6.62,CHEMBL284,Dipeptidyl peptidase 4,NCc1c(N)nc(-c2cccc(Cl)c2)nc1-c1ccc(Cl)cc1Cl
739032,CHEMBL317126,IC50,=,14000.0,nM,4.85,CHEMBL284,Dipeptidyl peptidase 4,NC(Cc1ccc(O)cc1)C(=O)N1CCCC1
739035,CHEMBL346877,IC50,=,50400.0,nM,4.30,CHEMBL284,Dipeptidyl peptidase 4,CCC(C)C(N)C(=O)N1CCC1
739038,CHEMBL147923,IC50,=,500000.0,nM,,CHEMBL284,Dipeptidyl peptidase 4,NCCC(N)C(=O)N1CCCCC1
739041,CHEMBL146190,IC50,=,229000.0,nM,,CHEMBL284,Dipeptidyl peptidase 4,CCCC(N)C(=O)N1CCCCC1
739044,CHEMBL67279,Ki,=,2000.0,nM,,CHEMBL284,Dipeptidyl peptidase 4,CC(C)[C@H](N)C(=O)N1CCC[C@H]1B(O)O
739047,CHEMBL356055,IC50,>,1000000.0,nM,,CHEMBL284,Dipeptidyl peptidase 4,NCCC[C@H](N)C(=S)N1CCCCC1
739267,CHEMBL37748,IC50,=,340.0,nM,6.47,CHEMBL284,Dipeptidyl peptidase 4,COc1cccc(-c2nc(N)c(CN)c(-c3ccc(Cl)cc3Cl)n2)c1
740209,CHEMBL148002,IC50,=,360000.0,nM,,CHEMBL284,Dipeptidyl peptidase 4,CCC(C)C(N)C(=O)N(C)C
740212,CHEMBL98408,Ki,=,126.0,nM,6.90,CHEMBL284,Dipeptidyl peptidase 4,CC[C@H](C)[C@H](N)C(=O)N1CCSC1
740215,CHEMBL145813,IC50,=,51000.0,nM,4.29,CHEMBL284,Dipeptidyl peptidase 4,N#CC1CCCCN1C(=O)C(N)CCCCN
741648,CHEMBL344507,IC50,>,125000.0,nM,,CHEMBL284,Dipeptidyl peptidase 4,O=C(CNC1CCCC1)NC(c1ccccc1)P(=O)(Oc1ccccc1)Oc1ccccc1
741651,CHEMBL97025,IC50,>,1000000.0,nM,,CHEMBL284,Dipeptidyl peptidase 4,NCC(=O)N1CCCC1
741858,CHEMBL1160335,IC50,=,1500.0,nM,5.82,CHEMBL284,Dipeptidyl peptidase 4,CC(=O)OCc1ccc2cc1C(=O)NCC(=O)NCC(=O)NCCCC[C@H](N)C(=O)N1CCC[C@H]1C(=O)N2.O=C(O)C(F)(F)F
741859,CHEMBL1160335,IC50,=,3500.0,nM,5.46,CHEMBL284,Dipeptidyl peptidase 4,CC(=O)OCc1ccc2cc1C(=O)NCC(=O)NCC(=O)NCCCC[C@H](N)C(=O)N1CCC[C@H]1C(=O)N2.O=C(O)C(F)(F)F
741860,CHEMBL305759,IC50,=,10000.0,nM,5.00,CHEMBL284,Dipeptidyl peptidase 4,N[C@H]1CCCCNC(=O)CNC(=O)CNC(=O)c2cc(ccc2COc2ccccc2)NC(=O)[C@@H]2CCCN2C1=O
741861,CHEMBL305759,IC50,=,25000.0,nM,4.60,CHEMBL284,Dipeptidyl peptidase 4,N[C@H]1CCCCNC(=O)CNC(=O)CNC(=O)c2cc(ccc2COc2ccccc2)NC(=O)[C@@H]2CCCN2C1=O
741951,CHEMBL36282,IC50,=,47000.0,nM,4.33,CHEMBL284,Dipeptidyl peptidase 4,COc1ccc(-c2nc(-c3ccccc3)nc(N)c2CN)cc1
741952,CHEMBL35000,IC50,=,1100.0,nM,5.96,CHEMBL284,Dipeptidyl peptidase 4,NCc1c(N)nc(-c2ccccc2)nc1-c1ccc(C(F)(F)F)cc1
743059,CHEMBL343650,IC50,=,377000.0,nM,,CHEMBL284,Dipeptidyl peptidase 4,CCCN(C)C(=O)C(N)C(C)CC
743062,CHEMBL328795,IC50,=,188000.0,nM,,CHEMBL284,Dipeptidyl peptidase 4,NC(=O)CC(N)C(=O)N1CCCC1
743295,CHEMBL37645,IC50,=,1750.0,nM,5.76,CHEMBL284,Dipeptidyl peptidase 4,Cc1ccccc1-c1nc(N)c(CN)c(-c2ccc(Cl)cc2Cl)n1
743296,CHEMBL35116,IC50,=,0.9,nM,9.05,CHEMBL284,Dipeptidyl peptidase 4,Cc1cccc(-c2nc(N)c(CN)c(-c3ccc(Cl)cc3Cl)n2)c1
744387,CHEMBL343907,IC50,>,500000.0,nM,,CHEMBL284,Dipeptidyl peptidase 4,O=C(C1CCCS1)N1CCCC1
744390,CHEMBL148569,IC50,,,nM,,CHEMBL284,Dipeptidyl peptidase 4,CCC(C)C(N)C(=O)N1CC=CC1
744541,CHEMBL302602,IC50,=,3.0,nM,8.52,CHEMBL284,Dipeptidyl peptidase 4,C[S+](C)Cc1ccc2cc1C(=O)NCC(=O)NCC(=O)NCC(=O)NCC(=O)NCCCC[C@H](N)C(=O)N1CCC[C@H]1C(=O)N2.O=C(O)C(F)(F)F.O=C([O-])C(F)(F)F
744542,CHEMBL302602,IC50,=,610.0,nM,6.21,CHEMBL284,Dipeptidyl peptidase 4,C[S+](C)Cc1ccc2cc1C(=O)NCC(=O)NCC(=O)NCC(=O)NCC(=O)NCCCC[C@H](N)C(=O)N1CCC[C@H]1C(=O)N2.O=C(O)C(F)(F)F.O=C([O-])C(F)(F)F
744615,CHEMBL290620,IC50,=,80000.0,nM,4.10,CHEMBL284,Dipeptidyl peptidase 4,COc1cccc(-c2nc(-c3ccccc3)nc(N)c2CN)c1
745645,CHEMBL148285,IC50,=,250000.0,nM,,CHEMBL284,Dipeptidyl peptidase 4,CCC(N)C(=O)N1CCCCC1
745648,CHEMBL318401,Ki,=,7880.0,nM,5.10,CHEMBL284,Dipeptidyl peptidase 4,C[C@H](N)C(=S)N1CCSC1
745932,CHEMBL34779,IC50,=,350.0,nM,6.46,CHEMBL284,Dipeptidyl peptidase 4,COc1ccccc1-c1nc(N)c(CN)c(-c2ccc(Cl)cc2Cl)n1
746819,CHEMBL348246,IC50,=,500000.0,nM,,CHEMBL284,Dipeptidyl peptidase 4,NCCCCC(N)C(=O)N1CCC1
747134,CHEMBL34972,IC50,=,90.0,nM,7.05,CHEMBL284,Dipeptidyl peptidase 4,Cc1ccc(-c2nc(N)c(CN)c(-c3ccc(Cl)cc3Cl)n2)cc1
748208,CHEMBL147691,IC50,=,93000.0,nM,4.03,CHEMBL284,Dipeptidyl peptidase 4,CCC(C)C(N)C(=O)N1CCC(O)C1
748211,CHEMBL144027,IC50,=,500000.0,nM,,CHEMBL284,Dipeptidyl peptidase 4,NCCCCC(N)C(=O)N1CCC(O)C1
748214,CHEMBL278393,IC50,=,17000.0,nM,4.77,CHEMBL284,Dipeptidyl peptidase 4,N[C@H](C(=O)N1CCCC1)C1CCCCC1
748476,CHEMBL36020,IC50,=,10.0,nM,8.00,CHEMBL284,Dipeptidyl peptidase 4,NCc1c(N)nc(-c2ccccc2)nc1-c1ccc(Cl)cc1Cl
749439,CHEMBL97064,IC50,=,190000.0,nM,,CHEMBL284,Dipeptidyl peptidase 4,NC(CO)C(=O)N1CCCC1
749442,CHEMBL461506,IC50,=,247000.0,nM,,CHEMBL284,Dipeptidyl peptidase 4,NCCCC[C@H](N)C(=O)N1CCCCC1
749655,CHEMBL35016,IC50,=,1500.0,nM,5.82,CHEMBL284,Dipeptidyl peptidase 4,Cc1ccccc1-c1nc(-c2ccccc2)nc(N)c1CN
750576,CHEMBL444537,IC50,=,52000.0,nM,4.28,CHEMBL284,Dipeptidyl peptidase 4,CCC(C)C(N)C(=O)N1CC=CCC1
750579,CHEMBL145855,IC50,>,1000000.0,nM,,CHEMBL284,Dipeptidyl peptidase 4,NCCCCC(N)C(=O)N1CCC(OC(=O)c2ccccc2)C1
750582,CHEMBL145862,IC50,=,18100.0,nM,4.74,CHEMBL284,Dipeptidyl peptidase 4,NC(N)=NCCCC(N)C(=O)N1CCCCC1
750585,CHEMBL147923,IC50,>,1000000.0,nM,,CHEMBL284,Dipeptidyl peptidase 4,NCCC(N)C(=O)N1CCCCC1
750588,CHEMBL97483,Ki,=,47600.0,nM,4.32,CHEMBL284,Dipeptidyl peptidase 4,C[C@H](N)C(=S)N1CCCC1
750591,CHEMBL148461,IC50,>,1000000.0,nM,,CHEMBL284,Dipeptidyl peptidase 4,NCC[C@H](N)C(=S)N1CCCCC1
750594,CHEMBL148954,IC50,=,81000.0,nM,4.09,CHEMBL284,Dipeptidyl peptidase 4,NCCCC(N)C(=O)N1CCSC1
750779,CHEMBL67679,IC50,=,20.0,nM,7.70,CHEMBL284,Dipeptidyl peptidase 4,CCCC[S+](CCCC)Cc1ccc2cc1C(=O)NCC(=O)NCC(=O)NCCCC[C@H](N)C(=O)N1CCC[C@H]1C(=O)N2.O=C(O)C(F)(F)F.O=C([O-])C(F)(F)F
750780,CHEMBL67679,IC50,=,570.0,nM,6.24,CHEMBL284,Dipeptidyl peptidase 4,CCCC[S+](CCCC)Cc1ccc2cc1C(=O)NCC(=O)NCC(=O)NCCCC[C@H](N)C(=O)N1CCC[C@H]1C(=O)N2.O=C(O)C(F)(F)F.O=C([O-])C(F)(F)F
750855,CHEMBL286301,IC50,=,18000.0,nM,4.75,CHEMBL284,Dipeptidyl peptidase 4,NCc1c(N)nc(-c2ccccc2)nc1-c1ccc(F)cc1
751851,CHEMBL461506,IC50,=,134900.0,nM,,CHEMBL284,Dipeptidyl peptidase 4,NCCCC[C@H](N)C(=O)N1CCCCC1
753006,CHEMBL146450,IC50,>>,1000000.0,nM,,CHEMBL284,Dipeptidyl peptidase 4,NCC[C@@H](N)C(=O)N1CCCCC1
828426,CHEMBL329909,IC50,=,163.0,nM,6.79,CHEMBL284,Dipeptidyl peptidase 4,N#C[C@@H]1CCCN1C(=O)CNCCNc1ncccn1
828427,CHEMBL96229,IC50,=,24200.0,nM,4.62,CHEMBL284,Dipeptidyl peptidase 4,O=C(CNC12C[C@H]3C[C@@H](C1)C[C@@H](C2)C3)N1CCC1
828428,CHEMBL3084822,IC50,=,70.0,nM,7.16,CHEMBL284,Dipeptidyl peptidase 4,CC(=O)O[C@@]12C[C@@H]3C[C@@H](C[C@](NCC(=O)N4CCC[C@H]4C#N)(C3)C1)C2
829594,CHEMBL316832,IC50,=,598.0,nM,6.22,CHEMBL284,Dipeptidyl peptidase 4,N#C[C@@H]1CCCN1C(=O)CNCC12C[C@H]3C[C@@H](C1)C[C@@H](C2)C3
830764,CHEMBL94597,IC50,=,298.0,nM,6.53,CHEMBL284,Dipeptidyl peptidase 4,N#C[C@@H]1CCCN1C(=O)CNCCNc1ccccc1
830765,CHEMBL330670,IC50,=,444.0,nM,6.35,CHEMBL284,Dipeptidyl peptidase 4,CCNCC(=O)N1CCC[C@H]1C#N
830766,CHEMBL94147,IC50,=,291.0,nM,6.54,CHEMBL284,Dipeptidyl peptidase 4,CCCCCCCNCC(=O)N1CCC[C@H]1C#N
830767,CHEMBL94908,IC50,=,105.0,nM,6.98,CHEMBL284,Dipeptidyl peptidase 4,CCC(C)(C)NCC(=O)N1CCC[C@H]1C#N
830768,CHEMBL327264,IC50,=,377.0,nM,6.42,CHEMBL284,Dipeptidyl peptidase 4,N#C[C@@H]1CCCN1C(=O)CNCCC(c1ccccc1)c1ccccc1
831882,CHEMBL94046,IC50,=,18700.0,nM,4.73,CHEMBL284,Dipeptidyl peptidase 4,N#C[C@H]1CCCN1C(=O)CCNCCNc1ccc([N+](=O)[O-])cn1
831883,CHEMBL93847,IC50,=,338.0,nM,6.47,CHEMBL284,Dipeptidyl peptidase 4,N#C[C@@H]1CCCN1C(=O)CNC1CCCCCCCCCCC1
831884,CHEMBL96607,IC50,=,372.0,nM,6.43,CHEMBL284,Dipeptidyl peptidase 4,CC(N)(CO)C(O)NCC(=O)N1CCC[C@H]1C#N
831885,CHEMBL96942,IC50,=,305.0,nM,6.52,CHEMBL284,Dipeptidyl peptidase 4,N#C[C@@H]1CCCN1C(=O)CNCCc1ccccc1
831886,CHEMBL3084816,IC50,=,7.0,nM,8.15,CHEMBL284,Dipeptidyl peptidase 4,N#C[C@@H]1CCCN1C(=O)CN[C@H]1CC[C@H](Nc2ccc(C(F)(F)F)cn2)CC1
831887,CHEMBL328613,IC50,=,26100.0,nM,4.58,CHEMBL284,Dipeptidyl peptidase 4,O=C(CNC12C[C@H]3C[C@@H](C1)C[C@@H](C2)C3)N1CCc2ccccc2C1
832925,CHEMBL313423,IC50,=,9610.0,nM,5.02,CHEMBL284,Dipeptidyl peptidase 4,CN[C@H](C(=O)N1CCC[C@H]1C#N)C(C)C
832926,CHEMBL3084814,IC50,=,17.0,nM,7.77,CHEMBL284,Dipeptidyl peptidase 4,C[C@]12C[C@@H]3C[C@](C)(C1)C[C@](NCC(=O)N1CCC[C@H]1C#N)(C3)C2
835423,CHEMBL96748,IC50,=,192.0,nM,6.72,CHEMBL284,Dipeptidyl peptidase 4,CC(C)NCC(=O)N1CCC[C@H]1C#N
835424,CHEMBL96160,IC50,=,266.0,nM,6.58,CHEMBL284,Dipeptidyl peptidase 4,CCCCCNCC(=O)N1CCC[C@H]1C#N
835425,CHEMBL96299,IC50,=,346.0,nM,6.46,CHEMBL284,Dipeptidyl peptidase 4,N#C[C@@H]1CCCN1C(=O)CNCCCCCO
836546,CHEMBL328994,IC50,=,133.0,nM,6.88,CHEMBL284,Dipeptidyl peptidase 4,N#C[C@@H]1CCCN1C(=O)CNC1Cc2ccccc2C1
836547,CHEMBL96113,IC50,>,1000000.0,nM,,CHEMBL284,Dipeptidyl peptidase 4,N#C[C@@H]1CCCN1C(=O)CNc1nc2ccccc2[nH]1
837821,CHEMBL93354,IC50,=,36.0,nM,7.44,CHEMBL284,Dipeptidyl peptidase 4,N#C[C@@H]1CCCN1C(=O)CNCCNc1ccc(Cl)cn1
837822,CHEMBL96071,IC50,=,242.0,nM,6.62,CHEMBL284,Dipeptidyl peptidase 4,CC1(C)C2CC(CNCC(=O)N3CCC[C@H]3C#N)CC1C2
837823,CHEMBL328794,IC50,=,228.0,nM,6.64,CHEMBL284,Dipeptidyl peptidase 4,N#C[C@@H]1CCCN1C(=O)CNC1CCN(c2nc3ccccc3s2)CC1
839038,CHEMBL96395,IC50,=,434000.0,nM,,CHEMBL284,Dipeptidyl peptidase 4,N#Cc1ccc(NCCNCC(=O)N2CCC[C@H]2C(N)=O)nc1
839039,CHEMBL330373,IC50,=,15.0,nM,7.82,CHEMBL284,Dipeptidyl peptidase 4,N#C[C@@H]1CCCN1C(=O)CNC1CC2CCC1C2
839040,CHEMBL318511,IC50,=,52600.0,nM,4.28,CHEMBL284,Dipeptidyl peptidase 4,O=C(CNC12C[C@H]3C[C@@H](C1)C[C@@H](C2)C3)N1CCCCC1
841574,CHEMBL321509,IC50,=,635.0,nM,6.20,CHEMBL284,Dipeptidyl peptidase 4,N#C[C@@H]1CCCN1C(=O)CNCCOc1ccccc1
841575,CHEMBL96666,IC50,=,2.0,nM,8.70,CHEMBL284,Dipeptidyl peptidase 4,CC(C)[C@H](N)C(=O)N1CCC[C@H]1C#N
841576,CHEMBL322904,IC50,>,500000.0,nM,,CHEMBL284,Dipeptidyl peptidase 4,N#C[C@@H]1CCCN1C(=O)CCC1CCCCC1
842721,CHEMBL95088,IC50,=,26.0,nM,7.58,CHEMBL284,Dipeptidyl peptidase 4,N#C[C@@H]1CCCN1C(=O)CNC1(CO)CCCC1
842722,CHEMBL3084820,IC50,=,10.0,nM,8.00,CHEMBL284,Dipeptidyl peptidase 4,N#C[C@@H]1CCCN1C(=O)CN[C@H]1CC[C@H](Nc2nc3ccccc3s2)CC1
842723,CHEMBL3084826,IC50,=,477000.0,nM,,CHEMBL284,Dipeptidyl peptidase 4,O=C(O)[C@@H]1CCCN1C(=O)CN[C@]12C[C@@H]3C[C@@H](C[C@@](O)(C3)C1)C2
843894,CHEMBL329282,IC50,=,989.0,nM,6.00,CHEMBL284,Dipeptidyl peptidase 4,N#C[C@@H]1CCCN1C(=O)CNCCNc1ncccc1C(F)(F)F
843895,CHEMBL96891,IC50,=,109000.0,nM,,CHEMBL284,Dipeptidyl peptidase 4,CC(C)C(NCC(=O)N1CCC[C@H]1C#N)C(C)C
843896,CHEMBL319798,IC50,=,23.0,nM,7.64,CHEMBL284,Dipeptidyl peptidase 4,N#C[C@@H]1CCCN1C(=O)CNC1CCN(C(=O)C2CCCCC2)CC1
843897,CHEMBL96892,IC50,=,13.0,nM,7.89,CHEMBL284,Dipeptidyl peptidase 4,N#C[C@@H]1CCCN1C(=O)CNC1[C@H]2C[C@@H]3C[C@@H](C[C@H]1C3)C2
845170,CHEMBL307636,IC50,=,2.0,nM,8.70,CHEMBL284,Dipeptidyl peptidase 4,N#C[C@@H]1CCCN1C(=O)[C@@H](N)C1CCCCC1
845172,CHEMBL307636,IC50,=,3.15,nM,8.50,CHEMBL284,Dipeptidyl peptidase 4,N#C[C@@H]1CCCN1C(=O)[C@@H](N)C1CCCCC1
845175,CHEMBL307636,Ki,=,1.4,nM,8.85,CHEMBL284,Dipeptidyl peptidase 4,N#C[C@@H]1CCCN1C(=O)[C@@H](N)C1CCCCC1
845176,CHEMBL92028,IC50,=,104.0,nM,6.98,CHEMBL284,Dipeptidyl peptidase 4,N#C[C@@H]1CCCN1C(=O)CNC1(CO)CCCCC1
845177,CHEMBL96453,IC50,=,988.0,nM,6.00,CHEMBL284,Dipeptidyl peptidase 4,N#C[C@@H]1CCCN1C(=O)CNCc1ccccc1
845178,CHEMBL3084819,IC50,=,18.0,nM,7.75,CHEMBL284,Dipeptidyl peptidase 4,N#C[C@@H]1CCCN1C(=O)CN[C@H]1CC[C@H](NC(=O)C2CCCCC2)CC1
846338,CHEMBL330623,IC50,=,18600.0,nM,4.73,CHEMBL284,Dipeptidyl peptidase 4,N#C[C@@H]1CCCN1C(=O)[C@@H](NC1CCCCC1)C1CCCCC1
846339,CHEMBL96593,IC50,=,53.0,nM,7.28,CHEMBL284,Dipeptidyl peptidase 4,N#C[C@@H]1CCCN1C(=O)CNC1CCCCCCC1
846340,CHEMBL96491,IC50,=,282.0,nM,6.55,CHEMBL284,Dipeptidyl peptidase 4,CCCCCCNCC(=O)N1CCC[C@H]1C#N
846341,CHEMBL3084821,IC50,=,14.0,nM,7.85,CHEMBL284,Dipeptidyl peptidase 4,N#C[C@@H]1CCCN1C(=O)CN[C@H]1CC[C@H](Oc2ccc(Cl)cc2)CC1
847450,CHEMBL92710,IC50,=,256.0,nM,6.59,CHEMBL284,Dipeptidyl peptidase 4,CCC(CO)NCC(=O)N1CCC[C@H]1C#N
847451,CHEMBL3084817,IC50,=,64.0,nM,7.19,CHEMBL284,Dipeptidyl peptidase 4,N#C[C@@H]1CCCN1C(=O)CN[C@]12C[C@H]3C[C@@H](C1)C[C@](OC(=O)NC1CCCCC1)(C3)C2
848675,CHEMBL94312,IC50,=,80.0,nM,7.10,CHEMBL284,Dipeptidyl peptidase 4,N#C[C@@H]1CCCN1C(=O)CNC1CCC1
848676,CHEMBL319080,IC50,=,3.0,nM,8.52,CHEMBL284,Dipeptidyl peptidase 4,N#C[C@@H]1CCCN1C(=O)CNC12C[C@H]3C[C@@H](C1)C[C@@H](C2)C3
848677,CHEMBL3084824,IC50,=,149.0,nM,6.83,CHEMBL284,Dipeptidyl peptidase 4,COc1ccc(NC(=O)O[C@@]23C[C@@H]4C[C@@H](C[C@](NCC(=O)N5CCC[C@H]5C#N)(C4)C2)C3)cc1
848678,CHEMBL3084818,IC50,=,183.0,nM,6.74,CHEMBL284,Dipeptidyl peptidase 4,CC(C)N(C(=O)O[C@@]12C[C@@H]3C[C@@H](C[C@](NCC(=O)N4CCC[C@H]4C#N)(C3)C1)C2)C(C)C
849806,CHEMBL330426,IC50,=,296.0,nM,6.53,CHEMBL284,Dipeptidyl peptidase 4,N#C[C@@H]1CCCN1C(=O)CNC1CCN(c2ccc(C(F)(F)F)cn2)CC1
850959,CHEMBL96890,IC50,=,491.0,nM,6.31,CHEMBL284,Dipeptidyl peptidase 4,N#C[C@@H]1CCCN1C(=O)CNCCCc1ccccc1
850960,CHEMBL323130,IC50,=,63.0,nM,7.20,CHEMBL284,Dipeptidyl peptidase 4,N#C[C@@H]1CCCN1C(=O)CNC1CCCCCC1
850961,CHEMBL3084811,IC50,=,3.5,nM,8.46,CHEMBL284,Dipeptidyl peptidase 4,N#C[C@@H]1CCCN1C(=O)CN[C@]12C[C@@H]3C[C@@H](C[C@@](O)(C3)C1)C2
850963,CHEMBL3084811,IC50,=,2.7,nM,8.57,CHEMBL284,Dipeptidyl peptidase 4,N#C[C@@H]1CCCN1C(=O)CN[C@]12C[C@@H]3C[C@@H](C[C@@](O)(C3)C1)C2
852081,CHEMBL93034,IC50,=,7000.0,nM,5.16,CHEMBL284,Dipeptidyl peptidase 4,O=C(CNC12C[C@H]3C[C@@H](C1)C[C@@H](C2)C3)N1CCCC1
853114,CHEMBL330326,IC50,=,398.0,nM,6.40,CHEMBL284,Dipeptidyl peptidase 4,CCC(CC)NCC(=O)N1CCC[C@H]1C#N
853115,CHEMBL96908,IC50,=,24.0,nM,7.62,CHEMBL284,Dipeptidyl peptidase 4,CC(C)(Cc1ccccc1)NCC(=O)N1CCC[C@H]1C#N
853116,CHEMBL327166,IC50,=,29.0,nM,7.54,CHEMBL284,Dipeptidyl peptidase 4,CC(C)(CNc1ccc(C#N)cn1)NCC(=O)N1CCC[C@H]1C#N
854327,CHEMBL77538,IC50,=,22.0,nM,7.66,CHEMBL284,Dipeptidyl peptidase 4,N#Cc1ccc(NCCNCC(=O)N2CCC[C@H]2C#N)nc1
854329,CHEMBL77538,IC50,=,7.0,nM,8.15,CHEMBL284,Dipeptidyl peptidase 4,N#Cc1ccc(NCCNCC(=O)N2CCC[C@H]2C#N)nc1
854332,CHEMBL96459,IC50,=,16.0,nM,7.80,CHEMBL284,Dipeptidyl peptidase 4,CC1C(NCC(=O)N2CCC[C@H]2C#N)CC2CC1C2(C)C
856538,CHEMBL330717,IC50,=,83.0,nM,7.08,CHEMBL284,Dipeptidyl peptidase 4,N#C[C@@H]1CCCN1C(=O)CNCCNc1ccc(C(F)(F)F)cn1
856539,CHEMBL431425,IC50,=,64.0,nM,7.19,CHEMBL284,Dipeptidyl peptidase 4,N#C[C@@H]1CCCN1C(=O)CNC1CCCCC1
856540,CHEMBL96080,IC50,=,612.0,nM,6.21,CHEMBL284,Dipeptidyl peptidase 4,N#C[C@@H]1CCCN1C(=O)CNC1CC1
856541,CHEMBL317787,IC50,=,261.0,nM,6.58,CHEMBL284,Dipeptidyl peptidase 4,CCCCNCC(=O)N1CCC[C@H]1C#N
856542,CHEMBL94647,IC50,=,466.0,nM,6.33,CHEMBL284,Dipeptidyl peptidase 4,CC(C)(C)CCNCC(=O)N1CCC[C@H]1C#N
856543,CHEMBL323129,IC50,=,218.0,nM,6.66,CHEMBL284,Dipeptidyl peptidase 4,CC(C)(N)C(O)NCC(=O)N1CCC[C@H]1C#N
857650,CHEMBL322903,IC50,=,1170.0,nM,5.93,CHEMBL284,Dipeptidyl peptidase 4,N#Cc1ccc(NCCNCC(=O)N2CCC[C@@H]2C#N)nc1
858925,CHEMBL77539,IC50,=,8.0,nM,8.10,CHEMBL284,Dipeptidyl peptidase 4,N#C[C@@H]1CCCN1C(=O)CNCCNc1ccc([N+](=O)[O-])cn1
858927,CHEMBL77539,IC50,=,8.73,nM,8.06,CHEMBL284,Dipeptidyl peptidase 4,N#C[C@@H]1CCCN1C(=O)CNCCNc1ccc([N+](=O)[O-])cn1
858930,CHEMBL318612,IC50,=,103000.0,nM,,CHEMBL284,Dipeptidyl peptidase 4,CN(CC(=O)N1CCC[C@H]1C#N)C1CCCCC1
858931,CHEMBL3084823,IC50,=,62.0,nM,7.21,CHEMBL284,Dipeptidyl peptidase 4,N#C[C@@H]1CCCN1C(=O)CN[C@]12C[C@H]3C[C@@H](C1)C[C@](OC(=O)Nc1ccccc1)(C3)C2
860082,CHEMBL3084815,IC50,=,5.0,nM,8.30,CHEMBL284,Dipeptidyl peptidase 4,N#Cc1ccc(N[C@H]2CC[C@H](NCC(=O)N3CCC[C@H]3C#N)CC2)nc1
860083,CHEMBL317331,IC50,>,1000000.0,nM,,CHEMBL284,Dipeptidyl peptidase 4,O=C(CNC12C[C@H]3C[C@@H](C1)C[C@@H](C2)C3)N1CCC(O)C1
860084,CHEMBL3084813,IC50,=,931000.0,nM,,CHEMBL284,Dipeptidyl peptidase 4,NC(=O)[C@@H]1CCCN1C(=O)CN[C@]12C[C@@H]3C[C@@H](C[C@@](O)(C3)C1)C2
860085,CHEMBL3084825,IC50,=,22.0,nM,7.66,CHEMBL284,Dipeptidyl peptidase 4,CC(C)(C)NC(=O)O[C@@]12C[C@@H]3C[C@@H](C[C@](NCC(=O)N4CCC[C@H]4C#N)(C3)C1)C2
861103,CHEMBL92711,IC50,=,33.0,nM,7.48,CHEMBL284,Dipeptidyl peptidase 4,N#C[C@@H]1CCCN1C(=O)CNCCNc1ccccn1
861104,CHEMBL96183,IC50,=,3000.0,nM,5.52,CHEMBL284,Dipeptidyl peptidase 4,O=C(CNCCNc1ccc([N+](=O)[O-])cn1)N1CCSC1
861105,CHEMBL95089,IC50,=,54.0,nM,7.27,CHEMBL284,Dipeptidyl peptidase 4,N#C[C@@H]1CCCN1C(=O)CNC1CCCC1
861106,CHEMBL94630,IC50,=,123.0,nM,6.91,CHEMBL284,Dipeptidyl peptidase 4,CC(C)(C)CC(C)(C)NCC(=O)N1CCC[C@H]1C#N
862264,CHEMBL318775,IC50,=,102.0,nM,6.99,CHEMBL284,Dipeptidyl peptidase 4,N#Cc1ccc(NCCCNCC(=O)N2CCC[C@H]2C#N)nc1
862265,CHEMBL321724,IC50,=,1540.0,nM,5.81,CHEMBL284,Dipeptidyl peptidase 4,N#Cc1ccc(NCCN2CC(=O)N3CCC[C@H]3C2=N)nc1
862266,CHEMBL96577,IC50,=,436.0,nM,6.36,CHEMBL284,Dipeptidyl peptidase 4,N#C[C@@H]1CCCN1C(=O)CNCc1cccc2ccccc12
863470,CHEMBL96814,IC50,=,7400.0,nM,5.13,CHEMBL284,Dipeptidyl peptidase 4,O=C(CNCCNc1ccc([N+](=O)[O-])cn1)N1CCCC1
863471,CHEMBL320143,IC50,=,475.0,nM,6.32,CHEMBL284,Dipeptidyl peptidase 4,CCCNCC(=O)N1CCC[C@H]1C#N
864833,CHEMBL96937,IC50,=,35.0,nM,7.46,CHEMBL284,Dipeptidyl peptidase 4,CC(C)(C)NCC(=O)N1CCC[C@H]1C#N
864834,CHEMBL329581,IC50,=,109000.0,nM,,CHEMBL284,Dipeptidyl peptidase 4,CC(N)(CNCC(=O)N1CCC[C@H]1C#N)C(=O)O
864835,CHEMBL3084812,IC50,=,7.0,nM,8.15,CHEMBL284,Dipeptidyl peptidase 4,CC[C@@]12C[C@H]3C[C@@H](C1)C[C@@](NCC(=O)N1CCC[C@H]1C#N)(C3)C2
947409,CHEMBL330600,IC50,=,132000.0,nM,,CHEMBL284,Dipeptidyl peptidase 4,N#Cc1cccc(CNCC[C@H](N)C(=O)N2CCCCC2)c1
947412,CHEMBL98801,IC50,=,196000.0,nM,,CHEMBL284,Dipeptidyl peptidase 4,CN(CC[C@H](N)C(=O)N1CCCCC1)Cc1ccc(Cl)cc1
948682,CHEMBL98415,IC50,=,250000.0,nM,,CHEMBL284,Dipeptidyl peptidase 4,N[C@@H](CCNc1ccccc1)C(=O)N1CCCCC1
948685,CHEMBL440325,IC50,=,518000.0,nM,,CHEMBL284,Dipeptidyl peptidase 4,CC(=O)NCC[C@H](N)C(=O)N1CCCCC1
950016,CHEMBL98148,IC50,>,500000.0,nM,,CHEMBL284,Dipeptidyl peptidase 4,CC1CCN(C(=O)[C@@H](N)CCNCc2ccc(Cl)cc2)CC1
951286,CHEMBL98423,IC50,=,278000.0,nM,,CHEMBL284,Dipeptidyl peptidase 4,N[C@@H](CCNCc1cccs1)C(=O)N1CCCCC1
952664,CHEMBL100715,IC50,>>,1000000.0,nM,,CHEMBL284,Dipeptidyl peptidase 4,NCC[C@H](NCc1ccccc1)C(=O)N1CCCCC1
953953,CHEMBL98860,IC50,=,179000.0,nM,,CHEMBL284,Dipeptidyl peptidase 4,N[C@@H](CCNCc1ccc2ccccc2c1)C(=O)N1CCCCC1
953956,CHEMBL99506,IC50,=,70000.0,nM,4.16,CHEMBL284,Dipeptidyl peptidase 4,N[C@@H](CCNCc1ccc(Cl)cc1)C(=O)N1CCC(F)CC1
955307,CHEMBL99111,IC50,=,125000.0,nM,,CHEMBL284,Dipeptidyl peptidase 4,N[C@@H](CCNCc1ccncc1)C(=O)N1CCCCC1
955310,CHEMBL319350,IC50,=,13000.0,nM,4.89,CHEMBL284,Dipeptidyl peptidase 4,N#CC1CCCCN1C(=O)[C@@H](N)CCNCc1ccc(Cl)cc1
956652,CHEMBL418979,IC50,>,500000.0,nM,,CHEMBL284,Dipeptidyl peptidase 4,N[C@@H](CCNCc1ccccc1OCc1ccccc1)C(=O)N1CCCCC1
957931,CHEMBL100370,IC50,=,148000.0,nM,,CHEMBL284,Dipeptidyl peptidase 4,N[C@@H](CCNCc1ccc(Cl)cc1)C(=O)N1CC=CCC1
959189,CHEMBL99047,IC50,=,417000.0,nM,,CHEMBL284,Dipeptidyl peptidase 4,COc1ccc(CNCC[C@H](N)C(=O)N2CCCCC2)cc1
959192,CHEMBL98097,IC50,>,1000000.0,nM,,CHEMBL284,Dipeptidyl peptidase 4,N[C@@H](CCNC1CCCCC1)C(=O)N1CCCCC1
959195,CHEMBL97970,IC50,=,266000.0,nM,,CHEMBL284,Dipeptidyl peptidase 4,N[C@@H](CCN(Cc1ccccc1)Cc1ccccc1)C(=O)N1CCCCC1
962858,CHEMBL328197,IC50,=,64000.0,nM,4.19,CHEMBL284,Dipeptidyl peptidase 4,N[C@@H](CCNC1CCNCC1)C(=O)N1CCCCC1
964169,CHEMBL415317,IC50,>,1000000.0,nM,,CHEMBL284,Dipeptidyl peptidase 4,N[C@@H](CCNCc1ccc(Cl)cc1)C(=O)N1CCC(O)CC1
966812,CHEMBL320672,IC50,=,151000.0,nM,,CHEMBL284,Dipeptidyl peptidase 4,N#C[C@@H]1CCCCN1C(=O)[C@@H](N)CCN
966815,CHEMBL316487,IC50,=,56000.0,nM,4.25,CHEMBL284,Dipeptidyl peptidase 4,N[C@@H](CCNc1ncccc1[N+](=O)[O-])C(=O)N1CCCCC1
966818,CHEMBL418788,IC50,=,205000.0,nM,,CHEMBL284,Dipeptidyl peptidase 4,N#Cc1ccc(NCC[C@H](N)C(=O)N2CCCCC2)nc1
966821,CHEMBL101656,IC50,>>,1000000.0,nM,,CHEMBL284,Dipeptidyl peptidase 4,NCC[C@H](N=C(N)N)C(=O)N1CCCCC1
966824,CHEMBL99936,IC50,>,1000000.0,nM,,CHEMBL284,Dipeptidyl peptidase 4,N[C@@H](CCNCc1ccc(Cl)cc1)C(=O)N1CCCC(O)C1
968122,CHEMBL98647,IC50,>,500000.0,nM,,CHEMBL284,Dipeptidyl peptidase 4,COc1ccccc1CNCC[C@H](N)C(=O)N1CCCCC1
969299,CHEMBL317950,IC50,>,500000.0,nM,,CHEMBL284,Dipeptidyl peptidase 4,CC1CCCN(C(=O)[C@@H](N)CCNCc2ccc(Cl)cc2)C1
970568,CHEMBL93505,IC50,>,1000000.0,nM,,CHEMBL284,Dipeptidyl peptidase 4,NCC[C@H](N)C(=O)N1CCCCC1
970571,CHEMBL99263,IC50,=,247000.0,nM,,CHEMBL284,Dipeptidyl peptidase 4,N[C@@H](CCNCc1ccccc1)C(=O)N1CCCCC1
970574,CHEMBL98060,IC50,=,500000.0,nM,,CHEMBL284,Dipeptidyl peptidase 4,N[C@@H](CCNCc1ccc(Cl)cc1)C(=O)N1CCCC(F)C1
973138,CHEMBL97884,IC50,=,301000.0,nM,,CHEMBL284,Dipeptidyl peptidase 4,N[C@@H](CCNCc1cccc2ccccc12)C(=O)N1CCCCC1
974372,CHEMBL98762,IC50,=,345000.0,nM,,CHEMBL284,Dipeptidyl peptidase 4,N[C@@H](CCNCc1ccccc1Cl)C(=O)N1CCCCC1
975600,CHEMBL97977,IC50,=,496000.0,nM,,CHEMBL284,Dipeptidyl peptidase 4,N[C@@H](CCNCC1CCCCC1)C(=O)N1CCCCC1
976863,CHEMBL99247,IC50,=,192000.0,nM,,CHEMBL284,Dipeptidyl peptidase 4,N[C@@H](CCNCc1ccc(OCc2ccccc2)cc1)C(=O)N1CCCCC1
979167,CHEMBL98869,IC50,=,165000.0,nM,,CHEMBL284,Dipeptidyl peptidase 4,N[C@@H](CCNCc1ccc(Cl)cc1)C(=O)N1CCCCC1
979170,CHEMBL329314,IC50,=,68000.0,nM,4.17,CHEMBL284,Dipeptidyl peptidase 4,N#CC1CCCCN1C(=O)[C@@H](N)CCNCc1ccccc1
980610,CHEMBL430661,IC50,>,500000.0,nM,,CHEMBL284,Dipeptidyl peptidase 4,N[C@@H](CCNCCCc1ccccc1)C(=O)N1CCCCC1
980613,CHEMBL319583,IC50,>,500000.0,nM,,CHEMBL284,Dipeptidyl peptidase 4,CN[C@@H](CCNCc1ccc(Cl)cc1)C(=O)N1CCCCC1
980616,CHEMBL318670,IC50,=,418000.0,nM,,CHEMBL284,Dipeptidyl peptidase 4,N[C@@H](CCNC(=O)c1ccccc1)C(=O)N1CCCCC1
981843,CHEMBL317312,IC50,=,188000.0,nM,,CHEMBL284,Dipeptidyl peptidase 4,N[C@@H](CCNCCc1ccccc1)C(=O)N1CCCCC1
984365,CHEMBL327499,IC50,=,250000.0,nM,,CHEMBL284,Dipeptidyl peptidase 4,COc1cccc(CNCC[C@H](N)C(=O)N2CCCCC2)c1
984368,CHEMBL99260,IC50,>,500000.0,nM,,CHEMBL284,Dipeptidyl peptidase 4,COc1ccc(CNCC[C@H](N)C(=O)N2CCCCC2)c(OC)c1
984371,CHEMBL329966,IC50,>,125000.0,nM,,CHEMBL284,Dipeptidyl peptidase 4,N[C@@H](CCN(Cc1ccc(Cl)cc1)Cc1ccc(Cl)cc1)C(=O)N1CCCCC1
984374,CHEMBL101401,IC50,=,545000.0,nM,,CHEMBL284,Dipeptidyl peptidase 4,NC(N)=NCC[C@H](N)C(=O)N1CCCCC1
985566,CHEMBL317949,IC50,=,186000.0,nM,,CHEMBL284,Dipeptidyl peptidase 4,N[C@@H](CCNCc1cccc(Cl)c1)C(=O)N1CCCCC1
985569,CHEMBL318212,IC50,>>,1000000.0,nM,,CHEMBL284,Dipeptidyl peptidase 4,NCC[C@H](NC1CCNCC1)C(=O)N1CCCCC1
985572,CHEMBL319520,IC50,>,500000.0,nM,,CHEMBL284,Dipeptidyl peptidase 4,CC1CCCCN1C(=O)[C@@H](N)CCNCc1ccc(Cl)cc1
1143029,CHEMBL424612,IC50,=,19.8,ug.mL-1,,CHEMBL284,Dipeptidyl peptidase 4,Cc1cccc(C)c1N1C(=O)c2ccc(O)cc2C1=O
1144336,CHEMBL91366,IC50,>,100.0,ug.mL-1,,CHEMBL284,Dipeptidyl peptidase 4,Cc1cccc(C)c1N1C(=O)Cc2ccccc2C1=O
1144338,CHEMBL89630,IC50,>,100.0,ug.mL-1,,CHEMBL284,Dipeptidyl peptidase 4,Cc1ccc(N2C(=O)Cc3ccccc3C2=O)c(C)c1
1148261,CHEMBL432044,IC50,>,100.0,ug.mL-1,,CHEMBL284,Dipeptidyl peptidase 4,O=C1Cc2ccccc2C(=O)N1c1ccccc1
1149476,CHEMBL87161,IC50,>,100.0,ug.mL-1,,CHEMBL284,Dipeptidyl peptidase 4,CCc1ccccc1N1C(=O)Cc2ccccc2C1=O
1150719,CHEMBL88811,IC50,>,100.0,ug.mL-1,,CHEMBL284,Dipeptidyl peptidase 4,COc1ccccc1N1C(=O)Cc2ccccc2C1=O
1151872,CHEMBL89450,IC50,>,100.0,ug.mL-1,,CHEMBL284,Dipeptidyl peptidase 4,CSc1ccccc1N1C(=O)Cc2ccccc2C1=O
1153110,CHEMBL86373,IC50,>,100.0,ug.mL-1,,CHEMBL284,Dipeptidyl peptidase 4,CC(C)c1ccccc1N1C(=O)Cc2ccccc2C1=O
1155832,CHEMBL442758,IC50,>,100.0,ug.mL-1,,CHEMBL284,Dipeptidyl peptidase 4,Cc1ccc(C)c(N2C(=O)Cc3ccccc3C2=O)c1
1157152,CHEMBL90558,IC50,=,81.0,ug.mL-1,,CHEMBL284,Dipeptidyl peptidase 4,CC(C)c1cccc(C(C)C)c1N1C(=O)c2ccc(N)cc2C1=O
1157155,CHEMBL89026,IC50,>,100.0,ug.mL-1,,CHEMBL284,Dipeptidyl peptidase 4,Cc1cccc(N2C(=O)Cc3ccccc3C2=O)c1C
1158308,CHEMBL308333,IC50,>,100.0,ug.mL-1,,CHEMBL284,Dipeptidyl peptidase 4,CCCCC[C@H](CC(=O)NO)C(=O)N[C@H](C(=O)N1CCC[C@H]1CO)C(C)C
1159743,CHEMBL313952,IC50,=,21.3,ug.mL-1,,CHEMBL284,Dipeptidyl peptidase 4,CC(C)c1cccc(C(C)C)c1N1C(=O)c2ccc(O)cc2C1=O
1161031,CHEMBL63895,IC50,=,18.3,ug.mL-1,,CHEMBL284,Dipeptidyl peptidase 4,O=C([C@@H]1CCCN1)N1CCC[C@H]1B(O)O
1163851,CHEMBL316290,IC50,>,100.0,ug.mL-1,,CHEMBL284,Dipeptidyl peptidase 4,CC(C)c1ccc(N2C(=O)Cc3ccccc3C2=O)cc1
1167922,CHEMBL315938,IC50,>,100.0,ug.mL-1,,CHEMBL284,Dipeptidyl peptidase 4,CC(C)c1cccc(C(C)C)c1N1C(=O)Cc2ccccc2C1=O
1167924,CHEMBL315662,IC50,>,100.0,ug.mL-1,,CHEMBL284,Dipeptidyl peptidase 4,O=C1Cc2ccccc2C(=O)N1c1c(Cl)cccc1Cl
1167928,CHEMBL283880,IC50,=,23.4,ug.mL-1,,CHEMBL284,Dipeptidyl peptidase 4,Cc1cccc(C)c1N1C(=O)c2ccc(N)cc2C1=O
1170424,CHEMBL88645,IC50,>,100.0,ug.mL-1,,CHEMBL284,Dipeptidyl peptidase 4,CCc1cccc(CC)c1N1C(=O)Cc2ccccc2C1=O
1170426,CHEMBL29292,IC50,>,100.0,ug.mL-1,,CHEMBL284,Dipeptidyl peptidase 4,CC(C)C[C@H](NC(=O)[C@@H](O)[C@H](N)Cc1ccccc1)C(=O)O
1171540,CHEMBL88338,IC50,>,100.0,ug.mL-1,,CHEMBL284,Dipeptidyl peptidase 4,CCc1cccc(CC)c1N1C(=O)c2ccc([N+](=O)[O-])cc2C1=O
1171912,CHEMBL37260,IC50,=,5700.0,nM,5.24,CHEMBL284,Dipeptidyl peptidase 4,N[C@@H](Cc1c[nH]c2ccccc12)C(=O)N1Cc2ccccc2C[C@H]1C(=O)O
1174573,CHEMBL290598,IC50,=,7000.0,nM,5.16,CHEMBL284,Dipeptidyl peptidase 4,N[C@@H](Cc1c[nH]c2ccccc12)C(=O)N1Cc2ccccc2C[C@H]1C(=O)N[C@@H](CCC(=O)O)C(=O)O
1177016,CHEMBL8783,IC50,>,100.0,ug.mL-1,,CHEMBL284,Dipeptidyl peptidase 4,Cc1cc(C)cc(N2C(=O)Cc3ccccc3C2=O)c1
1177340,CHEMBL432081,IC50,=,7900.0,nM,5.10,CHEMBL284,Dipeptidyl peptidase 4,N[C@@H](Cc1c[nH]c2ccccc12)C(=O)N1Cc2ccccc2C[C@H]1C(=O)N[C@@H](CO)C(=O)O
1178240,CHEMBL86597,IC50,>,100.0,ug.mL-1,,CHEMBL284,Dipeptidyl peptidase 4,CCc1cccc(CC)c1N1C(=O)c2ccccc2C1=O
1178242,CHEMBL88474,IC50,=,14.1,ug.mL-1,,CHEMBL284,Dipeptidyl peptidase 4,CC(C)c1cccc(C(C)C)c1N1C(=O)c2cccc(O)c2C1=O
1180950,CHEMBL315471,IC50,>,100.0,ug.mL-1,,CHEMBL284,Dipeptidyl peptidase 4,Cc1cccc(C)c1N1C(=O)c2cccc(N)c2C1=O
1182201,CHEMBL88953,IC50,=,12.8,ug.mL-1,,CHEMBL284,Dipeptidyl peptidase 4,CCc1cccc(CC)c1N1C(=O)c2ccc(O)cc2C1=O
1403117,CHEMBL366345,IC50,>,250000.0,nM,,CHEMBL284,Dipeptidyl peptidase 4,FC(CNC1CCN(Cc2ccccc2)CC1)=C1CCCCC1
1403119,CHEMBL176202,IC50,>,125000.0,nM,,CHEMBL284,Dipeptidyl peptidase 4,CN1CCC(NCC(F)=C2CCCCC2)CC1
1403121,CHEMBL175988,IC50,>,1000000.0,nM,,CHEMBL284,Dipeptidyl peptidase 4,CN(C)CCCNCC(F)=C1CCCCC1
1403123,CHEMBL176121,IC50,>,1000000.0,nM,,CHEMBL284,Dipeptidyl peptidase 4,C(CNC1CCCCC1)=C1CCCC1
1403125,CHEMBL177472,IC50,>,1000000.0,nM,,CHEMBL284,Dipeptidyl peptidase 4,C(CNCc1ccccc1)=C1CCCC1
1403127,CHEMBL177823,IC50,>,250000.0,nM,,CHEMBL284,Dipeptidyl peptidase 4,C(CNCc1ccc2c(c1)OCO2)=C1CCCC1
1403129,CHEMBL177735,IC50,>,1000000.0,nM,,CHEMBL284,Dipeptidyl peptidase 4,C1CCC(NCCN2CCCC2)CC1
1403131,CHEMBL175708,IC50,>,1000000.0,nM,,CHEMBL284,Dipeptidyl peptidase 4,c1ccc(CNCCN2CCCC2)cc1
1403133,CHEMBL175764,IC50,>,250000.0,nM,,CHEMBL284,Dipeptidyl peptidase 4,c1cc2c(cc1CNCCN1CCCC1)OCO2
1403137,CHEMBL177746,IC50,=,148000.0,nM,,CHEMBL284,Dipeptidyl peptidase 4,O=C(CNC1CCCCC1)N1CCCC1
1403139,CHEMBL175260,IC50,=,1000000.0,nM,,CHEMBL284,Dipeptidyl peptidase 4,O=C(CNCc1ccccc1)N1CCCC1
1403141,CHEMBL177644,IC50,>,1000000.0,nM,,CHEMBL284,Dipeptidyl peptidase 4,O=C(CNCc1ccc2c(c1)OCO2)N1CCCC1
1403143,CHEMBL177696,IC50,>,1000000.0,nM,,CHEMBL284,Dipeptidyl peptidase 4,O=C(CNC1CCCCC1)N1CCCCC1
1403145,CHEMBL176262,IC50,>,1000000.0,nM,,CHEMBL284,Dipeptidyl peptidase 4,O=C(CNCc1ccccc1)N1CCCCC1
1403147,CHEMBL368869,IC50,>,1000000.0,nM,,CHEMBL284,Dipeptidyl peptidase 4,O=C(CNCc1ccc2c(c1)OCO2)N1CCCCC1
1403149,CHEMBL177632,IC50,>,1000000.0,nM,,CHEMBL284,Dipeptidyl peptidase 4,O=C(NC1CCN(Cc2ccccc2)CC1)N1CCCCC1
1403151,CHEMBL178843,IC50,>,1000000.0,nM,,CHEMBL284,Dipeptidyl peptidase 4,S=C(CNC1CCCCC1)C1CCCC1
1403153,CHEMBL178844,IC50,>,1000000.0,nM,,CHEMBL284,Dipeptidyl peptidase 4,S=C(CNCc1ccccc1)C1CCCC1
1403155,CHEMBL178433,IC50,>,1000000.0,nM,,CHEMBL284,Dipeptidyl peptidase 4,S=C(CNCc1ccc2c(c1)OCO2)C1CCCC1
1403158,CHEMBL175977,IC50,>,1000000.0,nM,,CHEMBL284,Dipeptidyl peptidase 4,S=C(CNC1CCCCC1)N1CCCCC1
1403160,CHEMBL175629,IC50,>,1000000.0,nM,,CHEMBL284,Dipeptidyl peptidase 4,S=C(CNCc1ccccc1)N1CCCCC1
1403162,CHEMBL176062,IC50,>,1000000.0,nM,,CHEMBL284,Dipeptidyl peptidase 4,S=C(CNCc1ccc2c(c1)OCO2)N1CCCCC1
1403164,CHEMBL177265,IC50,>,500000.0,nM,,CHEMBL284,Dipeptidyl peptidase 4,N#CC1CCC/C1=C(/F)CNCCc1ccccc1
1403166,CHEMBL177980,IC50,=,12000.0,nM,4.92,CHEMBL284,Dipeptidyl peptidase 4,N#CC1CCC/C1=C(/F)CNC12CC3CC(CC(C3)C1)C2
1403168,CHEMBL173824,IC50,>,1000000.0,nM,,CHEMBL284,Dipeptidyl peptidase 4,N#CC1CCC/C1=C(/F)CNCc1ccc(F)cc1
1403170,CHEMBL366856,IC50,>,1000000.0,nM,,CHEMBL284,Dipeptidyl peptidase 4,N#CC1CCC/C1=C(\F)CNCCc1ccccc1
1403172,CHEMBL180514,IC50,=,15000.0,nM,4.82,CHEMBL284,Dipeptidyl peptidase 4,N#CC1CCC/C1=C(\F)CNC12CC3CC(CC(C3)C1)C2
1403174,CHEMBL175966,IC50,>,500000.0,nM,,CHEMBL284,Dipeptidyl peptidase 4,N#CC1CCC/C1=C(\F)CNCc1ccc(F)cc1
1403176,CHEMBL175034,IC50,=,2130.0,nM,5.67,CHEMBL284,Dipeptidyl peptidase 4,N#C[C@@H]1CCCC1C(=O)CNCCc1ccccc1
1403179,CHEMBL179771,IC50,=,350.0,nM,6.46,CHEMBL284,Dipeptidyl peptidase 4,N#C[C@@H]1CCCC1C(=O)CNC12CC3CC(CC(C3)C1)C2
1403181,CHEMBL179687,IC50,=,3700.0,nM,5.43,CHEMBL284,Dipeptidyl peptidase 4,N#C[C@@H]1CCCC1C(=O)CNCc1ccc(F)cc1
1405712,CHEMBL177180,IC50,>,1000000.0,nM,,CHEMBL284,Dipeptidyl peptidase 4,FC(CNC1CCCCC1)=C1CCCC1
1405714,CHEMBL367660,IC50,>,1000000.0,nM,,CHEMBL284,Dipeptidyl peptidase 4,FC(CNCc1ccccc1)=C1CCCC1
1405718,CHEMBL368716,IC50,>,1000000.0,nM,,CHEMBL284,Dipeptidyl peptidase 4,COc1ccc(CNCC(F)=C2CCCC2)cc1
1405720,CHEMBL179248,IC50,>,1000000.0,nM,,CHEMBL284,Dipeptidyl peptidase 4,FC(CNCc1ccc(F)cc1)=C1CCCC1
1405836,CHEMBL176138,IC50,>,1000000.0,nM,,CHEMBL284,Dipeptidyl peptidase 4,FC(CNCCc1ccccn1)=C1CCCC1
1405838,CHEMBL176096,IC50,>,1000000.0,nM,,CHEMBL284,Dipeptidyl peptidase 4,FC(CNCCc1ccccc1)=C1CCCC1
1405840,CHEMBL359843,IC50,>,250000.0,nM,,CHEMBL284,Dipeptidyl peptidase 4,FC(CNC1CCN(Cc2ccccc2)CC1)=C1CCCC1
1405842,CHEMBL179028,IC50,>,1000000.0,nM,,CHEMBL284,Dipeptidyl peptidase 4,CN(C)CCCNCC(F)=C1CCCC1
1405844,CHEMBL275472,IC50,>,500000.0,nM,,CHEMBL284,Dipeptidyl peptidase 4,FC(CNC1CCCCC1)=C1CCCCC1
1405846,CHEMBL178975,IC50,>,250000.0,nM,,CHEMBL284,Dipeptidyl peptidase 4,FC(CNC12CC3CC(CC(C3)C1)C2)=C1CCCCC1
1405848,CHEMBL175442,IC50,>,250000.0,nM,,CHEMBL284,Dipeptidyl peptidase 4,FC(CNc1ccccc1)=C1CCCCC1
1405850,CHEMBL176211,IC50,>,1000000.0,nM,,CHEMBL284,Dipeptidyl peptidase 4,FC(CNCc1ccccc1)=C1CCCCC1
1405854,CHEMBL180424,IC50,>,250000.0,nM,,CHEMBL284,Dipeptidyl peptidase 4,COc1ccc(CNCC(F)=C2CCCCC2)cc1
1405856,CHEMBL179382,IC50,>,250000.0,nM,,CHEMBL284,Dipeptidyl peptidase 4,FC(CNCc1ccc2c(c1)OCO2)=C1CCCCC1
1405858,CHEMBL361154,IC50,>,250000.0,nM,,CHEMBL284,Dipeptidyl peptidase 4,FC(CNCc1ccc(F)cc1)=C1CCCCC1
1405860,CHEMBL179423,IC50,>,125000.0,nM,,CHEMBL284,Dipeptidyl peptidase 4,FC(CNCc1cccc(C(F)(F)F)c1)=C1CCCCC1
1405862,CHEMBL175900,IC50,>,1000000.0,nM,,CHEMBL284,Dipeptidyl peptidase 4,FC(CNCCc1ccccc1)=C1CCCCC1
1405864,CHEMBL176944,IC50,>,1000000.0,nM,,CHEMBL284,Dipeptidyl peptidase 4,FC(CNC1CCNCC1)=C1CCCCC1
1411934,CHEMBL537625,IC50,=,455.0,nM,6.34,CHEMBL284,Dipeptidyl peptidase 4,Cl.N[C@@H](CC(=O)N1CCn2cnnc2C1)Cc1ccc(F)c(F)c1
1411938,CHEMBL537844,IC50,=,231.0,nM,6.64,CHEMBL284,Dipeptidyl peptidase 4,CCc1nnc2n1CCN(C(=O)C[C@H](N)Cc1ccc(F)c(F)c1)C2.Cl
1412054,CHEMBL558196,IC50,=,128.0,nM,6.89,CHEMBL284,Dipeptidyl peptidase 4,Cl.N[C@@H](CC(=O)N1CCn2c(nnc2C(F)(F)F)C1)Cc1ccc(F)c(F)c1
1412063,CHEMBL537400,IC50,=,27.0,nM,7.57,CHEMBL284,Dipeptidyl peptidase 4,Cl.N[C@@H](CC(=O)N1CCn2c(nnc2C(F)(F)F)C1)Cc1cc(F)ccc1F
1412072,CHEMBL539077,IC50,=,18.0,nM,7.75,CHEMBL284,Dipeptidyl peptidase 4,Cl.N[C@@H](CC(=O)N1CCn2c(nnc2C(F)(F)F)C1)Cc1cc(F)c(F)cc1F
1412194,CHEMBL557187,IC50,=,68.0,nM,7.17,CHEMBL284,Dipeptidyl peptidase 4,Cl.N[C@@H](CC(=O)N1CCn2cnnc2C1)Cc1cc(F)c(F)cc1F
1412204,CHEMBL558585,IC50,=,71.0,nM,7.15,CHEMBL284,Dipeptidyl peptidase 4,Cl.N[C@@H](CC(=O)N1CCn2c(nnc2C(F)(F)C(F)(F)F)C1)Cc1cc(F)c(F)cc1F
1412213,CHEMBL559011,IC50,=,103.0,nM,6.99,CHEMBL284,Dipeptidyl peptidase 4,Cl.N[C@@H](CC(=O)N1CCn2c(nnc2C(F)(F)C(F)(F)F)C1)Cc1cc(F)ccc1F
1412315,CHEMBL175872,IC50,=,139.0,nM,6.86,CHEMBL284,Dipeptidyl peptidase 4,N[C@@H](CC(=O)N1CCNC[C@H]1Cc1ccccc1)Cc1ccccc1F
1412316,CHEMBL366549,IC50,=,3100.0,nM,5.51,CHEMBL284,Dipeptidyl peptidase 4,N[C@@H](CC(=O)N1CCNCC1)Cc1ccc(F)c(F)c1
1428992,CHEMBL278393,IC50,=,1034.0,nM,5.99,CHEMBL284,Dipeptidyl peptidase 4,N[C@H](C(=O)N1CCCC1)C1CCCCC1
1428995,CHEMBL440021,IC50,=,15000.0,nM,4.82,CHEMBL284,Dipeptidyl peptidase 4,N[C@H](C(=O)N1Cc2ccccc2C1)C1CCCCC1
1428998,CHEMBL179845,IC50,>,100000.0,nM,,CHEMBL284,Dipeptidyl peptidase 4,NC(CC(=O)N1CCc2ccccc2C1)C(=O)N1Cc2ccccc2C1
1429001,CHEMBL361107,IC50,>,100000.0,nM,,CHEMBL284,Dipeptidyl peptidase 4,COc1cc2c(cc1OC)CN(C(=O)CC(N)C(=O)N1Cc3ccccc3C1)CC2
1429004,CHEMBL367368,IC50,>,100000.0,nM,,CHEMBL284,Dipeptidyl peptidase 4,NC(CC(=O)N1CCN(C(c2ccc(F)cc2)c2ccc(F)cc2)CC1)C(=O)N1Cc2ccccc2C1
1430599,CHEMBL142703,IC50,=,51.0,nM,7.29,CHEMBL284,Dipeptidyl peptidase 4,N#C[C@@H]1CCCN1C(=O)CNC12CC3CC(CC(O)(C3)C1)C2
1430602,CHEMBL77538,IC50,=,53.0,nM,7.28,CHEMBL284,Dipeptidyl peptidase 4,N#Cc1ccc(NCCNCC(=O)N2CCC[C@H]2C#N)nc1
1430605,CHEMBL307636,IC50,=,12.0,nM,7.92,CHEMBL284,Dipeptidyl peptidase 4,N#C[C@@H]1CCCN1C(=O)[C@@H](N)C1CCCCC1
1430608,CHEMBL98408,IC50,=,1660.0,nM,5.78,CHEMBL284,Dipeptidyl peptidase 4,CC[C@H](C)[C@H](N)C(=O)N1CCSC1
1430611,CHEMBL179289,IC50,=,63.0,nM,7.20,CHEMBL284,Dipeptidyl peptidase 4,N#C[C@@H]1CCCN1C(=O)[C@@H](N)CC(=O)N1CCc2ccccc2C1
1430614,CHEMBL362018,IC50,=,274.0,nM,6.56,CHEMBL284,Dipeptidyl peptidase 4,N#C[C@@H]1CCCN1C(=O)[C@@H](N)CC(=O)N1CCN(C(c2ccc(F)cc2)c2ccc(F)cc2)CC1
1430617,CHEMBL361235,IC50,>,100000.0,nM,,CHEMBL284,Dipeptidyl peptidase 4,N[C@H](C(=O)N1CCc2ccccc2C1)C1CCCCC1
1430620,CHEMBL361551,IC50,>,100000.0,nM,,CHEMBL284,Dipeptidyl peptidase 4,N#C[C@@H]1Cc2ccccc2CN1C(=O)[C@@H](N)C1CCCCC1
1430623,CHEMBL361758,IC50,>,100000.0,nM,,CHEMBL284,Dipeptidyl peptidase 4,N[C@H](C(=O)N1CCc2ccccc2C1)c1ccccc1
1431029,CHEMBL180664,IC50,>,100000.0,nM,,CHEMBL284,Dipeptidyl peptidase 4,Fc1ccc(N2CCc3ccccc3C2)cc1F
1431033,CHEMBL179996,IC50,>,100000.0,nM,,CHEMBL284,Dipeptidyl peptidase 4,O=C([C@@H]1CCCN1)N1CCc2ccccc2C1
1431036,CHEMBL180000,IC50,=,13000.0,nM,4.89,CHEMBL284,Dipeptidyl peptidase 4,N#C[C@@H]1Cc2ccccc2CN1C(=O)[C@@H](N)Cc1c[nH]c2ccccc12
1431039,CHEMBL361863,IC50,=,31000.0,nM,4.51,CHEMBL284,Dipeptidyl peptidase 4,N[C@H](C(=O)N1CCCCC1)C1CCCCC1
1444889,CHEMBL184262,IC50,=,3000.0,nM,5.52,CHEMBL284,Dipeptidyl peptidase 4,N[C@@H](CC(=O)N1CCSC1)Cc1ccccc1
1444891,CHEMBL364780,IC50,>,100000.0,nM,,CHEMBL284,Dipeptidyl peptidase 4,N[C@@H](CC(=O)N1CCSC1)c1ccccc1
1444892,CHEMBL362364,IC50,=,16480.0,nM,4.78,CHEMBL284,Dipeptidyl peptidase 4,N[C@H](CCc1ccccc1)CC(=O)N1CCSC1
1444893,CHEMBL185020,IC50,=,39640.0,nM,4.40,CHEMBL284,Dipeptidyl peptidase 4,N[C@@H](CC(=O)N1CCSC1)Cc1ccccn1
1444894,CHEMBL185332,IC50,=,44860.0,nM,4.35,CHEMBL284,Dipeptidyl peptidase 4,N[C@@H](CC(=O)N1CCSC1)Cc1cccnc1
1444895,CHEMBL183947,IC50,=,51000.0,nM,4.29,CHEMBL284,Dipeptidyl peptidase 4,N[C@@H](CC(=O)N1CCSC1)Cc1ccncc1
1444896,CHEMBL183517,IC50,=,5700.0,nM,5.24,CHEMBL284,Dipeptidyl peptidase 4,N[C@@H](CC(=O)N1CCSC1)Cc1ccsc1
1444897,CHEMBL181239,IC50,=,46910.0,nM,4.33,CHEMBL284,Dipeptidyl peptidase 4,N[C@@H](CC(=O)N1CCSC1)Cc1ccoc1
1444898,CHEMBL182168,IC50,=,27470.0,nM,4.56,CHEMBL284,Dipeptidyl peptidase 4,N[C@@H](CC(=O)N1CCSC1)CC1CCCC1
1444899,CHEMBL362140,IC50,=,33000.0,nM,4.48,CHEMBL284,Dipeptidyl peptidase 4,N[C@@H](CC(=O)N1CCSC1)CC1CCCCC1
1447094,CHEMBL184572,IC50,=,80.0,nM,7.10,CHEMBL284,Dipeptidyl peptidase 4,CCC(C)[C@@H](N)C(=O)N1N=CCC1C#N
1447110,CHEMBL184651,IC50,=,410.0,nM,6.39,CHEMBL284,Dipeptidyl peptidase 4,N#Cc1ccc(NCCNCC(=O)N2N=CCC2C#N)nc1
1447212,CHEMBL185222,IC50,=,2620.0,nM,5.58,CHEMBL284,Dipeptidyl peptidase 4,N#Cc1ccc(NCCNCC(=O)N2N=CC[C@@H]2C#N)nc1
1447613,CHEMBL363542,IC50,=,200.0,nM,6.70,CHEMBL284,Dipeptidyl peptidase 4,N#Cc1ccc(NCCNCC(=O)N2N=CC[C@H]2C#N)nc1
1449086,CHEMBL186611,IC50,=,1040.0,nM,5.98,CHEMBL284,Dipeptidyl peptidase 4,N[C@@H](CC(=O)N1CCCC[C@H]1Cc1ccccc1)Cc1ccccc1F
1449088,CHEMBL184624,IC50,=,3700.0,nM,5.43,CHEMBL284,Dipeptidyl peptidase 4,N[C@@H](CC(=O)N1CCNCC1)Cc1ccccc1F
1449090,CHEMBL264551,IC50,=,1600.0,nM,5.80,CHEMBL284,Dipeptidyl peptidase 4,C[C@@H]1CNCCN1C(=O)C[C@H](N)Cc1ccccc1F
1449092,CHEMBL360488,IC50,=,922.0,nM,6.04,CHEMBL284,Dipeptidyl peptidase 4,CC(C)[C@@H]1CNCCN1C(=O)C[C@H](N)Cc1ccccc1F
1449094,CHEMBL182861,IC50,=,610.0,nM,6.21,CHEMBL284,Dipeptidyl peptidase 4,N[C@@H](CC(=O)N1CCNC[C@H]1c1ccc(F)cc1)Cc1ccccc1F
1449096,CHEMBL185482,IC50,=,143.0,nM,6.84,CHEMBL284,Dipeptidyl peptidase 4,N[C@@H](CC(=O)N1CCNC[C@H]1Cc1cscn1)Cc1ccccc1F
1449098,CHEMBL184808,IC50,=,155.0,nM,6.81,CHEMBL284,Dipeptidyl peptidase 4,N[C@@H](CC(=O)N1CCNC[C@H]1Cc1cccnc1)Cc1ccccc1F
1449100,CHEMBL184902,IC50,=,166.0,nM,6.78,CHEMBL284,Dipeptidyl peptidase 4,N[C@@H](CC(=O)N1CCNC[C@H]1Cc1ccc(F)cc1)Cc1ccccc1F
1449103,CHEMBL369738,IC50,=,51.0,nM,7.29,CHEMBL284,Dipeptidyl peptidase 4,N[C@@H](CC(=O)N1CCNC[C@H]1Cc1ccccc1)Cc1cc(F)ccc1F
1449105,CHEMBL184636,IC50,=,19.0,nM,7.72,CHEMBL284,Dipeptidyl peptidase 4,N[C@@H](CC(=O)N1CCNC[C@H]1Cc1ccccc1)Cc1cc(F)c(F)cc1F
1449254,CHEMBL186877,IC50,=,0.1,nM,10.00,CHEMBL284,Dipeptidyl peptidase 4,COc1cc(OC)cc(-c2nc(-c3ccc(Cl)cc3Cl)c(CN(C)C)c(N(C)C)n2)c1
1449255,CHEMBL184738,IC50,=,1900.0,nM,5.72,CHEMBL284,Dipeptidyl peptidase 4,N[C@@H](CC(=O)N1CCC[C@H]1C(=O)NCc1cc(Cl)ccc1OCC(=O)NC1CC1)Cc1ccccc1
1449883,CHEMBL187118,IC50,=,931.0,nM,6.03,CHEMBL284,Dipeptidyl peptidase 4,N[C@@H](CC(=O)N1CCSC1)Cc1ccccc1F
1449885,CHEMBL185351,IC50,=,981.0,nM,6.01,CHEMBL284,Dipeptidyl peptidase 4,Cc1ccccc1C[C@@H](N)CC(=O)N1CCSC1
1449887,CHEMBL185121,IC50,=,2519.0,nM,5.60,CHEMBL284,Dipeptidyl peptidase 4,N#Cc1ccccc1C[C@@H](N)CC(=O)N1CCSC1
1450279,CHEMBL185601,IC50,=,2263.0,nM,5.64,CHEMBL284,Dipeptidyl peptidase 4,N[C@@H](CC(=O)N1CCSC1)Cc1ccccc1C(F)(F)F
1450281,CHEMBL182544,IC50,=,2026.0,nM,5.69,CHEMBL284,Dipeptidyl peptidase 4,N[C@@H](CC(=O)N1CCSC1)Cc1cccc(F)c1
1450283,CHEMBL405786,IC50,=,8951.0,nM,5.05,CHEMBL284,Dipeptidyl peptidase 4,N#Cc1cccc(C[C@@H](N)CC(=O)N2CCSC2)c1
1450285,CHEMBL185538,IC50,=,3611.0,nM,5.44,CHEMBL284,Dipeptidyl peptidase 4,N[C@@H](CC(=O)N1CCSC1)Cc1cccc(C(F)(F)F)c1
1450287,CHEMBL363879,IC50,=,3279.0,nM,5.48,CHEMBL284,Dipeptidyl peptidase 4,N[C@@H](CC(=O)N1CCSC1)Cc1ccc(F)cc1
1450289,CHEMBL184442,IC50,=,3028.0,nM,5.52,CHEMBL284,Dipeptidyl peptidase 4,N[C@@H](CC(=O)N1CCSC1)Cc1ccc(Cl)cc1
1450291,CHEMBL366278,IC50,=,10700.0,nM,4.97,CHEMBL284,Dipeptidyl peptidase 4,N[C@@H](CC(=O)N1CCSC1)Cc1ccc(I)cc1
1450293,CHEMBL184259,IC50,=,7688.0,nM,5.11,CHEMBL284,Dipeptidyl peptidase 4,N[C@@H](CC(=O)N1CCSC1)Cc1ccc(C(F)(F)F)cc1
1450295,CHEMBL365066,IC50,=,14860.0,nM,4.83,CHEMBL284,Dipeptidyl peptidase 4,N#Cc1ccc(C[C@@H](N)CC(=O)N2CCSC2)cc1
1450390,CHEMBL184937,IC50,=,1552.0,nM,5.81,CHEMBL284,Dipeptidyl peptidase 4,N[C@@H](CC(=O)N1CCSC1)Cc1ccc([N+](=O)[O-])cc1
1450392,CHEMBL184986,IC50,=,1700.0,nM,5.77,CHEMBL284,Dipeptidyl peptidase 4,N[C@@H](CC(=O)N1CCSC1)Cc1ccc(F)c(F)c1
1450394,CHEMBL184961,IC50,=,9400.0,nM,5.03,CHEMBL284,Dipeptidyl peptidase 4,N[C@@H](CC(=O)N1CCSC1)Cc1cccc(F)c1F
1450396,CHEMBL184912,IC50,=,589.0,nM,6.23,CHEMBL284,Dipeptidyl peptidase 4,N[C@@H](CC(=O)N1CCSC1)Cc1ccc(F)cc1F
1450398,CHEMBL433572,IC50,=,270.0,nM,6.57,CHEMBL284,Dipeptidyl peptidase 4,N[C@@H](CC(=O)N1CCSC1)Cc1cc(F)ccc1F
1450406,CHEMBL360396,IC50,=,8476.0,nM,5.07,CHEMBL284,Dipeptidyl peptidase 4,N[C@@H](CC(=O)N1CCSC1)Cc1c(F)cccc1F
1450408,CHEMBL184928,IC50,=,2026.0,nM,5.69,CHEMBL284,Dipeptidyl peptidase 4,N[C@@H](CC(=O)N1CCSC1)Cc1ccc(Cl)c(Cl)c1
1450410,CHEMBL363319,IC50,=,119.0,nM,6.92,CHEMBL284,Dipeptidyl peptidase 4,N[C@@H](CC(=O)N1CCSC1)Cc1cc(F)c(F)cc1F
1450810,CHEMBL184262,IC50,=,3000.0,nM,5.52,CHEMBL284,Dipeptidyl peptidase 4,N[C@@H](CC(=O)N1CCSC1)Cc1ccccc1
1450811,CHEMBL186032,IC50,=,11000.0,nM,4.96,CHEMBL284,Dipeptidyl peptidase 4,CS(=O)(=O)Nc1cccc(NC(=O)CN2CCN(C[C@@H](N)Cc3ccccc3)C(Cc3ccccc3)C2)c1
1450812,CHEMBL184040,IC50,=,134.0,nM,6.87,CHEMBL284,Dipeptidyl peptidase 4,CS(=O)(=O)Nc1cccc(NC(=O)CN2CCN(C(=O)C[C@H](N)Cc3ccccc3)C(Cc3ccccc3)C2)c1
1450814,CHEMBL263946,IC50,=,44.0,nM,7.36,CHEMBL284,Dipeptidyl peptidase 4,CS(=O)(=O)Nc1cccc(NC(=O)CN2CCN(C(=O)C[C@H](N)Cc3ccc(F)c(F)c3)C(Cc3ccccc3)C2)c1
1450816,CHEMBL187293,IC50,=,34.0,nM,7.47,CHEMBL284,Dipeptidyl peptidase 4,CS(=O)(=O)Nc1cccc(NC(=O)CN2CCN(C(=O)C[C@H](N)Cc3ccccc3F)C(Cc3ccccc3)C2)c1
1450818,CHEMBL365414,IC50,=,35000.0,nM,4.46,CHEMBL284,Dipeptidyl peptidase 4,CS(=O)(=O)Nc1cccc(NC(=O)CN2CCN(C(=O)C[C@@H](N)Cc3ccccc3)C(Cc3ccccc3)C2)c1
1450820,CHEMBL184672,IC50,=,36000.0,nM,4.44,CHEMBL284,Dipeptidyl peptidase 4,CS(=O)(=O)Nc1cccc(NC(=O)CN2CCN(C(=O)C[C@@H](N)Cc3ccc(F)c(F)c3)C(Cc3ccccc3)C2)c1
1450822,CHEMBL362538,IC50,=,19000.0,nM,4.72,CHEMBL284,Dipeptidyl peptidase 4,CS(=O)(=O)Nc1cccc(NC(=O)CN2CCN(C(=O)C[C@@H](N)Cc3ccccc3F)C(Cc3ccccc3)C2)c1
1450824,CHEMBL360425,IC50,=,30.0,nM,7.52,CHEMBL284,Dipeptidyl peptidase 4,CS(=O)(=O)Nc1cccc(NC(=O)CN2CCN(C(=O)C[C@H](N)Cc3ccc(F)c(F)c3)[C@H](Cc3ccccc3)C2)c1
1450826,CHEMBL183207,IC50,=,14.0,nM,7.85,CHEMBL284,Dipeptidyl peptidase 4,CS(=O)(=O)Nc1cccc(NC(=O)CN2CCN(C(=O)C[C@H](N)Cc3ccccc3F)[C@H](Cc3ccccc3)C2)c1
1450830,CHEMBL360167,IC50,=,1100.0,nM,5.96,CHEMBL284,Dipeptidyl peptidase 4,CS(=O)(=O)Nc1cccc(NC(=O)CN2CCN(C(=O)C[C@H](N)Cc3ccc(F)c(F)c3)[C@@H](Cc3ccccc3)C2)c1
1450931,CHEMBL364385,IC50,=,690.0,nM,6.16,CHEMBL284,Dipeptidyl peptidase 4,CS(=O)(=O)Nc1cccc(NC(=O)CN2CCN(C(=O)C[C@H](N)Cc3ccccc3F)[C@@H](Cc3ccccc3)C2)c1
1450933,CHEMBL184380,IC50,=,405.0,nM,6.39,CHEMBL284,Dipeptidyl peptidase 4,N[C@@H](CC(=O)N1CCN(Cc2ccccc2)C[C@H]1Cc1ccccc1)Cc1ccccc1F
1450935,CHEMBL185067,IC50,=,114.0,nM,6.94,CHEMBL284,Dipeptidyl peptidase 4,NC(=O)CN1CCN(C(=O)C[C@H](N)Cc2ccccc2F)[C@H](Cc2ccccc2)C1
1450937,CHEMBL184071,IC50,=,225.0,nM,6.65,CHEMBL284,Dipeptidyl peptidase 4,CN1CCN(C(=O)C[C@H](N)Cc2ccccc2F)[C@H](Cc2ccccc2)C1
1450939,CHEMBL175872,IC50,=,139.0,nM,6.86,CHEMBL284,Dipeptidyl peptidase 4,N[C@@H](CC(=O)N1CCNC[C@H]1Cc1ccccc1)Cc1ccccc1F
1450941,CHEMBL186610,IC50,=,108.0,nM,6.97,CHEMBL284,Dipeptidyl peptidase 4,N[C@@H](CC(=O)N1CCOC[C@H]1Cc1ccccc1)Cc1ccccc1F
1451031,CHEMBL366290,IC50,=,0.3,nM,9.52,CHEMBL284,Dipeptidyl peptidase 4,CC(C)[C@H](Oc1ccc(CNC(=O)[C@@H]2CSCN2C(=O)CC(N)Cc2cc(F)ccc2F)cc1)C(=O)O.O=C(O)C(F)(F)F
1451032,CHEMBL183418,IC50,=,7200.0,nM,5.14,CHEMBL284,Dipeptidyl peptidase 4,CC(C)[C@@H](Oc1ccc(CNC(=O)[C@@H]2CCCN2C(=O)C(N)C2CCCCC2)cc1)C(=O)O.O=C(O)C(F)(F)F
1451414,CHEMBL186649,IC50,=,1900.0,nM,5.72,CHEMBL284,Dipeptidyl peptidase 4,NC(CC(=O)N1CCC[C@H]1C(=O)NCc1cc(Cl)ccc1OCC(=O)NC1CC1)Cc1ccccc1
1451881,CHEMBL365875,IC50,=,3600.0,nM,5.44,CHEMBL284,Dipeptidyl peptidase 4,NC(C(=O)N1CCC[C@H]1C(=O)NCc1ccccc1C(=O)O)C1CCCCC1.O=C(O)C(F)(F)F
1451882,CHEMBL365834,IC50,=,3300.0,nM,5.48,CHEMBL284,Dipeptidyl peptidase 4,NC(C(=O)N1CCC[C@H]1C(=O)NCc1cccc(C(=O)O)c1)C1CCCCC1.O=C(O)C(F)(F)F
1451883,CHEMBL187699,IC50,=,4200.0,nM,5.38,CHEMBL284,Dipeptidyl peptidase 4,NC(C(=O)N1CCC[C@H]1C(=O)NCc1ccc(C(=O)O)cc1)C1CCCCC1.O=C(O)C(F)(F)F
1451884,CHEMBL183098,IC50,=,1200.0,nM,5.92,CHEMBL284,Dipeptidyl peptidase 4,NC(CC(=O)N1CCC[C@H]1C(=O)NCc1ccccc1C(=O)O)Cc1ccccc1.O=C(O)C(F)(F)F
1451885,CHEMBL184593,IC50,=,1200.0,nM,5.92,CHEMBL284,Dipeptidyl peptidase 4,NC(CC(=O)N1CCC[C@H]1C(=O)NCc1cccc(C(=O)O)c1)Cc1ccccc1.O=C(O)C(F)(F)F
1451886,CHEMBL425347,IC50,=,510.0,nM,6.29,CHEMBL284,Dipeptidyl peptidase 4,NC(CC(=O)N1CCC[C@H]1C(=O)NCc1ccc(C(=O)O)cc1)Cc1ccccc1.O=C(O)C(F)(F)F
1451887,CHEMBL182223,IC50,=,75.0,nM,7.12,CHEMBL284,Dipeptidyl peptidase 4,NC(CC(=O)N1CCC[C@H]1C(=O)NCc1ccc(C(=O)O)cc1)Cc1ccc(F)c(F)c1.O=C(O)C(F)(F)F
1452002,CHEMBL366049,IC50,=,54.0,nM,7.27,CHEMBL284,Dipeptidyl peptidase 4,NC(CC(=O)N1CCC[C@H]1C(=O)NCc1ccc(C(=O)O)cc1)Cc1ccccc1F.O=C(O)C(F)(F)F
1452003,CHEMBL186596,IC50,=,539.0,nM,6.27,CHEMBL284,Dipeptidyl peptidase 4,NC(CC(=O)N1CCC[C@H]1C(=O)NCc1ccccc1)Cc1ccccc1F.O=C(O)C(F)(F)F
1452004,CHEMBL435882,IC50,=,721.0,nM,6.14,CHEMBL284,Dipeptidyl peptidase 4,NC(CC(=O)N1CCC[C@H]1C(=O)NCc1ccc(C(F)(F)F)cc1)Cc1ccccc1F.O=C(O)C(F)(F)F
1452016,CHEMBL185244,IC50,=,170.0,nM,6.77,CHEMBL284,Dipeptidyl peptidase 4,COC(=O)Cc1ccc(CNC(=O)[C@@H]2CCCN2C(=O)CC(N)Cc2ccccc2F)cc1.O=C(O)C(F)(F)F
1452017,CHEMBL184346,IC50,=,39.0,nM,7.41,CHEMBL284,Dipeptidyl peptidase 4,NC(CC(=O)N1CCC[C@H]1C(=O)NCCCCc1nn[nH]n1)Cc1ccccc1F.O=C(O)C(F)(F)F
1452400,CHEMBL361263,IC50,=,1640.0,nM,5.79,CHEMBL284,Dipeptidyl peptidase 4,NC(CC(=O)N1CCC[C@H]1C(=O)NCCCCc1c[nH]cn1)Cc1ccccc1F.O=C(O)C(F)(F)F
1452401,CHEMBL186787,IC50,=,118.0,nM,6.93,CHEMBL284,Dipeptidyl peptidase 4,NC(CC(=O)N1CCC[C@H]1C(=O)NCc1ccc(OCC(=O)O)cc1)Cc1ccccc1F.O=C(O)C(F)(F)F
1452402,CHEMBL183736,IC50,=,18.0,nM,7.75,CHEMBL284,Dipeptidyl peptidase 4,CC(Oc1ccc(CNC(=O)[C@@H]2CCCN2C(=O)CC(N)Cc2ccccc2F)cc1)C(=O)O.O=C(O)C(F)(F)F
1452403,CHEMBL365010,IC50,=,7.1,nM,8.15,CHEMBL284,Dipeptidyl peptidase 4,CCC(Oc1ccc(CNC(=O)[C@@H]2CCCN2C(=O)CC(N)Cc2ccccc2F)cc1)C(=O)O.O=C(O)C(F)(F)F
1452404,CHEMBL365836,IC50,=,10.0,nM,8.00,CHEMBL284,Dipeptidyl peptidase 4,CCCC(Oc1ccc(CNC(=O)[C@@H]2CCCN2C(=O)CC(N)Cc2ccccc2F)cc1)C(=O)O.O=C(O)C(F)(F)F
1452405,CHEMBL365837,IC50,=,3.7,nM,8.43,CHEMBL284,Dipeptidyl peptidase 4,CC(C)C(Oc1ccc(CNC(=O)[C@@H]2CCCN2C(=O)CC(N)Cc2ccccc2F)cc1)C(=O)O.O=C(O)C(F)(F)F
1452406,CHEMBL365838,IC50,=,5.1,nM,8.29,CHEMBL284,Dipeptidyl peptidase 4,CCCCC(Oc1ccc(CNC(=O)[C@@H]2CCCN2C(=O)CC(N)Cc2ccccc2F)cc1)C(=O)O.O=C(O)C(F)(F)F
1452407,CHEMBL187963,IC50,=,82.0,nM,7.09,CHEMBL284,Dipeptidyl peptidase 4,C[C@@H](Oc1ccc(CNC(=O)[C@@H]2CCCN2C(=O)CC(N)Cc2ccccc2F)cc1)C(=O)O.O=C(O)C(F)(F)F
1452408,CHEMBL366286,IC50,=,12.0,nM,7.92,CHEMBL284,Dipeptidyl peptidase 4,C[C@H](Oc1ccc(CNC(=O)[C@@H]2CCCN2C(=O)CC(N)Cc2ccccc2F)cc1)C(=O)O.O=C(O)C(F)(F)F
1452409,CHEMBL365231,IC50,=,13.0,nM,7.89,CHEMBL284,Dipeptidyl peptidase 4,CC(C)[C@@H](Oc1ccc(CNC(=O)[C@@H]2CCCN2C(=O)CC(N)Cc2ccccc2F)cc1)C(=O)O.O=C(O)C(F)(F)F
1452410,CHEMBL364100,IC50,=,1.8,nM,8.74,CHEMBL284,Dipeptidyl peptidase 4,CC(C)[C@H](Oc1ccc(CNC(=O)[C@@H]2CCCN2C(=O)CC(N)Cc2ccccc2F)cc1)C(=O)O.O=C(O)C(F)(F)F
1452411,CHEMBL364101,IC50,=,18.0,nM,7.75,CHEMBL284,Dipeptidyl peptidase 4,CC(C)[C@@H](Oc1ccc(CNC(=O)[C@@H]2CCCN2C(=O)CC(N)Cc2ccccc2)cc1)C(=O)O.O=C(O)C(F)(F)F
1452412,CHEMBL364102,IC50,=,0.48,nM,9.32,CHEMBL284,Dipeptidyl peptidase 4,CC(C)[C@@H](Oc1ccc(CNC(=O)[C@@H]2CCCN2C(=O)CC(N)Cc2cc(F)ccc2F)cc1)C(=O)O.O=C(O)C(F)(F)F
1452524,CHEMBL364103,IC50,=,1.6,nM,8.80,CHEMBL284,Dipeptidyl peptidase 4,CC(C)[C@@H](Oc1ccc(CNC(=O)[C@@H]2CCCN2C(=O)CC(N)Cc2cc(F)c(F)cc2F)cc1)C(=O)O.O=C(O)C(F)(F)F
1452527,CHEMBL183289,IC50,=,8.2,nM,8.09,CHEMBL284,Dipeptidyl peptidase 4,CC(C)[C@@H](Oc1ccc(CNC(=O)[C@@H]2CCCN2C(=O)CC(N)Cc2c(F)c(F)c(F)c(F)c2F)cc1)C(=O)O.O=C(O)C(F)(F)F
1452918,CHEMBL364140,IC50,=,0.83,nM,9.08,CHEMBL284,Dipeptidyl peptidase 4,CC(C)[C@@H](Oc1ccc(CNC(=O)[C@@H]2CCCN2C(=O)CC(N)Cc2ccc(C(F)(F)F)cc2F)cc1)C(=O)O.O=C(O)C(F)(F)F
1452919,CHEMBL184177,IC50,=,9.5,nM,8.02,CHEMBL284,Dipeptidyl peptidase 4,CC(C)[C@@H](Oc1ccc(CNC(=O)[C@@H]2CCCN2C(=O)CC(N)Cc2cc(F)c(C(F)(F)F)cc2F)cc1)C(=O)O.O=C(O)C(F)(F)F
1452920,CHEMBL366047,IC50,=,33.0,nM,7.48,CHEMBL284,Dipeptidyl peptidase 4,Cc1ccc(F)cc1CC(N)CC(=O)N1CCC[C@H]1C(=O)NCc1ccc(O[C@@H](C(=O)O)C(C)C)cc1.O=C(O)C(F)(F)F
1452921,CHEMBL366048,IC50,=,1.7,nM,8.77,CHEMBL284,Dipeptidyl peptidase 4,CC(C)[C@@H](Oc1ccc(CNC(=O)[C@@H]2CCCN2C(=O)CC(N)Cc2ccc(F)cc2Cl)cc1)C(=O)O.O=C(O)C(F)(F)F
1452922,CHEMBL184527,IC50,=,1.6,nM,8.80,CHEMBL284,Dipeptidyl peptidase 4,CC(C)[C@@H](Oc1ccc(CNC(=O)[C@@H]2CCCN2C(=O)CC(N)Cc2cc(Cl)ccc2F)cc1)C(=O)O.O=C(O)C(F)(F)F
1452923,CHEMBL184630,IC50,=,12.0,nM,7.92,CHEMBL284,Dipeptidyl peptidase 4,CC(C)[C@@H](Oc1ccc(CNC(=O)[C@@H]2CCCN2C(=O)CC(N)Cc2cc(C(F)(F)F)ccc2F)cc1)C(=O)O.O=C(O)C(F)(F)F
1452924,CHEMBL365280,IC50,=,295.0,nM,6.53,CHEMBL284,Dipeptidyl peptidase 4,CC(C)[C@@H](Oc1ccc(CNC(=O)[C@@H]2CCCN2C(=O)CC(N)Cc2cccc(OC(F)(F)F)c2)cc1)C(=O)O.O=C(O)C(F)(F)F
1452925,CHEMBL451492,IC50,=,161.0,nM,6.79,CHEMBL284,Dipeptidyl peptidase 4,NC(CC(=O)N1CSC[C@H]1C(=O)NCc1ccc(CC(=O)O)cc1)Cc1ccccc1.O=C(O)C(F)(F)F
1452926,CHEMBL186482,IC50,=,87.0,nM,7.06,CHEMBL284,Dipeptidyl peptidase 4,COC(=O)Cc1ccc(CNC(=O)[C@@H]2CSCN2C(=O)CC(N)Cc2ccccc2F)cc1.O=C(O)C(F)(F)F
1452939,CHEMBL183060,IC50,=,37.0,nM,7.43,CHEMBL284,Dipeptidyl peptidase 4,NC(CC(=O)N1CSC[C@H]1C(=O)NCc1ccc(CC(=O)O)cc1)Cc1ccccc1F.O=C(O)C(F)(F)F
1463617,CHEMBL77538,IC50,=,22.0,nM,7.66,CHEMBL284,Dipeptidyl peptidase 4,N#Cc1ccc(NCCNCC(=O)N2CCC[C@H]2C#N)nc1
1463619,CHEMBL142703,IC50,=,3.5,nM,8.46,CHEMBL284,Dipeptidyl peptidase 4,N#C[C@@H]1CCCN1C(=O)CNC12CC3CC(CC(O)(C3)C1)C2
1463620,CHEMBL186566,IC50,=,4.0,nM,8.40,CHEMBL284,Dipeptidyl peptidase 4,COc1ccc2c(c1)CN[C@H](C(=O)N1CCC[C@H]1C#N)C2
1463621,CHEMBL98408,Ki,=,126.0,nM,6.90,CHEMBL284,Dipeptidyl peptidase 4,CC[C@H](C)[C@H](N)C(=O)N1CCSC1
1463622,CHEMBL278393,Ki,=,64.0,nM,7.19,CHEMBL284,Dipeptidyl peptidase 4,N[C@H](C(=O)N1CCCC1)C1CCCCC1
1463623,CHEMBL497992,IC50,=,2.6,nM,8.59,CHEMBL284,Dipeptidyl peptidase 4,N[C@H](C(=O)N1CCCC1)[C@H]1CC[C@H](NS(=O)(=O)c2ccc(NS(=O)(=O)CC(F)(F)F)cc2)CC1
1463624,CHEMBL365000,IC50,=,5.0,nM,8.30,CHEMBL284,Dipeptidyl peptidase 4,CC(C)=CCn1c(N2CCCC(N)C2)nc2c1c(=O)n(CC(=O)c1ccccc1)c(=O)n2C
1463625,CHEMBL186406,IC50,=,320.0,nM,6.50,CHEMBL284,Dipeptidyl peptidase 4,CCOC(=O)c1cnc(CN)c2c(OC)cc(OC)cc12
1463626,CHEMBL186308,IC50,=,250.0,nM,6.60,CHEMBL284,Dipeptidyl peptidase 4,CC(=O)Nc1ccc2c(=O)n(CC(C)C)c(CN)c(-c3ccccc3)c2c1
1463627,CHEMBL67279,Ki,=,2.0,nM,8.70,CHEMBL284,Dipeptidyl peptidase 4,CC(C)[C@H](N)C(=O)N1CCC[C@H]1B(O)O
1463629,CHEMBL363250,IC50,=,7.0,nM,8.15,CHEMBL284,Dipeptidyl peptidase 4,CC(C)(C)[C@H](N)C(=O)N1CCC[C@H]1C#N
1479733,CHEMBL189645,IC50,=,980.0,nM,6.01,CHEMBL284,Dipeptidyl peptidase 4,N[C@@H](Cc1ccc(-c2ccc(F)cc2)cc1)C(=O)N1CC[C@H](F)C1.O=C(O)C(F)(F)F
1479737,CHEMBL189881,IC50,=,64.0,nM,7.19,CHEMBL284,Dipeptidyl peptidase 4,C[C@@H](c1ccc(-c2ccc(F)cc2)cc1)[C@H](N)C(=O)N1CC[C@H](F)C1.O=C(O)C(F)(F)F
1479853,CHEMBL365567,IC50,=,390.0,nM,6.41,CHEMBL284,Dipeptidyl peptidase 4,N[C@H](C(=O)N1CC[C@H](F)C1)[C@@H](CO)c1ccc(-c2ccc(F)cc2)cc1.O=C(O)C(F)(F)F
1479857,CHEMBL189046,IC50,=,1600.0,nM,5.80,CHEMBL284,Dipeptidyl peptidase 4,CN(C)C[C@@H](c1ccc(-c2ccc(F)cc2)cc1)[C@H](N)C(=O)N1CC[C@H](F)C1.O=C(O)C(F)(F)F
1479861,CHEMBL190031,IC50,=,3500.0,nM,5.46,CHEMBL284,Dipeptidyl peptidase 4,N[C@H](C(=O)N1CC[C@H](F)C1)[C@@H](CN1CCCC1)c1ccc(-c2ccc(F)cc2)cc1.O=C(O)C(F)(F)F
1479865,CHEMBL191327,IC50,=,6.6,nM,8.18,CHEMBL284,Dipeptidyl peptidase 4,N[C@H](C(=O)N1CC[C@H](F)C1)[C@@H](C(=O)O)c1ccc(-c2ccc(F)cc2)cc1.O=C(O)C(F)(F)F
1479872,CHEMBL372004,IC50,=,220.0,nM,6.66,CHEMBL284,Dipeptidyl peptidase 4,COC(=O)[C@@H](c1ccc(-c2ccc(F)cc2)cc1)[C@H](N)C(=O)N1CC[C@H](F)C1.O=C(O)C(F)(F)F
1479876,CHEMBL191208,IC50,=,110.0,nM,6.96,CHEMBL284,Dipeptidyl peptidase 4,NC(=O)[C@@H](c1ccc(-c2ccc(F)cc2)cc1)[C@H](N)C(=O)N1CC[C@H](F)C1.O=C(O)C(F)(F)F
1479880,CHEMBL190752,IC50,=,37.0,nM,7.43,CHEMBL284,Dipeptidyl peptidase 4,CNC(=O)[C@@H](c1ccc(-c2ccc(F)cc2)cc1)[C@H](N)C(=O)N1CC[C@H](F)C1.O=C(O)C(F)(F)F
1479893,CHEMBL191067,IC50,=,12.0,nM,7.92,CHEMBL284,Dipeptidyl peptidase 4,CN(C)C(=O)[C@@H](c1ccc(-c2ccc(F)cc2)cc1)[C@H](N)C(=O)N1CC[C@H](F)C1.O=C(O)C(F)(F)F
1479894,CHEMBL191067,IC50,=,39.0,nM,7.41,CHEMBL284,Dipeptidyl peptidase 4,CN(C)C(=O)[C@@H](c1ccc(-c2ccc(F)cc2)cc1)[C@H](N)C(=O)N1CC[C@H](F)C1.O=C(O)C(F)(F)F
1479895,CHEMBL191067,IC50,=,387.0,nM,6.41,CHEMBL284,Dipeptidyl peptidase 4,CN(C)C(=O)[C@@H](c1ccc(-c2ccc(F)cc2)cc1)[C@H](N)C(=O)N1CC[C@H](F)C1.O=C(O)C(F)(F)F
1480006,CHEMBL191067,IC50,=,376.0,nM,6.42,CHEMBL284,Dipeptidyl peptidase 4,CN(C)C(=O)[C@@H](c1ccc(-c2ccc(F)cc2)cc1)[C@H](N)C(=O)N1CC[C@H](F)C1.O=C(O)C(F)(F)F
1480022,CHEMBL191067,IC50,=,12.0,nM,7.92,CHEMBL284,Dipeptidyl peptidase 4,CN(C)C(=O)[C@@H](c1ccc(-c2ccc(F)cc2)cc1)[C@H](N)C(=O)N1CC[C@H](F)C1.O=C(O)C(F)(F)F
1480023,CHEMBL191067,IC50,=,18.0,nM,7.75,CHEMBL284,Dipeptidyl peptidase 4,CN(C)C(=O)[C@@H](c1ccc(-c2ccc(F)cc2)cc1)[C@H](N)C(=O)N1CC[C@H](F)C1.O=C(O)C(F)(F)F
1480024,CHEMBL359581,IC50,=,192.0,nM,6.72,CHEMBL284,Dipeptidyl peptidase 4,N[C@H](C(=O)N1CC[C@H](F)C1)[C@@H](Cn1cnnn1)c1ccc(-c2ccc(F)cc2)cc1.O=C(O)C(F)(F)F
1480028,CHEMBL189067,IC50,=,110.0,nM,6.96,CHEMBL284,Dipeptidyl peptidase 4,CCNC(=O)[C@@H](c1ccc(-c2ccc(F)cc2)cc1)[C@H](N)C(=O)N1CC[C@H](F)C1.O=C(O)C(F)(F)F
1480032,CHEMBL188643,IC50,=,99.0,nM,7.00,CHEMBL284,Dipeptidyl peptidase 4,CC(C)NC(=O)[C@@H](c1ccc(-c2ccc(F)cc2)cc1)[C@H](N)C(=O)N1CC[C@H](F)C1.O=C(O)C(F)(F)F
1480036,CHEMBL190788,IC50,=,71.0,nM,7.15,CHEMBL284,Dipeptidyl peptidase 4,N[C@H](C(=O)N1CC[C@H](F)C1)[C@@H](C(=O)NC1CC1)c1ccc(-c2ccc(F)cc2)cc1.O=C(O)C(F)(F)F
1480040,CHEMBL190593,IC50,=,94.0,nM,7.03,CHEMBL284,Dipeptidyl peptidase 4,N[C@H](C(=O)N1CC[C@H](F)C1)[C@@H](C(=O)NCCO)c1ccc(-c2ccc(F)cc2)cc1.O=C(O)C(F)(F)F
1480044,CHEMBL188444,IC50,=,11.0,nM,7.96,CHEMBL284,Dipeptidyl peptidase 4,N[C@H](C(=O)N1CC[C@H](F)C1)[C@@H](C(=O)Nn1cnnn1)c1ccc(-c2ccc(F)cc2)cc1.O=C(O)C(F)(F)F
1480051,CHEMBL425558,IC50,=,20.0,nM,7.70,CHEMBL284,Dipeptidyl peptidase 4,CCN(C)C(=O)[C@@H](c1ccc(-c2ccc(F)cc2)cc1)[C@H](N)C(=O)N1CC[C@H](F)C1.O=C(O)C(F)(F)F
1480167,CHEMBL364939,IC50,=,59.0,nM,7.23,CHEMBL284,Dipeptidyl peptidase 4,CCN(CC)C(=O)[C@@H](c1ccc(-c2ccc(F)cc2)cc1)[C@H](N)C(=O)N1CC[C@H](F)C1.O=C(O)C(F)(F)F
1480171,CHEMBL188043,IC50,=,44.0,nM,7.36,CHEMBL284,Dipeptidyl peptidase 4,N[C@H](C(=O)N1CC[C@H](F)C1)[C@@H](C(=O)N1CCC1)c1ccc(-c2ccc(F)cc2)cc1.O=C(O)C(F)(F)F
1480178,CHEMBL191258,IC50,=,9.2,nM,8.04,CHEMBL284,Dipeptidyl peptidase 4,N[C@H](C(=O)N1CC[C@H](F)C1)[C@@H](C(=O)N1CCCC1)c1ccc(-c2ccc(F)cc2)cc1.O=C(O)C(F)(F)F
1480185,CHEMBL370755,IC50,=,45.0,nM,7.35,CHEMBL284,Dipeptidyl peptidase 4,CON(C)C(=O)[C@@H](c1ccc(-c2ccc(F)cc2)cc1)[C@H](N)C(=O)N1CC[C@H](F)C1.O=C(O)C(F)(F)F
1480189,CHEMBL371588,IC50,=,67.0,nM,7.17,CHEMBL284,Dipeptidyl peptidase 4,CN(C)NC(=O)[C@@H](c1ccc(-c2ccc(F)cc2)cc1)[C@H](N)C(=O)N1CC[C@H](F)C1.O=C(O)C(F)(F)F
1480193,CHEMBL370509,IC50,=,100.0,nM,7.00,CHEMBL284,Dipeptidyl peptidase 4,CN(C)C(=O)[C@@H](c1ccc(-c2ccc(F)cc2)cc1)[C@H](N)C(=O)N1CCC1.O=C(O)C(F)(F)F
1480197,CHEMBL363115,IC50,=,17.0,nM,7.77,CHEMBL284,Dipeptidyl peptidase 4,CN(C)C(=O)[C@@H](c1ccc(-c2ccc(F)cc2)cc1)[C@H](N)C(=O)N1CC(F)C1.O=C(O)C(F)(F)F
1480201,CHEMBL364355,IC50,=,29.0,nM,7.54,CHEMBL284,Dipeptidyl peptidase 4,CN(C)C(=O)[C@@H](c1ccc(-c2ccc(F)cc2)cc1)[C@H](N)C(=O)N1CC(F)(F)C1.O=C(O)C(F)(F)F
1480205,CHEMBL190466,IC50,=,7.5,nM,8.12,CHEMBL284,Dipeptidyl peptidase 4,CN(C)C(=O)[C@@H](c1ccc(-c2ccc(F)cc2)cc1)[C@H](N)C(=O)N1CCCC1.O=C(O)C(F)(F)F
1480324,CHEMBL372486,IC50,=,30.0,nM,7.52,CHEMBL284,Dipeptidyl peptidase 4,CN(C)C(=O)[C@@H](c1ccc(-c2ccc(F)cc2)cc1)[C@H](N)C(=O)N1CC[C@@H](F)C1.O=C(O)C(F)(F)F
1480328,CHEMBL191337,IC50,=,27.0,nM,7.57,CHEMBL284,Dipeptidyl peptidase 4,CN(C)C(=O)[C@@H](c1ccc(-c2ccc(F)cc2)cc1)[C@H](N)C(=O)N1CCC(F)(F)C1.O=C(O)C(F)(F)F
1480332,CHEMBL190863,IC50,=,9.1,nM,8.04,CHEMBL284,Dipeptidyl peptidase 4,CN(C)C(=O)[C@@H](c1ccc(-c2ccc(F)cc2)cc1)[C@H](N)C(=O)N1CCSC1.O=C(O)C(F)(F)F
1480339,CHEMBL365967,IC50,=,230.0,nM,6.64,CHEMBL284,Dipeptidyl peptidase 4,CN(C)C(=O)[C@@H](c1ccc(-c2ccc(F)cc2)cc1)[C@H](N)C(=O)N1CCS(=O)(=O)C1.O=C(O)C(F)(F)F
1480343,CHEMBL189055,IC50,=,3.3,nM,8.48,CHEMBL284,Dipeptidyl peptidase 4,CN(C)C(=O)[C@@H](c1ccc(-c2ccc(F)cc2)cc1)[C@H](N)C(=O)N1CCC[C@H]1C#N.O=C(O)C(F)(F)F
1480347,CHEMBL190923,IC50,=,550.0,nM,6.26,CHEMBL284,Dipeptidyl peptidase 4,CN(C)C(=O)[C@@H](c1ccc(-c2ccc(F)cc2)cc1)[C@H](N)C(=O)N1CCCCC1.O=C(O)C(F)(F)F
1480351,CHEMBL371347,IC50,=,520.0,nM,6.28,CHEMBL284,Dipeptidyl peptidase 4,CN(C)C(=O)[C@@H](c1ccc(-c2ccc(F)cc2)cc1)[C@H](N)C(=O)N1CCOCC1.O=C(O)C(F)(F)F
1480355,CHEMBL188096,IC50,=,13.0,nM,7.89,CHEMBL284,Dipeptidyl peptidase 4,CN(C)C(=O)[C@@H](c1ccc(-c2ccc(F)cc2F)cc1)[C@H](N)C(=O)N1CC[C@H](F)C1.O=C(O)C(F)(F)F
1480359,CHEMBL190217,IC50,=,21.0,nM,7.68,CHEMBL284,Dipeptidyl peptidase 4,CN(C)C(=O)[C@@H](c1ccc(-c2ccc(F)c(F)c2)cc1)[C@H](N)C(=O)N1CC[C@H](F)C1.O=C(O)C(F)(F)F
1480363,CHEMBL191486,IC50,=,56.0,nM,7.25,CHEMBL284,Dipeptidyl peptidase 4,CN(C)C(=O)[C@@H](c1ccc(-c2cc(F)ccc2F)cc1)[C@H](N)C(=O)N1CC[C@H](F)C1.O=C(O)C(F)(F)F
1480367,CHEMBL190269,IC50,=,43.0,nM,7.37,CHEMBL284,Dipeptidyl peptidase 4,CN(C)C(=O)[C@@H](c1ccc(-c2cccc(C#N)c2)cc1)[C@H](N)C(=O)N1CC[C@H](F)C1.O=C(O)C(F)(F)F
1480489,CHEMBL191473,IC50,=,2.2,nM,8.66,CHEMBL284,Dipeptidyl peptidase 4,CN(C)C(=O)[C@@H](c1ccc(-c2cccc(-n3cnnn3)c2)cc1)[C@H](N)C(=O)N1CC[C@H](F)C1.O=C(O)C(F)(F)F
1480496,CHEMBL370677,IC50,=,21.0,nM,7.68,CHEMBL284,Dipeptidyl peptidase 4,CN(C)C(=O)[C@@H](c1ccc(-c2cccc(S(C)(=O)=O)c2)cc1)[C@H](N)C(=O)N1CC[C@H](F)C1.O=C(O)C(F)(F)F
1480503,CHEMBL541919,IC50,=,19.0,nM,7.72,CHEMBL284,Dipeptidyl peptidase 4,CN(C)C(=O)[C@@H](c1ccc(-c2cccc(-[n+]3ccccc3)c2)cc1)[C@H](N)C(=O)N1CC[C@H](F)C1.O=C([O-])C(F)(F)F
1480507,CHEMBL552503,IC50,=,20.0,nM,7.70,CHEMBL284,Dipeptidyl peptidase 4,CN(C)C(=O)[C@@H](c1ccc(-c2ccc(-[n+]3ccccc3)cc2)cc1)[C@H](N)C(=O)N1CC[C@H](F)C1.O=C([O-])C(F)(F)F
1485679,CHEMBL98408,IC50,=,1660.0,nM,5.78,CHEMBL284,Dipeptidyl peptidase 4,CC[C@H](C)[C@H](N)C(=O)N1CCSC1
1485682,CHEMBL369883,IC50,=,63.0,nM,7.20,CHEMBL284,Dipeptidyl peptidase 4,COc1cc2c(cc1OC)CN(C(=O)C[C@H](N)C(=O)N1CCC[C@H]1C#N)CC2
1485695,CHEMBL362018,IC50,=,227.0,nM,6.64,CHEMBL284,Dipeptidyl peptidase 4,N#C[C@@H]1CCCN1C(=O)[C@@H](N)CC(=O)N1CCN(C(c2ccc(F)cc2)c2ccc(F)cc2)CC1
1485710,CHEMBL179289,IC50,=,99.0,nM,7.00,CHEMBL284,Dipeptidyl peptidase 4,N#C[C@@H]1CCCN1C(=O)[C@@H](N)CC(=O)N1CCc2ccccc2C1
1485712,CHEMBL193105,IC50,=,45.0,nM,7.35,CHEMBL284,Dipeptidyl peptidase 4,COc1cc2c(cc1OC)C(CCO)N(C(=O)C[C@H](N)C(=O)N1CCC[C@H]1C#N)CC2
1485714,CHEMBL192116,IC50,=,47.0,nM,7.33,CHEMBL284,Dipeptidyl peptidase 4,COc1cc2c(cc1OC)C(C(C)C)N(C(=O)C[C@H](N)C(=O)N1CCC[C@H]1C#N)CC2
1485949,CHEMBL373148,IC50,=,73.0,nM,7.14,CHEMBL284,Dipeptidyl peptidase 4,COc1cc2c(cc1OC)C(C(C)(C)C)N(C(=O)C[C@H](N)C(=O)N1CCC[C@H]1C#N)CC2
1485951,CHEMBL193202,IC50,=,72.0,nM,7.14,CHEMBL284,Dipeptidyl peptidase 4,COc1ccc2c(c1)CCN(C(=O)C[C@H](N)C(=O)N1CCC[C@H]1C#N)C2C(C)(C)C
1485953,CHEMBL191866,IC50,=,195.0,nM,6.71,CHEMBL284,Dipeptidyl peptidase 4,COc1ccc2c(c1)C(C(C)(C)C)N(C(=O)C[C@H](N)C(=O)N1CCC[C@H]1C#N)CC2
1485971,CHEMBL364922,IC50,=,87.0,nM,7.06,CHEMBL284,Dipeptidyl peptidase 4,N#Cc1ccc[n+](N2CCN(C(=O)C[C@H](N)C(=O)N3CCC[C@H]3C#N)CC2)c1
1485973,CHEMBL190029,IC50,=,123.0,nM,6.91,CHEMBL284,Dipeptidyl peptidase 4,N#C[C@@H]1CCCN1C(=O)[C@@H](N)CC(=O)N1CCN(C(=O)c2ccccc2)CC1
1485975,CHEMBL365113,IC50,=,238.0,nM,6.62,CHEMBL284,Dipeptidyl peptidase 4,N#C[C@@H]1CCCN1C(=O)[C@@H](N)CC(=O)NCc1ccccc1
1485985,CHEMBL190183,IC50,=,97.0,nM,7.01,CHEMBL284,Dipeptidyl peptidase 4,COc1cc2c(cc1OC)C(Cc1ccccc1)N(C(=O)C[C@H](N)C(=O)N1CCC[C@H]1C#N)CC2
1486865,CHEMBL3350930,Ki,=,57.0,nM,7.24,CHEMBL284,Dipeptidyl peptidase 4,C=CC(C)(C)[C@H](N)C(=O)N1[C@H](C#N)C[C@@H]2C[C@@H]21
1486966,CHEMBL3350922,Ki,=,25.0,nM,7.60,CHEMBL284,Dipeptidyl peptidase 4,C=CC(CC)(CC)[C@H](N)C(=O)N1[C@H](C#N)C[C@@H]2C[C@@H]21
1486969,CHEMBL3350923,Ki,=,12.0,nM,7.92,CHEMBL284,Dipeptidyl peptidase 4,C=CC1([C@H](N)C(=O)N2[C@H](C#N)C[C@@H]3C[C@@H]32)CCC1
1486972,CHEMBL3350932,Ki,=,3.9,nM,8.41,CHEMBL284,Dipeptidyl peptidase 4,C=CC1([C@H](N)C(=O)N2[C@H](C#N)C[C@@H]3C[C@@H]32)CCCC1
1486976,CHEMBL3350934,Ki,=,1.4,nM,8.85,CHEMBL284,Dipeptidyl peptidase 4,C=CC1([C@H](N)C(=O)N2[C@H](C#N)C[C@@H]3C[C@@H]32)CCCCC1
1486979,CHEMBL3350927,Ki,=,10.0,nM,8.00,CHEMBL284,Dipeptidyl peptidase 4,C=CC1([C@H](N)C(=O)N2[C@H](C#N)C[C@@H]3C[C@@H]32)CCCCCC1
1486982,CHEMBL3350928,Ki,=,10.0,nM,8.00,CHEMBL284,Dipeptidyl peptidase 4,C=CC1([C@H](N)C(=O)N2[C@H](C#N)C[C@@H]3C[C@@H]32)CCOCC1
1486985,CHEMBL3350920,Ki,=,7.1,nM,8.15,CHEMBL284,Dipeptidyl peptidase 4,CCC(C)(C)[C@H](N)C(=O)N1[C@H](C#N)C[C@@H]2C[C@@H]21
1486988,CHEMBL3350921,Ki,=,31.0,nM,7.51,CHEMBL284,Dipeptidyl peptidase 4,CCC(CC)(CC)[C@H](N)C(=O)N1[C@H](C#N)C[C@@H]2C[C@@H]21
1486991,CHEMBL3350924,Ki,=,5.5,nM,8.26,CHEMBL284,Dipeptidyl peptidase 4,CCC1([C@H](N)C(=O)N2[C@H](C#N)C[C@@H]3C[C@@H]32)CCCC1
1486994,CHEMBL3350925,Ki,=,21.0,nM,7.68,CHEMBL284,Dipeptidyl peptidase 4,CCC1([C@H](N)C(=O)N2[C@H](C#N)C[C@@H]3C[C@@H]32)CCOCC1
1487095,CHEMBL3350931,Ki,=,42.0,nM,7.38,CHEMBL284,Dipeptidyl peptidase 4,N#C[C@@H]1C[C@@H]2C[C@@H]2N1C(=O)[C@@H](N)C1(CO)CCC1
1487098,CHEMBL3350933,Ki,=,7.4,nM,8.13,CHEMBL284,Dipeptidyl peptidase 4,N#C[C@@H]1C[C@@H]2C[C@@H]2N1C(=O)[C@@H](N)C1(CO)CCCC1
1487106,CHEMBL3350926,Ki,=,8.0,nM,8.10,CHEMBL284,Dipeptidyl peptidase 4,N#C[C@@H]1C[C@@H]2C[C@@H]2N1C(=O)[C@@H](N)C1(CO)CCCCC1
1487109,CHEMBL3350929,Ki,=,143.0,nM,6.84,CHEMBL284,Dipeptidyl peptidase 4,N#C[C@@H]1C[C@@H]2C[C@@H]2N1C(=O)[C@@H](N)C1(C(O)CO)CCCC1
1487112,CHEMBL3350935,Ki,=,0.9,nM,9.05,CHEMBL284,Dipeptidyl peptidase 4,N#C[C@@H]1C[C@@H]2C[C@@H]2N1C(=O)[C@@H](N)C12CC3CC(CC(C3)C1)C2
1487117,CHEMBL385517,Ki,=,0.6,nM,9.22,CHEMBL284,Dipeptidyl peptidase 4,N#C[C@@H]1C[C@@H]2C[C@@H]2N1C(=O)[C@@H](N)C12CC3CC(CC(O)(C3)C1)C2
1487127,CHEMBL3350936,Ki,=,2.1,nM,8.68,CHEMBL284,Dipeptidyl peptidase 4,N#C[C@@H]1C[C@@H]2C[C@@H]2N1C(=O)[C@@H](N)C12CC3CC(O)(CC(O)(C3)C1)C2
1487232,CHEMBL3350937,Ki,=,1.8,nM,8.74,CHEMBL284,Dipeptidyl peptidase 4,N#C[C@@H]1C[C@@H]2C[C@@H]2N1C(=O)[C@@H](N)C12CC3CC(CC(F)(C3)C1)C2
1487261,CHEMBL142703,IC50,=,51.0,nM,7.29,CHEMBL284,Dipeptidyl peptidase 4,N#C[C@@H]1CCCN1C(=O)CNC12CC3CC(CC(O)(C3)C1)C2
1487264,CHEMBL77538,IC50,=,53.0,nM,7.28,CHEMBL284,Dipeptidyl peptidase 4,N#Cc1ccc(NCCNCC(=O)N2CCC[C@H]2C#N)nc1
1487529,CHEMBL307636,IC50,=,12.0,nM,7.92,CHEMBL284,Dipeptidyl peptidase 4,N#C[C@@H]1CCCN1C(=O)[C@@H](N)C1CCCCC1
1488473,CHEMBL191274,IC50,=,212.0,nM,6.67,CHEMBL284,Dipeptidyl peptidase 4,CC(C)C(NC(=O)C[C@H](N)C(=O)N1CCC[C@H]1C#N)c1ccccc1
1488475,CHEMBL189220,IC50,=,251.0,nM,6.60,CHEMBL284,Dipeptidyl peptidase 4,CC(C)(C)C(NC(=O)C[C@H](N)C(=O)N1CCC[C@H]1C#N)c1ccccc1
1488477,CHEMBL191577,IC50,=,116.0,nM,6.94,CHEMBL284,Dipeptidyl peptidase 4,COc1ccc(CCNC(=O)C[C@H](N)C(=O)N2CCC[C@H]2C#N)cc1OC
1488577,CHEMBL359759,IC50,=,252.0,nM,6.60,CHEMBL284,Dipeptidyl peptidase 4,N#C[C@@H]1CCCN1C(=O)[C@@H](N)CC(=O)NC(Cc1ccccc1)c1ccccc1
1488600,CHEMBL192733,IC50,=,182.0,nM,6.74,CHEMBL284,Dipeptidyl peptidase 4,COCC(Cc1ccccc1)NC(=O)C[C@H](N)C(=O)N1CCC[C@H]1C#N
1488602,CHEMBL193106,IC50,=,305.0,nM,6.52,CHEMBL284,Dipeptidyl peptidase 4,CC(C)C(Cc1ccccc1)NC(=O)C[C@H](N)C(=O)N1CCC[C@H]1C#N
1489233,CHEMBL189258,IC50,=,140.0,nM,6.85,CHEMBL284,Dipeptidyl peptidase 4,CCC(NC(=O)C[C@H](N)C(=O)N1CCC[C@H]1C#N)c1ccccc1
1495788,CHEMBL193168,IC50,=,6.7,nM,8.17,CHEMBL284,Dipeptidyl peptidase 4,N#C[C@@H]1CCCN1C(=O)[C@@H]1C[C@H](NS(=O)(=O)c2ccccc2)CN1
1495793,CHEMBL195063,IC50,=,0.33,nM,9.48,CHEMBL284,Dipeptidyl peptidase 4,COc1ccc(N[C@@H]2CN[C@H](C(=O)N3CCC[C@H]3C#N)C2)cc1
1495795,CHEMBL433811,IC50,=,0.28,nM,9.55,CHEMBL284,Dipeptidyl peptidase 4,COc1ccc(N[C@@H]2CN[C@H](C(=O)N3CCC[C@H]3C#N)C2)cc1OC
1495797,CHEMBL371143,IC50,=,0.19,nM,9.72,CHEMBL284,Dipeptidyl peptidase 4,N#Cc1ccc(N[C@@H]2CN[C@H](C(=O)N3CCC[C@H]3C#N)C2)cc1
1495799,CHEMBL370540,IC50,=,0.18,nM,9.74,CHEMBL284,Dipeptidyl peptidase 4,N#C[C@@H]1CCCN1C(=O)[C@@H]1C[C@H](Nc2ccc([N+](=O)[O-])cc2)CN1
1495801,CHEMBL370046,IC50,=,0.13,nM,9.89,CHEMBL284,Dipeptidyl peptidase 4,N#Cc1ccc(N[C@@H]2CN[C@H](C(=O)N3CCC[C@H]3C#N)C2)cc1C#N
1495803,CHEMBL194717,IC50,=,0.13,nM,9.89,CHEMBL284,Dipeptidyl peptidase 4,N#Cc1ccc(N[C@@H]2CN[C@H](C(=O)N3CCC[C@H]3C#N)C2)cc1Cl
1495805,CHEMBL22310,IC50,=,48.0,nM,7.32,CHEMBL284,Dipeptidyl peptidase 4,N[C@H](C(=O)N1CC[C@H](F)C1)[C@H]1CC[C@H](NS(=O)(=O)c2ccc(F)cc2F)CC1
1495808,CHEMBL98408,IC50,=,420.0,nM,6.38,CHEMBL284,Dipeptidyl peptidase 4,CC[C@H](C)[C@H](N)C(=O)N1CCSC1
1495811,CHEMBL191775,IC50,=,460.0,nM,6.34,CHEMBL284,Dipeptidyl peptidase 4,CC[C@@H](C)[C@H](N)C(=O)N1CCSC1
1495814,CHEMBL192983,IC50,=,968.0,nM,6.01,CHEMBL284,Dipeptidyl peptidase 4,C[C@@H](c1ccccc1)[C@H](N)C(=O)N1CCSC1
1495820,CHEMBL362973,IC50,=,1400.0,nM,5.85,CHEMBL284,Dipeptidyl peptidase 4,C[C@@H](c1ccccc1)[C@H](N)C(=O)N1CC[C@H](F)C1.O=C(O)C(F)(F)F
1495824,CHEMBL362976,IC50,=,1100.0,nM,5.96,CHEMBL284,Dipeptidyl peptidase 4,C[C@@H](c1ccccc1F)[C@H](N)C(=O)N1CC[C@H](F)C1.O=C(O)C(F)(F)F
1495914,CHEMBL370734,IC50,=,480.0,nM,6.32,CHEMBL284,Dipeptidyl peptidase 4,C[C@@H](c1ccc(Cl)cc1F)[C@H](N)C(=O)N1CC[C@H](F)C1.O=C(O)C(F)(F)F
1495918,CHEMBL195862,IC50,=,4200.0,nM,5.38,CHEMBL284,Dipeptidyl peptidase 4,C[C@@H](c1ccc(F)cc1Cl)[C@H](N)C(=O)N1CC[C@H](F)C1.O=C(O)C(F)(F)F
1495922,CHEMBL191652,IC50,=,54000.0,nM,4.27,CHEMBL284,Dipeptidyl peptidase 4,C[C@@H](c1ccc(F)cc1C(F)(F)F)[C@H](N)C(=O)N1CC[C@H](F)C1.O=C(O)C(F)(F)F
1495926,CHEMBL191823,IC50,=,3700.0,nM,5.43,CHEMBL284,Dipeptidyl peptidase 4,C[C@@H](c1cccc(F)c1)[C@H](N)C(=O)N1CC[C@H](F)C1.O=C(O)C(F)(F)F
1495930,CHEMBL192781,IC50,=,1100.0,nM,5.96,CHEMBL284,Dipeptidyl peptidase 4,C[C@@H](c1cccc(Cl)c1)[C@H](N)C(=O)N1CC[C@H](F)C1.O=C(O)C(F)(F)F
1495934,CHEMBL195270,IC50,=,3700.0,nM,5.43,CHEMBL284,Dipeptidyl peptidase 4,C[C@@H](c1cc(F)cc(F)c1)[C@H](N)C(=O)N1CC[C@H](F)C1.O=C(O)C(F)(F)F
1495938,CHEMBL366173,IC50,=,1100.0,nM,5.96,CHEMBL284,Dipeptidyl peptidase 4,C[C@@H](c1ccc(F)c(F)c1)[C@H](N)C(=O)N1CC[C@H](F)C1.O=C(O)C(F)(F)F
1495943,CHEMBL364093,IC50,=,2800.0,nM,5.55,CHEMBL284,Dipeptidyl peptidase 4,C[C@@H](c1ccc(F)c(Cl)c1)[C@H](N)C(=O)N1CC[C@H](F)C1.O=C(O)C(F)(F)F
1495950,CHEMBL365575,IC50,=,280.0,nM,6.55,CHEMBL284,Dipeptidyl peptidase 4,C[C@@H](c1ccc(F)cc1)[C@H](N)C(=O)N1CC[C@H](F)C1.O=C(O)C(F)(F)F
1496042,CHEMBL191354,IC50,=,250.0,nM,6.60,CHEMBL284,Dipeptidyl peptidase 4,C[C@@H](c1ccc(Br)cc1)[C@H](N)C(=O)N1CC[C@H](F)C1.O=C(O)C(F)(F)F
1496046,CHEMBL190454,IC50,=,170.0,nM,6.77,CHEMBL284,Dipeptidyl peptidase 4,C[C@@H](c1ccc(Cl)cc1)[C@H](N)C(=O)N1CC[C@H](F)C1.O=C(O)C(F)(F)F
1496050,CHEMBL192365,IC50,=,360.0,nM,6.44,CHEMBL284,Dipeptidyl peptidase 4,CSc1ccc([C@H](C)[C@H](N)C(=O)N2CC[C@H](F)C2)cc1.O=C(O)C(F)(F)F
1496054,CHEMBL194489,IC50,=,600.0,nM,6.22,CHEMBL284,Dipeptidyl peptidase 4,C[C@@H](c1ccc(C(F)(F)F)cc1)[C@H](N)C(=O)N1CC[C@H](F)C1.O=C(O)C(F)(F)F
1496058,CHEMBL370079,IC50,=,3600.0,nM,5.44,CHEMBL284,Dipeptidyl peptidase 4,C[C@@H](c1ccc(S(C)(=O)=O)cc1)[C@H](N)C(=O)N1CC[C@H](F)C1.O=C(O)C(F)(F)F
1496062,CHEMBL369888,IC50,=,770.0,nM,6.11,CHEMBL284,Dipeptidyl peptidase 4,COc1ccc([C@H](C)[C@H](N)C(=O)N2CC[C@H](F)C2)cc1.O=C(O)C(F)(F)F
1496066,CHEMBL191933,IC50,=,120.0,nM,6.92,CHEMBL284,Dipeptidyl peptidase 4,C[C@@H](c1ccc(-c2ccccc2)cc1)[C@H](N)C(=O)N1CC[C@H](F)C1.O=C(O)C(F)(F)F
1496070,CHEMBL365996,IC50,=,2000.0,nM,5.70,CHEMBL284,Dipeptidyl peptidase 4,C[C@@H](c1ccc(-c2ccccc2)c(F)c1)[C@H](N)C(=O)N1CC[C@H](F)C1.O=C(O)C(F)(F)F
1496074,CHEMBL362930,IC50,=,7900.0,nM,5.10,CHEMBL284,Dipeptidyl peptidase 4,C[C@@H](c1ccc(N2CCCCC2)cc1)[C@H](N)C(=O)N1CC[C@H](F)C1.O=C(O)C(F)(F)F
1496174,CHEMBL552788,IC50,=,1700.0,nM,5.77,CHEMBL284,Dipeptidyl peptidase 4,C[C@@H](c1ccc(C(=O)[n+]2ccc[nH]2)cc1)[C@H](N)C(=O)N1CC[C@H](F)C1.O=C([O-])C(F)(F)F
1496178,CHEMBL192396,IC50,=,1500.0,nM,5.82,CHEMBL284,Dipeptidyl peptidase 4,C[C@@H](c1ccc(-c2nccs2)cc1)[C@H](N)C(=O)N1CC[C@H](F)C1.O=C(O)C(F)(F)F
1496182,CHEMBL191858,IC50,=,240.0,nM,6.62,CHEMBL284,Dipeptidyl peptidase 4,C[C@@H](c1ccc(-c2ccccn2)cc1)[C@H](N)C(=O)N1CC[C@H](F)C1.O=C(O)C(F)(F)F
1496186,CHEMBL195205,IC50,=,110.0,nM,6.96,CHEMBL284,Dipeptidyl peptidase 4,C[C@@H](c1ccc(-c2cccnc2)cc1)[C@H](N)C(=O)N1CC[C@H](F)C1.O=C(O)C(F)(F)F
1496190,CHEMBL371846,IC50,=,110.0,nM,6.96,CHEMBL284,Dipeptidyl peptidase 4,C[C@@H](c1ccc(-c2ccncc2)cc1)[C@H](N)C(=O)N1CC[C@H](F)C1.O=C(O)C(F)(F)F
1496194,CHEMBL192449,IC50,=,580.0,nM,6.24,CHEMBL284,Dipeptidyl peptidase 4,C[C@@H](c1ccc(-c2cncnc2)cc1)[C@H](N)C(=O)N1CC[C@H](F)C1.O=C(O)C(F)(F)F
1496198,CHEMBL370240,IC50,=,100.0,nM,7.00,CHEMBL284,Dipeptidyl peptidase 4,C[C@@H](c1ccc(-c2ccccc2F)cc1)[C@H](N)C(=O)N1CC[C@H](F)C1.O=C(O)C(F)(F)F
1496202,CHEMBL191769,IC50,=,86.0,nM,7.07,CHEMBL284,Dipeptidyl peptidase 4,C[C@@H](c1ccc(-c2ccccc2Cl)cc1)[C@H](N)C(=O)N1CC[C@H](F)C1.O=C(O)C(F)(F)F
1496206,CHEMBL365953,IC50,=,110.0,nM,6.96,CHEMBL284,Dipeptidyl peptidase 4,COc1ccccc1-c1ccc([C@H](C)[C@H](N)C(=O)N2CC[C@H](F)C2)cc1.O=C(O)C(F)(F)F
1496210,CHEMBL425375,IC50,=,130.0,nM,6.89,CHEMBL284,Dipeptidyl peptidase 4,C[C@@H](c1ccc(-c2ccccc2C(F)(F)F)cc1)[C@H](N)C(=O)N1CC[C@H](F)C1.O=C(O)C(F)(F)F
1496316,CHEMBL372472,IC50,=,150.0,nM,6.82,CHEMBL284,Dipeptidyl peptidase 4,Cc1ccccc1-c1ccc([C@H](C)[C@H](N)C(=O)N2CC[C@H](F)C2)cc1.O=C(O)C(F)(F)F
1496320,CHEMBL192425,IC50,=,75.0,nM,7.12,CHEMBL284,Dipeptidyl peptidase 4,CCOC(=O)c1cccc(-c2ccc([C@H](C)[C@H](N)C(=O)N3CC[C@H](F)C3)cc2)c1.O=C(O)C(F)(F)F
1496324,CHEMBL263326,IC50,=,150.0,nM,6.82,CHEMBL284,Dipeptidyl peptidase 4,C[C@@H](c1ccc(-c2cccc(NS(C)(=O)=O)c2)cc1)[C@H](N)C(=O)N1CC[C@H](F)C1.O=C(O)C(F)(F)F
1496328,CHEMBL195755,IC50,=,56.0,nM,7.25,CHEMBL284,Dipeptidyl peptidase 4,C[C@@H](c1ccc(-c2cccc(C(=O)O)c2)cc1)[C@H](N)C(=O)N1CC[C@H](F)C1.O=C(O)C(F)(F)F
1496336,CHEMBL365780,IC50,=,110.0,nM,6.96,CHEMBL284,Dipeptidyl peptidase 4,C[C@@H](c1ccc(-c2cccc(S(C)(=O)=O)c2)cc1)[C@H](N)C(=O)N1CC[C@H](F)C1.O=C(O)C(F)(F)F
1496340,CHEMBL366031,IC50,=,140.0,nM,6.85,CHEMBL284,Dipeptidyl peptidase 4,C[C@@H](c1ccc(-c2cccc(S(N)(=O)=O)c2)cc1)[C@H](N)C(=O)N1CC[C@H](F)C1.O=C(O)C(F)(F)F
1496344,CHEMBL192117,IC50,=,27.0,nM,7.57,CHEMBL284,Dipeptidyl peptidase 4,C[C@@H](c1ccc(-c2cccc(NS(=O)(=O)C(F)(F)F)c2)cc1)[C@H](N)C(=O)N1CC[C@H](F)C1.O=C(O)C(F)(F)F
1496348,CHEMBL192421,IC50,=,100.0,nM,7.00,CHEMBL284,Dipeptidyl peptidase 4,C[C@@H](c1ccc(-c2cccc(C(N)=O)c2)cc1)[C@H](N)C(=O)N1CC[C@H](F)C1.O=C(O)C(F)(F)F
1496451,CHEMBL189881,IC50,=,64.0,nM,7.19,CHEMBL284,Dipeptidyl peptidase 4,C[C@@H](c1ccc(-c2ccc(F)cc2)cc1)[C@H](N)C(=O)N1CC[C@H](F)C1.O=C(O)C(F)(F)F
1497096,CHEMBL192980,IC50,=,510.0,nM,6.29,CHEMBL284,Dipeptidyl peptidase 4,C[C@@H](c1ccc(-c2ccc(C(F)(F)F)cc2)cc1)[C@H](N)C(=O)N1CC[C@H](F)C1.O=C(O)C(F)(F)F
1497809,CHEMBL195420,IC50,=,0.25,nM,9.60,CHEMBL284,Dipeptidyl peptidase 4,N#Cc1ccc(N[C@@H]2CN[C@H](C(=O)N3CCC[C@H]3C#N)C2)nc1
1497811,CHEMBL192165,IC50,=,6.6,nM,8.18,CHEMBL284,Dipeptidyl peptidase 4,N#Cc1ccc(N[C@H]2CN[C@H](C(=O)N3CCC[C@H]3C#N)C2)nc1
1497822,CHEMBL381626,IC50,=,2.9,nM,8.54,CHEMBL284,Dipeptidyl peptidase 4,N#C[C@@H]1CCCN1C(=O)[C@@H]1CCCN1
1497824,CHEMBL77538,IC50,=,1.4,nM,8.85,CHEMBL284,Dipeptidyl peptidase 4,N#Cc1ccc(NCCNCC(=O)N2CCC[C@H]2C#N)nc1
1497826,CHEMBL191699,IC50,=,9.7,nM,8.01,CHEMBL284,Dipeptidyl peptidase 4,N#C[C@@H]1CCCN1C(=O)[C@@H]1C[C@H](N)CN1
1497828,CHEMBL192882,IC50,=,3.0,nM,8.52,CHEMBL284,Dipeptidyl peptidase 4,N#C[C@@H]1CCCN1C(=O)[C@@H]1C[C@H](NC2CCCCC2)CN1
1497830,CHEMBL195335,IC50,=,0.53,nM,9.28,CHEMBL284,Dipeptidyl peptidase 4,N#C[C@@H]1CCCN1C(=O)[C@@H]1C[C@H](Nc2ccccc2)CN1
1497832,CHEMBL195804,IC50,=,4.6,nM,8.34,CHEMBL284,Dipeptidyl peptidase 4,N#C[C@@H]1CCCN1C(=O)[C@@H]1C[C@H](NCc2ccccc2)CN1
1497834,CHEMBL194993,IC50,=,1.9,nM,8.72,CHEMBL284,Dipeptidyl peptidase 4,N#C[C@@H]1CCCN1C(=O)[C@@H]1C[C@H](NCCc2ccccc2)CN1
1497836,CHEMBL539939,IC50,=,5.5,nM,8.26,CHEMBL284,Dipeptidyl peptidase 4,N#C[C@@H]1CCCN1C(=O)[C@@H]1C[C@H](NC(=O)c2ccccc2)CN1
1497838,CHEMBL371585,IC50,=,1.5,nM,8.82,CHEMBL284,Dipeptidyl peptidase 4,N#C[C@@H]1CCCN1C(=O)[C@@H]1C[C@H](NC(=O)Nc2ccccc2)CN1
1500100,CHEMBL195905,IC50,=,95.0,nM,7.02,CHEMBL284,Dipeptidyl peptidase 4,C[C@@H](c1ccc(-c2cccc(-c3n[nH]c(O)n3)c2)cc1)[C@H](N)C(=O)N1CC[C@H](F)C1.O=C(O)C(F)(F)F
1500121,CHEMBL364057,IC50,=,110.0,nM,6.96,CHEMBL284,Dipeptidyl peptidase 4,C[C@@H](c1ccc(-c2cccc(-c3c[nH]c(O)n3)c2)cc1)[C@H](N)C(=O)N1CC[C@H](F)C1.O=C(O)C(F)(F)F
1500378,CHEMBL190979,IC50,=,98.0,nM,7.01,CHEMBL284,Dipeptidyl peptidase 4,C[C@@H](c1ccc(-c2cccc(-c3nc[nH]n3)c2)cc1)[C@H](N)C(=O)N1CC[C@H](F)C1.O=C(O)C(F)(F)F
1500382,CHEMBL370033,IC50,=,140.0,nM,6.85,CHEMBL284,Dipeptidyl peptidase 4,C[C@@H](c1ccc(-c2cccc(-c3noc(C4CC4)n3)c2)cc1)[C@H](N)C(=O)N1CC[C@H](F)C1.O=C(O)C(F)(F)F
1500759,CHEMBL195378,IC50,=,6.0,nM,8.22,CHEMBL284,Dipeptidyl peptidase 4,C[C@@H](c1ccc(-c2cccc(-c3nn[nH]n3)c2)cc1)[C@H](N)C(=O)N1CC[C@H](F)C1.O=C(O)C(F)(F)F
1500770,CHEMBL370072,IC50,=,3.0,nM,8.52,CHEMBL284,Dipeptidyl peptidase 4,C[C@@H](c1ccc(-c2cccc(-c3noc(O)n3)c2)cc1)[C@H](N)C(=O)N1CC[C@H](F)C1.O=C(O)C(F)(F)F
1500970,CHEMBL195443,IC50,=,130.0,nM,6.89,CHEMBL284,Dipeptidyl peptidase 4,COc1ccc(-c2ccc([C@H](C)[C@H](N)C(=O)N3CC[C@H](F)C3)cc2)cc1.O=C(O)C(F)(F)F
1500974,CHEMBL191514,IC50,=,390.0,nM,6.41,CHEMBL284,Dipeptidyl peptidase 4,Cc1ccc(-c2ccc([C@H](C)[C@H](N)C(=O)N3CC[C@H](F)C3)cc2)cc1.O=C(O)C(F)(F)F
1501222,CHEMBL193887,IC50,=,710.0,nM,6.15,CHEMBL284,Dipeptidyl peptidase 4,C[C@@H](c1ccc(-c2ccc(NS(C)(=O)=O)cc2)cc1)[C@H](N)C(=O)N1CC[C@H](F)C1.O=C(O)C(F)(F)F
1501226,CHEMBL363175,IC50,=,440.0,nM,6.36,CHEMBL284,Dipeptidyl peptidase 4,CCOC(=O)c1ccc(-c2ccc([C@H](C)[C@H](N)C(=O)N3CC[C@H](F)C3)cc2)cc1.O=C(O)C(F)(F)F
1501481,CHEMBL191906,IC50,=,370.0,nM,6.43,CHEMBL284,Dipeptidyl peptidase 4,C[C@@H](c1ccc(-c2ccc(C(=O)O)cc2)cc1)[C@H](N)C(=O)N1CC[C@H](F)C1.O=C(O)C(F)(F)F
1501485,CHEMBL194437,IC50,=,420.0,nM,6.38,CHEMBL284,Dipeptidyl peptidase 4,C[C@@H](c1ccc(-c2ccc(S(C)(=O)=O)cc2)cc1)[C@H](N)C(=O)N1CC[C@H](F)C1.O=C(O)C(F)(F)F
1501501,CHEMBL191812,IC50,=,240.0,nM,6.62,CHEMBL284,Dipeptidyl peptidase 4,C[C@@H](c1ccc(-c2cc(F)cc(F)c2)cc1)[C@H](N)C(=O)N1CC[C@H](F)C1.O=C(O)C(F)(F)F
1501750,CHEMBL278729,IC50,=,150.0,nM,6.82,CHEMBL284,Dipeptidyl peptidase 4,C[C@@H](c1ccc(-c2cc(F)ccc2F)cc1)[C@H](N)C(=O)N1CC[C@H](F)C1.O=C(O)C(F)(F)F
1501769,CHEMBL195173,IC50,=,60.0,nM,7.22,CHEMBL284,Dipeptidyl peptidase 4,C[C@@H](c1ccc(-c2ccc(F)c(F)c2)cc1)[C@H](N)C(=O)N1CC[C@H](F)C1.O=C(O)C(F)(F)F
1502020,CHEMBL363584,IC50,=,37.0,nM,7.43,CHEMBL284,Dipeptidyl peptidase 4,C[C@@H](c1ccc(-c2ccc(F)cc2F)cc1)[C@H](N)C(=O)N1CC[C@H](F)C1.O=C(O)C(F)(F)F
1502038,CHEMBL195739,IC50,=,140.0,nM,6.85,CHEMBL284,Dipeptidyl peptidase 4,C[C@@H](c1ccc(-c2cccc(-n3cnnn3)c2)cc1)[C@H](N)C(=O)N1CC[C@H](F)C1.O=C(O)C(F)(F)F
1502055,CHEMBL195667,IC50,=,69.0,nM,7.16,CHEMBL284,Dipeptidyl peptidase 4,C[C@@H](c1ccc(-c2cccc(-c3nnco3)c2)cc1)[C@H](N)C(=O)N1CC[C@H](F)C1.O=C(O)C(F)(F)F
1519561,CHEMBL426469,IC50,=,250.0,nM,6.60,CHEMBL284,Dipeptidyl peptidase 4,Cc1[nH]nc2c1CN(C(=O)C[C@H](N)Cc1cc(F)ccc1F)CC2
1519565,CHEMBL197413,IC50,=,110.0,nM,6.96,CHEMBL284,Dipeptidyl peptidase 4,N[C@@H](CC(=O)N1CCc2n[nH]c(C(F)(F)F)c2C1)Cc1cc(F)ccc1F
1519569,CHEMBL195721,IC50,=,130.0,nM,6.89,CHEMBL284,Dipeptidyl peptidase 4,Cn1nc(C(F)(F)F)c2c1CCN(C(=O)C[C@H](N)Cc1cc(F)ccc1F)C2
1519573,CHEMBL191805,IC50,=,150.0,nM,6.82,CHEMBL284,Dipeptidyl peptidase 4,Cn1nc2c(c1C(F)(F)F)CN(C(=O)C[C@H](N)Cc1cc(F)ccc1F)CC2
1519577,CHEMBL196010,IC50,=,180.0,nM,6.75,CHEMBL284,Dipeptidyl peptidase 4,N[C@@H](CC(=O)N1CCc2c(c(C(F)(F)F)nn2CC(F)(F)F)C1)Cc1cc(F)ccc1F
1519581,CHEMBL194979,IC50,=,150.0,nM,6.82,CHEMBL284,Dipeptidyl peptidase 4,N[C@@H](CC(=O)N1CCc2nn(CC(F)(F)F)c(C(F)(F)F)c2C1)Cc1cc(F)ccc1F
1519585,CHEMBL193885,IC50,=,350.0,nM,6.46,CHEMBL284,Dipeptidyl peptidase 4,Cc1nn(-c2ccc(F)cc2)c2c1CN(C(=O)C[C@H](N)Cc1cc(F)ccc1F)CC2
1519704,CHEMBL196114,IC50,=,160.0,nM,6.80,CHEMBL284,Dipeptidyl peptidase 4,Cc1c2c(nn1-c1ccc(F)cc1)CCN(C(=O)C[C@H](N)Cc1cc(F)ccc1F)C2
1519708,CHEMBL370269,IC50,=,160.0,nM,6.80,CHEMBL284,Dipeptidyl peptidase 4,N[C@@H](CC(=O)N1CCc2n[nH]c(C(F)(F)C(F)(F)F)c2C1)Cc1cc(F)ccc1F
1519712,CHEMBL369894,IC50,=,220.0,nM,6.66,CHEMBL284,Dipeptidyl peptidase 4,Cn1nc(C(F)(F)C(F)(F)F)c2c1CCN(C(=O)C[C@H](N)Cc1cc(F)ccc1F)C2
1519717,CHEMBL366166,IC50,=,300.0,nM,6.52,CHEMBL284,Dipeptidyl peptidase 4,Cn1nc2c(c1C(F)(F)C(F)(F)F)CN(C(=O)C[C@H](N)Cc1cc(F)ccc1F)CC2
1519721,CHEMBL373268,IC50,=,270.0,nM,6.57,CHEMBL284,Dipeptidyl peptidase 4,N[C@@H](CC(=O)N1CCc2n[nH]c(-c3ccc(F)cc3)c2C1)Cc1cc(F)ccc1F
1519725,CHEMBL193802,IC50,=,780.0,nM,6.11,CHEMBL284,Dipeptidyl peptidase 4,Cn1nc(-c2ccc(F)cc2)c2c1CCN(C(=O)C[C@H](N)Cc1cc(F)ccc1F)C2
1519729,CHEMBL197301,IC50,=,150.0,nM,6.82,CHEMBL284,Dipeptidyl peptidase 4,Cn1nc2c(c1-c1ccc(F)cc1)CN(C(=O)C[C@H](N)Cc1cc(F)ccc1F)CC2
1519733,CHEMBL363606,IC50,=,130.0,nM,6.89,CHEMBL284,Dipeptidyl peptidase 4,N[C@@H](CC(=O)N1CCc2noc(C(F)(F)F)c2C1)Cc1cc(F)ccc1F
1519737,CHEMBL197300,IC50,=,39.0,nM,7.41,CHEMBL284,Dipeptidyl peptidase 4,N[C@@H](CC(=O)N1CCc2c(n[nH]c2C(F)(F)F)C1)Cc1cc(F)ccc1F
1519741,CHEMBL196938,IC50,=,72.0,nM,7.14,CHEMBL284,Dipeptidyl peptidase 4,Cn1nc(C(F)(F)F)c2c1CN(C(=O)C[C@H](N)Cc1cc(F)ccc1F)CC2
1519855,CHEMBL371521,IC50,=,130.0,nM,6.89,CHEMBL284,Dipeptidyl peptidase 4,Cn1nc2c(c1C(F)(F)F)CCN(C(=O)C[C@H](N)Cc1cc(F)ccc1F)C2
1519859,CHEMBL425905,IC50,=,160.0,nM,6.80,CHEMBL284,Dipeptidyl peptidase 4,N[C@@H](CC(=O)N1CCc2c(C3CC3)n[nH]c2C1)Cc1cc(F)ccc1F
1519863,CHEMBL195984,IC50,=,85.0,nM,7.07,CHEMBL284,Dipeptidyl peptidase 4,N[C@@H](CC(=O)N1CCc2c(noc2C(F)(F)F)C1)Cc1cc(F)ccc1F
1519868,CHEMBL364461,IC50,=,590.0,nM,6.23,CHEMBL284,Dipeptidyl peptidase 4,N[C@@H](CC(=O)N1CCCc2n[nH]c(C(F)(F)F)c21)Cc1cc(F)ccc1F
1519872,CHEMBL196333,IC50,=,480.0,nM,6.32,CHEMBL284,Dipeptidyl peptidase 4,Cc1nc2c(s1)CN(C(=O)C[C@H](N)Cc1cc(F)ccc1F)CC2
1519876,CHEMBL426649,IC50,=,310.0,nM,6.51,CHEMBL284,Dipeptidyl peptidase 4,N[C@@H](CC(=O)N1CCc2nc(C(F)(F)F)sc2C1)Cc1cc(F)ccc1F
1519880,CHEMBL195547,IC50,=,360.0,nM,6.44,CHEMBL284,Dipeptidyl peptidase 4,N[C@@H](CC(=O)N1CCc2nc(-c3ccc(F)cc3)sc2C1)Cc1cc(F)ccc1F
1519884,CHEMBL197352,IC50,=,260.0,nM,6.58,CHEMBL284,Dipeptidyl peptidase 4,N[C@@H](CC(=O)N1CCc2nc(-c3ccc(C(F)(F)F)cc3)sc2C1)Cc1cc(F)ccc1F
1519888,CHEMBL425200,IC50,=,380.0,nM,6.42,CHEMBL284,Dipeptidyl peptidase 4,CSc1ccc(-c2nc3c(s2)CN(C(=O)C[C@H](N)Cc2cc(F)ccc2F)CC3)cc1
1519892,CHEMBL372078,IC50,=,130.0,nM,6.89,CHEMBL284,Dipeptidyl peptidase 4,CS(=O)(=O)c1ccc(-c2nc3c(s2)CN(C(=O)C[C@H](N)Cc2cc(F)ccc2F)CC3)cc1
1520005,CHEMBL425380,IC50,=,290.0,nM,6.54,CHEMBL284,Dipeptidyl peptidase 4,N[C@@H](CC(=O)N1CCc2nc(C3CC3)oc2C1)Cc1cc(F)ccc1F
1520009,CHEMBL363375,IC50,=,95000.0,nM,4.02,CHEMBL284,Dipeptidyl peptidase 4,N[C@@H](CC(=O)N1CCc2sc(C(F)(F)F)nc2C1)Cc1cc(F)ccc1F
1520016,CHEMBL195030,IC50,=,26.0,nM,7.58,CHEMBL284,Dipeptidyl peptidase 4,N[C@@H](CC(=O)N1CCc2sc(-c3ccc(F)cc3)nc2C1)Cc1cc(F)ccc1F
1520024,CHEMBL381665,IC50,=,13.0,nM,7.89,CHEMBL284,Dipeptidyl peptidase 4,N[C@@H](CC(=O)N1CCc2sc(-c3ccc(C(F)(F)F)cc3)nc2C1)Cc1cc(F)ccc1F
1520028,CHEMBL196881,IC50,=,1.4,nM,8.85,CHEMBL284,Dipeptidyl peptidase 4,CS(=O)(=O)c1ccc(-c2nc3c(s2)CCN(C(=O)C[C@H](N)Cc2cc(F)ccc2F)C3)cc1
1520035,CHEMBL197082,IC50,=,180.0,nM,6.75,CHEMBL284,Dipeptidyl peptidase 4,N[C@@H](CC(=O)N1CCc2oc(C3CC3)nc2C1)Cc1cc(F)ccc1F
1520039,CHEMBL426469,IC50,=,250.0,nM,6.60,CHEMBL284,Dipeptidyl peptidase 4,Cc1[nH]nc2c1CN(C(=O)C[C@H](N)Cc1cc(F)ccc1F)CC2
1520043,CHEMBL197413,IC50,=,110.0,nM,6.96,CHEMBL284,Dipeptidyl peptidase 4,N[C@@H](CC(=O)N1CCc2n[nH]c(C(F)(F)F)c2C1)Cc1cc(F)ccc1F
1520047,CHEMBL370269,IC50,=,160.0,nM,6.80,CHEMBL284,Dipeptidyl peptidase 4,N[C@@H](CC(=O)N1CCc2n[nH]c(C(F)(F)C(F)(F)F)c2C1)Cc1cc(F)ccc1F
1520160,CHEMBL373268,IC50,=,270.0,nM,6.57,CHEMBL284,Dipeptidyl peptidase 4,N[C@@H](CC(=O)N1CCc2n[nH]c(-c3ccc(F)cc3)c2C1)Cc1cc(F)ccc1F
1520164,CHEMBL197300,IC50,=,39.0,nM,7.41,CHEMBL284,Dipeptidyl peptidase 4,N[C@@H](CC(=O)N1CCc2c(n[nH]c2C(F)(F)F)C1)Cc1cc(F)ccc1F
1520168,CHEMBL425905,IC50,=,160.0,nM,6.80,CHEMBL284,Dipeptidyl peptidase 4,N[C@@H](CC(=O)N1CCc2c(C3CC3)n[nH]c2C1)Cc1cc(F)ccc1F
1601067,CHEMBL278393,Ki,=,121.0,nM,6.92,CHEMBL284,Dipeptidyl peptidase 4,N[C@H](C(=O)N1CCCC1)C1CCCCC1
1601077,CHEMBL23981,Ki,=,128.0,nM,6.89,CHEMBL284,Dipeptidyl peptidase 4,N[C@H](C(=O)N1CC[C@@H](F)C1)C1CCCCC1
1601078,CHEMBL22511,Ki,=,56.0,nM,7.25,CHEMBL284,Dipeptidyl peptidase 4,N[C@H](C(=O)N1CC[C@H](F)C1)C1CCCCC1
1601079,CHEMBL280658,Ki,=,28.0,nM,7.55,CHEMBL284,Dipeptidyl peptidase 4,N[C@H](C(=O)N1CCC(F)(F)C1)C1CCCCC1
1601081,CHEMBL382531,Ki,=,504.0,nM,6.30,CHEMBL284,Dipeptidyl peptidase 4,N[C@H](C(=O)N1C[C@@H](F)[C@H](F)C1)C1CCCCC1
1601082,CHEMBL372115,Ki,=,1267.0,nM,5.90,CHEMBL284,Dipeptidyl peptidase 4,N[C@H](C(=O)N1C[C@H](F)[C@@H](F)C1)C1CCCCC1
1601083,CHEMBL196179,Ki,=,61.0,nM,7.21,CHEMBL284,Dipeptidyl peptidase 4,N[C@H](C(=O)N1CC(F)C(F)C1)C1CCCCC1
1601085,CHEMBL196545,Ki,=,81.0,nM,7.09,CHEMBL284,Dipeptidyl peptidase 4,N[C@H](C(=O)N1C(F)C(F)C(F)C1F)C1CCCCC1
1601087,CHEMBL194258,Ki,=,3350.0,nM,5.47,CHEMBL284,Dipeptidyl peptidase 4,N[C@H](C(=O)N1CCC1)C1CCCCC1
1601088,CHEMBL366250,Ki,=,109.0,nM,6.96,CHEMBL284,Dipeptidyl peptidase 4,N[C@H](C(=O)N1CC(F)C1)C1CCCCC1
1601090,CHEMBL365560,Ki,=,117.0,nM,6.93,CHEMBL284,Dipeptidyl peptidase 4,N[C@H](C(=O)N1CC(F)(F)C1)C1CCCCC1
1603590,CHEMBL381200,IC50,=,130.0,nM,6.89,CHEMBL284,Dipeptidyl peptidase 4,O=C(CNC1CC1)N1CCC[C@H]1B(O)O
1603593,CHEMBL382980,IC50,=,75.0,nM,7.12,CHEMBL284,Dipeptidyl peptidase 4,O=C(CNC1CCC1)N1CCC[C@H]1B(O)O
1603596,CHEMBL371429,IC50,=,25.0,nM,7.60,CHEMBL284,Dipeptidyl peptidase 4,O=C(CNC1CCCC1)N1CCC[C@H]1B(O)O
1603599,CHEMBL371130,IC50,=,27.0,nM,7.57,CHEMBL284,Dipeptidyl peptidase 4,O=C(CNC1CCCCC1)N1CCC[C@H]1B(O)O
1603602,CHEMBL382974,IC50,=,27.0,nM,7.57,CHEMBL284,Dipeptidyl peptidase 4,O=C(CNC1CCCCCCC1)N1CCC[C@H]1B(O)O
1603605,CHEMBL196267,IC50,=,58.0,nM,7.24,CHEMBL284,Dipeptidyl peptidase 4,O=C(CNC1CCCCCCCCC1)N1CCC[C@H]1B(O)O
1603608,CHEMBL373269,IC50,=,8.0,nM,8.10,CHEMBL284,Dipeptidyl peptidase 4,O=C(CNC12CC3CC(CC(C3)C1)C2)N1CCC[C@@H]1B(O)O
1603611,CHEMBL372180,IC50,=,61.0,nM,7.21,CHEMBL284,Dipeptidyl peptidase 4,CCCCCC12CCC(NCC(=O)N3CCC[C@H]3B(O)O)(CC1)CC2
1603620,CHEMBL434184,IC50,=,16000.0,nM,4.80,CHEMBL284,Dipeptidyl peptidase 4,CC(C)[C@@H](NC1CCCCC1)C(=O)N1CCC[C@H]1B(O)O
1603623,CHEMBL305170,IC50,=,0.3,nM,9.52,CHEMBL284,Dipeptidyl peptidase 4,CC(C)[C@@H](N)C(=O)N1CCC[C@H]1B(O)O
1603626,CHEMBL196120,IC50,=,0.8,nM,9.10,CHEMBL284,Dipeptidyl peptidase 4,C[C@@H](N)C(=O)N1CCC[C@H]1B(O)O
1603629,CHEMBL427012,IC50,=,12.0,nM,7.92,CHEMBL284,Dipeptidyl peptidase 4,O=C(CNC1C2CC3CC(C2)CC1C3)N1CCC[C@@H]1B(O)O
1603632,CHEMBL381444,IC50,=,560.0,nM,6.25,CHEMBL284,Dipeptidyl peptidase 4,CC12CC3(C)CC(C)(C1)CC(NCC(=O)N1CCC[C@@H]1B(O)O)(C2)C3
1603635,CHEMBL196188,IC50,=,1600.0,nM,5.80,CHEMBL284,Dipeptidyl peptidase 4,CN(CC(=O)N1CCC[C@@H]1B(O)O)C1C2CC3CC(C2)CC1C3
1603638,CHEMBL196933,IC50,=,7.8,nM,8.11,CHEMBL284,Dipeptidyl peptidase 4,O=C(CNC1CCCCCC1)N1CCC[C@H]1B(O)O
1603666,CHEMBL195481,IC50,,,nM,,CHEMBL284,Dipeptidyl peptidase 4,CCCC[C@@H](NC(=O)[C@H](C)N)B(O)O
1603671,CHEMBL195271,IC50,=,32000.0,nM,4.50,CHEMBL284,Dipeptidyl peptidase 4,CCCC[C@@H](NC(=O)[C@@H](N)CC)B(O)O
1603676,CHEMBL196180,IC50,=,810.0,nM,6.09,CHEMBL284,Dipeptidyl peptidase 4,CCCC[C@@H](NC(=O)[C@@H](N)CCC)B(O)O
1603687,CHEMBL194249,IC50,=,370.0,nM,6.43,CHEMBL284,Dipeptidyl peptidase 4,CCCC[C@@H](NC(=O)[C@@H](N)CCCC)B(O)O
1603692,CHEMBL194250,IC50,=,17000.0,nM,4.77,CHEMBL284,Dipeptidyl peptidase 4,CCCC[C@@H](NC(=O)[C@@H](N)C(C)C)B(O)O
1603697,CHEMBL196461,IC50,=,2000.0,nM,5.70,CHEMBL284,Dipeptidyl peptidase 4,CCCC[C@@H](NC(=O)[C@@H](N)CN)B(O)O
1603710,CHEMBL373319,IC50,=,1200.0,nM,5.92,CHEMBL284,Dipeptidyl peptidase 4,CCCC[C@@H](NC(=O)[C@@H](N)CCCN)B(O)O
1603715,CHEMBL194517,IC50,,,nM,,CHEMBL284,Dipeptidyl peptidase 4,CCCC[C@@H](NC(=O)[C@@H](N)CCCCN)B(O)O
1603720,CHEMBL194625,IC50,,,nM,,CHEMBL284,Dipeptidyl peptidase 4,CCCC[C@@H](NC(=O)[C@@H]1CCCN1)B(O)O
1603725,CHEMBL194852,IC50,=,4.5,nM,8.35,CHEMBL284,Dipeptidyl peptidase 4,CCCC[C@H](N)C(=O)N1CCC[C@@H]1B(O)O
1603730,CHEMBL194428,IC50,=,15.0,nM,7.82,CHEMBL284,Dipeptidyl peptidase 4,NCC[C@H](N)C(=O)N1CCC[C@@H]1B(O)O
1603735,CHEMBL195189,IC50,=,0.3,nM,9.52,CHEMBL284,Dipeptidyl peptidase 4,CC(C)[C@H](N)C(=O)N1CCC[C@@H]1B(O)O
1603754,CHEMBL194496,IC50,,,nM,,CHEMBL284,Dipeptidyl peptidase 4,CCCCCNC(=O)[C@@H](N)CCN
1603759,CHEMBL365322,IC50,=,0.89,nM,9.05,CHEMBL284,Dipeptidyl peptidase 4,CC(C)[C@H](N)C(=O)N[C@@H](C)B(O)O
1615070,CHEMBL362922,IC50,=,25.0,nM,7.60,CHEMBL284,Dipeptidyl peptidase 4,O=C(CNC1CC2CCCC1C2)N1CCC[C@H]1C(O)O
1663127,CHEMBL77538,Ki,=,27.0,nM,7.57,CHEMBL284,Dipeptidyl peptidase 4,N#Cc1ccc(NCCNCC(=O)N2CCC[C@H]2C#N)nc1
1663134,CHEMBL198131,Ki,>,12800.0,nM,,CHEMBL284,Dipeptidyl peptidase 4,N[C@@H](Cc1c[nH]c2ccccc12)C(=O)N1CCSC1
1663135,CHEMBL199349,Ki,>,12800.0,nM,,CHEMBL284,Dipeptidyl peptidase 4,N[C@@H](Cc1cccc2ccccc12)C(=O)N1CCSC1
1663136,CHEMBL199297,Ki,=,8900.0,nM,5.05,CHEMBL284,Dipeptidyl peptidase 4,N[C@@H](Cc1ccc2ccccc2c1)C(=O)N1CCSC1
1663137,CHEMBL199787,Ki,=,96.0,nM,7.02,CHEMBL284,Dipeptidyl peptidase 4,N[C@@H](Cc1ccc(-c2ccc(F)cc2F)cc1)C(=O)N1CCSC1
1663138,CHEMBL371757,Ki,=,170.0,nM,6.77,CHEMBL284,Dipeptidyl peptidase 4,N[C@@H](Cc1ccc(-c2ccc(F)cc2)cc1)C(=O)N1CCSC1
1663139,CHEMBL199735,Ki,=,160.0,nM,6.80,CHEMBL284,Dipeptidyl peptidase 4,N#Cc1ccc(-c2ccc(C[C@H](N)C(=O)N3CCSC3)cc2)cc1
1663140,CHEMBL199315,Ki,=,166.0,nM,6.78,CHEMBL284,Dipeptidyl peptidase 4,N[C@@H](Cc1ccc(-c2cccc(C(=O)O)c2)cc1)C(=O)N1CCSC1
1663141,CHEMBL199630,Ki,=,310.0,nM,6.51,CHEMBL284,Dipeptidyl peptidase 4,N[C@@H](Cc1ccc(-c2ccc(C(=O)O)cc2)cc1)C(=O)N1CCSC1
1663142,CHEMBL200119,Ki,=,360.0,nM,6.44,CHEMBL284,Dipeptidyl peptidase 4,N[C@@H](Cc1ccc(-c2ccccn2)cc1)C(=O)N1CCSC1
1663143,CHEMBL381420,Ki,=,980.0,nM,6.01,CHEMBL284,Dipeptidyl peptidase 4,N[C@@H](Cc1ccc(I)cc1)C(=O)N1CCSC1
1663144,CHEMBL380760,Ki,>,12800.0,nM,,CHEMBL284,Dipeptidyl peptidase 4,CC1(C)OCCN1C(=O)[C@@H](N)Cc1ccc(-c2ccccc2)cc1
1663145,CHEMBL381867,Ki,>,12800.0,nM,,CHEMBL284,Dipeptidyl peptidase 4,N[C@@H](Cc1ccc(-c2ccccc2)cc1)C(=O)N1CCC[C@H]1COCc1ccccc1
1663146,CHEMBL201391,Ki,>,12800.0,nM,,CHEMBL284,Dipeptidyl peptidase 4,N[C@@H](Cc1ccc(-c2ccccc2)cc1)C(=O)N1CCC[C@H]1CO
1663147,CHEMBL199790,Ki,=,1160.0,nM,5.94,CHEMBL284,Dipeptidyl peptidase 4,N[C@@H](Cc1ccc(-c2ccccc2)cc1)C(=O)N1CCCC1
1663148,CHEMBL199437,Ki,=,360.0,nM,6.44,CHEMBL284,Dipeptidyl peptidase 4,N[C@@H](Cc1ccc(-c2ccccc2)cc1)C(=O)N1CCSC1
1663149,CHEMBL380783,Ki,=,36.0,nM,7.44,CHEMBL284,Dipeptidyl peptidase 4,N#C[C@@H]1CCCN1C(=O)[C@@H](N)Cc1ccc(-c2ccco2)cc1
1663150,CHEMBL199905,Ki,=,2.2,nM,8.66,CHEMBL284,Dipeptidyl peptidase 4,N#C[C@@H]1CCCN1C(=O)[C@@H](N)Cc1ccc(-c2ccc(F)cc2F)cc1
1663151,CHEMBL199615,Ki,=,5.3,nM,8.28,CHEMBL284,Dipeptidyl peptidase 4,N#C[C@@H]1CCCN1C(=O)[C@@H](N)Cc1ccc(-c2ccccc2F)cc1
1663152,CHEMBL199614,Ki,=,3.1,nM,8.51,CHEMBL284,Dipeptidyl peptidase 4,N#C[C@@H]1CCCN1C(=O)[C@@H](N)Cc1ccc(-c2ccc(F)cc2)cc1
1663153,CHEMBL199922,Ki,=,26.0,nM,7.58,CHEMBL284,Dipeptidyl peptidase 4,COc1ccc(-c2ccc(C[C@H](N)C(=O)N3CCC[C@H]3C#N)cc2)cc1OC
1663154,CHEMBL199568,Ki,=,20.0,nM,7.70,CHEMBL284,Dipeptidyl peptidase 4,Cc1ccc(-c2ccc(C[C@H](N)C(=O)N3CCC[C@H]3C#N)cc2)cc1
1663155,CHEMBL200347,Ki,=,13.0,nM,7.89,CHEMBL284,Dipeptidyl peptidase 4,N#C[C@@H]1CCCN1C(=O)[C@@H](N)Cc1ccc(-c2ccccc2)cc1
1663156,CHEMBL382281,Ki,=,470.0,nM,6.33,CHEMBL284,Dipeptidyl peptidase 4,N#C[C@@H]1CCCN1C(=O)[C@@H](N)Cc1ccc(C(=O)O)cc1
1663157,CHEMBL199881,Ki,=,34.0,nM,7.47,CHEMBL284,Dipeptidyl peptidase 4,N#C[C@@H]1CCCN1C(=O)[C@@H](N)Cc1ccc(I)cc1
1663158,CHEMBL201268,Ki,=,63.0,nM,7.20,CHEMBL284,Dipeptidyl peptidase 4,N#C[C@@H]1CCCN1C(=O)[C@@H](N)Cc1ccccc1
1664765,CHEMBL199840,Ki,=,324.0,nM,6.49,CHEMBL284,Dipeptidyl peptidase 4,CC(C)([C@H](N)C(=O)N1C[C@@H](F)C[C@H]1C#N)S(=O)(=O)Cc1ccccc1
1664768,CHEMBL371296,Ki,=,115.0,nM,6.94,CHEMBL284,Dipeptidyl peptidase 4,COc1ccc(CS(=O)(=O)C(C)(C)[C@H](N)C(=O)N2CCC[C@H]2C#N)cc1
1664769,CHEMBL199633,Ki,=,302.0,nM,6.52,CHEMBL284,Dipeptidyl peptidase 4,CC(C)([C@H](N)C(=O)N1C[C@@H](F)C[C@H]1C#N)S(=O)(=O)CCCc1ccccc1
1664770,CHEMBL199502,Ki,=,45.0,nM,7.35,CHEMBL284,Dipeptidyl peptidase 4,CC(C)(SCCCc1ccc(F)cc1)[C@H](N)C(=O)N1C[C@@H](F)C[C@H]1C#N
1664771,CHEMBL198190,Ki,=,24.0,nM,7.62,CHEMBL284,Dipeptidyl peptidase 4,CC(C)(SCCCc1ccccc1)[C@H](N)C(=O)N1C[C@@H](F)C[C@H]1C#N
1664772,CHEMBL198031,Ki,=,56.0,nM,7.25,CHEMBL284,Dipeptidyl peptidase 4,CC(C)(SCCc1ccccc1)[C@H](N)C(=O)N1C[C@@H](F)C[C@H]1C#N
1664773,CHEMBL380785,Ki,=,65.0,nM,7.19,CHEMBL284,Dipeptidyl peptidase 4,CC(C)(SCc1cccc(Oc2ccccc2)c1)[C@H](N)C(=O)N1C[C@@H](F)C[C@H]1C#N
1664774,CHEMBL427193,Ki,=,46.0,nM,7.34,CHEMBL284,Dipeptidyl peptidase 4,CC(=O)NCSC(C)(C)[C@H](N)C(=O)N1C[C@@H](F)C[C@H]1C#N
1664775,CHEMBL426106,Ki,=,63.0,nM,7.20,CHEMBL284,Dipeptidyl peptidase 4,CC(C)(SCc1ccc(C(F)(F)F)cc1)[C@H](N)C(=O)N1C[C@@H](F)C[C@H]1C#N
1664776,CHEMBL199744,Ki,=,112.0,nM,6.95,CHEMBL284,Dipeptidyl peptidase 4,COc1ccc(C[S+]([O-])C(C)(C)[C@H](N)C(=O)N2C[C@@H](F)C[C@H]2C#N)cc1
1664777,CHEMBL440569,Ki,=,29.0,nM,7.54,CHEMBL284,Dipeptidyl peptidase 4,COc1ccc(CSC(C)(C)[C@H](N)C(=O)N2C[C@@H](F)C[C@H]2C#N)cc1
1664778,CHEMBL199734,Ki,=,18.0,nM,7.75,CHEMBL284,Dipeptidyl peptidase 4,CC(C)(SCc1cccnc1)[C@H](N)C(=O)N1C[C@@H](F)C[C@H]1C#N
1664779,CHEMBL372110,Ki,=,12.0,nM,7.92,CHEMBL284,Dipeptidyl peptidase 4,CC(C)(SCc1ccccn1)[C@H](N)C(=O)N1C[C@@H](F)C[C@H]1C#N
1664780,CHEMBL200186,Ki,=,33.0,nM,7.48,CHEMBL284,Dipeptidyl peptidase 4,CC(C)(SCc1ccncc1)[C@H](N)C(=O)N1C[C@@H](F)C[C@H]1C#N
1664781,CHEMBL199379,Ki,=,40.0,nM,7.40,CHEMBL284,Dipeptidyl peptidase 4,CC(C)([C@H](N)C(=O)N1C[C@@H](F)C[C@H]1C#N)S(=O)(=O)Cc1csc2ccc(Cl)cc12
1664782,CHEMBL199891,Ki,=,154.0,nM,6.81,CHEMBL284,Dipeptidyl peptidase 4,CC(C)([C@H](N)C(=O)N1C[C@@H](F)C[C@H]1C#N)S(=O)(=O)O
1664783,CHEMBL199562,Ki,=,1278.0,nM,5.89,CHEMBL284,Dipeptidyl peptidase 4,CC(C)([C@H](N)C(=O)N1C[C@@H](F)C[C@H]1C#N)S(=O)(=O)Cc1ccncc1
1664784,CHEMBL201053,Ki,=,225.0,nM,6.65,CHEMBL284,Dipeptidyl peptidase 4,CC(=O)Nc1ccc(CS(=O)(=O)C(C)(C)[C@H](N)C(=O)N2C[C@@H](F)C[C@H]2C#N)cc1
1664785,CHEMBL369977,Ki,=,309.0,nM,6.51,CHEMBL284,Dipeptidyl peptidase 4,COc1ccccc1CS(=O)(=O)C(C)(C)[C@H](N)C(=O)N1C[C@@H](F)C[C@H]1C#N
1664786,CHEMBL199377,Ki,=,316.0,nM,6.50,CHEMBL284,Dipeptidyl peptidase 4,COc1cccc(CS(=O)(=O)C(C)(C)[C@H](N)C(=O)N2C[C@@H](F)C[C@H]2C#N)c1
1664787,CHEMBL372342,Ki,=,53.0,nM,7.28,CHEMBL284,Dipeptidyl peptidase 4,COc1ccc(CS(=O)(=O)C(C)(C)[C@H](N)C(=O)N2C[C@@H](F)C[C@H]2C#N)cc1
1664788,CHEMBL370340,Ki,=,76.0,nM,7.12,CHEMBL284,Dipeptidyl peptidase 4,CC(C)([C@H](N)C(=O)N1C[C@@H](F)C[C@H]1C#N)S(=O)(=O)Cc1ccc(S(C)(=O)=O)cc1
1664789,CHEMBL369950,Ki,=,310.0,nM,6.51,CHEMBL284,Dipeptidyl peptidase 4,CC(C)([C@H](N)C(=O)N1C[C@@H](F)C[C@H]1C#N)S(=O)(=O)Cc1cccc(Oc2ccccc2)c1
1664790,CHEMBL383573,Ki,=,428.0,nM,6.37,CHEMBL284,Dipeptidyl peptidase 4,CC(C)([C@H](N)C(=O)N1C[C@@H](F)C[C@H]1C#N)S(=O)(=O)Cc1ccc(OCc2ccccc2)cc1
1664791,CHEMBL199450,Ki,=,579.0,nM,6.24,CHEMBL284,Dipeptidyl peptidase 4,CC(C)([C@H](N)C(=O)N1C[C@@H](F)C[C@H]1C#N)S(=O)(=O)Cc1ccc(-c2ccccc2)cc1
1664792,CHEMBL369952,Ki,=,530.0,nM,6.28,CHEMBL284,Dipeptidyl peptidase 4,Cc1ccc(CS(=O)(=O)C(C)(C)[C@H](N)C(=O)N2C[C@@H](F)C[C@H]2C#N)cc1
1664793,CHEMBL202036,Ki,=,68.0,nM,7.17,CHEMBL284,Dipeptidyl peptidase 4,CC(C)([C@H](N)C(=O)N1C[C@@H](F)C[C@H]1C#N)S(=O)(=O)Cc1ccc(C#N)cc1
1664794,CHEMBL202035,Ki,=,281.0,nM,6.55,CHEMBL284,Dipeptidyl peptidase 4,CC(C)([C@H](N)C(=O)N1C[C@@H](F)C[C@H]1C#N)S(=O)(=O)Cc1ccc(F)cc1
1669219,CHEMBL98408,IC50,=,1660.0,nM,5.78,CHEMBL284,Dipeptidyl peptidase 4,CC[C@H](C)[C@H](N)C(=O)N1CCSC1
1669224,CHEMBL202711,IC50,=,1108.0,nM,5.96,CHEMBL284,Dipeptidyl peptidase 4,CC(C)(CC(=O)NC(C)(C)c1ccccc1)NCC(=O)N1CCC[C@H]1C#N
1669225,CHEMBL201644,IC50,=,15.0,nM,7.82,CHEMBL284,Dipeptidyl peptidase 4,CC(C)(CC(=O)N1Cc2ccccc2C1)NCC(=O)N1CCC[C@H]1C#N
1669226,CHEMBL425756,IC50,=,22.0,nM,7.66,CHEMBL284,Dipeptidyl peptidase 4,CC(C)(CC(=O)N1CCc2cc(F)cc(F)c2C1)NCC(=O)N1CCC[C@H]1C#N
1669227,CHEMBL380902,IC50,=,30.0,nM,7.52,CHEMBL284,Dipeptidyl peptidase 4,CC(C)(CC(=O)N1CCc2cc(F)ccc2C1)NCC(=O)N1CCC[C@H]1C#N
1669228,CHEMBL201424,IC50,=,49.0,nM,7.31,CHEMBL284,Dipeptidyl peptidase 4,CC(C)(CC(=O)N1CCc2ccccc2C1)NCC(=O)N1CCC[C@H]1C#N
1669229,CHEMBL201398,IC50,=,811.0,nM,6.09,CHEMBL284,Dipeptidyl peptidase 4,CC(C)[C@@H](CC(=O)N1CCc2ccccc2C1)NCC(=O)N1CCC[C@H]1C#N
1669230,CHEMBL425585,IC50,=,54.0,nM,7.27,CHEMBL284,Dipeptidyl peptidase 4,C[C@@H](CC(=O)N1CCc2ccccc2C1)NCC(=O)N1CCC[C@H]1C#N
1669231,CHEMBL371057,IC50,=,428.0,nM,6.37,CHEMBL284,Dipeptidyl peptidase 4,N#C[C@@H]1CCCN1C(=O)CNCCCC(=O)N1CCc2ccccc2C1
1669232,CHEMBL371480,IC50,=,298.0,nM,6.53,CHEMBL284,Dipeptidyl peptidase 4,N#C[C@@H]1CCCN1C(=O)CNCCC(=O)Nc1ccccc1
1669233,CHEMBL201544,IC50,=,564.0,nM,6.25,CHEMBL284,Dipeptidyl peptidase 4,N#C[C@@H]1CCCN1C(=O)CNCCC(=O)NCCc1ccccc1
1669234,CHEMBL201158,IC50,=,119.0,nM,6.92,CHEMBL284,Dipeptidyl peptidase 4,CC(C)(NC(=O)CCNCC(=O)N1CCC[C@H]1C#N)c1ccccc1
1669235,CHEMBL372391,IC50,=,784.0,nM,6.11,CHEMBL284,Dipeptidyl peptidase 4,CC(C)C(NC(=O)CCNCC(=O)N1CCC[C@H]1C#N)c1ccccc1
1669236,CHEMBL382847,IC50,=,369.0,nM,6.43,CHEMBL284,Dipeptidyl peptidase 4,N#C[C@@H]1CCCN1C(=O)CNCCC(=O)NCc1cc(F)cc(F)c1
1669237,CHEMBL201695,IC50,=,447.0,nM,6.35,CHEMBL284,Dipeptidyl peptidase 4,CCC(NC(=O)CCNCC(=O)N1CCC[C@H]1C#N)c1ccccc1
1669238,CHEMBL203032,IC50,=,317.0,nM,6.50,CHEMBL284,Dipeptidyl peptidase 4,N#C[C@@H]1CCCN1C(=O)CNCCC(=O)NCc1ccc([N+](=O)[O-])cc1
1669239,CHEMBL382907,IC50,=,452.0,nM,6.34,CHEMBL284,Dipeptidyl peptidase 4,N#C[C@@H]1CCCN1C(=O)CNCCC(=O)NCc1ccccc1
1669240,CHEMBL383841,IC50,=,527.0,nM,6.28,CHEMBL284,Dipeptidyl peptidase 4,N#C[C@@H]1CCCN1C(=O)CNCCC(=O)N1CCN(c2nc3ccccc3s2)CC1
1669241,CHEMBL201753,IC50,=,1418.0,nM,5.85,CHEMBL284,Dipeptidyl peptidase 4,CC(=O)Nc1ccc(S(=O)(=O)N2CCN(C(=O)CCNCC(=O)N3CCC[C@H]3C#N)CC2)cc1
1669242,CHEMBL372746,IC50,=,676.0,nM,6.17,CHEMBL284,Dipeptidyl peptidase 4,N#C[C@@H]1CCCN1C(=O)CNCCC(=O)N1CCN(C(=O)c2cc(F)cc(F)c2)CC1
1669243,CHEMBL381530,IC50,=,132.0,nM,6.88,CHEMBL284,Dipeptidyl peptidase 4,N#C[C@@H]1CCCN1C(=O)CNCCC(=O)N1Cc2ccccc2C1
1669244,CHEMBL203084,IC50,=,83.0,nM,7.08,CHEMBL284,Dipeptidyl peptidase 4,N#C[C@@H]1CCCN1C(=O)CNCCC(=O)N1CCc2cc(F)ccc2C1
1669245,CHEMBL424854,IC50,=,651.0,nM,6.19,CHEMBL284,Dipeptidyl peptidase 4,COc1cc2c(cc1OC)CN(C(=O)CCNCC(=O)N1CCC[C@H]1C#N)CC2
1669246,CHEMBL200103,IC50,=,116.0,nM,6.94,CHEMBL284,Dipeptidyl peptidase 4,N#C[C@@H]1CCCN1C(=O)CNCCC(=O)N1CCc2ccccc2C1
1669247,CHEMBL371907,IC50,=,3236.0,nM,5.49,CHEMBL284,Dipeptidyl peptidase 4,N#C[C@@H]1CCCN1C(=O)CNCC(=O)N1CCc2ccccc2C1
1669248,CHEMBL142703,IC50,=,51.0,nM,7.29,CHEMBL284,Dipeptidyl peptidase 4,N#C[C@@H]1CCCN1C(=O)CNC12CC3CC(CC(O)(C3)C1)C2
1669249,CHEMBL77538,IC50,=,53.0,nM,7.28,CHEMBL284,Dipeptidyl peptidase 4,N#Cc1ccc(NCCNCC(=O)N2CCC[C@H]2C#N)nc1
1669250,CHEMBL307636,IC50,=,12.0,nM,7.92,CHEMBL284,Dipeptidyl peptidase 4,N#C[C@@H]1CCCN1C(=O)[C@@H](N)C1CCCCC1
1692682,CHEMBL381145,IC50,=,25.0,nM,7.60,CHEMBL284,Dipeptidyl peptidase 4,C[C@@H](c1ccc(-c2ccc(O)nc2)cc1)[C@H](N)C(=O)N1CC[C@H](F)C1.O=C(O)C(F)(F)F
1692792,CHEMBL202634,IC50,=,1100.0,nM,5.96,CHEMBL284,Dipeptidyl peptidase 4,C[C@@H](c1ccc(-c2ccc(=O)n(C)c2)cc1)[C@H](N)C(=O)N1CCC(F)CC1.O=C(O)C(F)(F)F
1692793,CHEMBL378597,IC50,=,31.0,nM,7.51,CHEMBL284,Dipeptidyl peptidase 4,C[C@@H](c1ccc(-c2ccc(=O)n(C)c2)cc1)[C@H](N)C(=O)N1CC(F)C1.O=C(O)C(F)(F)F
1692794,CHEMBL377724,IC50,=,26.0,nM,7.58,CHEMBL284,Dipeptidyl peptidase 4,C[C@@H](c1ccc(-c2ccc(=O)n(C)c2)cc1)[C@H](N)C(=O)N1CCSC1.O=C(O)C(F)(F)F
1692795,CHEMBL203379,IC50,=,48.0,nM,7.32,CHEMBL284,Dipeptidyl peptidase 4,C[C@@H](c1ccc(-c2ccc(=O)n(C)c2)cc1)[C@H](N)C(=O)N1CCCC1.O=C(O)C(F)(F)F
1692796,CHEMBL206501,IC50,=,26.0,nM,7.58,CHEMBL284,Dipeptidyl peptidase 4,C[C@@H](c1ccc(-c2ccc(=O)n(C)c2)cc1)[C@H](N)C(=O)N1CCC(F)(F)C1.O=C(O)C(F)(F)F
1692797,CHEMBL438265,IC50,=,120.0,nM,6.92,CHEMBL284,Dipeptidyl peptidase 4,CCOC(=O)Nc1c(-c2ccc([C@H](C)[C@H](N)C(=O)N3CC[C@H](F)C3)cc2)cn(C)c(=O)c1F.O=C(O)C(F)(F)F
1692798,CHEMBL203267,IC50,=,37.0,nM,7.43,CHEMBL284,Dipeptidyl peptidase 4,C[C@@H](c1ccc(-c2cn(C)c(=O)c(Cl)c2F)cc1)[C@H](N)C(=O)N1CC[C@H](F)C1.O=C(O)C(F)(F)F
1692799,CHEMBL380496,IC50,=,67.0,nM,7.17,CHEMBL284,Dipeptidyl peptidase 4,COc1cc(=O)n(C)cc1-c1ccc([C@H](C)[C@H](N)C(=O)N2CC[C@H](F)C2)cc1.O=C(O)C(F)(F)F
1692800,CHEMBL203169,IC50,=,38.0,nM,7.42,CHEMBL284,Dipeptidyl peptidase 4,C[C@@H](c1ccc(-c2cn(C)c(=O)cc2CO)cc1)[C@H](N)C(=O)N1CC[C@H](F)C1.O=C(O)C(F)(F)F
1692801,CHEMBL425039,IC50,=,52.0,nM,7.28,CHEMBL284,Dipeptidyl peptidase 4,Cc1cc(=O)n(C)cc1-c1ccc([C@H](C)[C@H](N)C(=O)N2CC[C@H](F)C2)cc1.O=C(O)C(F)(F)F
1692802,CHEMBL424687,IC50,=,61.0,nM,7.21,CHEMBL284,Dipeptidyl peptidase 4,C[C@@H](c1ccc(-c2cn(C)c(=O)cc2F)cc1)[C@H](N)C(=O)N1CC[C@H](F)C1.O=C(O)C(F)(F)F
1692803,CHEMBL383651,IC50,=,69.0,nM,7.16,CHEMBL284,Dipeptidyl peptidase 4,C[C@@H](c1ccc(-c2cc(Br)c(=O)n(C)c2)cc1)[C@H](N)C(=O)N1CC[C@H](F)C1.O=C(O)C(F)(F)F
1692804,CHEMBL203736,IC50,=,49.0,nM,7.31,CHEMBL284,Dipeptidyl peptidase 4,C[C@@H](c1ccc(-c2cc(F)c(=O)n(C)c2)cc1)[C@H](N)C(=O)N1CC[C@H](F)C1.O=C(O)C(F)(F)F
1692805,CHEMBL203323,IC50,=,570.0,nM,6.24,CHEMBL284,Dipeptidyl peptidase 4,Cc1c(-c2ccc([C@H](C)[C@H](N)C(=O)N3CC[C@H](F)C3)cc2)cc(Br)c(=O)n1C.O=C(O)C(F)(F)F
1692806,CHEMBL206252,IC50,=,320.0,nM,6.50,CHEMBL284,Dipeptidyl peptidase 4,Cc1c(-c2ccc([C@H](C)[C@H](N)C(=O)N3CC[C@H](F)C3)cc2)ccc(=O)n1C.O=C(O)C(F)(F)F
1692807,CHEMBL205872,IC50,=,29.0,nM,7.54,CHEMBL284,Dipeptidyl peptidase 4,C[C@@H](c1ccc(-c2ccc(=O)n(C)c2F)cc1)[C@H](N)C(=O)N1CC[C@H](F)C1.O=C(O)C(F)(F)F
1692808,CHEMBL206172,IC50,=,229.0,nM,6.64,CHEMBL284,Dipeptidyl peptidase 4,C[C@@H](c1ccc(-c2ccc(=O)n(-c3ccc(F)cc3)c2)cc1)[C@H](N)C(=O)N1CC[C@H](F)C1.O=C(O)C(F)(F)F
1692809,CHEMBL438258,IC50,=,92.0,nM,7.04,CHEMBL284,Dipeptidyl peptidase 4,CCOC(=O)C(F)(F)n1cc(-c2ccc([C@H](C)[C@H](N)C(=O)N3CC[C@H](F)C3)cc2)ccc1=O.O=C(O)C(F)(F)F
1692810,CHEMBL382674,IC50,=,90.0,nM,7.05,CHEMBL284,Dipeptidyl peptidase 4,CCOC(=O)Cn1cc(-c2ccc([C@H](C)[C@H](N)C(=O)N3CC[C@H](F)C3)cc2)ccc1=O.O=C(O)C(F)(F)F
1692811,CHEMBL383323,IC50,=,117.0,nM,6.93,CHEMBL284,Dipeptidyl peptidase 4,C[C@@H](c1ccc(-c2ccc(=O)n(CC3CC3)c2)cc1)[C@H](N)C(=O)N1CC[C@H](F)C1.O=C(O)C(F)(F)F
1692812,CHEMBL206792,IC50,=,74.0,nM,7.13,CHEMBL284,Dipeptidyl peptidase 4,CCn1cc(-c2ccc([C@H](C)[C@H](N)C(=O)N3CC[C@H](F)C3)cc2)ccc1=O.O=C(O)C(F)(F)F
1692813,CHEMBL206383,IC50,=,34.0,nM,7.47,CHEMBL284,Dipeptidyl peptidase 4,C[C@@H](c1ccc(-c2ccc(=O)n(C)c2)cc1)[C@H](N)C(=O)N1CC[C@H](F)C1.O=C(O)C(F)(F)F
1693535,CHEMBL383705,IC50,=,3000.0,nM,5.52,CHEMBL284,Dipeptidyl peptidase 4,CC(C)[C@H](N)C(=O)N1CCCC1
1693536,CHEMBL382127,IC50,=,40000.0,nM,4.40,CHEMBL284,Dipeptidyl peptidase 4,NCC1(c2ccccc2)CCCC1
1693626,CHEMBL382382,IC50,=,30000.0,nM,4.52,CHEMBL284,Dipeptidyl peptidase 4,NCC(c1ccccc1Cl)N1CCOCC1
1693627,CHEMBL378152,IC50,=,3300.0,nM,5.48,CHEMBL284,Dipeptidyl peptidase 4,NCc1cccnc1-c1ccccc1Cl
1693628,CHEMBL206496,IC50,=,2300.0,nM,5.64,CHEMBL284,Dipeptidyl peptidase 4,NCc1ccccc1-c1ccccc1Cl
1693629,CHEMBL203105,IC50,=,37000.0,nM,4.43,CHEMBL284,Dipeptidyl peptidase 4,NCc1c(Cl)cccc1Oc1ccccc1
1693630,CHEMBL206743,IC50,=,75000.0,nM,4.12,CHEMBL284,Dipeptidyl peptidase 4,N[C@H](c1ccccc1)[C@@H](N)c1ccccc1
1693631,CHEMBL381340,IC50,=,45000.0,nM,4.35,CHEMBL284,Dipeptidyl peptidase 4,N[C@H](c1ccccc1)[C@H](N)c1ccccc1
1698109,CHEMBL382127,IC50,=,33000.0,nM,4.48,CHEMBL284,Dipeptidyl peptidase 4,NCC1(c2ccccc2)CCCC1
1698111,CHEMBL425584,IC50,=,90.0,nM,7.05,CHEMBL284,Dipeptidyl peptidase 4,N[C@@H](CC(=O)N1CCC[C@H]1CNC(=O)c1ccccc1)Cc1ccccc1F
1698112,CHEMBL381806,IC50,=,23.0,nM,7.64,CHEMBL284,Dipeptidyl peptidase 4,NC(=O)[C@@H]1Cc2ccccc2CN1C(=O)C[C@H](N)Cc1ccccc1F
1698113,CHEMBL382382,IC50,=,33000.0,nM,4.48,CHEMBL284,Dipeptidyl peptidase 4,NCC(c1ccccc1Cl)N1CCOCC1
1698329,CHEMBL205980,Ki,=,260.0,nM,6.58,CHEMBL284,Dipeptidyl peptidase 4,CC(C)[C@H](N)C(=O)N(C)CC#N
1698330,CHEMBL378159,Ki,=,23.0,nM,7.64,CHEMBL284,Dipeptidyl peptidase 4,CN(CC#N)C(=O)[C@@H](N)C12CC3CC(O)(CC(O)(C3)C1)C2
1698331,CHEMBL203618,Ki,=,3.0,nM,8.52,CHEMBL284,Dipeptidyl peptidase 4,CCN(CC#N)C(=O)[C@@H](N)C12CC3CC(CC(O)(C3)C1)C2
1698332,CHEMBL206111,Ki,=,18.0,nM,7.75,CHEMBL284,Dipeptidyl peptidase 4,CN(CC#N)C(=O)[C@@H](N)C12CC3CC(CC(O)(C3)C1)C2
1698333,CHEMBL203803,Ki,>,10000.0,nM,,CHEMBL284,Dipeptidyl peptidase 4,N#CCN(Cc1ccccc1)C(=O)[C@@H](N)C12CC3CC(CC(C3)C1)C2
1698334,CHEMBL383012,Ki,=,188.0,nM,6.73,CHEMBL284,Dipeptidyl peptidase 4,N#CCN(C(=O)[C@@H](N)C12CC3CC(CC(C3)C1)C2)C1CC1
1698335,CHEMBL206077,Ki,=,37.0,nM,7.43,CHEMBL284,Dipeptidyl peptidase 4,C=CCN(CC#N)C(=O)[C@@H](N)C12CC3CC(CC(C3)C1)C2
1698336,CHEMBL204458,Ki,=,673.0,nM,6.17,CHEMBL284,Dipeptidyl peptidase 4,CCCN(CC#N)C(=O)[C@@H](N)C12CC3CC(CC(C3)C1)C2
1698337,CHEMBL206251,Ki,=,27.0,nM,7.57,CHEMBL284,Dipeptidyl peptidase 4,CCN(CC#N)C(=O)[C@@H](N)C12CC3CC(CC(C3)C1)C2
1698338,CHEMBL206434,Ki,=,74.0,nM,7.13,CHEMBL284,Dipeptidyl peptidase 4,CN(CC#N)C(=O)[C@@H](N)C12CC3CC(CC(C3)C1)C2
1698339,CHEMBL382193,Ki,>,10000.0,nM,,CHEMBL284,Dipeptidyl peptidase 4,N#CCNC(=O)[C@@H](N)C12CC3CC(CC(C3)C1)C2
1698340,CHEMBL382623,Ki,>,10000.0,nM,,CHEMBL284,Dipeptidyl peptidase 4,CC(C)(C#N)NC(=O)[C@@H](N)C12CC3CC(CC(C3)C1)C2
1698341,CHEMBL377944,Ki,=,399.0,nM,6.40,CHEMBL284,Dipeptidyl peptidase 4,C[C@@H](C#N)NC(=O)[C@@H](N)C12CC3CC(CC(C3)C1)C2
1698342,CHEMBL206214,Ki,>,10000.0,nM,,CHEMBL284,Dipeptidyl peptidase 4,CC(C)(C#N)NC(=O)[C@@H](N)C(C)(C)C
1698343,CHEMBL381779,Ki,=,4422.0,nM,5.35,CHEMBL284,Dipeptidyl peptidase 4,C[C@@H](C#N)NC(=O)[C@@H](N)C(C)(C)C
1698344,CHEMBL380664,Ki,>,10000.0,nM,,CHEMBL284,Dipeptidyl peptidase 4,C[C@H](C#N)N(C)C(=O)[C@@H](N)C(C)(C)C
1698345,CHEMBL203134,Ki,=,513.0,nM,6.29,CHEMBL284,Dipeptidyl peptidase 4,C[C@@H](C#N)N(C)C(=O)[C@@H](N)C(C)(C)C
1698346,CHEMBL382666,Ki,=,140.0,nM,6.85,CHEMBL284,Dipeptidyl peptidase 4,CC(C)(C)[C@H](N)C(=O)N(CC#N)C1CCC1
1698347,CHEMBL203634,Ki,=,1311.0,nM,5.88,CHEMBL284,Dipeptidyl peptidase 4,CC(C)(C)[C@H](N)C(=O)N(CC#N)C1CC1
1698348,CHEMBL206184,Ki,=,212.0,nM,6.67,CHEMBL284,Dipeptidyl peptidase 4,C=CCN(CC#N)C(=O)[C@@H](N)C(C)(C)C
1698349,CHEMBL206327,Ki,>,10000.0,nM,,CHEMBL284,Dipeptidyl peptidase 4,CCCCN(CC#N)C(=O)[C@@H](N)C(C)(C)C
1698350,CHEMBL380348,Ki,=,182.0,nM,6.74,CHEMBL284,Dipeptidyl peptidase 4,CCN(CC#N)C(=O)[C@@H](N)C(C)(C)C
1698351,CHEMBL205253,Ki,=,507.0,nM,6.29,CHEMBL284,Dipeptidyl peptidase 4,CN(CC#N)C(=O)[C@@H](N)C(C)(C)C
1717903,CHEMBL383488,IC50,=,72.0,nM,7.14,CHEMBL284,Dipeptidyl peptidase 4,N#C[C@@H]1CC[C@H](C#N)N1C(=O)CNC12CC3CC(CC1C3)C2
1717904,CHEMBL206954,IC50,>,3000.0,nM,,CHEMBL284,Dipeptidyl peptidase 4,C[C@@H]1CC(C)(NCC(=O)N2[C@H](C#N)CC[C@@H]2C#N)C[C@@H]1C
1717905,CHEMBL207896,IC50,>,3000.0,nM,,CHEMBL284,Dipeptidyl peptidase 4,CCC(C)(C)C1CCC(C)(NCC(=O)N2[C@H](C#N)CC[C@@H]2C#N)C1
1717906,CHEMBL378712,IC50,>,3000.0,nM,,CHEMBL284,Dipeptidyl peptidase 4,CC(C)(C)C(C)(C)NCC(=O)N1[C@H](C#N)CC[C@@H]1C#N
1717907,CHEMBL208850,IC50,>,3000.0,nM,,CHEMBL284,Dipeptidyl peptidase 4,CC1(NCC(=O)N2[C@H](C#N)CC[C@@H]2C#N)COC(C)(C)OC1
1717908,CHEMBL377672,IC50,>,3000.0,nM,,CHEMBL284,Dipeptidyl peptidase 4,N#C[C@@H]1CC[C@H](C#N)N1C(=O)CNC1(CCCO)CCCCC1
1717909,CHEMBL378421,IC50,>,3000.0,nM,,CHEMBL284,Dipeptidyl peptidase 4,N#C[C@@H]1CC[C@H](C#N)N1C(=O)CNC1(Cc2ccccc2)CCCCC1
1717910,CHEMBL383087,IC50,>,3000.0,nM,,CHEMBL284,Dipeptidyl peptidase 4,CC1(NCC(=O)N2[C@H](C#N)CC[C@@H]2C#N)CCSC1
1717911,CHEMBL427036,IC50,>,3000.0,nM,,CHEMBL284,Dipeptidyl peptidase 4,CC1(C)CCCC1(C)NCC(=O)N1[C@H](C#N)CC[C@@H]1C#N
1717912,CHEMBL382045,IC50,=,875.0,nM,6.06,CHEMBL284,Dipeptidyl peptidase 4,N#C[C@@H]1CC[C@H](C#N)N1C(=O)CNC1(CO)Cc2ccccc2C1
1717913,CHEMBL207620,IC50,=,771.0,nM,6.11,CHEMBL284,Dipeptidyl peptidase 4,CC1CCC(C)(NCC(=O)N2[C@H](C#N)CC[C@@H]2C#N)C1
1717914,CHEMBL378958,IC50,>,30000.0,nM,,CHEMBL284,Dipeptidyl peptidase 4,N#C[C@@H]1C[C@H](O)CN1C(=O)CNC12CC3CC(CC(C3)C1)C2
1717915,CHEMBL210328,IC50,>,30000.0,nM,,CHEMBL284,Dipeptidyl peptidase 4,N#C[C@@H]1CC[C@H](c2ccccc2)N1C(=O)CNC1(CO)CCCC1
1717916,CHEMBL379948,IC50,>,30000.0,nM,,CHEMBL284,Dipeptidyl peptidase 4,C[C@H]1CC[C@@H](C#N)N1C(=O)CNC12CC3CC(CC(C3)C1)C2
1717917,CHEMBL379500,IC50,>,30000.0,nM,,CHEMBL284,Dipeptidyl peptidase 4,N#C[C@H]1CC[C@H](C#N)N1C(=O)CNC12CC3CC(CC(C3)C1)C2
1717918,CHEMBL438067,IC50,>,30000.0,nM,,CHEMBL284,Dipeptidyl peptidase 4,N#C[C@H]1CC[C@H](C#N)N1C(=O)CNC1(CO)CCCC1
1717919,CHEMBL209934,IC50,>,3000.0,nM,,CHEMBL284,Dipeptidyl peptidase 4,N#C[C@@H]1CC[C@H](C#N)N1C(=O)CNC1(CCO)CCCC1
1717920,CHEMBL209933,IC50,>,3000.0,nM,,CHEMBL284,Dipeptidyl peptidase 4,COC(=O)C1(NCC(=O)N2[C@H](C#N)CC[C@@H]2C#N)CCCC1
1717921,CHEMBL379947,IC50,>,3000.0,nM,,CHEMBL284,Dipeptidyl peptidase 4,CNC(=O)C1(NCC(=O)N2[C@H](C#N)CC[C@@H]2C#N)CCCC1
1717922,CHEMBL378750,IC50,=,1860.0,nM,5.73,CHEMBL284,Dipeptidyl peptidase 4,CC(C)(C)C(=O)CC1(NCC(=O)N2[C@H](C#N)CC[C@@H]2C#N)CCCC1
1717923,CHEMBL208756,IC50,=,955.0,nM,6.02,CHEMBL284,Dipeptidyl peptidase 4,COCCC1(NCC(=O)N2[C@H](C#N)CC[C@@H]2C#N)CCCC1
1717924,CHEMBL377749,IC50,=,702.0,nM,6.15,CHEMBL284,Dipeptidyl peptidase 4,N#C[C@@H]1CC[C@H](C#N)N1C(=O)CNC1(COC2CCCCC2)CCCC1
1717925,CHEMBL378709,IC50,=,454.0,nM,6.34,CHEMBL284,Dipeptidyl peptidase 4,CC(C)COCC1(NCC(=O)N2[C@H](C#N)CC[C@@H]2C#N)CCCC1
1717926,CHEMBL381111,IC50,=,201.0,nM,6.70,CHEMBL284,Dipeptidyl peptidase 4,CC1(NCC(=O)N2[C@H](C#N)CC[C@@H]2C#N)CCCC1
1717927,CHEMBL208657,IC50,=,123.0,nM,6.91,CHEMBL284,Dipeptidyl peptidase 4,CCCOCC1(NCC(=O)N2[C@H](C#N)CC[C@@H]2C#N)CCCC1
1717928,CHEMBL209994,IC50,=,91.0,nM,7.04,CHEMBL284,Dipeptidyl peptidase 4,CCCCOCC1(NCC(=O)N2[C@H](C#N)CC[C@@H]2C#N)CCCC1
1717929,CHEMBL379086,IC50,=,84.0,nM,7.08,CHEMBL284,Dipeptidyl peptidase 4,COCC1(NCC(=O)N2[C@H](C#N)CC[C@@H]2C#N)CCCC1
1717930,CHEMBL209191,IC50,=,64.0,nM,7.19,CHEMBL284,Dipeptidyl peptidase 4,CCOCC1(NCC(=O)N2[C@H](C#N)CC[C@@H]2C#N)CCCC1
1717931,CHEMBL208288,IC50,>,3000.0,nM,,CHEMBL284,Dipeptidyl peptidase 4,CCC(C)(C)NCC(=O)N1[C@H](C#N)CC[C@@H]1C#N
1717932,CHEMBL209768,IC50,>,3000.0,nM,,CHEMBL284,Dipeptidyl peptidase 4,CCC(C)(CC)NCC(=O)N1[C@H](C#N)CC[C@@H]1C#N
1717933,CHEMBL209764,IC50,>,3000.0,nM,,CHEMBL284,Dipeptidyl peptidase 4,CC(C)C(C)(C)NCC(=O)N1[C@H](C#N)CC[C@@H]1C#N
1717934,CHEMBL208744,IC50,>,3000.0,nM,,CHEMBL284,Dipeptidyl peptidase 4,N#C[C@@H]1CC[C@H](C#N)N1C(=O)CNC12CC3(F)CC(F)(CC(F)(C3)C1)C2
1717935,CHEMBL209344,IC50,>,3000.0,nM,,CHEMBL284,Dipeptidyl peptidase 4,CCC1(NCC(=O)N2[C@H](C#N)CC[C@@H]2C#N)CCCCC1
1717936,CHEMBL380870,IC50,>,3000.0,nM,,CHEMBL284,Dipeptidyl peptidase 4,C#CC1(NCC(=O)N2[C@H](C#N)CC[C@@H]2C#N)CCCCC1
1717937,CHEMBL380681,IC50,=,1220.0,nM,5.91,CHEMBL284,Dipeptidyl peptidase 4,N#C[C@@H]1CC[C@H](C#N)N1C(=O)CNC1(CO)CCOCC1
1717938,CHEMBL209127,IC50,=,1160.0,nM,5.94,CHEMBL284,Dipeptidyl peptidase 4,N#C[C@@H]1CC[C@H](C#N)N1C(=O)CNC1(Cc2ccccc2)CCC1
1717939,CHEMBL379260,IC50,=,1110.0,nM,5.96,CHEMBL284,Dipeptidyl peptidase 4,CC(C)(CO)NCC(=O)N1[C@H](C#N)CC[C@@H]1C#N
1717940,CHEMBL377058,IC50,=,689.0,nM,6.16,CHEMBL284,Dipeptidyl peptidase 4,CC1(NCC(=O)N2[C@H](C#N)CC[C@@H]2C#N)CCCCC1
1717941,CHEMBL208952,IC50,=,687.0,nM,6.16,CHEMBL284,Dipeptidyl peptidase 4,N#C[C@@H]1CC[C@H](C#N)N1C(=O)CNC1(CO)CCCCC1
1717942,CHEMBL208902,IC50,=,663.0,nM,6.18,CHEMBL284,Dipeptidyl peptidase 4,CC(C)(C)NCC(=O)N1[C@H](C#N)CC[C@@H]1C#N
1717943,CHEMBL209058,IC50,=,651.0,nM,6.19,CHEMBL284,Dipeptidyl peptidase 4,CC(C)(Cc1ccc(F)cc1)NCC(=O)N1[C@H](C#N)CC[C@@H]1C#N
1717944,CHEMBL210259,IC50,=,261.0,nM,6.58,CHEMBL284,Dipeptidyl peptidase 4,CC(C)(NCC(=O)N1[C@H](C#N)CC[C@@H]1C#N)c1ccccc1
1717945,CHEMBL211024,IC50,=,237.0,nM,6.62,CHEMBL284,Dipeptidyl peptidase 4,N#C[C@@H]1CC[C@H](C#N)N1C(=O)CN[C@H]1C[C@@H]2CC[C@H]1C2
1717946,CHEMBL377320,IC50,=,208.0,nM,6.68,CHEMBL284,Dipeptidyl peptidase 4,CC(C)(C)CC(C)(C)NCC(=O)N1[C@H](C#N)CC[C@@H]1C#N
1717947,CHEMBL208673,IC50,=,164.0,nM,6.79,CHEMBL284,Dipeptidyl peptidase 4,N#C[C@@H]1CC[C@H](C#N)N1C(=O)CNC1(c2ccccc2)CCC1
1717948,CHEMBL207980,IC50,=,106.0,nM,6.97,CHEMBL284,Dipeptidyl peptidase 4,N#C[C@@H]1CC[C@H](C#N)N1C(=O)CNC12CC3CC(CC(C3)C1)C2
1717949,CHEMBL379522,IC50,=,104.0,nM,6.98,CHEMBL284,Dipeptidyl peptidase 4,N#C[C@@H]1CC[C@H](C#N)N1C(=O)CNC1(CO)CCCC1
1717950,CHEMBL207912,IC50,=,74.0,nM,7.13,CHEMBL284,Dipeptidyl peptidase 4,N#C[C@@H]1CC[C@H](C#N)N1C(=O)CNC12CC3CC(CC(O)(C3)C1)C2
1717981,CHEMBL379522,IC50,=,109.0,nM,6.96,CHEMBL284,Dipeptidyl peptidase 4,N#C[C@@H]1CC[C@H](C#N)N1C(=O)CNC1(CO)CCCC1
1717982,CHEMBL379522,IC50,=,92.0,nM,7.04,CHEMBL284,Dipeptidyl peptidase 4,N#C[C@@H]1CC[C@H](C#N)N1C(=O)CNC1(CO)CCCC1
1717983,CHEMBL379522,IC50,=,69.0,nM,7.16,CHEMBL284,Dipeptidyl peptidase 4,N#C[C@@H]1CC[C@H](C#N)N1C(=O)CNC1(CO)CCCC1
1721033,CHEMBL380350,Ki,=,0.66,nM,9.18,CHEMBL284,Dipeptidyl peptidase 4,N#C[C@@H]1CCCN1C(=O)[C@@H]1CC[C@H](COc2cc(NC(=O)c3cc[nH]n3)ccc2Cl)N1
1721034,CHEMBL377689,Ki,=,0.73,nM,9.14,CHEMBL284,Dipeptidyl peptidase 4,N#C[C@@H]1CCCN1C(=O)[C@@H]1CC[C@H](COc2ccc(NS(=O)(=O)c3ccccc3)cc2Br)N1
1721035,CHEMBL379997,Ki,=,0.63,nM,9.20,CHEMBL284,Dipeptidyl peptidase 4,N#C[C@@H]1CCCN1C(=O)[C@@H]1CC[C@H](COc2cc([N+](=O)[O-])c(Cl)cc2Cl)N1
1721036,CHEMBL380090,Ki,=,1.5,nM,8.82,CHEMBL284,Dipeptidyl peptidase 4,N#C[C@@H]1CCCN1C(=O)[C@@H]1CC[C@H](COc2ccc(C(=O)O)c3ccccc23)N1
1721037,CHEMBL207068,Ki,=,0.41,nM,9.39,CHEMBL284,Dipeptidyl peptidase 4,N#C[C@@H]1CCCN1C(=O)[C@@H]1CC[C@H](COc2cc(Br)c3c(c2)OCO3)N1
1721038,CHEMBL382899,Ki,=,0.68,nM,9.17,CHEMBL284,Dipeptidyl peptidase 4,CS(=O)(=O)c1ccc(OC[C@H]2CC[C@@H](C(=O)N3CCC[C@H]3C#N)N2)c(Br)c1
1721039,CHEMBL210805,Ki,=,1.4,nM,8.85,CHEMBL284,Dipeptidyl peptidase 4,CS(=O)(=O)c1ccc(OC[C@H]2CC[C@@H](C(=O)N3CCC[C@H]3C#N)N2)c(Cl)c1
1721040,CHEMBL382700,Ki,=,1.1,nM,8.96,CHEMBL284,Dipeptidyl peptidase 4,N#C[C@@H]1CCCN1C(=O)[C@@H]1CC[C@H](COc2cc(C(=O)O)c[n+]([O-])c2Cl)N1
1721041,CHEMBL377296,Ki,=,0.68,nM,9.17,CHEMBL284,Dipeptidyl peptidase 4,N#C[C@@H]1CCCN1C(=O)[C@@H]1CC[C@H](COc2cc(C(=O)O)cnc2Cl)N1
1721042,CHEMBL379725,Ki,=,0.45,nM,9.35,CHEMBL284,Dipeptidyl peptidase 4,N#C[C@@H]1CCCN1C(=O)[C@@H]1CC[C@H](COc2ncc(C(=O)O)cc2Cl)N1
1721043,CHEMBL377151,Ki,=,1.0,nM,9.00,CHEMBL284,Dipeptidyl peptidase 4,N#C[C@@H]1CCCN1C(=O)[C@@H]1CC[C@H](COc2cc(C(=O)O)ccc2Br)N1
1721044,CHEMBL384445,Ki,=,0.66,nM,9.18,CHEMBL284,Dipeptidyl peptidase 4,N#C[C@@H]1CCCN1C(=O)[C@@H]1CC[C@H](COc2ccc(C(=O)O)cc2Br)N1
1721045,CHEMBL378867,Ki,=,0.82,nM,9.09,CHEMBL284,Dipeptidyl peptidase 4,N#C[C@@H]1CCCN1C(=O)[C@@H]1CC[C@H](COc2cc(C(=O)O)ccc2Cl)N1
1721046,CHEMBL382003,Ki,=,3.8,nM,8.42,CHEMBL284,Dipeptidyl peptidase 4,CC(C)(C)c1cc(C(=O)O)ccc1OC[C@H]1CC[C@@H](C(=O)N2CCC[C@H]2C#N)N1
1721047,CHEMBL436744,Ki,=,2.0,nM,8.70,CHEMBL284,Dipeptidyl peptidase 4,CC(C)c1cc(C(=O)O)ccc1OC[C@H]1CC[C@@H](C(=O)N2CCC[C@H]2C#N)N1
1721048,CHEMBL208751,Ki,=,1.6,nM,8.80,CHEMBL284,Dipeptidyl peptidase 4,COc1cc(C(=O)O)ccc1OC[C@H]1CC[C@@H](C(=O)N2CCC[C@H]2C#N)N1
1721049,CHEMBL379999,Ki,=,0.93,nM,9.03,CHEMBL284,Dipeptidyl peptidase 4,N#C[C@@H]1CCCN1C(=O)[C@@H]1CC[C@H](COc2ccc(C(=O)O)cc2Cl)N1
1721050,CHEMBL209875,Ki,>,3000.0,nM,,CHEMBL284,Dipeptidyl peptidase 4,N#C[C@@H]1CCCN1C(=O)[C@@H]1CC[C@H](COc2ccccc2Cc2ccccc2)N1
1721051,CHEMBL210275,Ki,=,8.9,nM,8.05,CHEMBL284,Dipeptidyl peptidase 4,CC(C)(C)c1ccccc1OC[C@H]1CC[C@@H](C(=O)N2CCC[C@H]2C#N)N1
1721052,CHEMBL210848,Ki,=,2900.0,nM,5.54,CHEMBL284,Dipeptidyl peptidase 4,N#C[C@@H]1CCCN1C(=O)[C@@H]1CC[C@H](COc2ccc3c(c2)CCCC3)N1
1721053,CHEMBL379812,Ki,=,2.5,nM,8.60,CHEMBL284,Dipeptidyl peptidase 4,N#C[C@@H]1CCCN1C(=O)[C@@H]1CC[C@H](COc2ccc3ccccc3c2)N1
1721054,CHEMBL379368,Ki,=,2.7,nM,8.57,CHEMBL284,Dipeptidyl peptidase 4,N#C[C@@H]1CCCN1C(=O)[C@@H]1CC[C@H](COc2ccc3c(c2)OCO3)N1
1721055,CHEMBL378010,Ki,=,0.72,nM,9.14,CHEMBL284,Dipeptidyl peptidase 4,N#C[C@@H]1CCCN1C(=O)[C@@H]1CC[C@H](COc2cccnc2Cl)N1
1721056,CHEMBL210867,Ki,=,10.0,nM,8.00,CHEMBL284,Dipeptidyl peptidase 4,N#C[C@@H]1CCCN1C(=O)[C@@H]1CC[C@H](COc2ccc(Cl)cc2C(=O)O)N1
1721057,CHEMBL209941,Ki,=,1.6,nM,8.80,CHEMBL284,Dipeptidyl peptidase 4,N#C[C@@H]1CCCN1C(=O)[C@@H]1CC[C@H](COc2ccc(Cl)cc2Cl)N1
1721058,CHEMBL209940,Ki,=,0.6,nM,9.22,CHEMBL284,Dipeptidyl peptidase 4,N#Cc1ccc(OC[C@H]2CC[C@@H](C(=O)N3CCC[C@H]3C#N)N2)c(Cl)c1
1721059,CHEMBL210691,Ki,=,76.0,nM,7.12,CHEMBL284,Dipeptidyl peptidase 4,N#C[C@@H]1CCCN1C(=O)[C@@H]1CC[C@H](COc2c(Cl)cccc2Cl)N1
1721060,CHEMBL377390,Ki,=,0.85,nM,9.07,CHEMBL284,Dipeptidyl peptidase 4,N#C[C@@H]1CCCN1C(=O)[C@@H]1CC[C@H](COc2ccccc2Cl)N1
1721061,CHEMBL382167,Ki,=,3.5,nM,8.46,CHEMBL284,Dipeptidyl peptidase 4,Cc1ccccc1OC[C@H]1CC[C@@H](C(=O)N2CCC[C@H]2C#N)N1
1721062,CHEMBL207650,Ki,=,4.4,nM,8.36,CHEMBL284,Dipeptidyl peptidase 4,N#Cc1ccc(OC[C@H]2CC[C@@H](C(=O)N3CCC[C@H]3C#N)N2)cc1
1721063,CHEMBL377146,Ki,=,11.0,nM,7.96,CHEMBL284,Dipeptidyl peptidase 4,COc1ccc(OC[C@H]2CC[C@@H](C(=O)N3CCC[C@H]3C#N)N2)cc1
1721064,CHEMBL380894,Ki,=,7.2,nM,8.14,CHEMBL284,Dipeptidyl peptidase 4,Cc1ccc(OC[C@H]2CC[C@@H](C(=O)N3CCC[C@H]3C#N)N2)cc1
1721065,CHEMBL379340,Ki,=,30.0,nM,7.52,CHEMBL284,Dipeptidyl peptidase 4,N#C[C@@H]1CCCN1C(=O)[C@@H]1CC[C@H](COCc2ccccc2)N1
1721066,CHEMBL379144,Ki,=,54.0,nM,7.27,CHEMBL284,Dipeptidyl peptidase 4,N#C[C@@H]1CCCN1C(=O)[C@@H]1CC[C@@H](COc2ccc(Br)cc2)N1
1721067,CHEMBL380707,Ki,=,4.6,nM,8.34,CHEMBL284,Dipeptidyl peptidase 4,N#C[C@@H]1CCCN1C(=O)[C@@H]1CC[C@H](COc2ccc(Br)cc2)N1
1721068,CHEMBL206573,Ki,=,6.8,nM,8.17,CHEMBL284,Dipeptidyl peptidase 4,N#C[C@@H]1CCCN1C(=O)[C@@H]1CC[C@H](COc2ccccc2)N1
1721069,CHEMBL209405,Ki,=,1610.0,nM,5.79,CHEMBL284,Dipeptidyl peptidase 4,N#C[C@@H]1CCCN1C(=O)[C@@H]1CC[C@H](CN2CCOCC2)N1
1721070,CHEMBL210407,Ki,=,49.0,nM,7.31,CHEMBL284,Dipeptidyl peptidase 4,CN(C[C@H]1CC[C@@H](C(=O)N2CCC[C@H]2C#N)N1)c1ccccc1
1721071,CHEMBL210305,Ki,=,8.9,nM,8.05,CHEMBL284,Dipeptidyl peptidase 4,N#C[C@@H]1CCCN1C(=O)[C@@H]1CC[C@H](CNc2ccc(Br)cc2)N1
1721072,CHEMBL379294,Ki,=,12.0,nM,7.92,CHEMBL284,Dipeptidyl peptidase 4,N#C[C@@H]1CCCN1C(=O)[C@@H]1CC[C@H](CNc2ccccc2)N1
1721073,CHEMBL208855,Ki,=,44.0,nM,7.36,CHEMBL284,Dipeptidyl peptidase 4,N#C[C@@H]1CCCN1C(=O)[C@@H]1CC[C@H](CNS(=O)(=O)c2ccccc2)N1
1721074,CHEMBL210193,Ki,=,6.7,nM,8.17,CHEMBL284,Dipeptidyl peptidase 4,COC(=O)c1ccc(NC(=O)NC[C@H]2CC[C@@H](C(=O)N3CCC[C@H]3C#N)N2)cc1
1721075,CHEMBL210278,Ki,=,15.0,nM,7.82,CHEMBL284,Dipeptidyl peptidase 4,N#C[C@@H]1CCCN1C(=O)[C@@H]1CC[C@H](CNC(=O)Nc2ccccc2)N1
1721076,CHEMBL437884,Ki,=,20.0,nM,7.70,CHEMBL284,Dipeptidyl peptidase 4,N#C[C@@H]1CCCN1C(=O)[C@@H]1CC[C@H](CNC(=O)c2ccccc2)N1
1721077,CHEMBL208469,Ki,=,1310.0,nM,5.88,CHEMBL284,Dipeptidyl peptidase 4,N#C[C@@H]1CCCN1C(=O)[C@@H]1CC[C@H](C(=O)Nc2ccc(Br)cc2)N1
1721078,CHEMBL380309,Ki,=,1280.0,nM,5.89,CHEMBL284,Dipeptidyl peptidase 4,N#C[C@@H]1CCCN1C(=O)[C@@H]1CC[C@H](C(=O)Nc2ccccc2)N1
1721079,CHEMBL210844,Ki,=,720.0,nM,6.14,CHEMBL284,Dipeptidyl peptidase 4,N#C[C@@H]1CCCN1C(=O)[C@@H]1CC[C@H](c2ccccc2)N1
1721080,CHEMBL377158,Ki,=,317.0,nM,6.50,CHEMBL284,Dipeptidyl peptidase 4,CC(C)[C@H]1CC[C@@H](C(=O)N2CCC[C@H]2C#N)N1
1721081,CHEMBL210665,Ki,=,867.0,nM,6.06,CHEMBL284,Dipeptidyl peptidase 4,N#C[C@@H]1CCCN1C(=O)[C@@H]1CC[C@@H](CO)N1
1721082,CHEMBL376947,Ki,=,764.0,nM,6.12,CHEMBL284,Dipeptidyl peptidase 4,N#C[C@@H]1CCCN1C(=O)[C@@H]1CC[C@H](CO)N1
1721083,CHEMBL210485,Ki,=,143.0,nM,6.84,CHEMBL284,Dipeptidyl peptidase 4,C=C[C@@H]1CC[C@@H](C(=O)N2CCC[C@H]2C#N)N1
1721084,CHEMBL209518,Ki,=,21.0,nM,7.68,CHEMBL284,Dipeptidyl peptidase 4,C=C[C@H]1CC[C@@H](C(=O)N2CCC[C@H]2C#N)N1
1721085,CHEMBL210364,Ki,=,103.0,nM,6.99,CHEMBL284,Dipeptidyl peptidase 4,CC[C@@H]1CC[C@@H](C(=O)N2CCC[C@H]2C#N)N1
1721086,CHEMBL208968,Ki,=,33.0,nM,7.48,CHEMBL284,Dipeptidyl peptidase 4,CC[C@H]1CC[C@@H](C(=O)N2CCC[C@H]2C#N)N1
1721087,CHEMBL210869,Ki,=,8.3,nM,8.08,CHEMBL284,Dipeptidyl peptidase 4,C[C@H]1CC[C@@H](C(=O)N2CCC[C@H]2C#N)N1
1721104,CHEMBL210275,Ki,,,,,CHEMBL284,Dipeptidyl peptidase 4,CC(C)(C)c1ccccc1OC[C@H]1CC[C@@H](C(=O)N2CCC[C@H]2C#N)N1
1721105,CHEMBL380350,Ki,=,0.27,nM,9.57,CHEMBL284,Dipeptidyl peptidase 4,N#C[C@@H]1CCCN1C(=O)[C@@H]1CC[C@H](COc2cc(NC(=O)c3cc[nH]n3)ccc2Cl)N1
1721106,CHEMBL377689,Ki,=,0.59,nM,9.23,CHEMBL284,Dipeptidyl peptidase 4,N#C[C@@H]1CCCN1C(=O)[C@@H]1CC[C@H](COc2ccc(NS(=O)(=O)c3ccccc3)cc2Br)N1
1721107,CHEMBL379997,Ki,=,0.35,nM,9.46,CHEMBL284,Dipeptidyl peptidase 4,N#C[C@@H]1CCCN1C(=O)[C@@H]1CC[C@H](COc2cc([N+](=O)[O-])c(Cl)cc2Cl)N1
1721108,CHEMBL380090,Ki,=,0.96,nM,9.02,CHEMBL284,Dipeptidyl peptidase 4,N#C[C@@H]1CCCN1C(=O)[C@@H]1CC[C@H](COc2ccc(C(=O)O)c3ccccc23)N1
1721109,CHEMBL207068,Ki,=,0.6,nM,9.22,CHEMBL284,Dipeptidyl peptidase 4,N#C[C@@H]1CCCN1C(=O)[C@@H]1CC[C@H](COc2cc(Br)c3c(c2)OCO3)N1
1721110,CHEMBL382899,Ki,=,0.62,nM,9.21,CHEMBL284,Dipeptidyl peptidase 4,CS(=O)(=O)c1ccc(OC[C@H]2CC[C@@H](C(=O)N3CCC[C@H]3C#N)N2)c(Br)c1
1721111,CHEMBL210805,Ki,=,0.83,nM,9.08,CHEMBL284,Dipeptidyl peptidase 4,CS(=O)(=O)c1ccc(OC[C@H]2CC[C@@H](C(=O)N3CCC[C@H]3C#N)N2)c(Cl)c1
1721112,CHEMBL382700,Ki,=,1.1,nM,8.96,CHEMBL284,Dipeptidyl peptidase 4,N#C[C@@H]1CCCN1C(=O)[C@@H]1CC[C@H](COc2cc(C(=O)O)c[n+]([O-])c2Cl)N1
1721113,CHEMBL377296,Ki,=,0.48,nM,9.32,CHEMBL284,Dipeptidyl peptidase 4,N#C[C@@H]1CCCN1C(=O)[C@@H]1CC[C@H](COc2cc(C(=O)O)cnc2Cl)N1
1721114,CHEMBL379725,Ki,=,0.59,nM,9.23,CHEMBL284,Dipeptidyl peptidase 4,N#C[C@@H]1CCCN1C(=O)[C@@H]1CC[C@H](COc2ncc(C(=O)O)cc2Cl)N1
1721115,CHEMBL377151,Ki,=,0.62,nM,9.21,CHEMBL284,Dipeptidyl peptidase 4,N#C[C@@H]1CCCN1C(=O)[C@@H]1CC[C@H](COc2cc(C(=O)O)ccc2Br)N1
1721116,CHEMBL384445,Ki,=,0.4,nM,9.40,CHEMBL284,Dipeptidyl peptidase 4,N#C[C@@H]1CCCN1C(=O)[C@@H]1CC[C@H](COc2ccc(C(=O)O)cc2Br)N1
1721117,CHEMBL378867,Ki,=,0.67,nM,9.17,CHEMBL284,Dipeptidyl peptidase 4,N#C[C@@H]1CCCN1C(=O)[C@@H]1CC[C@H](COc2cc(C(=O)O)ccc2Cl)N1
1721118,CHEMBL382003,Ki,,,,,CHEMBL284,Dipeptidyl peptidase 4,CC(C)(C)c1cc(C(=O)O)ccc1OC[C@H]1CC[C@@H](C(=O)N2CCC[C@H]2C#N)N1
1721119,CHEMBL436744,Ki,=,3.1,nM,8.51,CHEMBL284,Dipeptidyl peptidase 4,CC(C)c1cc(C(=O)O)ccc1OC[C@H]1CC[C@@H](C(=O)N2CCC[C@H]2C#N)N1
1721120,CHEMBL208751,Ki,=,2.4,nM,8.62,CHEMBL284,Dipeptidyl peptidase 4,COc1cc(C(=O)O)ccc1OC[C@H]1CC[C@@H](C(=O)N2CCC[C@H]2C#N)N1
1721121,CHEMBL379999,Ki,=,1.5,nM,8.82,CHEMBL284,Dipeptidyl peptidase 4,N#C[C@@H]1CCCN1C(=O)[C@@H]1CC[C@H](COc2ccc(C(=O)O)cc2Cl)N1
1721122,CHEMBL209875,Ki,,,,,CHEMBL284,Dipeptidyl peptidase 4,N#C[C@@H]1CCCN1C(=O)[C@@H]1CC[C@H](COc2ccccc2Cc2ccccc2)N1
1721126,CHEMBL210275,Ki,,,,,CHEMBL284,Dipeptidyl peptidase 4,CC(C)(C)c1ccccc1OC[C@H]1CC[C@@H](C(=O)N2CCC[C@H]2C#N)N1
1721130,CHEMBL380350,Ki,=,1.2,nM,8.92,CHEMBL284,Dipeptidyl peptidase 4,N#C[C@@H]1CCCN1C(=O)[C@@H]1CC[C@H](COc2cc(NC(=O)c3cc[nH]n3)ccc2Cl)N1
1721131,CHEMBL377689,Ki,=,2.3,nM,8.64,CHEMBL284,Dipeptidyl peptidase 4,N#C[C@@H]1CCCN1C(=O)[C@@H]1CC[C@H](COc2ccc(NS(=O)(=O)c3ccccc3)cc2Br)N1
1721132,CHEMBL379997,Ki,=,1.4,nM,8.85,CHEMBL284,Dipeptidyl peptidase 4,N#C[C@@H]1CCCN1C(=O)[C@@H]1CC[C@H](COc2cc([N+](=O)[O-])c(Cl)cc2Cl)N1
1721133,CHEMBL380090,Ki,=,1.6,nM,8.80,CHEMBL284,Dipeptidyl peptidase 4,N#C[C@@H]1CCCN1C(=O)[C@@H]1CC[C@H](COc2ccc(C(=O)O)c3ccccc23)N1
1721134,CHEMBL207068,Ki,=,2.4,nM,8.62,CHEMBL284,Dipeptidyl peptidase 4,N#C[C@@H]1CCCN1C(=O)[C@@H]1CC[C@H](COc2cc(Br)c3c(c2)OCO3)N1
1721135,CHEMBL382899,Ki,=,0.85,nM,9.07,CHEMBL284,Dipeptidyl peptidase 4,CS(=O)(=O)c1ccc(OC[C@H]2CC[C@@H](C(=O)N3CCC[C@H]3C#N)N2)c(Br)c1
1721136,CHEMBL210805,Ki,=,0.87,nM,9.06,CHEMBL284,Dipeptidyl peptidase 4,CS(=O)(=O)c1ccc(OC[C@H]2CC[C@@H](C(=O)N3CCC[C@H]3C#N)N2)c(Cl)c1
1721137,CHEMBL382700,Ki,=,0.98,nM,9.01,CHEMBL284,Dipeptidyl peptidase 4,N#C[C@@H]1CCCN1C(=O)[C@@H]1CC[C@H](COc2cc(C(=O)O)c[n+]([O-])c2Cl)N1
1721138,CHEMBL377296,Ki,=,0.4,nM,9.40,CHEMBL284,Dipeptidyl peptidase 4,N#C[C@@H]1CCCN1C(=O)[C@@H]1CC[C@H](COc2cc(C(=O)O)cnc2Cl)N1
1721139,CHEMBL379725,Ki,=,55.0,nM,7.26,CHEMBL284,Dipeptidyl peptidase 4,N#C[C@@H]1CCCN1C(=O)[C@@H]1CC[C@H](COc2ncc(C(=O)O)cc2Cl)N1
1721140,CHEMBL377151,Ki,=,1.2,nM,8.92,CHEMBL284,Dipeptidyl peptidase 4,N#C[C@@H]1CCCN1C(=O)[C@@H]1CC[C@H](COc2cc(C(=O)O)ccc2Br)N1
1721141,CHEMBL384445,Ki,=,0.62,nM,9.21,CHEMBL284,Dipeptidyl peptidase 4,N#C[C@@H]1CCCN1C(=O)[C@@H]1CC[C@H](COc2ccc(C(=O)O)cc2Br)N1
1721142,CHEMBL378867,Ki,=,1.1,nM,8.96,CHEMBL284,Dipeptidyl peptidase 4,N#C[C@@H]1CCCN1C(=O)[C@@H]1CC[C@H](COc2cc(C(=O)O)ccc2Cl)N1
1721143,CHEMBL382003,Ki,,,,,CHEMBL284,Dipeptidyl peptidase 4,CC(C)(C)c1cc(C(=O)O)ccc1OC[C@H]1CC[C@@H](C(=O)N2CCC[C@H]2C#N)N1
1721144,CHEMBL436744,Ki,=,3.7,nM,8.43,CHEMBL284,Dipeptidyl peptidase 4,CC(C)c1cc(C(=O)O)ccc1OC[C@H]1CC[C@@H](C(=O)N2CCC[C@H]2C#N)N1
1721145,CHEMBL208751,Ki,=,2.3,nM,8.64,CHEMBL284,Dipeptidyl peptidase 4,COc1cc(C(=O)O)ccc1OC[C@H]1CC[C@@H](C(=O)N2CCC[C@H]2C#N)N1
1721146,CHEMBL379999,Ki,=,1.4,nM,8.85,CHEMBL284,Dipeptidyl peptidase 4,N#C[C@@H]1CCCN1C(=O)[C@@H]1CC[C@H](COc2ccc(C(=O)O)cc2Cl)N1
1721147,CHEMBL209875,Ki,,,,,CHEMBL284,Dipeptidyl peptidase 4,N#C[C@@H]1CCCN1C(=O)[C@@H]1CC[C@H](COc2ccccc2Cc2ccccc2)N1
1722836,CHEMBL208957,IC50,=,7.5,nM,8.12,CHEMBL284,Dipeptidyl peptidase 4,CN(C)C(=O)[C@@H](c1ccc(-c2ccn3nccc3n2)cc1)[C@H](N)C(=O)N1CCC(F)(F)C1.O=C(O)C(F)(F)F
1722847,CHEMBL210829,IC50,=,6.2,nM,8.21,CHEMBL284,Dipeptidyl peptidase 4,CN(C)C(=O)[C@@H](c1ccc(-c2ccn3ncnc3c2)cc1)[C@H](N)C(=O)N1CCC(F)(F)C1.O=C(O)C(F)(F)F
1722848,CHEMBL537869,IC50,=,8.8,nM,8.06,CHEMBL284,Dipeptidyl peptidase 4,CN(C)C(=O)[C@@H](c1ccc(-c2ccc3ncnn3c2)cc1)[C@H](N)C(=O)N1CCC(F)(F)C1.Cl
1722849,CHEMBL209064,IC50,=,6.3,nM,8.20,CHEMBL284,Dipeptidyl peptidase 4,CN(C)C(=O)[C@@H](c1ccc(-c2ccc3ncnn3c2)cc1)[C@H](N)C(=O)N1CCC(F)(F)C1.O=C(O)C(F)(F)F
1722850,CHEMBL378048,IC50,=,5.2,nM,8.28,CHEMBL284,Dipeptidyl peptidase 4,CN(C)C(=O)[C@@H](c1ccc(-c2ccc3ncnn3c2)cc1)[C@H](N)C(=O)N1CCCC1.O=C(O)C(F)(F)F
1722851,CHEMBL210974,IC50,=,2.7,nM,8.57,CHEMBL284,Dipeptidyl peptidase 4,CN(C)C(=O)[C@@H](c1ccc(-c2ccc3ncnn3c2)cc1)[C@H](N)C(=O)N1CC(F)C1.O=C(O)C(F)(F)F
1722852,CHEMBL210621,IC50,=,150.0,nM,6.82,CHEMBL284,Dipeptidyl peptidase 4,Cc1cc(-c2ccc([C@H](C(=O)N(C)C)[C@H](N)C(=O)N3CC[C@H](F)C3)cc2)cn2ncnc12.O=C(O)C(F)(F)F
1722853,CHEMBL209111,IC50,=,8.6,nM,8.07,CHEMBL284,Dipeptidyl peptidase 4,Cc1c(-c2ccc([C@H](C(=O)N(C)C)[C@H](N)C(=O)N3CC[C@H](F)C3)cc2)ccc2ncnn12.O=C(O)C(F)(F)F
1722854,CHEMBL209710,IC50,=,22.0,nM,7.66,CHEMBL284,Dipeptidyl peptidase 4,Cc1nc2ccc(-c3ccc([C@H](C(=O)N(C)C)[C@H](N)C(=O)N4CC[C@H](F)C4)cc3)cn2n1.O=C(O)C(F)(F)F
1722855,CHEMBL379702,IC50,=,13.0,nM,7.89,CHEMBL284,Dipeptidyl peptidase 4,CN(C)C(=O)[C@@H](c1ccc(-c2ccc3nccn3n2)cc1)[C@H](N)C(=O)N1CC[C@H](F)C1.O=C(O)C(F)(F)F
1722856,CHEMBL210459,IC50,=,8.0,nM,8.10,CHEMBL284,Dipeptidyl peptidase 4,CN(C)C(=O)[C@@H](c1ccc(-c2ccn3nccc3n2)cc1)[C@H](N)C(=O)N1CC[C@H](F)C1.O=C(O)C(F)(F)F
1722857,CHEMBL210999,IC50,=,5.3,nM,8.28,CHEMBL284,Dipeptidyl peptidase 4,CN(C)C(=O)[C@@H](c1ccc(-c2ccn3ncnc3c2)cc1)[C@H](N)C(=O)N1CC[C@H](F)C1.O=C(O)C(F)(F)F
1722858,CHEMBL377221,IC50,=,4.3,nM,8.37,CHEMBL284,Dipeptidyl peptidase 4,CN(C)C(=O)[C@@H](c1ccc(-c2ccc3ncnn3c2)cc1)[C@H](N)C(=O)N1CC[C@H](F)C1.O=C(O)C(F)(F)F
1722859,CHEMBL207348,IC50,=,4.1,nM,8.39,CHEMBL284,Dipeptidyl peptidase 4,CN(C)C(=O)[C@@H](c1ccc(-c2ccc3nncn3c2)cc1)[C@H](N)C(=O)N1CC[C@H](F)C1.O=C(O)C(F)(F)F
1722860,CHEMBL378673,IC50,=,13.0,nM,7.89,CHEMBL284,Dipeptidyl peptidase 4,CN(C)C(=O)[C@@H](c1ccc(-c2ccc3nccn3c2)cc1)[C@H](N)C(=O)N1CC[C@H](F)C1.O=C(O)C(F)(F)F
1722861,CHEMBL209162,IC50,=,8.0,nM,8.10,CHEMBL284,Dipeptidyl peptidase 4,CN(C)C(=O)[C@@H](c1ccc(-c2ccc(=O)n(C)c2)cc1)[C@H](N)C(=O)N1CC[C@H](F)C1.O=C(O)C(F)(F)F
1722863,CHEMBL208957,IC50,=,57.0,nM,7.24,CHEMBL284,Dipeptidyl peptidase 4,CN(C)C(=O)[C@@H](c1ccc(-c2ccn3nccc3n2)cc1)[C@H](N)C(=O)N1CCC(F)(F)C1.O=C(O)C(F)(F)F
1722864,CHEMBL210829,IC50,=,34.0,nM,7.47,CHEMBL284,Dipeptidyl peptidase 4,CN(C)C(=O)[C@@H](c1ccc(-c2ccn3ncnc3c2)cc1)[C@H](N)C(=O)N1CCC(F)(F)C1.O=C(O)C(F)(F)F
1722865,CHEMBL537869,IC50,=,55.0,nM,7.26,CHEMBL284,Dipeptidyl peptidase 4,CN(C)C(=O)[C@@H](c1ccc(-c2ccc3ncnn3c2)cc1)[C@H](N)C(=O)N1CCC(F)(F)C1.Cl
1722866,CHEMBL209064,IC50,=,71.0,nM,7.15,CHEMBL284,Dipeptidyl peptidase 4,CN(C)C(=O)[C@@H](c1ccc(-c2ccc3ncnn3c2)cc1)[C@H](N)C(=O)N1CCC(F)(F)C1.O=C(O)C(F)(F)F
1722867,CHEMBL378048,IC50,=,63.0,nM,7.20,CHEMBL284,Dipeptidyl peptidase 4,CN(C)C(=O)[C@@H](c1ccc(-c2ccc3ncnn3c2)cc1)[C@H](N)C(=O)N1CCCC1.O=C(O)C(F)(F)F
1722868,CHEMBL210974,IC50,=,41.0,nM,7.39,CHEMBL284,Dipeptidyl peptidase 4,CN(C)C(=O)[C@@H](c1ccc(-c2ccc3ncnn3c2)cc1)[C@H](N)C(=O)N1CC(F)C1.O=C(O)C(F)(F)F
1722869,CHEMBL210621,IC50,=,640.0,nM,6.19,CHEMBL284,Dipeptidyl peptidase 4,Cc1cc(-c2ccc([C@H](C(=O)N(C)C)[C@H](N)C(=O)N3CC[C@H](F)C3)cc2)cn2ncnc12.O=C(O)C(F)(F)F
1722870,CHEMBL209111,IC50,=,61.0,nM,7.21,CHEMBL284,Dipeptidyl peptidase 4,Cc1c(-c2ccc([C@H](C(=O)N(C)C)[C@H](N)C(=O)N3CC[C@H](F)C3)cc2)ccc2ncnn12.O=C(O)C(F)(F)F
1722871,CHEMBL209710,IC50,=,223.0,nM,6.65,CHEMBL284,Dipeptidyl peptidase 4,Cc1nc2ccc(-c3ccc([C@H](C(=O)N(C)C)[C@H](N)C(=O)N4CC[C@H](F)C4)cc3)cn2n1.O=C(O)C(F)(F)F
1722872,CHEMBL379702,IC50,=,177.0,nM,6.75,CHEMBL284,Dipeptidyl peptidase 4,CN(C)C(=O)[C@@H](c1ccc(-c2ccc3nccn3n2)cc1)[C@H](N)C(=O)N1CC[C@H](F)C1.O=C(O)C(F)(F)F
1722873,CHEMBL210459,IC50,=,53.0,nM,7.28,CHEMBL284,Dipeptidyl peptidase 4,CN(C)C(=O)[C@@H](c1ccc(-c2ccn3nccc3n2)cc1)[C@H](N)C(=O)N1CC[C@H](F)C1.O=C(O)C(F)(F)F
1722874,CHEMBL210999,IC50,=,35.0,nM,7.46,CHEMBL284,Dipeptidyl peptidase 4,CN(C)C(=O)[C@@H](c1ccc(-c2ccn3ncnc3c2)cc1)[C@H](N)C(=O)N1CC[C@H](F)C1.O=C(O)C(F)(F)F
1722875,CHEMBL377221,IC50,=,44.0,nM,7.36,CHEMBL284,Dipeptidyl peptidase 4,CN(C)C(=O)[C@@H](c1ccc(-c2ccc3ncnn3c2)cc1)[C@H](N)C(=O)N1CC[C@H](F)C1.O=C(O)C(F)(F)F
1722876,CHEMBL207348,IC50,=,16.0,nM,7.80,CHEMBL284,Dipeptidyl peptidase 4,CN(C)C(=O)[C@@H](c1ccc(-c2ccc3nncn3c2)cc1)[C@H](N)C(=O)N1CC[C@H](F)C1.O=C(O)C(F)(F)F
1722877,CHEMBL378673,IC50,=,133.0,nM,6.88,CHEMBL284,Dipeptidyl peptidase 4,CN(C)C(=O)[C@@H](c1ccc(-c2ccc3nccn3c2)cc1)[C@H](N)C(=O)N1CC[C@H](F)C1.O=C(O)C(F)(F)F
1722878,CHEMBL209162,IC50,=,79.0,nM,7.10,CHEMBL284,Dipeptidyl peptidase 4,CN(C)C(=O)[C@@H](c1ccc(-c2ccc(=O)n(C)c2)cc1)[C@H](N)C(=O)N1CC[C@H](F)C1.O=C(O)C(F)(F)F
1727613,CHEMBL379261,IC50,=,109.0,nM,6.96,CHEMBL284,Dipeptidyl peptidase 4,O=C([C@@H]1CN[C@H](C(=O)N2CCCC2)C1)N1Cc2ccccc2C1
1727617,CHEMBL210522,IC50,=,984.0,nM,6.01,CHEMBL284,Dipeptidyl peptidase 4,CC1(C)N[C@H](C(=O)N2CCC[C@H]2C#N)C[C@@H]1C(=O)N1Cc2ccccc2C1
1727618,CHEMBL210995,IC50,=,1.7,nM,8.77,CHEMBL284,Dipeptidyl peptidase 4,N#C[C@@H]1CCCN1C(=O)[C@@H]1C[C@H](C(=O)N2Cc3ccccc3C2)CN1
1727619,CHEMBL427219,IC50,=,129.0,nM,6.89,CHEMBL284,Dipeptidyl peptidase 4,O=C([C@@H]1CN[C@H](C(=O)N2CCC(F)(F)C2)C1)N1Cc2ccccc2C1
1727620,CHEMBL378086,IC50,=,228.0,nM,6.64,CHEMBL284,Dipeptidyl peptidase 4,O=C([C@@H]1CN[C@H](C(=O)N2CC[C@@H](F)C2)C1)N1Cc2ccccc2C1
1727621,CHEMBL210590,IC50,=,245.0,nM,6.61,CHEMBL284,Dipeptidyl peptidase 4,O=C([C@@H]1CN[C@H](C(=O)N2CC[C@H](F)C2)C1)N1Cc2ccccc2C1
1727622,CHEMBL210353,IC50,=,84.0,nM,7.08,CHEMBL284,Dipeptidyl peptidase 4,O=C([C@@H]1CN[C@H](C(=O)N2CCSC2)C1)N1Cc2ccccc2C1
1727623,CHEMBL201644,IC50,=,15.0,nM,7.82,CHEMBL284,Dipeptidyl peptidase 4,CC(C)(CC(=O)N1Cc2ccccc2C1)NCC(=O)N1CCC[C@H]1C#N
1727624,CHEMBL210941,IC50,=,2587.0,nM,5.59,CHEMBL284,Dipeptidyl peptidase 4,O=C(NCCc1ccccc1)[C@@H]1CN[C@H](C(=O)N2CCCC2)C1
1727625,CHEMBL210920,IC50,=,1957.0,nM,5.71,CHEMBL284,Dipeptidyl peptidase 4,O=C(NCc1ccccc1)[C@@H]1CN[C@H](C(=O)N2CCCC2)C1
1727626,CHEMBL380240,IC50,=,4130.0,nM,5.38,CHEMBL284,Dipeptidyl peptidase 4,O=C(Nc1ccccc1)[C@@H]1CN[C@H](C(=O)N2CCCC2)C1
1727627,CHEMBL377776,IC50,=,144.0,nM,6.84,CHEMBL284,Dipeptidyl peptidase 4,O=C([C@@H]1CN[C@H](C(=O)N2CCCC2)C1)N1Cc2cc(Cl)c(Cl)cc2C1
1727628,CHEMBL209981,IC50,=,72.0,nM,7.14,CHEMBL284,Dipeptidyl peptidase 4,Cc1ccc2c(c1)CN(C(=O)[C@@H]1CN[C@H](C(=O)N3CCCC3)C1)C2
1727629,CHEMBL210718,IC50,=,73.0,nM,7.14,CHEMBL284,Dipeptidyl peptidase 4,O=C([C@@H]1CN[C@H](C(=O)N2CCCC2)C1)N1Cc2ccc(C(F)(F)F)cc2C1
1727630,CHEMBL208964,IC50,=,50.0,nM,7.30,CHEMBL284,Dipeptidyl peptidase 4,O=C([C@@H]1CN[C@H](C(=O)N2CCCC2)C1)N1Cc2ccc(Cl)cc2C1
1727631,CHEMBL210225,IC50,=,73.0,nM,7.14,CHEMBL284,Dipeptidyl peptidase 4,O=C([C@@H]1CN[C@H](C(=O)N2CCCC2)C1)N1Cc2ccc(F)cc2C1
1765607,CHEMBL215299,IC50,=,325000.0,nM,,CHEMBL284,Dipeptidyl peptidase 4,C[C@@H](C[C@H](N)C(=O)N1CCCCC1)NCc1ccc(Cl)cc1
1765610,CHEMBL213514,IC50,>,125000.0,nM,,CHEMBL284,Dipeptidyl peptidase 4,N[C@@H](C[C@@H](Cc1ccccc1)NCc1ccc(Cl)cc1)C(=O)N1CCCCC1
1765611,CHEMBL214630,IC50,>,125000.0,nM,,CHEMBL284,Dipeptidyl peptidase 4,N[C@@H](C[C@H](Cc1ccccc1)NCc1ccc(Cl)cc1)C(=O)N1CCCCC1
1765612,CHEMBL214580,IC50,=,234000.0,nM,,CHEMBL284,Dipeptidyl peptidase 4,CCC(C)[C@@H](C[C@H](N)C(=O)N1CCCCC1)NCc1ccc(Cl)cc1
1765613,CHEMBL373665,IC50,>,125000.0,nM,,CHEMBL284,Dipeptidyl peptidase 4,CC(C)[C@@H](C[C@H](N)C(=O)N1CCCCC1)NCc1ccc(Cl)cc1
1765614,CHEMBL215244,IC50,>,100000.0,nM,,CHEMBL284,Dipeptidyl peptidase 4,CC[C@@H](C[C@H](N)C(=O)N1CCCCC1)NCc1ccc(Cl)cc1
1765615,CHEMBL215824,IC50,>,250000.0,nM,,CHEMBL284,Dipeptidyl peptidase 4,C[C@H](C[C@H](N)C(=O)N1CCCCC1)NCc1ccc(Cl)cc1
1765642,CHEMBL98869,IC50,=,196000.0,nM,,CHEMBL284,Dipeptidyl peptidase 4,N[C@@H](CCNCc1ccc(Cl)cc1)C(=O)N1CCCCC1
1765648,CHEMBL98869,Ki,=,0.082,nM,10.09,CHEMBL284,Dipeptidyl peptidase 4,N[C@@H](CCNCc1ccc(Cl)cc1)C(=O)N1CCCCC1
1774734,CHEMBL94278,Ki,=,1.0,nM,9.00,CHEMBL284,Dipeptidyl peptidase 4,N#C[C@@H]1CCCN1C(=O)[C@@H](N)C1CCCC1
1774735,CHEMBL217766,Ki,=,8.0,nM,8.10,CHEMBL284,Dipeptidyl peptidase 4,C#C[C@H]1CC[C@@H](C#N)N1C(=O)[C@@H](N)CC(C)C
1774736,CHEMBL217032,Ki,=,49.0,nM,7.31,CHEMBL284,Dipeptidyl peptidase 4,CC(C)C[C@H](N)C(=O)N1[C@H](C)CC[C@H]1C#N
1774737,CHEMBL217252,Ki,=,8.0,nM,8.10,CHEMBL284,Dipeptidyl peptidase 4,C#C[C@H]1CC[C@@H](C#N)N1C(=O)[C@@H](N)C1CCCC1
1774738,CHEMBL217001,Ki,=,97.0,nM,7.01,CHEMBL284,Dipeptidyl peptidase 4,C[C@@H]1CC[C@@H](C#N)N1C(=O)[C@@H](N)C1CCCC1
1774739,CHEMBL385024,Ki,=,3800.0,nM,5.42,CHEMBL284,Dipeptidyl peptidase 4,C=C[C@H]1CC[C@@H](C#N)N1C(=O)[C@@H](N)C1CCCC1
1774740,CHEMBL387232,Ki,=,24.0,nM,7.62,CHEMBL284,Dipeptidyl peptidase 4,CC#C[C@H]1CC[C@@H](C#N)N1C(=O)[C@@H](N)C1CCCC1
1774741,CHEMBL386022,Ki,=,96.0,nM,7.02,CHEMBL284,Dipeptidyl peptidase 4,C#C[C@H]1CC[C@@H](C#N)N1C(=O)[C@@H](N)C1CCCCC1
1774742,CHEMBL216900,Ki,>,30000.0,nM,,CHEMBL284,Dipeptidyl peptidase 4,C#C[C@@H]1CC[C@@H](C#N)N1C(=O)[C@@H](N)C1CCCCC1
1774743,CHEMBL216370,Ki,>,30000.0,nM,,CHEMBL284,Dipeptidyl peptidase 4,CCC(C)[C@H](N)C(=O)N1[C@H](C#N)CC[C@H]1c1ccccc1
1774744,CHEMBL217654,Ki,=,22.0,nM,7.66,CHEMBL284,Dipeptidyl peptidase 4,C#C[C@H]1CC[C@@H](C#N)N1C(=O)CNC1CCCC1
1774745,CHEMBL217155,Ki,=,79.0,nM,7.10,CHEMBL284,Dipeptidyl peptidase 4,C#C[C@H]1CC[C@@H](C#N)N1C(=O)CNC1CCCCC1
1774746,CHEMBL385247,Ki,=,90.0,nM,7.05,CHEMBL284,Dipeptidyl peptidase 4,C#C[C@H]1CC[C@@H](C#N)N1C(=O)CN[C@H]1CC[C@H](O)CC1
1774747,CHEMBL217040,Ki,=,5.0,nM,8.30,CHEMBL284,Dipeptidyl peptidase 4,C#C[C@H]1CC[C@@H](C#N)N1C(=O)CN[C@H]1CC[C@H](Oc2ccc(C#N)cn2)CC1
1774748,CHEMBL385904,Ki,=,25.0,nM,7.60,CHEMBL284,Dipeptidyl peptidase 4,C#C[C@H]1CC[C@@H](C#N)N1C(=O)CNC(C)(C)C
1774749,CHEMBL385483,Ki,=,811.0,nM,6.09,CHEMBL284,Dipeptidyl peptidase 4,C[C@H]1CC[C@@H](C#N)N1C(=O)CNC1CCCC1
1774750,CHEMBL217138,Ki,=,959.0,nM,6.02,CHEMBL284,Dipeptidyl peptidase 4,CC#C[C@H]1CC[C@@H](C#N)N1C(=O)CNC1CCCC1
1774751,CHEMBL386654,Ki,=,62.0,nM,7.21,CHEMBL284,Dipeptidyl peptidase 4,C#C[C@H]1CC[C@@H](C#N)N1C(=O)CNC12CC3CC(CC(O)(C3)C1)C2
1774752,CHEMBL3085037,Ki,=,4.0,nM,8.40,CHEMBL284,Dipeptidyl peptidase 4,N#Cc1ccc(O[C@H]2CC[C@H](NCC(=O)N3CCC[C@H]3C#N)CC2)nc1
1774761,CHEMBL142703,Ki,=,4.0,nM,8.40,CHEMBL284,Dipeptidyl peptidase 4,N#C[C@@H]1CCCN1C(=O)CNC12CC3CC(CC(O)(C3)C1)C2
1774766,CHEMBL96937,Ki,=,10.0,nM,8.00,CHEMBL284,Dipeptidyl peptidase 4,CC(C)(C)NCC(=O)N1CCC[C@H]1C#N
1774773,CHEMBL95089,Ki,=,11.0,nM,7.96,CHEMBL284,Dipeptidyl peptidase 4,N#C[C@@H]1CCCN1C(=O)CNC1CCCC1
1774828,CHEMBL387297,Ki,=,3.0,nM,8.52,CHEMBL284,Dipeptidyl peptidase 4,C#C[C@H]1CC[C@@H](C#N)N1C(=O)CNC1(C)CCN(c2ccc(C#N)cn2)CC1
1774865,CHEMBL216957,Ki,=,1.3,nM,8.89,CHEMBL284,Dipeptidyl peptidase 4,C#C[C@H]1CC[C@@H](C#N)N1C(=O)CNC1(C)CCN(c2ccc(C(=O)O)cn2)CC1
1774882,CHEMBL386369,Ki,=,1.0,nM,9.00,CHEMBL284,Dipeptidyl peptidase 4,C#C[C@H]1CC[C@@H](C#N)N1C(=O)CNC1(C)CCN(c2cc(C(=O)O)ccn2)CC1
1774905,CHEMBL217455,Ki,=,1.0,nM,9.00,CHEMBL284,Dipeptidyl peptidase 4,CC1(NCC(=O)N2CCC[C@H]2C#N)CCN(c2cc(C(=O)O)ccn2)CC1
1774983,CHEMBL385517,Ki,=,0.6,nM,9.22,CHEMBL284,Dipeptidyl peptidase 4,N#C[C@@H]1C[C@@H]2C[C@@H]2N1C(=O)[C@@H](N)C12CC3CC(CC(O)(C3)C1)C2
1777123,CHEMBL216578,Ki,=,820.0,nM,6.09,CHEMBL284,Dipeptidyl peptidase 4,N[C@H]1CC=CC[C@@H]1c1ccccc1Cl
1777124,CHEMBL387043,Ki,=,45.0,nM,7.35,CHEMBL284,Dipeptidyl peptidase 4,N[C@H]1CC(CN2CCC(C(=O)O)CC2)=CC[C@@H]1c1ccc(Cl)cc1Cl.O=C(O)C(F)(F)F
1777125,CHEMBL217708,Ki,<,140.0,nM,,CHEMBL284,Dipeptidyl peptidase 4,N[C@H]1CC(c2ccccc2)=CC[C@@H]1c1ccccc1Cl.O=C(O)C(F)(F)F
1777126,CHEMBL216622,Ki,=,12.0,nM,7.92,CHEMBL284,Dipeptidyl peptidase 4,N[C@H]1CC(CN2CCc3ccccc3C2)=CC[C@@H]1c1cc(F)c(F)c(F)c1.O=C(O)C(F)(F)F
1777129,CHEMBL437341,Ki,=,1.3,nM,8.89,CHEMBL284,Dipeptidyl peptidase 4,N[C@H]1CC(C(=O)N2CCn3c(nnc3C(F)(F)F)C2)=CC[C@@H]1c1cc(F)c(F)c(F)c1.O=C(O)C(F)(F)F
1777130,CHEMBL217358,Ki,=,4.7,nM,8.33,CHEMBL284,Dipeptidyl peptidase 4,NC(=O)c1cccc(NC(=O)C2=CC[C@H](c3cc(F)c(F)c(F)c3)[C@@H](N)C2)c1.O=C(O)C(F)(F)F
1777131,CHEMBL410514,Ki,=,3.6,nM,8.44,CHEMBL284,Dipeptidyl peptidase 4,NC(=O)c1cccc(OCC2=CC[C@H](c3cc(F)c(F)c(F)c3)[C@@H](N)C2)c1.O=C(O)C(F)(F)F
1777132,CHEMBL274660,Ki,=,6.0,nM,8.22,CHEMBL284,Dipeptidyl peptidase 4,NC(=O)c1cccc(NCC2=CC[C@H](c3cc(F)c(F)c(F)c3)[C@@H](N)C2)c1.O=C(O)C(F)(F)F
1777642,CHEMBL437341,Ki,=,1.6,nM,8.80,CHEMBL284,Dipeptidyl peptidase 4,N[C@H]1CC(C(=O)N2CCn3c(nnc3C(F)(F)F)C2)=CC[C@@H]1c1cc(F)c(F)c(F)c1.O=C(O)C(F)(F)F
1792418,CHEMBL216253,IC50,=,4.0,nM,8.40,CHEMBL284,Dipeptidyl peptidase 4,CN1C(=O)C=C(N2CCC[C@@H](N)C2)C(Cc2ccccc2C#N)C1=O
1792419,CHEMBL1161916,Ki,=,2.0,nM,8.70,CHEMBL284,Dipeptidyl peptidase 4,Cn1c(=O)c2c(nc(N3CCCC(N)C3)n2Cc2ccccc2C#N)n(C)c1=O
1792420,CHEMBL1161919,Ki,=,2.0,nM,8.70,CHEMBL284,Dipeptidyl peptidase 4,CN1C(=O)c2nc(N3CCCC(N)C3)n(Cc3ccccc3C#N)c2C1=O
1792421,CHEMBL1161921,Ki,=,5.0,nM,8.30,CHEMBL284,Dipeptidyl peptidase 4,Cn1ncc2nc(N3CCCC(N)C3)n(Cc3ccccc3C#N)c2c1=O
1792422,CHEMBL1161922,Ki,=,9.0,nM,8.05,CHEMBL284,Dipeptidyl peptidase 4,CN1C(=O)c2nc(N3CCCC(N)C3)n(Cc3ccccc3Cl)c2C1=O
1792423,CHEMBL1161923,Ki,=,10.0,nM,8.00,CHEMBL284,Dipeptidyl peptidase 4,CN1C(=O)c2nc(N3CCCC(N)C3)n(Cc3ccccc3C(F)(F)F)c2C1=O
1792424,CHEMBL1161910,Ki,=,22.0,nM,7.66,CHEMBL284,Dipeptidyl peptidase 4,CN1C(=O)c2nc(N3CCCC(N)C3)n(Cc3ccccc3OC(F)(F)F)c2C1=O
1792425,CHEMBL1161912,Ki,=,1200.0,nM,5.92,CHEMBL284,Dipeptidyl peptidase 4,Cn1ncc2nc(N3CCCC(N)C3)n(Cc3cccc(C#N)c3)c2c1=O
1792426,CHEMBL1161913,Ki,=,11.0,nM,7.96,CHEMBL284,Dipeptidyl peptidase 4,Cn1ncc2nc(N3CCCC(N)C3)n(Cc3cccc(CC#N)c3)c2c1=O
1792427,CHEMBL1161917,Ki,=,29.0,nM,7.54,CHEMBL284,Dipeptidyl peptidase 4,N#Cc1ccccc1Cn1c(N2CCCC(N)C2)nc2c1C(=O)N(Cc1ccccc1)C2=O
1792428,CHEMBL1161920,Ki,=,25.0,nM,7.60,CHEMBL284,Dipeptidyl peptidase 4,NC1CCCN(c2nc3c(n2Cc2ccccc2C(F)(F)F)C(=O)c2ccccc2C3=O)C1
1792429,CHEMBL1161918,Ki,=,57.0,nM,7.24,CHEMBL284,Dipeptidyl peptidase 4,COc1ccc2nc(N3CCCC(N)C3)n(Cc3ccccc3C(F)(F)F)c2c1F
1792430,CHEMBL541921,Ki,=,300.0,nM,6.52,CHEMBL284,Dipeptidyl peptidase 4,NC1CCCN(c2nc3ccc[n+]([O-])c3n2Cc2ccccc2)C1
1792431,CHEMBL1161911,Ki,=,260.0,nM,6.58,CHEMBL284,Dipeptidyl peptidase 4,Cn1ncc2c(nc(N3CCCC(N)C3)n2Cc2ccccc2C#N)c1=O
1792432,CHEMBL1161916,Ki,=,2.0,nM,8.70,CHEMBL284,Dipeptidyl peptidase 4,Cn1c(=O)c2c(nc(N3CCCC(N)C3)n2Cc2ccccc2C#N)n(C)c1=O
1792433,CHEMBL1161919,Ki,=,2.0,nM,8.70,CHEMBL284,Dipeptidyl peptidase 4,CN1C(=O)c2nc(N3CCCC(N)C3)n(Cc3ccccc3C#N)c2C1=O
1792434,CHEMBL1161914,Ki,=,450.0,nM,6.35,CHEMBL284,Dipeptidyl peptidase 4,CNC(=O)c1nc(N2CCCC(N)C2)n(Cc2ccccc2C#N)c1C(=O)NC
1792435,CHEMBL1161915,Ki,=,11.0,nM,7.96,CHEMBL284,Dipeptidyl peptidase 4,Cn1c(=O)c2nc(N3CCCC(N)C3)n(Cc3ccccc3C#N)c2c(=O)n1C
1792470,CHEMBL1422,IC50,=,18.0,nM,7.75,CHEMBL284,Dipeptidyl peptidase 4,N[C@@H](CC(=O)N1CCn2c(nnc2C(F)(F)F)C1)Cc1cc(F)c(F)cc1F
1792471,CHEMBL216186,IC50,=,27.0,nM,7.57,CHEMBL284,Dipeptidyl peptidase 4,N[C@@H](CC(=O)N1CCn2c(nnc2C(F)(F)F)C1)Cc1cc(F)ccc1F
1792472,CHEMBL217051,IC50,=,7.2,nM,8.14,CHEMBL284,Dipeptidyl peptidase 4,C[C@@H]1c2nnc(C(F)(F)F)n2CCN1C(=O)C[C@H](N)Cc1cc(F)ccc1F
1792473,CHEMBL384816,IC50,=,160.0,nM,6.80,CHEMBL284,Dipeptidyl peptidase 4,C[C@@H]1C(=O)NCN1C(=O)C[C@H](N)Cc1cc(F)ccc1F
1792474,CHEMBL217015,IC50,=,89.0,nM,7.05,CHEMBL284,Dipeptidyl peptidase 4,C[C@@H]1C(=O)NCCN1C(=O)C[C@H](N)Cc1cc(F)ccc1F
1792475,CHEMBL217016,IC50,=,14.0,nM,7.85,CHEMBL284,Dipeptidyl peptidase 4,C[C@@H]1C(=O)NCCCN1C(=O)C[C@H](N)Cc1cc(F)ccc1F
1792476,CHEMBL385711,IC50,=,6.6,nM,8.18,CHEMBL284,Dipeptidyl peptidase 4,C[C@@H]1C(=O)NCCCN1C(=O)C[C@H](N)Cc1cc(F)c(F)cc1F
1792477,CHEMBL217005,IC50,=,150.0,nM,6.82,CHEMBL284,Dipeptidyl peptidase 4,C[C@H]1C(=O)NCCCN1C(=O)C[C@H](N)Cc1cc(F)c(F)cc1F
1792478,CHEMBL216234,IC50,=,2300.0,nM,5.64,CHEMBL284,Dipeptidyl peptidase 4,C[C@H]1C(=O)NCCCN1C(=O)C[C@@H](N)Cc1cc(F)c(F)cc1F
1792479,CHEMBL384382,IC50,=,67000.0,nM,4.17,CHEMBL284,Dipeptidyl peptidase 4,C[C@@H]1C(=O)NCCCN1C(=O)C[C@@H](N)Cc1cc(F)c(F)cc1F
1792480,CHEMBL216643,IC50,=,140.0,nM,6.85,CHEMBL284,Dipeptidyl peptidase 4,N[C@@H](CC(=O)N1CCCNC(=O)C1)Cc1cc(F)c(F)cc1F
1792481,CHEMBL218459,IC50,=,16.0,nM,7.80,CHEMBL284,Dipeptidyl peptidase 4,CC[C@@H]1C(=O)NCCCN1C(=O)C[C@H](N)Cc1cc(F)c(F)cc1F
1792482,CHEMBL386380,IC50,=,0.91,nM,9.04,CHEMBL284,Dipeptidyl peptidase 4,N[C@@H](CC(=O)N1CCCNC(=O)[C@H]1Cc1ccccc1)Cc1cc(F)c(F)cc1F
1792483,CHEMBL216178,IC50,=,0.49,nM,9.31,CHEMBL284,Dipeptidyl peptidase 4,N[C@@H](CC(=O)N1CCCNC(=O)[C@H]1Cc1ccccn1)Cc1cc(F)c(F)cc1F
1792484,CHEMBL217702,IC50,=,0.29,nM,9.54,CHEMBL284,Dipeptidyl peptidase 4,N[C@@H](CC(=O)N1CCCNC(=O)[C@H]1Cc1cnccn1)Cc1cc(F)c(F)cc1F
1792485,CHEMBL217271,IC50,=,2.6,nM,8.59,CHEMBL284,Dipeptidyl peptidase 4,N[C@@H](CC(=O)N1CCCNC(=O)[C@H]1CC(F)(F)F)Cc1cc(F)c(F)cc1F
1792833,CHEMBL217561,Ki,=,377.0,nM,6.42,CHEMBL284,Dipeptidyl peptidase 4,CC(=O)NCC(=O)N1CCC[C@H]1B(O)O
1792834,CHEMBL216410,Ki,=,4300.0,nM,5.37,CHEMBL284,Dipeptidyl peptidase 4,CC(C)C(=O)NCC(=O)N1CCC[C@H]1B(O)O
1792835,CHEMBL216411,Ki,=,608000.0,nM,,CHEMBL284,Dipeptidyl peptidase 4,CC(C)(C)C(=O)NCC(=O)N1CCC[C@H]1B(O)O
1792836,CHEMBL217244,Ki,=,9080.0,nM,5.04,CHEMBL284,Dipeptidyl peptidase 4,O=C(NCC(=O)N1CCC[C@H]1B(O)O)C1CCCC1
1792837,CHEMBL387444,Ki,=,7391.0,nM,5.13,CHEMBL284,Dipeptidyl peptidase 4,O=C(NCC(=O)N1CCC[C@H]1B(O)O)C1CCCCC1
1792838,CHEMBL217753,Ki,=,38400.0,nM,4.42,CHEMBL284,Dipeptidyl peptidase 4,O=C(NCC(=O)N1CCC[C@H]1B(O)O)c1ccccc1
1792839,CHEMBL386890,Ki,=,9500.0,nM,5.02,CHEMBL284,Dipeptidyl peptidase 4,O=C(NCC(=O)N1CCC[C@H]1B(O)O)c1cc(Cl)ccc1Cl
1792840,CHEMBL443836,Ki,=,6871.0,nM,5.16,CHEMBL284,Dipeptidyl peptidase 4,O=C(NCC(=O)N1CCC[C@H]1B(O)O)c1c(Cl)cccc1Cl
1792841,CHEMBL217754,Ki,=,4600.0,nM,5.34,CHEMBL284,Dipeptidyl peptidase 4,CC(=O)N(C)CC(=O)N1CCC[C@H]1B(O)O
1792842,CHEMBL216376,Ki,=,19500.0,nM,4.71,CHEMBL284,Dipeptidyl peptidase 4,CC(C)C(=O)N(C)CC(=O)N1CCC[C@H]1B(O)O
1792843,CHEMBL385419,Ki,=,11300.0,nM,4.95,CHEMBL284,Dipeptidyl peptidase 4,CN(CC(=O)N1CCC[C@H]1B(O)O)C(=O)c1ccccc1
1792844,CHEMBL217056,Ki,=,68.0,nM,7.17,CHEMBL284,Dipeptidyl peptidase 4,CN(CC(=O)N1CCC[C@H]1B(O)O)C(=O)C1CCC(=O)N1
1792845,CHEMBL217065,Ki,=,1430.0,nM,5.84,CHEMBL284,Dipeptidyl peptidase 4,CS(=O)(=O)NCC(=O)N1CCC[C@H]1B(O)O
1792846,CHEMBL387050,Ki,=,22700.0,nM,4.64,CHEMBL284,Dipeptidyl peptidase 4,O=C1c2ccccc2CN1CC(=O)N1CCC[C@H]1B(O)O
1792847,CHEMBL217802,Ki,=,451000.0,nM,,CHEMBL284,Dipeptidyl peptidase 4,O=C(CCC(=O)N1CCC[C@H]1B(O)O)c1ccccc1
1792848,CHEMBL383855,Ki,=,182000.0,nM,,CHEMBL284,Dipeptidyl peptidase 4,O=C(Cn1ccccc1=O)N1CCC[C@H]1B(O)O
1792886,CHEMBL371480,IC50,=,298.0,nM,6.53,CHEMBL284,Dipeptidyl peptidase 4,N#C[C@@H]1CCCN1C(=O)CNCCC(=O)Nc1ccccc1
1792887,CHEMBL216383,IC50,=,207.0,nM,6.68,CHEMBL284,Dipeptidyl peptidase 4,CC(C)(CC(=O)Nc1ccccc1)NCC(=O)N1CCC[C@H]1C#N
1792888,CHEMBL385637,IC50,=,197.0,nM,6.71,CHEMBL284,Dipeptidyl peptidase 4,CC(C)(CC(=O)Nc1ccc(F)cc1)NCC(=O)N1CCC[C@H]1C#N
1792889,CHEMBL384985,IC50,=,253.0,nM,6.60,CHEMBL284,Dipeptidyl peptidase 4,COc1ccc(NC(=O)CC(C)(C)NCC(=O)N2CCC[C@H]2C#N)cc1
1792890,CHEMBL386326,IC50,=,225.0,nM,6.65,CHEMBL284,Dipeptidyl peptidase 4,CC(C)(CC(=O)Nc1ccc(F)c(F)c1)NCC(=O)N1CCC[C@H]1C#N
1792891,CHEMBL385394,IC50,=,174.0,nM,6.76,CHEMBL284,Dipeptidyl peptidase 4,Cc1ccc(NC(=O)CC(C)(C)NCC(=O)N2CCC[C@H]2C#N)cc1C
1792892,CHEMBL217198,IC50,=,116.0,nM,6.94,CHEMBL284,Dipeptidyl peptidase 4,COc1ccc(NC(=O)CC(C)(C)NCC(=O)N2CCC[C@H]2C#N)cc1OC
1792893,CHEMBL217059,IC50,=,127.0,nM,6.90,CHEMBL284,Dipeptidyl peptidase 4,COc1ccc(NC(=O)CC(C)(C)NCC(=O)N2CCC[C@H]2C#N)c(OC)c1OC
1792894,CHEMBL217060,IC50,=,269.0,nM,6.57,CHEMBL284,Dipeptidyl peptidase 4,CC(C)(CC(=O)Nc1ccc(-c2ccccc2)cc1)NCC(=O)N1CCC[C@H]1C#N
1792895,CHEMBL382907,IC50,=,452.0,nM,6.34,CHEMBL284,Dipeptidyl peptidase 4,N#C[C@@H]1CCCN1C(=O)CNCCC(=O)NCc1ccccc1
1792896,CHEMBL216377,IC50,=,239.0,nM,6.62,CHEMBL284,Dipeptidyl peptidase 4,CC(C)(CC(=O)NCc1ccccc1)NCC(=O)N1CCC[C@H]1C#N
1792897,CHEMBL216453,IC50,=,190.0,nM,6.72,CHEMBL284,Dipeptidyl peptidase 4,CC(C)(CC(=O)NCc1ccc(C(F)(F)F)cc1)NCC(=O)N1CCC[C@H]1C#N
1792898,CHEMBL216296,IC50,=,433.0,nM,6.36,CHEMBL284,Dipeptidyl peptidase 4,CC(C)(CC(=O)NCc1ccccn1)NCC(=O)N1CCC[C@H]1C#N
1792899,CHEMBL201158,IC50,=,119.0,nM,6.92,CHEMBL284,Dipeptidyl peptidase 4,CC(C)(NC(=O)CCNCC(=O)N1CCC[C@H]1C#N)c1ccccc1
1792900,CHEMBL202711,IC50,=,1108.0,nM,5.96,CHEMBL284,Dipeptidyl peptidase 4,CC(C)(CC(=O)NC(C)(C)c1ccccc1)NCC(=O)N1CCC[C@H]1C#N
1792901,CHEMBL216203,IC50,=,911.0,nM,6.04,CHEMBL284,Dipeptidyl peptidase 4,C[C@H](CC(=O)NC(C)(C)c1ccccc1)NCC(=O)N1CCC[C@H]1C#N
1792902,CHEMBL217245,IC50,=,42.0,nM,7.38,CHEMBL284,Dipeptidyl peptidase 4,C[C@@H](CC(=O)NC(C)(C)c1ccccc1)NCC(=O)N1CCC[C@H]1C#N
1792903,CHEMBL201544,IC50,=,564.0,nM,6.25,CHEMBL284,Dipeptidyl peptidase 4,N#C[C@@H]1CCCN1C(=O)CNCCC(=O)NCCc1ccccc1
1792904,CHEMBL274770,IC50,=,144.0,nM,6.84,CHEMBL284,Dipeptidyl peptidase 4,CC(C)(CC(=O)NCCc1ccccc1)NCC(=O)N1CCC[C@H]1C#N
1792905,CHEMBL217212,IC50,=,1300.0,nM,5.89,CHEMBL284,Dipeptidyl peptidase 4,CC(C)(CC(=O)NC(C)(C)Cc1ccccc1)NCC(=O)N1CCC[C@H]1C#N
1792906,CHEMBL217339,IC50,=,252.0,nM,6.60,CHEMBL284,Dipeptidyl peptidase 4,Cc1ccc(CCNC(=O)CC(C)(C)NCC(=O)N2CCC[C@H]2C#N)cc1
1792907,CHEMBL274103,IC50,=,236.0,nM,6.63,CHEMBL284,Dipeptidyl peptidase 4,CC(C)(CC(=O)NCCc1ccc(C(F)(F)F)cc1)NCC(=O)N1CCC[C@H]1C#N
1792908,CHEMBL384493,IC50,=,247.0,nM,6.61,CHEMBL284,Dipeptidyl peptidase 4,CC(C)(CC(=O)NCCc1cccc(C(F)(F)F)c1)NCC(=O)N1CCC[C@H]1C#N
1792909,CHEMBL216878,IC50,=,320.0,nM,6.50,CHEMBL284,Dipeptidyl peptidase 4,CC(C)(CC(=O)NCCc1ccccc1C(F)(F)F)NCC(=O)N1CCC[C@H]1C#N
1792910,CHEMBL217290,IC50,=,232.0,nM,6.63,CHEMBL284,Dipeptidyl peptidase 4,COc1ccc(CCNC(=O)CC(C)(C)NCC(=O)N2CCC[C@H]2C#N)cc1OC
1792911,CHEMBL218393,IC50,=,181.0,nM,6.74,CHEMBL284,Dipeptidyl peptidase 4,CC(C)(CC(=O)NCCc1ccc(Cl)c(Cl)c1)NCC(=O)N1CCC[C@H]1C#N
1792912,CHEMBL218026,IC50,=,118.0,nM,6.93,CHEMBL284,Dipeptidyl peptidase 4,CC(C)(CC(=O)NCCc1ccccn1)NCC(=O)N1CCC[C@H]1C#N
1793031,CHEMBL218289,IC50,=,84.0,nM,7.08,CHEMBL284,Dipeptidyl peptidase 4,C[C@H](CCc1ccc(C(N)=O)cc1)NCC(=O)c1ccc(F)cc1
1793032,CHEMBL217388,IC50,=,280.0,nM,6.55,CHEMBL284,Dipeptidyl peptidase 4,C[C@H](CCc1ccc(C(N)=O)cc1)NCC(=O)c1ccccc1
1793033,CHEMBL217017,IC50,=,39.0,nM,7.41,CHEMBL284,Dipeptidyl peptidase 4,C[C@H](CCc1ccc(C(N)=O)cc1)NCC(=O)c1ccc(F)c(F)c1
1793034,CHEMBL217532,IC50,=,3800.0,nM,5.42,CHEMBL284,Dipeptidyl peptidase 4,C[C@H](CCc1ccc(C(N)=O)cc1)NCC(=O)c1ccccc1F
1793035,CHEMBL217801,IC50,=,820.0,nM,6.09,CHEMBL284,Dipeptidyl peptidase 4,C[C@H](CCc1ccc(C(N)=O)cc1)NCC(=O)c1ccc(Cl)cc1
1793036,CHEMBL386895,IC50,=,21000.0,nM,4.68,CHEMBL284,Dipeptidyl peptidase 4,Cc1ccc(C(=O)CN[C@H](C)CCc2ccc(C(N)=O)cc2)cc1
1793037,CHEMBL554090,IC50,=,110.0,nM,6.96,CHEMBL284,Dipeptidyl peptidase 4,C[C@H](CCc1ccc(C(N)=O)cc1)NCC(=O)c1ccsc1
1793038,CHEMBL553006,IC50,=,340.0,nM,6.47,CHEMBL284,Dipeptidyl peptidase 4,C[C@H](COc1ccc(C(N)=O)cc1)NCC(=O)c1ccsc1
1793039,CHEMBL541664,IC50,=,5.0,nM,8.30,CHEMBL284,Dipeptidyl peptidase 4,NC(=O)c1ccc(OCC2(NCC(=O)c3ccsc3)CCCC2)cc1
1793258,CHEMBL216854,IC50,=,19700.0,nM,4.71,CHEMBL284,Dipeptidyl peptidase 4,C[C@H](c1nc(-c2ccccc2)no1)[C@H](N)C(=O)N1CCCC1
1793260,CHEMBL374936,IC50,=,122.0,nM,6.91,CHEMBL284,Dipeptidyl peptidase 4,C[C@H](c1nc(-c2ccc(S(C)(=O)=O)cc2)no1)[C@H](N)C(=O)N1CCCC1
1793261,CHEMBL219602,IC50,=,190.0,nM,6.72,CHEMBL284,Dipeptidyl peptidase 4,C[C@H](c1nc(-c2ccc(S(N)(=O)=O)cc2)no1)[C@H](N)C(=O)N1CCCC1
1793262,CHEMBL218882,IC50,=,330.0,nM,6.48,CHEMBL284,Dipeptidyl peptidase 4,C[C@H](c1nc(-c2ccc(S(=O)(=O)C(F)(F)F)cc2)no1)[C@H](N)C(=O)N1CCCC1
1793263,CHEMBL220301,IC50,=,1610.0,nM,5.79,CHEMBL284,Dipeptidyl peptidase 4,C[C@H](c1nc(-c2ccc(C(F)(F)F)cc2)no1)[C@H](N)C(=O)N1CCCC1
1793264,CHEMBL220249,IC50,=,1790.0,nM,5.75,CHEMBL284,Dipeptidyl peptidase 4,C[C@H](c1nc(-c2ccc(OC(F)(F)F)cc2)no1)[C@H](N)C(=O)N1CCCC1
1793265,CHEMBL220021,IC50,=,3820.0,nM,5.42,CHEMBL284,Dipeptidyl peptidase 4,C[C@H](c1nc(-c2ccc(Cl)cc2)no1)[C@H](N)C(=O)N1CCCC1
1793266,CHEMBL375875,IC50,=,15600.0,nM,4.81,CHEMBL284,Dipeptidyl peptidase 4,C[C@H](c1nc(-c2cccc(C(F)(F)F)c2)no1)[C@H](N)C(=O)N1CCCC1
1793267,CHEMBL375414,IC50,=,990.0,nM,6.00,CHEMBL284,Dipeptidyl peptidase 4,C[C@H](c1nc(-c2ccccc2Cl)no1)[C@H](N)C(=O)N1CCCC1
1793268,CHEMBL219370,IC50,=,4820.0,nM,5.32,CHEMBL284,Dipeptidyl peptidase 4,C[C@H](c1nc(-c2ccccc2C(F)(F)F)no1)[C@H](N)C(=O)N1CCCC1
1793269,CHEMBL219369,IC50,=,4790.0,nM,5.32,CHEMBL284,Dipeptidyl peptidase 4,C[C@H](c1nc(-c2ccccc2F)no1)[C@H](N)C(=O)N1CCCC1
1793270,CHEMBL426335,IC50,=,12400.0,nM,4.91,CHEMBL284,Dipeptidyl peptidase 4,C[C@H](c1nc(-c2ccccc2OC(F)(F)F)no1)[C@H](N)C(=O)N1CCCC1
1793271,CHEMBL216774,IC50,=,1820.0,nM,5.74,CHEMBL284,Dipeptidyl peptidase 4,C[C@H](c1nc(-c2ccccc2C(F)F)no1)[C@H](N)C(=O)N1CCCC1
1793284,CHEMBL219278,IC50,=,43.0,nM,7.37,CHEMBL284,Dipeptidyl peptidase 4,C[C@H](c1nc(-c2ccc(S(C)(=O)=O)cc2F)no1)[C@H](N)C(=O)N1CCCC1
1793285,CHEMBL216835,IC50,=,17.0,nM,7.77,CHEMBL284,Dipeptidyl peptidase 4,C[C@H](c1nc(-c2ccc(S(C)(=O)=O)cc2Cl)no1)[C@H](N)C(=O)N1CCCC1
1793286,CHEMBL386812,IC50,=,8.0,nM,8.10,CHEMBL284,Dipeptidyl peptidase 4,C[C@H](c1nc(-c2ccc(NS(C)(=O)=O)cc2Cl)no1)[C@H](N)C(=O)N1CCCC1.O=C(O)C(F)(F)F
1793287,CHEMBL216855,IC50,=,830.0,nM,6.08,CHEMBL284,Dipeptidyl peptidase 4,C[C@H](c1nc(-c2ccc(F)cc2Cl)no1)[C@H](N)C(=O)N1CCCC1
1793288,CHEMBL374703,IC50,=,160.0,nM,6.80,CHEMBL284,Dipeptidyl peptidase 4,C[C@H](c1nc(-c2ccc(Br)cc2Cl)no1)[C@H](N)C(=O)N1CCCC1
1793289,CHEMBL438992,IC50,=,200.0,nM,6.70,CHEMBL284,Dipeptidyl peptidase 4,C[C@H](c1nc(-c2ccc(Cl)cc2Cl)no1)[C@H](N)C(=O)N1CCCC1.O=C(O)C(F)(F)F
1793290,CHEMBL374032,IC50,=,4590.0,nM,5.34,CHEMBL284,Dipeptidyl peptidase 4,C[C@H](c1nc(-c2ccc(F)cc2F)no1)[C@H](N)C(=O)N1CCCC1
1793291,CHEMBL219382,IC50,=,7360.0,nM,5.13,CHEMBL284,Dipeptidyl peptidase 4,C[C@H](c1nc(-c2cc(Cl)cc(Cl)c2)no1)[C@H](N)C(=O)N1CCCC1
1793292,CHEMBL218911,IC50,=,520.0,nM,6.28,CHEMBL284,Dipeptidyl peptidase 4,C[C@H](c1nc(-c2ccc(NS(C)(=O)=O)cc2)no1)[C@H](N)C(=O)N1CCCC1
1793302,CHEMBL375146,IC50,=,19.0,nM,7.72,CHEMBL284,Dipeptidyl peptidase 4,C[C@H](c1nc(-c2ccc(NS(C)(=O)=O)cc2Cl)no1)[C@H](N)C(=O)N1CCC(F)(F)C1.O=C(O)C(F)(F)F
1793303,CHEMBL218776,IC50,=,19.0,nM,7.72,CHEMBL284,Dipeptidyl peptidase 4,C[C@H](c1nc(-c2ccc(NS(C)(=O)=O)cc2Cl)no1)[C@H](N)C(=O)N1CC[C@@H](F)C1.O=C(O)C(F)(F)F
1793304,CHEMBL387333,IC50,=,19.0,nM,7.72,CHEMBL284,Dipeptidyl peptidase 4,C[C@H](c1nc(-c2ccc(NS(C)(=O)=O)cc2Cl)no1)[C@H](N)C(=O)N1CC[C@H](F)C1.O=C(O)C(F)(F)F
1793305,CHEMBL218306,IC50,=,3050.0,nM,5.52,CHEMBL284,Dipeptidyl peptidase 4,C[C@H](c1n[nH]c(-c2ccc(Cl)cc2Cl)n1)[C@H](N)C(=O)N1CCCC1.O=C(O)C(F)(F)F
1793306,CHEMBL218254,IC50,=,1830.0,nM,5.74,CHEMBL284,Dipeptidyl peptidase 4,C[C@H](c1nc(-c2ccc(Cl)cc2Cl)co1)[C@H](N)C(=O)N1CCCC1.O=C(O)C(F)(F)F
1793307,CHEMBL220404,IC50,=,1210.0,nM,5.92,CHEMBL284,Dipeptidyl peptidase 4,C[C@H](c1noc(-c2ccc(Cl)cc2Cl)n1)[C@H](N)C(=O)N1CCCC1.O=C(O)C(F)(F)F
1793308,CHEMBL220402,IC50,=,560.0,nM,6.25,CHEMBL284,Dipeptidyl peptidase 4,C[C@H](c1nnc(-c2ccc(Cl)cc2Cl)o1)[C@H](N)C(=O)N1CCCC1.O=C(O)C(F)(F)F
1793316,CHEMBL375745,IC50,=,19.0,nM,7.72,CHEMBL284,Dipeptidyl peptidase 4,CS(=O)(=O)c1ccc(-c2noc([C@@H](CC3CC3)[C@H](N)C(=O)N3CC[C@H](F)C3)n2)c(F)c1.O=C(O)C(F)(F)F
1793317,CHEMBL219434,IC50,=,31.0,nM,7.51,CHEMBL284,Dipeptidyl peptidase 4,Cc1cc(S(C)(=O)=O)ccc1-c1noc([C@@H](CC2CC2)[C@H](N)C(=O)N2CC[C@H](F)C2)n1.O=C(O)C(F)(F)F
1793318,CHEMBL375442,IC50,=,52.0,nM,7.28,CHEMBL284,Dipeptidyl peptidase 4,CS(=O)(=O)c1ccc(-c2noc([C@@H](CC3CC3)[C@H](N)C(=O)N3CC[C@H](F)C3)n2)cc1.O=C(O)C(F)(F)F
1793319,CHEMBL220357,IC50,=,70.0,nM,7.16,CHEMBL284,Dipeptidyl peptidase 4,CS(=O)(=O)c1ccc(-c2noc([C@@H](CCO)[C@H](N)C(=O)N3CC[C@H](F)C3)n2)c(Cl)c1.O=C(O)C(F)(F)F
1793320,CHEMBL219371,IC50,=,13.0,nM,7.89,CHEMBL284,Dipeptidyl peptidase 4,CC(C)C[C@H](c1nc(-c2ccc(S(C)(=O)=O)cc2Cl)no1)[C@H](N)C(=O)N1CC[C@H](F)C1.O=C(O)C(F)(F)F
1793321,CHEMBL376498,IC50,=,13.0,nM,7.89,CHEMBL284,Dipeptidyl peptidase 4,CS(=O)(=O)c1ccc(-c2noc([C@@H](CC3CC3)[C@H](N)C(=O)N3CC[C@H](F)C3)n2)c(Cl)c1.O=C(O)C(F)(F)F
1793322,CHEMBL435320,IC50,=,40.0,nM,7.40,CHEMBL284,Dipeptidyl peptidase 4,C[C@H](c1nc(-c2ccc(S(C)(=O)=O)cc2Cl)no1)[C@H](N)C(=O)N1CC[C@H](F)C1.O=C(O)C(F)(F)F
1820380,CHEMBL221608,Ki,=,1600.0,nM,5.80,CHEMBL284,Dipeptidyl peptidase 4,N[C@H]1CN(c2ccccc2)C(=O)C[C@@H]1c1ccccc1Cl
1832057,CHEMBL222144,Ki,=,3.0,nM,8.52,CHEMBL284,Dipeptidyl peptidase 4,N[C@H]1CN(c2cc(N3CCn4cc(C(F)(F)F)nc4C3)ncn2)C(=O)C[C@@H]1c1cc(F)c(F)cc1F
1832058,CHEMBL222908,Ki,=,2.3,nM,8.64,CHEMBL284,Dipeptidyl peptidase 4,N[C@H]1CN(c2cc(N3CC[C@@H](O)C3)ncn2)C(=O)C[C@@H]1c1cc(F)c(F)cc1F
1832059,CHEMBL434740,Ki,=,1.6,nM,8.80,CHEMBL284,Dipeptidyl peptidase 4,N[C@H]1CN(c2cc(N3CCC(F)(F)C3)ncn2)C(=O)C[C@@H]1c1cc(F)c(F)cc1F
1832060,CHEMBL222627,Ki,=,23.0,nM,7.64,CHEMBL284,Dipeptidyl peptidase 4,CCN(CC)c1cc(N2C[C@H](N)[C@@H](c3cc(F)c(F)cc3F)CC2=O)ncn1
1832061,CHEMBL426735,Ki,=,11.0,nM,7.96,CHEMBL284,Dipeptidyl peptidase 4,N[C@H]1CN(c2cc(N3CCCCC3)ncn2)C(=O)C[C@@H]1c1cc(F)c(F)cc1F
1832062,CHEMBL224882,Ki,=,2.3,nM,8.64,CHEMBL284,Dipeptidyl peptidase 4,N[C@H]1CN(c2cc(N3CCCC3)ncn2)C(=O)C[C@@H]1c1cc(F)c(F)cc1F
1832063,CHEMBL268359,Ki,=,13.0,nM,7.89,CHEMBL284,Dipeptidyl peptidase 4,CS(=O)(=O)c1cccc(-c2ncnc(N3C[C@H](N)[C@@H](c4cc(F)c(F)cc4F)CC3=O)n2)c1
1832064,CHEMBL222323,Ki,=,4.0,nM,8.40,CHEMBL284,Dipeptidyl peptidase 4,CS(=O)(=O)c1cccc(-c2cc(N3C[C@H](N)[C@@H](c4cc(F)c(F)cc4F)CC3=O)ncn2)c1
1832066,CHEMBL221557,Ki,=,140.0,nM,6.85,CHEMBL284,Dipeptidyl peptidase 4,N[C@H]1CN(C(=O)Nc2ccccc2)C(=O)C[C@@H]1c1cc(F)c(F)cc1F
1832067,CHEMBL221402,Ki,=,3.8,nM,8.42,CHEMBL284,Dipeptidyl peptidase 4,N[C@H]1CN(CCc2cccc(C(=O)O)c2)C(=O)C[C@@H]1c1cc(F)c(F)cc1F
1832068,CHEMBL426896,Ki,=,4.0,nM,8.40,CHEMBL284,Dipeptidyl peptidase 4,CS(=O)(=O)c1cccc(CCN2C[C@H](N)[C@@H](c3cc(F)c(F)cc3F)CC2=O)c1
1832069,CHEMBL222626,Ki,=,12.0,nM,7.92,CHEMBL284,Dipeptidyl peptidase 4,CS(=O)(=O)c1ccc(CCN2C[C@H](N)[C@@H](c3cc(F)c(F)cc3F)CC2=O)cc1
1832070,CHEMBL387351,Ki,=,105.0,nM,6.98,CHEMBL284,Dipeptidyl peptidase 4,N[C@@H]1CN(CCc2ccc3c(c2)OCO3)C(=O)C[C@H]1c1cc(F)c(F)cc1F
1832071,CHEMBL538090,Ki,=,3.2,nM,8.49,CHEMBL284,Dipeptidyl peptidase 4,Cl.N[C@H]1CN(CCc2ccc3c(c2)OCO3)C(=O)C[C@@H]1c1cc(F)c(F)cc1F
1832072,CHEMBL225210,Ki,=,7.1,nM,8.15,CHEMBL284,Dipeptidyl peptidase 4,N[C@H]1CN(CCc2ccc3c(c2)OCO3)C(=O)C[C@@H]1c1cc(F)c(F)cc1F
1832073,CHEMBL222379,Ki,=,24.0,nM,7.62,CHEMBL284,Dipeptidyl peptidase 4,N[C@H]1CN(CCc2ccncc2)C(=O)C[C@@H]1c1cc(F)c(F)cc1F
1832074,CHEMBL375437,Ki,=,590.0,nM,6.23,CHEMBL284,Dipeptidyl peptidase 4,N[C@H]1CN(CCN2CCOCC2)C(=O)C[C@@H]1c1cc(F)c(F)cc1F
1832075,CHEMBL223040,Ki,=,83.0,nM,7.08,CHEMBL284,Dipeptidyl peptidase 4,C[C@H](CN1C[C@H](N)[C@@H](c2cc(F)c(F)cc2F)CC1=O)c1ccccc1
1832076,CHEMBL222909,Ki,=,270.0,nM,6.57,CHEMBL284,Dipeptidyl peptidase 4,N[C@H]1CN(CCCc2ccccc2)C(=O)C[C@@H]1c1cc(F)c(F)cc1F
1832077,CHEMBL373922,Ki,=,17.0,nM,7.77,CHEMBL284,Dipeptidyl peptidase 4,N[C@H]1CN(CCc2ccccc2)C(=O)C[C@@H]1c1cc(F)c(F)cc1F
1832078,CHEMBL224091,Ki,=,440.0,nM,6.36,CHEMBL284,Dipeptidyl peptidase 4,N[C@H]1CN(Cc2ccccc2)C(=O)C[C@@H]1c1cc(F)c(F)cc1F
1832079,CHEMBL375494,Ki,=,930.0,nM,6.03,CHEMBL284,Dipeptidyl peptidase 4,N[C@H]1CN(CC2CCCCC2)C(=O)C[C@@H]1c1ccccc1Cl
1832080,CHEMBL222327,Ki,=,1400.0,nM,5.85,CHEMBL284,Dipeptidyl peptidase 4,N[C@H]1CN(Cc2ccccc2)C(=O)C[C@@H]1c1ccccc1Cl
1832081,CHEMBL376862,Ki,=,6.1,nM,8.21,CHEMBL284,Dipeptidyl peptidase 4,N[C@H]1CN(c2cc(-c3ccccc3)ncn2)C(=O)C[C@@H]1c1cc(F)c(F)cc1F
1855500,CHEMBL223114,IC50,=,147.0,nM,6.83,CHEMBL284,Dipeptidyl peptidase 4,O=C([C@@H]1C[C@H](Nc2ccccc2)CN1)N1CCSC1
1855501,CHEMBL223916,IC50,=,6.5,nM,8.19,CHEMBL284,Dipeptidyl peptidase 4,O=C([C@@H]1C[C@H](N2CCc3cc(Br)ccc32)CN1)N1CCSC1
1855502,CHEMBL223915,IC50,=,45.4,nM,7.34,CHEMBL284,Dipeptidyl peptidase 4,O=C([C@@H]1C[C@H](Nc2ccc(Cl)cc2)CN1)N1CCSC1
1855503,CHEMBL390512,IC50,=,7.0,nM,8.15,CHEMBL284,Dipeptidyl peptidase 4,O=C([C@@H]1C[C@H](N2CCc3cc(Cl)ccc32)CN1)N1CCSC1
1855504,CHEMBL223914,IC50,=,5.8,nM,8.24,CHEMBL284,Dipeptidyl peptidase 4,O=C([C@@H]1C[C@H](N2CCc3cc(F)ccc32)CN1)N1CCSC1
1855505,CHEMBL411561,IC50,=,51.5,nM,7.29,CHEMBL284,Dipeptidyl peptidase 4,COc1ccc(N[C@@H]2CN[C@H](C(=O)N3CCSC3)C2)cc1
1855506,CHEMBL388111,IC50,=,4.8,nM,8.32,CHEMBL284,Dipeptidyl peptidase 4,COc1ccc2c(c1)CCN2[C@@H]1CN[C@H](C(=O)N2CCSC2)C1
1855507,CHEMBL224346,IC50,=,19.2,nM,7.72,CHEMBL284,Dipeptidyl peptidase 4,O=C([C@@H]1C[C@H](Nc2ccc([N+](=O)[O-])cc2)CN1)N1CCSC1
1855508,CHEMBL225493,IC50,=,7.9,nM,8.10,CHEMBL284,Dipeptidyl peptidase 4,O=C([C@@H]1C[C@H](N2CCc3cc([N+](=O)[O-])ccc32)CN1)N1CCSC1
1855509,CHEMBL389244,IC50,=,11.0,nM,7.96,CHEMBL284,Dipeptidyl peptidase 4,O=C([C@@H]1C[C@H](N2CCc3ccccc32)CN1)N1CCSC1
1855510,CHEMBL223865,IC50,=,112.0,nM,6.95,CHEMBL284,Dipeptidyl peptidase 4,O=C([C@@H]1C[C@H](N2CCCc3ccccc32)CN1)N1CCSC1
1855511,CHEMBL227615,IC50,=,26.4,nM,7.58,CHEMBL284,Dipeptidyl peptidase 4,O=C([C@@H]1C[C@H](N2Cc3ccccc3C2)CN1)N1CCSC1
1855512,CHEMBL228032,IC50,=,228.0,nM,6.64,CHEMBL284,Dipeptidyl peptidase 4,N#Cc1ccc(CN(C(=O)c2ccc(C#N)cc2)[C@@H]2CN[C@H](C(=O)N3CCSC3)C2)cc1
1855513,CHEMBL226771,IC50,=,17.0,nM,7.77,CHEMBL284,Dipeptidyl peptidase 4,N#Cc1ccc(CN(CCO)[C@@H]2CN[C@H](C(=O)N3CCSC3)C2)cc1
1855514,CHEMBL227482,IC50,=,16.8,nM,7.78,CHEMBL284,Dipeptidyl peptidase 4,N#Cc1ccc(CN(CC(=O)O)[C@@H]2CN[C@H](C(=O)N3CCSC3)C2)cc1
1855515,CHEMBL228243,IC50,=,13.9,nM,7.86,CHEMBL284,Dipeptidyl peptidase 4,N#Cc1ccc(CN(CC(N)=O)[C@@H]2CN[C@H](C(=O)N3CCSC3)C2)cc1
1855516,CHEMBL389624,IC50,=,13.6,nM,7.87,CHEMBL284,Dipeptidyl peptidase 4,CCOC(=O)CN(Cc1ccc(C#N)cc1)[C@@H]1CN[C@H](C(=O)N2CCSC2)C1
1855517,CHEMBL228021,IC50,=,6.4,nM,8.19,CHEMBL284,Dipeptidyl peptidase 4,N#Cc1ccc(CN(Cc2ccc(C#N)cc2)[C@@H]2CN[C@H](C(=O)N3CCSC3)C2)cc1
1855518,CHEMBL389848,IC50,=,9.1,nM,8.04,CHEMBL284,Dipeptidyl peptidase 4,CCCCN(Cc1ccc(C#N)cc1)[C@@H]1CN[C@H](C(=O)N2CCSC2)C1
1855519,CHEMBL227800,IC50,=,7.1,nM,8.15,CHEMBL284,Dipeptidyl peptidase 4,CC(C)N(Cc1ccc(C#N)cc1)[C@@H]1CN[C@H](C(=O)N2CCSC2)C1
1855520,CHEMBL227737,IC50,=,9.6,nM,8.02,CHEMBL284,Dipeptidyl peptidase 4,CN(Cc1ccc(C#N)cc1)[C@@H]1CN[C@H](C(=O)N2CCSC2)C1
1855521,CHEMBL387666,IC50,>,300.0,nM,,CHEMBL284,Dipeptidyl peptidase 4,N#Cc1ccc(C(=O)O[C@@H]2CN[C@H](C(=O)N3CCSC3)C2)cc1
1855522,CHEMBL227867,IC50,>,300.0,nM,,CHEMBL284,Dipeptidyl peptidase 4,O=C(O[C@@H]1CN[C@H](C(=O)N2CCSC2)C1)c1ccccc1
1855523,CHEMBL227418,IC50,=,85.9,nM,7.07,CHEMBL284,Dipeptidyl peptidase 4,N#Cc1ccc(NC(=O)N[C@@H]2CN[C@H](C(=O)N3CCSC3)C2)cc1
1855524,CHEMBL376562,IC50,=,154.0,nM,6.81,CHEMBL284,Dipeptidyl peptidase 4,O=C(Nc1ccccc1)N[C@@H]1CN[C@H](C(=O)N2CCSC2)C1
1855525,CHEMBL389906,IC50,>,300.0,nM,,CHEMBL284,Dipeptidyl peptidase 4,N#Cc1ccc(S(=O)(=O)N[C@@H]2CN[C@H](C(=O)N3CCSC3)C2)cc1
1855526,CHEMBL224421,IC50,>,300.0,nM,,CHEMBL284,Dipeptidyl peptidase 4,O=C([C@@H]1C[C@H](NS(=O)(=O)c2ccccc2)CN1)N1CCSC1
1855527,CHEMBL441559,IC50,=,37.2,nM,7.43,CHEMBL284,Dipeptidyl peptidase 4,N#Cc1ccc(C(=O)N[C@@H]2CN[C@H](C(=O)N3CCSC3)C2)cc1
1855528,CHEMBL376587,IC50,>,300.0,nM,,CHEMBL284,Dipeptidyl peptidase 4,O=C(N[C@@H]1CN[C@H](C(=O)N2CCSC2)C1)c1ccccc1
1855529,CHEMBL223497,IC50,=,34.0,nM,7.47,CHEMBL284,Dipeptidyl peptidase 4,N#Cc1ccc(CN[C@@H]2CN[C@H](C(=O)N3CCSC3)C2)cc1
1855530,CHEMBL223060,IC50,=,181.0,nM,6.74,CHEMBL284,Dipeptidyl peptidase 4,O=C([C@@H]1C[C@H](NCc2ccccc2)CN1)N1CCSC1
1855531,CHEMBL374688,IC50,=,25.2,nM,7.60,CHEMBL284,Dipeptidyl peptidase 4,N#Cc1ccc(N[C@@H]2CN[C@H](C(=O)N3CCSC3)C2)cc1
1855564,CHEMBL390513,IC50,=,25.4,nM,7.59,CHEMBL284,Dipeptidyl peptidase 4,N#Cc1ccc(N[C@@H]2CN[C@H](C(=O)N3CCSC3)C2)nc1
1855565,CHEMBL224435,IC50,=,558.0,nM,6.25,CHEMBL284,Dipeptidyl peptidase 4,O=C([C@@H]1CCCN1)N1CCSC1
1855617,CHEMBL77538,IC50,=,1.4,nM,8.85,CHEMBL284,Dipeptidyl peptidase 4,N#Cc1ccc(NCCNCC(=O)N2CCC[C@H]2C#N)nc1
1855618,CHEMBL224419,IC50,=,270.0,nM,6.57,CHEMBL284,Dipeptidyl peptidase 4,N#Cc1ccc(NCCNCC(=O)N2CCSC2)nc1
1855619,CHEMBL195420,IC50,=,0.25,nM,9.60,CHEMBL284,Dipeptidyl peptidase 4,N#Cc1ccc(N[C@@H]2CN[C@H](C(=O)N3CCC[C@H]3C#N)C2)nc1
1855620,CHEMBL381626,IC50,=,2.9,nM,8.54,CHEMBL284,Dipeptidyl peptidase 4,N#C[C@@H]1CCCN1C(=O)[C@@H]1CCCN1
1855621,CHEMBL192165,IC50,=,6.6,nM,8.18,CHEMBL284,Dipeptidyl peptidase 4,N#Cc1ccc(N[C@H]2CN[C@H](C(=O)N3CCC[C@H]3C#N)C2)nc1
1861644,CHEMBL2068511,Ki,=,2.3,nM,8.64,CHEMBL284,Dipeptidyl peptidase 4,C[C@@H](B(O)O)N1CC[C@@H](N)C1=O
1861676,CHEMBL2068511,IC50,=,5.3,nM,8.28,CHEMBL284,Dipeptidyl peptidase 4,C[C@@H](B(O)O)N1CC[C@@H](N)C1=O
1861677,CHEMBL2068511,IC50,=,4.2,nM,8.38,CHEMBL284,Dipeptidyl peptidase 4,C[C@@H](B(O)O)N1CC[C@@H](N)C1=O
1861679,CHEMBL67279,Ki,=,0.18,nM,9.74,CHEMBL284,Dipeptidyl peptidase 4,CC(C)[C@H](N)C(=O)N1CCC[C@H]1B(O)O
1861680,CHEMBL63860,Ki,=,0.03,nM,10.52,CHEMBL284,Dipeptidyl peptidase 4,C[C@H](N)C(=O)N1CCC[C@H]1B(O)O
1861681,CHEMBL305170,IC50,=,2300.0,nM,5.64,CHEMBL284,Dipeptidyl peptidase 4,CC(C)[C@@H](N)C(=O)N1CCC[C@H]1B(O)O
1861682,CHEMBL67279,IC50,=,1.6,nM,8.80,CHEMBL284,Dipeptidyl peptidase 4,CC(C)[C@H](N)C(=O)N1CCC[C@H]1B(O)O
1861683,CHEMBL196120,IC50,=,21000.0,nM,4.68,CHEMBL284,Dipeptidyl peptidase 4,C[C@@H](N)C(=O)N1CCC[C@H]1B(O)O
1861684,CHEMBL63860,IC50,=,0.54,nM,9.27,CHEMBL284,Dipeptidyl peptidase 4,C[C@H](N)C(=O)N1CCC[C@H]1B(O)O
1861685,CHEMBL2068512,IC50,=,480.0,nM,6.32,CHEMBL284,Dipeptidyl peptidase 4,C[C@@H](B(O)O)N1CC[C@H](N)C1=O
1861686,CHEMBL67279,IC50,=,1200.0,nM,5.92,CHEMBL284,Dipeptidyl peptidase 4,CC(C)[C@H](N)C(=O)N1CCC[C@H]1B(O)O
1861687,CHEMBL196120,IC50,>,21000.0,nM,,CHEMBL284,Dipeptidyl peptidase 4,C[C@@H](N)C(=O)N1CCC[C@H]1B(O)O
1861688,CHEMBL63860,IC50,=,1400.0,nM,5.85,CHEMBL284,Dipeptidyl peptidase 4,C[C@H](N)C(=O)N1CCC[C@H]1B(O)O
1861689,CHEMBL2068512,IC50,=,460.0,nM,6.34,CHEMBL284,Dipeptidyl peptidase 4,C[C@@H](B(O)O)N1CC[C@H](N)C1=O
1861693,CHEMBL2068512,Ki,=,1100.0,nM,5.96,CHEMBL284,Dipeptidyl peptidase 4,C[C@@H](B(O)O)N1CC[C@H](N)C1=O
1861695,CHEMBL305170,IC50,>,2300.0,nM,,CHEMBL284,Dipeptidyl peptidase 4,CC(C)[C@@H](N)C(=O)N1CCC[C@H]1B(O)O
1861947,CHEMBL227954,IC50,=,13.0,nM,7.89,CHEMBL284,Dipeptidyl peptidase 4,N#Cc1ccccc1Cn1c(N2CCC[C@@H](N)C2)nc2ccccc2c1=O
1861952,CHEMBL227356,IC50,=,18.0,nM,7.75,CHEMBL284,Dipeptidyl peptidase 4,N#Cc1ccccc1Cn1c(N2CCC[C@@H](N)C2)nc2cc(N3CCOCC3)c(F)cc2c1=O
1861953,CHEMBL390776,IC50,=,30.0,nM,7.52,CHEMBL284,Dipeptidyl peptidase 4,COc1cccc2c(=O)n(Cc3ccccc3C#N)c(N3CCCC(N)C3)nc12
1861954,CHEMBL227089,IC50,=,19.0,nM,7.72,CHEMBL284,Dipeptidyl peptidase 4,COc1cc2nc(N3CCC[C@@H](N)C3)n(Cc3ccccc3C#N)c(=O)c2cc1OC
1861955,CHEMBL375508,IC50,=,4.0,nM,8.40,CHEMBL284,Dipeptidyl peptidase 4,COc1cc2c(=O)n(Cc3ccccc3C#N)c(N3CCC[C@@H](N)C3)nc2cc1F
1861956,CHEMBL227670,IC50,=,8.0,nM,8.10,CHEMBL284,Dipeptidyl peptidase 4,COc1ccc2nc(N3CCC[C@@H](N)C3)n(Cc3ccccc3C#N)c(=O)c2c1
1861957,CHEMBL227676,IC50,=,5.0,nM,8.30,CHEMBL284,Dipeptidyl peptidase 4,N#Cc1ccccc1Cn1c(N2CCC[C@@H](N)C2)nc2ccc(Br)cc2c1=O
1861958,CHEMBL390529,IC50,=,13.0,nM,7.89,CHEMBL284,Dipeptidyl peptidase 4,N#Cc1ccccc1Cn1c(N2CCC[C@@H](N)C2)nc2c(Cl)cc(Cl)cc2c1=O
1861959,CHEMBL387552,IC50,=,29.0,nM,7.54,CHEMBL284,Dipeptidyl peptidase 4,N#Cc1ccccc1Cn1c(N2CCCC(N)C2)nc2c(Cl)cccc2c1=O
1861960,CHEMBL228004,IC50,=,15.0,nM,7.82,CHEMBL284,Dipeptidyl peptidase 4,N#Cc1ccccc1Cn1c(N2CCC[C@@H](N)C2)nc2cc(Cl)ccc2c1=O
1861961,CHEMBL389074,IC50,=,5.0,nM,8.30,CHEMBL284,Dipeptidyl peptidase 4,N#Cc1ccccc1Cn1c(N2CCC[C@@H](N)C2)nc2ccc(Cl)cc2c1=O
1861962,CHEMBL425483,IC50,=,4.0,nM,8.40,CHEMBL284,Dipeptidyl peptidase 4,N#Cc1ccccc1Cn1c(N2CCC[C@@H](N)C2)nc2ccc(F)cc2c1=O
1861963,CHEMBL227464,IC50,=,5.0,nM,8.30,CHEMBL284,Dipeptidyl peptidase 4,N#Cc1ccccc1Cn1c(N2CCC[C@@H](N)C2)nc2cccc(F)c2c1=O
1896352,CHEMBL427257,IC50,=,11.5,nM,7.94,CHEMBL284,Dipeptidyl peptidase 4,CC1C(=O)NCCCN1C(=O)C[C@H](N)Cc1cc(F)ccc1F
1896353,CHEMBL439394,IC50,=,126.0,nM,6.90,CHEMBL284,Dipeptidyl peptidase 4,C[C@@H]1C(=O)N[C@H](Cc2ccccc2F)CCN1C(=O)C[C@H](N)Cc1cc(F)c(F)cc1F
1896354,CHEMBL230601,IC50,=,29.6,nM,7.53,CHEMBL284,Dipeptidyl peptidase 4,CC[C@@H]1CCN(C(=O)C[C@H](N)Cc2cc(F)c(F)cc2F)[C@H](C)C(=O)N1
1896355,CHEMBL230603,IC50,=,139.0,nM,6.86,CHEMBL284,Dipeptidyl peptidase 4,C[C@@H]1C(=O)N[C@H](C(F)(F)F)CCN1C(=O)C[C@H](N)Cc1cc(F)c(F)cc1F
1896356,CHEMBL230602,IC50,=,11.0,nM,7.96,CHEMBL284,Dipeptidyl peptidase 4,C[C@@H]1CCN(C(=O)C[C@H](N)Cc2cc(F)c(F)cc2F)[C@H](Cc2ccccn2)C(=O)N1
1896357,CHEMBL395798,IC50,=,2.77,nM,8.56,CHEMBL284,Dipeptidyl peptidase 4,C[C@@H]1CCN(C(=O)C[C@H](N)Cc2cc(F)c(F)cc2F)[C@H](Cc2ccccc2F)C(=O)N1
1896358,CHEMBL394837,IC50,=,1.49,nM,8.83,CHEMBL284,Dipeptidyl peptidase 4,Cc1ccccc1C[C@@H]1C(=O)N[C@H](C)CCN1C(=O)C[C@H](N)Cc1cc(F)c(F)cc1F
1896359,CHEMBL230497,IC50,=,34.3,nM,7.46,CHEMBL284,Dipeptidyl peptidase 4,C[C@@H]1CCN(C(=O)C[C@H](N)Cc2cc(F)c(F)cc2F)[C@H](CC(F)(F)F)C(=O)N1
1896360,CHEMBL394836,IC50,=,397.0,nM,6.40,CHEMBL284,Dipeptidyl peptidase 4,C[C@@H]1C(=O)N[C@@H](C)CCN1C(=O)C[C@H](N)Cc1cc(F)c(F)cc1F
1896361,CHEMBL230496,IC50,=,15.1,nM,7.82,CHEMBL284,Dipeptidyl peptidase 4,C[C@@H]1CCN(C(=O)C[C@H](N)Cc2cc(F)c(F)cc2F)[C@H](C)C(=O)N1
1896362,CHEMBL394594,IC50,=,142.0,nM,6.85,CHEMBL284,Dipeptidyl peptidase 4,C[C@@H]1C(=O)NCC(C)(C)CN1C(=O)C[C@H](N)Cc1cc(F)c(F)cc1F
1896363,CHEMBL230495,IC50,=,143.0,nM,6.84,CHEMBL284,Dipeptidyl peptidase 4,C[C@@H]1CNC(=O)[C@@H](CC(F)(F)F)N(C(=O)C[C@H](N)Cc2cc(F)c(F)cc2F)C1
1896364,CHEMBL230389,IC50,=,24.6,nM,7.61,CHEMBL284,Dipeptidyl peptidase 4,C[C@H]1CNC(=O)[C@@H](CC(F)(F)F)N(C(=O)C[C@H](N)Cc2cc(F)c(F)cc2F)C1
1896365,CHEMBL397242,IC50,=,60.3,nM,7.22,CHEMBL284,Dipeptidyl peptidase 4,CC[C@@H]1C(=O)NC[C@@H](C)CN1C(=O)C[C@H](N)Cc1cc(F)c(F)cc1F
1896366,CHEMBL230388,IC50,=,37.3,nM,7.43,CHEMBL284,Dipeptidyl peptidase 4,CC[C@@H]1C(=O)NC[C@H](C)CN1C(=O)C[C@H](N)Cc1cc(F)c(F)cc1F
1896367,CHEMBL397241,IC50,=,33.0,nM,7.48,CHEMBL284,Dipeptidyl peptidase 4,C[C@@H]1CNC(=O)[C@@H](C)N(C(=O)C[C@H](N)Cc2cc(F)c(F)cc2F)C1
1896368,CHEMBL230387,IC50,=,9.7,nM,8.01,CHEMBL284,Dipeptidyl peptidase 4,C[C@H]1CNC(=O)[C@@H](C)N(C(=O)C[C@H](N)Cc2cc(F)c(F)cc2F)C1
1896369,CHEMBL397010,IC50,=,1050.0,nM,5.98,CHEMBL284,Dipeptidyl peptidase 4,CC1CCNC(=O)CN1C(=O)C[C@H](N)Cc1cc(F)c(F)cc1F
1896370,CHEMBL397010,IC50,=,765.0,nM,6.12,CHEMBL284,Dipeptidyl peptidase 4,CC1CCNC(=O)CN1C(=O)C[C@H](N)Cc1cc(F)c(F)cc1F
1896371,CHEMBL230283,IC50,=,9.6,nM,8.02,CHEMBL284,Dipeptidyl peptidase 4,C[C@@H]1C(=O)N(C(C)(C)C)CCCN1C(=O)C[C@H](N)Cc1cc(F)c(F)cc1F
1896372,CHEMBL230282,IC50,=,8.0,nM,8.10,CHEMBL284,Dipeptidyl peptidase 4,C[C@@H]1C(=O)N(C2CC2)CCCN1C(=O)C[C@H](N)Cc1cc(F)c(F)cc1F
1896373,CHEMBL390886,IC50,=,19.2,nM,7.72,CHEMBL284,Dipeptidyl peptidase 4,C[C@@H]1C(=O)N(CC(F)(F)F)CCCN1C(=O)C[C@H](N)Cc1cc(F)c(F)cc1F
1896374,CHEMBL395004,IC50,=,10.5,nM,7.98,CHEMBL284,Dipeptidyl peptidase 4,C[C@@H]1C(=O)N(CCOCc2ccccc2)CCCN1C(=O)C[C@H](N)Cc1cc(F)c(F)cc1F
1896375,CHEMBL231117,IC50,=,15.1,nM,7.82,CHEMBL284,Dipeptidyl peptidase 4,C[C@@H]1C(=O)N(CCO)CCCN1C(=O)C[C@H](N)Cc1cc(F)c(F)cc1F
1896376,CHEMBL231011,IC50,=,11.5,nM,7.94,CHEMBL284,Dipeptidyl peptidase 4,C[C@@H]1C(=O)N(C)CCCN1C(=O)C[C@H](N)Cc1cc(F)c(F)cc1F
1896377,CHEMBL390885,IC50,=,9.0,nM,8.05,CHEMBL284,Dipeptidyl peptidase 4,C[C@@H]1C(=O)N(C2CC2)CCCN1C(=O)C[C@H](N)Cc1cc(F)ccc1F
1896378,CHEMBL231010,IC50,=,69.9,nM,7.16,CHEMBL284,Dipeptidyl peptidase 4,C[C@@H]1C(=O)N(CC(=O)O)CCCN1C(=O)C[C@H](N)Cc1cc(F)ccc1F
1896379,CHEMBL390884,IC50,=,11.6,nM,7.94,CHEMBL284,Dipeptidyl peptidase 4,COC(=O)CN1CCCN(C(=O)C[C@H](N)Cc2cc(F)ccc2F)[C@H](C)C1=O
1896380,CHEMBL231009,IC50,=,20.7,nM,7.68,CHEMBL284,Dipeptidyl peptidase 4,CCN1CCCN(C(=O)C[C@H](N)Cc2cc(F)ccc2F)[C@H](C)C1=O
1896381,CHEMBL216643,IC50,=,142.0,nM,6.85,CHEMBL284,Dipeptidyl peptidase 4,N[C@@H](CC(=O)N1CCCNC(=O)C1)Cc1cc(F)c(F)cc1F
1896382,CHEMBL390853,IC50,=,6.6,nM,8.18,CHEMBL284,Dipeptidyl peptidase 4,CC1C(=O)NCCCN1C(=O)C[C@H](N)Cc1cc(F)c(F)cc1F
1897530,CHEMBL231151,IC50,=,1460.0,nM,5.84,CHEMBL284,Dipeptidyl peptidase 4,CN(C)C(=O)[C@H](c1ccc(-c2ccc(F)cc2)cc1)[C@@H](N)C(=O)N1CC[C@H](F)C1
1897531,CHEMBL396789,IC50,=,1995.0,nM,5.70,CHEMBL284,Dipeptidyl peptidase 4,C=CCC(C(=O)N1CCn2c(nnc2C(F)(F)F)C1)[C@H](N)Cc1cc(F)c(F)cc1F
1897532,CHEMBL230095,IC50,=,2209.0,nM,5.66,CHEMBL284,Dipeptidyl peptidase 4,C=COCC(=O)N1CCN(C(=O)C[C@H](N)Cc2ccccc2F)CC1
1897533,CHEMBL395762,IC50,=,2.0,nM,8.70,CHEMBL284,Dipeptidyl peptidase 4,CC(C)[C@H](Oc1ccc(CNC(=O)[C@@H]2CCCN2C(=O)C[C@H](N)Cc2cc(F)c(F)cc2F)cc1)C(=O)O
1897534,CHEMBL231050,IC50,=,1397.0,nM,5.86,CHEMBL284,Dipeptidyl peptidase 4,N[C@@H](CC(=O)N1CCn2cc(C(F)(F)F)nc2C1c1ccc(F)cc1)Cc1ccc(F)c(F)c1
1897535,CHEMBL395546,IC50,=,1325.0,nM,5.88,CHEMBL284,Dipeptidyl peptidase 4,N[C@@H](CC(=O)N1CCn2nccc21)Cc1cc(F)ccc1F
1897536,CHEMBL410187,IC50,=,1247.0,nM,5.90,CHEMBL284,Dipeptidyl peptidase 4,N[C@@H](CC(=O)N1CCN(c2ccc(Cl)cc2)CC1)Cc1ccccc1F
1897537,CHEMBL231654,IC50,=,995.0,nM,6.00,CHEMBL284,Dipeptidyl peptidase 4,N[C@H](C(=O)N1CCC(F)(F)C1)[C@@H]1CCN(S(=O)(=O)c2ccc(OC(F)(F)F)cc2)C1
1897538,CHEMBL396195,IC50,=,864.0,nM,6.06,CHEMBL284,Dipeptidyl peptidase 4,COc1cc(CNC(=O)[C@@H]2CCCN2C(=O)C[C@H](N)Cc2ccccc2F)ccc1O
1897539,CHEMBL231653,IC50,=,780.0,nM,6.11,CHEMBL284,Dipeptidyl peptidase 4,CSc1cc(F)c(C[C@@H](N)CC(=O)N2CCn3c(nnc3C(F)(F)F)C2)cc1F
1897540,CHEMBL231552,IC50,=,731.0,nM,6.14,CHEMBL284,Dipeptidyl peptidase 4,N[C@@H](CC(=O)N1CCC[C@H]1C(=O)NCc1ccc(C(F)(F)F)cc1)Cc1ccccc1F
1897541,CHEMBL231551,IC50,=,539.0,nM,6.27,CHEMBL284,Dipeptidyl peptidase 4,N[C@@H](CC(=O)N1CCC[C@H]1C(=O)NCc1ccccc1)Cc1ccccc1F
1897542,CHEMBL388900,IC50,=,520.0,nM,6.28,CHEMBL284,Dipeptidyl peptidase 4,CN(C)C(=O)[C@@H](c1ccc(-c2ccc(F)cc2)cc1)[C@H](N)C(=O)N1CCOCC1
1897543,CHEMBL230938,IC50,=,310.0,nM,6.51,CHEMBL284,Dipeptidyl peptidase 4,O=C([C@@H]1Cc2ccc(-c3cccc(-c4nnn[nH]4)c3)cc2CN1)N1CC[C@H](F)C1
1897544,CHEMBL230937,IC50,=,170.0,nM,6.77,CHEMBL284,Dipeptidyl peptidase 4,COC(=O)Cc1ccc(CNC(=O)[C@@H]2CSCN2C(=O)C[C@H](N)Cc2ccccc2F)cc1
1897545,CHEMBL363319,IC50,=,119.0,nM,6.92,CHEMBL284,Dipeptidyl peptidase 4,N[C@@H](CC(=O)N1CCSC1)Cc1cc(F)c(F)cc1F
1897546,CHEMBL230840,IC50,=,37.0,nM,7.43,CHEMBL284,Dipeptidyl peptidase 4,N[C@@H](CC(=O)N1CSC[C@H]1C(=O)NCc1ccc(CC(=O)O)cc1)Cc1ccccc1F
1897547,CHEMBL230839,IC50,=,33.0,nM,7.48,CHEMBL284,Dipeptidyl peptidase 4,Cc1ccc(F)cc1C[C@@H](N)CC(=O)N1CCC[C@H]1C(=O)NCc1ccc(O[C@H](C(=O)O)C(C)C)cc1
1897548,CHEMBL427261,IC50,=,21.0,nM,7.68,CHEMBL284,Dipeptidyl peptidase 4,N[C@@H](CC(=O)N1CCn2c(nnc2C(F)(F)F)C1)Cc1cc(Cl)ccc1F
1897549,CHEMBL397716,IC50,=,8.0,nM,8.10,CHEMBL284,Dipeptidyl peptidase 4,CC(C)[C@H](Oc1ccc(CNC(=O)[C@@H]2CCCN2C(=O)C[C@H](N)Cc2cc(F)c(F)c(F)c2F)cc1)C(=O)O
1905784,CHEMBL390193,IC50,=,210.0,nM,6.68,CHEMBL284,Dipeptidyl peptidase 4,N[C@H]1CN(c2ccccc2)CC[C@@H]1c1cc(F)c(F)cc1F.O=C(O)C(F)(F)F
1905788,CHEMBL228312,IC50,=,16.0,nM,7.80,CHEMBL284,Dipeptidyl peptidase 4,N[C@H]1CN(c2ccc3nnc(-c4ccc(F)cc4)n3n2)CC[C@@H]1c1cc(F)c(F)cc1F.O=C(O)C(F)(F)F
1905789,CHEMBL228311,IC50,=,9.0,nM,8.05,CHEMBL284,Dipeptidyl peptidase 4,N[C@H]1CN(c2ccc3nnc(C(F)(F)F)n3n2)CC[C@@H]1c1cc(F)c(F)cc1F.O=C(O)C(F)(F)F
1905790,CHEMBL390080,IC50,=,6.0,nM,8.22,CHEMBL284,Dipeptidyl peptidase 4,CCc1nnc2ccc(N3CC[C@H](c4cc(F)c(F)cc4F)[C@@H](N)C3)nn12.O=C(O)C(F)(F)F
1905791,CHEMBL231497,IC50,=,6.0,nM,8.22,CHEMBL284,Dipeptidyl peptidase 4,Cc1nnc2ccc(N3CC[C@H](c4cc(F)c(F)cc4F)[C@@H](N)C3)nn12.O=C(O)C(F)(F)F
1905792,CHEMBL231496,IC50,=,31.0,nM,7.51,CHEMBL284,Dipeptidyl peptidase 4,N[C@H]1CN(c2ccc3nncn3n2)CC[C@@H]1c1cc(F)c(F)cc1F.O=C(O)C(F)(F)F
1905793,CHEMBL390241,IC50,=,5.0,nM,8.30,CHEMBL284,Dipeptidyl peptidase 4,Cn1nc2ccc(N3CC[C@H](c4cc(F)c(F)cc4F)[C@@H](N)C3)nn2c1=O.O=C(O)C(F)(F)F
1905794,CHEMBL231397,IC50,=,8.0,nM,8.10,CHEMBL284,Dipeptidyl peptidase 4,Cc1cc(=O)n2nc(N3CC[C@H](c4cc(F)c(F)cc4F)[C@@H](N)C3)ccc2n1.O=C(O)C(F)(F)F
1905795,CHEMBL231396,IC50,=,1.2,nM,8.92,CHEMBL284,Dipeptidyl peptidase 4,N[C@H]1CN(c2ccc3nc(=O)ccn3n2)CC[C@@H]1c1cc(F)c(F)cc1F.O=C(O)C(F)(F)F
1905796,CHEMBL231395,IC50,=,7.0,nM,8.15,CHEMBL284,Dipeptidyl peptidase 4,Cc1nc2ccc(N3CC[C@H](c4cc(F)c(F)cc4F)[C@@H](N)C3)nc2c(=O)[nH]1.O=C(O)C(F)(F)F
1905797,CHEMBL231295,IC50,=,8.0,nM,8.10,CHEMBL284,Dipeptidyl peptidase 4,N[C@H]1CN(c2ccc3ncnc(C4CC4)c3n2)CC[C@@H]1c1cc(F)c(F)cc1F.O=C(O)C(F)(F)F
1905798,CHEMBL389804,IC50,=,2.0,nM,8.70,CHEMBL284,Dipeptidyl peptidase 4,Cn1c(C2CC2)nc2ccc(N3CC[C@H](c4cc(F)c(F)cc4F)[C@@H](N)C3)nc21.O=C(O)C(F)(F)F
1905799,CHEMBL231294,IC50,=,26.0,nM,7.58,CHEMBL284,Dipeptidyl peptidase 4,N[C@H]1CN(c2ccn3cnnc3n2)CC[C@@H]1c1cc(F)c(F)cc1F.O=C(O)C(F)(F)F
1905800,CHEMBL231293,IC50,=,5.0,nM,8.30,CHEMBL284,Dipeptidyl peptidase 4,N[C@H]1CN(c2ccc3nc(C(F)(F)F)nn3n2)CC[C@@H]1c1cc(F)c(F)cc1F.O=C(O)C(F)(F)F
1905801,CHEMBL389803,IC50,=,22.0,nM,7.66,CHEMBL284,Dipeptidyl peptidase 4,N[C@H]1CN(c2ccc3nc(C(F)(F)F)cn3n2)CC[C@@H]1c1cc(F)c(F)cc1F.O=C(O)C(F)(F)F
1905802,CHEMBL231196,IC50,=,13.0,nM,7.89,CHEMBL284,Dipeptidyl peptidase 4,N[C@H]1CN(c2cnc3nccnc3n2)CC[C@@H]1c1cc(F)c(F)cc1F.O=C(O)C(F)(F)F
1905803,CHEMBL231195,IC50,=,43.0,nM,7.37,CHEMBL284,Dipeptidyl peptidase 4,N[C@H]1CN(c2cnc3cncnc3n2)CC[C@@H]1c1cc(F)c(F)cc1F.O=C(O)C(F)(F)F
1905804,CHEMBL231194,IC50,=,130.0,nM,6.89,CHEMBL284,Dipeptidyl peptidase 4,N[C@H]1CN(c2cnc3cccnc3n2)CC[C@@H]1c1cc(F)c(F)cc1F.O=C(O)C(F)(F)F
1905805,CHEMBL389538,IC50,=,12.0,nM,7.92,CHEMBL284,Dipeptidyl peptidase 4,N[C@H]1CN(c2cnc3ccccc3n2)CC[C@@H]1c1cc(F)c(F)cc1F.O=C(O)C(F)(F)F
1905806,CHEMBL231092,IC50,=,7.0,nM,8.15,CHEMBL284,Dipeptidyl peptidase 4,N[C@H]1CN(c2ccc3nccnc3n2)CC[C@@H]1c1cc(F)c(F)cc1F.O=C(O)C(F)(F)F
1905807,CHEMBL231091,IC50,=,3700.0,nM,5.43,CHEMBL284,Dipeptidyl peptidase 4,N[C@H]1CN(c2nccc3ccccc23)CC[C@@H]1c1cc(F)c(F)cc1F.O=C(O)C(F)(F)F
1905808,CHEMBL389537,IC50,=,54.0,nM,7.27,CHEMBL284,Dipeptidyl peptidase 4,N[C@H]1CN(c2ccc3ccccc3n2)CC[C@@H]1c1cc(F)c(F)cc1F.O=C(O)C(F)(F)F
1905809,CHEMBL231090,IC50,=,63.0,nM,7.20,CHEMBL284,Dipeptidyl peptidase 4,N[C@H]1CN(c2cccnn2)CC[C@@H]1c1cc(F)c(F)cc1F.O=C(O)C(F)(F)F
1905810,CHEMBL230985,IC50,=,82.0,nM,7.09,CHEMBL284,Dipeptidyl peptidase 4,N[C@H]1CN(c2cnccn2)CC[C@@H]1c1cc(F)c(F)cc1F.O=C(O)C(F)(F)F
1905811,CHEMBL427259,IC50,=,90.0,nM,7.05,CHEMBL284,Dipeptidyl peptidase 4,N[C@H]1CN(c2ncccn2)CC[C@@H]1c1cc(F)c(F)cc1F.O=C(O)C(F)(F)F
1905812,CHEMBL230984,IC50,=,37.0,nM,7.43,CHEMBL284,Dipeptidyl peptidase 4,N[C@H]1CN(c2ccncn2)CC[C@@H]1c1cc(F)c(F)cc1F.O=C(O)C(F)(F)F
1905813,CHEMBL230883,IC50,=,14.0,nM,7.85,CHEMBL284,Dipeptidyl peptidase 4,N#Cc1ccc(N2CC[C@H](c3cc(F)c(F)cc3F)[C@@H](N)C2)nc1.O=C(O)C(F)(F)F
1905814,CHEMBL230449,IC50,=,650.0,nM,6.19,CHEMBL284,Dipeptidyl peptidase 4,N[C@H]1CN(c2ncccc2C(F)(F)F)CC[C@@H]1c1cc(F)c(F)cc1F.O=C(O)C(F)(F)F
1905815,CHEMBL389602,IC50,=,463.0,nM,6.33,CHEMBL284,Dipeptidyl peptidase 4,N[C@H]1CN(c2cc(C(F)(F)F)ccn2)CC[C@@H]1c1cc(F)c(F)cc1F.O=C(O)C(F)(F)F
1905816,CHEMBL274740,IC50,=,67.0,nM,7.17,CHEMBL284,Dipeptidyl peptidase 4,N[C@H]1CN(c2ccc(C(F)(F)F)cn2)CC[C@@H]1c1cc(F)c(F)cc1F.O=C(O)C(F)(F)F
1905817,CHEMBL230342,IC50,=,111.0,nM,6.96,CHEMBL284,Dipeptidyl peptidase 4,N[C@H]1CN(c2cccc(C(F)(F)F)n2)CC[C@@H]1c1cc(F)c(F)cc1F.O=C(O)C(F)(F)F
1905818,CHEMBL390194,IC50,=,125.0,nM,6.90,CHEMBL284,Dipeptidyl peptidase 4,N[C@H]1CN(c2ccncc2)CC[C@@H]1c1cc(F)c(F)cc1F.O=C(O)C(F)(F)F
1905819,CHEMBL230341,IC50,=,144.0,nM,6.84,CHEMBL284,Dipeptidyl peptidase 4,N[C@H]1CN(c2cccnc2)CC[C@@H]1c1cc(F)c(F)cc1F.O=C(O)C(F)(F)F
1905820,CHEMBL230340,IC50,=,58.0,nM,7.24,CHEMBL284,Dipeptidyl peptidase 4,N[C@H]1CN(c2ccccn2)CC[C@@H]1c1cc(F)c(F)cc1F.O=C(O)C(F)(F)F
1935647,CHEMBL233127,IC50,=,5.6,nM,8.25,CHEMBL284,Dipeptidyl peptidase 4,C[C@@H]1N[C@H](C(=O)N2CCC[C@H]2C#N)C[C@@H]1C(=O)N1Cc2ccccc2C1
1944661,CHEMBL381626,IC50,=,20.0,nM,7.70,CHEMBL284,Dipeptidyl peptidase 4,N#C[C@@H]1CCCN1C(=O)[C@@H]1CCCN1
1944662,CHEMBL389324,IC50,=,5.3,nM,8.28,CHEMBL284,Dipeptidyl peptidase 4,Cc1cc(C)c([C@@H]2CN[C@H](C(=O)N3CCC[C@H]3C#N)C2)c(C)c1O
1944663,CHEMBL244010,IC50,=,7.1,nM,8.15,CHEMBL284,Dipeptidyl peptidase 4,COc1c(O)ccc(C)c1[C@@H]1CN[C@H](C(=O)N2CCC[C@H]2C#N)C1
1944664,CHEMBL413797,IC50,=,4.9,nM,8.31,CHEMBL284,Dipeptidyl peptidase 4,Cc1ccc(O)c(C)c1[C@@H]1CN[C@H](C(=O)N2CCC[C@H]2C#N)C1
1944665,CHEMBL244009,IC50,=,22.0,nM,7.66,CHEMBL284,Dipeptidyl peptidase 4,CCOc1cc(O)cc(OCC)c1[C@@H]1CN[C@H](C(=O)N2CCC[C@H]2C#N)C1
1944666,CHEMBL390418,IC50,=,8.9,nM,8.05,CHEMBL284,Dipeptidyl peptidase 4,CCc1cc(O)cc(C)c1[C@@H]1CN[C@H](C(=O)N2CCC[C@H]2C#N)C1
1944667,CHEMBL244008,IC50,=,23.0,nM,7.64,CHEMBL284,Dipeptidyl peptidase 4,COc1cc(O)cc(OC)c1[C@@H]1CN[C@H](C(=O)N2CCC[C@H]2C#N)C1
1944668,CHEMBL243800,IC50,=,8.3,nM,8.08,CHEMBL284,Dipeptidyl peptidase 4,COc1cc(O)cc(C)c1[C@@H]1CN[C@H](C(=O)N2CCC[C@H]2C#N)C1
1944669,CHEMBL243799,IC50,=,3.3,nM,8.48,CHEMBL284,Dipeptidyl peptidase 4,Cc1cc(O)cc(C)c1[C@@H]1CN[C@H](C(=O)N2CCC[C@H]2C#N)C1
1944670,CHEMBL390221,IC50,=,2.5,nM,8.60,CHEMBL284,Dipeptidyl peptidase 4,N#C[C@@H]1CCCN1C(=O)[C@@H]1C[C@H](c2ccc(O)cc2)CN1
1944671,CHEMBL243798,IC50,=,3.9,nM,8.41,CHEMBL284,Dipeptidyl peptidase 4,N#C[C@@H]1CCCN1C(=O)[C@@H]1C[C@H](c2cccc(O)c2)CN1
1944672,CHEMBL245059,IC50,=,9.1,nM,8.04,CHEMBL284,Dipeptidyl peptidase 4,N#C[C@@H]1CCCN1C(=O)[C@@H]1C[C@H](c2ccccc2O)CN1
1944673,CHEMBL396513,IC50,=,6.1,nM,8.21,CHEMBL284,Dipeptidyl peptidase 4,Cc1cccc(C)c1[C@@H]1CN[C@H](C(=O)N2CCC[C@H]2C#N)C1
1944674,CHEMBL244843,IC50,=,16.0,nM,7.80,CHEMBL284,Dipeptidyl peptidase 4,N#C[C@@H]1CCCN1C(=O)[C@@H]1C[C@@H](c2ccccc2)CN1
1944675,CHEMBL396512,IC50,=,3.5,nM,8.46,CHEMBL284,Dipeptidyl peptidase 4,N#C[C@@H]1CCCN1C(=O)[C@@H]1C[C@H](c2ccccc2)CN1
1944676,CHEMBL389138,IC50,=,7.8,nM,8.11,CHEMBL284,Dipeptidyl peptidase 4,N#C[C@@H]1CCCN1C(=O)[C@@H]1CC(C2C3CC4CC(C3)CC2C4)CN1
1944677,CHEMBL242492,IC50,=,2.4,nM,8.62,CHEMBL284,Dipeptidyl peptidase 4,N#C[C@@H]1CCCN1C(=O)[C@@H]1C[C@H](C2CCCCC2)CN1
1944678,CHEMBL242987,IC50,=,2.9,nM,8.54,CHEMBL284,Dipeptidyl peptidase 4,CC(C)C[C@@H]1CN[C@H](C(=O)N2CCC[C@H]2C#N)C1
1944679,CHEMBL437570,IC50,=,5.7,nM,8.24,CHEMBL284,Dipeptidyl peptidase 4,C=C(C)C[C@@H]1CN[C@H](C(=O)N2CCC[C@H]2C#N)C1
1944680,CHEMBL242985,IC50,=,3.4,nM,8.47,CHEMBL284,Dipeptidyl peptidase 4,CCC[C@@H]1CN[C@H](C(=O)N2CCC[C@H]2C#N)C1
1944681,CHEMBL245069,IC50,=,3.5,nM,8.46,CHEMBL284,Dipeptidyl peptidase 4,C=CC[C@@H]1CN[C@H](C(=O)N2CCC[C@H]2C#N)C1
1947253,CHEMBL394165,IC50,=,6.2,nM,8.21,CHEMBL284,Dipeptidyl peptidase 4,C[C@@H]1N[C@H](C(=O)N2CCC[C@H]2C#N)C[C@@H]1C(=O)N1CCSCC1
1948877,CHEMBL381626,IC50,=,20.0,nM,7.70,CHEMBL284,Dipeptidyl peptidase 4,N#C[C@@H]1CCCN1C(=O)[C@@H]1CCCN1
1948879,CHEMBL232315,IC50,=,7.7,nM,8.11,CHEMBL284,Dipeptidyl peptidase 4,N#C[C@@H]1CCCN1C(=O)[C@@H]1C[C@H](C(N)=O)CN1
1948880,CHEMBL232311,IC50,=,2.4,nM,8.62,CHEMBL284,Dipeptidyl peptidase 4,CN(C)C(=O)CC[C@@H]1CN[C@H](C(=O)N2CCC[C@H]2C#N)C1
1948881,CHEMBL391558,IC50,=,4.5,nM,8.35,CHEMBL284,Dipeptidyl peptidase 4,CN(C)C(=O)C[C@@H]1CN[C@H](C(=O)N2CCC[C@H]2C#N)C1
1948882,CHEMBL232103,IC50,=,1.8,nM,8.74,CHEMBL284,Dipeptidyl peptidase 4,CN(C)C(=O)[C@@H]1CN[C@H](C(=O)N2CCC[C@H]2C#N)C1
1948883,CHEMBL234158,IC50,=,16.0,nM,7.80,CHEMBL284,Dipeptidyl peptidase 4,N#C[C@@H]1CCCN1C(=O)[C@@H]1C[C@H](CC(=O)O)CN1
1948884,CHEMBL395919,IC50,=,3.8,nM,8.42,CHEMBL284,Dipeptidyl peptidase 4,N#C[C@@H]1CCCN1C(=O)[C@@H]1C[C@H](CCO)CN1
1948885,CHEMBL234356,IC50,=,6.3,nM,8.20,CHEMBL284,Dipeptidyl peptidase 4,N#C[C@@H]1CCCN1C(=O)[C@@H]1C[C@H](CO)CN1
1948886,CHEMBL242985,IC50,=,3.4,nM,8.47,CHEMBL284,Dipeptidyl peptidase 4,CCC[C@@H]1CN[C@H](C(=O)N2CCC[C@H]2C#N)C1
1948887,CHEMBL245069,IC50,=,3.5,nM,8.46,CHEMBL284,Dipeptidyl peptidase 4,C=CC[C@@H]1CN[C@H](C(=O)N2CCC[C@H]2C#N)C1
1948898,CHEMBL429258,IC50,=,20.0,nM,7.70,CHEMBL284,Dipeptidyl peptidase 4,C[C@@H]1N[C@H](C(=O)N2CCC[C@H]2C#N)C[C@@H]1C(=O)N1CCOCC1
1948899,CHEMBL232920,IC50,=,13.0,nM,7.89,CHEMBL284,Dipeptidyl peptidase 4,C[C@@H]1N[C@H](C(=O)N2CCC[C@H]2C#N)C[C@@H]1C(=O)N1CCCCC1
1948900,CHEMBL393957,IC50,=,6.5,nM,8.19,CHEMBL284,Dipeptidyl peptidase 4,C[C@@H]1N[C@H](C(=O)N2CCC[C@H]2C#N)C[C@@H]1C(=O)N1CCCC1
1948901,CHEMBL232919,IC50,=,13.0,nM,7.89,CHEMBL284,Dipeptidyl peptidase 4,C[C@@H]1N[C@H](C(=O)N2CCC[C@H]2C#N)C[C@@H]1C(=O)N1CCC1
1948902,CHEMBL394932,IC50,=,15.0,nM,7.82,CHEMBL284,Dipeptidyl peptidase 4,CCN(C)C(=O)[C@H]1C[C@@H](C(=O)N2CCC[C@H]2C#N)N[C@H]1C
1948903,CHEMBL232914,IC50,=,10.0,nM,8.00,CHEMBL284,Dipeptidyl peptidase 4,C[C@@H]1N[C@H](C(=O)N2CCC[C@H]2C#N)C[C@@H]1C(=O)N(C)C
1948904,CHEMBL400615,IC50,=,4.8,nM,8.32,CHEMBL284,Dipeptidyl peptidase 4,N#C[C@@H]1CCCN1C(=O)[C@@H]1C[C@H](C(=O)N2CCSCC2)CN1
1948905,CHEMBL415647,IC50,=,4.3,nM,8.37,CHEMBL284,Dipeptidyl peptidase 4,N#C[C@@H]1CCCN1C(=O)[C@@H]1C[C@H](C(=O)N2CCOCC2)CN1
1948906,CHEMBL232716,IC50,=,11.0,nM,7.96,CHEMBL284,Dipeptidyl peptidase 4,N#C[C@@H]1CCCN1C(=O)[C@@H]1C[C@H](C(=O)N2CCCCCCC2)CN1
1948907,CHEMBL400614,IC50,=,8.3,nM,8.08,CHEMBL284,Dipeptidyl peptidase 4,N#C[C@@H]1CCCN1C(=O)[C@@H]1C[C@H](C(=O)N2CCCCCC2)CN1
1948908,CHEMBL400613,IC50,=,4.9,nM,8.31,CHEMBL284,Dipeptidyl peptidase 4,N#C[C@@H]1CCCN1C(=O)[C@@H]1C[C@H](C(=O)N2CCCCC2)CN1
1948909,CHEMBL428369,IC50,=,5.6,nM,8.25,CHEMBL284,Dipeptidyl peptidase 4,N#C[C@@H]1CCCN1C(=O)[C@@H]1C[C@H](C(=O)N2CCCC2)CN1
1948910,CHEMBL234373,IC50,=,4.0,nM,8.40,CHEMBL284,Dipeptidyl peptidase 4,N#C[C@@H]1CCCN1C(=O)[C@@H]1C[C@H](C(=O)N2CCC2)CN1
1948911,CHEMBL393498,IC50,=,6.0,nM,8.22,CHEMBL284,Dipeptidyl peptidase 4,CCN(CC)C(=O)[C@@H]1CN[C@H](C(=O)N2CCC[C@H]2C#N)C1
1948912,CHEMBL234163,IC50,=,4.9,nM,8.31,CHEMBL284,Dipeptidyl peptidase 4,CCN(C)C(=O)[C@@H]1CN[C@H](C(=O)N2CCC[C@H]2C#N)C1
1948913,CHEMBL434960,IC50,=,5.7,nM,8.24,CHEMBL284,Dipeptidyl peptidase 4,CCCNC(=O)[C@@H]1CN[C@H](C(=O)N2CCC[C@H]2C#N)C1
1948914,CHEMBL232316,IC50,=,4.4,nM,8.36,CHEMBL284,Dipeptidyl peptidase 4,CCNC(=O)[C@@H]1CN[C@H](C(=O)N2CCC[C@H]2C#N)C1
1948915,CHEMBL391559,IC50,=,3.5,nM,8.46,CHEMBL284,Dipeptidyl peptidase 4,CNC(=O)[C@@H]1CN[C@H](C(=O)N2CCC[C@H]2C#N)C1
1958901,CHEMBL388475,IC50,=,98.0,nM,7.01,CHEMBL284,Dipeptidyl peptidase 4,N[C@@H](CC(=O)N1CCn2c(nnc2C(F)(F)F)C1)Cc1ccccc1F
1958904,CHEMBL233891,IC50,=,234.0,nM,6.63,CHEMBL284,Dipeptidyl peptidase 4,CC(C)(C)NC(=O)c1nnc2n1CCN(C(=O)C[C@H](N)Cc1cc(F)c(F)cc1F)C2
1958905,CHEMBL233686,IC50,=,219.0,nM,6.66,CHEMBL284,Dipeptidyl peptidase 4,CCOC(=O)c1nnc2n1CCN(C(=O)C[C@H](N)Cc1cc(F)c(F)cc1F)C2
1958906,CHEMBL390240,IC50,=,29.0,nM,7.54,CHEMBL284,Dipeptidyl peptidase 4,N[C@@H](CC(=O)N1CCn2c(nnc2C(F)F)C1)Cc1cc(F)c(F)cc1F
1958907,CHEMBL390239,IC50,=,30.0,nM,7.52,CHEMBL284,Dipeptidyl peptidase 4,N[C@@H](CC(=O)N1CCn2c(nnc2C2CC2)C1)Cc1cc(F)c(F)cc1F
1958908,CHEMBL233685,IC50,=,37.0,nM,7.43,CHEMBL284,Dipeptidyl peptidase 4,CCc1nnc2n1CCN(C(=O)C[C@H](N)Cc1cc(F)c(F)cc1F)C2
1958909,CHEMBL233684,IC50,=,69.0,nM,7.16,CHEMBL284,Dipeptidyl peptidase 4,N[C@@H](CC(=O)N1CCn2c(CO)nnc2C1)Cc1cc(F)ccc1F
1958910,CHEMBL389600,IC50,=,190.0,nM,6.72,CHEMBL284,Dipeptidyl peptidase 4,CCOC(=O)c1nnc2n1CCN(C(=O)C[C@H](N)Cc1cc(F)ccc1F)C2
1958911,CHEMBL233474,IC50,=,65.0,nM,7.19,CHEMBL284,Dipeptidyl peptidase 4,N[C@@H](CC(=O)N1CCn2c(nnc2-c2ccncc2)C1)Cc1cc(F)ccc1F
1958912,CHEMBL389599,IC50,=,30.0,nM,7.52,CHEMBL284,Dipeptidyl peptidase 4,N[C@@H](CC(=O)N1CCn2c(nnc2-c2ccc(F)cc2F)C1)Cc1cc(F)ccc1F
1958913,CHEMBL233472,IC50,=,60.0,nM,7.22,CHEMBL284,Dipeptidyl peptidase 4,N[C@@H](CC(=O)N1CCn2c(nnc2-c2ccc(F)cc2)C1)Cc1cc(F)ccc1F
1958914,CHEMBL233058,IC50,=,84.0,nM,7.08,CHEMBL284,Dipeptidyl peptidase 4,N[C@@H](CC(=O)N1CCn2c(nnc2C(F)(F)F)C1)Cc1cc(F)c(F)cc1Cl
1958915,CHEMBL232845,IC50,=,76.0,nM,7.12,CHEMBL284,Dipeptidyl peptidase 4,N[C@@H](CC(=O)N1CCn2c(nnc2C(F)(F)F)C1)Cc1cc(F)c(Cl)cc1F
1958916,CHEMBL427261,IC50,=,21.0,nM,7.68,CHEMBL284,Dipeptidyl peptidase 4,N[C@@H](CC(=O)N1CCn2c(nnc2C(F)(F)F)C1)Cc1cc(Cl)ccc1F
1958917,CHEMBL232648,IC50,=,180.0,nM,6.75,CHEMBL284,Dipeptidyl peptidase 4,N[C@@H](CC(=O)N1CCn2c(nnc2C(F)(F)F)C1)Cc1cc(Cl)ccc1Cl
1958918,CHEMBL235120,IC50,=,23.0,nM,7.64,CHEMBL284,Dipeptidyl peptidase 4,N[C@@H](CC(=O)N1CCn2c(nnc2C(F)(F)F)C1)Cc1ccc(Cl)cc1Cl
1958919,CHEMBL388433,IC50,=,1580.0,nM,5.80,CHEMBL284,Dipeptidyl peptidase 4,N[C@@H](CC(=O)N1CCn2c(nnc2C(F)(F)F)C1)Cc1ccc(Cl)c(Cl)c1
1958920,CHEMBL243231,IC50,=,264.0,nM,6.58,CHEMBL284,Dipeptidyl peptidase 4,N[C@@H](CC(=O)N1CCn2c(nnc2C(F)(F)F)C1)Cc1ccc(Cl)cc1
1958921,CHEMBL243230,IC50,=,59.0,nM,7.23,CHEMBL284,Dipeptidyl peptidase 4,N[C@@H](CC(=O)N1CCn2c(nnc2C(F)(F)F)C1)Cc1cccc(Cl)c1
1958922,CHEMBL388431,IC50,=,145.0,nM,6.84,CHEMBL284,Dipeptidyl peptidase 4,N[C@@H](CC(=O)N1CCn2c(nnc2C(F)(F)F)C1)Cc1ccccc1Cl
1958923,CHEMBL245181,IC50,=,511.0,nM,6.29,CHEMBL284,Dipeptidyl peptidase 4,N[C@@H](CC(=O)N1CCn2c(nnc2C(F)(F)F)C1)Cc1ccc(C(F)(F)F)cc1
1958924,CHEMBL243227,IC50,=,366.0,nM,6.44,CHEMBL284,Dipeptidyl peptidase 4,N[C@@H](CC(=O)N1CCn2c(nnc2C(F)(F)F)C1)Cc1cccc(C(F)(F)F)c1
1958925,CHEMBL397744,IC50,=,486.0,nM,6.31,CHEMBL284,Dipeptidyl peptidase 4,N[C@@H](CC(=O)N1CCn2c(nnc2C(F)(F)F)C1)Cc1ccccc1C(F)(F)F
1958926,CHEMBL397743,IC50,=,1018.0,nM,5.99,CHEMBL284,Dipeptidyl peptidase 4,N[C@@H](CC(=O)N1CCn2c(nnc2C(F)(F)F)C1)Cc1c(F)c(F)c(F)c(F)c1F
1958927,CHEMBL1422,IC50,=,18.0,nM,7.75,CHEMBL284,Dipeptidyl peptidase 4,N[C@@H](CC(=O)N1CCn2c(nnc2C(F)(F)F)C1)Cc1cc(F)c(F)cc1F
1958928,CHEMBL394834,IC50,=,87.0,nM,7.06,CHEMBL284,Dipeptidyl peptidase 4,N[C@@H](CC(=O)N1CCn2c(nnc2C(F)(F)F)C1)Cc1c(F)cc(F)cc1F
1958929,CHEMBL394833,IC50,=,151.0,nM,6.82,CHEMBL284,Dipeptidyl peptidase 4,N[C@@H](CC(=O)N1CCn2c(nnc2C(F)(F)F)C1)Cc1c(F)ccc(F)c1F
1958930,CHEMBL243872,IC50,=,805.0,nM,6.09,CHEMBL284,Dipeptidyl peptidase 4,N[C@@H](CC(=O)N1CCn2c(nnc2C(F)(F)F)C1)Cc1cc(F)cc(F)c1F
1958931,CHEMBL216186,IC50,=,27.0,nM,7.57,CHEMBL284,Dipeptidyl peptidase 4,N[C@@H](CC(=O)N1CCn2c(nnc2C(F)(F)F)C1)Cc1cc(F)ccc1F
1958932,CHEMBL389151,IC50,=,82.0,nM,7.09,CHEMBL284,Dipeptidyl peptidase 4,N[C@@H](CC(=O)N1CCn2c(nnc2C(F)(F)F)C1)Cc1ccc(F)cc1F
1958933,CHEMBL242813,IC50,=,128.0,nM,6.89,CHEMBL284,Dipeptidyl peptidase 4,N[C@@H](CC(=O)N1CCn2c(nnc2C(F)(F)F)C1)Cc1ccc(F)c(F)c1
1958934,CHEMBL242811,IC50,=,272.0,nM,6.57,CHEMBL284,Dipeptidyl peptidase 4,N[C@@H](CC(=O)N1CCn2c(nnc2C(F)(F)F)C1)Cc1ccc(F)cc1
1958935,CHEMBL232262,IC50,=,135.0,nM,6.87,CHEMBL284,Dipeptidyl peptidase 4,N[C@@H](CC(=O)N1CCn2c(nnc2C(F)(F)F)C1)Cc1cccc(F)c1
1959732,CHEMBL1422,IC50,=,18.0,nM,7.75,CHEMBL284,Dipeptidyl peptidase 4,N[C@@H](CC(=O)N1CCn2c(nnc2C(F)(F)F)C1)Cc1cc(F)c(F)cc1F
1960111,CHEMBL232191,IC50,=,140.0,nM,6.85,CHEMBL284,Dipeptidyl peptidase 4,N[C@H]1C[C@H](N2CCn3c(nnc3C(F)(F)F)C2)CCC1c1cc(F)c(F)cc1F
1960112,CHEMBL234635,IC50,=,21.0,nM,7.68,CHEMBL284,Dipeptidyl peptidase 4,N[C@H]1C[C@@H](N2CCn3c(C(F)(F)F)cnc3C2)CCC1c1cc(F)c(F)cc1F
1962327,CHEMBL400624,IC50,=,13.0,nM,7.89,CHEMBL284,Dipeptidyl peptidase 4,COc1cc2c(cc1OC)[C@@H]1CC(N)[C@@H](c3cccc(C)c3)CN1CC2
1963686,CHEMBL234412,IC50,=,520.0,nM,6.28,CHEMBL284,Dipeptidyl peptidase 4,CCCC[C@H]1CN2CCc3cc(OC)c(OC)cc3[C@@H]2C[C@@H]1N
1963687,CHEMBL232595,IC50,=,4.0,nM,8.40,CHEMBL284,Dipeptidyl peptidase 4,COc1cc2c(cc1OC)[C@@H]1C[C@H](N)[C@@H](c3cccc(Cl)c3)CN1CC2
1963688,CHEMBL429982,IC50,=,50.0,nM,7.30,CHEMBL284,Dipeptidyl peptidase 4,COc1cc2c(cc1OC)[C@@H]1C[C@@H](N)[C@@H](c3cccc(Cl)c3)CN1CC2
1963689,CHEMBL391070,IC50,=,4.0,nM,8.40,CHEMBL284,Dipeptidyl peptidase 4,COc1cc2c(cc1OC)[C@@H]1C[C@H](N)[C@@H](c3cccc(C)c3)CN1CC2
1963690,CHEMBL234431,IC50,=,32.0,nM,7.50,CHEMBL284,Dipeptidyl peptidase 4,COc1cc2c(cc1OC)[C@@H]1C[C@@H](N)[C@@H](c3cccc(C)c3)CN1CC2
1963691,CHEMBL234430,IC50,=,650.0,nM,6.19,CHEMBL284,Dipeptidyl peptidase 4,COc1cccc([C@H]2CN3CCc4cc(OC)c(OC)cc4[C@@H]3C[C@H]2N)c1
1963692,CHEMBL540711,IC50,=,5130.0,nM,5.29,CHEMBL284,Dipeptidyl peptidase 4,COc1cccc([C@H]2CN3CCc4cc(OC)c(OC)cc4[C@@H]3C[C@@H]2N)c1
1963693,CHEMBL392085,IC50,=,3730.0,nM,5.43,CHEMBL284,Dipeptidyl peptidase 4,COc1cc2c(cc1OC)[C@@H]1C[C@H](N)[C@@H](c3ccc(C)c(C)c3)CN1CC2
1963694,CHEMBL234238,IC50,=,9380.0,nM,5.03,CHEMBL284,Dipeptidyl peptidase 4,COc1cc2c(cc1OC)[C@@H]1C[C@@H](N)[C@@H](c3ccc(C)c(C)c3)CN1CC2
1963695,CHEMBL234048,IC50,=,370.0,nM,6.43,CHEMBL284,Dipeptidyl peptidase 4,COc1cc2c(cc1OC)[C@@H]1C[C@H](N)[C@@H](c3ccc(C)cc3)CN1CC2
1963696,CHEMBL392084,IC50,=,10590.0,nM,4.97,CHEMBL284,Dipeptidyl peptidase 4,COc1cc2c(cc1OC)[C@@H]1C[C@@H](N)[C@@H](c3ccc(C)cc3)CN1CC2
1963697,CHEMBL234047,IC50,=,1520.0,nM,5.82,CHEMBL284,Dipeptidyl peptidase 4,COc1cc2c(cc1OC)[C@@H]1C[C@H](N)[C@@H](c3ccccn3)CN1CC2
1963698,CHEMBL392083,IC50,=,990.0,nM,6.00,CHEMBL284,Dipeptidyl peptidase 4,COc1cc2c(cc1OC)[C@@H]1C[C@@H](N)[C@@H](c3ccccn3)CN1CC2
1963699,CHEMBL234046,IC50,=,220.0,nM,6.66,CHEMBL284,Dipeptidyl peptidase 4,COc1cc2c(cc1OC)[C@@H]1CC(N)[C@@H](c3ccccc3)CN1CC2
1963700,CHEMBL428894,IC50,=,200.0,nM,6.70,CHEMBL284,Dipeptidyl peptidase 4,COc1cc2c(cc1OC)[C@@H]1C[C@H](N)[C@@H](c3ccccc3)CN1CC2
1963701,CHEMBL391037,IC50,=,270.0,nM,6.57,CHEMBL284,Dipeptidyl peptidase 4,COc1cc2c(cc1OC)[C@@H]1C[C@@H](N)[C@@H](c3ccccc3)CN1CC2
1963702,CHEMBL231996,IC50,=,8900.0,nM,5.05,CHEMBL284,Dipeptidyl peptidase 4,COc1ccc(N2CCC(N)C(c3ccccn3)C2)cc1OC
1963703,CHEMBL231995,IC50,=,25600.0,nM,4.59,CHEMBL284,Dipeptidyl peptidase 4,COc1cccc(C2CN(c3ccc(OC)c(OC)c3)CCC2N)c1
1963704,CHEMBL231994,IC50,=,600.0,nM,6.22,CHEMBL284,Dipeptidyl peptidase 4,COc1ccc(N2CCC(N)C(c3cccc(C)c3)C2)cc1OC
1963705,CHEMBL397353,IC50,=,31300.0,nM,4.50,CHEMBL284,Dipeptidyl peptidase 4,COc1ccc(N2CCC(N)C(c3ccc(C)c(C)c3)C2)cc1OC
1963706,CHEMBL234616,IC50,=,14800.0,nM,4.83,CHEMBL284,Dipeptidyl peptidase 4,COc1ccc(N2CCC(N)C(c3ccc(C)cc3)C2)cc1OC
1963707,CHEMBL234615,IC50,=,5300.0,nM,5.28,CHEMBL284,Dipeptidyl peptidase 4,CCCCC1CN(c2cccc3ccccc23)CCC1N
1963708,CHEMBL397144,IC50,=,13600.0,nM,4.87,CHEMBL284,Dipeptidyl peptidase 4,CCCCC1CN(c2cccc3c2CCCC3)CCC1N
1963709,CHEMBL234614,IC50,=,9400.0,nM,5.03,CHEMBL284,Dipeptidyl peptidase 4,CCCC[C@@H]1CN(c2ccc3ccccc3c2)CC[C@H]1N
1963710,CHEMBL394507,IC50,=,1500.0,nM,5.82,CHEMBL284,Dipeptidyl peptidase 4,CCCC[C@H]1CN(c2ccc3ccccc3c2)CC[C@H]1N
1963711,CHEMBL234613,IC50,=,3300.0,nM,5.48,CHEMBL284,Dipeptidyl peptidase 4,CCCC[C@H]1CN(c2ccc(Cl)c(Cl)c2)CC[C@H]1N
1963712,CHEMBL234429,IC50,=,18400.0,nM,4.74,CHEMBL284,Dipeptidyl peptidase 4,CCCC[C@@H]1CN(c2cc(OC)c(OC)c(OC)c2)CC[C@H]1N
1963713,CHEMBL396136,IC50,=,2300.0,nM,5.64,CHEMBL284,Dipeptidyl peptidase 4,CCCC[C@H]1CN(c2cc(OC)c(OC)c(OC)c2)CC[C@H]1N
1963714,CHEMBL234428,IC50,=,26000.0,nM,4.58,CHEMBL284,Dipeptidyl peptidase 4,CCCC[C@@H]1CN(c2ccc(OC)c(OC)c2)CC[C@H]1N
1963715,CHEMBL234427,IC50,=,4900.0,nM,5.31,CHEMBL284,Dipeptidyl peptidase 4,CCCC[C@H]1CN(c2ccc(OC)c(OC)c2)CCC1N
1963716,CHEMBL234426,IC50,=,2600.0,nM,5.58,CHEMBL284,Dipeptidyl peptidase 4,CCCCC1CN(c2ccc(Cl)c(C(F)(F)F)c2)CCC1N
1963717,CHEMBL443316,IC50,=,2800.0,nM,5.55,CHEMBL284,Dipeptidyl peptidase 4,CCCC[C@H]1CN(c2ccc(Cl)c(C(F)(F)F)c2)CC[C@H]1N
1963718,CHEMBL234236,IC50,=,142000.0,nM,,CHEMBL284,Dipeptidyl peptidase 4,CCCC[C@@H]1CN(c2ccc(OC)c(-c3ccccc3)c2)CC[C@H]1N
1963719,CHEMBL234235,IC50,=,5800.0,nM,5.24,CHEMBL284,Dipeptidyl peptidase 4,CCCC[C@H]1CN(c2ccc(OC)c(-c3ccccc3)c2)CC[C@H]1N
1963720,CHEMBL234233,IC50,=,8400.0,nM,5.08,CHEMBL284,Dipeptidyl peptidase 4,CCCCC1CN(c2cc(OC)cc(C(F)(F)F)c2)CCC1N
1963721,CHEMBL234045,IC50,=,2100.0,nM,5.68,CHEMBL284,Dipeptidyl peptidase 4,CCCC[C@H]1CN(c2cc(OC)cc(C(F)(F)F)c2)CC[C@H]1N
1963722,CHEMBL234043,IC50,=,13400.0,nM,4.87,CHEMBL284,Dipeptidyl peptidase 4,CCCCC1CN(c2cc(C(F)(F)F)cc(C(F)(F)F)c2)CCC1N
1963723,CHEMBL396857,IC50,=,15000.0,nM,4.82,CHEMBL284,Dipeptidyl peptidase 4,CCCC[C@@H]1CN(c2ccc(Oc3ccccc3)cc2)CC[C@H]1N
1963724,CHEMBL234611,IC50,=,6300.0,nM,5.20,CHEMBL284,Dipeptidyl peptidase 4,CCCC[C@H]1CN(c2ccc(Oc3ccccc3)cc2)CC[C@H]1N
1963725,CHEMBL234610,IC50,=,35700.0,nM,4.45,CHEMBL284,Dipeptidyl peptidase 4,CCCC[C@@H]1CN(c2ccccc2)CC[C@H]1N
1963726,CHEMBL394662,IC50,=,3500.0,nM,5.46,CHEMBL284,Dipeptidyl peptidase 4,CCCC[C@H]1CN(c2ccccc2)CC[C@H]1N
1963727,CHEMBL234414,IC50,=,18600.0,nM,4.73,CHEMBL284,Dipeptidyl peptidase 4,CCCCC1CN(C(c2ccccc2)c2ccccc2)CCC1N
1963728,CHEMBL234413,IC50,=,45200.0,nM,4.34,CHEMBL284,Dipeptidyl peptidase 4,CCCCC1CN(C2CCCCC2)CCC1N
1968157,CHEMBL1422,IC50,=,18.0,nM,7.75,CHEMBL284,Dipeptidyl peptidase 4,N[C@@H](CC(=O)N1CCn2c(nnc2C(F)(F)F)C1)Cc1cc(F)c(F)cc1F
1968158,CHEMBL233564,IC50,=,0.67,nM,9.17,CHEMBL284,Dipeptidyl peptidase 4,N[C@H]1C[C@@H](N2Cc3cncnc3C2)CC[C@@H]1c1cc(F)c(F)cc1F
1968159,CHEMBL233563,IC50,=,5.3,nM,8.28,CHEMBL284,Dipeptidyl peptidase 4,N[C@H]1C[C@@H](N2Cc3cnc(C4CC4)nc3C2)CC[C@@H]1c1cc(F)c(F)cc1F
1968160,CHEMBL392924,IC50,=,6.6,nM,8.18,CHEMBL284,Dipeptidyl peptidase 4,N[C@H]1C[C@@H](N2Cc3ccccc3C2)CC[C@@H]1c1cc(F)c(F)cc1F
1968161,CHEMBL233360,IC50,=,21.0,nM,7.68,CHEMBL284,Dipeptidyl peptidase 4,N[C@H]1C[C@@H](N2CCn3c(nnc3C(F)(F)F)C2)CC[C@@H]1c1cc(F)c(F)cc1F
1970024,CHEMBL234911,IC50,=,77.0,nM,7.11,CHEMBL284,Dipeptidyl peptidase 4,Cc1nc(C(=O)[C@@H]2CCCN2C(=O)CNC(C)(C)CO)no1
1970028,CHEMBL393947,IC50,=,25.0,nM,7.60,CHEMBL284,Dipeptidyl peptidase 4,CC(C)(Cc1ccc(F)cc1)NCC(=O)N1C[C@@H](F)C[C@H]1C(=O)c1nnc(C(C)(C)C)o1
1970029,CHEMBL232185,IC50,=,22.0,nM,7.66,CHEMBL284,Dipeptidyl peptidase 4,CC(C)(CO)NCC(=O)N1C[C@@H](F)C[C@H]1C(=O)c1nnc(C(C)(C)C)o1
1970030,CHEMBL232759,IC50,=,47.0,nM,7.33,CHEMBL284,Dipeptidyl peptidase 4,CC(C)(CO)NCC(=O)N1CCC[C@H]1C(=O)c1nnc(C(C)(C)C)o1
1970031,CHEMBL232572,IC50,=,255.0,nM,6.59,CHEMBL284,Dipeptidyl peptidase 4,Cc1nnc(C(=O)[C@@H]2CCCN2C(=O)CNC(C)(C)CO)o1
1970032,CHEMBL232571,IC50,=,10.0,nM,8.00,CHEMBL284,Dipeptidyl peptidase 4,CC(C)(C)NCC(=O)N1CCC[C@H]1C(=O)c1nnc(C2(C)CCCCC2)o1
1970033,CHEMBL391645,IC50,=,30.0,nM,7.52,CHEMBL284,Dipeptidyl peptidase 4,CC(C)(C)NCC(=O)N1C[C@@H](F)C[C@H]1C(=O)c1nnc(C2CCCCC2)o1
1970034,CHEMBL232570,IC50,=,17.0,nM,7.77,CHEMBL284,Dipeptidyl peptidase 4,Cc1cc(C)c(-c2nnc(C(=O)[C@@H]3CCCN3C(=O)CNC(C)(C)C)o2)c(C)c1
1970035,CHEMBL395166,IC50,=,56.0,nM,7.25,CHEMBL284,Dipeptidyl peptidase 4,CC(C)(C)NCC(=O)N1CCC[C@H]1C(=O)c1nnc(C(C)(C)C)o1
1970036,CHEMBL399408,IC50,=,20.0,nM,7.70,CHEMBL284,Dipeptidyl peptidase 4,CCC(C)(C)c1nnc(C(=O)[C@@H]2C[C@H](F)CN2C(=O)CNC(C)(C)C)o1
1970037,CHEMBL391269,IC50,=,339.0,nM,6.47,CHEMBL284,Dipeptidyl peptidase 4,Cc1nnc(C(=O)[C@@H]2CCCN2C(=O)CNC23CC4CC(CC(O)(C4)C2)C3)o1
1970038,CHEMBL233337,IC50,=,680.0,nM,6.17,CHEMBL284,Dipeptidyl peptidase 4,Cc1nnc(C(=O)[C@@H]2CC(F)(F)CN2C(=O)CNC23CC4CC(CC(C4)C2)C3)o1
1970039,CHEMBL233136,IC50,=,53.0,nM,7.28,CHEMBL284,Dipeptidyl peptidase 4,Cc1nnc(C(=O)[C@@H]2C[C@H](F)CN2C(=O)CNC23CC4CC(CC(C4)C2)C3)o1
1970040,CHEMBL232725,IC50,=,84.0,nM,7.08,CHEMBL284,Dipeptidyl peptidase 4,Cc1nnc(C(=O)[C@@H]2CCCN2C(=O)CNC23CC4CC(CC(C4)C2)C3)o1
1970041,CHEMBL232111,IC50,=,224.0,nM,6.65,CHEMBL284,Dipeptidyl peptidase 4,Cc1nnc(C(=O)[C@@H]2CSCN2C(=O)CNC23CC4CC(CC(C4)C2)C3)o1
1970042,CHEMBL233996,IC50,=,210.0,nM,6.68,CHEMBL284,Dipeptidyl peptidase 4,Cc1nc(C(=O)[C@@H]2CCCN2C(=O)CNC23CC4CC(CC(C4)C2)C3)no1
1970043,CHEMBL232586,IC50,=,95.0,nM,7.02,CHEMBL284,Dipeptidyl peptidase 4,CC(C)(C)NCC(=O)N1CCC[C@H]1C(=O)c1noc(C2(C)CCCCC2)n1
1970044,CHEMBL399615,IC50,=,15.0,nM,7.82,CHEMBL284,Dipeptidyl peptidase 4,CC(C)(C)NCC(=O)N1CCC[C@H]1C(=O)c1noc(-c2ccc(F)cc2)n1
1970045,CHEMBL392552,IC50,=,63.0,nM,7.20,CHEMBL284,Dipeptidyl peptidase 4,CC(C)(C)NCC(=O)N1C[C@@H](F)C[C@H]1C(=O)c1noc(C(C)(C)C)n1
1970046,CHEMBL232153,IC50,=,35.0,nM,7.46,CHEMBL284,Dipeptidyl peptidase 4,CC(C)(Cc1ccc(F)cc1)NCC(=O)N1CCC[C@H]1C(=O)c1ncon1
1970047,CHEMBL231698,IC50,=,7939.0,nM,5.10,CHEMBL284,Dipeptidyl peptidase 4,Cc1nc(C(=O)[C@@H]2CCCN2C(=O)CNC(C)(C)C(=O)O)no1
1970048,CHEMBL231697,IC50,=,223.0,nM,6.65,CHEMBL284,Dipeptidyl peptidase 4,CC(C)(CO)NCC(=O)N1CCC[C@H]1C(=O)c1noc(C(C)(C)C)n1
1970049,CHEMBL391929,IC50,=,67.0,nM,7.17,CHEMBL284,Dipeptidyl peptidase 4,CC(C)(CO)NCC(=O)N1C[C@@H](F)C[C@H]1C(=O)c1noc(C(C)(C)C)n1
1985685,CHEMBL438309,IC50,=,200.0,nM,6.70,CHEMBL284,Dipeptidyl peptidase 4,COc1ccccc1[C@@H]1CN(c2nc3c(cc2F)c(=O)c(C(=O)O)cn3C2CC2)C[C@@H]1N
1985686,CHEMBL236507,IC50,=,140.0,nM,6.85,CHEMBL284,Dipeptidyl peptidase 4,N[C@H]1CN(c2nc3c(cc2F)c(=O)c(C(=O)O)cn3C2CC2)C[C@H]1c1ccc(F)cc1
1985687,CHEMBL237568,IC50,=,150.0,nM,6.82,CHEMBL284,Dipeptidyl peptidase 4,N[C@H]1CN(c2nc3c(cc2F)c(=O)c(C(=O)O)cn3C2CC2)C[C@H]1c1ccccc1
1985688,CHEMBL237567,IC50,=,2000.0,nM,5.70,CHEMBL284,Dipeptidyl peptidase 4,COc1ccccc1[C@H]1CN(c2nc3c(cc2F)c(=O)c(C(=O)O)cn3C2CC2)C[C@@H]1N
1985689,CHEMBL399409,IC50,=,1000.0,nM,6.00,CHEMBL284,Dipeptidyl peptidase 4,N[C@H]1CN(c2nc3c(cc2F)c(=O)c(C(=O)O)cn3C2CC2)C[C@H]1c1ccc(Cl)c(Cl)c1
1985690,CHEMBL237758,IC50,=,790.0,nM,6.10,CHEMBL284,Dipeptidyl peptidase 4,N[C@H]1CN(c2cc(-c3ccccc3)ncn2)C[C@@H]1c1ccccc1
1985691,CHEMBL392697,IC50,=,2900.0,nM,5.54,CHEMBL284,Dipeptidyl peptidase 4,N[C@H]1CN(c2cc(-c3cccc(Cl)c3)ncn2)C[C@@H]1c1ccccc1
1985692,CHEMBL235201,IC50,=,2300.0,nM,5.64,CHEMBL284,Dipeptidyl peptidase 4,COc1ccc(-c2cc(N3C[C@H](c4ccccc4)[C@@H](N)C3)ncn2)cc1
1985693,CHEMBL392696,IC50,=,1400.0,nM,5.85,CHEMBL284,Dipeptidyl peptidase 4,N#Cc1cccc(-c2cc(N3C[C@H](c4ccccc4)[C@@H](N)C3)ncn2)c1
1985694,CHEMBL236705,IC50,=,21.0,nM,7.68,CHEMBL284,Dipeptidyl peptidase 4,N[C@H]1CN(c2cc(-c3ccccc3)ncn2)C[C@@H]1c1cc(F)c(F)cc1F
1985695,CHEMBL237786,IC50,=,37.0,nM,7.43,CHEMBL284,Dipeptidyl peptidase 4,COc1ccc(-c2cc(N3C[C@H](c4cc(F)c(F)cc4F)[C@@H](N)C3)ncn2)cn1
1985696,CHEMBL237785,IC50,=,31.0,nM,7.51,CHEMBL284,Dipeptidyl peptidase 4,N[C@H]1CN(c2cc(-c3cccnc3)ncn2)C[C@@H]1c1cc(F)c(F)cc1F
1985697,CHEMBL237569,IC50,=,70.0,nM,7.16,CHEMBL284,Dipeptidyl peptidase 4,N[C@H]1CN(c2cc(-c3cccc(O)c3)ncn2)C[C@@H]1c1cc(F)c(F)cc1F
1985698,CHEMBL399207,IC50,=,120.0,nM,6.92,CHEMBL284,Dipeptidyl peptidase 4,N[C@H]1CN(c2cc(-c3cccc([N+](=O)[O-])c3)ncn2)C[C@@H]1c1cc(F)c(F)cc1F
1985699,CHEMBL236719,IC50,=,14.0,nM,7.85,CHEMBL284,Dipeptidyl peptidase 4,CC(=O)Nc1cccc(-c2cc(N3C[C@H](c4cc(F)c(F)cc4F)[C@@H](N)C3)ncn2)c1
1985700,CHEMBL236508,IC50,=,5.0,nM,8.30,CHEMBL284,Dipeptidyl peptidase 4,N[C@H]1CN(c2cc(-c3cccc(C(=O)O)c3)ncn2)C[C@@H]1c1cc(F)c(F)cc1F
1985701,CHEMBL391252,IC50,=,32.0,nM,7.50,CHEMBL284,Dipeptidyl peptidase 4,N[C@H]1CN(c2cc(-c3cccc(CO)c3)ncn2)C[C@@H]1c1cc(F)c(F)cc1F
1985702,CHEMBL236085,IC50,=,1300.0,nM,5.89,CHEMBL284,Dipeptidyl peptidase 4,N[C@H]1CN(c2cc(-c3cccc(OC(F)(F)F)c3)ncn2)C[C@@H]1c1cc(F)c(F)cc1F
1985703,CHEMBL236084,IC50,=,71.0,nM,7.15,CHEMBL284,Dipeptidyl peptidase 4,N[C@H]1CN(c2cc(-c3cccc(C(F)(F)F)c3)ncn2)C[C@@H]1c1cc(F)c(F)cc1F
1985704,CHEMBL391251,IC50,=,120.0,nM,6.92,CHEMBL284,Dipeptidyl peptidase 4,COc1ccc(-c2cc(N3C[C@H](c4cc(F)c(F)cc4F)[C@@H](N)C3)ncn2)cc1
1985705,CHEMBL236923,IC50,=,51.0,nM,7.29,CHEMBL284,Dipeptidyl peptidase 4,N[C@H]1CN(c2cc(-c3ccc(F)cc3)ncn2)C[C@@H]1c1cc(F)c(F)cc1F
1985706,CHEMBL391837,IC50,=,160.0,nM,6.80,CHEMBL284,Dipeptidyl peptidase 4,CC(=O)c1ccc(-c2cc(N3C[C@H](c4cc(F)c(F)cc4F)[C@@H](N)C3)ncn2)cc1
1985707,CHEMBL236922,IC50,=,130.0,nM,6.89,CHEMBL284,Dipeptidyl peptidase 4,N#Cc1ccc(-c2cc(N3C[C@H](c4cc(F)c(F)cc4F)[C@@H](N)C3)ncn2)cc1
1985708,CHEMBL412585,IC50,=,470.0,nM,6.33,CHEMBL284,Dipeptidyl peptidase 4,N[C@H]1CN(c2cc(-c3ccc(Cl)cc3)ncn2)C[C@@H]1c1cc(F)c(F)cc1F
1985709,CHEMBL236714,IC50,=,47.0,nM,7.33,CHEMBL284,Dipeptidyl peptidase 4,COc1cccc(-c2cc(N3C[C@H](c4cc(F)c(F)cc4F)[C@@H](N)C3)ncn2)c1
1985710,CHEMBL237343,IC50,=,51.0,nM,7.29,CHEMBL284,Dipeptidyl peptidase 4,N[C@H]1CN(c2cc(-c3cccc(F)c3)ncn2)C[C@@H]1c1cc(F)c(F)cc1F
1985711,CHEMBL393612,IC50,=,19.0,nM,7.72,CHEMBL284,Dipeptidyl peptidase 4,CC(=O)c1cccc(-c2cc(N3C[C@H](c4cc(F)c(F)cc4F)[C@@H](N)C3)ncn2)c1
1985712,CHEMBL237342,IC50,=,37.0,nM,7.43,CHEMBL284,Dipeptidyl peptidase 4,N#Cc1cccc(-c2cc(N3C[C@H](c4cc(F)c(F)cc4F)[C@@H](N)C3)ncn2)c1
1985713,CHEMBL237341,IC50,=,190.0,nM,6.72,CHEMBL284,Dipeptidyl peptidase 4,N[C@H]1CN(c2cc(-c3cccc(Cl)c3)ncn2)C[C@@H]1c1cc(F)c(F)cc1F
1985714,CHEMBL393611,IC50,=,180.0,nM,6.75,CHEMBL284,Dipeptidyl peptidase 4,COc1ccccc1-c1cc(N2C[C@H](c3cc(F)c(F)cc3F)[C@@H](N)C2)ncn1
1985715,CHEMBL391048,IC50,=,57.0,nM,7.24,CHEMBL284,Dipeptidyl peptidase 4,N[C@H]1CN(c2cc(-c3ccccc3F)ncn2)C[C@@H]1c1cc(F)c(F)cc1F
1985716,CHEMBL236707,IC50,=,230.0,nM,6.64,CHEMBL284,Dipeptidyl peptidase 4,CC(=O)c1ccccc1-c1cc(N2C[C@H](c3cc(F)c(F)cc3F)[C@@H](N)C2)ncn1
1985717,CHEMBL391047,IC50,=,93.0,nM,7.03,CHEMBL284,Dipeptidyl peptidase 4,N#Cc1ccccc1-c1cc(N2C[C@H](c3cc(F)c(F)cc3F)[C@@H](N)C2)ncn1
1985718,CHEMBL236706,IC50,=,260.0,nM,6.58,CHEMBL284,Dipeptidyl peptidase 4,N[C@H]1CN(c2cc(-c3ccccc3Cl)ncn2)C[C@@H]1c1cc(F)c(F)cc1F
1985719,CHEMBL236705,IC50,=,13.0,nM,7.89,CHEMBL284,Dipeptidyl peptidase 4,N[C@H]1CN(c2cc(-c3ccccc3)ncn2)C[C@@H]1c1cc(F)c(F)cc1F
1985720,CHEMBL237786,IC50,=,6.4,nM,8.19,CHEMBL284,Dipeptidyl peptidase 4,COc1ccc(-c2cc(N3C[C@H](c4cc(F)c(F)cc4F)[C@@H](N)C3)ncn2)cn1
1985721,CHEMBL237343,IC50,=,14.0,nM,7.85,CHEMBL284,Dipeptidyl peptidase 4,N[C@H]1CN(c2cc(-c3cccc(F)c3)ncn2)C[C@@H]1c1cc(F)c(F)cc1F
1987758,CHEMBL237119,IC50,=,12.0,nM,7.92,CHEMBL284,Dipeptidyl peptidase 4,CN(C)C(=O)[C@@H](c1ccc(-c2ccc(F)cc2)cc1)[C@H](N)C(=O)N1CC[C@H](F)C1
1987759,CHEMBL237547,IC50,=,16.0,nM,7.80,CHEMBL284,Dipeptidyl peptidase 4,CC(=O)N[C@H]1CC[C@H]([C@H](C)[C@H](N)C(=O)N2CC[C@H](F)C2)CC1
1987760,CHEMBL237337,IC50,=,4.0,nM,8.40,CHEMBL284,Dipeptidyl peptidase 4,CN(C)C(=O)[C@@H](c1ccc(-c2ccc3ncnn3c2)cc1)[C@H](N)C(=O)N1CC[C@H](F)C1
1987761,CHEMBL237336,IC50,=,64.0,nM,7.19,CHEMBL284,Dipeptidyl peptidase 4,C[C@@H](c1ccc(-c2ccc(F)cc2)cc1)[C@H](N)C(=O)N1CC[C@H](F)C1
1987766,CHEMBL237152,IC50,=,1.5,nM,8.82,CHEMBL284,Dipeptidyl peptidase 4,C[C@@H](C1CCC(c2cccc3ncnn23)CC1)[C@H](N)C(=O)N1CCC(F)(F)C1
1987767,CHEMBL237151,IC50,=,4.6,nM,8.34,CHEMBL284,Dipeptidyl peptidase 4,C[C@@H](C1CCC(c2cccnc2)CC1)[C@H](N)C(=O)N1CCC(F)(F)C1
1987768,CHEMBL392524,IC50,=,12.0,nM,7.92,CHEMBL284,Dipeptidyl peptidase 4,C[C@@H](C1CCC(c2ccc(F)cc2)CC1)[C@H](N)C(=O)N1CC[C@](C)(F)C1
1987789,CHEMBL237152,IC50,=,28.0,nM,7.55,CHEMBL284,Dipeptidyl peptidase 4,C[C@@H](C1CCC(c2cccc3ncnn23)CC1)[C@H](N)C(=O)N1CCC(F)(F)C1
1987790,CHEMBL237151,IC50,=,150.0,nM,6.82,CHEMBL284,Dipeptidyl peptidase 4,C[C@@H](C1CCC(c2cccnc2)CC1)[C@H](N)C(=O)N1CCC(F)(F)C1
1987791,CHEMBL392524,IC50,=,390.0,nM,6.41,CHEMBL284,Dipeptidyl peptidase 4,C[C@@H](C1CCC(c2ccc(F)cc2)CC1)[C@H](N)C(=O)N1CC[C@](C)(F)C1
1987798,CHEMBL237997,IC50,=,2.5,nM,8.60,CHEMBL284,Dipeptidyl peptidase 4,CN(C)C(=O)[C@@H]([C@H]1CC[C@H](c2cccc3ncnn32)CC1)[C@H](N)C(=O)N1CCC(F)(F)C1
1987799,CHEMBL237783,IC50,=,260.0,nM,6.58,CHEMBL284,Dipeptidyl peptidase 4,CN(C)C(=O)[C@@H]([C@H]1CC[C@@H](c2cccc3ncnn32)CC1)[C@H](N)C(=O)N1CCC(F)(F)C1
1987800,CHEMBL400841,IC50,=,2.3,nM,8.64,CHEMBL284,Dipeptidyl peptidase 4,CN(C)C(=O)[C@@H]([C@H]1CC[C@H](c2cccc3ncnn32)CC1)[C@H](N)C(=O)N1CC[C@H](F)C1
1987801,CHEMBL237566,IC50,=,310.0,nM,6.51,CHEMBL284,Dipeptidyl peptidase 4,CN(C)C(=O)[C@@H]([C@H]1CC[C@@H](c2cccc3ncnn32)CC1)[C@H](N)C(=O)N1CC[C@H](F)C1
1987810,CHEMBL237997,IC50,=,23.0,nM,7.64,CHEMBL284,Dipeptidyl peptidase 4,CN(C)C(=O)[C@@H]([C@H]1CC[C@H](c2cccc3ncnn32)CC1)[C@H](N)C(=O)N1CCC(F)(F)C1
1987811,CHEMBL237783,IC50,=,670.0,nM,6.17,CHEMBL284,Dipeptidyl peptidase 4,CN(C)C(=O)[C@@H]([C@H]1CC[C@@H](c2cccc3ncnn32)CC1)[C@H](N)C(=O)N1CCC(F)(F)C1
1987812,CHEMBL400841,IC50,=,26.0,nM,7.58,CHEMBL284,Dipeptidyl peptidase 4,CN(C)C(=O)[C@@H]([C@H]1CC[C@H](c2cccc3ncnn32)CC1)[C@H](N)C(=O)N1CC[C@H](F)C1
1987813,CHEMBL237566,IC50,=,820.0,nM,6.09,CHEMBL284,Dipeptidyl peptidase 4,CN(C)C(=O)[C@@H]([C@H]1CC[C@@H](c2cccc3ncnn32)CC1)[C@H](N)C(=O)N1CC[C@H](F)C1
1987818,CHEMBL235199,IC50,=,38.0,nM,7.42,CHEMBL284,Dipeptidyl peptidase 4,CN(C)C(=O)[C@@H]([C@H]1CC[C@H](C2CCc3ncnn3C2)CC1)[C@H](N)C(=O)N1CCC(F)(F)C1
1987819,CHEMBL235198,IC50,=,220.0,nM,6.66,CHEMBL284,Dipeptidyl peptidase 4,CN(C)C(=O)[C@@H]([C@H]1CC[C@@H](C2CCc3ncnn3C2)CC1)[C@H](N)C(=O)N1CCC(F)(F)C1
1987820,CHEMBL437557,IC50,=,4.8,nM,8.32,CHEMBL284,Dipeptidyl peptidase 4,CN(C)C(=O)[C@@H]([C@H]1CC[C@H](c2ccc3ncnn3c2)CC1)[C@H](N)C(=O)N1CCC(F)(F)C1
1987821,CHEMBL238191,IC50,=,32.0,nM,7.50,CHEMBL284,Dipeptidyl peptidase 4,CN(C)C(=O)[C@@H]([C@H]1CC[C@@H](c2ccc3ncnn3c2)CC1)[C@H](N)C(=O)N1CCC(F)(F)C1
1987822,CHEMBL238190,IC50,=,11.0,nM,7.96,CHEMBL284,Dipeptidyl peptidase 4,CN(C)C(=O)[C@@H]([C@H]1CC[C@H](c2ccc(F)cc2)CC1)[C@H](N)C(=O)N1CCC(F)(F)C1
1987823,CHEMBL237972,IC50,=,150.0,nM,6.82,CHEMBL284,Dipeptidyl peptidase 4,CN(C)C(=O)[C@@H]([C@H]1CC[C@@H](c2ccc(F)cc2)CC1)[C@H](N)C(=O)N1CCC(F)(F)C1
1987824,CHEMBL235223,IC50,=,260.0,nM,6.58,CHEMBL284,Dipeptidyl peptidase 4,COc1cc([C@H]2CC[C@H]([C@H](C(=O)N(C)C)[C@H](N)C(=O)N3CCC(F)(F)C3)CC2)nc(OC)n1
1987825,CHEMBL235004,IC50,=,100.0,nM,7.00,CHEMBL284,Dipeptidyl peptidase 4,COc1cc([C@H]2CC[C@@H]([C@H](C(=O)N(C)C)[C@H](N)C(=O)N3CCC(F)(F)C3)CC2)nc(OC)n1
1987842,CHEMBL235199,IC50,=,120.0,nM,6.92,CHEMBL284,Dipeptidyl peptidase 4,CN(C)C(=O)[C@@H]([C@H]1CC[C@H](C2CCc3ncnn3C2)CC1)[C@H](N)C(=O)N1CCC(F)(F)C1
1987843,CHEMBL235198,IC50,=,450.0,nM,6.35,CHEMBL284,Dipeptidyl peptidase 4,CN(C)C(=O)[C@@H]([C@H]1CC[C@@H](C2CCc3ncnn3C2)CC1)[C@H](N)C(=O)N1CCC(F)(F)C1
1987844,CHEMBL437557,IC50,=,130.0,nM,6.89,CHEMBL284,Dipeptidyl peptidase 4,CN(C)C(=O)[C@@H]([C@H]1CC[C@H](c2ccc3ncnn3c2)CC1)[C@H](N)C(=O)N1CCC(F)(F)C1
1987845,CHEMBL238191,IC50,=,130.0,nM,6.89,CHEMBL284,Dipeptidyl peptidase 4,CN(C)C(=O)[C@@H]([C@H]1CC[C@@H](c2ccc3ncnn3c2)CC1)[C@H](N)C(=O)N1CCC(F)(F)C1
1987846,CHEMBL238190,IC50,=,290.0,nM,6.54,CHEMBL284,Dipeptidyl peptidase 4,CN(C)C(=O)[C@@H]([C@H]1CC[C@H](c2ccc(F)cc2)CC1)[C@H](N)C(=O)N1CCC(F)(F)C1
1987847,CHEMBL237972,IC50,=,1500.0,nM,5.82,CHEMBL284,Dipeptidyl peptidase 4,CN(C)C(=O)[C@@H]([C@H]1CC[C@@H](c2ccc(F)cc2)CC1)[C@H](N)C(=O)N1CCC(F)(F)C1
1987848,CHEMBL235223,IC50,=,1900.0,nM,5.72,CHEMBL284,Dipeptidyl peptidase 4,COc1cc([C@H]2CC[C@H]([C@H](C(=O)N(C)C)[C@H](N)C(=O)N3CCC(F)(F)C3)CC2)nc(OC)n1
1987849,CHEMBL235004,IC50,=,2700.0,nM,5.57,CHEMBL284,Dipeptidyl peptidase 4,COc1cc([C@H]2CC[C@@H]([C@H](C(=O)N(C)C)[C@H](N)C(=O)N3CCC(F)(F)C3)CC2)nc(OC)n1
1997822,CHEMBL385517,Ki,=,0.6,nM,9.22,CHEMBL284,Dipeptidyl peptidase 4,N#C[C@@H]1C[C@@H]2C[C@@H]2N1C(=O)[C@@H](N)C12CC3CC(CC(O)(C3)C1)C2
1997823,CHEMBL391212,Ki,=,3081.0,nM,5.51,CHEMBL284,Dipeptidyl peptidase 4,O=C(CNC12CC3CC(CC(O)(C3)C1)C2)N1CC[C@@H]2C[C@@H]21
1997824,CHEMBL236481,Ki,=,607.0,nM,6.22,CHEMBL284,Dipeptidyl peptidase 4,CC12CC3(C)CC(O)(C1)CC([C@H](N)C(=O)N1CCCCC1)(C2)C3
1997825,CHEMBL391211,Ki,=,2.9,nM,8.54,CHEMBL284,Dipeptidyl peptidase 4,CC12CC3(C)CC(O)(C1)CC([C@H](N)C(=O)N1CC[C@@H]4C[C@@H]41)(C2)C3
1997826,CHEMBL236480,Ki,=,270.0,nM,6.57,CHEMBL284,Dipeptidyl peptidase 4,N[C@H](C(=O)N1CC2CC2C1)C12CC3CC(O)(CC(O)(C3)C1)C2
1997827,CHEMBL399411,Ki,=,1420.0,nM,5.85,CHEMBL284,Dipeptidyl peptidase 4,N[C@H](C(=O)N1Cc2ccccc2C1)C12CC3CC(CC(O)(C3)C1)C2
1997828,CHEMBL236479,Ki,=,28.0,nM,7.55,CHEMBL284,Dipeptidyl peptidase 4,N[C@H](C(=O)N1CCSC1)C12CC3CC(CC(O)(C3)C1)C2
1997829,CHEMBL236266,Ki,=,3311.0,nM,5.48,CHEMBL284,Dipeptidyl peptidase 4,N[C@H](C(=O)N1CCC=N1)C12CC3CC(CC(O)(C3)C1)C2
1997830,CHEMBL236057,Ki,=,49.0,nM,7.31,CHEMBL284,Dipeptidyl peptidase 4,N[C@H](C(=O)N1CCCC1)C12CC3CC(CC(O)(C3)C1)C2
1997831,CHEMBL238235,Ki,=,1944.0,nM,5.71,CHEMBL284,Dipeptidyl peptidase 4,N[C@H](C(=O)N1CC[C@@H]2C[C@H]21)C12CC3CC(CC(O)(C3)C1)C2
1997832,CHEMBL238026,Ki,=,14.0,nM,7.85,CHEMBL284,Dipeptidyl peptidase 4,N[C@H](C(=O)N1CC[C@@H]2C[C@@H]21)C12CC3CC(O)(CC(O)(C3)C1)C2
1997833,CHEMBL238024,Ki,=,10.0,nM,8.00,CHEMBL284,Dipeptidyl peptidase 4,N[C@H](C(=O)N1CC[C@@H]2C[C@@H]21)C12CC3CC(CC(O)(C3)C1)C2
1997834,CHEMBL238232,Ki,=,152.0,nM,6.82,CHEMBL284,Dipeptidyl peptidase 4,CC1(C)CC([C@H](N)C(=O)N2CC[C@@H]3C[C@@H]32)CC(C)(C)C1
1997835,CHEMBL391186,Ki,=,112.0,nM,6.95,CHEMBL284,Dipeptidyl peptidase 4,CC(C)C(C(C)C)[C@H](N)C(=O)N1CC[C@@H]2C[C@@H]21
1997836,CHEMBL238226,Ki,=,356.0,nM,6.45,CHEMBL284,Dipeptidyl peptidase 4,CC(C)(C)[C@H](N)C(=O)N1CC[C@@H]2C[C@@H]21
1997837,CHEMBL238225,Ki,=,731.0,nM,6.14,CHEMBL284,Dipeptidyl peptidase 4,CC[C@@H](C)[C@H](N)C(=O)N1CC[C@@H]2C[C@@H]21
1997838,CHEMBL238014,Ki,=,530.0,nM,6.28,CHEMBL284,Dipeptidyl peptidase 4,CC[C@H](C)[C@H](N)C(=O)N1CC[C@@H]2C[C@@H]21
1997839,CHEMBL238013,Ki,=,1065.0,nM,5.97,CHEMBL284,Dipeptidyl peptidase 4,CC(C)[C@H](N)C(=O)N1CC[C@@H]2C[C@@H]21
1997840,CHEMBL395184,Ki,=,1010.0,nM,6.00,CHEMBL284,Dipeptidyl peptidase 4,CC(C)(C)C[C@H](N)C(=O)N1CC[C@@H]2C[C@@H]21
1997841,CHEMBL236310,Ki,=,3257.0,nM,5.49,CHEMBL284,Dipeptidyl peptidase 4,CCCC[C@H](N)C(=O)N1CC[C@@H]2C[C@@H]21
1997842,CHEMBL235225,Ki,=,3007.0,nM,5.52,CHEMBL284,Dipeptidyl peptidase 4,N[C@@H](Cc1ccc(O)cc1)C(=O)N1CC[C@@H]2C[C@@H]21
1997843,CHEMBL238221,Ki,=,877.0,nM,6.06,CHEMBL284,Dipeptidyl peptidase 4,N[C@@H](Cc1ccc(Cl)cc1)C(=O)N1CC[C@@H]2C[C@@H]21
1997844,CHEMBL235868,Ki,=,3653.0,nM,5.44,CHEMBL284,Dipeptidyl peptidase 4,N[C@@H](Cc1ccccc1)C(=O)N1CC[C@@H]2C[C@@H]21
1997845,CHEMBL235218,Ki,>,10000.0,nM,,CHEMBL284,Dipeptidyl peptidase 4,N[C@H](C(=O)N1CC[C@@H]2C[C@@H]21)c1ccccc1
1997846,CHEMBL400230,Ki,>,10000.0,nM,,CHEMBL284,Dipeptidyl peptidase 4,N[C@H](C(=O)N1CCc2ccccc21)C12CC3CC(CC(O)(C3)C1)C2
1997847,CHEMBL412376,Ki,>,10000.0,nM,,CHEMBL284,Dipeptidyl peptidase 4,CC1CCCN1C(=O)[C@@H](N)C12CC3CC(CC(O)(C3)C1)C2
1997848,CHEMBL237090,Ki,>,10000.0,nM,,CHEMBL284,Dipeptidyl peptidase 4,CC(C)(C)[C@H](N)C(=O)N1CCCN1
1997849,CHEMBL395185,Ki,>,10000.0,nM,,CHEMBL284,Dipeptidyl peptidase 4,CC(C)(C)[C@H](N)C(=O)N1CC[C@@H]2C[C@H]21
1997850,CHEMBL442704,Ki,>,10000.0,nM,,CHEMBL284,Dipeptidyl peptidase 4,CC(C)C[C@H](N)C(=O)N1CC[C@@H]2C[C@@H]21
1997851,CHEMBL236101,Ki,>,10000.0,nM,,CHEMBL284,Dipeptidyl peptidase 4,C[C@@H](O)[C@H](N)C(=O)N1CC[C@@H]2C[C@@H]21
1997852,CHEMBL397052,Ki,>,10000.0,nM,,CHEMBL284,Dipeptidyl peptidase 4,N[C@@H](CCO)C(=O)N1CC[C@@H]2C[C@@H]21
1997853,CHEMBL236100,Ki,>,10000.0,nM,,CHEMBL284,Dipeptidyl peptidase 4,CC(C)(C)OC[C@H](N)C(=O)N1CC[C@@H]2C[C@@H]21
1997854,CHEMBL392468,Ki,>,10000.0,nM,,CHEMBL284,Dipeptidyl peptidase 4,COC[C@H](N)C(=O)N1CC[C@@H]2C[C@@H]21
1997855,CHEMBL392467,Ki,>,10000.0,nM,,CHEMBL284,Dipeptidyl peptidase 4,N[C@@H](CO)C(=O)N1CC[C@@H]2C[C@@H]21
1997856,CHEMBL236098,Ki,>,10000.0,nM,,CHEMBL284,Dipeptidyl peptidase 4,NCCC[C@H](N)C(=O)N1CC[C@@H]2C[C@@H]21
1997857,CHEMBL236097,Ki,>,10000.0,nM,,CHEMBL284,Dipeptidyl peptidase 4,CC(=O)NCCCC[C@H](N)C(=O)N1CC[C@@H]2C[C@@H]21
1997858,CHEMBL235885,Ki,>,10000.0,nM,,CHEMBL284,Dipeptidyl peptidase 4,NC(=O)C[C@H](N)C(=O)N1CC[C@@H]2C[C@@H]21
1997859,CHEMBL393575,Ki,>,10000.0,nM,,CHEMBL284,Dipeptidyl peptidase 4,N[C@@H](Cc1c[nH]c2ccccc12)C(=O)N1CC[C@@H]2C[C@@H]21
1997860,CHEMBL395908,Ki,>,10000.0,nM,,CHEMBL284,Dipeptidyl peptidase 4,N[C@@H](Cc1cnc[nH]1)C(=O)N1CC[C@@H]2C[C@@H]21
2001133,CHEMBL397070,IC50,=,90000.0,nM,4.05,CHEMBL284,Dipeptidyl peptidase 4,CC[C@@H](C)[C@H](N)C(=O)N1Cc2ccccc2C1
2001158,CHEMBL238050,IC50,>,250000.0,nM,,CHEMBL284,Dipeptidyl peptidase 4,CC[C@@H](C)[C@H](N)C(=O)N1Cc2ccccc2C1P(=O)(Oc1ccc(NC(C)=O)cc1)Oc1ccc(NC(C)=O)cc1
2001159,CHEMBL437965,IC50,>,1000000.0,nM,,CHEMBL284,Dipeptidyl peptidase 4,CC[C@H](C)[C@H](N)C(=O)N1Cc2ccccc2C1P(=O)(Oc1ccc(NC(C)=O)cc1)Oc1ccc(NC(C)=O)cc1
2001160,CHEMBL392163,IC50,>,250000.0,nM,,CHEMBL284,Dipeptidyl peptidase 4,CC(=O)Nc1ccc(OP(=O)(Oc2ccc(NC(C)=O)cc2)C2c3ccccc3CN2C(=O)[C@H](CCCCN)NC(=O)OCc2ccccc2)cc1
2001161,CHEMBL440982,IC50,>,500000.0,nM,,CHEMBL284,Dipeptidyl peptidase 4,CC(=O)Nc1ccc(OP(=O)(Oc2ccc(NC(C)=O)cc2)C2c3ccccc3CN2C(=O)[C@@H](N)CCCCN)cc1
2001162,CHEMBL237860,IC50,>,1000000.0,nM,,CHEMBL284,Dipeptidyl peptidase 4,CC[C@@H](C)[C@H](N)C(=O)N1Cc2ccccc2C1P(=O)(Oc1ccccc1)Oc1ccccc1
2001163,CHEMBL399402,IC50,>,250000.0,nM,,CHEMBL284,Dipeptidyl peptidase 4,CC[C@H](C)[C@H](N)C(=O)N1Cc2ccccc2C1P(=O)(Oc1ccccc1)Oc1ccccc1
2001164,CHEMBL392162,IC50,>,50000.0,nM,,CHEMBL284,Dipeptidyl peptidase 4,NCCCC[C@H](NC(=O)OCc1ccccc1)C(=O)N1Cc2ccccc2[C@H]1P(=O)(Oc1ccccc1)Oc1ccccc1
2001165,CHEMBL398373,IC50,>,500000.0,nM,,CHEMBL284,Dipeptidyl peptidase 4,NCCCC[C@H](N)C(=O)N1Cc2ccccc2C1P(=O)(Oc1ccccc1)Oc1ccccc1
2001166,CHEMBL238114,IC50,=,4200.0,nM,5.38,CHEMBL284,Dipeptidyl peptidase 4,CC(=O)Nc1ccc(OP(=O)(Oc2ccc(NC(C)=O)cc2)C2CCCN2C(=O)[C@H](CCCCN)NC(=O)OCc2ccccc2)cc1
2001167,CHEMBL236781,IC50,=,8000.0,nM,5.10,CHEMBL284,Dipeptidyl peptidase 4,CC(=O)Nc1ccc(OP(=O)(Oc2ccc(NC(C)=O)cc2)C2CCCN2C(=O)[C@@H](N)CCCCN)cc1
2001168,CHEMBL427850,IC50,>,125000.0,nM,,CHEMBL284,Dipeptidyl peptidase 4,CC[C@H](C)[C@H](N)C(=O)N1CCCC1P(=O)(Oc1ccccc1)Oc1ccccc1
2001169,CHEMBL392139,IC50,=,261000.0,nM,,CHEMBL284,Dipeptidyl peptidase 4,NCC[C@H](N)C(=O)N1CCCC1P(=O)(Oc1ccccc1)Oc1ccccc1
2001170,CHEMBL236602,IC50,=,326000.0,nM,,CHEMBL284,Dipeptidyl peptidase 4,N[C@@H](Cc1cnc[nH]1)C(=O)N1CCCC1P(=O)(Oc1ccccc1)Oc1ccccc1
2001171,CHEMBL439205,IC50,=,4800.0,nM,5.32,CHEMBL284,Dipeptidyl peptidase 4,NCCCC[C@H](NC(=O)OCc1ccccc1)C(=O)N1CCCC1P(=O)(Oc1ccccc1)Oc1ccccc1
2001172,CHEMBL391721,IC50,=,117000.0,nM,,CHEMBL284,Dipeptidyl peptidase 4,NCCCC[C@H](N)C(=O)N1CCCC1P(=O)(Oc1ccccc1)Oc1ccccc1
2001173,CHEMBL237673,IC50,=,503000.0,nM,,CHEMBL284,Dipeptidyl peptidase 4,N[C@@H](CO)C(=O)N1CCCC1P(=O)(Oc1ccccc1)Oc1ccccc1
2001174,CHEMBL391720,IC50,>,1000000.0,nM,,CHEMBL284,Dipeptidyl peptidase 4,N[C@@H](CC(=O)O)C(=O)N1CCCC1P(=O)(Oc1ccccc1)Oc1ccccc1
2001175,CHEMBL237658,IC50,=,142000.0,nM,,CHEMBL284,Dipeptidyl peptidase 4,N[C@@H](Cc1ccccc1)C(=O)N1CCCC1P(=O)(Oc1ccccc1)Oc1ccccc1
2001176,CHEMBL236586,IC50,=,89000.0,nM,4.05,CHEMBL284,Dipeptidyl peptidase 4,CC(C)[C@H](N)C(=O)N1CCCC1P(=O)(Oc1ccccc1)Oc1ccccc1
2001177,CHEMBL399189,IC50,=,16000.0,nM,4.80,CHEMBL284,Dipeptidyl peptidase 4,NCC(=O)N1CCCC1P(=O)(Oc1ccccc1)Oc1ccccc1
2001178,CHEMBL235766,IC50,=,14.0,nM,7.85,CHEMBL284,Dipeptidyl peptidase 4,CCOC(=O)CNC(=O)c1ccc(OP(=O)(Oc2ccc(C(=O)NCC(=O)OCC)cc2)C2CCCN2C(=O)C2CCCN2)cc1
2001179,CHEMBL439382,IC50,=,5600.0,nM,5.25,CHEMBL284,Dipeptidyl peptidase 4,CC(=O)Nc1ccc(OP(=O)(Oc2ccc(NC(C)=O)cc2)C2CCCN2C(=O)C2CCCN2)cc1
2001180,CHEMBL1182947,IC50,=,55000.0,nM,4.26,CHEMBL284,Dipeptidyl peptidase 4,O=C([C@@H]1CCCN1)N1CCCC1P(=O)(Oc1ccccc1)Oc1ccccc1
2008909,CHEMBL237500,IC50,=,1.0,nM,9.00,CHEMBL284,Dipeptidyl peptidase 4,CC#CCn1c(N2CCC[C@@H](N)C2)nc2c1c(=O)n(Cc1nc(C)c3ccccc3n1)c(=O)n2C
2008910,CHEMBL235133,IC50,=,3900.0,nM,5.41,CHEMBL284,Dipeptidyl peptidase 4,Cn1c(=O)[nH]c(=O)c2c1nc(N1CCNCC1)n2Cc1ccccc1
2008911,CHEMBL237499,IC50,=,3.0,nM,8.52,CHEMBL284,Dipeptidyl peptidase 4,CC#CCn1c(N2CCC[C@@H](N)C2)nc2c1c(=O)n(Cc1nc(C)cc3ccccc13)c(=O)n2C
2008912,CHEMBL237289,IC50,=,1.0,nM,9.00,CHEMBL284,Dipeptidyl peptidase 4,CC#CCn1c(N2CCC[C@@H](N)C2)nc2c1c(=O)n(CC(=O)c1ccccc1OCC(=O)NC)c(=O)n2C
2008913,CHEMBL391307,IC50,=,8.0,nM,8.10,CHEMBL284,Dipeptidyl peptidase 4,CC#CCn1c(N2CCC[C@@H](N)C2)nc2c1c(=O)n(Cc1ccc(OC)cc1)c(=O)n2C
2008914,CHEMBL237288,IC50,=,9.0,nM,8.05,CHEMBL284,Dipeptidyl peptidase 4,CC#CCn1c(N2CCC[C@H](N)C2)nc2c1c(=O)n(CC(=O)c1ccccc1)c(=O)n2C
2008915,CHEMBL237287,IC50,=,4.0,nM,8.40,CHEMBL284,Dipeptidyl peptidase 4,CC#CCn1c(N2CCC[C@@H](N)C2)nc2c1c(=O)n(CC(=O)c1ccccc1)c(=O)n2C
2008916,CHEMBL391089,IC50,=,2.0,nM,8.70,CHEMBL284,Dipeptidyl peptidase 4,CC(C)=CCn1c(N2CCC[C@H](N)C2)nc2c1c(=O)n(Cc1nccc3ccccc13)c(=O)n2C
2008917,CHEMBL429450,IC50,=,4.0,nM,8.40,CHEMBL284,Dipeptidyl peptidase 4,CC(C)=CCn1c(N2CCC[C@@H](N)C2)nc2c1c(=O)n(Cc1nccc3ccccc13)c(=O)n2C
2008918,CHEMBL237067,IC50,=,3.0,nM,8.52,CHEMBL284,Dipeptidyl peptidase 4,CC(C)=CCn1c(N2CCC[C@H](N)C2)nc2c1c(=O)n(CC(=O)c1ccccc1)c(=O)n2C
2008919,CHEMBL237488,IC50,=,6.0,nM,8.22,CHEMBL284,Dipeptidyl peptidase 4,CC(C)=CCn1c(N2CCC[C@@H](N)C2)nc2c1c(=O)n(CC(=O)c1ccccc1)c(=O)n2C
2008920,CHEMBL365000,IC50,=,5.0,nM,8.30,CHEMBL284,Dipeptidyl peptidase 4,CC(C)=CCn1c(N2CCCC(N)C2)nc2c1c(=O)n(CC(=O)c1ccccc1)c(=O)n2C
2008921,CHEMBL237281,IC50,=,56.0,nM,7.25,CHEMBL284,Dipeptidyl peptidase 4,CC(C)=CCn1c(N2CCCC(N)C2)nc2c1c(=O)n(CCc1ccccc1)c(=O)n2C
2008922,CHEMBL391634,IC50,=,284.0,nM,6.55,CHEMBL284,Dipeptidyl peptidase 4,CC(C)=CCn1c(N2CCCC(N)C2)nc2c1c(=O)n(Cc1ccccc1)c(=O)n2C
2008923,CHEMBL237280,IC50,=,88.0,nM,7.06,CHEMBL284,Dipeptidyl peptidase 4,CC#CCn1c(N2CCCC(N)C2)nc2c1c(=O)n(C)c(=O)n2C
2008924,CHEMBL237279,IC50,=,35.0,nM,7.46,CHEMBL284,Dipeptidyl peptidase 4,CC(C)=CCn1c(N2CCCC(N)C2)nc2c1c(=O)n(C)c(=O)n2C
2008925,CHEMBL399216,IC50,=,82.0,nM,7.09,CHEMBL284,Dipeptidyl peptidase 4,Cn1c(=O)c2c(nc(N3CCCC(N)C3)n2Cc2ccccc2)n(C)c1=O
2008926,CHEMBL235792,IC50,=,200.0,nM,6.70,CHEMBL284,Dipeptidyl peptidase 4,CC#CCn1c(N2CCNCC2)nc2c1c(=O)n(C)c(=O)n2C
2008927,CHEMBL235352,IC50,=,580.0,nM,6.24,CHEMBL284,Dipeptidyl peptidase 4,CC(C)=CCn1c(N2CCNCC2)nc2c1c(=O)n(C)c(=O)n2C
2008928,CHEMBL235134,IC50,=,2800.0,nM,5.55,CHEMBL284,Dipeptidyl peptidase 4,Cn1c(=O)c2c(nc(N3CCNCC3)n2Cc2ccccc2)n(C)c1=O
2012711,CHEMBL397057,IC50,>,33000.0,nM,,CHEMBL284,Dipeptidyl peptidase 4,NCC[C@H](N)C(=O)N1CC[C@H]2CCC[C@H]21
2012717,CHEMBL398076,IC50,>,33000.0,nM,,CHEMBL284,Dipeptidyl peptidase 4,CCCC[C@H](NC(=O)[C@@H](N)CCN)B(O)O
2012718,CHEMBL67279,IC50,=,0.1,nM,10.00,CHEMBL284,Dipeptidyl peptidase 4,CC(C)[C@H](N)C(=O)N1CCC[C@H]1B(O)O
2021768,CHEMBL395208,Ki,=,3400.0,nM,5.47,CHEMBL284,Dipeptidyl peptidase 4,NC1CN(Cc2ccccc2)CC1c1ccc(Cl)cc1Cl
2021769,CHEMBL246529,Ki,=,9.0,nM,8.05,CHEMBL284,Dipeptidyl peptidase 4,CS(=O)(=O)c1cc(F)cc(-c2cc(N3CC(N)C(c4cc(F)c(F)cc4F)C3)ncn2)c1
2021770,CHEMBL245781,Ki,=,7.0,nM,8.15,CHEMBL284,Dipeptidyl peptidase 4,CN(C)C(=O)c1cccc(-c2cc(N3CC(N)C(c4cc(F)c(F)cc4F)C3)ncn2)c1
2021771,CHEMBL245780,Ki,=,85.0,nM,7.07,CHEMBL284,Dipeptidyl peptidase 4,NC1CN(c2cc(-c3ccc(C(=O)O)cc3)ncn2)CC1c1cc(F)c(F)cc1F
2021772,CHEMBL245585,Ki,=,1.8,nM,8.74,CHEMBL284,Dipeptidyl peptidase 4,NC1CN(c2cc(-c3cccc(C(=O)O)c3)ncn2)CC1c1cc(F)c(F)cc1F
2021773,CHEMBL536086,Ki,=,6.0,nM,8.22,CHEMBL284,Dipeptidyl peptidase 4,Cl.NC1CN(c2cc(-c3ccsc3)ncn2)CC1c1cc(F)c(F)cc1F
2021774,CHEMBL246782,Ki,=,20.0,nM,7.70,CHEMBL284,Dipeptidyl peptidase 4,NC1CN(c2cc(-c3ccccc3)ncn2)CC1c1cc(F)c(F)cc1F
2021775,CHEMBL395426,Ki,=,17.0,nM,7.77,CHEMBL284,Dipeptidyl peptidase 4,NC1CN(c2cc(-c3ccsc3)ncn2)CC1c1cc(F)c(F)cc1F
2021776,CHEMBL246574,Ki,=,35.0,nM,7.46,CHEMBL284,Dipeptidyl peptidase 4,NC1CN(c2cc(-c3ccsc3)ncn2)CC1c1cc(F)c(F)cc1Cl
2021777,CHEMBL247182,Ki,=,34.0,nM,7.47,CHEMBL284,Dipeptidyl peptidase 4,NC1CN(c2cc(-c3ccsc3)ncn2)CC1c1ccc(F)cc1Cl
2021778,CHEMBL392432,Ki,=,15.0,nM,7.82,CHEMBL284,Dipeptidyl peptidase 4,NC1CN(c2cc(-c3ccsc3)ncn2)CC1c1ccc(Cl)cc1Cl
2021779,CHEMBL246981,Ki,=,200.0,nM,6.70,CHEMBL284,Dipeptidyl peptidase 4,NC1CN(c2ccnc(-c3ccsc3)n2)CC1c1ccc(Cl)cc1Cl
2021780,CHEMBL246980,Ki,=,76.0,nM,7.12,CHEMBL284,Dipeptidyl peptidase 4,NC1CN(c2nccc(-c3ccsc3)n2)CC1c1ccc(Cl)cc1Cl
2021781,CHEMBL392431,Ki,=,140.0,nM,6.85,CHEMBL284,Dipeptidyl peptidase 4,NC1CN(c2nccc(-c3ccccc3)n2)CC1c1ccc(Cl)cc1Cl
2021782,CHEMBL245356,Ki,=,430.0,nM,6.37,CHEMBL284,Dipeptidyl peptidase 4,COc1ccc(-c2cnc(N3CC(N)C(c4ccc(Cl)cc4Cl)C3)nc2)cc1
2021783,CHEMBL245355,Ki,=,210.0,nM,6.68,CHEMBL284,Dipeptidyl peptidase 4,NC1CN(c2ncccn2)CC1c1ccc(Cl)cc1Cl
2021784,CHEMBL245354,Ki,=,790.0,nM,6.10,CHEMBL284,Dipeptidyl peptidase 4,NC1CN(c2ccccn2)CC1c1ccc(Cl)cc1Cl
2021785,CHEMBL396300,Ki,=,2800.0,nM,5.55,CHEMBL284,Dipeptidyl peptidase 4,NC1CN(c2ccccc2)CC1c1ccc(Cl)cc1Cl
2021786,CHEMBL247775,Ki,=,240.0,nM,6.62,CHEMBL284,Dipeptidyl peptidase 4,Cc1cccc(COC(=O)N2CC(N)C(c3ccc(Cl)cc3Cl)C2)n1
2021787,CHEMBL247774,Ki,=,490.0,nM,6.31,CHEMBL284,Dipeptidyl peptidase 4,CCOC(=O)N1CC(N)C(c2ccc(Cl)cc2Cl)C1
2021788,CHEMBL245748,Ki,=,220.0,nM,6.66,CHEMBL284,Dipeptidyl peptidase 4,COc1cccc(CN(C)C(=O)N2CC(N)C(c3ccc(Cl)cc3Cl)C2)c1
2021789,CHEMBL395688,Ki,=,610.0,nM,6.21,CHEMBL284,Dipeptidyl peptidase 4,CCN(C)C(=O)N1CC(N)C(c2ccc(Cl)cc2Cl)C1
2021790,CHEMBL245747,Ki,=,190.0,nM,6.72,CHEMBL284,Dipeptidyl peptidase 4,NC1CN(C(=O)NCc2cccc(F)c2)CC1c1ccc(Cl)cc1Cl
2021791,CHEMBL395687,Ki,=,280.0,nM,6.55,CHEMBL284,Dipeptidyl peptidase 4,CCNC(=O)N1CC(N)C(c2ccc(Cl)cc2Cl)C1
2021792,CHEMBL245552,Ki,=,13000.0,nM,4.89,CHEMBL284,Dipeptidyl peptidase 4,Cc1ccc(S(=O)(=O)N2CC(N)C(c3ccc(Cl)cc3Cl)C2)cc1
2021793,CHEMBL395686,Ki,=,2700.0,nM,5.57,CHEMBL284,Dipeptidyl peptidase 4,CC(=O)N1CC(N)C(c2ccc(Cl)cc2Cl)C1
2021794,CHEMBL246530,Ki,=,2.1,nM,8.68,CHEMBL284,Dipeptidyl peptidase 4,CS(=O)(=O)c1cccc(-c2ncnc(N3CC(N)C(c4cc(F)c(F)cc4F)C3)n2)c1
2021795,CHEMBL428223,Ki,=,3.4,nM,8.47,CHEMBL284,Dipeptidyl peptidase 4,CS(=O)(=O)c1cccc(-c2cc(N3CC(N)C(c4cc(F)c(F)cc4F)C3)ncn2)c1
2021796,CHEMBL246322,Ki,=,3.2,nM,8.49,CHEMBL284,Dipeptidyl peptidase 4,NC1CN(c2cc(-c3cccc(S(=O)(=O)N4CCOCC4)c3)ncn2)CC1c1cc(F)c(F)cc1F
2021797,CHEMBL246782,Ki,,,,,CHEMBL284,Dipeptidyl peptidase 4,NC1CN(c2cc(-c3ccccc3)ncn2)CC1c1cc(F)c(F)cc1F
2021798,CHEMBL246529,Ki,,,,,CHEMBL284,Dipeptidyl peptidase 4,CS(=O)(=O)c1cc(F)cc(-c2cc(N3CC(N)C(c4cc(F)c(F)cc4F)C3)ncn2)c1
2021799,CHEMBL245781,Ki,,,,,CHEMBL284,Dipeptidyl peptidase 4,CN(C)C(=O)c1cccc(-c2cc(N3CC(N)C(c4cc(F)c(F)cc4F)C3)ncn2)c1
2021800,CHEMBL245780,Ki,,,,,CHEMBL284,Dipeptidyl peptidase 4,NC1CN(c2cc(-c3ccc(C(=O)O)cc3)ncn2)CC1c1cc(F)c(F)cc1F
2021801,CHEMBL536086,Ki,,,,,CHEMBL284,Dipeptidyl peptidase 4,Cl.NC1CN(c2cc(-c3ccsc3)ncn2)CC1c1cc(F)c(F)cc1F
2021802,CHEMBL245585,Ki,=,1.0,nM,9.00,CHEMBL284,Dipeptidyl peptidase 4,NC1CN(c2cc(-c3cccc(C(=O)O)c3)ncn2)CC1c1cc(F)c(F)cc1F
2021803,CHEMBL246530,Ki,=,1.3,nM,8.89,CHEMBL284,Dipeptidyl peptidase 4,CS(=O)(=O)c1cccc(-c2ncnc(N3CC(N)C(c4cc(F)c(F)cc4F)C3)n2)c1
2021804,CHEMBL428223,Ki,=,3.5,nM,8.46,CHEMBL284,Dipeptidyl peptidase 4,CS(=O)(=O)c1cccc(-c2cc(N3CC(N)C(c4cc(F)c(F)cc4F)C3)ncn2)c1
2021805,CHEMBL246322,Ki,=,1.7,nM,8.77,CHEMBL284,Dipeptidyl peptidase 4,NC1CN(c2cc(-c3cccc(S(=O)(=O)N4CCOCC4)c3)ncn2)CC1c1cc(F)c(F)cc1F
2023280,CHEMBL224435,IC50,=,538.0,nM,6.27,CHEMBL284,Dipeptidyl peptidase 4,O=C([C@@H]1CCCN1)N1CCSC1
2023282,CHEMBL241464,IC50,=,1.2,nM,8.92,CHEMBL284,Dipeptidyl peptidase 4,N#Cc1cccnc1N1CCN([C@@H]2CN[C@H](C(=O)N3CCSC3)C2)CC1
2023283,CHEMBL241253,IC50,=,1.0,nM,9.00,CHEMBL284,Dipeptidyl peptidase 4,N#Cc1ccc(N2CCN([C@@H]3CN[C@H](C(=O)N4CCSC4)C3)CC2)nc1
2023284,CHEMBL241252,IC50,=,1.5,nM,8.82,CHEMBL284,Dipeptidyl peptidase 4,O=C([C@@H]1C[C@H](N2CCN(c3ccc(C(F)(F)F)cn3)CC2)CN1)N1CCSC1
2023285,CHEMBL399610,IC50,=,0.92,nM,9.04,CHEMBL284,Dipeptidyl peptidase 4,O=C([C@@H]1C[C@H](N2CCN(c3ccc([N+](=O)[O-])cn3)CC2)CN1)N1CCSC1
2023286,CHEMBL399405,IC50,=,1.6,nM,8.80,CHEMBL284,Dipeptidyl peptidase 4,N#Cc1ccnc(N2CCN([C@@H]3CN[C@H](C(=O)N4CCSC4)C3)CC2)c1
2023287,CHEMBL239565,IC50,=,2.5,nM,8.60,CHEMBL284,Dipeptidyl peptidase 4,O=C([C@@H]1C[C@H](N2CCN(c3ccc(Cl)cn3)CC2)CN1)N1CCSC1
2023288,CHEMBL239564,IC50,=,3.1,nM,8.51,CHEMBL284,Dipeptidyl peptidase 4,O=C([C@@H]1C[C@H](N2CCN(c3ccncc3)CC2)CN1)N1CCSC1
2023289,CHEMBL395854,IC50,=,2.7,nM,8.57,CHEMBL284,Dipeptidyl peptidase 4,O=C([C@@H]1C[C@H](N2CCN(c3ccccn3)CC2)CN1)N1CCSC1
2023290,CHEMBL239356,IC50,=,2.4,nM,8.62,CHEMBL284,Dipeptidyl peptidase 4,O=C([C@@H]1C[C@H](N2CCCN(c3ccc([N+](=O)[O-])cc3)CC2)CN1)N1CCSC1
2023291,CHEMBL238516,IC50,=,2.3,nM,8.64,CHEMBL284,Dipeptidyl peptidase 4,O=C([C@@H]1C[C@H](N2CCC(c3ccc([N+](=O)[O-])cc3)CC2)CN1)N1CCSC1
2023292,CHEMBL395606,IC50,=,5.6,nM,8.25,CHEMBL284,Dipeptidyl peptidase 4,O=C([C@@H]1C[C@H](N2CCC(c3ccccc3)CC2)CN1)N1CCSC1
2023293,CHEMBL238515,IC50,=,1.3,nM,8.89,CHEMBL284,Dipeptidyl peptidase 4,N#Cc1ccc(N2CCN([C@@H]3CN[C@H](C(=O)N4CCSC4)C3)CC2)cc1C#N
2023294,CHEMBL241246,IC50,=,3.0,nM,8.52,CHEMBL284,Dipeptidyl peptidase 4,O=C([C@@H]1C[C@H](N2CCN(c3ccc(Cl)c(Cl)c3)CC2)CN1)N1CCSC1
2023295,CHEMBL241245,IC50,=,6.8,nM,8.17,CHEMBL284,Dipeptidyl peptidase 4,O=C([C@@H]1C[C@H](N2CCN(c3ccc(C(F)(F)F)cc3)CC2)CN1)N1CCSC1
2023296,CHEMBL391578,IC50,=,4.3,nM,8.37,CHEMBL284,Dipeptidyl peptidase 4,N#Cc1ccc(N2CCN([C@@H]3CN[C@H](C(=O)N4CCSC4)C3)CC2)cc1
2023297,CHEMBL391466,IC50,=,1.6,nM,8.80,CHEMBL284,Dipeptidyl peptidase 4,O=C([C@@H]1C[C@H](N2CCN(c3ccc([N+](=O)[O-])cc3)CC2)CN1)N1CCSC1
2023298,CHEMBL239984,IC50,=,8.2,nM,8.09,CHEMBL284,Dipeptidyl peptidase 4,O=C([C@@H]1C[C@H](N2CCN(c3ccc(Br)cc3)CC2)CN1)N1CCSC1
2023299,CHEMBL239983,IC50,=,10.8,nM,7.97,CHEMBL284,Dipeptidyl peptidase 4,O=C([C@@H]1C[C@H](N2CCN(c3ccccc3Cl)CC2)CN1)N1CCSC1
2023300,CHEMBL391577,IC50,=,4.1,nM,8.39,CHEMBL284,Dipeptidyl peptidase 4,O=C([C@@H]1C[C@H](N2CCN(c3cccc(Cl)c3)CC2)CN1)N1CCSC1
2023301,CHEMBL238507,IC50,=,8.7,nM,8.06,CHEMBL284,Dipeptidyl peptidase 4,O=C([C@@H]1C[C@H](N2CCN(c3ccc(Cl)cc3)CC2)CN1)N1CCSC1
2023302,CHEMBL397893,IC50,=,12.2,nM,7.91,CHEMBL284,Dipeptidyl peptidase 4,O=C([C@@H]1C[C@H](N2CCN(c3ccc(F)cc3)CC2)CN1)N1CCSC1
2023303,CHEMBL238506,IC50,=,13.5,nM,7.87,CHEMBL284,Dipeptidyl peptidase 4,COc1ccc(N2CCN([C@@H]3CN[C@H](C(=O)N4CCSC4)C3)CC2)cc1
2023304,CHEMBL240602,IC50,=,21.0,nM,7.68,CHEMBL284,Dipeptidyl peptidase 4,O=C([C@@H]1C[C@H](N2CCN(C(c3ccccc3)c3ccccc3)CC2)CN1)N1CCSC1
2023305,CHEMBL391433,IC50,=,30.5,nM,7.52,CHEMBL284,Dipeptidyl peptidase 4,O=C([C@@H]1C[C@H](N2CCN(Cc3ccccc3)CC2)CN1)N1CCSC1
2023306,CHEMBL240601,IC50,=,10.9,nM,7.96,CHEMBL284,Dipeptidyl peptidase 4,O=C([C@@H]1C[C@H](N2CCN(c3ccccc3)CC2)CN1)N1CCSC1
2023307,CHEMBL391332,IC50,=,57.5,nM,7.24,CHEMBL284,Dipeptidyl peptidase 4,CN1CCN([C@@H]2CN[C@H](C(=O)N3CCSC3)C2)CC1
2023308,CHEMBL241674,IC50,=,13.9,nM,7.86,CHEMBL284,Dipeptidyl peptidase 4,O=C([C@@H]1C[C@H](N2CCOCC2)CN1)N1CCSC1
2023309,CHEMBL391331,IC50,=,47.6,nM,7.32,CHEMBL284,Dipeptidyl peptidase 4,O=C([C@@H]1C[C@H](N2CCCCC2)CN1)N1CCSC1
2023310,CHEMBL241673,IC50,=,127.0,nM,6.90,CHEMBL284,Dipeptidyl peptidase 4,O=C([C@@H]1C[C@H](N2CCCC2)CN1)N1CCSC1
2024359,CHEMBL534959,IC50,=,3850.0,nM,5.42,CHEMBL284,Dipeptidyl peptidase 4,Cl.N[C@@H](CC(=O)N1CCCN1)Cc1cc(F)c(F)cc1F
2024360,CHEMBL539611,IC50,=,70.0,nM,7.16,CHEMBL284,Dipeptidyl peptidase 4,Cl.N[C@@H](CC(=O)N1CCCCCN1C(=O)c1ccccc1)Cc1cc(F)c(F)cc1F
2024361,CHEMBL535180,IC50,=,50.0,nM,7.30,CHEMBL284,Dipeptidyl peptidase 4,Cl.N[C@@H](CC(=O)N1CCCCN1C(=O)c1ccccc1)Cc1cc(F)c(F)cc1F
2024362,CHEMBL539610,IC50,=,350.0,nM,6.46,CHEMBL284,Dipeptidyl peptidase 4,Cl.N[C@@H](CC(=O)N1CCCN1C(=O)c1ccccc1)Cc1cc(F)c(F)cc1F
2024363,CHEMBL534960,IC50,=,500.0,nM,6.30,CHEMBL284,Dipeptidyl peptidase 4,Cc1ccc(S(=O)(=O)N2CCCN2C(=O)C[C@H](N)Cc2cc(F)c(F)cc2F)cc1.Cl
2024364,CHEMBL557776,IC50,=,990.0,nM,6.00,CHEMBL284,Dipeptidyl peptidase 4,Cl.N[C@@H](CC(=O)N1CCCN1C(=O)Nc1ccccc1)Cc1cc(F)c(F)cc1F
2024365,CHEMBL393336,IC50,=,50.0,nM,7.30,CHEMBL284,Dipeptidyl peptidase 4,N[C@@H](CC(=O)N1CCn2c(nnc2C(F)(F)F)C1)Cc1cc(F)c(F)cc1F.O=P(O)(O)O
2026032,CHEMBL191067,IC50,=,12.0,nM,7.92,CHEMBL284,Dipeptidyl peptidase 4,CN(C)C(=O)[C@@H](c1ccc(-c2ccc(F)cc2)cc1)[C@H](N)C(=O)N1CC[C@H](F)C1.O=C(O)C(F)(F)F
2026068,CHEMBL392825,IC50,=,21.0,nM,7.68,CHEMBL284,Dipeptidyl peptidase 4,C[C@@H](C1CCC(N(C)C(=O)C2CC2)CC1)[C@H](N)C(=O)N1CC[C@H](F)C1.Cl
2026069,CHEMBL245545,IC50,=,16.0,nM,7.80,CHEMBL284,Dipeptidyl peptidase 4,CC(=O)N(C)C1CCC([C@H](C)[C@H](N)C(=O)N2CC[C@H](F)C2)CC1.Cl
2026070,CHEMBL428747,IC50,=,29.0,nM,7.54,CHEMBL284,Dipeptidyl peptidase 4,CC(=O)N(C)C1CCC([C@H](C(=O)N(C)C)[C@H](N)C(=O)N2CC[C@H](F)C2)CC1.Cl
2026071,CHEMBL395696,IC50,=,27.0,nM,7.57,CHEMBL284,Dipeptidyl peptidase 4,COc1ccc(C(=O)N(C)C2CCC([C@H](C)[C@H](N)C(=O)N3CC[C@H](F)C3)CC2)cc1.Cl
2026072,CHEMBL245380,IC50,=,74.0,nM,7.13,CHEMBL284,Dipeptidyl peptidase 4,COc1ccc(C(=O)NC2CCC([C@H](C)[C@H](N)C(=O)N3CC[C@H](F)C3)CC2)cc1.Cl
2026073,CHEMBL245379,IC50,=,22.0,nM,7.66,CHEMBL284,Dipeptidyl peptidase 4,C[C@@H](C1CCC(N(C)C(=O)c2cccc(F)c2)CC1)[C@H](N)C(=O)N1CC[C@H](F)C1.Cl
2026074,CHEMBL246374,IC50,=,24.0,nM,7.62,CHEMBL284,Dipeptidyl peptidase 4,CN(C)C(=O)[C@@H](C1CCC(N(C)C(=O)c2cccc(F)c2)CC1)[C@H](N)C(=O)N1CC[C@H](F)C1.Cl
2026075,CHEMBL246373,IC50,=,440.0,nM,6.36,CHEMBL284,Dipeptidyl peptidase 4,C[C@@H](C1CCC(NS(=O)(=O)c2ccc(OC(F)(F)F)cc2)CC1)[C@H](N)C(=O)N1CC[C@H](F)C1.Cl
2026076,CHEMBL397854,IC50,=,360.0,nM,6.44,CHEMBL284,Dipeptidyl peptidase 4,CN(C)C(=O)[C@@H](C1CCC(NS(=O)(=O)c2ccc(OC(F)(F)F)cc2)CC1)[C@H](N)C(=O)N1CC[C@H](F)C1.Cl
2026077,CHEMBL246372,IC50,=,460.0,nM,6.34,CHEMBL284,Dipeptidyl peptidase 4,C[C@@H](C1CCC(NS(=O)(=O)c2ccc(F)cc2F)CC1)[C@H](N)C(=O)N1CC[C@H](F)C1.Cl
2026078,CHEMBL246170,IC50,=,330.0,nM,6.48,CHEMBL284,Dipeptidyl peptidase 4,CN(C)C(=O)[C@@H](C1CCC(NS(=O)(=O)c2ccc(F)cc2F)CC1)[C@H](N)C(=O)N1CC[C@H](F)C1.Cl
2026079,CHEMBL395213,IC50,=,48.0,nM,7.32,CHEMBL284,Dipeptidyl peptidase 4,Cl.N[C@H](C(=O)N1CC[C@H](F)C1)C1CCC(NS(=O)(=O)c2ccc(F)cc2F)CC1
2026080,CHEMBL246169,IC50,=,210.0,nM,6.68,CHEMBL284,Dipeptidyl peptidase 4,CC(=O)N(C)c1ccc([C@H](C)[C@H](N)C(=O)N2CC[C@H](F)C2)cc1.O=C(O)C(F)(F)F
2026081,CHEMBL246168,IC50,=,150.0,nM,6.82,CHEMBL284,Dipeptidyl peptidase 4,CC(=O)N(C)c1ccc([C@H](C(=O)N(C)C)[C@H](N)C(=O)N2CC[C@H](F)C2)cc1.O=C(O)C(F)(F)F
2026082,CHEMBL245971,IC50,=,600.0,nM,6.22,CHEMBL284,Dipeptidyl peptidase 4,CC(=O)Nc1ccc([C@H](C)[C@H](N)C(=O)N2CC[C@H](F)C2)cc1.O=C(O)C(F)(F)F
2026083,CHEMBL245970,IC50,=,160.0,nM,6.80,CHEMBL284,Dipeptidyl peptidase 4,CC(=O)Nc1ccc([C@H](C(=O)N(C)C)[C@H](N)C(=O)N2CC[C@H](F)C2)cc1.O=C(O)C(F)(F)F
2026084,CHEMBL437379,IC50,=,300.0,nM,6.52,CHEMBL284,Dipeptidyl peptidase 4,C[C@@H](c1ccc(N(C)C(=O)c2ccc(F)cc2)cc1)[C@H](N)C(=O)N1CC[C@H](F)C1.O=C(O)C(F)(F)F
2026085,CHEMBL245969,IC50,=,28.0,nM,7.55,CHEMBL284,Dipeptidyl peptidase 4,CN(C)C(=O)[C@@H](c1ccc(N(C)C(=O)c2ccc(F)cc2)cc1)[C@H](N)C(=O)N1CC[C@H](F)C1.O=C(O)C(F)(F)F
2026086,CHEMBL396168,IC50,=,25.0,nM,7.60,CHEMBL284,Dipeptidyl peptidase 4,Cc1ccc(C(=O)N(C)c2ccc([C@H](C(=O)N(C)C)[C@H](N)C(=O)N3CC[C@H](F)C3)cc2)cc1.O=C(O)C(F)(F)F
2026087,CHEMBL429653,IC50,=,430.0,nM,6.37,CHEMBL284,Dipeptidyl peptidase 4,Cc1ccc(S(=O)(=O)N(C)c2ccc([C@H](C(=O)N(C)C)[C@H](N)C(=O)N3CC[C@H](F)C3)cc2)cc1.O=C(O)C(F)(F)F
2026088,CHEMBL245772,IC50,=,870.0,nM,6.06,CHEMBL284,Dipeptidyl peptidase 4,CN(C)C(=O)[C@@H](c1ccc(NS(=O)(=O)c2ccccc2)cc1)[C@H](N)C(=O)N1CC[C@H](F)C1.O=C(O)C(F)(F)F
2026089,CHEMBL377221,IC50,=,4.0,nM,8.40,CHEMBL284,Dipeptidyl peptidase 4,CN(C)C(=O)[C@@H](c1ccc(-c2ccc3ncnn3c2)cc1)[C@H](N)C(=O)N1CC[C@H](F)C1.O=C(O)C(F)(F)F
2026090,CHEMBL189881,IC50,=,64.0,nM,7.19,CHEMBL284,Dipeptidyl peptidase 4,C[C@@H](c1ccc(-c2ccc(F)cc2)cc1)[C@H](N)C(=O)N1CC[C@H](F)C1.O=C(O)C(F)(F)F
2026116,CHEMBL191067,IC50,=,390.0,nM,6.41,CHEMBL284,Dipeptidyl peptidase 4,CN(C)C(=O)[C@@H](c1ccc(-c2ccc(F)cc2)cc1)[C@H](N)C(=O)N1CC[C@H](F)C1.O=C(O)C(F)(F)F
2026121,CHEMBL392825,IC50,=,47.0,nM,7.33,CHEMBL284,Dipeptidyl peptidase 4,C[C@@H](C1CCC(N(C)C(=O)C2CC2)CC1)[C@H](N)C(=O)N1CC[C@H](F)C1.Cl
2026122,CHEMBL245545,IC50,=,40.0,nM,7.40,CHEMBL284,Dipeptidyl peptidase 4,CC(=O)N(C)C1CCC([C@H](C)[C@H](N)C(=O)N2CC[C@H](F)C2)CC1.Cl
2026123,CHEMBL428747,IC50,=,190.0,nM,6.72,CHEMBL284,Dipeptidyl peptidase 4,CC(=O)N(C)C1CCC([C@H](C(=O)N(C)C)[C@H](N)C(=O)N2CC[C@H](F)C2)CC1.Cl
2026124,CHEMBL245379,IC50,=,92.0,nM,7.04,CHEMBL284,Dipeptidyl peptidase 4,C[C@@H](C1CCC(N(C)C(=O)c2cccc(F)c2)CC1)[C@H](N)C(=O)N1CC[C@H](F)C1.Cl
2026125,CHEMBL246374,IC50,=,200.0,nM,6.70,CHEMBL284,Dipeptidyl peptidase 4,CN(C)C(=O)[C@@H](C1CCC(N(C)C(=O)c2cccc(F)c2)CC1)[C@H](N)C(=O)N1CC[C@H](F)C1.Cl
2026126,CHEMBL245969,IC50,=,160.0,nM,6.80,CHEMBL284,Dipeptidyl peptidase 4,CN(C)C(=O)[C@@H](c1ccc(N(C)C(=O)c2ccc(F)cc2)cc1)[C@H](N)C(=O)N1CC[C@H](F)C1.O=C(O)C(F)(F)F
2026127,CHEMBL395696,IC50,=,97.0,nM,7.01,CHEMBL284,Dipeptidyl peptidase 4,COc1ccc(C(=O)N(C)C2CCC([C@H](C)[C@H](N)C(=O)N3CC[C@H](F)C3)CC2)cc1.Cl
2026128,CHEMBL245380,IC50,=,210.0,nM,6.68,CHEMBL284,Dipeptidyl peptidase 4,COc1ccc(C(=O)NC2CCC([C@H](C)[C@H](N)C(=O)N3CC[C@H](F)C3)CC2)cc1.Cl
2026129,CHEMBL246373,IC50,=,3470.0,nM,5.46,CHEMBL284,Dipeptidyl peptidase 4,C[C@@H](C1CCC(NS(=O)(=O)c2ccc(OC(F)(F)F)cc2)CC1)[C@H](N)C(=O)N1CC[C@H](F)C1.Cl
2026130,CHEMBL397854,IC50,=,1280.0,nM,5.89,CHEMBL284,Dipeptidyl peptidase 4,CN(C)C(=O)[C@@H](C1CCC(NS(=O)(=O)c2ccc(OC(F)(F)F)cc2)CC1)[C@H](N)C(=O)N1CC[C@H](F)C1.Cl
2026131,CHEMBL246372,IC50,=,1490.0,nM,5.83,CHEMBL284,Dipeptidyl peptidase 4,C[C@@H](C1CCC(NS(=O)(=O)c2ccc(F)cc2F)CC1)[C@H](N)C(=O)N1CC[C@H](F)C1.Cl
2026132,CHEMBL246170,IC50,=,510.0,nM,6.29,CHEMBL284,Dipeptidyl peptidase 4,CN(C)C(=O)[C@@H](C1CCC(NS(=O)(=O)c2ccc(F)cc2F)CC1)[C@H](N)C(=O)N1CC[C@H](F)C1.Cl
2030693,CHEMBL535180,IC50,=,501.19,nM,6.30,CHEMBL284,Dipeptidyl peptidase 4,Cl.N[C@@H](CC(=O)N1CCCCN1C(=O)c1ccccc1)Cc1cc(F)c(F)cc1F
2030696,CHEMBL539611,IC50,=,707.95,nM,6.15,CHEMBL284,Dipeptidyl peptidase 4,Cl.N[C@@H](CC(=O)N1CCCCCN1C(=O)c1ccccc1)Cc1cc(F)c(F)cc1F
2045002,CHEMBL399499,IC50,=,59.0,nM,7.23,CHEMBL284,Dipeptidyl peptidase 4,N[C@@H](CC(=O)N1CCn2nc(C(F)(F)F)nc2C1)Cc1cc(F)c(F)cc1F
2045006,CHEMBL400068,IC50,=,2.0,nM,8.70,CHEMBL284,Dipeptidyl peptidase 4,N[C@@H](CC(=O)N1CCn2nc(C(F)(F)F)nc2[C@H]1Cn1cncn1)Cc1cc(F)c(F)cc1F
2045007,CHEMBL250353,IC50,=,5.0,nM,8.30,CHEMBL284,Dipeptidyl peptidase 4,N[C@@H](CC(=O)N1CCn2nc(C(F)(F)F)nc2C1Cn1cncn1)Cc1cc(F)c(F)cc1F
2045008,CHEMBL250351,IC50,=,4.0,nM,8.40,CHEMBL284,Dipeptidyl peptidase 4,N[C@@H](CC(=O)N1CCn2nc(C(F)(F)F)nc2C1Cn1cccn1)Cc1cc(F)c(F)cc1F
2045009,CHEMBL250147,IC50,=,2.0,nM,8.70,CHEMBL284,Dipeptidyl peptidase 4,N[C@@H](CC(=O)N1CCn2nc(C(F)(F)F)nc2C1Cn1ccnc1)Cc1cc(F)c(F)cc1F
2045010,CHEMBL249945,IC50,=,11.0,nM,7.96,CHEMBL284,Dipeptidyl peptidase 4,N[C@@H](CC(=O)N1CCn2nc(C(F)(F)F)nc2[C@@H]1C(F)C1CC1)Cc1cc(F)c(F)cc1F
2045011,CHEMBL249945,IC50,=,18.0,nM,7.75,CHEMBL284,Dipeptidyl peptidase 4,N[C@@H](CC(=O)N1CCn2nc(C(F)(F)F)nc2[C@@H]1C(F)C1CC1)Cc1cc(F)c(F)cc1F
2045012,CHEMBL404210,IC50,=,14.0,nM,7.85,CHEMBL284,Dipeptidyl peptidase 4,N[C@@H](CC(=O)N1CCn2nc(C(F)(F)F)nc2[C@@H]1C(O)C1CC1)Cc1cc(F)c(F)cc1F
2045013,CHEMBL400722,IC50,=,12.0,nM,7.92,CHEMBL284,Dipeptidyl peptidase 4,NC(CC(=O)N1CCn2nc(C(F)(F)F)nc2[C@@H]1C(O)C1CC1)Cc1cc(F)c(F)cc1F
2045014,CHEMBL400752,IC50,=,7.0,nM,8.15,CHEMBL284,Dipeptidyl peptidase 4,N[C@@H](CC(=O)N1CCn2nc(C(F)(F)F)nc2[C@H]1CC1CC1)Cc1cc(F)c(F)cc1F
2045015,CHEMBL250999,IC50,=,4.0,nM,8.40,CHEMBL284,Dipeptidyl peptidase 4,N[C@@H](CC(=O)N1CCn2nc(C(F)(F)F)nc2[C@H]1Cc1ccc(C(F)(F)F)cc1)Cc1cc(F)c(F)cc1F
2045016,CHEMBL401304,IC50,=,4.0,nM,8.40,CHEMBL284,Dipeptidyl peptidase 4,N[C@@H](CC(=O)N1CCn2nc(C(F)(F)F)nc2[C@H]1Cc1ccc(F)cc1)Cc1cc(F)c(F)cc1F
2045017,CHEMBL250787,IC50,=,25.0,nM,7.60,CHEMBL284,Dipeptidyl peptidase 4,C[C@@H]1c2nc(C(F)(F)F)nn2CCN1C(=O)C[C@H](N)Cc1cc(F)c(F)cc1F
2045018,CHEMBL251376,IC50,=,274.0,nM,6.56,CHEMBL284,Dipeptidyl peptidase 4,C[C@H]1c2nc(C(F)(F)F)nn2CCN1C(=O)C[C@H](N)Cc1cc(F)c(F)cc1F
2045019,CHEMBL401057,IC50,=,68.0,nM,7.17,CHEMBL284,Dipeptidyl peptidase 4,N[C@@H](CC(=O)N1CCn2nc(-c3ccccc3)nc2C1)Cc1cc(F)c(F)cc1F
2045020,CHEMBL248936,IC50,=,71.0,nM,7.15,CHEMBL284,Dipeptidyl peptidase 4,N[C@@H](CC(=O)N1CCn2nc(C3CC3)nc2C1)Cc1cc(F)c(F)cc1F
2045021,CHEMBL248743,IC50,=,100.0,nM,7.00,CHEMBL284,Dipeptidyl peptidase 4,N[C@@H](CC(=O)N1CCn2ncnc2C1)Cc1cc(F)c(F)cc1F
2045071,CHEMBL1422,IC50,=,18.0,nM,7.75,CHEMBL284,Dipeptidyl peptidase 4,N[C@@H](CC(=O)N1CCn2c(nnc2C(F)(F)F)C1)Cc1cc(F)c(F)cc1F
2047430,CHEMBL402496,IC50,=,140.0,nM,6.85,CHEMBL284,Dipeptidyl peptidase 4,N[C@@H](CC(=O)N1CCc2[nH]c(C(F)(F)F)nc2C1)Cc1cc(F)ccc1F
2047434,CHEMBL250285,IC50,=,5.8,nM,8.24,CHEMBL284,Dipeptidyl peptidase 4,Cn1c(C(F)(F)F)nc2c1CCN(C(=O)C[C@H](N)Cc1cc(F)c(F)cc1F)C2Cc1ccc(F)cc1
2047435,CHEMBL250285,IC50,=,780.0,nM,6.11,CHEMBL284,Dipeptidyl peptidase 4,Cn1c(C(F)(F)F)nc2c1CCN(C(=O)C[C@H](N)Cc1cc(F)c(F)cc1F)C2Cc1ccc(F)cc1
2047436,CHEMBL250284,IC50,=,8.4,nM,8.08,CHEMBL284,Dipeptidyl peptidase 4,Cn1c(C(F)(F)F)nc2c1CCN(C(=O)C[C@H](N)Cc1cc(F)c(F)cc1F)C2Cc1ccccc1
2047437,CHEMBL250284,IC50,=,570.0,nM,6.24,CHEMBL284,Dipeptidyl peptidase 4,Cn1c(C(F)(F)F)nc2c1CCN(C(=O)C[C@H](N)Cc1cc(F)c(F)cc1F)C2Cc1ccccc1
2047438,CHEMBL250283,IC50,=,370.0,nM,6.43,CHEMBL284,Dipeptidyl peptidase 4,CC1c2nc(C(C)(C)C)n(C)c2CCN1C(=O)C[C@H](N)Cc1cc(F)c(F)cc1F
2047439,CHEMBL250283,IC50,=,630.0,nM,6.20,CHEMBL284,Dipeptidyl peptidase 4,CC1c2nc(C(C)(C)C)n(C)c2CCN1C(=O)C[C@H](N)Cc1cc(F)c(F)cc1F
2047440,CHEMBL1204389,IC50,=,250.0,nM,6.60,CHEMBL284,Dipeptidyl peptidase 4,CC1c2nc(C3CC3)n(C)c2CCN1C(=O)C[C@H](N)Cc1cc(F)c(F)cc1F.Cl
2047441,CHEMBL400911,IC50,=,490.0,nM,6.31,CHEMBL284,Dipeptidyl peptidase 4,CC1c2nc(C3CC3)n(C)c2CCN1C(=O)C[C@H](N)Cc1cc(F)c(F)cc1F
2047442,CHEMBL248810,IC50,=,110.0,nM,6.96,CHEMBL284,Dipeptidyl peptidase 4,Cn1c(C(F)(F)F)nc2c1CCN(C(=O)C[C@H](N)Cc1cc(F)c(F)cc1F)C2C1CC1
2047443,CHEMBL248810,IC50,=,340.0,nM,6.47,CHEMBL284,Dipeptidyl peptidase 4,Cn1c(C(F)(F)F)nc2c1CCN(C(=O)C[C@H](N)Cc1cc(F)c(F)cc1F)C2C1CC1
2047444,CHEMBL400954,IC50,=,50.0,nM,7.30,CHEMBL284,Dipeptidyl peptidase 4,Cn1cnc2c1CCN(C(=O)C[C@H](N)Cc1cc(F)c(F)cc1F)C2C(F)(F)F
2047445,CHEMBL400954,IC50,=,380.0,nM,6.42,CHEMBL284,Dipeptidyl peptidase 4,Cn1cnc2c1CCN(C(=O)C[C@H](N)Cc1cc(F)c(F)cc1F)C2C(F)(F)F
2047446,CHEMBL248615,IC50,=,570.0,nM,6.24,CHEMBL284,Dipeptidyl peptidase 4,Cn1c(C(F)(F)F)nc2c1CCN(C(=O)C[C@H](N)Cc1cc(F)c(F)cc1F)C2(C)C
2047447,CHEMBL250204,IC50,=,60.0,nM,7.22,CHEMBL284,Dipeptidyl peptidase 4,CCC1c2nc(C(F)(F)F)n(C)c2CCN1C(=O)C[C@H](N)Cc1cc(F)c(F)cc1F
2047448,CHEMBL250204,IC50,=,610.0,nM,6.21,CHEMBL284,Dipeptidyl peptidase 4,CCC1c2nc(C(F)(F)F)n(C)c2CCN1C(=O)C[C@H](N)Cc1cc(F)c(F)cc1F
2047449,CHEMBL250202,IC50,=,45.0,nM,7.35,CHEMBL284,Dipeptidyl peptidase 4,CC1c2nc(C(F)(F)F)n(C)c2CCN1C(=O)C[C@H](N)Cc1cc(F)c(F)cc1F
2047450,CHEMBL250006,IC50,=,65.0,nM,7.19,CHEMBL284,Dipeptidyl peptidase 4,CC1c2nc(C(F)(F)F)n(C)c2CCN1C(=O)C[C@H](N)Cc1cc(F)ccc1F
2047451,CHEMBL250006,IC50,=,190.0,nM,6.72,CHEMBL284,Dipeptidyl peptidase 4,CC1c2nc(C(F)(F)F)n(C)c2CCN1C(=O)C[C@H](N)Cc1cc(F)ccc1F
2047452,CHEMBL398661,IC50,=,280.0,nM,6.55,CHEMBL284,Dipeptidyl peptidase 4,Cn1c(-c2ccc(F)cc2)nc2c1CCN(C(=O)C[C@H](N)Cc1cc(F)ccc1F)C2
2047453,CHEMBL248997,IC50,=,130.0,nM,6.89,CHEMBL284,Dipeptidyl peptidase 4,N[C@@H](CC(=O)N1CCc2[nH]c(-c3ccccc3)nc2C1)Cc1cc(F)ccc1F
2047454,CHEMBL400761,IC50,=,250.0,nM,6.60,CHEMBL284,Dipeptidyl peptidase 4,N[C@@H](CC(=O)N1CCc2nc(C(F)(F)F)n(Cc3ccc(F)cc3)c2C1)Cc1cc(F)ccc1F
2047455,CHEMBL248788,IC50,=,250.0,nM,6.60,CHEMBL284,Dipeptidyl peptidase 4,N[C@@H](CC(=O)N1CCc2c(nc(C(F)(F)F)n2Cc2ccc(F)cc2)C1)Cc1cc(F)ccc1F
2047456,CHEMBL429829,IC50,=,260.0,nM,6.58,CHEMBL284,Dipeptidyl peptidase 4,CC(C)Cn1c(C(F)(F)F)nc2c1CN(C(=O)C[C@H](N)Cc1cc(F)ccc1F)CC2
2047457,CHEMBL400278,IC50,=,220.0,nM,6.66,CHEMBL284,Dipeptidyl peptidase 4,CC(C)Cn1c(C(F)(F)F)nc2c1CCN(C(=O)C[C@H](N)Cc1cc(F)ccc1F)C2
2047458,CHEMBL398492,IC50,=,230.0,nM,6.64,CHEMBL284,Dipeptidyl peptidase 4,CCn1c(C(F)(F)F)nc2c1CN(C(=O)C[C@H](N)Cc1cc(F)ccc1F)CC2
2047459,CHEMBL251405,IC50,=,180.0,nM,6.75,CHEMBL284,Dipeptidyl peptidase 4,CCn1c(C(F)(F)F)nc2c1CCN(C(=O)C[C@H](N)Cc1cc(F)ccc1F)C2
2047460,CHEMBL251404,IC50,=,130.0,nM,6.89,CHEMBL284,Dipeptidyl peptidase 4,Cn1c(C(F)(F)F)nc2c1CN(C(=O)C[C@H](N)Cc1cc(F)ccc1F)CC2
2047461,CHEMBL251205,IC50,=,150.0,nM,6.82,CHEMBL284,Dipeptidyl peptidase 4,Cn1c(C(F)(F)F)nc2c1CCN(C(=O)C[C@H](N)Cc1cc(F)ccc1F)C2
2053413,CHEMBL249427,IC50,=,30.0,nM,7.52,CHEMBL284,Dipeptidyl peptidase 4,N[C@H]1CN(C(=O)c2ccc(-n3cnnn3)cc2)C[C@H]1C(=O)N1CCCC1
2053414,CHEMBL401269,IC50,=,86.0,nM,7.07,CHEMBL284,Dipeptidyl peptidase 4,N[C@H]1CN(C(=O)c2cc3cc(Cl)ccc3o2)C[C@H]1C(=O)N1CCCC1
2053416,CHEMBL401378,IC50,=,46.0,nM,7.34,CHEMBL284,Dipeptidyl peptidase 4,Cc1cc(CN2C[C@H](N)[C@H](C(=O)C3CCC[C@H]3C#N)C2)ccc1-n1cncn1
2053418,CHEMBL428936,IC50,=,65.0,nM,7.19,CHEMBL284,Dipeptidyl peptidase 4,N[C@H]1CN(C(=O)c2cnc3ccccc3n2)C(=O)[C@H]1C(=O)N1CCCC1
2053420,CHEMBL399348,IC50,>,3.0,nM,,CHEMBL284,Dipeptidyl peptidase 4,N[C@@H]1CN(C(=O)c2cnc3ccccc3n2)C(=O)[C@@H]1C(=O)N1CCCC1
2053423,CHEMBL250620,IC50,=,3.8,nM,8.42,CHEMBL284,Dipeptidyl peptidase 4,Cc1cc(-n2cncn2)ccc1CN1C[C@H](N)[C@H](C(=O)C2CCC[C@H]2C#N)C1
2053424,CHEMBL248838,IC50,=,79.0,nM,7.10,CHEMBL284,Dipeptidyl peptidase 4,N[C@H]1CN(C(=O)c2ccc3ccccc3c2)C[C@H]1C(=O)N1CCCC1
2053425,CHEMBL248837,IC50,=,62.0,nM,7.21,CHEMBL284,Dipeptidyl peptidase 4,N[C@H]1CN(C(=O)c2cc3ccccc3s2)C[C@H]1C(=O)N1CCCC1
2053426,CHEMBL249826,IC50,=,49.0,nM,7.31,CHEMBL284,Dipeptidyl peptidase 4,N[C@H]1CN(C(=O)c2cnc3ccccc3c2)C[C@H]1C(=O)N1CCCC1
2053427,CHEMBL249825,IC50,=,47.0,nM,7.33,CHEMBL284,Dipeptidyl peptidase 4,N[C@H]1CN(C(=O)c2cc3ccccc3cn2)C[C@H]1C(=O)N1CCCC1
2053428,CHEMBL399247,IC50,=,42.0,nM,7.38,CHEMBL284,Dipeptidyl peptidase 4,N[C@H]1CN(C(=O)c2ccc3ncsc3c2)C[C@H]1C(=O)N1CCCC1
2053429,CHEMBL401268,IC50,=,40.0,nM,7.40,CHEMBL284,Dipeptidyl peptidase 4,N[C@H]1CN(C(=O)c2ccc(-n3cncn3)cc2)C[C@H]1C(=O)N1CCCC1
2053430,CHEMBL249620,IC50,=,38.0,nM,7.42,CHEMBL284,Dipeptidyl peptidase 4,N[C@H]1CN(C(=O)c2ccc3ncccc3c2)C[C@H]1C(=O)N1CCCC1
2053455,CHEMBL250611,IC50,=,91.0,nM,7.04,CHEMBL284,Dipeptidyl peptidase 4,N[C@H]1CN(Cc2ccc(-c3csnn3)cc2)C[C@H]1C(=O)N1CCCC1
2053456,CHEMBL399693,IC50,=,83.0,nM,7.08,CHEMBL284,Dipeptidyl peptidase 4,CC(c1ccc([N+](=O)[O-])cc1)N1C[C@H](N)[C@H](C(=O)N2CCCC2)C1
2053457,CHEMBL250400,IC50,=,81.0,nM,7.09,CHEMBL284,Dipeptidyl peptidase 4,N#Cc1ccc(CN2C[C@H](N)[C@H](C(=O)N3CCCC3)C2)cc1
2053458,CHEMBL428937,IC50,=,80.0,nM,7.10,CHEMBL284,Dipeptidyl peptidase 4,N[C@H]1CN(Cc2ccc(F)c(F)c2)C[C@H]1C(=O)N1CCCC1
2053459,CHEMBL250399,IC50,=,78.0,nM,7.11,CHEMBL284,Dipeptidyl peptidase 4,N#Cc1cc(CN2C[C@H](N)[C@H](C(=O)N3CCCC3)C2)ccc1F
2053460,CHEMBL249174,IC50,=,69.0,nM,7.16,CHEMBL284,Dipeptidyl peptidase 4,N[C@H]1CN(Cc2ccc(-n3cncn3)cc2)C[C@H]1C(=O)N1CCCC1
2053461,CHEMBL250393,IC50,=,50.0,nM,7.30,CHEMBL284,Dipeptidyl peptidase 4,N[C@H]1CN(Cc2ccc(-n3cnnn3)cc2)C[C@H]1C(=O)N1CCCC1
2053462,CHEMBL250852,IC50,=,27.0,nM,7.57,CHEMBL284,Dipeptidyl peptidase 4,N[C@H]1CN(Cc2cnc3ccccc3c2)C[C@H]1C(=O)N1CCCC1
2053471,CHEMBL248795,IC50,=,6.2,nM,8.21,CHEMBL284,Dipeptidyl peptidase 4,N#C[C@@H]1CCCN1C(=O)[C@@H]1CN(Cc2cnc3ccccc3c2)C[C@@H]1N
2053472,CHEMBL400338,IC50,=,5.4,nM,8.27,CHEMBL284,Dipeptidyl peptidase 4,N#C[C@@H]1CCCN1C(=O)[C@@H]1CN(Cc2ccc(-n3nccn3)cc2)C[C@@H]1N
2053473,CHEMBL248794,IC50,=,5.3,nM,8.28,CHEMBL284,Dipeptidyl peptidase 4,Cc1ncn(-c2ccc(CN3C[C@H](N)[C@H](C(=O)N4CCC[C@H]4C#N)C3)cc2)n1
2053474,CHEMBL438520,IC50,=,3.6,nM,8.44,CHEMBL284,Dipeptidyl peptidase 4,N#Cc1cc(CN2C[C@H](N)[C@H](C(=O)N3CCC[C@H]3C#N)C2)ccc1F
2053475,CHEMBL248793,IC50,=,3.3,nM,8.48,CHEMBL284,Dipeptidyl peptidase 4,Cn1nccc1-c1ccc(CN2C[C@H](N)[C@H](C(=O)N3CCC[C@H]3C#N)C2)cc1
2053476,CHEMBL399525,IC50,=,3.2,nM,8.49,CHEMBL284,Dipeptidyl peptidase 4,N#C[C@@H]1CCCN1C(=O)[C@@H]1CN(Cc2ccc(-n3cncn3)cc2)C[C@@H]1N
2053477,CHEMBL248599,IC50,=,2.4,nM,8.62,CHEMBL284,Dipeptidyl peptidase 4,N#Cc1ccc(CN2C[C@H](N)[C@H](C(=O)N3CCC[C@H]3C#N)C2)cc1
2053492,CHEMBL249407,IC50,=,10.0,nM,8.00,CHEMBL284,Dipeptidyl peptidase 4,N#C[C@@H]1CCCN1C(=O)[C@@H]1CN(Cc2ccc(-c3csnn3)cc2)C[C@@H]1N
2053493,CHEMBL249406,IC50,=,10.0,nM,8.00,CHEMBL284,Dipeptidyl peptidase 4,Cn1cc(-c2ccc(CN3C[C@H](N)[C@H](C(=O)N4CCC[C@H]4C#N)C3)cc2)cn1
2053494,CHEMBL399726,IC50,=,8.5,nM,8.07,CHEMBL284,Dipeptidyl peptidase 4,Cc1nnc(-c2ccc(CN3C[C@H](N)[C@H](C(=O)N4CCC[C@H]4C#N)C3)cc2)o1
2053495,CHEMBL249203,IC50,=,6.7,nM,8.17,CHEMBL284,Dipeptidyl peptidase 4,N#C[C@@H]1CCCN1C(=O)[C@@H]1CN(Cc2ccc(-c3ccn[nH]3)cc2)C[C@@H]1N
2053504,CHEMBL249602,IC50,=,5.3,nM,8.28,CHEMBL284,Dipeptidyl peptidase 4,Cc1nnc(-c2ccc(CN3C[C@H](N)[C@H](C(=O)C4[C@H](C#N)CC[C@@H]4F)C3)cc2)o1
2053505,CHEMBL249601,IC50,=,5.5,nM,8.26,CHEMBL284,Dipeptidyl peptidase 4,CC(c1ccc(C#N)cc1)N1C[C@H](N)[C@H](C(=O)N2CCC[C@H]2C#N)C1
2053506,CHEMBL400533,IC50,=,3.5,nM,8.46,CHEMBL284,Dipeptidyl peptidase 4,N#C[C@@H]1CCCC1C(=O)[C@@H]1CN(C2CCOc3ccccc32)C[C@@H]1N
2053507,CHEMBL249408,IC50,=,3.4,nM,8.47,CHEMBL284,Dipeptidyl peptidase 4,N#Cc1ccc2c(c1)CCC2N1C[C@H](N)[C@H](C(=O)C2CCC[C@H]2C#N)C1
2053508,CHEMBL400532,IC50,=,3.0,nM,8.52,CHEMBL284,Dipeptidyl peptidase 4,CC(c1ccc(-n2cncn2)cc1)N1C[C@H](N)[C@H](C(=O)C2CCC[C@H]2C#N)C1
2053519,CHEMBL429482,IC50,=,4.7,nM,8.33,CHEMBL284,Dipeptidyl peptidase 4,CCc1cc(CN2C[C@H](N)[C@H](C(=O)C3CCC[C@H]3C#N)C2)cc(CC)c1C#N
2053520,CHEMBL399791,IC50,=,1.1,nM,8.96,CHEMBL284,Dipeptidyl peptidase 4,Cc1cc(CN2C[C@H](N)[C@H](C(=O)C3CCC[C@H]3C#N)C2)cc(C)c1C#N
2053521,CHEMBL429115,IC50,=,1.3,nM,8.89,CHEMBL284,Dipeptidyl peptidase 4,Cc1cc(CN2C[C@H](N)[C@H](C(=O)C3CCC[C@H]3C#N)C2)ccc1C#N
2060331,CHEMBL254229,IC50,>,36900.0,nM,,CHEMBL284,Dipeptidyl peptidase 4,COc1ccc(C(CCc2ccc(O)cc2OC)c2c(OC)cc(/C=C/c3ccc(O)cc3)cc2OC)cc1
2060339,CHEMBL251977,IC50,>,36900.0,nM,,CHEMBL284,Dipeptidyl peptidase 4,COc1cc(O)c(C(CCc2ccc(O)cc2OC)c2ccc(O)cc2)cc1CCC(=O)c1ccc(O)cc1
2060340,CHEMBL254649,IC50,>,36900.0,nM,,CHEMBL284,Dipeptidyl peptidase 4,COc1ccc(C(CCc2ccc(O)cc2OC)c2cc(CCC(=O)c3ccc(O)cc3)c(OC)cc2O)cc1
2060341,CHEMBL254648,IC50,>,36900.0,nM,,CHEMBL284,Dipeptidyl peptidase 4,COc1cc(OC)c(C(CCc2ccc(O)cc2OC)c2ccc(O)cc2)cc1CCC(=O)c1ccc(O)cc1
2060342,CHEMBL254647,IC50,>,39100.0,nM,,CHEMBL284,Dipeptidyl peptidase 4,COc1cc(O)ccc1CCC(c1ccc(O)cc1)c1cc2c(c(C)c1O)O[C@@H](c1ccc(O)cc1)CC2
2060343,CHEMBL254440,IC50,>,41300.0,nM,,CHEMBL284,Dipeptidyl peptidase 4,COc1cc(O)ccc1CCC(c1ccc(O)cc1)c1c(O)cc(O)cc1/C=C/c1ccc(O)cc1
2060344,CHEMBL254439,IC50,>,40200.0,nM,,CHEMBL284,Dipeptidyl peptidase 4,COc1cc(O)ccc1CCC(c1ccc(O)cc1)c1c(/C=C/c2ccc(O)cc2)cc(O)cc1OC
2060345,CHEMBL399481,IC50,>,39100.0,nM,,CHEMBL284,Dipeptidyl peptidase 4,COc1ccc(C(CCc2ccc(O)cc2OC)c2c(O)cc(OC)cc2/C=C/c2ccc(O)cc2)cc1
2068764,CHEMBL557176,IC50,=,0.4,nM,9.40,CHEMBL284,Dipeptidyl peptidase 4,Cl.N[C@@H](CC(=O)N1CCn2c(nnc2C(F)(F)F)C1Cc1ccccn1)Cc1cc(F)c(F)cc1F
2068788,CHEMBL557176,IC50,=,132.0,nM,6.88,CHEMBL284,Dipeptidyl peptidase 4,Cl.N[C@@H](CC(=O)N1CCn2c(nnc2C(F)(F)F)C1Cc1ccccn1)Cc1cc(F)c(F)cc1F
2068789,CHEMBL536312,IC50,=,6.3,nM,8.20,CHEMBL284,Dipeptidyl peptidase 4,Cl.N[C@@H](CC(=O)N1CCn2c(nnc2C(F)(F)F)C1Cc1cc(C(F)(F)F)cc(C(F)(F)F)c1)Cc1cc(F)c(F)cc1F
2068790,CHEMBL536312,IC50,=,587.0,nM,6.23,CHEMBL284,Dipeptidyl peptidase 4,Cl.N[C@@H](CC(=O)N1CCn2c(nnc2C(F)(F)F)C1Cc1cc(C(F)(F)F)cc(C(F)(F)F)c1)Cc1cc(F)c(F)cc1F
2068791,CHEMBL536536,IC50,=,0.5,nM,9.30,CHEMBL284,Dipeptidyl peptidase 4,Cl.N[C@@H](CC(=O)N1CCn2c(nnc2C(F)(F)F)C1C(O)c1ccc(F)cc1)Cc1cc(F)c(F)cc1F
2068792,CHEMBL536536,IC50,=,90.0,nM,7.05,CHEMBL284,Dipeptidyl peptidase 4,Cl.N[C@@H](CC(=O)N1CCn2c(nnc2C(F)(F)F)C1C(O)c1ccc(F)cc1)Cc1cc(F)c(F)cc1F
2068793,CHEMBL536536,IC50,=,0.32,nM,9.49,CHEMBL284,Dipeptidyl peptidase 4,Cl.N[C@@H](CC(=O)N1CCn2c(nnc2C(F)(F)F)C1C(O)c1ccc(F)cc1)Cc1cc(F)c(F)cc1F
2068794,CHEMBL536536,IC50,=,430.0,nM,6.37,CHEMBL284,Dipeptidyl peptidase 4,Cl.N[C@@H](CC(=O)N1CCn2c(nnc2C(F)(F)F)C1C(O)c1ccc(F)cc1)Cc1cc(F)c(F)cc1F
2068795,CHEMBL1203953,IC50,=,0.18,nM,9.74,CHEMBL284,Dipeptidyl peptidase 4,Cl.N[C@@H](CC(=O)N1CCn2c(nnc2C(F)(F)F)[C@H]1Cc1ccc(F)cc1)Cc1cc(F)c(F)cc1F
2068796,CHEMBL559371,IC50,=,116.0,nM,6.94,CHEMBL284,Dipeptidyl peptidase 4,Cl.N[C@@H](CC(=O)N1CCn2c(nnc2C(F)(F)F)[C@@H]1Cc1ccc(F)cc1)Cc1cc(F)c(F)cc1F
2068797,CHEMBL540888,IC50,=,0.46,nM,9.34,CHEMBL284,Dipeptidyl peptidase 4,Cl.N[C@@H](CC(=O)N1CCn2c(nnc2C(F)(F)F)C1Cc1ccccc1F)Cc1cc(F)c(F)cc1F
2068798,CHEMBL540888,IC50,=,131.0,nM,6.88,CHEMBL284,Dipeptidyl peptidase 4,Cl.N[C@@H](CC(=O)N1CCn2c(nnc2C(F)(F)F)C1Cc1ccccc1F)Cc1cc(F)c(F)cc1F
2068799,CHEMBL536090,IC50,=,0.31,nM,9.51,CHEMBL284,Dipeptidyl peptidase 4,Cl.N[C@@H](CC(=O)N1CCn2c(nnc2C(F)(F)F)C1Cc1ccccc1C(F)(F)F)Cc1cc(F)c(F)cc1F
2068800,CHEMBL536090,IC50,=,438.0,nM,6.36,CHEMBL284,Dipeptidyl peptidase 4,Cl.N[C@@H](CC(=O)N1CCn2c(nnc2C(F)(F)F)C1Cc1ccccc1C(F)(F)F)Cc1cc(F)c(F)cc1F
2068801,CHEMBL539352,IC50,=,0.43,nM,9.37,CHEMBL284,Dipeptidyl peptidase 4,COc1ccc(CC2c3nnc(C(F)(F)F)n3CCN2C(=O)C[C@H](N)Cc2cc(F)c(F)cc2F)cc1.Cl
2068802,CHEMBL539352,IC50,=,320.0,nM,6.50,CHEMBL284,Dipeptidyl peptidase 4,COc1ccc(CC2c3nnc(C(F)(F)F)n3CCN2C(=O)C[C@H](N)Cc2cc(F)c(F)cc2F)cc1.Cl
2068803,CHEMBL539350,IC50,=,0.66,nM,9.18,CHEMBL284,Dipeptidyl peptidase 4,Cl.N[C@@H](CC(=O)N1CCn2c(nnc2C(F)(F)F)C1Cc1ccccc1)Cc1cc(F)c(F)cc1F
2068804,CHEMBL539350,IC50,=,140.0,nM,6.85,CHEMBL284,Dipeptidyl peptidase 4,Cl.N[C@@H](CC(=O)N1CCn2c(nnc2C(F)(F)F)C1Cc1ccccc1)Cc1cc(F)c(F)cc1F
2068805,CHEMBL556979,IC50,=,2.8,nM,8.55,CHEMBL284,Dipeptidyl peptidase 4,CN(C)C(=O)CC1c2nnc(C(F)(F)F)n2CCN1C(=O)C[C@H](N)Cc1cc(F)c(F)cc1F.Cl
2068806,CHEMBL556979,IC50,=,377.0,nM,6.42,CHEMBL284,Dipeptidyl peptidase 4,CN(C)C(=O)CC1c2nnc(C(F)(F)F)n2CCN1C(=O)C[C@H](N)Cc1cc(F)c(F)cc1F.Cl
2068807,CHEMBL537000,IC50,=,32.0,nM,7.50,CHEMBL284,Dipeptidyl peptidase 4,C=CCC1c2nnc(C(F)(F)F)n2CCN1C(=O)C[C@H](N)Cc1cc(F)c(F)cc1F.Cl
2068808,CHEMBL537000,IC50,=,1.5,nM,8.82,CHEMBL284,Dipeptidyl peptidase 4,C=CCC1c2nnc(C(F)(F)F)n2CCN1C(=O)C[C@H](N)Cc1cc(F)c(F)cc1F.Cl
2068809,CHEMBL536999,IC50,=,5.7,nM,8.24,CHEMBL284,Dipeptidyl peptidase 4,Cl.N[C@@H](CC(=O)N1CCn2c(nnc2C(F)(F)F)C1CC(F)(F)F)Cc1cc(F)c(F)cc1F
2068810,CHEMBL536999,IC50,=,123.0,nM,6.91,CHEMBL284,Dipeptidyl peptidase 4,Cl.N[C@@H](CC(=O)N1CCn2c(nnc2C(F)(F)F)C1CC(F)(F)F)Cc1cc(F)c(F)cc1F
2068811,CHEMBL556606,IC50,=,5.0,nM,8.30,CHEMBL284,Dipeptidyl peptidase 4,CCC1c2nnc(C(F)(F)F)n2CCN1C(=O)C[C@H](N)Cc1cc(F)c(F)cc1F.Cl
2068812,CHEMBL556606,IC50,=,113.0,nM,6.95,CHEMBL284,Dipeptidyl peptidase 4,CCC1c2nnc(C(F)(F)F)n2CCN1C(=O)C[C@H](N)Cc1cc(F)c(F)cc1F.Cl
2068813,CHEMBL536089,IC50,=,11.0,nM,7.96,CHEMBL284,Dipeptidyl peptidase 4,CC1c2nnc(C(F)(F)F)n2C(C)CN1C(=O)C[C@H](N)Cc1cc(F)c(F)cc1F.Cl
2068814,CHEMBL536311,IC50,=,12.0,nM,7.92,CHEMBL284,Dipeptidyl peptidase 4,C[C@@H]1c2nnc(C(F)(F)F)n2[C@H](C)CN1C(=O)C[C@H](N)Cc1cc(F)c(F)cc1F.Cl
2068815,CHEMBL557219,IC50,=,209.0,nM,6.68,CHEMBL284,Dipeptidyl peptidase 4,C[C@H]1c2nnc(C(F)(F)F)n2[C@@H](C)CN1C(=O)C[C@H](N)Cc1cc(F)c(F)cc1F.Cl
2068816,CHEMBL536089,IC50,=,100.0,nM,7.00,CHEMBL284,Dipeptidyl peptidase 4,CC1c2nnc(C(F)(F)F)n2C(C)CN1C(=O)C[C@H](N)Cc1cc(F)c(F)cc1F.Cl
2068817,CHEMBL536088,IC50,=,175.0,nM,6.76,CHEMBL284,Dipeptidyl peptidase 4,CC1(C)c2nnc(C(F)(F)F)n2CCN1C(=O)C[C@H](N)Cc1cc(F)c(F)cc1F.Cl
2068818,CHEMBL536765,IC50,=,92.0,nM,7.04,CHEMBL284,Dipeptidyl peptidase 4,CC1(C)CN(C(=O)C[C@H](N)Cc2cc(F)c(F)cc2F)Cc2nnc(C(F)(F)F)n21.Cl
2068819,CHEMBL558779,IC50,=,4.3,nM,8.37,CHEMBL284,Dipeptidyl peptidase 4,C[C@@H]1c2nnc(C(F)(F)F)n2CCN1C(=O)C[C@H](N)Cc1cc(F)c(F)cc1F.Cl
2068820,CHEMBL557542,IC50,=,88.0,nM,7.06,CHEMBL284,Dipeptidyl peptidase 4,C[C@H]1c2nnc(C(F)(F)F)n2CCN1C(=O)C[C@H](N)Cc1cc(F)c(F)cc1F.Cl
2068821,CHEMBL553787,IC50,=,42.0,nM,7.38,CHEMBL284,Dipeptidyl peptidase 4,C[C@@H]1Cn2c(nnc2C(F)(F)F)CN1C(=O)C[C@H](N)Cc1cc(F)c(F)cc1F.Cl
2068822,CHEMBL557990,IC50,=,91.0,nM,7.04,CHEMBL284,Dipeptidyl peptidase 4,C[C@H]1Cn2c(nnc2C(F)(F)F)CN1C(=O)C[C@H](N)Cc1cc(F)c(F)cc1F.Cl
2068823,CHEMBL2021529,IC50,=,14.0,nM,7.85,CHEMBL284,Dipeptidyl peptidase 4,C[C@@H]1CN(C(=O)C[C@H](N)Cc2cc(F)c(F)cc2F)Cc2ccc(C(F)(F)F)n21.Cl
2068824,CHEMBL2021541,IC50,=,23.0,nM,7.64,CHEMBL284,Dipeptidyl peptidase 4,C[C@H]1CN(C(=O)C[C@H](N)Cc2cc(F)c(F)cc2F)Cc2ccc(C(F)(F)F)n21.Cl
2068825,CHEMBL175872,IC50,=,139.0,nM,6.86,CHEMBL284,Dipeptidyl peptidase 4,N[C@@H](CC(=O)N1CCNC[C@H]1Cc1ccccc1)Cc1ccccc1F
2068826,CHEMBL184624,IC50,=,3700.0,nM,5.43,CHEMBL284,Dipeptidyl peptidase 4,N[C@@H](CC(=O)N1CCNCC1)Cc1ccccc1F
2068827,CHEMBL539077,IC50,=,18.0,nM,7.75,CHEMBL284,Dipeptidyl peptidase 4,Cl.N[C@@H](CC(=O)N1CCn2c(nnc2C(F)(F)F)C1)Cc1cc(F)c(F)cc1F
2074598,CHEMBL1431,IC50,=,29000.0,nM,4.54,CHEMBL284,Dipeptidyl peptidase 4,CN(C)C(=N)NC(=N)N
2090789,CHEMBL403882,IC50,=,9700.0,nM,5.01,CHEMBL284,Dipeptidyl peptidase 4,O=C([C@@H]1CCCN1)N1CCCC1
2090790,CHEMBL269952,IC50,=,14.0,nM,7.85,CHEMBL284,Dipeptidyl peptidase 4,Cc1nsc(N2CCN(C(=O)[C@H]3C[C@@H](C(=O)N4CCSC4)N[C@H]3C)CC2)n1
2090791,CHEMBL269953,IC50,=,29.0,nM,7.54,CHEMBL284,Dipeptidyl peptidase 4,Cc1nsc(N2CCN(C(=O)[C@H]3C[C@@H](C(=O)N4CCCC4)N[C@H]3C)CC2)n1
2090792,CHEMBL403449,IC50,=,18.0,nM,7.75,CHEMBL284,Dipeptidyl peptidase 4,Cc1nsc(N2CCN(C(=O)[C@@H]3CN[C@H](C(=O)N4CCSC4)C3)CC2)n1
2090793,CHEMBL270163,IC50,=,23.0,nM,7.64,CHEMBL284,Dipeptidyl peptidase 4,O=C([C@@H]1CN[C@H](C(=O)N2CCCC2)C1)N1CCN(c2nc(C(F)(F)F)ns2)CC1
2090794,CHEMBL269965,IC50,=,17.0,nM,7.77,CHEMBL284,Dipeptidyl peptidase 4,COCc1nsc(N2CCN(C(=O)[C@@H]3CN[C@H](C(=O)N4CCCC4)C3)CC2)n1
2090795,CHEMBL402645,IC50,=,52.0,nM,7.28,CHEMBL284,Dipeptidyl peptidase 4,CC(C)c1nsc(N2CCN(C(=O)[C@@H]3CN[C@H](C(=O)N4CCCC4)C3)CC2)n1
2090796,CHEMBL437592,IC50,=,21.0,nM,7.68,CHEMBL284,Dipeptidyl peptidase 4,CCCc1nsc(N2CCN(C(=O)[C@@H]3CN[C@H](C(=O)N4CCCC4)C3)CC2)n1
2090797,CHEMBL271444,IC50,=,37.0,nM,7.43,CHEMBL284,Dipeptidyl peptidase 4,CCc1nsc(N2CCN(C(=O)[C@@H]3CN[C@H](C(=O)N4CCCC4)C3)CC2)n1
2090798,CHEMBL403969,IC50,=,19.0,nM,7.72,CHEMBL284,Dipeptidyl peptidase 4,O=C([C@@H]1CN[C@H](C(=O)N2CCCC2)C1)N1CCN(c2ncns2)CC1
2090799,CHEMBL270395,IC50,=,604.0,nM,6.22,CHEMBL284,Dipeptidyl peptidase 4,Cc1nc(N2CCN(C(=O)[C@@H]3CN[C@H](C(=O)N4CCCC4)C3)CC2)no1
2090800,CHEMBL403970,IC50,=,130.0,nM,6.89,CHEMBL284,Dipeptidyl peptidase 4,Cc1ncc(N2CCN(C(=O)[C@@H]3CN[C@H](C(=O)N4CCCC4)C3)CC2)s1
2090801,CHEMBL271870,IC50,=,410.0,nM,6.39,CHEMBL284,Dipeptidyl peptidase 4,Cc1nc(N2CCN(C(=O)[C@@H]3CN[C@H](C(=O)N4CCCC4)C3)CC2)sc1C
2090802,CHEMBL439067,IC50,=,340.0,nM,6.47,CHEMBL284,Dipeptidyl peptidase 4,Cc1cnc(N2CCN(C(=O)[C@@H]3CN[C@H](C(=O)N4CCCC4)C3)CC2)s1
2090803,CHEMBL272079,IC50,=,69.0,nM,7.16,CHEMBL284,Dipeptidyl peptidase 4,Cc1cc(N2CCN(C(=O)[C@@H]3CN[C@H](C(=O)N4CCCC4)C3)CC2)sn1
2090804,CHEMBL273206,IC50,=,52.0,nM,7.28,CHEMBL284,Dipeptidyl peptidase 4,Cc1csc(N2CCN(C(=O)[C@@H]3CN[C@H](C(=O)N4CCCC4)C3)CC2)n1
2090805,CHEMBL404159,IC50,=,350.0,nM,6.46,CHEMBL284,Dipeptidyl peptidase 4,Cc1nsc(C2CCN(C(=O)[C@@H]3CN[C@H](C(=O)N4CCCC4)C3)CC2)n1
2090806,CHEMBL257742,IC50,=,310.0,nM,6.51,CHEMBL284,Dipeptidyl peptidase 4,Cc1nsc(N2CCCN(C(=O)[C@@H]3CN[C@H](C(=O)N4CCCC4)C3)CC2)n1
2090807,CHEMBL256691,IC50,=,20.0,nM,7.70,CHEMBL284,Dipeptidyl peptidase 4,Cc1nsc(N2CCN(C(=O)[C@@H]3CN[C@H](C(=O)N4CCCC4)C3)CC2)n1
2090808,CHEMBL258101,IC50,=,20.0,nM,7.70,CHEMBL284,Dipeptidyl peptidase 4,O=C([C@@H]1CN[C@H](C(=O)N2CCCC2)C1)N1CCN(c2nc(-c3ccccc3)ns2)CC1
2090809,CHEMBL271062,IC50,=,670.0,nM,6.17,CHEMBL284,Dipeptidyl peptidase 4,CN(C)C(=O)[C@@H]1CN[C@H](C(=O)N2CCCC2)C1
2090810,CHEMBL403882,IC50,,,,,CHEMBL284,Dipeptidyl peptidase 4,O=C([C@@H]1CCCN1)N1CCCC1
2090811,CHEMBL271062,IC50,,,,,CHEMBL284,Dipeptidyl peptidase 4,CN(C)C(=O)[C@@H]1CN[C@H](C(=O)N2CCCC2)C1
2090812,CHEMBL258101,IC50,=,420.0,nM,6.38,CHEMBL284,Dipeptidyl peptidase 4,O=C([C@@H]1CN[C@H](C(=O)N2CCCC2)C1)N1CCN(c2nc(-c3ccccc3)ns2)CC1
2090813,CHEMBL269952,IC50,=,41.0,nM,7.39,CHEMBL284,Dipeptidyl peptidase 4,Cc1nsc(N2CCN(C(=O)[C@H]3C[C@@H](C(=O)N4CCSC4)N[C@H]3C)CC2)n1
2090814,CHEMBL269953,IC50,=,35.0,nM,7.46,CHEMBL284,Dipeptidyl peptidase 4,Cc1nsc(N2CCN(C(=O)[C@H]3C[C@@H](C(=O)N4CCCC4)N[C@H]3C)CC2)n1
2090815,CHEMBL403449,IC50,=,44.0,nM,7.36,CHEMBL284,Dipeptidyl peptidase 4,Cc1nsc(N2CCN(C(=O)[C@@H]3CN[C@H](C(=O)N4CCSC4)C3)CC2)n1
2090816,CHEMBL270163,IC50,=,77.0,nM,7.11,CHEMBL284,Dipeptidyl peptidase 4,O=C([C@@H]1CN[C@H](C(=O)N2CCCC2)C1)N1CCN(c2nc(C(F)(F)F)ns2)CC1
2090817,CHEMBL269965,IC50,=,40.0,nM,7.40,CHEMBL284,Dipeptidyl peptidase 4,COCc1nsc(N2CCN(C(=O)[C@@H]3CN[C@H](C(=O)N4CCCC4)C3)CC2)n1
2090818,CHEMBL402645,IC50,=,150.0,nM,6.82,CHEMBL284,Dipeptidyl peptidase 4,CC(C)c1nsc(N2CCN(C(=O)[C@@H]3CN[C@H](C(=O)N4CCCC4)C3)CC2)n1
2090819,CHEMBL437592,IC50,=,86.0,nM,7.07,CHEMBL284,Dipeptidyl peptidase 4,CCCc1nsc(N2CCN(C(=O)[C@@H]3CN[C@H](C(=O)N4CCCC4)C3)CC2)n1
2090820,CHEMBL271444,IC50,=,92.0,nM,7.04,CHEMBL284,Dipeptidyl peptidase 4,CCc1nsc(N2CCN(C(=O)[C@@H]3CN[C@H](C(=O)N4CCCC4)C3)CC2)n1
2090821,CHEMBL403969,IC50,=,58.0,nM,7.24,CHEMBL284,Dipeptidyl peptidase 4,O=C([C@@H]1CN[C@H](C(=O)N2CCCC2)C1)N1CCN(c2ncns2)CC1
2090822,CHEMBL270395,IC50,=,1300.0,nM,5.89,CHEMBL284,Dipeptidyl peptidase 4,Cc1nc(N2CCN(C(=O)[C@@H]3CN[C@H](C(=O)N4CCCC4)C3)CC2)no1
2090823,CHEMBL403970,IC50,=,620.0,nM,6.21,CHEMBL284,Dipeptidyl peptidase 4,Cc1ncc(N2CCN(C(=O)[C@@H]3CN[C@H](C(=O)N4CCCC4)C3)CC2)s1
2090824,CHEMBL271870,IC50,=,1900.0,nM,5.72,CHEMBL284,Dipeptidyl peptidase 4,Cc1nc(N2CCN(C(=O)[C@@H]3CN[C@H](C(=O)N4CCCC4)C3)CC2)sc1C
2090825,CHEMBL439067,IC50,=,1100.0,nM,5.96,CHEMBL284,Dipeptidyl peptidase 4,Cc1cnc(N2CCN(C(=O)[C@@H]3CN[C@H](C(=O)N4CCCC4)C3)CC2)s1
2090826,CHEMBL272079,IC50,=,210.0,nM,6.68,CHEMBL284,Dipeptidyl peptidase 4,Cc1cc(N2CCN(C(=O)[C@@H]3CN[C@H](C(=O)N4CCCC4)C3)CC2)sn1
2090827,CHEMBL273206,IC50,=,150.0,nM,6.82,CHEMBL284,Dipeptidyl peptidase 4,Cc1csc(N2CCN(C(=O)[C@@H]3CN[C@H](C(=O)N4CCCC4)C3)CC2)n1
2090828,CHEMBL404159,IC50,=,970.0,nM,6.01,CHEMBL284,Dipeptidyl peptidase 4,Cc1nsc(C2CCN(C(=O)[C@@H]3CN[C@H](C(=O)N4CCCC4)C3)CC2)n1
2090829,CHEMBL257742,IC50,=,970.0,nM,6.01,CHEMBL284,Dipeptidyl peptidase 4,Cc1nsc(N2CCCN(C(=O)[C@@H]3CN[C@H](C(=O)N4CCCC4)C3)CC2)n1
2090830,CHEMBL256691,IC50,=,80.0,nM,7.10,CHEMBL284,Dipeptidyl peptidase 4,Cc1nsc(N2CCN(C(=O)[C@@H]3CN[C@H](C(=O)N4CCCC4)C3)CC2)n1
2091496,CHEMBL258288,IC50,=,44.0,nM,7.36,CHEMBL284,Dipeptidyl peptidase 4,O=C(c1nccs1)[C@@H]1CCCN1C(=O)[C@@H]1C[C@@H]2CCCC[C@@H]2N1
2091497,CHEMBL402236,IC50,=,30.0,nM,7.52,CHEMBL284,Dipeptidyl peptidase 4,N[C@H](C(=O)N1CC[C@H]1C(=O)c1nccs1)C1CCCCC1
2091498,CHEMBL256871,IC50,=,42.0,nM,7.38,CHEMBL284,Dipeptidyl peptidase 4,N[C@H](C(=O)N1CCC[C@H]1C(=O)c1nccs1)C1CCCCC1
2091499,CHEMBL402151,IC50,=,42.0,nM,7.38,CHEMBL284,Dipeptidyl peptidase 4,N[C@H](C(=O)N1CC[C@H]1C(=O)c1nc2ccccc2s1)C1CCCCC1
2091500,CHEMBL271694,IC50,=,50.0,nM,7.30,CHEMBL284,Dipeptidyl peptidase 4,N[C@H](C(=O)N1CCC[C@H]1C(=O)c1nc2ccccc2s1)C1CCCCC1
2091501,CHEMBL269926,IC50,=,50000.0,nM,4.30,CHEMBL284,Dipeptidyl peptidase 4,O=C(c1cccs1)[C@@H]1CCCN1C(=O)[C@@H]1C[C@@H]2CCCC[C@@H]2N1
2091502,CHEMBL403160,IC50,=,2000.0,nM,5.70,CHEMBL284,Dipeptidyl peptidase 4,O=C(c1ccccn1)[C@@H]1CCCN1C(=O)[C@@H]1C[C@@H]2CCCC[C@@H]2N1
2091503,CHEMBL365441,IC50,=,80.0,nM,7.10,CHEMBL284,Dipeptidyl peptidase 4,O=C(c1nc2ccccc2s1)[C@@H]1CCN1C(=O)[C@@H]1C[C@@H]2CCCC[C@@H]2N1
2091504,CHEMBL404030,IC50,=,30.0,nM,7.52,CHEMBL284,Dipeptidyl peptidase 4,O=C(c1nc2ccccc2s1)[C@@H]1CCCN1C(=O)[C@@H]1C[C@@H]2CCCC[C@@H]2N1
2121691,CHEMBL375745,IC50,=,19.0,nM,7.72,CHEMBL284,Dipeptidyl peptidase 4,CS(=O)(=O)c1ccc(-c2noc([C@@H](CC3CC3)[C@H](N)C(=O)N3CC[C@H](F)C3)n2)c(F)c1.O=C(O)C(F)(F)F
2121693,CHEMBL404079,IC50,=,12.0,nM,7.92,CHEMBL284,Dipeptidyl peptidase 4,CS(=O)(=O)c1ccc(-c2noc([C@H](CC3CC3)[C@H](N)C(F)=C3CCCC3)n2)c(Cl)c1.O=C(O)C(F)(F)F
2121694,CHEMBL402163,IC50,=,0.21,nM,9.68,CHEMBL284,Dipeptidyl peptidase 4,CS(=O)(=O)c1ccc(-c2noc([C@@H](CC3CC3)[C@H](N)C(F)=C3CCCC3)n2)c(Cl)c1.O=C(O)C(F)(F)F
2121695,CHEMBL255591,IC50,=,93.0,nM,7.03,CHEMBL284,Dipeptidyl peptidase 4,CS(=O)(=O)c1ccc(-c2noc([C@H](CCO)[C@H](N)C(F)=C3CCCC3)n2)c(Cl)c1.O=C(O)C(F)(F)F
2121696,CHEMBL445674,IC50,=,3.2,nM,8.49,CHEMBL284,Dipeptidyl peptidase 4,CS(=O)(=O)c1ccc(-c2noc([C@@H](CCO)[C@H](N)C(F)=C3CCCC3)n2)c(Cl)c1.O=C(O)C(F)(F)F
2121697,CHEMBL1162974,IC50,=,21.0,nM,7.68,CHEMBL284,Dipeptidyl peptidase 4,CC(Cc1nc(-c2ccc(S(C)(=O)=O)cc2Cl)no1)C(F)=C1CCCC1.O=C(O)C(F)(F)F
2121698,CHEMBL429757,IC50,=,50.0,nM,7.30,CHEMBL284,Dipeptidyl peptidase 4,CCS(=O)(=O)c1ccc(-c2noc(C(C)[C@H](N)C(F)=C3CCCC3)n2)c(Cl)c1.O=C(O)C(F)(F)F
2121699,CHEMBL257023,IC50,=,7.5,nM,8.12,CHEMBL284,Dipeptidyl peptidase 4,CC(c1nc(-c2ccc(S(C)(=O)=O)cc2Cl)no1)[C@H](N)C(F)=C1CCCC1.O=C(O)C(F)(F)F
2121700,CHEMBL256172,IC50,=,57.0,nM,7.24,CHEMBL284,Dipeptidyl peptidase 4,CC(c1nc(-c2ccc(NS(C)(=O)=O)cc2Cl)no1)[C@H](N)C(F)=C1CCCC1.O=C(O)C(F)(F)F
2121701,CHEMBL401932,IC50,=,1490.0,nM,5.83,CHEMBL284,Dipeptidyl peptidase 4,CC(c1nc(-c2ccc(S(=O)(=O)C(F)(F)F)cc2)no1)[C@H](N)C(F)=C1CCCC1.O=C(O)C(F)(F)F
2121702,CHEMBL257709,IC50,=,90.0,nM,7.05,CHEMBL284,Dipeptidyl peptidase 4,CC(c1nc(-c2ccc(S(C)(=O)=O)cc2)no1)[C@H](N)C(F)=C1CCCC1.O=C(O)C(F)(F)F
2121703,CHEMBL256603,IC50,=,645.0,nM,6.19,CHEMBL284,Dipeptidyl peptidase 4,CC(c1nc(-c2ccc(Br)cc2Cl)no1)[C@H](N)C(F)=C1CCCC1.O=C(O)C(F)(F)F
2121704,CHEMBL255351,IC50,=,525.0,nM,6.28,CHEMBL284,Dipeptidyl peptidase 4,CC(c1nc(-c2ccc(C(F)(F)F)cc2Cl)no1)[C@H](N)C(F)=C1CCCC1.O=C(O)C(F)(F)F
2121705,CHEMBL437026,IC50,=,1165.0,nM,5.93,CHEMBL284,Dipeptidyl peptidase 4,CC(c1nc(-c2ccc(Cl)cc2Cl)no1)[C@H](N)C(F)=C1CCCC1.O=C(O)C(F)(F)F
2121706,CHEMBL376498,IC50,=,13.0,nM,7.89,CHEMBL284,Dipeptidyl peptidase 4,CS(=O)(=O)c1ccc(-c2noc([C@@H](CC3CC3)[C@H](N)C(=O)N3CC[C@H](F)C3)n2)c(Cl)c1.O=C(O)C(F)(F)F
2121707,CHEMBL220357,IC50,=,70.0,nM,7.16,CHEMBL284,Dipeptidyl peptidase 4,CS(=O)(=O)c1ccc(-c2noc([C@@H](CCO)[C@H](N)C(=O)N3CC[C@H](F)C3)n2)c(Cl)c1.O=C(O)C(F)(F)F
2121708,CHEMBL435320,IC50,=,40.0,nM,7.40,CHEMBL284,Dipeptidyl peptidase 4,C[C@H](c1nc(-c2ccc(S(C)(=O)=O)cc2Cl)no1)[C@H](N)C(=O)N1CC[C@H](F)C1.O=C(O)C(F)(F)F
2121709,CHEMBL437206,IC50,=,17.0,nM,7.77,CHEMBL284,Dipeptidyl peptidase 4,C[C@H](c1nc(-c2ccc(S(C)(=O)=O)cc2Cl)no1)[C@H](N)C(=O)N1CCCC1.O=C(O)C(F)(F)F
2121710,CHEMBL403415,IC50,=,122.0,nM,6.91,CHEMBL284,Dipeptidyl peptidase 4,C[C@H](c1nc(-c2ccc(S(C)(=O)=O)cc2)no1)[C@H](N)C(=O)N1CCCC1.O=C(O)C(F)(F)F
2121711,CHEMBL438992,IC50,=,203.0,nM,6.69,CHEMBL284,Dipeptidyl peptidase 4,C[C@H](c1nc(-c2ccc(Cl)cc2Cl)no1)[C@H](N)C(=O)N1CCCC1.O=C(O)C(F)(F)F
2122451,CHEMBL257036,IC50,=,30000.0,nM,4.52,CHEMBL284,Dipeptidyl peptidase 4,NCc1ccccc1-c1ccccc1
2122452,CHEMBL273209,IC50,=,32.0,nM,7.50,CHEMBL284,Dipeptidyl peptidase 4,Cn1cnc2cc(C(N)=O)c(-c3ccccc3Cl)c(CN)c21
2122453,CHEMBL272114,IC50,=,8.0,nM,8.10,CHEMBL284,Dipeptidyl peptidase 4,Cn1cnc2cc(C#N)c(-c3ccccc3Cl)c(CN)c21
2122454,CHEMBL257653,IC50,=,50.0,nM,7.30,CHEMBL284,Dipeptidyl peptidase 4,Cn1cnc2cc(Br)c(-c3ccccc3Cl)c(CN)c21
2122455,CHEMBL257852,IC50,=,52.0,nM,7.28,CHEMBL284,Dipeptidyl peptidase 4,Cn1c(=O)[nH]c2ccc(-c3ccccc3Cl)c(CN)c21
2122456,CHEMBL256266,IC50,=,61.0,nM,7.21,CHEMBL284,Dipeptidyl peptidase 4,Cn1nnc2ccc(-c3ccccc3Cl)c(CN)c21
2122457,CHEMBL261246,IC50,=,11.0,nM,7.96,CHEMBL284,Dipeptidyl peptidase 4,Cn1c(-c2cccnc2)nc2ccc(-c3ccccc3Cl)c(CN)c21
2122458,CHEMBL263137,IC50,=,66.0,nM,7.18,CHEMBL284,Dipeptidyl peptidase 4,COCc1nc2ccc(-c3ccccc3Cl)c(CN)c2n1C
2122459,CHEMBL263139,IC50,=,97.0,nM,7.01,CHEMBL284,Dipeptidyl peptidase 4,CCc1nc2ccc(-c3ccccc3Cl)c(CN)c2n1C
2122460,CHEMBL257636,IC50,=,160.0,nM,6.80,CHEMBL284,Dipeptidyl peptidase 4,Cc1nc2ccc(-c3ccccc3Cl)c(CN)c2n1C
2122461,CHEMBL403156,IC50,=,102.0,nM,6.99,CHEMBL284,Dipeptidyl peptidase 4,NCc1c(-c2ccccc2Cl)ccc2ncn(Cc3ccccc3)c12
2122462,CHEMBL401542,IC50,=,96.0,nM,7.02,CHEMBL284,Dipeptidyl peptidase 4,NCc1c(-c2ccccc2Cl)ccc2ncn(CCO)c12
2122463,CHEMBL257308,IC50,=,66.0,nM,7.18,CHEMBL284,Dipeptidyl peptidase 4,CCn1cnc2ccc(-c3ccc(Cl)cc3Cl)c(CN)c21
2122464,CHEMBL404544,IC50,=,630.0,nM,6.20,CHEMBL284,Dipeptidyl peptidase 4,NCc1c(-c2ccc(Cl)cc2Cl)ccc2nc[nH]c12
2122465,CHEMBL406201,IC50,=,790.0,nM,6.10,CHEMBL284,Dipeptidyl peptidase 4,Cn1cnc2ccc(-c3ccc(F)cc3F)c(CN)c21
2122466,CHEMBL272771,IC50,=,320.0,nM,6.50,CHEMBL284,Dipeptidyl peptidase 4,Cn1cnc2ccc(-c3cc(F)ccc3Cl)c(CN)c21
2122467,CHEMBL255552,IC50,=,62.0,nM,7.21,CHEMBL284,Dipeptidyl peptidase 4,Cn1cnc2ccc(-c3ccc(Cl)cc3Cl)c(CN)c21
2122468,CHEMBL256625,IC50,=,98.0,nM,7.01,CHEMBL284,Dipeptidyl peptidase 4,Cc1ccccc1-c1ccc2ncn(C)c2c1CN
2122469,CHEMBL256624,IC50,=,1600.0,nM,5.80,CHEMBL284,Dipeptidyl peptidase 4,Cn1cnc2ccc(-c3ccccc3O)c(CN)c21
2122470,CHEMBL428065,IC50,=,2000.0,nM,5.70,CHEMBL284,Dipeptidyl peptidase 4,COc1ccccc1-c1ccc2ncn(C)c2c1CN
2122471,CHEMBL256826,IC50,=,4000.0,nM,5.40,CHEMBL284,Dipeptidyl peptidase 4,Cn1cnc2ccc(-c3ccccc3C(N)=O)c(CN)c21
2122472,CHEMBL270365,IC50,=,63.0,nM,7.20,CHEMBL284,Dipeptidyl peptidase 4,Cn1cnc2ccc(-c3ccccc3Cl)c(CN)c21
2122473,CHEMBL256252,IC50,=,400.0,nM,6.40,CHEMBL284,Dipeptidyl peptidase 4,Cn1cnc2ccc(-c3ccccc3CO)c(CN)c21
2122474,CHEMBL403862,IC50,=,40000.0,nM,4.40,CHEMBL284,Dipeptidyl peptidase 4,Cn1cnc2c(CN)c(-c3ccccc3)ccc21
2122475,CHEMBL255769,IC50,=,1000.0,nM,6.00,CHEMBL284,Dipeptidyl peptidase 4,Cn1cnc2ccc(-c3ccccc3)c(CN)c21
2122476,CHEMBL255554,IC50,=,12000.0,nM,4.92,CHEMBL284,Dipeptidyl peptidase 4,NCc1c(-c2ccccc2)ccc2nc[nH]c12
2130851,CHEMBL232914,IC50,=,10.0,nM,8.00,CHEMBL284,Dipeptidyl peptidase 4,C[C@@H]1N[C@H](C(=O)N2CCC[C@H]2C#N)C[C@@H]1C(=O)N(C)C
2130852,CHEMBL406219,IC50,=,51.0,nM,7.29,CHEMBL284,Dipeptidyl peptidase 4,CCN(CC#N)C(=O)[C@@H]1C[C@H](C(=O)NCc2ccccc2)[C@H](C)N1
2130853,CHEMBL438547,IC50,=,11.0,nM,7.96,CHEMBL284,Dipeptidyl peptidase 4,CCN(CC#N)C(=O)[C@@H]1C[C@H](C(=O)N2Cc3ccccc3C2)[C@H](C)N1
2130854,CHEMBL402466,IC50,=,24.0,nM,7.62,CHEMBL284,Dipeptidyl peptidase 4,CCN(CC#N)C(=O)[C@@H]1C[C@H](C(=O)N2CCOCC2)[C@H](C)N1
2130855,CHEMBL260509,IC50,=,17.0,nM,7.77,CHEMBL284,Dipeptidyl peptidase 4,CCN(CC#N)C(=O)[C@@H]1C[C@H](C(=O)N2CCCCC2)[C@H](C)N1
2130856,CHEMBL260702,IC50,=,16.0,nM,7.80,CHEMBL284,Dipeptidyl peptidase 4,CCN(CC#N)C(=O)[C@@H]1C[C@H](C(=O)N2CCCC2)[C@H](C)N1
2130857,CHEMBL260701,IC50,=,60.0,nM,7.22,CHEMBL284,Dipeptidyl peptidase 4,C#CCN(CC#N)C(=O)[C@@H]1C[C@H](C(=O)N(C)C)[C@H](C)N1
2130858,CHEMBL261460,IC50,=,56.0,nM,7.25,CHEMBL284,Dipeptidyl peptidase 4,C[C@@H]1N[C@H](C(=O)N(CC#N)C2CC2)C[C@@H]1C(=O)N(C)C
2130859,CHEMBL261462,IC50,=,41.0,nM,7.39,CHEMBL284,Dipeptidyl peptidase 4,C=CCN(CC#N)C(=O)[C@@H]1C[C@H](C(=O)N(C)C)[C@H](C)N1
2130860,CHEMBL261463,IC50,=,600.0,nM,6.22,CHEMBL284,Dipeptidyl peptidase 4,CCCN(CC#N)C(=O)[C@@H]1C[C@H](C(=O)N(C)C)[C@H](C)N1
2130861,CHEMBL407296,IC50,=,24.0,nM,7.62,CHEMBL284,Dipeptidyl peptidase 4,CCN(CC#N)C(=O)[C@@H]1C[C@H](C(=O)N(C)C)[C@H](C)N1
2130862,CHEMBL259198,IC50,=,25.0,nM,7.60,CHEMBL284,Dipeptidyl peptidase 4,C[C@@H]1N[C@H](C(=O)N(C)CC#N)C[C@@H]1C(=O)N(C)C
2130863,CHEMBL407293,IC50,=,13000.0,nM,4.89,CHEMBL284,Dipeptidyl peptidase 4,C[C@@H]1N[C@H](C(=O)NCC#N)C[C@@H]1C(=O)N(C)C
2130864,CHEMBL430057,IC50,=,5.6,nM,8.25,CHEMBL284,Dipeptidyl peptidase 4,C[C@@H]1N[C@H](C(=O)N2CCC[C@H]2C#N)C[C@@H]1CC(=O)N(C)C
2130865,CHEMBL409010,IC50,=,110.0,nM,6.96,CHEMBL284,Dipeptidyl peptidase 4,C[C@H]1N[C@H](C(=O)N2CCC[C@H]2C#N)C[C@H]1C(=O)N(C)C
2130866,CHEMBL260543,IC50,=,70.0,nM,7.16,CHEMBL284,Dipeptidyl peptidase 4,C[C@H]1N[C@H](C(=O)N2CCC[C@H]2C#N)C[C@@H]1C(=O)N(C)C
2130867,CHEMBL260198,IC50,=,1100.0,nM,5.96,CHEMBL284,Dipeptidyl peptidase 4,C[C@@H]1N[C@H](C(=O)N2CCC[C@H]2C#N)C[C@H]1C(=O)N(C)C
2130868,CHEMBL260197,IC50,=,16.0,nM,7.80,CHEMBL284,Dipeptidyl peptidase 4,CC[C@@H]1N[C@H](C(=O)N2CCC[C@H]2C#N)C[C@@H]1C(=O)N(C)C
2171460,CHEMBL403553,IC50,=,1.0,nM,9.00,CHEMBL284,Dipeptidyl peptidase 4,CC#CCn1c(N2CCC[C@@H](N)C2)nc2cnn(Cc3nc(C)c4ccccc4n3)c(=O)c21
2171463,CHEMBL403408,IC50,=,2.0,nM,8.70,CHEMBL284,Dipeptidyl peptidase 4,CC#CCn1c(NC[C@H](C)N)nc2cnn(Cc3nc(C)c4ccccc4n3)c(=O)c21
2171464,CHEMBL257376,IC50,=,1.0,nM,9.00,CHEMBL284,Dipeptidyl peptidase 4,CC#CCn1c(NCCN)nc2cnn(Cc3nc(C)c4ccccc4n3)c(=O)c21
2171465,CHEMBL257999,IC50,=,3.0,nM,8.52,CHEMBL284,Dipeptidyl peptidase 4,CC#CCn1c(N2CCCNCC2)nc2cnn(Cc3nc(C)c4ccccc4n3)c(=O)c21
2171466,CHEMBL401971,IC50,=,5.0,nM,8.30,CHEMBL284,Dipeptidyl peptidase 4,CC#CCn1c(N2CCNCC2)nc2cnn(Cc3nc(C)c4ccccc4n3)c(=O)c21
2171467,CHEMBL256969,IC50,=,4.0,nM,8.40,CHEMBL284,Dipeptidyl peptidase 4,CC#CCn1c(N2CCCC(N)C2)nc2cnn(Cc3nc4ccccc4o3)c(=O)c21
2171468,CHEMBL404220,IC50,=,4.0,nM,8.40,CHEMBL284,Dipeptidyl peptidase 4,CC#CCn1c(N2CCCC(N)C2)nc2cnn(Cc3ccc(C#N)c4ccccc34)c(=O)c21
2171469,CHEMBL256928,IC50,=,26.0,nM,7.58,CHEMBL284,Dipeptidyl peptidase 4,CC#CCn1c(N2CCCC(N)C2)nc2cnn(CC(=O)c3ccccc3)c(=O)c21
2171470,CHEMBL401502,IC50,=,3.0,nM,8.52,CHEMBL284,Dipeptidyl peptidase 4,CC#CCn1c(N2CCC[C@@H](N)C2)nc2cnn(CC3=Nc4ccccc4Oc4ccccc43)c(=O)c21
2171471,CHEMBL256929,IC50,=,25.0,nM,7.60,CHEMBL284,Dipeptidyl peptidase 4,CC#CCn1c(N2CCC[C@H](N)C2)nc2cnn(CC3=Nc4ccccc4Oc4ccccc43)c(=O)c21
2171472,CHEMBL256729,IC50,=,14.0,nM,7.85,CHEMBL284,Dipeptidyl peptidase 4,CC#CCn1c(N2CCCC(N)C2)nc2cnn(CC3=Nc4ccccc4Oc4ccccc43)c(=O)c21
2171473,CHEMBL256121,IC50,=,1.0,nM,9.00,CHEMBL284,Dipeptidyl peptidase 4,CC#CCn1c(N2CCC[C@@H](N)C2)nc2c(C)nn(Cc3nc(C)c4ccccc4n3)c(=O)c21
2171474,CHEMBL255517,IC50,=,24.0,nM,7.62,CHEMBL284,Dipeptidyl peptidase 4,CC#CCn1c(C(=O)NCc2nc(C)cc3ccccc23)nnc1N1CCCC(N)C1
2171475,CHEMBL402111,IC50,=,559.0,nM,6.25,CHEMBL284,Dipeptidyl peptidase 4,CC#CCn1c(N2CCCC(N)C2)nc(Br)c1C(=O)NCc1cccc2ccccc12
2171476,CHEMBL402573,IC50,=,582.0,nM,6.24,CHEMBL284,Dipeptidyl peptidase 4,CC#CCn1c(N2CCCC(N)C2)nc(C#N)c1C(=O)NCc1cccc2ccccc12
2171477,CHEMBL257589,IC50,=,3059.0,nM,5.51,CHEMBL284,Dipeptidyl peptidase 4,CC#CCn1c(C(=O)N(C)Cc2cccc3ccccc23)cnc1N1CCCC(N)C1
2171478,CHEMBL257795,IC50,=,99.0,nM,7.00,CHEMBL284,Dipeptidyl peptidase 4,CC#CCn1c(C(=O)NCc2nc(C)cc3ccccc23)cnc1N1CCCC(N)C1
2171479,CHEMBL401972,IC50,=,107.0,nM,6.97,CHEMBL284,Dipeptidyl peptidase 4,CC#CCn1c(C(=O)NCc2cccc3ccccc23)cnc1N1CCCC(N)C1
2171480,CHEMBL255862,IC50,=,19.0,nM,7.72,CHEMBL284,Dipeptidyl peptidase 4,CC#CCn1c(N2CCCC(N)C2)nc2c(OC)nn(Cc3nc(C)cc4ccccc34)c(=O)c21
2171481,CHEMBL255864,IC50,=,52.0,nM,7.28,CHEMBL284,Dipeptidyl peptidase 4,CC#CCn1c(N2CCCC(N)C2)nc2c(OC)nn(Cc3cccc4ccccc34)c(=O)c21
2171482,CHEMBL255492,IC50,=,21.0,nM,7.68,CHEMBL284,Dipeptidyl peptidase 4,CC#CCn1c(N2CCCC(N)C2)nc2ccn(Cc3nc(C)cc4ccccc34)c(=O)c21
2171483,CHEMBL255491,IC50,=,89.0,nM,7.05,CHEMBL284,Dipeptidyl peptidase 4,CC#CCn1c(N2CCCC(N)C2)nc2ccn(Cc3cccc4ccccc34)c(=O)c21
2171484,CHEMBL255709,IC50,=,7.0,nM,8.15,CHEMBL284,Dipeptidyl peptidase 4,CC#CCn1c(N2CCCC(N)C2)nc2c(C)nn(Cc3nc(C)cc4ccccc34)c(=O)c21
2171485,CHEMBL256521,IC50,=,5.0,nM,8.30,CHEMBL284,Dipeptidyl peptidase 4,CC#CCn1c(N2CCCC(N)C2)nc2cnn(Cc3nc(C)cc4ccccc34)c(=O)c21
2171486,CHEMBL401709,IC50,=,13.0,nM,7.89,CHEMBL284,Dipeptidyl peptidase 4,CC#CCn1c(N2CCCC(N)C2)nc2cnn(Cc3cccc4ccccc34)c(=O)c21
2171487,CHEMBL402819,IC50,=,2.0,nM,8.70,CHEMBL284,Dipeptidyl peptidase 4,CC#CCn1c(N2CCCC(N)C2)nc2c1c(=O)n(Cc1nc(C)cc3ccccc13)c(=O)n2C
2171488,CHEMBL404326,IC50,=,15.0,nM,7.82,CHEMBL284,Dipeptidyl peptidase 4,CC#CCn1c(N2CCCC(N)C2)nc2c1c(=O)n(Cc1cccc3ccccc13)c(=O)n2C
2171489,CHEMBL237500,IC50,=,1.0,nM,9.00,CHEMBL284,Dipeptidyl peptidase 4,CC#CCn1c(N2CCC[C@@H](N)C2)nc2c1c(=O)n(Cc1nc(C)c3ccccc3n1)c(=O)n2C
2190132,CHEMBL77538,IC50,=,7.0,nM,8.15,CHEMBL284,Dipeptidyl peptidase 4,N#Cc1ccc(NCCNCC(=O)N2CCC[C@H]2C#N)nc1
2190133,CHEMBL469660,IC50,=,5.3,nM,8.28,CHEMBL284,Dipeptidyl peptidase 4,N#C[C@@H]1C[C@H](F)CN1C(=O)CNC1C2CC3CC1CC(O)(C3)C2
2190134,CHEMBL454193,IC50,=,8.3,nM,8.08,CHEMBL284,Dipeptidyl peptidase 4,COC12CC3CC(CC(NCC(=O)N4C[C@@H](F)C[C@H]4C#N)(C3)C1)C2
2190135,CHEMBL469659,IC50,=,3.1,nM,8.51,CHEMBL284,Dipeptidyl peptidase 4,N#C[C@@H]1C[C@H](F)CN1C(=O)CNC12CC3CC(CC(O)(C3)C1)C2
2190136,CHEMBL451937,IC50,=,3.1,nM,8.51,CHEMBL284,Dipeptidyl peptidase 4,N#C[C@@H]1C[C@H](F)CN1C(=O)CNC1C2CC3CC(C2)CC1C3
2190137,CHEMBL511785,IC50,=,4.1,nM,8.39,CHEMBL284,Dipeptidyl peptidase 4,N#C[C@@H]1C[C@H](F)CN1C(=O)CNC12CC3CC(CC(C3)C1)C2
2190138,CHEMBL470681,IC50,=,3.3,nM,8.48,CHEMBL284,Dipeptidyl peptidase 4,N#C[C@@H]1C[C@H](F)CN1C(=O)CNC1CCCCCCC1
2190139,CHEMBL513725,IC50,=,3.3,nM,8.48,CHEMBL284,Dipeptidyl peptidase 4,N#C[C@@H]1C[C@H](F)CN1C(=O)CNC1(CO)CCCC1
2190140,CHEMBL470477,IC50,=,2.6,nM,8.59,CHEMBL284,Dipeptidyl peptidase 4,N#C[C@@H]1C[C@H](F)CN1C(=O)CNC1CCCC1
2190141,CHEMBL470476,IC50,=,3.1,nM,8.51,CHEMBL284,Dipeptidyl peptidase 4,N#C[C@@H]1C[C@H](F)CN1C(=O)CNC1CCC1
2190142,CHEMBL470330,IC50,=,33.0,nM,7.48,CHEMBL284,Dipeptidyl peptidase 4,N#C[C@@H]1C[C@H](F)CN1C(=O)CNC1CC1
2190143,CHEMBL472097,IC50,>,316.0,nM,,CHEMBL284,Dipeptidyl peptidase 4,C#CC(CC)(CC)NCC(=O)N1C[C@@H](F)C[C@H]1C#N
2190144,CHEMBL472096,IC50,=,4.6,nM,8.34,CHEMBL284,Dipeptidyl peptidase 4,CC(C)(CO)NCC(=O)N1C[C@@H](F)C[C@H]1C#N
2190145,CHEMBL1203962,IC50,=,13.0,nM,7.89,CHEMBL284,Dipeptidyl peptidase 4,COCC(C)(C)NCC(=O)N1C[C@@H](F)C[C@H]1C#N.Cl
2190146,CHEMBL469452,IC50,=,8.7,nM,8.06,CHEMBL284,Dipeptidyl peptidase 4,CC(C)OCCCNCC(=O)N1C[C@@H](F)C[C@H]1C#N
2190147,CHEMBL472102,IC50,=,7.8,nM,8.11,CHEMBL284,Dipeptidyl peptidase 4,CC(C)NCC(=O)N1C[C@@H](F)C[C@H]1C#N
2190148,CHEMBL512726,IC50,=,2.9,nM,8.54,CHEMBL284,Dipeptidyl peptidase 4,CC(C)(C)NCC(=O)N1C[C@@H](F)C[C@H]1C#N
2190149,CHEMBL472101,IC50,=,27.0,nM,7.57,CHEMBL284,Dipeptidyl peptidase 4,COc1ccc(CCNCC(=O)N2C[C@@H](F)C[C@H]2C#N)cc1OC
2190150,CHEMBL508845,IC50,=,16.0,nM,7.80,CHEMBL284,Dipeptidyl peptidase 4,CC(C)(/C=C/c1ccccc1)NCC(=O)N1C[C@@H](F)C[C@H]1C#N
2190151,CHEMBL472100,IC50,=,88.0,nM,7.06,CHEMBL284,Dipeptidyl peptidase 4,CC(C)(NCC(=O)N1C[C@@H](F)C[C@H]1C#N)c1cc2ccccc2o1
2190152,CHEMBL512890,IC50,=,12.0,nM,7.92,CHEMBL284,Dipeptidyl peptidase 4,CC(C)(NCC(=O)N1C[C@@H](F)C[C@H]1C#N)c1cccs1
2190153,CHEMBL471089,IC50,=,8.6,nM,8.07,CHEMBL284,Dipeptidyl peptidase 4,CC(C)(NCC(=O)N1C[C@@H](F)C[C@H]1C#N)c1ccco1
2190154,CHEMBL512694,IC50,=,22.0,nM,7.66,CHEMBL284,Dipeptidyl peptidase 4,CC(C)(NCC(=O)N1C[C@@H](F)C[C@H]1C#N)c1ccccn1
2190155,CHEMBL471088,IC50,=,6.2,nM,8.21,CHEMBL284,Dipeptidyl peptidase 4,CC(C)(CN(Cc1ccc(C#N)cc1)C(=O)c1ccccc1)NCC(=O)N1C[C@@H](F)C[C@H]1C#N
2190156,CHEMBL470893,IC50,=,7.3,nM,8.14,CHEMBL284,Dipeptidyl peptidase 4,CC(C)CN(CC(C)(C)NCC(=O)N1C[C@@H](F)C[C@H]1C#N)C(=O)c1ccccc1
2191775,CHEMBL511128,IC50,=,252.0,nM,6.60,CHEMBL284,Dipeptidyl peptidase 4,CCN(CC)CC(C)(C)NCC(=O)N1C[C@@H](F)C[C@H]1C#N
2191776,CHEMBL485828,IC50,=,39.0,nM,7.41,CHEMBL284,Dipeptidyl peptidase 4,CC(C)(CNCc1ccc(C#N)cc1)NCC(=O)N1C[C@@H](F)C[C@H]1C#N
2191777,CHEMBL504237,IC50,>,316.0,nM,,CHEMBL284,Dipeptidyl peptidase 4,CC(C)CNCC(C)(C)NCC(=O)N1C[C@@H](F)C[C@H]1C#N
2191778,CHEMBL520854,IC50,=,31.0,nM,7.51,CHEMBL284,Dipeptidyl peptidase 4,CN(CC(C)(C)NCC(=O)N1C[C@@H](F)C[C@H]1C#N)S(=O)(=O)c1ccccc1
2191779,CHEMBL485827,IC50,=,75.0,nM,7.12,CHEMBL284,Dipeptidyl peptidase 4,CC(C)(CNS(=O)(=O)c1ccccc1)NCC(=O)N1C[C@@H](F)C[C@H]1C#N
2191780,CHEMBL488810,IC50,=,109.0,nM,6.96,CHEMBL284,Dipeptidyl peptidase 4,CC(C)(CNC(=O)C(c1ccc(Cl)cc1)c1ccc(Cl)cc1)NCC(=O)N1C[C@@H](F)C[C@H]1C#N
2191781,CHEMBL487862,IC50,=,13.0,nM,7.89,CHEMBL284,Dipeptidyl peptidase 4,CC(C)(CNC(=O)C1(C)CCCCC1)NCC(=O)N1C[C@@H](F)C[C@H]1C#N
2191782,CHEMBL487861,IC50,=,5.8,nM,8.24,CHEMBL284,Dipeptidyl peptidase 4,CC(C)(CNC(=O)C(C)(C)C)NCC(=O)N1C[C@@H](F)C[C@H]1C#N
2191783,CHEMBL487860,IC50,=,1.5,nM,8.82,CHEMBL284,Dipeptidyl peptidase 4,CC(C)(CNC(=O)c1ccc2[nH]nnc2c1)NCC(=O)N1C[C@@H](F)C[C@H]1C#N
2191784,CHEMBL519585,IC50,=,5.7,nM,8.24,CHEMBL284,Dipeptidyl peptidase 4,CC(C)(CNC(=O)c1ccc2[nH]cnc2c1)NCC(=O)N1C[C@@H](F)C[C@H]1C#N
2191785,CHEMBL488036,IC50,=,2.9,nM,8.54,CHEMBL284,Dipeptidyl peptidase 4,CC(C)(CNC(=O)c1ccc2c(c1)CCO2)NCC(=O)N1C[C@@H](F)C[C@H]1C#N
2191786,CHEMBL488419,IC50,=,5.4,nM,8.27,CHEMBL284,Dipeptidyl peptidase 4,CC(C)(CNC(=O)c1cccs1)NCC(=O)N1C[C@@H](F)C[C@H]1C#N
2191787,CHEMBL488418,IC50,=,4.5,nM,8.35,CHEMBL284,Dipeptidyl peptidase 4,CC(C)(CNC(=O)c1ccccc1)NCC(=O)N1C[C@@H](F)C[C@H]1C#N
2191788,CHEMBL487681,IC50,=,8.2,nM,8.09,CHEMBL284,Dipeptidyl peptidase 4,CC(C)(CNC(=O)c1ccccn1)NCC(=O)N1C[C@@H](F)C[C@H]1C#N
2191789,CHEMBL521224,IC50,=,2.4,nM,8.62,CHEMBL284,Dipeptidyl peptidase 4,N#C[C@@H]1C[C@H](F)CN1C(=O)CNCCNc1ccc(C(N)=O)cn1
2191790,CHEMBL500008,IC50,=,2.7,nM,8.57,CHEMBL284,Dipeptidyl peptidase 4,N#C[C@@H]1C[C@H](F)CN1C(=O)CNCCNc1ccc(Cl)cn1
2191791,CHEMBL487680,IC50,=,2.8,nM,8.55,CHEMBL284,Dipeptidyl peptidase 4,N#C[C@@H]1C[C@H](F)CN1C(=O)CNCCNc1ccccn1
2191792,CHEMBL1744354,IC50,=,1.1,nM,8.96,CHEMBL284,Dipeptidyl peptidase 4,N#Cc1ccc(NCCNCC(=O)N2C[C@@H](F)C[C@H]2C#N)nc1.O=C(O)/C=C\C(=O)O
2238086,CHEMBL488022,IC50,=,510.0,nM,6.29,CHEMBL284,Dipeptidyl peptidase 4,Cl.N[C@@H](CC(=O)N1N=CCC1C(=O)Nc1ccc(OCC(=O)O)cc1)Cc1cc(F)c(F)cc1F
2238087,CHEMBL488027,IC50,=,4300.0,nM,5.37,CHEMBL284,Dipeptidyl peptidase 4,Cl.N[C@@H](CC(=O)N1N=CCC1C(=O)Nc1cccc(OCC(=O)O)c1)Cc1cc(F)c(F)cc1F
2238088,CHEMBL488713,IC50,=,8500.0,nM,5.07,CHEMBL284,Dipeptidyl peptidase 4,Cl.N[C@@H](CC(=O)N1N=CCC1C(=O)Nc1ccccc1OCC(=O)O)Cc1cc(F)c(F)cc1F
2238089,CHEMBL488714,IC50,=,2700.0,nM,5.57,CHEMBL284,Dipeptidyl peptidase 4,CC(C)[C@H](Oc1ccc(NC(=O)C2CC=NN2C(=O)C[C@H](N)Cc2cc(F)c(F)cc2F)cc1)C(=O)O.Cl
2238090,CHEMBL528328,IC50,=,2200.0,nM,5.66,CHEMBL284,Dipeptidyl peptidase 4,CC(C)[C@@H](Oc1ccc(NC(=O)C2CC=NN2C(=O)C[C@H](N)Cc2cc(F)c(F)cc2F)cc1)C(=O)O.Cl
2238091,CHEMBL452836,IC50,=,1400.0,nM,5.85,CHEMBL284,Dipeptidyl peptidase 4,Cl.N[C@@H](CC(=O)N1N=CCC1C(=O)O)Cc1cc(F)c(F)cc1F
2238092,CHEMBL488909,IC50,=,2800.0,nM,5.55,CHEMBL284,Dipeptidyl peptidase 4,Cl.N[C@@H](CC(=O)N1N=CCC1C(=O)NCc1cccc(OCC(=O)O)c1)Cc1cc(F)c(F)cc1F
2238093,CHEMBL488908,IC50,=,2500.0,nM,5.60,CHEMBL284,Dipeptidyl peptidase 4,Cl.N[C@@H](CC(=O)N1N=CCC1C(=O)NCc1ccc(OCC(=O)O)cc1)Cc1cc(F)c(F)cc1F
2238094,CHEMBL488056,IC50,=,5900.0,nM,5.23,CHEMBL284,Dipeptidyl peptidase 4,Cl.N[C@@H](CC(=O)N1N=CCC1C(=O)Nc1ccc(C(=O)O)cc1)Cc1cc(F)c(F)cc1F
2238095,CHEMBL470118,IC50,=,1400.0,nM,5.85,CHEMBL284,Dipeptidyl peptidase 4,Cl.N[C@@H](CC(=O)N1N=CCC1C(=O)NCc1ccc(C(=O)O)cc1)Cc1cc(F)c(F)cc1F
2238096,CHEMBL1422,IC50,=,110.0,nM,6.96,CHEMBL284,Dipeptidyl peptidase 4,N[C@@H](CC(=O)N1CCn2c(nnc2C(F)(F)F)C1)Cc1cc(F)c(F)cc1F
2238097,CHEMBL479536,IC50,=,3600.0,nM,5.44,CHEMBL284,Dipeptidyl peptidase 4,CCOC(=O)[C@H](Oc1ccc(NC(=O)C2CC=NN2C(=O)C[C@H](N)Cc2cc(F)c(F)cc2F)cc1)C(C)C.Cl
2238098,CHEMBL516747,IC50,=,2600.0,nM,5.58,CHEMBL284,Dipeptidyl peptidase 4,CCOC(=O)[C@@H](Oc1ccc(NC(=O)C2CC=NN2C(=O)C[C@H](N)Cc2cc(F)c(F)cc2F)cc1)C(C)C.Cl
2238099,CHEMBL512013,IC50,=,4800.0,nM,5.32,CHEMBL284,Dipeptidyl peptidase 4,CCOC(=O)COc1ccccc1NC(=O)C1CC=NN1C(=O)C[C@H](N)Cc1cc(F)c(F)cc1F.Cl
2238100,CHEMBL472200,IC50,=,1900.0,nM,5.72,CHEMBL284,Dipeptidyl peptidase 4,CCOC(=O)COc1cccc(NC(=O)C2CC=NN2C(=O)C[C@H](N)Cc2cc(F)c(F)cc2F)c1.Cl
2238101,CHEMBL472199,IC50,=,690.0,nM,6.16,CHEMBL284,Dipeptidyl peptidase 4,CCOC(=O)COc1ccc(NC(=O)C2CC=NN2C(=O)C[C@H](N)Cc2cc(F)c(F)cc2F)cc1.Cl
2238102,CHEMBL472381,IC50,=,8900.0,nM,5.05,CHEMBL284,Dipeptidyl peptidase 4,Cl.N[C@@H](CC(=O)N1N=CCC1C(=O)Nc1ccc(S(=O)(=O)O)cc1)Cc1cc(F)c(F)cc1F
2238103,CHEMBL471515,IC50,=,9100.0,nM,5.04,CHEMBL284,Dipeptidyl peptidase 4,Cl.N[C@@H](CC(=O)N1N=CCC1C(=O)Nc1ccc(S(N)(=O)=O)cc1)Cc1cc(F)c(F)cc1F
2238104,CHEMBL471343,IC50,=,1600.0,nM,5.80,CHEMBL284,Dipeptidyl peptidase 4,Cl.N[C@@H](CC(=O)N1N=CCC1C(=O)Nc1ccc(N2CCOCC2)cc1)Cc1cc(F)c(F)cc1F
2238105,CHEMBL518296,IC50,=,2000.0,nM,5.70,CHEMBL284,Dipeptidyl peptidase 4,CCOC(=O)COc1cccc(CNC(=O)C2CC=NN2C(=O)C[C@H](N)Cc2cc(F)c(F)cc2F)c1.Cl
2238106,CHEMBL456885,IC50,=,2100.0,nM,5.68,CHEMBL284,Dipeptidyl peptidase 4,CCOC(=O)COc1ccc(CNC(=O)C2CC=NN2C(=O)C[C@H](N)Cc2cc(F)c(F)cc2F)cc1.Cl
2238107,CHEMBL459881,IC50,=,3100.0,nM,5.51,CHEMBL284,Dipeptidyl peptidase 4,Cl.N[C@@H](CC(=O)N1N=CCC1C(=O)NCc1ccc(S(N)(=O)=O)cc1)Cc1cc(F)c(F)cc1F
2238108,CHEMBL518629,IC50,=,1300.0,nM,5.89,CHEMBL284,Dipeptidyl peptidase 4,Cl.Nc1ccc(CNC(=O)C2CC=NN2C(=O)C[C@H](N)Cc2cc(F)c(F)cc2F)cc1
2238109,CHEMBL462564,IC50,=,3700.0,nM,5.43,CHEMBL284,Dipeptidyl peptidase 4,Cl.N[C@@H](CC(=O)N1N=CCC1C(=O)NCc1nc2ccccc2[nH]1)Cc1cc(F)c(F)cc1F
2238110,CHEMBL461112,IC50,=,7400.0,nM,5.13,CHEMBL284,Dipeptidyl peptidase 4,Cl.N[C@@H](CC(=O)N1N=CCC1C(=O)NCc1ccccn1)Cc1cc(F)c(F)cc1F
2238111,CHEMBL460951,IC50,=,770.0,nM,6.11,CHEMBL284,Dipeptidyl peptidase 4,CCOC(=O)c1ccc(NC(=O)C2CC=NN2C(=O)C[C@H](N)Cc2cc(F)c(F)cc2F)cc1.Cl
2238112,CHEMBL459883,IC50,=,1600.0,nM,5.80,CHEMBL284,Dipeptidyl peptidase 4,Cl.N[C@@H](CC(=O)N1N=CCC1C(=O)Nc1ccccc1)Cc1cc(F)c(F)cc1F
2238113,CHEMBL459882,IC50,=,3000.0,nM,5.52,CHEMBL284,Dipeptidyl peptidase 4,COC(=O)c1ccc(CNC(=O)C2CC=NN2C(=O)C[C@H](N)Cc2cc(F)c(F)cc2F)cc1.Cl
2238114,CHEMBL461129,IC50,=,1600.0,nM,5.80,CHEMBL284,Dipeptidyl peptidase 4,Cl.N[C@@H](CC(=O)N1N=CCC1C(=O)NCc1ccccc1)Cc1cc(F)c(F)cc1F
2238115,CHEMBL511872,IC50,=,5600.0,nM,5.25,CHEMBL284,Dipeptidyl peptidase 4,Cl.NC(=O)C1CC=NN1C(=O)C[C@H](N)Cc1cc(F)c(F)cc1F
2238116,CHEMBL460950,IC50,=,1900.0,nM,5.72,CHEMBL284,Dipeptidyl peptidase 4,COC(=O)Cc1ccc(OC(=O)C2CC=NN2C(=O)C[C@H](N)Cc2cc(F)c(F)cc2F)cc1.Cl
2238117,CHEMBL460949,IC50,=,1600.0,nM,5.80,CHEMBL284,Dipeptidyl peptidase 4,CCOC(=O)c1ccc(OC(=O)C2CC=NN2C(=O)C[C@H](N)Cc2cc(F)c(F)cc2F)cc1.Cl
2238118,CHEMBL452327,IC50,=,2200.0,nM,5.66,CHEMBL284,Dipeptidyl peptidase 4,Cl.N[C@@H](CC(=O)N1N=CCC1C(=O)Oc1ccccc1)Cc1cc(F)c(F)cc1F
2238119,CHEMBL452326,IC50,=,2700.0,nM,5.57,CHEMBL284,Dipeptidyl peptidase 4,COC(=O)c1ccc(COC(=O)C2CC=NN2C(=O)C[C@H](N)Cc2cc(F)c(F)cc2F)cc1.Cl
2238120,CHEMBL510797,IC50,=,710.0,nM,6.15,CHEMBL284,Dipeptidyl peptidase 4,Cl.N[C@@H](CC(=O)N1N=CCC1C(=O)OCc1ccccc1)Cc1cc(F)c(F)cc1F
2252396,CHEMBL234412,IC50,=,710.0,nM,6.15,CHEMBL284,Dipeptidyl peptidase 4,CCCC[C@H]1CN2CCc3cc(OC)c(OC)cc3[C@@H]2C[C@@H]1N
2252397,CHEMBL525183,IC50,=,370.0,nM,6.43,CHEMBL284,Dipeptidyl peptidase 4,NCc1c(N)nc2ccccc2c1-c1ccc(Cl)cc1Cl
2252398,CHEMBL186406,IC50,=,320.0,nM,6.50,CHEMBL284,Dipeptidyl peptidase 4,CCOC(=O)c1cnc(CN)c2c(OC)cc(OC)cc12
2252399,CHEMBL498167,IC50,=,250.0,nM,6.60,CHEMBL284,Dipeptidyl peptidase 4,CC(C)Cn1c(CN)c(-c2ccccc2)c2ccccc2c1=O
2252400,CHEMBL443250,IC50,=,170.0,nM,6.77,CHEMBL284,Dipeptidyl peptidase 4,N[C@H](C(=O)N1CCC(F)C1)C1CCCCC1
2252401,CHEMBL380860,IC50,=,110.0,nM,6.96,CHEMBL284,Dipeptidyl peptidase 4,N[C@H](C(=O)N1CC(F)(F)C(F)(F)C1)C1CCCCC1
2252402,CHEMBL280658,IC50,=,73.0,nM,7.14,CHEMBL284,Dipeptidyl peptidase 4,N[C@H](C(=O)N1CCC(F)(F)C1)C1CCCCC1
2252403,CHEMBL451319,IC50,=,69.0,nM,7.16,CHEMBL284,Dipeptidyl peptidase 4,Cc1cc2ccccc2n1C[C@H](C)NCC(=O)N1CCC[C@H]1C#N
2252404,CHEMBL496131,IC50,=,43.0,nM,7.37,CHEMBL284,Dipeptidyl peptidase 4,Cc1nc2c(s1)CC([C@H](N)C(=O)N1CC[C@H](F)C1)CC2
2252405,CHEMBL495932,IC50,=,25.0,nM,7.60,CHEMBL284,Dipeptidyl peptidase 4,N[C@H]1CCCCN(P(N)(=O)NS(=O)(=O)O)C1=O
2252406,CHEMBL77538,IC50,=,22.0,nM,7.66,CHEMBL284,Dipeptidyl peptidase 4,N#Cc1ccc(NCCNCC(=O)N2CCC[C@H]2C#N)nc1
2252407,CHEMBL504823,IC50,=,21.0,nM,7.68,CHEMBL284,Dipeptidyl peptidase 4,N[C@H]1CCCN([P@@](N)(=O)NS(=O)(=O)O)C1=O
2252408,CHEMBL1422,IC50,=,18.0,nM,7.75,CHEMBL284,Dipeptidyl peptidase 4,N[C@@H](CC(=O)N1CCn2c(nnc2C(F)(F)F)C1)Cc1cc(F)c(F)cc1F
2252409,CHEMBL507254,IC50,=,12.0,nM,7.92,CHEMBL284,Dipeptidyl peptidase 4,N#CC1CCCN1C(=O)C(N)C1CCCCC1
2252410,CHEMBL497993,IC50,=,11.0,nM,7.96,CHEMBL284,Dipeptidyl peptidase 4,N[C@H]1CCN(P(N)(N)=O)C1=O
2252411,CHEMBL324777,IC50,=,9.0,nM,8.05,CHEMBL284,Dipeptidyl peptidase 4,COCCN(C)c1nc(N)c(CN)c(-c2ccc(Cl)cc2Cl)n1
2252412,CHEMBL497992,IC50,=,2.6,nM,8.59,CHEMBL284,Dipeptidyl peptidase 4,N[C@H](C(=O)N1CCCC1)[C@H]1CC[C@H](NS(=O)(=O)c2ccc(NS(=O)(=O)CC(F)(F)F)cc2)CC1
2252413,CHEMBL509777,IC50,=,390000.0,nM,,CHEMBL284,Dipeptidyl peptidase 4,N#C[C@@H]1CCCN1C(=O)CN1CCc2ccccc2C1
2252414,CHEMBL361235,IC50,=,230000.0,nM,,CHEMBL284,Dipeptidyl peptidase 4,N[C@H](C(=O)N1CCc2ccccc2C1)C1CCCCC1
2252415,CHEMBL523066,IC50,=,180000.0,nM,,CHEMBL284,Dipeptidyl peptidase 4,N#C[C@@H]1CCCN1C(=O)N[C@@H](CN)C1CCCCC1
2252416,CHEMBL496953,IC50,=,50000.0,nM,4.30,CHEMBL284,Dipeptidyl peptidase 4,N[C@@H](COc1cc(F)cc(F)c1)Cc1cc2ccccc2[nH]1
2252417,CHEMBL497782,IC50,=,13000.0,nM,4.89,CHEMBL284,Dipeptidyl peptidase 4,N#C[C@@H]1Cc2ccccc2CN1C(=O)[C@@H](N)Cc1cc2ccccc2[nH]1
2252418,CHEMBL522911,IC50,=,12000.0,nM,4.92,CHEMBL284,Dipeptidyl peptidase 4,N#C[C@@H]1CCCN1C(=O)N[C@H](CN)C1CCCCC1
2252419,CHEMBL371907,IC50,=,3300.0,nM,5.48,CHEMBL284,Dipeptidyl peptidase 4,N#C[C@@H]1CCCN1C(=O)CNCC(=O)N1CCc2ccccc2C1
2252420,CHEMBL527015,IC50,=,45.0,nM,7.35,CHEMBL284,Dipeptidyl peptidase 4,N#C[C@@H]1CCCN1C(=O)/C(N)=C/C(=O)N1Cc2ccccc2C1
2252421,CHEMBL522909,IC50,=,21.0,nM,7.68,CHEMBL284,Dipeptidyl peptidase 4,C=CCN(CC=C)C(=O)n1cnc(S(=O)(=O)C2CC3CCC2C3)n1
2258951,CHEMBL513764,IC50,=,7800.0,nM,5.11,CHEMBL284,Dipeptidyl peptidase 4,CC1(NC(=O)C[C@H](N)Cc2ccccc2F)CCN(Cc2ccccc2)CC1
2258952,CHEMBL471633,IC50,=,1000.0,nM,6.00,CHEMBL284,Dipeptidyl peptidase 4,N[C@@H](CC(=O)NC1(c2ccccc2)CCN(Cc2ccccc2)CC1)Cc1ccccc1F
2258953,CHEMBL471841,IC50,=,2200.0,nM,5.66,CHEMBL284,Dipeptidyl peptidase 4,N[C@@H](CC(=O)NC1(Cc2ccccc2)CCN(Cc2ccccc2)CC1)Cc1ccccc1F
2258954,CHEMBL471842,IC50,=,870.0,nM,6.06,CHEMBL284,Dipeptidyl peptidase 4,CN1CCC(NC(=O)C[C@H](N)Cc2ccccc2F)(c2ccccc2)CC1
2258955,CHEMBL470170,IC50,=,2500.0,nM,5.60,CHEMBL284,Dipeptidyl peptidase 4,N[C@@H](CC(=O)NC1(c2ccccc2)CCOCC1)Cc1ccccc1F
2258956,CHEMBL470171,IC50,=,3300.0,nM,5.48,CHEMBL284,Dipeptidyl peptidase 4,N[C@@H](CC(=O)NC1(c2ccccc2)CCSCC1)Cc1ccccc1F
2258957,CHEMBL512145,IC50,=,570.0,nM,6.24,CHEMBL284,Dipeptidyl peptidase 4,N[C@@H](CC(=O)NC1(c2ccccc2)CCS(=O)(=O)CC1)Cc1ccccc1F
2258958,CHEMBL469325,IC50,=,470.0,nM,6.33,CHEMBL284,Dipeptidyl peptidase 4,N[C@@H](CC(=O)NC1(c2ccccn2)CCS(=O)(=O)CC1)Cc1ccccc1F
2258959,CHEMBL469538,IC50,=,190.0,nM,6.72,CHEMBL284,Dipeptidyl peptidase 4,N[C@@H](CC(=O)NC1(c2nccs2)CCS(=O)(=O)CC1)Cc1ccccc1F
2258960,CHEMBL512718,IC50,=,64.0,nM,7.19,CHEMBL284,Dipeptidyl peptidase 4,N[C@@H](CC(=O)NC1(c2nc3ccccc3s2)CCS(=O)(=O)CC1)Cc1ccccc1F
2258961,CHEMBL472027,IC50,=,13.0,nM,7.89,CHEMBL284,Dipeptidyl peptidase 4,N[C@@H](CC(=O)NC1(c2nc3ccccc3s2)CCS(=O)(=O)CC1)Cc1cc(F)c(F)cc1F
2258962,CHEMBL512709,IC50,=,12.0,nM,7.92,CHEMBL284,Dipeptidyl peptidase 4,COc1ccc2nc(C3(NC(=O)C[C@H](N)Cc4ccccc4F)CCS(=O)(=O)CC3)sc2c1
2258963,CHEMBL470356,IC50,=,2.7,nM,8.57,CHEMBL284,Dipeptidyl peptidase 4,COc1ccc2nc(C3(NC(=O)C[C@H](N)Cc4cc(F)c(F)cc4F)CCS(=O)(=O)CC3)sc2c1
2258964,CHEMBL470357,IC50,=,3.3,nM,8.48,CHEMBL284,Dipeptidyl peptidase 4,COc1ccc2sc(C3(NC(=O)C[C@H](N)Cc4cc(F)c(F)cc4F)CCS(=O)(=O)CC3)nc2c1
2258965,CHEMBL513543,IC50,=,270.0,nM,6.57,CHEMBL284,Dipeptidyl peptidase 4,COc1cccc2sc(C3(NC(=O)C[C@H](N)Cc4ccccc4F)CCS(=O)(=O)CC3)nc12
2258966,CHEMBL469730,IC50,=,35.0,nM,7.46,CHEMBL284,Dipeptidyl peptidase 4,N[C@@H](CC(=O)NC1(c2nc3ccc(Cl)cc3s2)CCS(=O)(=O)CC1)Cc1ccccc1F
2258967,CHEMBL469521,IC50,=,130.0,nM,6.89,CHEMBL284,Dipeptidyl peptidase 4,N[C@@H](CC(=O)NC1(c2nc3c(Cl)cccc3s2)CCS(=O)(=O)CC1)Cc1ccccc1F
2258968,CHEMBL469522,IC50,=,70.0,nM,7.16,CHEMBL284,Dipeptidyl peptidase 4,Cc1ccc2nc(C3(NC(=O)C[C@H](N)Cc4ccccc4F)CCS(=O)(=O)CC3)sc2c1
2258969,CHEMBL469740,IC50,=,350.0,nM,6.46,CHEMBL284,Dipeptidyl peptidase 4,Cc1cccc2sc(C3(NC(=O)C[C@H](N)Cc4ccccc4F)CCS(=O)(=O)CC3)nc12
2258970,CHEMBL471834,IC50,=,1.0,nM,9.00,CHEMBL284,Dipeptidyl peptidase 4,COCCOc1ccc2nc(C3(NC(=O)C[C@H](N)Cc4cc(F)c(F)cc4F)CCS(=O)(=O)CC3)sc2c1
2258971,CHEMBL470164,IC50,=,3.6,nM,8.44,CHEMBL284,Dipeptidyl peptidase 4,COCCOc1ccc2nc(C3(NC(=O)C[C@H](N)Cc4cc(F)c(F)cc4F)CCOCC3)sc2c1
2258972,CHEMBL512651,IC50,=,0.64,nM,9.19,CHEMBL284,Dipeptidyl peptidase 4,COCCOc1ccc2nc(C3(NC(=O)C[C@H](N)Cc4cc(Cl)ccc4F)CCS(=O)(=O)CC3)sc2c1
2258973,CHEMBL469317,IC50,=,1.9,nM,8.72,CHEMBL284,Dipeptidyl peptidase 4,COCCOc1ccc2nc(C3(NC(=O)C[C@H](N)Cc4cc(Cl)ccc4F)CCOCC3)sc2c1
2258974,CHEMBL504021,IC50,=,0.79,nM,9.10,CHEMBL284,Dipeptidyl peptidase 4,N[C@@H](CC(=O)NC1(c2nc3ccc(OCCN4CCOCC4)cc3s2)CCS(=O)(=O)CC1)Cc1cc(F)c(F)cc1F
2275003,CHEMBL1422,IC50,=,30.0,nM,7.52,CHEMBL284,Dipeptidyl peptidase 4,N[C@@H](CC(=O)N1CCn2c(nnc2C(F)(F)F)C1)Cc1cc(F)c(F)cc1F
2275007,CHEMBL142703,IC50,=,56.0,nM,7.25,CHEMBL284,Dipeptidyl peptidase 4,N#C[C@@H]1CCCN1C(=O)CNC12CC3CC(CC(O)(C3)C1)C2
2275011,CHEMBL522002,IC50,=,298.0,nM,6.53,CHEMBL284,Dipeptidyl peptidase 4,N#C[C@@H]1CCCN1C(=O)[C@@H](N)CC(=O)N1Cc2ccccc2C1
2275015,CHEMBL493544,IC50,=,10.0,nM,8.00,CHEMBL284,Dipeptidyl peptidase 4,N#C[C@@H]1CCCN1C(=O)[C@@H](N)CCCC(=O)N1Cc2ccccc2C1
2275019,CHEMBL493760,IC50,=,1600.0,nM,5.80,CHEMBL284,Dipeptidyl peptidase 4,N[C@@H](CCC(=O)N1Cc2ccccc2C1)C(=O)N1CCSC1
2275023,CHEMBL475662,IC50,=,8.0,nM,8.10,CHEMBL284,Dipeptidyl peptidase 4,C[C@H](CC(=O)N1CCn2c(nnc2C(F)(F)F)C1)[C@H](N)C(=O)N1CCC[C@H]1C#N.O=C(O)C(F)(F)F
2275028,CHEMBL474002,IC50,=,31.0,nM,7.51,CHEMBL284,Dipeptidyl peptidase 4,CC[C@H](CC(=O)N1CCn2c(nnc2C(F)(F)F)C1)[C@H](N)C(=O)N1CCC[C@H]1C#N.O=C(O)C(F)(F)F
2275033,CHEMBL474003,IC50,=,12.0,nM,7.92,CHEMBL284,Dipeptidyl peptidase 4,CC(C)(CC(=O)N1CCn2c(nnc2C(F)(F)F)C1)[C@H](N)C(=O)N1CCC[C@H]1C#N.O=C(O)C(F)(F)F
2275038,CHEMBL475169,IC50,=,31.0,nM,7.51,CHEMBL284,Dipeptidyl peptidase 4,CC(C)(CC(=O)N1CCn2nc(C(F)(F)F)nc2C1)[C@H](N)C(=O)N1CCC[C@H]1C#N.O=C(O)C(F)(F)F
2275043,CHEMBL475863,IC50,=,12.0,nM,7.92,CHEMBL284,Dipeptidyl peptidase 4,CC(C)(CC(=O)N1Cc2ccccc2C1)[C@H](N)C(=O)N1CCC[C@H]1C#N.O=C(O)C(F)(F)F
2275048,CHEMBL474025,IC50,=,16.0,nM,7.80,CHEMBL284,Dipeptidyl peptidase 4,CC(C)(CC(=O)N1CCc2ccccc2C1)[C@H](N)C(=O)N1CCC[C@H]1C#N.O=C(O)C(F)(F)F
2275053,CHEMBL514006,IC50,=,25.0,nM,7.60,CHEMBL284,Dipeptidyl peptidase 4,CC(C)(CC(=O)N1CCc2ccsc2C1)[C@H](N)C(=O)N1CCC[C@H]1C#N.O=C(O)C(F)(F)F
2275058,CHEMBL475870,IC50,=,14.0,nM,7.85,CHEMBL284,Dipeptidyl peptidase 4,COC[C@@H]1CCCN1C(=O)CC(C)(C)[C@H](N)C(=O)N1CCC[C@H]1C#N.O=C(O)C(F)(F)F
2275063,CHEMBL514317,IC50,=,13.0,nM,7.89,CHEMBL284,Dipeptidyl peptidase 4,C[C@@H]1CCCN1C(=O)CC(C)(C)[C@H](N)C(=O)N1CCC[C@H]1C#N.O=C(O)C(F)(F)F
2275068,CHEMBL493543,IC50,=,2.0,nM,8.70,CHEMBL284,Dipeptidyl peptidase 4,N#C[C@@H]1CCCN1C(=O)[C@@H](N)CCC(=O)N1Cc2ccccc2C1
2275069,CHEMBL2364733,IC50,=,2.0,nM,8.70,CHEMBL284,Dipeptidyl peptidase 4,N#C[C@H]1CCCN1C(=O)[C@@H](N)CCC(=O)N1Cc2ccccc2C1.O=C(O)C(F)(F)F
2275077,CHEMBL494146,IC50,=,5.0,nM,8.30,CHEMBL284,Dipeptidyl peptidase 4,N#C[C@@H]1CCCN1C(=O)[C@@H](N)CCC(=O)N1CCc2ccccc2C1.O=C(O)C(F)(F)F
2275082,CHEMBL494147,IC50,=,35.0,nM,7.46,CHEMBL284,Dipeptidyl peptidase 4,COc1cc2c(cc1OC)C(C(C)C)N(C(=O)CC[C@H](N)C(=O)N1CCC[C@H]1C#N)CC2.O=C(O)C(F)(F)F
2275087,CHEMBL494339,IC50,=,40.0,nM,7.40,CHEMBL284,Dipeptidyl peptidase 4,N#C[C@@H]1CCCN1C(=O)[C@@H](N)CCC(=O)N1CCc2nc(-c3ccc(F)cc3)sc2C1.O=C(O)C(F)(F)F
2275092,CHEMBL494340,IC50,=,6.0,nM,8.22,CHEMBL284,Dipeptidyl peptidase 4,N#C[C@@H]1CCCN1C(=O)[C@@H](N)CCC(=O)N1CCc2ccsc2C1.O=C(O)C(F)(F)F
2275097,CHEMBL492536,IC50,=,7.0,nM,8.15,CHEMBL284,Dipeptidyl peptidase 4,N#C[C@@H]1CCCN1C(=O)[C@@H](N)CCC(=O)N1CCn2cnnc2C1.O=C(O)C(F)(F)F
2275102,CHEMBL492733,IC50,=,5.0,nM,8.30,CHEMBL284,Dipeptidyl peptidase 4,N#C[C@@H]1CCCN1C(=O)[C@@H](N)CCC(=O)N1CCn2c(nnc2C(F)(F)F)C1.O=C(O)C(F)(F)F
2275107,CHEMBL474047,IC50,=,9.0,nM,8.05,CHEMBL284,Dipeptidyl peptidase 4,N#C[C@@H]1CCCN1C(=O)[C@@H](N)CCC(=O)N1CCn2nc(C(F)(F)F)nc2C1.O=C(O)C(F)(F)F
2275112,CHEMBL474048,IC50,=,6.0,nM,8.22,CHEMBL284,Dipeptidyl peptidase 4,N#C[C@@H]1CCCN1C(=O)[C@@H](N)CCC(=O)N1CCn2cc(C(F)(F)F)nc2C1.O=C(O)C(F)(F)F
2275117,CHEMBL474049,IC50,=,7.0,nM,8.15,CHEMBL284,Dipeptidyl peptidase 4,N#C[C@@H]1CCCN1C(=O)[C@@H](N)CCC(=O)N1CCCC1.O=C(O)C(F)(F)F
2275122,CHEMBL474211,IC50,=,10.0,nM,8.00,CHEMBL284,Dipeptidyl peptidase 4,N#C[C@@H]1CCCN1C(=O)[C@@H](N)CCC(=O)N1CCSC1.O=C(O)C(F)(F)F
2275127,CHEMBL474394,IC50,=,22.0,nM,7.66,CHEMBL284,Dipeptidyl peptidase 4,COC[C@H]1CCCN1C(=O)CC[C@H](N)C(=O)N1CCC[C@H]1C#N.O=C(O)C(F)(F)F
2275132,CHEMBL475465,IC50,=,7.0,nM,8.15,CHEMBL284,Dipeptidyl peptidase 4,COC[C@@H]1CCCN1C(=O)CC[C@H](N)C(=O)N1CCC[C@H]1C#N.O=C(O)C(F)(F)F
2275137,CHEMBL474800,IC50,=,15.0,nM,7.82,CHEMBL284,Dipeptidyl peptidase 4,N#C[C@@H]1CCCN1C(=O)[C@@H](N)CCC(=O)N1CCCCC1.O=C(O)C(F)(F)F
2275142,CHEMBL475634,IC50,=,17.0,nM,7.77,CHEMBL284,Dipeptidyl peptidase 4,N#C[C@@H]1CCCN1C(=O)[C@@H](N)CCC(=O)N1CCOCC1.O=C(O)C(F)(F)F
2275147,CHEMBL516080,IC50,=,31.0,nM,7.51,CHEMBL284,Dipeptidyl peptidase 4,CCOC(=O)N1CCN(C(=O)CC[C@H](N)C(=O)N2CCC[C@H]2C#N)CC1.O=C(O)C(F)(F)F
2275152,CHEMBL474808,IC50,=,8.0,nM,8.10,CHEMBL284,Dipeptidyl peptidase 4,N#C[C@@H]1CCCN1C(=O)[C@@H](N)CCC(=O)N1CCN(C(=O)C(F)(F)F)CC1.O=C(O)C(F)(F)F
2275157,CHEMBL474982,IC50,=,19.0,nM,7.72,CHEMBL284,Dipeptidyl peptidase 4,N#C[C@@H]1CCCN1C(=O)[C@@H](N)CCC(=O)N1CCN(c2ccncc2)CC1.O=C(O)C(F)(F)F
2275162,CHEMBL515435,IC50,=,37.0,nM,7.43,CHEMBL284,Dipeptidyl peptidase 4,N#C[C@@H]1CCCN1C(=O)[C@@H](N)CCC(=O)Nc1ccccc1.O=C(O)C(F)(F)F
2275167,CHEMBL474983,IC50,=,11.0,nM,7.96,CHEMBL284,Dipeptidyl peptidase 4,N#C[C@@H]1CCCN1C(=O)[C@@H](N)CCC(=O)NC1CCCC1.O=C(O)C(F)(F)F
2362705,CHEMBL67279,Ki,=,0.18,nM,9.74,CHEMBL284,Dipeptidyl peptidase 4,CC(C)[C@H](N)C(=O)N1CCC[C@H]1B(O)O
2362710,CHEMBL460984,Ki,=,3300.0,nM,5.48,CHEMBL284,Dipeptidyl peptidase 4,CC(=O)N[C@H](C(=O)N1CCC[C@H]1B(O)O)C(C)C
2362711,CHEMBL501506,Ki,=,17.0,nM,7.77,CHEMBL284,Dipeptidyl peptidase 4,C[C@H](NC(=O)[C@@H](N)CCC(N)=O)B(O)O
2362712,CHEMBL365322,Ki,=,3.9,nM,8.41,CHEMBL284,Dipeptidyl peptidase 4,CC(C)[C@H](N)C(=O)N[C@@H](C)B(O)O
2362713,CHEMBL447366,Ki,=,8.3,nM,8.08,CHEMBL284,Dipeptidyl peptidase 4,C[C@H](NC(=O)[C@@H](N)CCC(=O)O)B(O)O
2362714,CHEMBL67089,Ki,=,0.4,nM,9.40,CHEMBL284,Dipeptidyl peptidase 4,NCC(=O)N1CCC[C@H]1B(O)O
2362715,CHEMBL494497,Ki,=,1.8,nM,8.74,CHEMBL284,Dipeptidyl peptidase 4,N[C@@H](CCC(=O)O)C(=O)N1CCC[C@H]1B(O)O
2362716,CHEMBL63860,Ki,=,0.27,nM,9.57,CHEMBL284,Dipeptidyl peptidase 4,C[C@H](N)C(=O)N1CCC[C@H]1B(O)O
2409792,CHEMBL470428,IC50,>,30000.0,nM,,CHEMBL284,Dipeptidyl peptidase 4,NCCc1cc(F)c(F)cc1F
2409793,CHEMBL445544,IC50,=,1930.0,nM,5.71,CHEMBL284,Dipeptidyl peptidase 4,CC(C)[C@H](N)Cc1cc(F)c(F)cc1F
2409794,CHEMBL450211,IC50,=,3580.0,nM,5.45,CHEMBL284,Dipeptidyl peptidase 4,N[C@H](Cc1cc(F)c(F)cc1F)C1CCCCC1
2409795,CHEMBL510157,IC50,>,30000.0,nM,,CHEMBL284,Dipeptidyl peptidase 4,N[C@H](Cc1cc(F)c(F)cc1F)CC1CCCCC1
2409796,CHEMBL450091,IC50,=,25900.0,nM,4.59,CHEMBL284,Dipeptidyl peptidase 4,CC(C)(C)[C@H](N)Cc1cc(F)c(F)cc1F
2409797,CHEMBL469545,IC50,>,30000.0,nM,,CHEMBL284,Dipeptidyl peptidase 4,Fc1cc(F)c(C[C@@H]2CCCCN2)cc1F
2409798,CHEMBL501314,IC50,=,3250.0,nM,5.49,CHEMBL284,Dipeptidyl peptidase 4,COC(=O)c1ccc(C(N)Cc2cc(F)c(F)cc2F)cc1
2409799,CHEMBL509672,IC50,=,1420.0,nM,5.85,CHEMBL284,Dipeptidyl peptidase 4,COC(=O)c1ccc([C@H](N)Cc2cc(F)c(F)cc2F)cc1
2409800,CHEMBL471648,IC50,>,30000.0,nM,,CHEMBL284,Dipeptidyl peptidase 4,COC(=O)c1ccc([C@@H](N)Cc2cc(F)c(F)cc2F)cc1
2410498,CHEMBL496691,IC50,=,1970.0,nM,5.71,CHEMBL284,Dipeptidyl peptidase 4,N[C@H](Cc1cc(F)c(F)cc1F)c1ccncc1
2410499,CHEMBL451619,IC50,=,272.0,nM,6.57,CHEMBL284,Dipeptidyl peptidase 4,N[C@H](Cc1cc(F)c(F)cc1F)C1CCNCC1
2410500,CHEMBL496863,IC50,=,270.0,nM,6.57,CHEMBL284,Dipeptidyl peptidase 4,CC(C)(C)OC(=O)N1CCC([C@H](N)Cc2cc(F)c(F)cc2F)CC1
2410501,CHEMBL497735,IC50,=,35.0,nM,7.46,CHEMBL284,Dipeptidyl peptidase 4,N[C@H](Cc1cc(F)c(F)cc1F)C1CCN(C(=O)c2ccc(F)cc2F)CC1
2410502,CHEMBL498749,IC50,=,26.0,nM,7.58,CHEMBL284,Dipeptidyl peptidase 4,N[C@H](Cc1cc(F)c(F)cc1F)C1CCN(C(=O)c2cc3ccccc3cn2)CC1
2410503,CHEMBL525011,IC50,=,19.0,nM,7.72,CHEMBL284,Dipeptidyl peptidase 4,Nc1nccnc1C(=O)N1CCC([C@H](N)Cc2cc(F)c(F)cc2F)CC1
2410504,CHEMBL485123,IC50,=,18.0,nM,7.75,CHEMBL284,Dipeptidyl peptidase 4,Cc1ncc(C)c(C(=O)N2CCC([C@H](N)Cc3cc(F)c(F)cc3F)CC2)n1
2410505,CHEMBL485124,IC50,=,22.0,nM,7.66,CHEMBL284,Dipeptidyl peptidase 4,Cc1nccnc1C(=O)N1CCC([C@H](N)Cc2cc(F)c(F)cc2F)CC1
2410506,CHEMBL485125,IC50,=,27.0,nM,7.57,CHEMBL284,Dipeptidyl peptidase 4,N[C@H](Cc1cc(F)c(F)cc1F)C1CCN(C(=O)c2cnc3ncccn23)CC1
2410507,CHEMBL484528,IC50,=,4.0,nM,8.40,CHEMBL284,Dipeptidyl peptidase 4,Cc1cc2ncc(C(=O)N3CCC([C@H](N)Cc4cc(F)c(F)cc4F)CC3)c(C)n2n1
2450501,CHEMBL397070,IC50,=,90000.0,nM,4.05,CHEMBL284,Dipeptidyl peptidase 4,CC[C@@H](C)[C@H](N)C(=O)N1Cc2ccccc2C1
2450502,CHEMBL453582,IC50,>,250000.0,nM,,CHEMBL284,Dipeptidyl peptidase 4,O=C([C@@H]1C[C@@H](Nc2ccc3ccccc3c2)CN1)N1Cc2ccccc2C1
2450503,CHEMBL508197,IC50,>,500000.0,nM,,CHEMBL284,Dipeptidyl peptidase 4,O=C([C@@H]1C[C@@H](N(Cc2ccccc2)Cc2ccccc2)CN1)N1Cc2ccccc2C1
2450504,CHEMBL452521,IC50,>,1000000.0,nM,,CHEMBL284,Dipeptidyl peptidase 4,O=C([C@@H]1C[C@@H](NCc2ccccc2)CN1)N1Cc2ccccc2C1
2450505,CHEMBL452520,IC50,>,500000.0,nM,,CHEMBL284,Dipeptidyl peptidase 4,N[C@H]1CN[C@H](C(=O)N2Cc3ccccc3C2)C1
2450507,CHEMBL488493,IC50,>,100000.0,nM,,CHEMBL284,Dipeptidyl peptidase 4,O=C([C@@H]1C[C@H](Nc2ccc3ccccc3c2)CN1)N1Cc2ccccc2C1
2450509,CHEMBL527647,IC50,=,4970.0,nM,5.30,CHEMBL284,Dipeptidyl peptidase 4,O=C([C@@H]1C[C@H](Nc2cccc3ccccc23)CN1)N1Cc2ccccc2C1
2450510,CHEMBL486049,IC50,>,250000.0,nM,,CHEMBL284,Dipeptidyl peptidase 4,O=C([C@@H]1C[C@H](NCc2ccccc2)CN1)N1Cc2ccccc2C1
2450511,CHEMBL488047,IC50,>,31250.0,nM,,CHEMBL284,Dipeptidyl peptidase 4,N[C@@H](CCCCN(c1ccc2ccccc2c1)c1ccc2ccccc2c1)C(=O)N1Cc2ccccc2C1
2450512,CHEMBL487872,IC50,=,178000.0,nM,,CHEMBL284,Dipeptidyl peptidase 4,N[C@@H](CCCCNc1ccc2ccccc2c1)C(=O)N1Cc2ccccc2C1
2450513,CHEMBL487871,IC50,>,62500.0,nM,,CHEMBL284,Dipeptidyl peptidase 4,N[C@@H](CCCCN(Cc1ccccc1)Cc1ccccc1)C(=O)N1Cc2ccccc2C1
2450514,CHEMBL520200,IC50,>,50000.0,nM,,CHEMBL284,Dipeptidyl peptidase 4,N[C@@H](CCCCNCc1ccccc1)C(=O)N1Cc2ccccc2C1
2450515,CHEMBL488227,IC50,=,245000.0,nM,,CHEMBL284,Dipeptidyl peptidase 4,N[C@@H](CCCCNC(=O)OCc1ccccc1)C(=O)N1Cc2ccccc2C1
2450516,CHEMBL488226,IC50,=,161000.0,nM,,CHEMBL284,Dipeptidyl peptidase 4,NCCCC[C@H](N)C(=O)N1Cc2ccccc2C1
2450517,CHEMBL488225,IC50,>,100000.0,nM,,CHEMBL284,Dipeptidyl peptidase 4,CC[C@@H](C)[C@H](N)C(=O)N1Cc2ccc(C(F)(F)F)cc2C1
2450518,CHEMBL506177,IC50,>,100000.0,nM,,CHEMBL284,Dipeptidyl peptidase 4,CC[C@@H](C)[C@H](N)C(=O)N1Cc2ccc(C)cc2C1
2450519,CHEMBL502153,IC50,>,100000.0,nM,,CHEMBL284,Dipeptidyl peptidase 4,CC[C@@H](C)[C@H](N)C(=O)N1Cc2ccc(F)cc2C1
2450520,CHEMBL488105,IC50,>,100000.0,nM,,CHEMBL284,Dipeptidyl peptidase 4,CC[C@@H](C)[C@H](N)C(=O)N1Cc2cccc(F)c2C1
2450521,CHEMBL453199,IC50,>,100000.0,nM,,CHEMBL284,Dipeptidyl peptidase 4,CC[C@H](C)[C@H](N)C(=O)N1Cc2cccnc2C1
2450522,CHEMBL487432,IC50,>,100000.0,nM,,CHEMBL284,Dipeptidyl peptidase 4,CC[C@H](C)[C@H](N)C(=O)N1Cc2ccc(N=[N+]=[N-])cc2C1
2450523,CHEMBL510322,IC50,>,50000.0,nM,,CHEMBL284,Dipeptidyl peptidase 4,CC[C@H](C)[C@H](N)C(=O)N1Cc2ccc([N+](=O)[O-])cc2C1
2450524,CHEMBL508193,IC50,>,100000.0,nM,,CHEMBL284,Dipeptidyl peptidase 4,CC[C@H](C)[C@H](N)C(=O)N1Cc2ccc(I)cc2C1
2450525,CHEMBL469878,IC50,>,100000.0,nM,,CHEMBL284,Dipeptidyl peptidase 4,CC[C@H](C)[C@H](N)C(=O)N1Cc2ccc(Br)cc2C1
2450526,CHEMBL469679,IC50,>,100000.0,nM,,CHEMBL284,Dipeptidyl peptidase 4,CC[C@H](C)[C@H](N)C(=O)N1Cc2ccc(C(F)(F)F)cc2C1
2450527,CHEMBL469678,IC50,>,100000.0,nM,,CHEMBL284,Dipeptidyl peptidase 4,CC[C@H](C)[C@H](N)C(=O)N1Cc2ccc(C(C)(C)C)cc2C1
2450528,CHEMBL469669,IC50,>,100000.0,nM,,CHEMBL284,Dipeptidyl peptidase 4,CC[C@H](C)[C@H](N)C(=O)N1Cc2ccc(C)cc2C1
2450529,CHEMBL466590,IC50,=,80100.0,nM,4.10,CHEMBL284,Dipeptidyl peptidase 4,CC[C@H](C)[C@H](N)C(=O)N1Cc2ccc(F)cc2C1
2450530,CHEMBL469892,IC50,>,100000.0,nM,,CHEMBL284,Dipeptidyl peptidase 4,CC[C@H](C)[C@H](N)C(=O)N1Cc2cccc(C)c2C1
2450531,CHEMBL469891,IC50,>,100000.0,nM,,CHEMBL284,Dipeptidyl peptidase 4,CC[C@H](C)[C@H](N)C(=O)N1Cc2cccc(F)c2C1
2450532,CHEMBL469890,IC50,=,115000.0,nM,,CHEMBL284,Dipeptidyl peptidase 4,CC[C@H](C)[C@H](N)C(=O)N1Cc2ccccc2C1
2450688,CHEMBL383705,IC50,=,5400.0,nM,5.27,CHEMBL284,Dipeptidyl peptidase 4,CC(C)[C@H](N)C(=O)N1CCCC1
2450689,CHEMBL481466,IC50,,,,,CHEMBL284,Dipeptidyl peptidase 4,N#C[C@@H]1C[C@H](N=[N+]=[N-])CN1C(=O)[C@@H](N)CCCCN(c1ccc2ccccc2c1)c1ccc2ccccc2c1
2450690,CHEMBL472128,IC50,=,560.0,nM,6.25,CHEMBL284,Dipeptidyl peptidase 4,N#C[C@@H]1C[C@H](N=[N+]=[N-])CN1C(=O)[C@@H](N)CCCCNc1ccc2ccccc2c1
2450691,CHEMBL518144,IC50,=,2500.0,nM,5.60,CHEMBL284,Dipeptidyl peptidase 4,N#C[C@@H]1C[C@H](N=[N+]=[N-])CN1C(=O)[C@@H](N)CCCCN(c1cccc2ccccc12)c1cccc2ccccc12
2450692,CHEMBL511659,IC50,=,52000.0,nM,4.28,CHEMBL284,Dipeptidyl peptidase 4,CC[C@@H](C)[C@H](N)C(=O)N1C[C@H](N=[N+]=[N-])C[C@H]1C#N
2450693,CHEMBL471747,IC50,=,530.0,nM,6.28,CHEMBL284,Dipeptidyl peptidase 4,N#C[C@@H]1C[C@H](N=[N+]=[N-])CN1C(=O)[C@@H](N)CCCCNC(=O)OCc1ccccc1
2450694,CHEMBL471731,IC50,=,2200.0,nM,5.66,CHEMBL284,Dipeptidyl peptidase 4,N#C[C@@H]1C[C@H](N=[N+]=[N-])CN1C(=O)[C@@H](N)CCCCN
2450695,CHEMBL471547,IC50,=,290.0,nM,6.54,CHEMBL284,Dipeptidyl peptidase 4,CC[C@@H](C)[C@H](N)C(=O)N1C[C@@H](N=[N+]=[N-])C[C@H]1C#N
2450696,CHEMBL471546,IC50,=,340.0,nM,6.47,CHEMBL284,Dipeptidyl peptidase 4,CC[C@H](C)[C@H](N)C(=O)N1C[C@@H](N=[N+]=[N-])C[C@H]1C#N
2451343,CHEMBL512705,IC50,>,1000000.0,nM,,CHEMBL284,Dipeptidyl peptidase 4,N[C@@H](CCCCNC(=O)OCc1ccccc1)C(=O)N1CCCc2ccccc21
2451344,CHEMBL488227,IC50,=,245000.0,nM,,CHEMBL284,Dipeptidyl peptidase 4,N[C@@H](CCCCNC(=O)OCc1ccccc1)C(=O)N1Cc2ccccc2C1
2451345,CHEMBL471544,IC50,=,35.0,nM,7.46,CHEMBL284,Dipeptidyl peptidase 4,N#C[C@@H]1CCCN1C(=O)[C@@H](N)CCCCNC(=O)OCc1ccccc1
2451346,CHEMBL461092,IC50,=,3700.0,nM,5.43,CHEMBL284,Dipeptidyl peptidase 4,N[C@@H](CCCCNC(=O)OCc1ccccc1)C(=O)N1CCSC1
2451347,CHEMBL449318,IC50,>,1000000.0,nM,,CHEMBL284,Dipeptidyl peptidase 4,NCCCC[C@H](N)C(=O)N1CCCc2ccccc21
2451348,CHEMBL488226,IC50,=,161000.0,nM,,CHEMBL284,Dipeptidyl peptidase 4,NCCCC[C@H](N)C(=O)N1Cc2ccccc2C1
2451349,CHEMBL461913,IC50,=,51000.0,nM,4.29,CHEMBL284,Dipeptidyl peptidase 4,N#C[C@@H]1CCCCN1C(=O)[C@@H](N)CCCCN
2451350,CHEMBL461912,IC50,=,320.0,nM,6.50,CHEMBL284,Dipeptidyl peptidase 4,N#C[C@@H]1CCCN1C(=O)[C@@H](N)CCCCN
2451351,CHEMBL456298,IC50,>,1000000.0,nM,,CHEMBL284,Dipeptidyl peptidase 4,[N-]=[N+]=NC1CCN(C(=O)[C@@H](N)CCCCN)C1
2451352,CHEMBL461911,IC50,=,500000.0,nM,,CHEMBL284,Dipeptidyl peptidase 4,NCCCC[C@H](N)C(=O)N1CCC(O)C1
2451353,CHEMBL455298,IC50,=,23000.0,nM,4.64,CHEMBL284,Dipeptidyl peptidase 4,NCCCC[C@H](N)C(=O)N1CCSC1
2451354,CHEMBL461506,IC50,=,247000.0,nM,,CHEMBL284,Dipeptidyl peptidase 4,NCCCC[C@H](N)C(=O)N1CCCCC1
2451355,CHEMBL469890,IC50,=,115000.0,nM,,CHEMBL284,Dipeptidyl peptidase 4,CC[C@H](C)[C@H](N)C(=O)N1Cc2ccccc2C1
2451356,CHEMBL457550,IC50,>,1000000.0,nM,,CHEMBL284,Dipeptidyl peptidase 4,CC[C@H](C)[C@H](N)C(=O)NC1CCCC1
2451357,CHEMBL460887,IC50,=,94000.0,nM,4.03,CHEMBL284,Dipeptidyl peptidase 4,CC[C@H](C)[C@H](N)C(=O)N1CCC(Cl)C1
2451358,CHEMBL460886,IC50,=,3500.0,nM,5.46,CHEMBL284,Dipeptidyl peptidase 4,CC[C@H](C)[C@H](N)C(=O)N1CCC(F)C1
2451359,CHEMBL460885,IC50,=,107000.0,nM,,CHEMBL284,Dipeptidyl peptidase 4,CC[C@H](C)[C@H](N)C(=O)N1CCC(N=[N+]=[N-])C1
2451360,CHEMBL503809,IC50,=,93000.0,nM,4.03,CHEMBL284,Dipeptidyl peptidase 4,CC[C@H](C)[C@H](N)C(=O)N1CCC(O)C1
2451361,CHEMBL452470,IC50,=,52000.0,nM,4.28,CHEMBL284,Dipeptidyl peptidase 4,CC[C@H](C)[C@H](N)C(=O)N1CC=CCC1
2451362,CHEMBL461291,IC50,=,15000.0,nM,4.82,CHEMBL284,Dipeptidyl peptidase 4,CC[C@H](C)[C@H](N)C(=O)N1CC=CC1
2451363,CHEMBL446007,IC50,=,374000.0,nM,,CHEMBL284,Dipeptidyl peptidase 4,CC[C@H](C)[C@H](N)C(=O)N1CCCCCC1
2451364,CHEMBL83418,IC50,=,67000.0,nM,4.17,CHEMBL284,Dipeptidyl peptidase 4,CC[C@H](C)[C@H](N)C(=O)N1CCCCC1
2451365,CHEMBL461496,IC50,=,50400.0,nM,4.30,CHEMBL284,Dipeptidyl peptidase 4,CC[C@H](C)[C@H](N)C(=O)N1CCC1
2451366,CHEMBL442952,IC50,=,15000.0,nM,4.82,CHEMBL284,Dipeptidyl peptidase 4,CCCC[C@H](N)C(=O)N1CCCC1
2451367,CHEMBL501521,IC50,=,23100.0,nM,4.64,CHEMBL284,Dipeptidyl peptidase 4,N[C@@H](Cc1c[nH]cn1)C(=O)N1CCCC1
2451368,CHEMBL461290,IC50,=,16800.0,nM,4.78,CHEMBL284,Dipeptidyl peptidase 4,N=C(NCCC[C@H](NC(=O)OCc1ccccc1)C(=O)N1CCCC1)NC(=O)OCc1ccccc1
2451369,CHEMBL461289,IC50,=,12700.0,nM,4.90,CHEMBL284,Dipeptidyl peptidase 4,N=C(N)NCCC[C@H](N)C(=O)N1CCCC1
2451370,CHEMBL460065,IC50,=,9700.0,nM,5.01,CHEMBL284,Dipeptidyl peptidase 4,N[C@@H](CCCNC(=O)OCc1ccccc1)C(=O)N1CCCC1
2451371,CHEMBL459643,IC50,=,118000.0,nM,,CHEMBL284,Dipeptidyl peptidase 4,NCCC[C@H](N)C(=O)N1CCCC1
2451372,CHEMBL459642,IC50,=,15600.0,nM,4.81,CHEMBL284,Dipeptidyl peptidase 4,N[C@@H](CCCCNC(=O)OCc1ccccc1)C(=O)N1CCCC1
2451373,CHEMBL501126,IC50,=,39000.0,nM,4.41,CHEMBL284,Dipeptidyl peptidase 4,NCCCC[C@H](N)C(=O)N1CCCC1
2451374,CHEMBL511346,IC50,=,43500.0,nM,4.36,CHEMBL284,Dipeptidyl peptidase 4,N[C@@H](Cc1ccc(O)cc1)C(=O)N1CCCC1
2451375,CHEMBL459641,IC50,=,190000.0,nM,,CHEMBL284,Dipeptidyl peptidase 4,N[C@@H](CO)C(=O)N1CCCC1
2451376,CHEMBL459159,IC50,=,37000.0,nM,4.43,CHEMBL284,Dipeptidyl peptidase 4,N[C@@H](CS)C(=O)N1CCCC1
2451377,CHEMBL459438,IC50,=,98000.0,nM,4.01,CHEMBL284,Dipeptidyl peptidase 4,C[C@@H](O)[C@H](N)C(=O)N1CCCC1
2451378,CHEMBL443373,IC50,=,188000.0,nM,,CHEMBL284,Dipeptidyl peptidase 4,NC(=O)C[C@H](N)C(=O)N1CCCC1
2451379,CHEMBL499101,IC50,=,122000.0,nM,,CHEMBL284,Dipeptidyl peptidase 4,N[C@@H](CC(=O)O)C(=O)N1CCCC1
2451380,CHEMBL455542,IC50,>,1000000.0,nM,,CHEMBL284,Dipeptidyl peptidase 4,N[C@@H](CCC(=O)O)C(=O)N1CCCC1
2451381,CHEMBL453918,IC50,=,21000.0,nM,4.68,CHEMBL284,Dipeptidyl peptidase 4,N[C@@H](Cc1ccccc1)C(=O)N1CCCC1
2451382,CHEMBL452029,IC50,=,286000.0,nM,,CHEMBL284,Dipeptidyl peptidase 4,N[C@@H](Cc1c[nH]c2ccccc12)C(=O)N1CCCC1
2451383,CHEMBL98008,IC50,=,17000.0,nM,4.77,CHEMBL284,Dipeptidyl peptidase 4,N[C@@H](CC1CCCCC1)C(=O)N1CCCC1
2451384,CHEMBL453574,IC50,=,24000.0,nM,4.62,CHEMBL284,Dipeptidyl peptidase 4,CC(C)C[C@H](N)C(=O)N1CCCC1
2451385,CHEMBL453573,IC50,=,3900.0,nM,5.41,CHEMBL284,Dipeptidyl peptidase 4,CC[C@@H](C)[C@H](N)C(=O)N1CCCC1
2451386,CHEMBL503274,IC50,=,4000.0,nM,5.40,CHEMBL284,Dipeptidyl peptidase 4,CC[C@H](C)[C@H](N)C(=O)N1CCCC1
2451387,CHEMBL403882,IC50,=,15000.0,nM,4.82,CHEMBL284,Dipeptidyl peptidase 4,O=C([C@@H]1CCCN1)N1CCCC1
2451388,CHEMBL443622,IC50,=,41000.0,nM,4.39,CHEMBL284,Dipeptidyl peptidase 4,C[C@H](N)C(=O)N1CCCC1
2451389,CHEMBL97025,IC50,>,1000000.0,nM,,CHEMBL284,Dipeptidyl peptidase 4,NCC(=O)N1CCCC1
2451390,CHEMBL397070,IC50,=,90000.0,nM,4.05,CHEMBL284,Dipeptidyl peptidase 4,CC[C@@H](C)[C@H](N)C(=O)N1Cc2ccccc2C1
2451391,CHEMBL98869,IC50,=,165000.0,nM,,CHEMBL284,Dipeptidyl peptidase 4,N[C@@H](CCNCc1ccc(Cl)cc1)C(=O)N1CCCCC1
2451392,CHEMBL1422,IC50,=,40.0,nM,7.40,CHEMBL284,Dipeptidyl peptidase 4,N[C@@H](CC(=O)N1CCn2c(nnc2C(F)(F)F)C1)Cc1cc(F)c(F)cc1F
2451393,CHEMBL142703,Ki,=,17000.0,nM,4.77,CHEMBL284,Dipeptidyl peptidase 4,N#C[C@@H]1CCCN1C(=O)CNC12CC3CC(CC(O)(C3)C1)C2
2451394,CHEMBL510594,IC50,=,22.0,nM,7.66,CHEMBL284,Dipeptidyl peptidase 4,CC(C)[C@H](N)C(=O)N1CSC[C@H]1B(O)O
2451395,CHEMBL98408,IC50,=,1700.0,nM,5.77,CHEMBL284,Dipeptidyl peptidase 4,CC[C@H](C)[C@H](N)C(=O)N1CCSC1
2451396,CHEMBL142703,IC50,=,120.0,nM,6.92,CHEMBL284,Dipeptidyl peptidase 4,N#C[C@@H]1CCCN1C(=O)CNC12CC3CC(CC(O)(C3)C1)C2
2460274,CHEMBL382127,IC50,=,40000.0,nM,4.40,CHEMBL284,Dipeptidyl peptidase 4,NCC1(c2ccccc2)CCCC1
2460275,CHEMBL381806,IC50,=,23.0,nM,7.64,CHEMBL284,Dipeptidyl peptidase 4,NC(=O)[C@@H]1Cc2ccccc2CN1C(=O)C[C@H](N)Cc1ccccc1F
2460279,CHEMBL383705,Ki,=,2000.0,nM,5.70,CHEMBL284,Dipeptidyl peptidase 4,CC(C)[C@H](N)C(=O)N1CCCC1
2460282,CHEMBL237337,Ki,=,4.3,nM,8.37,CHEMBL284,Dipeptidyl peptidase 4,CN(C)C(=O)[C@@H](c1ccc(-c2ccc3ncnn3c2)cc1)[C@H](N)C(=O)N1CC[C@H](F)C1
2462035,CHEMBL512887,IC50,=,9800.0,nM,5.01,CHEMBL284,Dipeptidyl peptidase 4,N[C@@H](CC(=O)N1CCSC1)C(=O)N1CC[C@H](F)C1
2462037,CHEMBL452290,IC50,=,100.0,nM,7.00,CHEMBL284,Dipeptidyl peptidase 4,C[C@@H](c1ccc(-c2cccc(C(N)=O)c2)cc1)[C@H](N)C(=O)N1CC[C@H](F)C1
2462038,CHEMBL452289,IC50,=,32.0,nM,7.50,CHEMBL284,Dipeptidyl peptidase 4,NC(=O)c1cccc(-c2ccc([C@H](N)Cc3cc(F)ccc3F)cc2)c1
2462039,CHEMBL512895,IC50,=,71.0,nM,7.15,CHEMBL284,Dipeptidyl peptidase 4,C[C@@H](c1ccc(-c2ccncc2Cl)cc1)[C@H](N)C(=O)N1CC[C@H](F)C1
2462040,CHEMBL472123,IC50,=,107.0,nM,6.97,CHEMBL284,Dipeptidyl peptidase 4,N[C@H](Cc1cc(F)ccc1F)c1ccc(-c2ccncc2Cl)cc1
2462041,CHEMBL442673,IC50,=,110.0,nM,6.96,CHEMBL284,Dipeptidyl peptidase 4,C[C@@H](c1ccc(-c2ccncc2)cc1)[C@H](N)C(=O)N1CC[C@H](F)C1
2462042,CHEMBL471936,IC50,=,253.0,nM,6.60,CHEMBL284,Dipeptidyl peptidase 4,N[C@H](Cc1cc(F)ccc1F)c1ccc(-c2ccncc2)cc1
2462043,CHEMBL472124,IC50,=,245.0,nM,6.61,CHEMBL284,Dipeptidyl peptidase 4,C[C@@H](c1ccc(Br)cc1)[C@H](N)C(=O)N1CC[C@H](F)C1
2462044,CHEMBL504506,IC50,=,1300.0,nM,5.89,CHEMBL284,Dipeptidyl peptidase 4,N[C@H](Cc1cc(F)ccc1F)c1ccc(Br)cc1
2462045,CHEMBL388475,IC50,=,98.0,nM,7.01,CHEMBL284,Dipeptidyl peptidase 4,N[C@@H](CC(=O)N1CCn2c(nnc2C(F)(F)F)C1)Cc1ccccc1F
2462046,CHEMBL488678,IC50,=,120.0,nM,6.92,CHEMBL284,Dipeptidyl peptidase 4,N[C@@H](CC(=O)N1CCn2c(nnc2C(F)(F)F)C1)CN1CCCCC1=O
2462047,CHEMBL452297,IC50,=,85.0,nM,7.07,CHEMBL284,Dipeptidyl peptidase 4,N[C@@H](CC(=O)N1CCCNC(=O)[C@H]1CC(F)(F)F)Cc1ccccc1F
2462048,CHEMBL510073,IC50,=,120.0,nM,6.92,CHEMBL284,Dipeptidyl peptidase 4,N[C@@H](CC(=O)N1CCCNC(=O)[C@H]1CC(F)(F)F)CN1CCCCC1=O
2462049,CHEMBL452805,IC50,=,40.0,nM,7.40,CHEMBL284,Dipeptidyl peptidase 4,C[C@@H]1C(=O)NCCCN1C(=O)C[C@H](N)Cc1ccccc1F
2462050,CHEMBL507738,IC50,=,20.0,nM,7.70,CHEMBL284,Dipeptidyl peptidase 4,C[C@@H]1C(=O)NCCCN1C(=O)C[C@H](N)CN1CCCCC1=O
2462051,CHEMBL527198,IC50,=,46.0,nM,7.34,CHEMBL284,Dipeptidyl peptidase 4,C[C@@H](c1nc(-c2ccc(S(C)(=O)=O)cc2Cl)no1)[C@H](N)Cc1cc(F)c(F)cc1F
2462052,CHEMBL488469,IC50,=,40.0,nM,7.40,CHEMBL284,Dipeptidyl peptidase 4,C[C@H](c1nc(-c2ccc(S(C)(=O)=O)cc2Cl)no1)[C@H](N)C(=O)N1CC[C@H](F)C1
2462053,CHEMBL519591,IC50,=,600.0,nM,6.22,CHEMBL284,Dipeptidyl peptidase 4,C[C@@H](c1nc(-c2ccc(Cl)cc2Cl)no1)[C@H](N)Cc1cc(F)c(F)cc1F
2462054,CHEMBL487630,IC50,=,615.0,nM,6.21,CHEMBL284,Dipeptidyl peptidase 4,C[C@H](c1nc(-c2ccc(Cl)cc2Cl)no1)[C@H](N)C(=O)N1CC[C@H](F)C1
2462055,CHEMBL520067,IC50,=,4400.0,nM,5.36,CHEMBL284,Dipeptidyl peptidase 4,C[C@@H](c1nc(-c2ccc(OC(F)(F)F)cc2)no1)[C@H](N)Cc1cc(F)ccc1F
2462056,CHEMBL220249,IC50,=,1800.0,nM,5.75,CHEMBL284,Dipeptidyl peptidase 4,C[C@H](c1nc(-c2ccc(OC(F)(F)F)cc2)no1)[C@H](N)C(=O)N1CCCC1
2462057,CHEMBL507719,IC50,=,55.0,nM,7.26,CHEMBL284,Dipeptidyl peptidase 4,Cc1noc(C(=O)C[C@H](N)Cc2cc(F)ccc2F)n1
2462058,CHEMBL488637,IC50,=,8800.0,nM,5.06,CHEMBL284,Dipeptidyl peptidase 4,Cc1noc(C(=O)C[C@H](N)C(=O)N2CC[C@H](F)C2)n1
2462059,CHEMBL488484,IC50,=,200.0,nM,6.70,CHEMBL284,Dipeptidyl peptidase 4,N[C@@H](CC(=O)N1CCC[C@H]1CO)Cc1cc(F)ccc1F
2462060,CHEMBL527424,IC50,=,9200.0,nM,5.04,CHEMBL284,Dipeptidyl peptidase 4,N[C@@H](CC(=O)N1CCC[C@H]1CO)C(=O)N1CC[C@H](F)C1
2462061,CHEMBL433572,IC50,=,270.0,nM,6.57,CHEMBL284,Dipeptidyl peptidase 4,N[C@@H](CC(=O)N1CCSC1)Cc1cc(F)ccc1F
2507969,CHEMBL513425,IC50,=,70.0,nM,7.16,CHEMBL284,Dipeptidyl peptidase 4,N[C@@H](CC(=O)N1CCCCCN1C(=O)c1ccccc1)Cc1cc(F)c(F)cc1F
2507970,CHEMBL519139,IC50,=,1440.0,nM,5.84,CHEMBL284,Dipeptidyl peptidase 4,Cl.N[C@@H](CC(=O)N1CCCNCC1)Cc1cc(F)c(F)cc1F
2507971,CHEMBL482338,IC50,=,510.0,nM,6.29,CHEMBL284,Dipeptidyl peptidase 4,Cl.N[C@@H](CC(=O)N1CCCN(C(=O)c2ccccc2)CC1)Cc1cc(F)c(F)cc1F
2507972,CHEMBL480549,IC50,=,3400.0,nM,5.47,CHEMBL284,Dipeptidyl peptidase 4,CC(=O)N1CCCN(C(=O)C[C@H](N)Cc2cc(F)c(F)cc2F)CC1.Cl
2507973,CHEMBL480550,IC50,=,490.0,nM,6.31,CHEMBL284,Dipeptidyl peptidase 4,Cl.N[C@@H](CC(=O)N1CCCN(C(=O)c2ccc3c(c2)OCO3)CC1)Cc1cc(F)c(F)cc1F
2507974,CHEMBL481554,IC50,=,410.0,nM,6.39,CHEMBL284,Dipeptidyl peptidase 4,Cl.N[C@@H](CC(=O)N1CCCN(C(=O)c2cccnc2)CC1)Cc1cc(F)c(F)cc1F
2507975,CHEMBL481714,IC50,=,490.0,nM,6.31,CHEMBL284,Dipeptidyl peptidase 4,Cl.N[C@@H](CC(=O)N1CCCN(C(=O)OCc2ccccc2)CC1)Cc1cc(F)c(F)cc1F
2507976,CHEMBL521267,IC50,=,1392.0,nM,5.86,CHEMBL284,Dipeptidyl peptidase 4,Cl.N[C@@H](CC(=O)N1CCCN(C(=O)Nc2ccccc2)CC1)Cc1cc(F)c(F)cc1F
2507977,CHEMBL481725,IC50,=,1500.0,nM,5.82,CHEMBL284,Dipeptidyl peptidase 4,CN1CCN(C(=O)N2CCCN(C(=O)C[C@H](N)Cc3cc(F)c(F)cc3F)CC2)CC1.Cl
2507978,CHEMBL481897,IC50,=,350.0,nM,6.46,CHEMBL284,Dipeptidyl peptidase 4,Cc1ccc(S(=O)(=O)N2CCCN(C(=O)C[C@H](N)Cc3cc(F)c(F)cc3F)CC2)cc1.Cl
2507979,CHEMBL482070,IC50,=,3100.0,nM,5.51,CHEMBL284,Dipeptidyl peptidase 4,CS(=O)(=O)N1CCCN(C(=O)C[C@H](N)Cc2cc(F)c(F)cc2F)CC1.Cl
2507980,CHEMBL482071,IC50,=,405.0,nM,6.39,CHEMBL284,Dipeptidyl peptidase 4,Cl.N[C@@H](CC(=O)N1CCCN(S(=O)(=O)c2ccc([N+](=O)[O-])cc2)CC1)Cc1cc(F)c(F)cc1F
2507981,CHEMBL520089,IC50,=,387.0,nM,6.41,CHEMBL284,Dipeptidyl peptidase 4,Cl.N[C@@H](CC(=O)N1CCCN(Cc2ccccc2)CC1)Cc1cc(F)c(F)cc1F
2507982,CHEMBL481157,IC50,=,6400.0,nM,5.19,CHEMBL284,Dipeptidyl peptidase 4,CCN1CCCN(C(=O)C[C@H](N)Cc2cc(F)c(F)cc2F)CC1.Cl
2507983,CHEMBL519773,IC50,=,597.0,nM,6.22,CHEMBL284,Dipeptidyl peptidase 4,Cl.N[C@@H](CC(=O)N1CCCN(c2ncccn2)CC1)Cc1cc(F)c(F)cc1F
2507984,CHEMBL481158,IC50,=,423.0,nM,6.37,CHEMBL284,Dipeptidyl peptidase 4,Cl.N[C@@H](CC(=O)N1CCCN(c2cnccn2)CC1)Cc1cc(F)c(F)cc1F
2507985,CHEMBL393336,IC50,=,87.0,nM,7.06,CHEMBL284,Dipeptidyl peptidase 4,N[C@@H](CC(=O)N1CCn2c(nnc2C(F)(F)F)C1)Cc1cc(F)c(F)cc1F.O=P(O)(O)O
2507986,CHEMBL482154,IC50,=,223.0,nM,6.65,CHEMBL284,Dipeptidyl peptidase 4,Cl.N[C@@H](CC(=O)N1CCCN(C(=O)c2ccc(C(=O)O)cc2)CC1)Cc1cc(F)c(F)cc1F
2507987,CHEMBL474630,IC50,=,239.0,nM,6.62,CHEMBL284,Dipeptidyl peptidase 4,Cl.N[C@@H](CC(=O)N1CCCN(S(=O)(=O)c2ccc(C(=O)O)cc2)CC1)Cc1cc(F)c(F)cc1F
2507988,CHEMBL474631,IC50,=,788.0,nM,6.10,CHEMBL284,Dipeptidyl peptidase 4,Cl.N[C@@H](CC(=O)N1CCCN(C(=O)Nc2ccc(C(=O)O)cc2)CC1)Cc1cc(F)c(F)cc1F
2507989,CHEMBL474794,IC50,=,180.0,nM,6.75,CHEMBL284,Dipeptidyl peptidase 4,Cl.NC(=O)c1ccc(C(=O)N2CCCN(C(=O)C[C@H](N)Cc3cc(F)c(F)cc3F)CC2)cc1
2507990,CHEMBL474812,IC50,=,288.0,nM,6.54,CHEMBL284,Dipeptidyl peptidase 4,Cl.N[C@@H](CC(=O)N1CCCN(C(=O)c2ccc(S(N)(=O)=O)cc2)CC1)Cc1cc(F)c(F)cc1F
2507991,CHEMBL474813,IC50,=,150.0,nM,6.82,CHEMBL284,Dipeptidyl peptidase 4,Cl.N[C@@H](CC(=O)N1CCCN(C(=O)c2ccc(C(=O)O)nc2)CC1)Cc1cc(F)c(F)cc1F
2507992,CHEMBL475654,IC50,=,50.0,nM,7.30,CHEMBL284,Dipeptidyl peptidase 4,Cl.N[C@@H](CC(=O)N1CCCN(C(=O)c2cccc(C(=O)O)c2)CC1)Cc1cc(F)c(F)cc1F
2507993,CHEMBL475655,IC50,=,67.0,nM,7.17,CHEMBL284,Dipeptidyl peptidase 4,Cl.N[C@@H](CC(=O)N1CCCN(C(=O)c2cncc(C(=O)O)c2)CC1)Cc1cc(F)c(F)cc1F
2507994,CHEMBL473830,IC50,=,260.0,nM,6.58,CHEMBL284,Dipeptidyl peptidase 4,Cl.N[C@@H](CC(=O)N1CCCN(C(=O)c2ccc(C(=O)O)o2)CC1)Cc1cc(F)c(F)cc1F
2515605,CHEMBL515387,IC50,=,12.9,nM,7.89,CHEMBL284,Dipeptidyl peptidase 4,O=C([C@@H]1C[C@H](N2CCN(c3ncccn3)CC2)CN1)N1CCC(F)(F)C1
2515606,CHEMBL475246,IC50,=,8.7,nM,8.06,CHEMBL284,Dipeptidyl peptidase 4,O=C([C@@H]1C[C@H](N2CCN(c3noc4ccccc34)CC2)CN1)N1CCC(F)(F)C1
2515607,CHEMBL515597,IC50,=,8.2,nM,8.09,CHEMBL284,Dipeptidyl peptidase 4,O=C([C@@H]1C[C@H](N2CCN(c3nc4ccccc4o3)CC2)CN1)N1CCC(F)(F)C1
2515608,CHEMBL475574,IC50,=,5.8,nM,8.24,CHEMBL284,Dipeptidyl peptidase 4,O=C([C@@H]1C[C@H](N2CCN(c3nc4cnccc4o3)CC2)CN1)N1CCC(F)(F)C1
2515609,CHEMBL475573,IC50,=,7.4,nM,8.13,CHEMBL284,Dipeptidyl peptidase 4,O=C([C@@H]1C[C@H](N2CCN(c3nc4ccncc4o3)CC2)CN1)N1CCC(F)(F)C1
2515610,CHEMBL474409,IC50,=,5.6,nM,8.25,CHEMBL284,Dipeptidyl peptidase 4,O=C([C@@H]1C[C@H](N2CCN(c3cnccn3)CC2)CN1)N1CCC(F)(F)C1
2515611,CHEMBL514011,IC50,=,4.8,nM,8.32,CHEMBL284,Dipeptidyl peptidase 4,N#Cc1cccnc1N1CCN([C@@H]2CN[C@H](C(=O)N3CCC(F)(F)C3)C2)CC1
2515612,CHEMBL474410,IC50,=,5.2,nM,8.28,CHEMBL284,Dipeptidyl peptidase 4,O=C([C@@H]1C[C@H](N2CCN(c3ccc(C(F)(F)F)cn3)CC2)CN1)N1CCC(F)(F)C1
2515613,CHEMBL475586,IC50,=,5.2,nM,8.28,CHEMBL284,Dipeptidyl peptidase 4,O=C([C@@H]1C[C@H](N2CCN(c3nc4cccnc4o3)CC2)CN1)N1CCC(F)(F)C1
2515614,CHEMBL473419,IC50,=,51.0,nM,7.29,CHEMBL284,Dipeptidyl peptidase 4,O=C([C@@H]1C[C@H](N2CCN(c3ncccn3)CC2)CN1)N1CC[C@@H](F)C1
2515615,CHEMBL473418,IC50,=,31.0,nM,7.51,CHEMBL284,Dipeptidyl peptidase 4,O=C([C@@H]1C[C@H](N2CCN(c3ncccn3)CC2)CN1)N1CCCC1
2515616,CHEMBL514623,IC50,=,31.0,nM,7.51,CHEMBL284,Dipeptidyl peptidase 4,O=C([C@@H]1C[C@H](N2CCN(c3ncccn3)CC2)CN1)N1CC[C@H](F)C1
2515617,CHEMBL474421,IC50,=,13.0,nM,7.89,CHEMBL284,Dipeptidyl peptidase 4,O=C([C@@H]1C[C@H](N2CCN(c3ncccn3)CC2)CN1)N1C[C@@H](F)[C@@H](F)C1
2515618,CHEMBL472992,IC50,=,309.0,nM,6.51,CHEMBL284,Dipeptidyl peptidase 4,O=C([C@@H]1C[C@H](N2CCN(c3ncccn3)CC2)CN1)N1C[C@@H](F)[C@H](F)C1
2515619,CHEMBL515869,IC50,=,25.0,nM,7.60,CHEMBL284,Dipeptidyl peptidase 4,O=C([C@@H]1C[C@H](N2CCN(c3ncccn3)CC2)CN1)N1CC(F)(F)C(F)(F)C1
2515620,CHEMBL472993,IC50,=,309.0,nM,6.51,CHEMBL284,Dipeptidyl peptidase 4,O=C([C@@H]1C[C@H](N2CCN(c3ncccn3)CC2)CN1)N1CCC1
2515621,CHEMBL473188,IC50,=,41.0,nM,7.39,CHEMBL284,Dipeptidyl peptidase 4,O=C([C@@H]1C[C@H](N2CCN(c3ncccn3)CC2)CN1)N1CC(F)C1
2515622,CHEMBL514935,IC50,=,134.0,nM,6.87,CHEMBL284,Dipeptidyl peptidase 4,O=C([C@@H]1C[C@H](N2CCN(c3ncccn3)CC2)CN1)N1CC(F)(F)C1
2515623,CHEMBL472995,IC50,=,338.0,nM,6.47,CHEMBL284,Dipeptidyl peptidase 4,O=C([C@@H]1C[C@@H](N2CCN(c3ncccn3)CC2)CN1)N1CCC(F)(F)C1
2516375,CHEMBL515387,IC50,=,11.3,nM,7.95,CHEMBL284,Dipeptidyl peptidase 4,O=C([C@@H]1C[C@H](N2CCN(c3ncccn3)CC2)CN1)N1CCC(F)(F)C1
2556628,CHEMBL242813,IC50,=,128.0,nM,6.89,CHEMBL284,Dipeptidyl peptidase 4,N[C@@H](CC(=O)N1CCn2c(nnc2C(F)(F)F)C1)Cc1ccc(F)c(F)c1
2556632,CHEMBL517072,IC50,=,71.0,nM,7.15,CHEMBL284,Dipeptidyl peptidase 4,N[C@@H](CC(=O)N1CCn2c(nnc2C(F)(F)C(F)(F)F)C1)Cc1cc(F)c(F)cc1F
2556633,CHEMBL233685,IC50,=,37.0,nM,7.43,CHEMBL284,Dipeptidyl peptidase 4,CCc1nnc2n1CCN(C(=O)C[C@H](N)Cc1cc(F)c(F)cc1F)C2
2556634,CHEMBL479370,IC50,=,68.0,nM,7.17,CHEMBL284,Dipeptidyl peptidase 4,N[C@@H](CC(=O)N1CCn2cnnc2C1)Cc1cc(F)c(F)cc1F
2556635,CHEMBL394834,IC50,=,87.0,nM,7.06,CHEMBL284,Dipeptidyl peptidase 4,N[C@@H](CC(=O)N1CCn2c(nnc2C(F)(F)F)C1)Cc1c(F)cc(F)cc1F
2556636,CHEMBL394833,IC50,=,151.0,nM,6.82,CHEMBL284,Dipeptidyl peptidase 4,N[C@@H](CC(=O)N1CCn2c(nnc2C(F)(F)F)C1)Cc1c(F)ccc(F)c1F
2556637,CHEMBL243872,IC50,=,805.0,nM,6.09,CHEMBL284,Dipeptidyl peptidase 4,N[C@@H](CC(=O)N1CCn2c(nnc2C(F)(F)F)C1)Cc1cc(F)cc(F)c1F
2556638,CHEMBL1422,IC50,=,18.0,nM,7.75,CHEMBL284,Dipeptidyl peptidase 4,N[C@@H](CC(=O)N1CCn2c(nnc2C(F)(F)F)C1)Cc1cc(F)c(F)cc1F
2556639,CHEMBL216186,IC50,=,27.0,nM,7.57,CHEMBL284,Dipeptidyl peptidase 4,N[C@@H](CC(=O)N1CCn2c(nnc2C(F)(F)F)C1)Cc1cc(F)ccc1F
2562923,CHEMBL8260,IC50,>,200000.0,nM,,CHEMBL284,Dipeptidyl peptidase 4,O=c1cc(-c2ccccc2)oc2cc(O)c(O)c(O)c12
2562929,CHEMBL210276,IC50,>,200000.0,nM,,CHEMBL284,Dipeptidyl peptidase 4,O=c1c(O)c(-c2ccccc2)oc2cc(O)ccc12
2562930,CHEMBL50,IC50,=,130000.0,nM,,CHEMBL284,Dipeptidyl peptidase 4,O=c1c(O)c(-c2ccc(O)c(O)c2)oc2cc(O)cc(O)c12
2562931,CHEMBL150,IC50,=,132000.0,nM,,CHEMBL284,Dipeptidyl peptidase 4,O=c1c(O)c(-c2ccc(O)cc2)oc2cc(O)cc(O)c12
2562932,CHEMBL226335,IC50,=,145000.0,nM,,CHEMBL284,Dipeptidyl peptidase 4,C[C@@H]1O[C@@H](OC[C@H]2O[C@@H](Oc3c(-c4ccc(O)c(O)c4)oc4cc(O)cc(O)c4c3=O)[C@H](O)[C@@H](O)[C@@H]2O)[C@H](O)[C@H](O)[C@H]1O
2562933,CHEMBL485818,IC50,=,225000.0,nM,,CHEMBL284,Dipeptidyl peptidase 4,O=C(O)[C@H]1O[C@@H](Oc2cc3oc(-c4ccccc4)cc(=O)c3c(O)c2O)[C@H](O)[C@@H](O)[C@@H]1O
2572462,CHEMBL479380,IC50,=,165.0,nM,6.78,CHEMBL284,Dipeptidyl peptidase 4,N#Cc1ccc(N2C[C@@H]3[C@H](C2)[C@H]3NCC(=O)N2C[C@@H](F)C[C@H]2C#N)cc1
2572467,CHEMBL520575,Ki,=,79.0,nM,7.10,CHEMBL284,Dipeptidyl peptidase 4,N#Cc1ccc(N2CCC(NCC(=O)N3C[C@@H](F)C[C@H]3C#N)CC2)cc1
2572468,CHEMBL480530,Ki,=,31.0,nM,7.51,CHEMBL284,Dipeptidyl peptidase 4,N#Cc1ccc(N2CCC(NCC(=O)N3C[C@@H](F)C[C@H]3C#N)CC2)nc1
2572469,CHEMBL519435,Ki,=,12.0,nM,7.92,CHEMBL284,Dipeptidyl peptidase 4,N#C[C@@H]1C[C@H](F)CN1C(=O)CNC1CCN(c2ccc(C(F)(F)F)cn2)CC1
2572470,CHEMBL480716,Ki,=,5.0,nM,8.30,CHEMBL284,Dipeptidyl peptidase 4,N#Cc1ccc(N2CCC(NCC(=O)N3C[C@@H](F)C[C@H]3C#N)CC2)c(C(F)(F)F)c1
2572471,CHEMBL480903,Ki,=,1.0,nM,9.00,CHEMBL284,Dipeptidyl peptidase 4,N#Cc1c(F)cc(N2CCC(NCC(=O)N3C[C@@H](F)C[C@H]3C#N)CC2)cc1F
2572472,CHEMBL480713,IC50,>,10000.0,nM,,CHEMBL284,Dipeptidyl peptidase 4,N#Cc1ccc(N2C[C@@H]3[C@H](C2)[C@H]3NCC(=O)N2CCSC2)nc1
2572473,CHEMBL480712,IC50,=,93.0,nM,7.03,CHEMBL284,Dipeptidyl peptidase 4,N#Cc1ccc(N2C[C@@H]3[C@H](C2)[C@H]3NCC(=O)N2CC(F)(F)C[C@H]2C#N)nc1
2572474,CHEMBL519272,IC50,=,1300.0,nM,5.89,CHEMBL284,Dipeptidyl peptidase 4,N#C[C@@H]1C[C@H](F)CN1C(=O)CN[C@H]1[C@@H]2CN(c3ncccc3Cl)C[C@@H]21
2572475,CHEMBL452998,IC50,=,91.0,nM,7.04,CHEMBL284,Dipeptidyl peptidase 4,N#Cc1cccnc1N1C[C@@H]2[C@H](C1)[C@H]2NCC(=O)N1C[C@@H](F)C[C@H]1C#N
2572476,CHEMBL480705,IC50,=,78.0,nM,7.11,CHEMBL284,Dipeptidyl peptidase 4,N#C[C@@H]1C[C@H](F)CN1C(=O)CN[C@H]1[C@@H]2CN(c3ncccc3[N+](=O)[O-])C[C@@H]21
2572477,CHEMBL519265,IC50,=,147.0,nM,6.83,CHEMBL284,Dipeptidyl peptidase 4,N#Cc1ccc(N2C[C@@H]3[C@H](C2)[C@H]3NCC(=O)N2C[C@@H](F)C[C@H]2C#N)nc1
2572478,CHEMBL480324,IC50,=,123.0,nM,6.91,CHEMBL284,Dipeptidyl peptidase 4,N#C[C@@H]1C[C@H](F)CN1C(=O)CN[C@H]1[C@@H]2CN(c3ccc(C(F)(F)F)cn3)C[C@@H]21
2572479,CHEMBL479736,IC50,=,85.0,nM,7.07,CHEMBL284,Dipeptidyl peptidase 4,N#C[C@@H]1C[C@H](F)CN1C(=O)CN[C@H]1[C@@H]2CN(c3ccc([N+](=O)[O-])cn3)C[C@@H]21
2572480,CHEMBL471956,IC50,=,49.0,nM,7.31,CHEMBL284,Dipeptidyl peptidase 4,N#C[C@@H]1C[C@H](F)CN1C(=O)CN[C@H]1[C@@H]2CN(c3ccc(Cl)cn3)C[C@@H]21
2572481,CHEMBL511125,IC50,=,27.0,nM,7.57,CHEMBL284,Dipeptidyl peptidase 4,N#C[C@@H]1C[C@H](F)CN1C(=O)CN[C@H]1[C@@H]2CN(c3ccccn3)C[C@@H]21
2572482,CHEMBL509391,IC50,=,3670.0,nM,5.43,CHEMBL284,Dipeptidyl peptidase 4,N#C[C@@H]1C[C@H](F)CN1C(=O)CN[C@H]1[C@@H]2CN(c3nccc4ccccc34)C[C@@H]21
2572483,CHEMBL480537,IC50,=,221.0,nM,6.66,CHEMBL284,Dipeptidyl peptidase 4,N#C[C@@H]1C[C@H](F)CN1C(=O)CN[C@H]1[C@@H]2CN(c3nc4ccccc4o3)C[C@@H]21
2572484,CHEMBL480536,IC50,=,186.0,nM,6.73,CHEMBL284,Dipeptidyl peptidase 4,N#C[C@@H]1C[C@H](F)CN1C(=O)CN[C@H]1[C@@H]2CN(c3nc4ccccc4s3)C[C@@H]21
2572485,CHEMBL482104,IC50,=,186.0,nM,6.73,CHEMBL284,Dipeptidyl peptidase 4,N#C[C@@H]1C[C@H](F)CN1C(=O)CN[C@H]1[C@@H]2CN(c3cnc4ccccc4n3)C[C@@H]21
2572486,CHEMBL479983,IC50,=,146.0,nM,6.84,CHEMBL284,Dipeptidyl peptidase 4,N#C[C@@H]1C[C@H](F)CN1C(=O)CN[C@H]1[C@@H]2CN(c3nccs3)C[C@@H]21
2572487,CHEMBL482262,IC50,=,181.0,nM,6.74,CHEMBL284,Dipeptidyl peptidase 4,N#C[C@@H]1C[C@H](F)CN1C(=O)CN[C@H]1[C@@H]2CN(c3nccc(C(F)(F)F)n3)C[C@@H]21
2572488,CHEMBL482261,IC50,=,84.0,nM,7.08,CHEMBL284,Dipeptidyl peptidase 4,N#C[C@@H]1C[C@H](F)CN1C(=O)CN[C@H]1[C@@H]2CN(c3ncccn3)C[C@@H]21
2572489,CHEMBL480943,IC50,=,1715.0,nM,5.77,CHEMBL284,Dipeptidyl peptidase 4,N#Cc1ccc(N2C[C@@H]3[C@H](C2)[C@H]3NCC(=O)N2C[C@@H](F)C[C@H]2C#N)c2ccccc12
2572490,CHEMBL480942,IC50,=,118.0,nM,6.93,CHEMBL284,Dipeptidyl peptidase 4,N#Cc1cc(F)cc(N2C[C@@H]3[C@H](C2)[C@H]3NCC(=O)N2C[C@@H](F)C[C@H]2C#N)c1
2572491,CHEMBL520921,IC50,=,630.0,nM,6.20,CHEMBL284,Dipeptidyl peptidase 4,N#Cc1c(F)cc(F)cc1N1C[C@@H]2[C@H](C1)[C@H]2NCC(=O)N1C[C@@H](F)C[C@H]1C#N
2572492,CHEMBL479803,IC50,=,422.0,nM,6.38,CHEMBL284,Dipeptidyl peptidase 4,N#Cc1cc(F)ccc1N1C[C@@H]2[C@H](C1)[C@H]2NCC(=O)N1C[C@@H](F)C[C@H]1C#N
2572493,CHEMBL480781,IC50,=,141.0,nM,6.85,CHEMBL284,Dipeptidyl peptidase 4,N#Cc1cc(C(F)(F)F)ccc1N1C[C@@H]2[C@H](C1)[C@H]2NCC(=O)N1C[C@@H](F)C[C@H]1C#N
2572494,CHEMBL479794,IC50,=,92.0,nM,7.04,CHEMBL284,Dipeptidyl peptidase 4,N#Cc1c(F)cccc1N1C[C@@H]2[C@H](C1)[C@H]2NCC(=O)N1C[C@@H](F)C[C@H]1C#N
2572495,CHEMBL481177,IC50,=,63.0,nM,7.20,CHEMBL284,Dipeptidyl peptidase 4,N#Cc1cccc(F)c1N1C[C@@H]2[C@H](C1)[C@H]2NCC(=O)N1C[C@@H](F)C[C@H]1C#N
2572496,CHEMBL520266,IC50,=,42.0,nM,7.38,CHEMBL284,Dipeptidyl peptidase 4,N#Cc1c(N2C[C@@H]3[C@H](C2)[C@H]3NCC(=O)N2C[C@@H](F)C[C@H]2C#N)cccc1C(F)(F)F
2572497,CHEMBL479538,IC50,=,31.0,nM,7.51,CHEMBL284,Dipeptidyl peptidase 4,N#Cc1c(Cl)cccc1N1C[C@@H]2[C@H](C1)[C@H]2NCC(=O)N1C[C@@H](F)C[C@H]1C#N
2572498,CHEMBL471960,IC50,=,51.0,nM,7.29,CHEMBL284,Dipeptidyl peptidase 4,N#Cc1ccccc1N1C[C@@H]2[C@H](C1)[C@H]2NCC(=O)N1C[C@@H](F)C[C@H]1C#N
2572499,CHEMBL471785,IC50,=,3740.0,nM,5.43,CHEMBL284,Dipeptidyl peptidase 4,N#C[C@@H]1C[C@H](F)CN1C(=O)CN[C@H]1[C@@H]2CN(c3ccc(C(=O)NC4CC4)cc3)C[C@@H]21
2572500,CHEMBL471784,IC50,=,3430.0,nM,5.46,CHEMBL284,Dipeptidyl peptidase 4,CNC(=O)c1ccc(N2C[C@@H]3[C@H](C2)[C@H]3NCC(=O)N2C[C@@H](F)C[C@H]2C#N)cc1
2572501,CHEMBL480155,IC50,=,95.0,nM,7.02,CHEMBL284,Dipeptidyl peptidase 4,N#C[C@@H]1C[C@H](F)CN1C(=O)CN[C@H]1[C@@H]2CN(c3ccc(C(N)=O)cc3)C[C@@H]21
2572502,CHEMBL480154,IC50,=,229.0,nM,6.64,CHEMBL284,Dipeptidyl peptidase 4,CCOC(=O)c1ccc(N2C[C@@H]3[C@H](C2)[C@H]3NCC(=O)N2C[C@@H](F)C[C@H]2C#N)cc1
2572503,CHEMBL480914,IC50,=,109.0,nM,6.96,CHEMBL284,Dipeptidyl peptidase 4,CC(=O)c1ccc(N2C[C@@H]3[C@H](C2)[C@H]3NCC(=O)N2C[C@@H](F)C[C@H]2C#N)cc1
2572504,CHEMBL480913,IC50,=,2540.0,nM,5.59,CHEMBL284,Dipeptidyl peptidase 4,N#Cc1ccc(N2C[C@@H]3[C@H](C2)[C@H]3NCC(=O)N2C[C@@H](F)C[C@H]2C#N)cc1C(F)(F)F
2572505,CHEMBL481288,IC50,=,59.0,nM,7.23,CHEMBL284,Dipeptidyl peptidase 4,N#Cc1ccc(N2C[C@@H]3[C@H](C2)[C@H]3NCC(=O)N2C[C@@H](F)C[C@H]2C#N)c(C(F)(F)F)c1
2572506,CHEMBL481290,IC50,=,152.0,nM,6.82,CHEMBL284,Dipeptidyl peptidase 4,N#Cc1ccc(N2C[C@@H]3[C@H](C2)[C@H]3NCC(=O)N2C[C@@H](F)C[C@H]2C#N)cc1Cl
2572507,CHEMBL481669,IC50,=,95.0,nM,7.02,CHEMBL284,Dipeptidyl peptidase 4,N#Cc1ccc(N2C[C@@H]3[C@H](C2)[C@H]3NCC(=O)N2C[C@@H](F)C[C@H]2C#N)c(Cl)c1
2572508,CHEMBL520434,IC50,=,38.0,nM,7.42,CHEMBL284,Dipeptidyl peptidase 4,N#Cc1c(F)cc(N2C[C@@H]3[C@H](C2)[C@H]3NCC(=O)N2C[C@@H](F)C[C@H]2C#N)cc1F
2572509,CHEMBL479567,IC50,=,110.0,nM,6.96,CHEMBL284,Dipeptidyl peptidase 4,N#Cc1ccc(N2C[C@@H]3[C@H](C2)[C@H]3NCC(=O)N2C[C@@H](F)C[C@H]2C#N)cc1F
2572510,CHEMBL479381,IC50,=,153.0,nM,6.82,CHEMBL284,Dipeptidyl peptidase 4,N#Cc1ccc(N2C[C@@H]3[C@H](C2)[C@H]3NCC(=O)N2C[C@@H](F)C[C@H]2C#N)c(F)c1
2605854,CHEMBL77538,IC50,=,22.0,nM,7.66,CHEMBL284,Dipeptidyl peptidase 4,N#Cc1ccc(NCCNCC(=O)N2CCC[C@H]2C#N)nc1
2605857,CHEMBL184651,IC50,=,140.0,nM,6.85,CHEMBL284,Dipeptidyl peptidase 4,N#Cc1ccc(NCCNCC(=O)N2N=CCC2C#N)nc1
2605858,CHEMBL142703,IC50,=,34.0,nM,7.47,CHEMBL284,Dipeptidyl peptidase 4,N#C[C@@H]1CCCN1C(=O)CNC12CC3CC(CC(O)(C3)C1)C2
2605860,CHEMBL307636,Ki,=,1.4,nM,8.85,CHEMBL284,Dipeptidyl peptidase 4,N#C[C@@H]1CCCN1C(=O)[C@@H](N)C1CCCCC1
2605862,CHEMBL186566,IC50,=,4.0,nM,8.40,CHEMBL284,Dipeptidyl peptidase 4,COc1ccc2c(c1)CN[C@H](C(=O)N1CCC[C@H]1C#N)C2
2605864,CHEMBL515378,IC50,=,251.0,nM,6.60,CHEMBL284,Dipeptidyl peptidase 4,CC(C)(C)C(NC(=O)C[C@@H](N)C(=O)N1CCC[C@H]1C#N)c1ccccc1
2605865,CHEMBL385517,Ki,=,0.6,nM,9.22,CHEMBL284,Dipeptidyl peptidase 4,N#C[C@@H]1C[C@@H]2C[C@@H]2N1C(=O)[C@@H](N)C12CC3CC(CC(O)(C3)C1)C2
2605868,CHEMBL458744,Ki,=,3.6,nM,8.44,CHEMBL284,Dipeptidyl peptidase 4,N#Cc1ccc(N[C@@H]2CN[C@H](C(=O)N3[C@@H]4C[C@@H]4C[C@@H]3C#N)C2)cc1Cl
2605869,CHEMBL372342,Ki,=,53.0,nM,7.28,CHEMBL284,Dipeptidyl peptidase 4,COc1ccc(CS(=O)(=O)C(C)(C)[C@H](N)C(=O)N2C[C@@H](F)C[C@H]2C#N)cc1
2605876,CHEMBL461117,IC50,=,0.6,nM,9.22,CHEMBL284,Dipeptidyl peptidase 4,CC[C@H](C)[C@H](N)C(=O)N1C[C@@H](F)C[C@H]1C#N
2605878,CHEMBL472096,IC50,=,4.6,nM,8.34,CHEMBL284,Dipeptidyl peptidase 4,CC(C)(CO)NCC(=O)N1C[C@@H](F)C[C@H]1C#N
2605879,CHEMBL456413,IC50,=,22.0,nM,7.66,CHEMBL284,Dipeptidyl peptidase 4,N#C[C@H]1C[C@@H](F)CN1C(=O)[C@@H](N)C(c1ccc(F)cc1)c1ccc(F)cc1
2605882,CHEMBL456419,IC50,=,6.2,nM,8.21,CHEMBL284,Dipeptidyl peptidase 4,CC1(NCC(=O)N2C[C@H](F)C[C@@H]2C#N)CCN(S(C)(=O)=O)CC1
2605885,CHEMBL456420,IC50,=,0.13,nM,9.89,CHEMBL284,Dipeptidyl peptidase 4,N#Cc1ccc(N[C@@H]2CNC(C(=O)N3CCC[C@H]3C#N)C2)cc1C#N
2605887,CHEMBL445437,IC50,=,0.15,nM,9.82,CHEMBL284,Dipeptidyl peptidase 4,N#Cc1ccc(N[C@@H]2CNC(C(=O)N3CCC[C@H]3C#N)C2)cc1Cl
2605889,CHEMBL413797,IC50,=,4.9,nM,8.31,CHEMBL284,Dipeptidyl peptidase 4,Cc1ccc(O)c(C)c1[C@@H]1CN[C@H](C(=O)N2CCC[C@H]2C#N)C1
2605893,CHEMBL98408,IC50,=,420.0,nM,6.38,CHEMBL284,Dipeptidyl peptidase 4,CC[C@H](C)[C@H](N)C(=O)N1CCSC1
2605894,CHEMBL278393,IC50,=,320.0,nM,6.50,CHEMBL284,Dipeptidyl peptidase 4,N[C@H](C(=O)N1CCCC1)C1CCCCC1
2605895,CHEMBL25437,IC50,=,88.0,nM,7.06,CHEMBL284,Dipeptidyl peptidase 4,N[C@H](C(=O)N1CCCC1)[C@H]1CC[C@H](NS(=O)(=O)c2ccc(F)cc2F)CC1
2606555,CHEMBL390513,IC50,=,25.4,nM,7.59,CHEMBL284,Dipeptidyl peptidase 4,N#Cc1ccc(N[C@@H]2CN[C@H](C(=O)N3CCSC3)C2)nc1
2606559,CHEMBL237119,IC50,=,0.012,nM,,CHEMBL284,Dipeptidyl peptidase 4,CN(C)C(=O)[C@@H](c1ccc(-c2ccc(F)cc2)cc1)[C@H](N)C(=O)N1CC[C@H](F)C1
2606564,CHEMBL237336,IC50,=,0.064,nM,,CHEMBL284,Dipeptidyl peptidase 4,C[C@@H](c1ccc(-c2ccc(F)cc2)cc1)[C@H](N)C(=O)N1CC[C@H](F)C1
2606571,CHEMBL459357,IC50,=,4.3,nM,8.37,CHEMBL284,Dipeptidyl peptidase 4,CN(C)C(=O)[C@@H](c1ccc(C2=CN3N=CNC3C=C2)cc1)[C@H](N)C(=O)N1CC[C@H](F)C1
2606578,CHEMBL22310,IC50,=,48.0,nM,7.32,CHEMBL284,Dipeptidyl peptidase 4,N[C@H](C(=O)N1CC[C@H](F)C1)[C@H]1CC[C@H](NS(=O)(=O)c2ccc(F)cc2F)CC1
2606585,CHEMBL63860,Ki,=,2.0,nM,8.70,CHEMBL284,Dipeptidyl peptidase 4,C[C@H](N)C(=O)N1CCC[C@H]1B(O)O
2606587,CHEMBL460842,IC50,=,8.0,nM,8.10,CHEMBL284,Dipeptidyl peptidase 4,O=C(CNC12CC3CC(CC(C3)C1)C2)N1CCC[C@H]1B(O)O
2606590,CHEMBL445949,IC50,=,0.48,nM,9.32,CHEMBL284,Dipeptidyl peptidase 4,CC(C)[C@H](Oc1ccc(CNC(=O)[C@@H]2CCCN2C(=O)C[C@H](N)Cc2cc(F)ccc2F)cc1)C(=O)O.O=C(O)C(F)(F)F
2606591,CHEMBL175872,IC50,=,139.0,nM,6.86,CHEMBL284,Dipeptidyl peptidase 4,N[C@@H](CC(=O)N1CCNC[C@H]1Cc1ccccc1)Cc1ccccc1F
2606599,CHEMBL459591,IC50,=,18.0,nM,7.75,CHEMBL284,Dipeptidyl peptidase 4,CC(C)=CCN1C(C2CC[C@H]3NCC[C@@H]23)=NC2C1C(=O)N(CC(=O)c1ccccc1)C(=O)N2C
2606603,CHEMBL459806,IC50,<,10.0,nM,,CHEMBL284,Dipeptidyl peptidase 4,Cn1c(=O)cc(N2CCC[C@@H](N)C2)n(Cc2ccccc2C#N)c1=O.O=C(O)C(F)(F)F
2606606,CHEMBL459807,IC50,=,2.28,nM,8.64,CHEMBL284,Dipeptidyl peptidase 4,COc1ccccc1N1CCc2nc(C)c(CN)c(-c3ccc(Cl)cc3Cl)c2C1=O
2606609,CHEMBL460013,IC50,=,7690.0,nM,5.11,CHEMBL284,Dipeptidyl peptidase 4,CC(N)/C(F)=C1\CCC[C@@H]1C#N.Cl
2606610,CHEMBL460013,IC50,=,6030.0,nM,5.22,CHEMBL284,Dipeptidyl peptidase 4,CC(N)/C(F)=C1\CCC[C@@H]1C#N.Cl
2609323,CHEMBL473166,IC50,=,85.0,nM,7.07,CHEMBL284,Dipeptidyl peptidase 4,CC(C)(CC(=O)N[C@H]1C[C@@H]1c1ccccc1)NCC(=O)N1CCC[C@H]1C#N
2609324,CHEMBL514617,IC50,=,54.0,nM,7.27,CHEMBL284,Dipeptidyl peptidase 4,CC(C)(CC(=O)N[C@H]1C[C@@H]1c1ccc(F)cc1)NCC(=O)N1CCC[C@H]1C#N
2609325,CHEMBL473172,IC50,=,64.0,nM,7.19,CHEMBL284,Dipeptidyl peptidase 4,CC(C)(CC(=O)N[C@H]1C[C@@H]1c1cccc(F)c1)NCC(=O)N1CCC[C@H]1C#N
2609326,CHEMBL515552,IC50,=,84.0,nM,7.08,CHEMBL284,Dipeptidyl peptidase 4,CC(C)(CC(=O)N[C@H]1C[C@@H]1c1ccc(F)cc1F)NCC(=O)N1CCC[C@H]1C#N
2609327,CHEMBL472976,IC50,=,75.0,nM,7.12,CHEMBL284,Dipeptidyl peptidase 4,CC(C)(CC(=O)N[C@H]1C[C@@H]1c1cc(F)cc(F)c1)NCC(=O)N1CCC[C@H]1C#N
2609328,CHEMBL472977,IC50,=,62.0,nM,7.21,CHEMBL284,Dipeptidyl peptidase 4,CC(C)(CC(=O)N[C@H]1C[C@@H]1c1ccc(F)c(F)c1)NCC(=O)N1CCC[C@H]1C#N
2609329,CHEMBL473176,IC50,=,85.0,nM,7.07,CHEMBL284,Dipeptidyl peptidase 4,CC(C)(CC(=O)N[C@H]1C[C@@H]1c1ccc(C(F)(F)F)cc1)NCC(=O)N1CCC[C@H]1C#N
2609330,CHEMBL473973,IC50,=,60.0,nM,7.22,CHEMBL284,Dipeptidyl peptidase 4,CC(C)(CC(=O)N[C@H]1C[C@@H]1c1cccc(C(F)(F)F)c1)NCC(=O)N1CCC[C@H]1C#N
2609331,CHEMBL474559,IC50,=,73.0,nM,7.14,CHEMBL284,Dipeptidyl peptidase 4,CC(C)(CC(=O)N[C@H]1C[C@@H]1c1cccc(OC(F)(F)F)c1)NCC(=O)N1CCC[C@H]1C#N
2609332,CHEMBL474560,IC50,=,86.0,nM,7.07,CHEMBL284,Dipeptidyl peptidase 4,CC(C)(CC(=O)N[C@H]1C[C@@H]1c1ccc(Cl)cc1)NCC(=O)N1CCC[C@H]1C#N
2609333,CHEMBL463481,IC50,=,42.0,nM,7.38,CHEMBL284,Dipeptidyl peptidase 4,CC(C)(CC(=O)N[C@H]1C[C@@H]1c1cccc(Cl)c1)NCC(=O)N1CCC[C@H]1C#N
2609334,CHEMBL474959,IC50,=,68.0,nM,7.17,CHEMBL284,Dipeptidyl peptidase 4,CC(C)(CC(=O)N[C@H]1C[C@@H]1c1ccc(Cl)c(Cl)c1)NCC(=O)N1CCC[C@H]1C#N
2609335,CHEMBL474960,IC50,=,101.0,nM,7.00,CHEMBL284,Dipeptidyl peptidase 4,COc1ccc([C@H]2C[C@@H]2NC(=O)CC(C)(C)NCC(=O)N2CCC[C@H]2C#N)cc1OC
2609336,CHEMBL472797,IC50,=,24.0,nM,7.62,CHEMBL284,Dipeptidyl peptidase 4,CC(C)(CC(=O)N[C@H]1C[C@@H]1c1cccnc1)NCC(=O)N1C[C@@H](F)C[C@H]1C#N
2609337,CHEMBL474767,IC50,=,16.0,nM,7.80,CHEMBL284,Dipeptidyl peptidase 4,Cc1ncsc1[C@H]1C[C@@H]1NC(=O)CC(C)(C)NCC(=O)N1C[C@@H](F)C[C@H]1C#N
2609338,CHEMBL474768,IC50,=,56.0,nM,7.25,CHEMBL284,Dipeptidyl peptidase 4,CC(C)(CC(=O)N[C@@H]1C[C@H]1c1cccc(Cl)c1)NCC(=O)N1CCC[C@H]1C#N
2609339,CHEMBL463481,IC50,=,47.0,nM,7.33,CHEMBL284,Dipeptidyl peptidase 4,CC(C)(CC(=O)N[C@H]1C[C@@H]1c1cccc(Cl)c1)NCC(=O)N1CCC[C@H]1C#N
2609340,CHEMBL447393,IC50,=,27.0,nM,7.57,CHEMBL284,Dipeptidyl peptidase 4,CC(C)(CC(=O)N[C@@H]1C[C@H]1c1cccc(Cl)c1)NCC(=O)N1C[C@@H](F)C[C@H]1C#N
2609341,CHEMBL464092,IC50,=,19.0,nM,7.72,CHEMBL284,Dipeptidyl peptidase 4,CC(C)(CC(=O)N[C@H]1C[C@@H]1c1ccccc1)NCC(=O)N1C[C@@H](F)C[C@H]1C#N
2609342,CHEMBL517776,IC50,=,15.0,nM,7.82,CHEMBL284,Dipeptidyl peptidase 4,CC(C)(CC(=O)N[C@H]1C[C@@H]1c1cccc(Cl)c1)NCC(=O)N1C[C@@H](F)C[C@H]1C#N
2609343,CHEMBL464093,IC50,=,21.0,nM,7.68,CHEMBL284,Dipeptidyl peptidase 4,CC(C)(CC(=O)N[C@H]1C[C@@H]1c1cccc(F)c1)NCC(=O)N1C[C@@H](F)C[C@H]1C#N
2609344,CHEMBL463277,IC50,=,22.0,nM,7.66,CHEMBL284,Dipeptidyl peptidase 4,COc1ccc([C@H]2C[C@@H]2NC(=O)CC(C)(C)NCC(=O)N2C[C@@H](F)C[C@H]2C#N)cc1
2609345,CHEMBL518831,IC50,=,26.0,nM,7.58,CHEMBL284,Dipeptidyl peptidase 4,COc1cccc([C@H]2C[C@@H]2NC(=O)CC(C)(C)NCC(=O)N2C[C@@H](F)C[C@H]2C#N)c1
2609346,CHEMBL462839,IC50,=,17.0,nM,7.77,CHEMBL284,Dipeptidyl peptidase 4,CCOc1cccc([C@H]2C[C@@H]2NC(=O)CC(C)(C)NCC(=O)N2C[C@@H](F)C[C@H]2C#N)c1
2609347,CHEMBL463230,IC50,=,20.0,nM,7.70,CHEMBL284,Dipeptidyl peptidase 4,CC(C)(CC(=O)N[C@H]1C[C@@H]1c1cccc(OC(F)(F)F)c1)NCC(=O)N1C[C@@H](F)C[C@H]1C#N
2609348,CHEMBL463231,IC50,=,26.0,nM,7.58,CHEMBL284,Dipeptidyl peptidase 4,CC(C)(CC(=O)N[C@H]1C[C@@H]1c1cccc(Cl)c1)NCC(=O)N1CC(F)(F)C[C@H]1C#N
2609349,CHEMBL1422,IC50,=,30.0,nM,7.52,CHEMBL284,Dipeptidyl peptidase 4,N[C@@H](CC(=O)N1CCn2c(nnc2C(F)(F)F)C1)Cc1cc(F)c(F)cc1F
2609350,CHEMBL142703,IC50,=,51.0,nM,7.29,CHEMBL284,Dipeptidyl peptidase 4,N#C[C@@H]1CCCN1C(=O)CNC12CC3CC(CC(O)(C3)C1)C2
2611108,CHEMBL474767,IC50,=,10.0,nM,8.00,CHEMBL284,Dipeptidyl peptidase 4,Cc1ncsc1[C@H]1C[C@@H]1NC(=O)CC(C)(C)NCC(=O)N1C[C@@H](F)C[C@H]1C#N
2611109,CHEMBL474767,IC50,=,15.0,nM,7.82,CHEMBL284,Dipeptidyl peptidase 4,Cc1ncsc1[C@H]1C[C@@H]1NC(=O)CC(C)(C)NCC(=O)N1C[C@@H](F)C[C@H]1C#N
2690352,CHEMBL425584,IC50,=,90.0,nM,7.05,CHEMBL284,Dipeptidyl peptidase 4,N[C@@H](CC(=O)N1CCC[C@H]1CNC(=O)c1ccccc1)Cc1ccccc1F
2690353,CHEMBL562525,IC50,=,27.0,nM,7.57,CHEMBL284,Dipeptidyl peptidase 4,N[C@@H](CC(=O)N1CCC[C@H]1CNC(=O)c1ccccc1)Cc1cccc(Cl)c1
2690354,CHEMBL550862,IC50,=,49.0,nM,7.31,CHEMBL284,Dipeptidyl peptidase 4,N[C@@H](CC(=O)N1CCC[C@H]1CNC(=O)c1ccccc1F)Cc1ccccc1F
2690355,CHEMBL552263,IC50,=,92.0,nM,7.04,CHEMBL284,Dipeptidyl peptidase 4,N[C@@H](CC(=O)N1CCC[C@H]1CNC(=O)c1cccc(F)c1)Cc1ccccc1F
2690356,CHEMBL553936,IC50,=,92.0,nM,7.04,CHEMBL284,Dipeptidyl peptidase 4,N[C@@H](CC(=O)N1CCC[C@H]1CNC(=O)c1ccc(F)cc1)Cc1ccccc1F
2690357,CHEMBL560123,IC50,=,47.0,nM,7.33,CHEMBL284,Dipeptidyl peptidase 4,N[C@@H](CC(=O)N1CCC[C@H]1CNC(=O)c1ccccn1)Cc1ccccc1F
2690358,CHEMBL563911,IC50,=,87.0,nM,7.06,CHEMBL284,Dipeptidyl peptidase 4,N[C@@H](CC(=O)N1CCC[C@H]1CNC(=O)c1cccnc1)Cc1ccccc1F
2690359,CHEMBL562981,IC50,=,66.0,nM,7.18,CHEMBL284,Dipeptidyl peptidase 4,N[C@@H](CC(=O)N1CCC[C@H]1CNC(=O)c1ccncc1)Cc1ccccc1F
2690360,CHEMBL557851,IC50,=,77.0,nM,7.11,CHEMBL284,Dipeptidyl peptidase 4,CS(=O)(=O)c1ccc(C(=O)NC[C@@H]2CCCN2C(=O)C[C@H](N)Cc2ccccc2F)cc1
2690361,CHEMBL563108,IC50,=,27.0,nM,7.57,CHEMBL284,Dipeptidyl peptidase 4,CS(=O)(=O)c1ccccc1C(=O)NC[C@@H]1CCCN1C(=O)C[C@H](N)Cc1ccccc1F
2690362,CHEMBL564043,IC50,=,14.0,nM,7.85,CHEMBL284,Dipeptidyl peptidase 4,CS(=O)(=O)c1ccccc1C(=O)NC[C@@H]1CCCN1C(=O)C[C@H](N)Cc1cccc(Cl)c1
2690363,CHEMBL564249,IC50,=,0.38,nM,9.42,CHEMBL284,Dipeptidyl peptidase 4,CS(=O)(=O)c1cccc(C(=O)NC[C@@H]2CCCN2C(=O)C[C@H](N)Cc2cccc(Cl)c2)c1
2690364,CHEMBL561120,IC50,=,12.0,nM,7.92,CHEMBL284,Dipeptidyl peptidase 4,N[C@@H](CC(=O)N1CCC[C@H]1CNC(=O)C1CC1)Cc1cccc(Cl)c1
2690365,CHEMBL563648,IC50,=,9.0,nM,8.05,CHEMBL284,Dipeptidyl peptidase 4,N[C@@H](CC(=O)N1CCC[C@H]1CNC(=O)C1CC1)Cc1cc(F)c(F)cc1F
2690366,CHEMBL539187,IC50,=,34.0,nM,7.47,CHEMBL284,Dipeptidyl peptidase 4,N[C@@H](CC(=O)N1CCC[C@H]1CNS(=O)(=O)c1ccccc1)Cc1ccccc1F
2690367,CHEMBL561322,IC50,=,8.0,nM,8.10,CHEMBL284,Dipeptidyl peptidase 4,N[C@@H](CC(=O)N1CCC[C@H]1CNS(=O)(=O)c1ccccc1)Cc1cccc(Cl)c1
2690368,CHEMBL549842,IC50,=,53.0,nM,7.28,CHEMBL284,Dipeptidyl peptidase 4,N[C@@H](CC(=O)N1CCC[C@H]1CNS(=O)(=O)c1ccccc1F)Cc1ccccc1F
2690369,CHEMBL562603,IC50,=,94.0,nM,7.03,CHEMBL284,Dipeptidyl peptidase 4,N[C@@H](CC(=O)N1CCC[C@H]1CNS(=O)(=O)c1cccc(F)c1)Cc1ccccc1F
2690370,CHEMBL565056,IC50,=,27.0,nM,7.57,CHEMBL284,Dipeptidyl peptidase 4,N[C@@H](CC(=O)N1CCC[C@H]1CNS(=O)(=O)c1ccc(F)cc1)Cc1ccccc1F
2690371,CHEMBL549432,IC50,=,20.0,nM,7.70,CHEMBL284,Dipeptidyl peptidase 4,N[C@@H](CC(=O)N1CCC[C@H]1CNS(=O)(=O)c1ccc(Cl)cc1)Cc1ccccc1F
2690372,CHEMBL560183,IC50,=,24.0,nM,7.62,CHEMBL284,Dipeptidyl peptidase 4,N[C@@H](CC(=O)N1CCC[C@H]1CNS(=O)(=O)c1cc(Cl)ccc1Cl)Cc1ccccc1F
2690373,CHEMBL560184,IC50,=,30.0,nM,7.52,CHEMBL284,Dipeptidyl peptidase 4,N[C@@H](CC(=O)N1CCC[C@H]1CNS(=O)(=O)C1CC1)Cc1cccc(Cl)c1
2690374,CHEMBL563272,IC50,=,8.0,nM,8.10,CHEMBL284,Dipeptidyl peptidase 4,N[C@@H](CC(=O)N1CCC[C@H]1CNS(=O)(=O)C1CC1)Cc1cc(F)c(F)cc1F
2697711,CHEMBL142703,IC50,=,3.0,nM,8.52,CHEMBL284,Dipeptidyl peptidase 4,N#C[C@@H]1CCCN1C(=O)CNC12CC3CC(CC(O)(C3)C1)C2
2697712,CHEMBL385517,IC50,=,3.0,nM,8.52,CHEMBL284,Dipeptidyl peptidase 4,N#C[C@@H]1C[C@@H]2C[C@@H]2N1C(=O)[C@@H](N)C12CC3CC(CC(O)(C3)C1)C2
2697713,CHEMBL539691,IC50,=,105.0,nM,6.98,CHEMBL284,Dipeptidyl peptidase 4,Cl.N#C[C@@H]1CS[C@H]2C[C@@H](N)C(=O)N12
2697714,CHEMBL564670,IC50,=,26.0,nM,7.58,CHEMBL284,Dipeptidyl peptidase 4,Cl.N#C[C@@H]1CS[C@H]2C[C@](N)(c3ccccc3)C(=O)N12
2697715,CHEMBL560583,IC50,=,56.0,nM,7.25,CHEMBL284,Dipeptidyl peptidase 4,CC[C@@]1(N)C[C@@H]2SC[C@@H](C#N)N2C1=O.Cl
2697716,CHEMBL564854,IC50,=,33.0,nM,7.48,CHEMBL284,Dipeptidyl peptidase 4,CC(C)[C@@]1(N)C[C@@H]2SC[C@@H](C#N)N2C1=O.Cl
2697717,CHEMBL561263,IC50,=,63.0,nM,7.20,CHEMBL284,Dipeptidyl peptidase 4,CC(C)C[C@@]1(N)C[C@@H]2SC[C@@H](C#N)N2C1=O.Cl
2697718,CHEMBL563772,IC50,=,53.0,nM,7.28,CHEMBL284,Dipeptidyl peptidase 4,CC[C@H](C)[C@@]1(N)C[C@@H]2SC[C@@H](C#N)N2C1=O.Cl
2697719,CHEMBL561462,IC50,=,109.0,nM,6.96,CHEMBL284,Dipeptidyl peptidase 4,Cl.N#C[C@@H]1CS[C@H]2C[C@](N)(Cc3ccccc3)C(=O)N12
2697720,CHEMBL558956,IC50,=,89.0,nM,7.05,CHEMBL284,Dipeptidyl peptidase 4,Cl.N#C[C@@H]1CS[C@H]2C[C@](N)(C3CCCC3)C(=O)N12
2697721,CHEMBL560985,IC50,=,59.0,nM,7.23,CHEMBL284,Dipeptidyl peptidase 4,Cl.N#C[C@@H]1CS[C@H]2C[C@](N)(C3CCCCC3)C(=O)N12
2697722,CHEMBL558313,IC50,=,205.0,nM,6.69,CHEMBL284,Dipeptidyl peptidase 4,Cl.N#C[C@@H]1CS[C@H]2C[C@](N)(CCc3ccccc3)C(=O)N12
2697723,CHEMBL556219,IC50,=,118.0,nM,6.93,CHEMBL284,Dipeptidyl peptidase 4,Cl.N#C[C@@H]1CS[C@H]2C[C@](N)(CC3CCCCC3)C(=O)N12
2697724,CHEMBL552403,IC50,=,152.0,nM,6.82,CHEMBL284,Dipeptidyl peptidase 4,Cl.N#C[C@@H]1CS[C@H]2C[C@](N)(c3ccc(F)cc3)C(=O)N12
2697778,CHEMBL558509,IC50,>,1600.0,nM,,CHEMBL284,Dipeptidyl peptidase 4,N#C[C@@H]1CS[C@H]2C[C@H](N)C(=O)N12
2697779,CHEMBL556220,IC50,>,16000.0,nM,,CHEMBL284,Dipeptidyl peptidase 4,N#C[C@@H]1CS[C@H]2C[C@@H](NC3CCCC3)C(=O)N12
2697780,CHEMBL552404,IC50,>,16000.0,nM,,CHEMBL284,Dipeptidyl peptidase 4,N#C[C@@H]1CS[C@H]2C[C@@H](NCCc3ccccc3)C(=O)N12
2697781,CHEMBL551323,IC50,>,1600.0,nM,,CHEMBL284,Dipeptidyl peptidase 4,N#C[C@@H]1CS[C@H]2CC[C@@H](N)C(=O)N12
2697782,CHEMBL87265,IC50,>,1600.0,nM,,CHEMBL284,Dipeptidyl peptidase 4,N#C[C@@H]1CS[C@H]2CC[C@H](N)C(=O)N12
2706890,CHEMBL562388,IC50,=,15.0,nM,7.82,CHEMBL284,Dipeptidyl peptidase 4,N[C@H]1Cn2c(nc3ncccc32)C[C@@H]1c1cc(F)c(F)cc1F.O=C(O)C(F)(F)F.O=C(O)C(F)(F)F
2706891,CHEMBL541438,IC50,=,11.0,nM,7.96,CHEMBL284,Dipeptidyl peptidase 4,N[C@H]1Cn2c(nc3cnc(C(F)(F)F)cc32)C[C@@H]1c1cc(F)c(F)cc1F.O=C(O)C(F)(F)F.O=C(O)C(F)(F)F
2706892,CHEMBL557514,IC50,=,23.0,nM,7.64,CHEMBL284,Dipeptidyl peptidase 4,Cc1cc2c(cn1)nc1n2C[C@H](N)[C@@H](c2cc(F)c(F)cc2F)C1.O=C(O)C(F)(F)F.O=C(O)C(F)(F)F
2706893,CHEMBL557447,IC50,=,15.0,nM,7.82,CHEMBL284,Dipeptidyl peptidase 4,N[C@H]1Cn2c(nc3cnc(Cl)cc32)C[C@@H]1c1cc(F)c(F)cc1F.O=C(O)C(F)(F)F.O=C(O)C(F)(F)F
2706894,CHEMBL559477,IC50,=,12.0,nM,7.92,CHEMBL284,Dipeptidyl peptidase 4,N[C@H]1Cn2c(nc3cnc(F)cc32)C[C@@H]1c1cc(F)c(F)cc1F.O=C(O)C(F)(F)F.O=C(O)C(F)(F)F
2706895,CHEMBL552068,IC50,=,8.3,nM,8.08,CHEMBL284,Dipeptidyl peptidase 4,Cl.N[C@H]1Cn2c(nc3cnccc32)C[C@@H]1c1cc(F)c(F)cc1F
2706896,CHEMBL562188,IC50,=,6.7,nM,8.17,CHEMBL284,Dipeptidyl peptidase 4,N[C@H]1Cn2c(nc3cnccc32)C[C@@H]1c1cc(F)c(F)cc1F.O=C(O)C(F)(F)F.O=C(O)C(F)(F)F
2706897,CHEMBL549502,IC50,=,51.0,nM,7.29,CHEMBL284,Dipeptidyl peptidase 4,N[C@H]1Cn2c(nc3ccncc32)C[C@@H]1c1cc(F)c(F)cc1F.O=C(O)C(F)(F)F.O=C(O)C(F)(F)F
2706898,CHEMBL560926,IC50,=,329.0,nM,6.48,CHEMBL284,Dipeptidyl peptidase 4,N[C@H]1Cn2c(nc3cccnc32)C[C@@H]1c1cc(F)c(F)cc1F.O=C(O)C(F)(F)F.O=C(O)C(F)(F)F
2706899,CHEMBL556494,IC50,=,8.6,nM,8.07,CHEMBL284,Dipeptidyl peptidase 4,CC(=O)Nc1ccc2c(c1)nc1n2C[C@H](N)[C@@H](c2cc(F)c(F)cc2F)C1.O=C(O)C(F)(F)F
2706900,CHEMBL561793,IC50,=,7.1,nM,8.15,CHEMBL284,Dipeptidyl peptidase 4,CS(=O)(=O)Nc1ccc2c(c1)nc1n2C[C@H](N)[C@@H](c2cc(F)c(F)cc2F)C1.O=C(O)C(F)(F)F
2706901,CHEMBL560729,IC50,=,52.0,nM,7.28,CHEMBL284,Dipeptidyl peptidase 4,CN(C)C(=O)c1ccc2c(c1)nc1n2C[C@H](N)[C@@H](c2cc(F)c(F)cc2F)C1.O=C(O)C(F)(F)F
2706902,CHEMBL563383,IC50,=,13.0,nM,7.89,CHEMBL284,Dipeptidyl peptidase 4,N[C@H]1Cn2c(nc3cc(C(=O)O)ccc32)C[C@@H]1c1cc(F)c(F)cc1F.O=C(O)C(F)(F)F
2706903,CHEMBL549645,IC50,=,56.0,nM,7.25,CHEMBL284,Dipeptidyl peptidase 4,CS(=O)(=O)c1ccc2nc3n(c2c1)C[C@H](N)[C@@H](c1cc(F)c(F)cc1F)C3.O=C(O)C(F)(F)F
2706904,CHEMBL560192,IC50,=,8.0,nM,8.10,CHEMBL284,Dipeptidyl peptidase 4,CCS(=O)(=O)c1ccc2c(c1)nc1n2C[C@H](N)[C@@H](c2cc(F)c(F)cc2F)C1.O=C(O)C(F)(F)F
2706905,CHEMBL559940,IC50,=,4.2,nM,8.38,CHEMBL284,Dipeptidyl peptidase 4,CS(=O)(=O)c1ccc2c(c1)nc1n2C[C@H](N)[C@@H](c2cc(F)c(F)cc2F)C1.O=C(O)C(F)(F)F
2706906,CHEMBL550801,IC50,=,47.0,nM,7.33,CHEMBL284,Dipeptidyl peptidase 4,N[C@H]1Cn2c(nc3ccc(C(F)(F)F)cc32)C[C@@H]1c1cc(F)c(F)cc1F.O=C(O)C(F)(F)F
2706907,CHEMBL552479,IC50,=,14.0,nM,7.85,CHEMBL284,Dipeptidyl peptidase 4,N[C@H]1Cn2c(nc3cc(C(F)(F)F)ccc32)C[C@@H]1c1cc(F)c(F)cc1F.O=C(O)C(F)(F)F
2706908,CHEMBL562953,IC50,=,18.0,nM,7.75,CHEMBL284,Dipeptidyl peptidase 4,Cc1ccc2c(c1)nc1n2C[C@H](N)[C@@H](c2cc(F)c(F)cc2F)C1.O=C(O)C(F)(F)F
2706909,CHEMBL563155,IC50,=,53.0,nM,7.28,CHEMBL284,Dipeptidyl peptidase 4,N[C@H]1Cn2c(nc3ccc(OC(F)(F)F)cc32)C[C@@H]1c1cc(F)c(F)cc1F.O=C(O)C(F)(F)F
2706910,CHEMBL550598,IC50,=,28.0,nM,7.55,CHEMBL284,Dipeptidyl peptidase 4,COc1ccc2c(c1)nc1n2C[C@H](N)[C@@H](c2cc(F)c(F)cc2F)C1.O=C(O)C(F)(F)F
2706911,CHEMBL562530,IC50,=,22.0,nM,7.66,CHEMBL284,Dipeptidyl peptidase 4,N[C@H]1Cn2c(nc3c(F)c(F)c(F)cc32)C[C@@H]1c1cc(F)c(F)cc1F.O=C(O)C(F)(F)F
2706912,CHEMBL558253,IC50,=,47.0,nM,7.33,CHEMBL284,Dipeptidyl peptidase 4,N[C@H]1Cn2c(nc3c(F)cc(F)cc32)C[C@@H]1c1cc(F)c(F)cc1F.O=C(O)C(F)(F)F
2706913,CHEMBL560669,IC50,=,17.0,nM,7.77,CHEMBL284,Dipeptidyl peptidase 4,N[C@H]1Cn2c(nc3ccc(F)cc32)C[C@@H]1c1cc(F)c(F)cc1F.O=C(O)C(F)(F)F
2706914,CHEMBL552071,IC50,=,77.0,nM,7.11,CHEMBL284,Dipeptidyl peptidase 4,N[C@H]1Cn2c(nc3cc(F)ccc32)C[C@@H]1c1cc(F)c(F)cc1F.O=C(O)C(F)(F)F
2706915,CHEMBL537962,IC50,=,30.0,nM,7.52,CHEMBL284,Dipeptidyl peptidase 4,N[C@H]1Cn2c(nc3c(F)cccc32)C[C@@H]1c1cc(F)c(F)cc1F.O=C(O)C(F)(F)F
2706916,CHEMBL549913,IC50,=,68.0,nM,7.17,CHEMBL284,Dipeptidyl peptidase 4,N[C@H]1Cn2c(nc3ccccc32)C[C@@H]1c1cc(F)c(F)cc1F.O=C(O)C(F)(F)F
2707465,CHEMBL559940,IC50,=,11.0,nM,7.96,CHEMBL284,Dipeptidyl peptidase 4,CS(=O)(=O)c1ccc2c(c1)nc1n2C[C@H](N)[C@@H](c2cc(F)c(F)cc2F)C1.O=C(O)C(F)(F)F
2707466,CHEMBL562188,IC50,=,16.0,nM,7.80,CHEMBL284,Dipeptidyl peptidase 4,N[C@H]1Cn2c(nc3cnccc32)C[C@@H]1c1cc(F)c(F)cc1F.O=C(O)C(F)(F)F.O=C(O)C(F)(F)F
2707467,CHEMBL552068,IC50,=,17.0,nM,7.77,CHEMBL284,Dipeptidyl peptidase 4,Cl.N[C@H]1Cn2c(nc3cnccc32)C[C@@H]1c1cc(F)c(F)cc1F
2707468,CHEMBL541438,IC50,=,32.0,nM,7.50,CHEMBL284,Dipeptidyl peptidase 4,N[C@H]1Cn2c(nc3cnc(C(F)(F)F)cc32)C[C@@H]1c1cc(F)c(F)cc1F.O=C(O)C(F)(F)F.O=C(O)C(F)(F)F
2707469,CHEMBL559477,IC50,=,23.0,nM,7.64,CHEMBL284,Dipeptidyl peptidase 4,N[C@H]1Cn2c(nc3cnc(F)cc32)C[C@@H]1c1cc(F)c(F)cc1F.O=C(O)C(F)(F)F.O=C(O)C(F)(F)F
2707470,CHEMBL562388,IC50,=,24.0,nM,7.62,CHEMBL284,Dipeptidyl peptidase 4,N[C@H]1Cn2c(nc3ncccc32)C[C@@H]1c1cc(F)c(F)cc1F.O=C(O)C(F)(F)F.O=C(O)C(F)(F)F
2712605,CHEMBL563648,IC50,=,9.0,nM,8.05,CHEMBL284,Dipeptidyl peptidase 4,N[C@@H](CC(=O)N1CCC[C@H]1CNC(=O)C1CC1)Cc1cc(F)c(F)cc1F
2712718,CHEMBL558647,IC50,=,2.7,nM,8.57,CHEMBL284,Dipeptidyl peptidase 4,N[C@@H](CC(=O)N1CCC[C@H]1CN(C1CC1)S(=O)(=O)C(F)(F)F)Cc1cc(F)c(F)cc1F
2712719,CHEMBL558452,IC50,=,1.5,nM,8.82,CHEMBL284,Dipeptidyl peptidase 4,CN(C[C@@H]1CCCN1C(=O)C[C@H](N)Cc1cc(F)c(F)cc1F)S(=O)(=O)C(F)(F)F
2712720,CHEMBL559602,IC50,=,5.6,nM,8.25,CHEMBL284,Dipeptidyl peptidase 4,N[C@@H](CC(=O)N1CCC[C@H]1CNS(=O)(=O)CC(F)(F)F)Cc1cc(F)c(F)cc1F
2712721,CHEMBL564283,IC50,=,12.0,nM,7.92,CHEMBL284,Dipeptidyl peptidase 4,N[C@@H](CC(=O)N1CCC[C@H]1CNS(=O)(=O)C(F)(F)F)Cc1cc(F)c(F)cc1F
2712722,CHEMBL559543,IC50,=,27.0,nM,7.57,CHEMBL284,Dipeptidyl peptidase 4,CS(=O)(=O)NC[C@@H]1CCCN1C(=O)C[C@H](N)Cc1cc(F)c(F)cc1F
2712723,CHEMBL559601,IC50,=,7.8,nM,8.11,CHEMBL284,Dipeptidyl peptidase 4,CN(C[C@@H]1CCCN1C(=O)C[C@H](N)Cc1cc(F)c(F)cc1F)C(=O)C(C)(F)F
2712724,CHEMBL550321,IC50,=,6.8,nM,8.17,CHEMBL284,Dipeptidyl peptidase 4,CN(C[C@@H]1CCCN1C(=O)C[C@H](N)Cc1cc(F)c(F)cc1F)C(=O)C(C)(C)C
2712725,CHEMBL564105,IC50,=,1.1,nM,8.96,CHEMBL284,Dipeptidyl peptidase 4,CN(C[C@@H]1CCCN1C(=O)C[C@H](N)Cc1cc(F)c(F)cc1F)C(=O)C1CC1
2712726,CHEMBL550114,IC50,=,3.5,nM,8.46,CHEMBL284,Dipeptidyl peptidase 4,N[C@@H](CC(=O)N1CCC[C@H]1CNC(=O)CC(F)(F)F)Cc1cc(F)c(F)cc1F
2712727,CHEMBL557860,IC50,=,5.9,nM,8.23,CHEMBL284,Dipeptidyl peptidase 4,CC(F)(F)C(=O)NC[C@@H]1CCCN1C(=O)C[C@H](N)Cc1cc(F)c(F)cc1F
2712728,CHEMBL558323,IC50,=,6.3,nM,8.20,CHEMBL284,Dipeptidyl peptidase 4,CC(C)(F)C(=O)NC[C@@H]1CCCN1C(=O)C[C@H](N)Cc1cc(F)c(F)cc1F
2712729,CHEMBL558322,IC50,=,3.7,nM,8.43,CHEMBL284,Dipeptidyl peptidase 4,CC(C)(C)C(=O)NC[C@@H]1CCCN1C(=O)C[C@H](N)Cc1cc(F)c(F)cc1F
2712730,CHEMBL557723,IC50,=,4.8,nM,8.32,CHEMBL284,Dipeptidyl peptidase 4,N[C@@H](CC(=O)N1CCC[C@H]1CNC(=O)C1CCCC1)Cc1cc(F)c(F)cc1F
2712731,CHEMBL563901,IC50,=,2.2,nM,8.66,CHEMBL284,Dipeptidyl peptidase 4,N[C@@H](CC(=O)N1CCC[C@H]1CNC(=O)C1CCC1)Cc1cc(F)c(F)cc1F
2712732,CHEMBL554908,IC50,=,1.3,nM,8.89,CHEMBL284,Dipeptidyl peptidase 4,N[C@@H](CC(=O)N1CCC[C@H]1CNC(=O)C1CC1(F)F)Cc1cc(F)c(F)cc1F
2712733,CHEMBL552069,IC50,=,2.7,nM,8.57,CHEMBL284,Dipeptidyl peptidase 4,N[C@@H](CC(=O)N1CCC[C@H]1CNC(=O)C1(C(F)(F)F)CC1)Cc1cc(F)c(F)cc1F
2712734,CHEMBL549992,IC50,=,10.0,nM,8.00,CHEMBL284,Dipeptidyl peptidase 4,N[C@@H](CC(=O)N1CCC[C@H]1COCC1CC1)Cc1cc(F)c(F)cc1F
2712735,CHEMBL557315,IC50,=,6.1,nM,8.21,CHEMBL284,Dipeptidyl peptidase 4,N[C@@H](CC(=O)N1CCC[C@H]1COc1ccnc(C(F)(F)F)n1)Cc1cc(F)c(F)cc1F
2712736,CHEMBL565101,IC50,=,2.3,nM,8.64,CHEMBL284,Dipeptidyl peptidase 4,N#Cc1ccnc(OC[C@@H]2CCCN2C(=O)C[C@H](N)Cc2cc(F)c(F)cc2F)c1
2712737,CHEMBL563849,IC50,=,2.0,nM,8.70,CHEMBL284,Dipeptidyl peptidase 4,N#Cc1ccc(OC[C@@H]2CCCN2C(=O)C[C@H](N)Cc2cc(F)c(F)cc2F)nc1
2712738,CHEMBL549296,IC50,=,3.9,nM,8.41,CHEMBL284,Dipeptidyl peptidase 4,N[C@@H](CC(=O)N1CCC[C@H]1CNc1nccc(C(F)(F)F)n1)Cc1cc(F)c(F)cc1F
2712739,CHEMBL549581,IC50,=,7.1,nM,8.15,CHEMBL284,Dipeptidyl peptidase 4,N[C@@H](CC(=O)N1CCC[C@H]1CNc1ncc(F)cn1)Cc1cc(F)c(F)cc1F
2712740,CHEMBL564488,IC50,=,5.4,nM,8.27,CHEMBL284,Dipeptidyl peptidase 4,N[C@@H](CC(=O)N1CCC[C@H]1CNc1ncccn1)Cc1cc(F)c(F)cc1F
2712741,CHEMBL562467,IC50,=,15.0,nM,7.82,CHEMBL284,Dipeptidyl peptidase 4,N[C@@H](CC(=O)N1CCC[C@H]1CNc1ccc(C(F)(F)F)nc1)Cc1cc(F)c(F)cc1F
2712742,CHEMBL556708,IC50,=,6.3,nM,8.20,CHEMBL284,Dipeptidyl peptidase 4,N[C@@H](CC(=O)N1CCC[C@H]1CNc1ccc(F)cn1)Cc1cc(F)c(F)cc1F
2712743,CHEMBL562072,IC50,=,3.2,nM,8.49,CHEMBL284,Dipeptidyl peptidase 4,N#Cc1cccnc1NC[C@@H]1CCCN1C(=O)C[C@H](N)Cc1cc(F)c(F)cc1F
2712744,CHEMBL552127,IC50,=,4.0,nM,8.40,CHEMBL284,Dipeptidyl peptidase 4,CN(C[C@@H]1CCCN1C(=O)C[C@H](N)Cc1cc(F)c(F)cc1F)c1ccc(C#N)cn1
2712745,CHEMBL563244,IC50,=,3.5,nM,8.46,CHEMBL284,Dipeptidyl peptidase 4,N#Cc1ccc(NC[C@@H]2CCCN2C(=O)C[C@H](N)Cc2cc(F)c(F)cc2F)nc1
2712746,CHEMBL563272,IC50,=,8.0,nM,8.10,CHEMBL284,Dipeptidyl peptidase 4,N[C@@H](CC(=O)N1CCC[C@H]1CNS(=O)(=O)C1CC1)Cc1cc(F)c(F)cc1F
2713676,CHEMBL1202082,IC50,=,53.5,nM,7.27,CHEMBL284,Dipeptidyl peptidase 4,CCCCN1CCN(CCNCC(=O)N2CCC[C@@H]2C#N)C1=O.O=C(O)C(=O)O
2713677,CHEMBL1202090,IC50,=,68.1,nM,7.17,CHEMBL284,Dipeptidyl peptidase 4,CC(C)(C)N1CCN(CCNCC(=O)N2CCC[C@@H]2C#N)C1=O.O=C(O)C(=O)O
2713678,CHEMBL1202091,IC50,=,47.8,nM,7.32,CHEMBL284,Dipeptidyl peptidase 4,CC(C)N1CCN(CCNCC(=O)N2CCC[C@@H]2C#N)C1=O.O=C(O)C(=O)O
2713679,CHEMBL1202092,IC50,=,68.6,nM,7.16,CHEMBL284,Dipeptidyl peptidase 4,N#C[C@H]1CCCN1C(=O)CNCCN1CCN(C2CCCCC2)C1=O.O=C(O)C(=O)O
2713680,CHEMBL1202083,IC50,=,34.8,nM,7.46,CHEMBL284,Dipeptidyl peptidase 4,N#C[C@H]1CCCN1C(=O)CNCCN1CCN(c2ccccc2)C1=O.O=C(O)C(=O)O
2713681,CHEMBL1202086,IC50,=,29.3,nM,7.53,CHEMBL284,Dipeptidyl peptidase 4,Cc1ccc(N2CCN(CCNCC(=O)N3CCC[C@@H]3C#N)C2=O)cc1.O=C(O)C(=O)O
2713682,CHEMBL1202093,IC50,=,82.4,nM,7.08,CHEMBL284,Dipeptidyl peptidase 4,COc1ccc(N2CCN(CCNCC(=O)N3CCC[C@@H]3C#N)C2=O)cc1.O=C(O)C(=O)O
2713683,CHEMBL1202081,IC50,=,65.1,nM,7.19,CHEMBL284,Dipeptidyl peptidase 4,COc1cccc(N2CCN(CCNCC(=O)N3CCC[C@@H]3C#N)C2=O)c1.O=C(O)C(=O)O
2713684,CHEMBL1202089,IC50,=,25.8,nM,7.59,CHEMBL284,Dipeptidyl peptidase 4,N#C[C@H]1CCCN1C(=O)CNCCN1CCN(c2ccc(Cl)cc2)C1=O.O=C(O)C(=O)O
2713685,CHEMBL1202087,IC50,=,44.5,nM,7.35,CHEMBL284,Dipeptidyl peptidase 4,N#C[C@H]1CCCN1C(=O)CNCCN1CCN(c2ccc(F)cc2)C1=O.O=C(O)C(=O)O
2713686,CHEMBL1202088,IC50,=,60.1,nM,7.22,CHEMBL284,Dipeptidyl peptidase 4,N#C[C@H]1CCCN1C(=O)CNCCN1CCN(c2cccc(F)c2)C1=O.O=C(O)C(=O)O
2713687,CHEMBL1202084,IC50,=,133.6,nM,6.87,CHEMBL284,Dipeptidyl peptidase 4,N#C[C@H]1CCCN1C(=O)CNCCN1CCN(c2ccccc2F)C1=O.O=C(O)C(=O)O
2713688,CHEMBL1202094,IC50,=,20.4,nM,7.69,CHEMBL284,Dipeptidyl peptidase 4,COc1cc(OC)cc(N2CCN(CCNCC(=O)N3CCC[C@@H]3C#N)C2=O)c1.O=C(O)C(=O)O
2713689,CHEMBL1202080,IC50,=,2.0,nM,8.70,CHEMBL284,Dipeptidyl peptidase 4,COc1ccc(N2CCN(CCNCC(=O)N3CCC[C@@H]3C#N)C2=O)cc1OC.O=C(O)C(=O)O
2713690,CHEMBL1202085,IC50,=,165.6,nM,6.78,CHEMBL284,Dipeptidyl peptidase 4,COc1cc(N2CCN(CCNCC(=O)N3CCC[C@@H]3C#N)C2=O)cc(OC)c1OC.O=C(O)C(=O)O
2713691,CHEMBL142703,IC50,=,16.6,nM,7.78,CHEMBL284,Dipeptidyl peptidase 4,N#C[C@@H]1CCCN1C(=O)CNC12CC3CC(CC(O)(C3)C1)C2
2713692,CHEMBL376359,IC50,<,10.0,nM,,CHEMBL284,Dipeptidyl peptidase 4,Cn1c(=O)cc(N2CCC[C@@H](N)C2)n(Cc2ccccc2C#N)c1=O
2713693,CHEMBL1422,IC50,=,18.0,nM,7.75,CHEMBL284,Dipeptidyl peptidase 4,N[C@@H](CC(=O)N1CCn2c(nnc2C(F)(F)F)C1)Cc1cc(F)c(F)cc1F
2713694,CHEMBL385517,Ki,=,0.6,nM,9.22,CHEMBL284,Dipeptidyl peptidase 4,N#C[C@@H]1C[C@@H]2C[C@@H]2N1C(=O)[C@@H](N)C12CC3CC(CC(O)(C3)C1)C2
2713701,CHEMBL142703,IC50,=,3.5,nM,8.46,CHEMBL284,Dipeptidyl peptidase 4,N#C[C@@H]1CCCN1C(=O)CNC12CC3CC(CC(O)(C3)C1)C2
2993840,CHEMBL567263,IC50,=,90.0,nM,7.05,CHEMBL284,Dipeptidyl peptidase 4,N[C@@H](CCN1CCC[C@H]1CNC(=O)c1ccccc1)Cc1ccccc1F
2993841,CHEMBL566460,IC50,=,31.0,nM,7.51,CHEMBL284,Dipeptidyl peptidase 4,N[C@@H](CCN1CCC[C@H]1c1nc(-c2ccccc2)no1)Cc1ccccc1F
2993842,CHEMBL585663,IC50,=,90.0,nM,7.05,CHEMBL284,Dipeptidyl peptidase 4,N[C@@H](CCN1CCC[C@H]1c1noc(-c2ccccc2)n1)Cc1ccccc1F
2993843,CHEMBL565613,IC50,=,62.0,nM,7.21,CHEMBL284,Dipeptidyl peptidase 4,N[C@@H](CCN1CCC[C@H]1c1ncn(-c2ccccc2)n1)Cc1ccccc1F
2993844,CHEMBL584276,IC50,=,120.0,nM,6.92,CHEMBL284,Dipeptidyl peptidase 4,N[C@@H](CCN1CCC[C@H]1c1nnc(-c2ccccc2)o1)Cc1ccccc1F
2993845,CHEMBL566617,IC50,=,76.0,nM,7.12,CHEMBL284,Dipeptidyl peptidase 4,N[C@@H](CCN1CCC[C@H]1c1nc(-c2ccccc2)co1)Cc1ccccc1F
2993846,CHEMBL565999,IC50,=,180.0,nM,6.75,CHEMBL284,Dipeptidyl peptidase 4,N[C@@H](CCN1CCC[C@H]1c1ccn(-c2ccccc2)n1)Cc1ccccc1F
2993847,CHEMBL566854,IC50,=,130.0,nM,6.89,CHEMBL284,Dipeptidyl peptidase 4,N[C@@H](CCN1CCC[C@H]1c1cn(-c2ccccc2)nn1)Cc1ccccc1F
2994443,CHEMBL1090,IC50,=,62.0,nM,7.21,CHEMBL284,Dipeptidyl peptidase 4,Nc1ncnc2c1ncn2[C@@H]1O[C@H](CO)[C@@H](O)[C@@H]1O
2995124,CHEMBL567278,IC50,=,7.0,nM,8.15,CHEMBL284,Dipeptidyl peptidase 4,N[C@@H](CC(=O)N1CCC[C@H]1c1nc(C2CC2)no1)Cc1cc(F)c(F)cc1F
2995125,CHEMBL565633,IC50,=,2.0,nM,8.70,CHEMBL284,Dipeptidyl peptidase 4,CC(C)(C)c1noc([C@@H]2CCCN2C(=O)C[C@H](N)Cc2cc(F)c(F)cc2F)n1
2995126,CHEMBL566672,IC50,=,3.0,nM,8.52,CHEMBL284,Dipeptidyl peptidase 4,N[C@@H](CC(=O)N1CCC[C@H]1c1nc(CC2CC2)no1)Cc1cc(F)c(F)cc1F
2995127,CHEMBL565813,IC50,=,2.0,nM,8.70,CHEMBL284,Dipeptidyl peptidase 4,N[C@@H](CC(=O)N1CCC[C@H]1c1nc(C2(C(F)(F)F)CC2)no1)Cc1cc(F)c(F)cc1F
2995128,CHEMBL585129,IC50,=,4.0,nM,8.40,CHEMBL284,Dipeptidyl peptidase 4,N[C@@H](CC(=O)N1CCC[C@H]1c1nc(N2CCOCC2)no1)Cc1cc(F)c(F)cc1F
2995129,CHEMBL566616,IC50,=,4.0,nM,8.40,CHEMBL284,Dipeptidyl peptidase 4,N[C@@H](CC(=O)N1CCC[C@H]1c1nc(N2CCCC2)no1)Cc1cc(F)c(F)cc1F
2995130,CHEMBL566425,IC50,=,1.0,nM,9.00,CHEMBL284,Dipeptidyl peptidase 4,CS(=O)(=O)N1CC(c2noc([C@@H]3CCCN3C(=O)C[C@H](N)Cc3cc(F)c(F)cc3F)n2)C1
2995131,CHEMBL567279,IC50,=,5.0,nM,8.30,CHEMBL284,Dipeptidyl peptidase 4,CC(=O)N1CC(c2noc([C@@H]3CCCN3C(=O)C[C@H](N)Cc3cc(F)c(F)cc3F)n2)C1
2995132,CHEMBL584494,IC50,=,10.0,nM,8.00,CHEMBL284,Dipeptidyl peptidase 4,N[C@@H](CC(=O)N1CCC[C@H]1c1nc(-c2ccccn2)no1)Cc1cc(F)c(F)cc1F
2995133,CHEMBL566628,IC50,=,2.0,nM,8.70,CHEMBL284,Dipeptidyl peptidase 4,N[C@@H](CC(=O)N1CCC[C@H]1c1nc(-c2cnccn2)no1)Cc1cc(F)c(F)cc1F
2995134,CHEMBL567727,IC50,=,4.0,nM,8.40,CHEMBL284,Dipeptidyl peptidase 4,N[C@@H](CC(=O)N1CCC[C@H]1c1nc(-c2ncccn2)no1)Cc1cc(F)c(F)cc1F
2995135,CHEMBL566829,IC50,=,3.0,nM,8.52,CHEMBL284,Dipeptidyl peptidase 4,N[C@@H](CC(=O)N1CCC[C@H]1c1nc(-c2ncc(F)cc2F)no1)Cc1cc(F)c(F)cc1F
2995136,CHEMBL566419,IC50,=,17.0,nM,7.77,CHEMBL284,Dipeptidyl peptidase 4,N[C@@H](CC(=O)N1CCC[C@H]1c1noc(C2CC2)n1)Cc1cc(F)c(F)cc1F
2995137,CHEMBL584692,IC50,=,11.0,nM,7.96,CHEMBL284,Dipeptidyl peptidase 4,N[C@@H](CC(=O)N1CCC[C@H]1c1noc(C2(C(F)(F)F)CC2)n1)Cc1cc(F)c(F)cc1F
2995138,CHEMBL584698,IC50,=,17.0,nM,7.77,CHEMBL284,Dipeptidyl peptidase 4,N[C@@H](CC(=O)N1CCC[C@H]1c1noc(C2(O)CC2)n1)Cc1cc(F)c(F)cc1F
2995139,CHEMBL585290,IC50,=,22.0,nM,7.66,CHEMBL284,Dipeptidyl peptidase 4,N[C@@H](CC(=O)N1CCC[C@H]1c1noc(C2(F)CC2)n1)Cc1cc(F)c(F)cc1F
2995140,CHEMBL567728,IC50,=,16.0,nM,7.80,CHEMBL284,Dipeptidyl peptidase 4,CC(C)(F)c1nc([C@@H]2CCCN2C(=O)C[C@H](N)Cc2cc(F)c(F)cc2F)no1
2995141,CHEMBL565600,IC50,=,2.0,nM,8.70,CHEMBL284,Dipeptidyl peptidase 4,CC1(c2nc([C@@H]3CCCN3C(=O)C[C@H](N)Cc3cc(F)c(F)cc3F)no2)COC1
2995142,CHEMBL567270,IC50,=,28.0,nM,7.55,CHEMBL284,Dipeptidyl peptidase 4,N[C@@H](CC(=O)N1CCC[C@H]1c1ncn(-c2ccccn2)n1)Cc1cc(F)c(F)cc1F
2995143,CHEMBL568111,IC50,=,32.0,nM,7.50,CHEMBL284,Dipeptidyl peptidase 4,CC(C)(C)c1nc([C@@H]2CCCN2C(=O)C[C@H](N)Cc2cc(F)c(F)cc2F)no1
3003679,CHEMBL567893,IC50,=,10000.0,nM,5.00,CHEMBL284,Dipeptidyl peptidase 4,COC(=O)[C@@H]1CCCN1C(=O)[C@@H](Cc1ccccc1)N(C)C(=O)[C@H](C)NC(=O)[C@@H](NC(=O)C[C@H](O)[C@H](CC(C)C)NC(=O)[C@H](CC(N)=O)NC(=O)[C@H](CC(C)C)NC(=O)[C@H](OC(=O)[C@@H](OC(=O)[C@H](C(C)C)N(C)C)C(C)C)C(C)C)[C@@H](C)O
3099269,CHEMBL590326,IC50,=,510.0,nM,6.29,CHEMBL284,Dipeptidyl peptidase 4,COc1cc2c(cc1OC)C1CC(N)C(N3CCCC3=O)CN1CC2
3099270,CHEMBL592779,IC50,=,30.0,nM,7.52,CHEMBL284,Dipeptidyl peptidase 4,COc1cc2c(cc1OC)C1CC(N)C(N3CCCCC3=O)CN1CC2
3099271,CHEMBL592778,IC50,=,22.0,nM,7.66,CHEMBL284,Dipeptidyl peptidase 4,COc1cc2c(cc1OC)[C@@H]1C[C@H](N)[C@@H](N3CCCCC3=O)CN1CC2
3099272,CHEMBL600440,IC50,=,7800.0,nM,5.11,CHEMBL284,Dipeptidyl peptidase 4,COc1cc2c(cc1OC)[C@H]1C[C@@H](N)[C@H](N3CCCCC3=O)CN1CC2
3099273,CHEMBL592547,IC50,=,430.0,nM,6.37,CHEMBL284,Dipeptidyl peptidase 4,COc1cc2c(cc1OC)C1CC(N)C(N3CCCCCC3=O)CN1CC2
3099274,CHEMBL605285,IC50,=,1330.0,nM,5.88,CHEMBL284,Dipeptidyl peptidase 4,COc1cc2c(cc1OC)C1CC(N)C(N3CCC[S+]3[O-])CN1CC2
3099275,CHEMBL589598,IC50,=,142.0,nM,6.85,CHEMBL284,Dipeptidyl peptidase 4,COc1cc2c(cc1OC)C1CC(N)C(N3CCCC[S+]3[O-])CN1CC2
3099276,CHEMBL590330,IC50,=,1150.0,nM,5.94,CHEMBL284,Dipeptidyl peptidase 4,COc1cc2c(cc1OC)C1CC(N)C(N3CCOC3=O)CN1CC2
3099277,CHEMBL600045,IC50,=,142.0,nM,6.85,CHEMBL284,Dipeptidyl peptidase 4,COc1cc2c(cc1OC)C1CC(N)C(N3CCCOC3=O)CN1CC2
3099278,CHEMBL590086,IC50,=,19.0,nM,7.72,CHEMBL284,Dipeptidyl peptidase 4,COc1cc2c(cc1OC)C1CC(N)C(N3CCC(C)CC3=O)CN1CC2
3099279,CHEMBL590329,IC50,=,3.7,nM,8.43,CHEMBL284,Dipeptidyl peptidase 4,COc1cc2c(cc1OC)C1CC(N)C(N3CC(C)CCC3=O)CN1CC2
3099280,CHEMBL590812,IC50,=,9.3,nM,8.03,CHEMBL284,Dipeptidyl peptidase 4,COc1cc2c(cc1OC)C1CC(N)C(N3CC(C)CC3=O)CN1CC2
3099281,CHEMBL601074,IC50,=,13.0,nM,7.89,CHEMBL284,Dipeptidyl peptidase 4,CCC1CC(=O)N(C2CN3CCc4cc(OC)c(OC)cc4C3CC2N)C1
3099282,CHEMBL591060,IC50,=,10000.0,nM,5.00,CHEMBL284,Dipeptidyl peptidase 4,COc1cc2c(cc1OC)C1CC(N)C(N3CCC(C)C3=O)CN1CC2
3099283,CHEMBL591289,IC50,=,2200.0,nM,5.66,CHEMBL284,Dipeptidyl peptidase 4,COc1cc2c(cc1OC)C1CC(N)C(N3C(=O)CCC3C)CN1CC2
3099284,CHEMBL591290,IC50,=,13.0,nM,7.89,CHEMBL284,Dipeptidyl peptidase 4,COc1cc2c(cc1OC)[C@@H]1C[C@H](N)[C@@H](N3C[C@@H](C)CC3=O)CN1CC2
3099285,CHEMBL591291,IC50,=,2.6,nM,8.59,CHEMBL284,Dipeptidyl peptidase 4,COc1cc2c(cc1OC)[C@@H]1C[C@H](N)[C@@H](N3C[C@H](C)CC3=O)CN1CC2
3099286,CHEMBL591118,IC50,=,6.8,nM,8.17,CHEMBL284,Dipeptidyl peptidase 4,COc1cc2c(cc1OC)[C@@H]1C[C@H](N)[C@@H](N3C[C@@H](CF)CC3=O)CN1CC2
3099287,CHEMBL591117,IC50,=,3.6,nM,8.44,CHEMBL284,Dipeptidyl peptidase 4,COc1cc2c(cc1OC)[C@@H]1C[C@H](N)[C@@H](N3C[C@H](CF)CC3=O)CN1CC2
3101902,CHEMBL591982,IC50,=,61.0,nM,7.21,CHEMBL284,Dipeptidyl peptidase 4,CCc1cccc([C@H]2CN3CCc4cc(OC)c(OC)cc4[C@@H]3CC2N)c1
3101905,CHEMBL591277,IC50,=,38.0,nM,7.42,CHEMBL284,Dipeptidyl peptidase 4,COc1cc2c(cc1OC)[C@@H]1CC(N)[C@@H](c3cccc(C4CC4)c3)CN1CC2
3101908,CHEMBL591278,IC50,=,5500.0,nM,5.26,CHEMBL284,Dipeptidyl peptidase 4,COc1cc2c(cc1OC)[C@@H]1CC(N)[C@@H](c3cccc(C(C)C)c3)CN1CC2
3101911,CHEMBL591279,IC50,=,0.5,nM,9.30,CHEMBL284,Dipeptidyl peptidase 4,COc1cc2c(cc1OC)[C@@H]1CC(N)[C@@H](c3cccc(CF)c3)CN1CC2
3101914,CHEMBL601937,IC50,=,1.7,nM,8.77,CHEMBL284,Dipeptidyl peptidase 4,COc1cc2c(cc1OC)[C@@H]1CC(N)[C@@H](c3cc(C)ccc3C)CN1CC2
3101919,CHEMBL598470,IC50,=,1.2,nM,8.92,CHEMBL284,Dipeptidyl peptidase 4,COc1cc2c(cc1OC)[C@@H]1CC(N)[C@@H](c3cc(CF)ccn3)CN1CC2
3101934,CHEMBL590557,IC50,=,11.0,nM,7.96,CHEMBL284,Dipeptidyl peptidase 4,COc1cc2c(cc1OC)[C@@H]1C[C@H](N)[C@@H](c3cc(C)ccn3)CN1CC2
3101935,CHEMBL598754,IC50,=,53000.0,nM,4.28,CHEMBL284,Dipeptidyl peptidase 4,COc1cc2c(cc1OC)[C@H]1C[C@@H](N)[C@H](c3cc(C)ccn3)CN1CC2
3101936,CHEMBL598755,IC50,=,19.0,nM,7.72,CHEMBL284,Dipeptidyl peptidase 4,COc1cc2c(cc1OC)[C@@H]1CC(N)[C@@H](c3cc(C)ccn3)CN1CC2
3134828,CHEMBL401229,IC50,>,3000.0,nM,,CHEMBL284,Dipeptidyl peptidase 4,Nc1ccc([C@@H]2CN(c3nc4c(cc3F)c(=O)c(C(=O)O)cn4C3CC3)C[C@@H]2N)cc1
3134829,CHEMBL236934,IC50,>,3000.0,nM,,CHEMBL284,Dipeptidyl peptidase 4,CC(C)c1ccc([C@@H]2CN(c3nc4c(cc3F)c(=O)c(C(=O)O)cn4C3CC3)C[C@@H]2N)cc1
3134830,CHEMBL236935,IC50,>,3000.0,nM,,CHEMBL284,Dipeptidyl peptidase 4,COC(=O)c1ccc([C@@H]2CN(c3nc4c(cc3F)c(=O)c(C(=O)O)cn4C3CC3)C[C@@H]2N)cc1
3134831,CHEMBL237140,IC50,>,3000.0,nM,,CHEMBL284,Dipeptidyl peptidase 4,COc1ccc([C@@H]2CN(c3nc4c(cc3F)c(=O)c(C(=O)O)cn4C3CC3)C[C@@H]2N)cc1
3134832,CHEMBL237141,IC50,>,3000.0,nM,,CHEMBL284,Dipeptidyl peptidase 4,CN(C)c1ccc([C@@H]2CN(c3nc4c(cc3F)c(=O)c(C(=O)O)cn4C3CC3)C[C@@H]2N)cc1
3134833,CHEMBL237357,IC50,>,3000.0,nM,,CHEMBL284,Dipeptidyl peptidase 4,N[C@H]1CN(c2nc3c(cc2F)c(=O)c(C(=O)O)cn3C2CC2)C[C@H]1c1ccc(O)cc1
3134834,CHEMBL235202,IC50,>,3000.0,nM,,CHEMBL284,Dipeptidyl peptidase 4,N#Cc1cccnc1N1C[C@H](c2ccccc2)[C@@H](N)C1
3134835,CHEMBL235420,IC50,>,3000.0,nM,,CHEMBL284,Dipeptidyl peptidase 4,N[C@H]1CN(c2cc(-c3ccccc3Cl)ncn2)C[C@@H]1c1ccccc1
3134836,CHEMBL392698,IC50,>,3000.0,nM,,CHEMBL284,Dipeptidyl peptidase 4,N[C@H]1CN(c2cc(Cl)nc(-c3ccccc3)n2)C[C@@H]1c1ccccc1
3134837,CHEMBL238201,IC50,>,3000.0,nM,,CHEMBL284,Dipeptidyl peptidase 4,Cn1cnc2c(N3C[C@H](c4ccccc4)[C@@H](N)C3)ncnc21
3134838,CHEMBL238202,IC50,>,3000.0,nM,,CHEMBL284,Dipeptidyl peptidase 4,N[C@H]1CN(c2cc(-c3ccc(O)cc3)ncn2)C[C@@H]1c1ccccc1
3134839,CHEMBL392907,IC50,>,3000.0,nM,,CHEMBL284,Dipeptidyl peptidase 4,N[C@H]1CN(c2cc(-c3ccc(Cl)cc3)ncn2)C[C@@H]1c1ccccc1
3134840,CHEMBL398101,IC50,>,3000.0,nM,,CHEMBL284,Dipeptidyl peptidase 4,CC(=O)c1ccc(N2C[C@H](c3ccccc3)[C@@H](N)C2)nc1
3134841,CHEMBL234986,IC50,>,3000.0,nM,,CHEMBL284,Dipeptidyl peptidase 4,N[C@H]1CN(c2cnc3ccccc3n2)C[C@@H]1c1ccccc1
3134842,CHEMBL234987,IC50,>,3000.0,nM,,CHEMBL284,Dipeptidyl peptidase 4,N[C@H]1CN(c2ccc3ccccc3n2)C[C@@H]1c1ccccc1
3272081,CHEMBL386890,Ki,=,9500.0,nM,5.02,CHEMBL284,Dipeptidyl peptidase 4,O=C(NCC(=O)N1CCC[C@H]1B(O)O)c1cc(Cl)ccc1Cl
3272084,CHEMBL217561,Ki,=,377.0,nM,6.42,CHEMBL284,Dipeptidyl peptidase 4,CC(=O)NCC(=O)N1CCC[C@H]1B(O)O
3272085,CHEMBL76578,IC50,>,100000.0,nM,,CHEMBL284,Dipeptidyl peptidase 4,O=C(CO)[C@@H]1CCCN1C(=O)[C@@H]1CCCN1C(=O)NCc1ccccc1
3302925,CHEMBL142703,IC50,=,9.0,nM,8.05,CHEMBL284,Dipeptidyl peptidase 4,N#C[C@@H]1CCCN1C(=O)CNC12CC3CC(CC(O)(C3)C1)C2
3302951,CHEMBL1083589,IC50,=,12.0,nM,7.92,CHEMBL284,Dipeptidyl peptidase 4,Cl.N#C[C@@H]1CCCN1C(=O)CN[C@H]1C[C@H]2C[C@@H](O)C[C@H]2C1
3302952,CHEMBL1082653,IC50,=,8.0,nM,8.10,CHEMBL284,Dipeptidyl peptidase 4,CO[C@H]1C[C@H]2C[C@@H](NCC(=O)N3CCC[C@H]3C#N)C[C@H]2C1.Cl
3302953,CHEMBL1082654,IC50,=,59.0,nM,7.23,CHEMBL284,Dipeptidyl peptidase 4,CCO[C@H]1C[C@H]2C[C@@H](NCC(=O)N3CCC[C@H]3C#N)C[C@H]2C1.Cl
3302954,CHEMBL1082973,IC50,=,65.0,nM,7.19,CHEMBL284,Dipeptidyl peptidase 4,CN(C)C(=O)O[C@H]1C[C@H]2C[C@@H](NCC(=O)N3CCC[C@H]3C#N)C[C@H]2C1.Cl
3302955,CHEMBL1082974,IC50,=,80.0,nM,7.10,CHEMBL284,Dipeptidyl peptidase 4,CCN(CC)C(=O)O[C@H]1C[C@H]2C[C@@H](NCC(=O)N3CCC[C@H]3C#N)C[C@H]2C1.Cl
3302956,CHEMBL1083916,IC50,=,204.0,nM,6.69,CHEMBL284,Dipeptidyl peptidase 4,CC(C)NC(=O)O[C@H]1C[C@H]2C[C@@H](NCC(=O)N3CCC[C@H]3C#N)C[C@H]2C1.Cl
3302957,CHEMBL1084473,IC50,=,326.0,nM,6.49,CHEMBL284,Dipeptidyl peptidase 4,CC(C)(C)NC(=O)O[C@H]1C[C@H]2C[C@@H](NCC(=O)N3CCC[C@H]3C#N)C[C@H]2C1.Cl
3302958,CHEMBL1082345,IC50,=,121.0,nM,6.92,CHEMBL284,Dipeptidyl peptidase 4,Cl.N#C[C@@H]1CCCN1C(=O)CN[C@@H]1C[C@@H]2C[C@H](OC(=O)Nc3ccccc3)C[C@@H]2C1
3302959,CHEMBL1082346,IC50,=,27.0,nM,7.57,CHEMBL284,Dipeptidyl peptidase 4,CO[C@@H]1C[C@H]2C[C@@H](NCC(=O)N3CCC[C@H]3C#N)C[C@H]2C1.Cl
3302960,CHEMBL1082347,IC50,=,27.0,nM,7.57,CHEMBL284,Dipeptidyl peptidase 4,CO[C@@H]1C[C@H]2C[C@H](NCC(=O)N3CCC[C@H]3C#N)C[C@H]2C1.Cl
3302961,CHEMBL1082348,IC50,=,47.0,nM,7.33,CHEMBL284,Dipeptidyl peptidase 4,CO[C@H]1C[C@H]2C[C@H](NCC(=O)N3CCC[C@H]3C#N)C[C@H]2C1.Cl
3302991,CHEMBL1082350,IC50,=,32.0,nM,7.50,CHEMBL284,Dipeptidyl peptidase 4,CC(=O)O[C@H]1C[C@H]2C[C@@H](NCC(=O)N3CCC[C@H]3C#N)C[C@H]2C1.Cl
3313828,CHEMBL1085552,IC50,=,19.0,nM,7.72,CHEMBL284,Dipeptidyl peptidase 4,COc1ccc(NC(=O)CC(C)(C)NCC(=O)N2C[C@@H](F)C[C@H]2C#N)nc1
3313829,CHEMBL1085306,IC50,=,19.0,nM,7.72,CHEMBL284,Dipeptidyl peptidase 4,CC(C)(CC(=O)Nc1ccccn1)NCC(=O)N1C[C@@H](F)C[C@H]1C#N
3313830,CHEMBL1085305,IC50,=,27.0,nM,7.57,CHEMBL284,Dipeptidyl peptidase 4,COc1ccc(NC(=O)CC(C)(C)NCC(=O)N2C[C@@H](F)C[C@H]2C#N)cc1OC
3313831,CHEMBL1084972,IC50,=,29.0,nM,7.54,CHEMBL284,Dipeptidyl peptidase 4,CC(C)(CC(=O)NC1CCCC1)NCC(=O)N1C[C@@H](F)C[C@H]1C#N
3313832,CHEMBL1084601,IC50,=,66.0,nM,7.18,CHEMBL284,Dipeptidyl peptidase 4,CC(C)(CC(=O)N1C2CCC1CC2)NCC(=O)N1C[C@@H](F)C[C@H]1C#N
3313833,CHEMBL1085598,IC50,=,160.0,nM,6.80,CHEMBL284,Dipeptidyl peptidase 4,CC(C)(CC(=O)N1CCCCCC1)NCC(=O)N1C[C@@H](F)C[C@H]1C#N
3313834,CHEMBL1085597,IC50,=,63.0,nM,7.20,CHEMBL284,Dipeptidyl peptidase 4,CCOC(=O)N1CCN(C(=O)CC(C)(C)NCC(=O)N2C[C@@H](F)C[C@H]2C#N)CC1
3313835,CHEMBL1085596,IC50,=,93.0,nM,7.03,CHEMBL284,Dipeptidyl peptidase 4,CN1CCN(C(=O)CC(C)(C)NCC(=O)N2C[C@@H](F)C[C@H]2C#N)CC1
3313836,CHEMBL1085595,IC50,=,24.0,nM,7.62,CHEMBL284,Dipeptidyl peptidase 4,CC(C)(CC(=O)N1CCN(S(C)(=O)=O)CC1)NCC(=O)N1C[C@@H](F)C[C@H]1C#N
3313837,CHEMBL1085333,IC50,=,20.0,nM,7.70,CHEMBL284,Dipeptidyl peptidase 4,CC(C)(CC(=O)N1CCOCC1)NCC(=O)N1C[C@@H](F)C[C@H]1C#N
3313838,CHEMBL1085332,IC50,=,26.0,nM,7.58,CHEMBL284,Dipeptidyl peptidase 4,CC(C)(CC(=O)N1CCC(=O)CC1)NCC(=O)N1C[C@@H](F)C[C@H]1C#N
3313839,CHEMBL1085075,IC50,=,18.0,nM,7.75,CHEMBL284,Dipeptidyl peptidase 4,CC(C)(CC(=O)N1CC=CCC1)NCC(=O)N1C[C@@H](F)C[C@H]1C#N
3313840,CHEMBL1085074,IC50,=,27.0,nM,7.57,CHEMBL284,Dipeptidyl peptidase 4,CC(C)(CC(=O)N1CCCCC1)NCC(=O)N1C[C@@H](F)C[C@H]1C#N
3313841,CHEMBL1085580,IC50,=,27.0,nM,7.57,CHEMBL284,Dipeptidyl peptidase 4,CC(C)(CC(=O)N1CCSC1)NCC(=O)N1C[C@@H](F)C[C@H]1C#N
3313842,CHEMBL1085579,IC50,=,32.0,nM,7.50,CHEMBL284,Dipeptidyl peptidase 4,C[C@@H]1CCCN1C(=O)CC(C)(C)NCC(=O)N1C[C@@H](F)C[C@H]1C#N
3313843,CHEMBL1086039,IC50,=,24.0,nM,7.62,CHEMBL284,Dipeptidyl peptidase 4,CC(C)(CC(=O)N1CCC[C@H]1CO)NCC(=O)N1C[C@@H](F)C[C@H]1C#N
3313844,CHEMBL1082465,IC50,=,39.0,nM,7.41,CHEMBL284,Dipeptidyl peptidase 4,CC(C)(CC(=O)N1CC[C@@H](F)C1)NCC(=O)N1C[C@@H](F)C[C@H]1C#N
3313845,CHEMBL1082464,IC50,=,50.0,nM,7.30,CHEMBL284,Dipeptidyl peptidase 4,CC(C)(CC(=O)N1CC[C@H](O)C1)NCC(=O)N1C[C@@H](F)C[C@H]1C#N
3313846,CHEMBL1082463,IC50,=,30.0,nM,7.52,CHEMBL284,Dipeptidyl peptidase 4,CC(C)(CC(=O)N1CC[C@@H](O)C1)NCC(=O)N1C[C@@H](F)C[C@H]1C#N
3313847,CHEMBL1082462,IC50,=,15.0,nM,7.82,CHEMBL284,Dipeptidyl peptidase 4,CC(C)(CC(=O)N1CCCC1)NCC(=O)N1C[C@@H](F)C[C@H]1C#N
3313848,CHEMBL1086502,IC50,=,180.0,nM,6.75,CHEMBL284,Dipeptidyl peptidase 4,CC(C)(CC(=O)N1CC[C@@H](O)C1)NCC(=O)N1CCC[C@H]1C#N
3313849,CHEMBL1082997,IC50,=,71.0,nM,7.15,CHEMBL284,Dipeptidyl peptidase 4,CC(C)(CC(=O)N1CCCC1)NCC(=O)N1CCC[C@H]1C#N
3313850,CHEMBL1082996,IC50,=,15.0,nM,7.82,CHEMBL284,Dipeptidyl peptidase 4,C#C[C@@H]1C[C@H](F)CN1C(=O)CC(C)(C)CC(=O)N[C@H]1C[C@@H]1c1cccc(Cl)c1
3313851,CHEMBL217198,IC50,=,116.0,nM,6.94,CHEMBL284,Dipeptidyl peptidase 4,COc1ccc(NC(=O)CC(C)(C)NCC(=O)N2CCC[C@H]2C#N)cc1OC
3313852,CHEMBL201644,IC50,=,15.0,nM,7.82,CHEMBL284,Dipeptidyl peptidase 4,CC(C)(CC(=O)N1Cc2ccccc2C1)NCC(=O)N1CCC[C@H]1C#N
3313853,CHEMBL385517,IC50,=,3.4,nM,8.47,CHEMBL284,Dipeptidyl peptidase 4,N#C[C@@H]1C[C@@H]2C[C@@H]2N1C(=O)[C@@H](N)C12CC3CC(CC(O)(C3)C1)C2
3313854,CHEMBL142703,IC50,=,51.0,nM,7.29,CHEMBL284,Dipeptidyl peptidase 4,N#C[C@@H]1CCCN1C(=O)CNC12CC3CC(CC(O)(C3)C1)C2
3313855,CHEMBL1422,IC50,=,30.0,nM,7.52,CHEMBL284,Dipeptidyl peptidase 4,N[C@@H](CC(=O)N1CCn2c(nnc2C(F)(F)F)C1)Cc1cc(F)c(F)cc1F
3313862,CHEMBL1082996,IC50,=,847.0,nM,6.07,CHEMBL284,Dipeptidyl peptidase 4,C#C[C@@H]1C[C@H](F)CN1C(=O)CC(C)(C)CC(=O)N[C@H]1C[C@@H]1c1cccc(Cl)c1
3313863,CHEMBL1422,IC50,=,18.0,nM,7.75,CHEMBL284,Dipeptidyl peptidase 4,N[C@@H](CC(=O)N1CCn2c(nnc2C(F)(F)F)C1)Cc1cc(F)c(F)cc1F
3313864,CHEMBL142703,IC50,=,17.0,nM,7.77,CHEMBL284,Dipeptidyl peptidase 4,N#C[C@@H]1CCCN1C(=O)CNC12CC3CC(CC(O)(C3)C1)C2
3313865,CHEMBL1082462,IC50,=,5.0,nM,8.30,CHEMBL284,Dipeptidyl peptidase 4,CC(C)(CC(=O)N1CCCC1)NCC(=O)N1C[C@@H](F)C[C@H]1C#N
3313866,CHEMBL1082463,IC50,=,21.0,nM,7.68,CHEMBL284,Dipeptidyl peptidase 4,CC(C)(CC(=O)N1CC[C@@H](O)C1)NCC(=O)N1C[C@@H](F)C[C@H]1C#N
3313867,CHEMBL1085579,IC50,,,,,CHEMBL284,Dipeptidyl peptidase 4,C[C@@H]1CCCN1C(=O)CC(C)(C)NCC(=O)N1C[C@@H](F)C[C@H]1C#N
3313868,CHEMBL1085580,IC50,,,,,CHEMBL284,Dipeptidyl peptidase 4,CC(C)(CC(=O)N1CCSC1)NCC(=O)N1C[C@@H](F)C[C@H]1C#N
3313869,CHEMBL1085074,IC50,=,14.0,nM,7.85,CHEMBL284,Dipeptidyl peptidase 4,CC(C)(CC(=O)N1CCCCC1)NCC(=O)N1C[C@@H](F)C[C@H]1C#N
3313870,CHEMBL1085075,IC50,,,,,CHEMBL284,Dipeptidyl peptidase 4,CC(C)(CC(=O)N1CC=CCC1)NCC(=O)N1C[C@@H](F)C[C@H]1C#N
3313871,CHEMBL1085333,IC50,=,13.0,nM,7.89,CHEMBL284,Dipeptidyl peptidase 4,CC(C)(CC(=O)N1CCOCC1)NCC(=O)N1C[C@@H](F)C[C@H]1C#N
3313872,CHEMBL1085595,IC50,=,15.0,nM,7.82,CHEMBL284,Dipeptidyl peptidase 4,CC(C)(CC(=O)N1CCN(S(C)(=O)=O)CC1)NCC(=O)N1C[C@@H](F)C[C@H]1C#N
3313873,CHEMBL1084972,IC50,,,,,CHEMBL284,Dipeptidyl peptidase 4,CC(C)(CC(=O)NC1CCCC1)NCC(=O)N1C[C@@H](F)C[C@H]1C#N
3313874,CHEMBL1085305,IC50,,,,,CHEMBL284,Dipeptidyl peptidase 4,COc1ccc(NC(=O)CC(C)(C)NCC(=O)N2C[C@@H](F)C[C@H]2C#N)cc1OC
3313875,CHEMBL1085306,IC50,=,19.0,nM,7.72,CHEMBL284,Dipeptidyl peptidase 4,CC(C)(CC(=O)Nc1ccccn1)NCC(=O)N1C[C@@H](F)C[C@H]1C#N
3313876,CHEMBL1085552,IC50,=,18.0,nM,7.75,CHEMBL284,Dipeptidyl peptidase 4,COc1ccc(NC(=O)CC(C)(C)NCC(=O)N2C[C@@H](F)C[C@H]2C#N)nc1
3313877,CHEMBL1082996,IC50,=,210.0,nM,6.68,CHEMBL284,Dipeptidyl peptidase 4,C#C[C@@H]1C[C@H](F)CN1C(=O)CC(C)(C)CC(=O)N[C@H]1C[C@@H]1c1cccc(Cl)c1
3313878,CHEMBL1422,IC50,=,46.0,nM,7.34,CHEMBL284,Dipeptidyl peptidase 4,N[C@@H](CC(=O)N1CCn2c(nnc2C(F)(F)F)C1)Cc1cc(F)c(F)cc1F
3313879,CHEMBL142703,IC50,=,16.0,nM,7.80,CHEMBL284,Dipeptidyl peptidase 4,N#C[C@@H]1CCCN1C(=O)CNC12CC3CC(CC(O)(C3)C1)C2
3313880,CHEMBL1082462,IC50,=,10.0,nM,8.00,CHEMBL284,Dipeptidyl peptidase 4,CC(C)(CC(=O)N1CCCC1)NCC(=O)N1C[C@@H](F)C[C@H]1C#N
3313881,CHEMBL1082463,IC50,=,23.0,nM,7.64,CHEMBL284,Dipeptidyl peptidase 4,CC(C)(CC(=O)N1CC[C@@H](O)C1)NCC(=O)N1C[C@@H](F)C[C@H]1C#N
3313882,CHEMBL1085333,IC50,=,14.0,nM,7.85,CHEMBL284,Dipeptidyl peptidase 4,CC(C)(CC(=O)N1CCOCC1)NCC(=O)N1C[C@@H](F)C[C@H]1C#N
3313883,CHEMBL1085306,IC50,=,24.0,nM,7.62,CHEMBL284,Dipeptidyl peptidase 4,CC(C)(CC(=O)Nc1ccccn1)NCC(=O)N1C[C@@H](F)C[C@H]1C#N
3317308,CHEMBL1085269,IC50,=,9.0,nM,8.05,CHEMBL284,Dipeptidyl peptidase 4,CN(C)C(=O)N1C[C@H]2C[C@@H](NCC(=O)N3CCC[C@H]3C#N)C[C@H]2C1
3317311,CHEMBL1085522,IC50,=,120.0,nM,6.92,CHEMBL284,Dipeptidyl peptidase 4,CC(C)NC(=O)N1C[C@H]2C[C@@H](NCC(=O)N3CCC[C@H]3C#N)C[C@H]2C1
3317312,CHEMBL1082707,IC50,=,39.0,nM,7.41,CHEMBL284,Dipeptidyl peptidase 4,N#C[C@@H]1CCCN1C(=O)CN[C@@H]1C[C@@H]2CN(C(=O)N3CCCC3)C[C@@H]2C1
3317313,CHEMBL1082708,IC50,=,69.0,nM,7.16,CHEMBL284,Dipeptidyl peptidase 4,N#C[C@@H]1CCCN1C(=O)CN[C@@H]1C[C@@H]2CN(C(=O)N3CCCCC3)C[C@@H]2C1
3317314,CHEMBL1082716,IC50,=,50.0,nM,7.30,CHEMBL284,Dipeptidyl peptidase 4,N#C[C@@H]1CCCN1C(=O)CN[C@@H]1C[C@@H]2CN(C(=O)N3CCOCC3)C[C@@H]2C1
3317315,CHEMBL1083031,IC50,=,24.0,nM,7.62,CHEMBL284,Dipeptidyl peptidase 4,COC(=O)N1C[C@H]2C[C@@H](NCC(=O)N3CCC[C@H]3C#N)C[C@H]2C1
3317316,CHEMBL1083032,IC50,=,14.0,nM,7.85,CHEMBL284,Dipeptidyl peptidase 4,N#C[C@@H]1CCCN1C(=O)CN[C@@H]1C[C@@H]2CN(C(=O)CO)C[C@@H]2C1
3317317,CHEMBL1086466,IC50,=,83.0,nM,7.08,CHEMBL284,Dipeptidyl peptidase 4,CN(C)C(=O)N1C[C@H]2C[C@H](NCC(=O)N3CCC[C@H]3C#N)C[C@H]2C1
3317318,CHEMBL1083287,IC50,=,13.0,nM,7.89,CHEMBL284,Dipeptidyl peptidase 4,CN(C)C(=O)N1C[C@@H]2C[C@](C)(NCC(=O)N3CCC[C@H]3C#N)C[C@@H]2C1
3317319,CHEMBL1083588,IC50,=,13.0,nM,7.89,CHEMBL284,Dipeptidyl peptidase 4,CN(C)C(=O)N1C[C@@H]2C[C@@](C)(NCC(=O)N3CCC[C@H]3C#N)C[C@@H]2C1
3377865,CHEMBL1209459,Ki,=,28.0,nM,7.55,CHEMBL284,Dipeptidyl peptidase 4,Cc1cc2nc(C)c(CN)c(-c3ccc(Cl)cc3Cl)n2n1
3377866,CHEMBL1209537,Ki,=,14.0,nM,7.85,CHEMBL284,Dipeptidyl peptidase 4,Cc1nc2c(-c3ccccc3)cnn2c(-c2ccc(Cl)cc2Cl)c1CN
3377867,CHEMBL1209538,Ki,=,22.0,nM,7.66,CHEMBL284,Dipeptidyl peptidase 4,Cc1nc2cc(-c3ccccc3)nn2c(-c2ccc(Cl)cc2Cl)c1CN
3377868,CHEMBL1209539,Ki,=,73.0,nM,7.14,CHEMBL284,Dipeptidyl peptidase 4,CCC(=O)c1cnn2c(-c3ccc(Cl)cc3Cl)c(CN)c(C)nc12
3377869,CHEMBL1209540,Ki,=,50.0,nM,7.30,CHEMBL284,Dipeptidyl peptidase 4,Cc1ccccc1-c1cc2nc(C)c(CN)c(-c3ccc(Cl)cc3Cl)n2n1
3377870,CHEMBL1209541,Ki,=,20.0,nM,7.70,CHEMBL284,Dipeptidyl peptidase 4,Cc1nc2cc(-c3ccccc3Cl)nn2c(-c2ccc(Cl)cc2Cl)c1CN
3377871,CHEMBL1209609,Ki,=,43.0,nM,7.37,CHEMBL284,Dipeptidyl peptidase 4,Cc1nc2cc(-c3ccco3)nn2c(-c2ccc(Cl)cc2Cl)c1CN
3377872,CHEMBL1209610,Ki,=,33.0,nM,7.48,CHEMBL284,Dipeptidyl peptidase 4,Cc1nc2cc(-c3ccc(Cl)cc3)nn2c(-c2ccc(Cl)cc2Cl)c1CN
3377873,CHEMBL1209611,Ki,=,30.0,nM,7.52,CHEMBL284,Dipeptidyl peptidase 4,COc1ccc(-c2cc3nc(C)c(CN)c(-c4ccc(Cl)cc4Cl)n3n2)cc1
3377874,CHEMBL1209612,Ki,=,28.0,nM,7.55,CHEMBL284,Dipeptidyl peptidase 4,Cc1ccc(-c2cc3nc(C)c(CN)c(-c4ccc(Cl)cc4Cl)n3n2)cc1
3377875,CHEMBL1209613,Ki,=,75.0,nM,7.12,CHEMBL284,Dipeptidyl peptidase 4,Cc1cccc(-c2cc3nc(C)c(CN)c(-c4ccc(Cl)cc4Cl)n3n2)c1
3377876,CHEMBL1209680,Ki,=,163.0,nM,6.79,CHEMBL284,Dipeptidyl peptidase 4,Cc1nc2cc(-c3cccc(Cl)c3)nn2c(-c2ccc(Cl)cc2Cl)c1CN
3377877,CHEMBL1209681,Ki,=,64.0,nM,7.19,CHEMBL284,Dipeptidyl peptidase 4,Cc1nc2nc(C)c(CN)c(-c3ccc(Cl)cc3Cl)n2n1
3377878,CHEMBL1209682,Ki,=,67.0,nM,7.17,CHEMBL284,Dipeptidyl peptidase 4,Cc1nc2nc(-c3ccccc3)nn2c(-c2ccc(Cl)cc2Cl)c1CN
3377879,CHEMBL1209683,Ki,=,137.0,nM,6.86,CHEMBL284,Dipeptidyl peptidase 4,COC(=O)c1nc2nc(C)c(CN)c(-c3ccc(Cl)cc3Cl)n2n1
3377880,CHEMBL1209684,Ki,=,93.0,nM,7.03,CHEMBL284,Dipeptidyl peptidase 4,Cc1nc2nc(C(=O)Nc3ccccc3)nn2c(-c2ccc(Cl)cc2Cl)c1CN
3377881,CHEMBL1209764,Ki,=,73.0,nM,7.14,CHEMBL284,Dipeptidyl peptidase 4,CCN(CC)c1nc2nc(C)c(CN)c(-c3ccc(Cl)cc3Cl)n2n1
3377882,CHEMBL1209765,Ki,=,50.0,nM,7.30,CHEMBL284,Dipeptidyl peptidase 4,CCN(C)c1nc2nc(C)c(CN)c(-c3ccc(Cl)cc3Cl)n2n1
3377883,CHEMBL1209766,Ki,=,18.0,nM,7.75,CHEMBL284,Dipeptidyl peptidase 4,COCCN(C)c1nc2nc(C)c(CN)c(-c3ccc(Cl)cc3Cl)n2n1
3377884,CHEMBL1209767,Ki,=,50.0,nM,7.30,CHEMBL284,Dipeptidyl peptidase 4,Cc1nc2nc(N3CCCC3)nn2c(-c2ccc(Cl)cc2Cl)c1CN
3377885,CHEMBL1209768,Ki,=,31.0,nM,7.51,CHEMBL284,Dipeptidyl peptidase 4,Cc1nc2nc(N3CCOCC3)nn2c(-c2ccc(Cl)cc2Cl)c1CN
3377886,CHEMBL1209849,Ki,=,29.0,nM,7.54,CHEMBL284,Dipeptidyl peptidase 4,Cc1nc2nc(N3CCSCC3)nn2c(-c2ccc(Cl)cc2Cl)c1CN
3377887,CHEMBL1209850,Ki,=,442.0,nM,6.36,CHEMBL284,Dipeptidyl peptidase 4,Cc1nc2nc(N3CCN(C(=O)OC(C)(C)C)CC3)nn2c(-c2ccc(Cl)cc2Cl)c1CN
3377888,CHEMBL1209851,Ki,=,106.0,nM,6.97,CHEMBL284,Dipeptidyl peptidase 4,Cc1nc2nc(N3CCNCC3)nn2c(-c2ccc(Cl)cc2Cl)c1CN
3377889,CHEMBL1209852,Ki,=,12.0,nM,7.92,CHEMBL284,Dipeptidyl peptidase 4,Cc1nc2nccn2c(-c2ccc(Cl)cc2Cl)c1CN
3377890,CHEMBL1209853,Ki,=,6.0,nM,8.22,CHEMBL284,Dipeptidyl peptidase 4,Cc1nc2nc(-c3ccccc3)cn2c(-c2ccc(Cl)cc2Cl)c1CN
3377891,CHEMBL1208840,Ki,=,18.0,nM,7.75,CHEMBL284,Dipeptidyl peptidase 4,Cc1nc2nc(-c3ccccc3Cl)cn2c(-c2ccc(Cl)cc2Cl)c1CN
3377892,CHEMBL1208841,Ki,=,24.0,nM,7.62,CHEMBL284,Dipeptidyl peptidase 4,Cc1nc2nc(-c3cccc(Cl)c3)cn2c(-c2ccc(Cl)cc2Cl)c1CN
3377893,CHEMBL1208842,Ki,=,9.0,nM,8.05,CHEMBL284,Dipeptidyl peptidase 4,Cc1nc2nc(-c3ccc(Cl)cc3)cn2c(-c2ccc(Cl)cc2Cl)c1CN
3377894,CHEMBL1208843,Ki,=,22.0,nM,7.66,CHEMBL284,Dipeptidyl peptidase 4,Cc1ccc(-c2cn3c(-c4ccc(Cl)cc4Cl)c(CN)c(C)nc3n2)cc1
3377895,CHEMBL1208844,Ki,=,38.0,nM,7.42,CHEMBL284,Dipeptidyl peptidase 4,COc1cccc(-c2cn3c(-c4ccc(Cl)cc4Cl)c(CN)c(C)nc3n2)c1
3377896,CHEMBL1208900,Ki,=,5.6,nM,8.25,CHEMBL284,Dipeptidyl peptidase 4,COc1ccc(-c2cn3c(-c4ccc(Cl)cc4Cl)c(CN)c(C)nc3n2)cc1
3377897,CHEMBL1208901,Ki,=,13.0,nM,7.89,CHEMBL284,Dipeptidyl peptidase 4,COc1ccccc1-c1cn2c(-c3ccc(Cl)cc3Cl)c(CN)c(C)nc2n1
3405355,CHEMBL1214876,Ki,=,0.7,nM,9.15,CHEMBL284,Dipeptidyl peptidase 4,CCOC(=O)c1cn2c(-c3ccc(Cl)cc3Cl)c(CN)c(C)nc2n1
3405358,CHEMBL1214876,Ki,=,11.7,nM,7.93,CHEMBL284,Dipeptidyl peptidase 4,CCOC(=O)c1cn2c(-c3ccc(Cl)cc3Cl)c(CN)c(C)nc2n1
3405361,CHEMBL1214876,Ki,=,0.4,nM,9.40,CHEMBL284,Dipeptidyl peptidase 4,CCOC(=O)c1cn2c(-c3ccc(Cl)cc3Cl)c(CN)c(C)nc2n1
3405364,CHEMBL1214877,Ki,=,2.4,nM,8.62,CHEMBL284,Dipeptidyl peptidase 4,CCN(CC)C(=O)c1cn2c(-c3ccc(Cl)cc3Cl)c(CN)c(C)nc2n1
3405367,CHEMBL1214942,Ki,=,2.9,nM,8.54,CHEMBL284,Dipeptidyl peptidase 4,Cc1nc2nc(C(=O)N3CCCC3)cn2c(-c2ccc(Cl)cc2Cl)c1CN
3405370,CHEMBL1214943,Ki,=,2.2,nM,8.66,CHEMBL284,Dipeptidyl peptidase 4,Cc1nc2nc(C(=O)N3CCOCC3)cn2c(-c2ccc(Cl)cc2Cl)c1CN
3405373,CHEMBL1214944,Ki,=,3.1,nM,8.51,CHEMBL284,Dipeptidyl peptidase 4,Cc1nc2nc(C(=O)NC3CCOCC3)cn2c(-c2ccc(Cl)cc2Cl)c1CN
3405376,CHEMBL1214945,Ki,=,5.0,nM,8.30,CHEMBL284,Dipeptidyl peptidase 4,Cc1nc2nc(C(=O)NC3CCN(C(C)C)CC3)cn2c(-c2ccc(Cl)cc2Cl)c1CN
3405379,CHEMBL1215015,Ki,=,8.7,nM,8.06,CHEMBL284,Dipeptidyl peptidase 4,Cc1nc2nc(C(=O)NCCN3CCCCC3)cn2c(-c2ccc(Cl)cc2Cl)c1CN
3405382,CHEMBL1215016,Ki,=,1.0,nM,9.00,CHEMBL284,Dipeptidyl peptidase 4,Cc1nc2nc(C(=O)N3CCNC(=O)C3)cn2c(-c2ccc(Cl)cc2Cl)c1CN
3405385,CHEMBL1215017,Ki,=,3.1,nM,8.51,CHEMBL284,Dipeptidyl peptidase 4,COC[C@H]1CCCN1C(=O)c1cn2c(-c3ccc(Cl)cc3Cl)c(CN)c(C)nc2n1
3405388,CHEMBL1215018,Ki,=,0.2,nM,9.70,CHEMBL284,Dipeptidyl peptidase 4,Cc1nc2nc(C(=O)N3CC[C@H](NS(C)(=O)=O)C3)cn2c(-c2ccc(Cl)cc2Cl)c1CN
3405391,CHEMBL1215087,Ki,=,0.5,nM,9.30,CHEMBL284,Dipeptidyl peptidase 4,Cc1nc2nc(C(=O)N3CCN(S(C)(=O)=O)CC3)cn2c(-c2ccc(Cl)cc2Cl)c1CN
3405394,CHEMBL1215088,Ki,=,0.3,nM,9.52,CHEMBL284,Dipeptidyl peptidase 4,Cc1nc2nc(C(=O)N(C)CCS(C)(=O)=O)cn2c(-c2ccc(Cl)cc2Cl)c1CN
3405397,CHEMBL1215089,Ki,=,0.9,nM,9.05,CHEMBL284,Dipeptidyl peptidase 4,Cc1cc(NC(=O)c2cn3c(-c4ccc(Cl)cc4Cl)c(CN)c(C)nc3n2)n(C)n1
3405400,CHEMBL1215090,Ki,=,6.6,nM,8.18,CHEMBL284,Dipeptidyl peptidase 4,Cc1csc(NC(=O)c2cn3c(-c4ccc(Cl)cc4Cl)c(CN)c(C)nc3n2)n1
3405403,CHEMBL1215163,Ki,=,2.0,nM,8.70,CHEMBL284,Dipeptidyl peptidase 4,Cc1nc2nc(C(=O)NCc3ncco3)cn2c(-c2ccc(Cl)cc2Cl)c1CN
3405406,CHEMBL1215164,Ki,=,0.6,nM,9.22,CHEMBL284,Dipeptidyl peptidase 4,Cc1nc2nc(C(=O)N3COCC3(C)C)cn2c(-c2ccc(Cl)cc2Cl)c1CN
3405409,CHEMBL1215165,Ki,=,1.8,nM,8.74,CHEMBL284,Dipeptidyl peptidase 4,Cc1nc2nc(C(=O)Nc3ccn(C)n3)cn2c(-c2ccc(Cl)cc2Cl)c1CN
3405412,CHEMBL1215166,Ki,=,3.8,nM,8.42,CHEMBL284,Dipeptidyl peptidase 4,Cc1nc2nc(C(=O)Nc3ccon3)cn2c(-c2ccc(Cl)cc2Cl)c1CN
3405415,CHEMBL1215167,Ki,=,2.6,nM,8.59,CHEMBL284,Dipeptidyl peptidase 4,Cc1nc2nc(C(=O)N(C)Cc3cccnc3)cn2c(-c2ccc(Cl)cc2Cl)c1CN
3405418,CHEMBL1215233,Ki,=,1.1,nM,8.96,CHEMBL284,Dipeptidyl peptidase 4,CCn1nccc1NC(=O)c1cn2c(-c3ccc(Cl)cc3Cl)c(CN)c(C)nc2n1
3405421,CHEMBL1215234,Ki,=,2.0,nM,8.70,CHEMBL284,Dipeptidyl peptidase 4,Cc1nc2nc(C(=O)Nc3ccnn3C)cn2c(-c2ccc(Cl)cc2Cl)c1CN
3405424,CHEMBL1215235,Ki,=,3.2,nM,8.49,CHEMBL284,Dipeptidyl peptidase 4,Cc1nc2nc(C(=O)NCc3cccs3)cn2c(-c2ccc(Cl)cc2Cl)c1CN
3405427,CHEMBL1215236,Ki,=,0.7,nM,9.15,CHEMBL284,Dipeptidyl peptidase 4,Cc1nc2nc(C(=O)N(C)CCc3ccccn3)cn2c(-c2ccc(Cl)cc2Cl)c1CN
3405430,CHEMBL1215299,Ki,=,2.6,nM,8.59,CHEMBL284,Dipeptidyl peptidase 4,Cc1nc2nc(C(=O)N(C)Cc3ccncc3)cn2c(-c2ccc(Cl)cc2Cl)c1CN
3405433,CHEMBL1215300,Ki,=,4.0,nM,8.40,CHEMBL284,Dipeptidyl peptidase 4,Cc1nc2nc(C(=O)NCc3ccco3)cn2c(-c2ccc(Cl)cc2Cl)c1CN
3405436,CHEMBL1215301,Ki,=,0.9,nM,9.05,CHEMBL284,Dipeptidyl peptidase 4,Cc1nc2nc(C(=O)N(C)Cc3ccco3)cn2c(-c2ccc(Cl)cc2Cl)c1CN
3405438,CHEMBL1215302,Ki,=,5.0,nM,8.30,CHEMBL284,Dipeptidyl peptidase 4,Cc1nc2nc(C(=O)Nc3nc(-c4cccnc4)cs3)cn2c(-c2ccc(Cl)cc2Cl)c1CN
3405441,CHEMBL1215373,Ki,=,4.7,nM,8.33,CHEMBL284,Dipeptidyl peptidase 4,Cc1nc2nc(C(=O)NCCc3c[nH]cn3)cn2c(-c2ccc(Cl)cc2Cl)c1CN
3405444,CHEMBL1215374,Ki,=,5.4,nM,8.27,CHEMBL284,Dipeptidyl peptidase 4,Cc1cccc(CNCC(=O)c2cn3c(-c4ccc(Cl)cc4Cl)c(CN)c(C)nc3n2)n1
3405447,CHEMBL1215375,Ki,=,1.5,nM,8.82,CHEMBL284,Dipeptidyl peptidase 4,Cc1nc2nc(C(=O)NCCc3cccnc3)cn2c(-c2ccc(Cl)cc2Cl)c1CN
3405450,CHEMBL1215376,Ki,=,1.4,nM,8.85,CHEMBL284,Dipeptidyl peptidase 4,Cc1nc2nc(C(=O)NCCc3ccccn3)cn2c(-c2ccc(Cl)cc2Cl)c1CN
3405453,CHEMBL1215448,Ki,=,1.3,nM,8.89,CHEMBL284,Dipeptidyl peptidase 4,Cc1nc2nc(C(=O)NCCc3ccncc3)cn2c(-c2ccc(Cl)cc2Cl)c1CN
3434567,CHEMBL1422,IC50,=,23.0,nM,7.64,CHEMBL284,Dipeptidyl peptidase 4,N[C@@H](CC(=O)N1CCn2c(nnc2C(F)(F)F)C1)Cc1cc(F)c(F)cc1F
3434568,CHEMBL142703,IC50,=,56.0,nM,7.25,CHEMBL284,Dipeptidyl peptidase 4,N#C[C@@H]1CCCN1C(=O)CNC12CC3CC(CC(O)(C3)C1)C2
3434569,CHEMBL98762,IC50,>,100000.0,nM,,CHEMBL284,Dipeptidyl peptidase 4,N[C@@H](CCNCc1ccccc1Cl)C(=O)N1CCCCC1
3434570,CHEMBL397070,IC50,>,100000.0,nM,,CHEMBL284,Dipeptidyl peptidase 4,CC[C@@H](C)[C@H](N)C(=O)N1Cc2ccccc2C1
3434571,CHEMBL362018,IC50,>,100000.0,nM,,CHEMBL284,Dipeptidyl peptidase 4,N#C[C@@H]1CCCN1C(=O)[C@@H](N)CC(=O)N1CCN(C(c2ccc(F)cc2)c2ccc(F)cc2)CC1
3434572,CHEMBL387050,IC50,=,8000.0,nM,5.10,CHEMBL284,Dipeptidyl peptidase 4,O=C1c2ccccc2CN1CC(=O)N1CCC[C@H]1B(O)O
3434573,CHEMBL1243372,IC50,=,10.0,nM,8.00,CHEMBL284,Dipeptidyl peptidase 4,N#C[C@@H]1CCCN1C(=O)[C@@H](N)CCCN1Cc2ccccc2C1=O
3434574,CHEMBL1243373,IC50,>,20000.0,nM,,CHEMBL284,Dipeptidyl peptidase 4,O=C(NCC(=O)N1CCC[C@H]1B(O)O)c1cccc2ccccc12
3434575,CHEMBL1243374,IC50,>,100000.0,nM,,CHEMBL284,Dipeptidyl peptidase 4,N#C[C@@H]1CCCN1C(=O)CNC(=O)c1cccc2ccccc12
3434576,CHEMBL1243402,IC50,>,100000.0,nM,,CHEMBL284,Dipeptidyl peptidase 4,N#C[C@@H]1CCCN1C(=O)[C@@H]1C[C@@H](CC(=O)N2Cc3ccccc3C2)C(=O)N1
3434577,CHEMBL1243403,IC50,>,100000.0,nM,,CHEMBL284,Dipeptidyl peptidase 4,N#C[C@@H]1CCCN1C(=O)[C@@H]1C[C@H](CC(=O)N2Cc3ccccc3C2)C(=O)N1
3434578,CHEMBL1242939,IC50,>,100000.0,nM,,CHEMBL284,Dipeptidyl peptidase 4,N#C[C@@H]1CCCN1C(=O)[C@@H]1C[C@@H](CC(=O)N2Cc3ccc(Cl)cc3C2)C(=O)N1
3434579,CHEMBL1242940,IC50,>,100000.0,nM,,CHEMBL284,Dipeptidyl peptidase 4,N#C[C@@H]1CCCN1C(=O)[C@@H]1C[C@@H](CC(=O)N2Cc3ccc(F)cc3C2)C(=O)N1
3434580,CHEMBL1242966,IC50,>,100000.0,nM,,CHEMBL284,Dipeptidyl peptidase 4,N#C[C@@H]1CCCN1C(=O)[C@@H]1C[C@@H](CC(=O)N2Cc3ccc(C(F)(F)F)cc3C2)C(=O)N1
3434581,CHEMBL1242967,IC50,>,100000.0,nM,,CHEMBL284,Dipeptidyl peptidase 4,N#C[C@@H]1CCCN1C(=O)[C@@H]1C[C@@H](CC(=O)N2CCc3ccccc3C2)C(=O)N1
3434582,CHEMBL1242993,IC50,>,100000.0,nM,,CHEMBL284,Dipeptidyl peptidase 4,N#C[C@@H]1CCCN1C(=O)[C@@H]1C[C@@H](CC(=O)N2CCc3ccsc3C2)C(=O)N1
3434583,CHEMBL1242994,IC50,>,100000.0,nM,,CHEMBL284,Dipeptidyl peptidase 4,N#C[C@@H]1CCCN1C(=O)[C@@H]1C[C@@H](CC(=O)N2CCn3cc(C(F)(F)F)nc3C2)C(=O)N1
3434584,CHEMBL1243027,IC50,>,100000.0,nM,,CHEMBL284,Dipeptidyl peptidase 4,N#C[C@@H]1CCCN1C(=O)[C@@H]1C[C@@H](CC(=O)N2CCn3c(nnc3C(F)(F)F)C2)C(=O)N1
3434585,CHEMBL1243028,IC50,>,100000.0,nM,,CHEMBL284,Dipeptidyl peptidase 4,N#C[C@@H]1CCCN1C(=O)[C@@H]1C[C@@H](CC(=O)N2CCN(c3ccc(F)cc3)CC2)C(=O)N1
3434586,CHEMBL1243060,IC50,>,100000.0,nM,,CHEMBL284,Dipeptidyl peptidase 4,N#C[C@@H]1CCCN1C(=O)[C@@H]1C[C@@H](CC(=O)N2CCN(c3ccncc3)CC2)C(=O)N1
3434587,CHEMBL1243061,IC50,>,100000.0,nM,,CHEMBL284,Dipeptidyl peptidase 4,N#C[C@@H]1CCCN1C(=O)[C@@H]1C[C@@H](CC(=O)N2CC=C(c3ccc(Cl)cc3)CC2)C(=O)N1
3434588,CHEMBL1243091,IC50,>,100000.0,nM,,CHEMBL284,Dipeptidyl peptidase 4,N#C[C@@H]1CCCN1C(=O)[C@@H]1C[C@@H](CC(=O)N2CCCC2)C(=O)N1
3434589,CHEMBL1243092,IC50,>,100000.0,nM,,CHEMBL284,Dipeptidyl peptidase 4,N#C[C@@H]1CCCN1C(=O)[C@@H]1C[C@@H](CC(=O)N2CCCCC2)C(=O)N1
3434590,CHEMBL1243093,IC50,>,100000.0,nM,,CHEMBL284,Dipeptidyl peptidase 4,N#C[C@@H]1CCCN1C(=O)[C@@H]1C[C@@H](CC(=O)Nc2ccccc2)C(=O)N1
3434591,CHEMBL1243126,IC50,>,100000.0,nM,,CHEMBL284,Dipeptidyl peptidase 4,N#C[C@@H]1C[C@H](F)CN1C(=O)[C@@H]1C[C@@H](CC(=O)N2Cc3ccccc3C2)C(=O)N1
3434592,CHEMBL1243127,IC50,>,100000.0,nM,,CHEMBL284,Dipeptidyl peptidase 4,N#C[C@@H]1C[C@H](F)CN1C(=O)[C@@H]1C[C@@H](CC(=O)N2Cc3ccc(Cl)cc3C2)C(=O)N1
3434593,CHEMBL1243153,IC50,>,100000.0,nM,,CHEMBL284,Dipeptidyl peptidase 4,N#C[C@@H]1CC(F)(F)CN1C(=O)[C@@H]1C[C@@H](CC(=O)N2Cc3ccccc3C2)C(=O)N1
3434594,CHEMBL1243154,IC50,>,100000.0,nM,,CHEMBL284,Dipeptidyl peptidase 4,O=C1N[C@H](C(=O)N2CCSC2)C[C@H]1CC(=O)N1Cc2ccccc2C1
3434595,CHEMBL1243183,IC50,>,100000.0,nM,,CHEMBL284,Dipeptidyl peptidase 4,O=C1N[C@H](C(=O)N2CCCC2)C[C@H]1CC(=O)N1Cc2ccccc2C1
3434596,CHEMBL1243184,IC50,=,570.0,nM,6.24,CHEMBL284,Dipeptidyl peptidase 4,O=C1N[C@H](C(=O)N2CCC[C@H]2B(O)O)C[C@H]1CC(=O)N1Cc2ccccc2C1
3434597,CHEMBL1243215,IC50,>,100000.0,nM,,CHEMBL284,Dipeptidyl peptidase 4,CC(C)(C)NC(=O)[C@@H]1CCCN1C(=O)[C@@H]1C[C@@H](CC(=O)N2Cc3ccccc3C2)C(=O)N1
3434598,CHEMBL1243216,IC50,>,100000.0,nM,,CHEMBL284,Dipeptidyl peptidase 4,NC(=O)[C@@H]1CCCN1C(=O)[C@@H]1C[C@@H](CC(=O)N2Cc3ccccc3C2)C(=O)N1
3434599,CHEMBL1243248,IC50,>,100000.0,nM,,CHEMBL284,Dipeptidyl peptidase 4,N#C[C@@H]1CCCN1C(=O)[C@@H]1CC(CC(=O)N2Cc3ccccc3C2)C(=O)N1
3515899,CHEMBL1208901,Ki,=,15.0,nM,7.82,CHEMBL284,Dipeptidyl peptidase 4,COc1ccccc1-c1cn2c(-c3ccc(Cl)cc3Cl)c(CN)c(C)nc2n1
3515900,CHEMBL1270560,Ki,=,96.0,nM,7.02,CHEMBL284,Dipeptidyl peptidase 4,COc1ccccc1-c1cn2c(-c3ccc(Cl)cc3)c(CN)c(C)nc2n1
3515901,CHEMBL1269842,Ki,=,26.0,nM,7.58,CHEMBL284,Dipeptidyl peptidase 4,COc1ccccc1-c1cn2c(-c3ccccc3Cl)c(CN)c(C)nc2n1
3515902,CHEMBL1270657,Ki,=,241.0,nM,6.62,CHEMBL284,Dipeptidyl peptidase 4,COc1ccccc1-c1cn2c(-c3ccccc3)c(CN)c(C)nc2n1
3515903,CHEMBL1270757,Ki,=,1530.0,nM,5.82,CHEMBL284,Dipeptidyl peptidase 4,COc1ccccc1-c1cn2c(-c3cccc(Cl)c3)c(CN)c(C)nc2n1
3515904,CHEMBL1270758,Ki,=,113.0,nM,6.95,CHEMBL284,Dipeptidyl peptidase 4,COc1ccccc1-c1cn2c(-c3c(Cl)cccc3Cl)c(CN)c(C)nc2n1
3515905,CHEMBL1270859,Ki,=,612.0,nM,6.21,CHEMBL284,Dipeptidyl peptidase 4,COc1ccccc1-c1cn2c(-c3ccc(Cl)c(Cl)c3)c(CN)c(C)nc2n1
3515906,CHEMBL1270860,Ki,=,550.0,nM,6.26,CHEMBL284,Dipeptidyl peptidase 4,COc1ccccc1-c1cn2c(-c3cccc(F)c3)c(CN)c(C)nc2n1
3515907,CHEMBL1270961,Ki,=,495.0,nM,6.30,CHEMBL284,Dipeptidyl peptidase 4,COc1ccccc1-c1cn2c(-c3ccc(Cl)c(F)c3)c(CN)c(C)nc2n1
3515908,CHEMBL1270962,Ki,=,438.0,nM,6.36,CHEMBL284,Dipeptidyl peptidase 4,COc1ccccc1-c1cn2c(-c3ccc(C)c(F)c3)c(CN)c(C)nc2n1
3515909,CHEMBL1271065,Ki,>,10000.0,nM,,CHEMBL284,Dipeptidyl peptidase 4,COc1ccccc1-c1cn2c(-c3ccc(C(F)(F)F)c(F)c3)c(CN)c(C)nc2n1
3515910,CHEMBL1271066,Ki,>,10000.0,nM,,CHEMBL284,Dipeptidyl peptidase 4,COc1ccccc1-c1cn2c(-c3ccc(Cl)c(C(F)(F)F)c3)c(CN)c(C)nc2n1
3515911,CHEMBL1271170,Ki,=,113.0,nM,6.95,CHEMBL284,Dipeptidyl peptidase 4,COc1ccccc1-c1cn2c(-c3c(C)cc(C)cc3C)c(CN)c(C)nc2n1
3515912,CHEMBL1271171,Ki,=,27.0,nM,7.57,CHEMBL284,Dipeptidyl peptidase 4,COc1ccccc1-c1cn2c(-c3c(F)cc(C)cc3F)c(CN)c(C)nc2n1
3515913,CHEMBL1271270,Ki,=,19.0,nM,7.72,CHEMBL284,Dipeptidyl peptidase 4,COc1ccccc1-c1cn2c(-c3c(Cl)cc(Cl)cc3Cl)c(CN)c(C)nc2n1
3515944,CHEMBL1208901,Ki,=,9.0,nM,8.05,CHEMBL284,Dipeptidyl peptidase 4,COc1ccccc1-c1cn2c(-c3ccc(Cl)cc3Cl)c(CN)c(C)nc2n1
3515945,CHEMBL1208901,Ki,=,241.0,nM,6.62,CHEMBL284,Dipeptidyl peptidase 4,COc1ccccc1-c1cn2c(-c3ccc(Cl)cc3Cl)c(CN)c(C)nc2n1
3515946,CHEMBL1269842,Ki,=,11.0,nM,7.96,CHEMBL284,Dipeptidyl peptidase 4,COc1ccccc1-c1cn2c(-c3ccccc3Cl)c(CN)c(C)nc2n1
3515947,CHEMBL1269842,Ki,=,814.0,nM,6.09,CHEMBL284,Dipeptidyl peptidase 4,COc1ccccc1-c1cn2c(-c3ccccc3Cl)c(CN)c(C)nc2n1
3543698,CHEMBL1276717,IC50,,,,,CHEMBL284,Dipeptidyl peptidase 4,Cc1ccc(CN2CC3CN(C(=O)C[C@H](N)Cc4cc(F)c(F)cc4F)CCN3C2=O)cc1.O=C(O)/C=C/C(=O)O
3543699,CHEMBL1276468,IC50,,,,,CHEMBL284,Dipeptidyl peptidase 4,N#Cc1ccc(N2CC3CN(C(=O)C[C@H](N)Cc4cc(F)c(F)cc4F)CCN3C2=O)cc1.O=C(O)/C=C/C(=O)O
3543700,CHEMBL1275858,IC50,,,,,CHEMBL284,Dipeptidyl peptidase 4,CS(=O)(=O)c1ccc(N2CC3CN(C(=O)C[C@H](N)Cc4cc(F)c(F)cc4F)CCN3C2=O)cc1.O=C(O)/C=C/C(=O)O
3543701,CHEMBL1276331,IC50,,,,,CHEMBL284,Dipeptidyl peptidase 4,N[C@@H](CC(=O)N1CCN2C(=O)N(c3ccc(F)cc3)CC2C1)Cc1cc(F)c(F)cc1F.O=C(O)/C=C/C(=O)O
3543702,CHEMBL1275615,IC50,,,,,CHEMBL284,Dipeptidyl peptidase 4,N[C@@H](CC(=O)N1CCN2C(=O)N(c3ccc(Cl)cc3)CC2C1)Cc1cc(F)c(F)cc1F.O=C(O)/C=C/C(=O)O
3543703,CHEMBL1275857,IC50,,,,,CHEMBL284,Dipeptidyl peptidase 4,N[C@@H](CC(=O)N1CCN2C(=O)N(c3cc(F)c(F)cc3F)CC2C1)Cc1cc(F)c(F)cc1F.O=C(O)/C=C/C(=O)O
3543704,CHEMBL1276772,IC50,,,,,CHEMBL284,Dipeptidyl peptidase 4,N[C@@H](CC(=O)N1CCN2C(=O)N(c3ccccn3)CC2C1)Cc1cc(F)c(F)cc1F.O=C(O)/C=C/C(=O)O
3543705,CHEMBL1275856,IC50,,,,,CHEMBL284,Dipeptidyl peptidase 4,N[C@@H](CC(=O)N1CCN2C(=O)N(c3ccc(C(F)(F)F)cc3)CC2C1)Cc1cc(F)c(F)cc1F.O=C(O)/C=C/C(=O)O
3543706,CHEMBL1276746,IC50,,,,,CHEMBL284,Dipeptidyl peptidase 4,N[C@@H](CC(=O)N1CCN2C(=O)N(Cc3ccc(Cl)cc3)CC2C1)Cc1cc(F)c(F)cc1F.O=C(O)/C=C/C(=O)O
3543707,CHEMBL1276590,IC50,=,2300.0,nM,5.64,CHEMBL284,Dipeptidyl peptidase 4,N[C@@H](CC(=O)N1CCN2C(=O)OCC2C1)Cc1cc(F)c(F)cc1F.O=C(O)/C=C/C(=O)O
3543708,CHEMBL1276619,IC50,=,1240.0,nM,5.91,CHEMBL284,Dipeptidyl peptidase 4,CN1CC2CN(C(=O)C[C@H](N)Cc3cc(F)c(F)cc3F)CCN2C1=O.O=C(O)/C=C/C(=O)O
3543709,CHEMBL1276682,IC50,=,1236.0,nM,5.91,CHEMBL284,Dipeptidyl peptidase 4,N[C@@H](CC(=O)N1CCN2C(=O)N(Cc3ccc(F)cc3)CC2C1)Cc1cc(F)c(F)cc1F.O=C(O)/C=C/C(=O)O
3543710,CHEMBL1276591,IC50,=,1060.0,nM,5.97,CHEMBL284,Dipeptidyl peptidase 4,N[C@@H](CC(=O)N1CCN2C(=O)NCC2C1)Cc1cc(F)c(F)cc1F.O=C(O)/C=C/C(=O)O
3543711,CHEMBL1276620,IC50,=,460.0,nM,6.34,CHEMBL284,Dipeptidyl peptidase 4,CCN1CC2CN(C(=O)C[C@H](N)Cc3cc(F)c(F)cc3F)CCN2C1=O.O=C(O)/C=C/C(=O)O
3543712,CHEMBL1275851,IC50,=,360.0,nM,6.44,CHEMBL284,Dipeptidyl peptidase 4,COc1ccc(CN2CC3CN(C(=O)C[C@H](N)Cc4cc(F)c(F)cc4F)CCN3C2=O)cc1.O=C(O)/C=C/C(=O)O
3543713,CHEMBL1276650,IC50,=,300.0,nM,6.52,CHEMBL284,Dipeptidyl peptidase 4,N[C@@H](CC(=O)N1CCN2C(=O)N(Cc3ccccc3)CC2C1)Cc1cc(F)c(F)cc1F.O=C(O)/C=C/C(=O)O
3543714,CHEMBL1275853,IC50,=,124.0,nM,6.91,CHEMBL284,Dipeptidyl peptidase 4,COc1cccc(CN2CC3CN(C(=O)C[C@H](N)Cc4cc(F)c(F)cc4F)CCN3C2=O)c1.O=C(O)/C=C/C(=O)O
3543715,CHEMBL1275854,IC50,=,114.0,nM,6.94,CHEMBL284,Dipeptidyl peptidase 4,COc1cc(CN2CC3CN(C(=O)C[C@H](N)Cc4cc(F)c(F)cc4F)CCN3C2=O)cc(OC)c1.O=C(O)/C=C/C(=O)O
3543716,CHEMBL1275852,IC50,=,101.0,nM,7.00,CHEMBL284,Dipeptidyl peptidase 4,COc1ccccc1CN1CC2CN(C(=O)C[C@H](N)Cc3cc(F)c(F)cc3F)CCN2C1=O.O=C(O)/C=C/C(=O)O
3603849,CHEMBL1288231,IC50,=,1.8,nM,8.74,CHEMBL284,Dipeptidyl peptidase 4,Cl.Cn1c(=O)[nH]c2cc(N3CCC[C@@](C)(N)C3)n(Cc3ccccc3)c2c1=O
3603850,CHEMBL1288232,IC50,=,36.0,nM,7.44,CHEMBL284,Dipeptidyl peptidase 4,Cl.Cn1c(=O)c2c(cc(N3CCC[C@@](C)(N)C3)n2Cc2ccccc2C#N)n(C)c1=O
3603851,CHEMBL1288260,IC50,=,28.0,nM,7.55,CHEMBL284,Dipeptidyl peptidase 4,Cl.Cn1c(=O)c2c(cc(N3CCC[C@@](C)(N)C3)n2Cc2cc(F)ccc2Cl)n(C)c1=O
3603852,CHEMBL1288261,IC50,=,27.0,nM,7.57,CHEMBL284,Dipeptidyl peptidase 4,Cc1ccc(F)cc1Cn1c(N2CCC[C@@](C)(N)C2)cc2c1c(=O)n(C)c(=O)n2C.Cl
3603853,CHEMBL1288288,IC50,=,12.0,nM,7.92,CHEMBL284,Dipeptidyl peptidase 4,CCn1c(=O)n(C)c(=O)c2c1cc(N1CCC[C@@](C)(N)C1)n2Cc1cc(F)ccc1C#N.Cl
3603854,CHEMBL1288289,IC50,=,13.0,nM,7.89,CHEMBL284,Dipeptidyl peptidase 4,CN(C)C(=O)Cn1c(=O)n(C)c(=O)c2c1cc(N1CCC[C@@](C)(N)C1)n2Cc1cc(F)ccc1Cl.Cl
3603855,CHEMBL1287844,IC50,=,23.0,nM,7.64,CHEMBL284,Dipeptidyl peptidase 4,Cl.Cn1c(=O)c2c(cc(N3CCC[C@@](C)(N)C3)n2Cc2cc(F)ccc2Cl)n(CCCO)c1=O
3603856,CHEMBL1287845,IC50,=,122.0,nM,6.91,CHEMBL284,Dipeptidyl peptidase 4,CCOCCCn1c(=O)n(C)c(=O)c2c1cc(N1CCC[C@@](C)(N)C1)n2Cc1cc(F)ccc1Cl.Cl
3603857,CHEMBL1287874,IC50,=,103.0,nM,6.99,CHEMBL284,Dipeptidyl peptidase 4,Cl.Cn1cnc2cc(N3CCC[C@@](C)(N)C3)n(Cc3cc(F)ccc3Cl)c2c1=O
3603858,CHEMBL1287875,IC50,=,87.0,nM,7.06,CHEMBL284,Dipeptidyl peptidase 4,Cl.Cn1cnc2cc(N3CCC[C@@](C)(N)C3)n(Cc3cc(F)ccc3C#N)c2c1=O
3603859,CHEMBL1287901,IC50,=,23.0,nM,7.64,CHEMBL284,Dipeptidyl peptidase 4,Cc1ccc(F)cc1Cn1c(N2CCC[C@@](C)(N)C2)cc2ncn(C)c(=O)c21.Cl
3603860,CHEMBL1287902,IC50,=,151.0,nM,6.82,CHEMBL284,Dipeptidyl peptidase 4,Cl.Cn1cnc2cc(N3CCC[C@@](C)(N)C3)n(Cc3ccccc3C#N)c2c1=O
5131359,CHEMBL3216724,IC50,=,3.7,nM,8.43,CHEMBL284,Dipeptidyl peptidase 4,COC(=O)c1cccc(NC(=O)Cc2c(C)nc(CC(C)C)c(CN)c2-c2ccc(C)cc2)c1.Cl.Cl
5131360,CHEMBL3216940,IC50,=,19.0,nM,7.72,CHEMBL284,Dipeptidyl peptidase 4,Cc1ccc(-c2c(CC(=O)Nc3cccc(C(=O)O)c3)c(C)nc(CC(C)C)c2CN)cc1.Cl.Cl
5131361,CHEMBL3216270,IC50,=,8.1,nM,8.09,CHEMBL284,Dipeptidyl peptidase 4,Cc1ccc(-c2c(CC(=O)Nc3cccc(C(N)=O)c3)c(C)nc(CC(C)C)c2CN)cc1.Cl.Cl
5131362,CHEMBL3215827,IC50,=,1.8,nM,8.74,CHEMBL284,Dipeptidyl peptidase 4,CC(=O)c1cccc(NC(=O)Cc2c(C)nc(CC(C)C)c(CN)c2-c2ccc(C)cc2)c1.Cl.Cl
5131363,CHEMBL3216271,IC50,=,19.0,nM,7.72,CHEMBL284,Dipeptidyl peptidase 4,COC(=O)c1ccccc1NC(=O)Cc1c(C)nc(CC(C)C)c(CN)c1-c1ccc(C)cc1.Cl.Cl
5131364,CHEMBL3216483,IC50,=,23.0,nM,7.64,CHEMBL284,Dipeptidyl peptidase 4,COC(=O)c1cscc1NC(=O)Cc1c(C)nc(CC(C)C)c(CN)c1-c1ccc(C)cc1.Cl.Cl
5131365,CHEMBL3216272,IC50,=,30.0,nM,7.52,CHEMBL284,Dipeptidyl peptidase 4,Cc1ccc(-c2c(CC(=O)Nc3cscc3C(=O)O)c(C)nc(CC(C)C)c2CN)cc1.Cl.Cl
5131366,CHEMBL1644844,IC50,=,2.8,nM,8.55,CHEMBL284,Dipeptidyl peptidase 4,Cc1ccc(-c2c(CC(=O)Nc3cccc([S+](C)[O-])c3)c(C)nc(CC(C)C)c2CN)cc1.Cl
5131367,CHEMBL3217158,IC50,=,8.2,nM,8.09,CHEMBL284,Dipeptidyl peptidase 4,Cc1ccc(-c2c(CC(=O)Nc3cccc(S(C)(=O)=O)c3)c(C)nc(CC(C)C)c2CN)cc1.Cl.Cl
5131368,CHEMBL3215828,IC50,=,11.0,nM,7.96,CHEMBL284,Dipeptidyl peptidase 4,COC(=O)C1CCN(C(=O)Cc2c(C)nc(CC(C)C)c(CN)c2-c2ccc(C)cc2)C1.Cl.Cl
5131369,CHEMBL3215611,IC50,=,53.0,nM,7.28,CHEMBL284,Dipeptidyl peptidase 4,Cc1ccc(-c2c(CC(=O)N3CCC(S(C)(=O)=O)C3)c(C)nc(CC(C)C)c2CN)cc1.Cl.Cl
5131370,CHEMBL3216064,IC50,=,1.1,nM,8.96,CHEMBL284,Dipeptidyl peptidase 4,COC(=O)[C@@H]1CCCN1C(=O)Cc1c(C)nc(CC(C)C)c(CN)c1-c1ccc(C)cc1.Cl.Cl
5131371,CHEMBL3216485,IC50,=,2.9,nM,8.54,CHEMBL284,Dipeptidyl peptidase 4,Cc1ccc(-c2c(CC(=O)N3CCC[C@H]3C(=O)O)c(C)nc(CC(C)C)c2CN)cc1.Cl.Cl
5131372,CHEMBL3216725,IC50,=,1.1,nM,8.96,CHEMBL284,Dipeptidyl peptidase 4,Cc1ccc(-c2c(CC(=O)N3CCC[C@H]3C(N)=O)c(C)nc(CC(C)C)c2CN)cc1.Cl.Cl
5131373,CHEMBL3216941,IC50,=,23.0,nM,7.64,CHEMBL284,Dipeptidyl peptidase 4,COC(=O)[C@H]1CCCN1C(=O)Cc1c(C)nc(CC(C)C)c(CN)c1-c1ccc(C)cc1.Cl.Cl
5131374,CHEMBL3216726,IC50,=,7.8,nM,8.11,CHEMBL284,Dipeptidyl peptidase 4,Cc1ccc(-c2c(CC(=O)N3CCC[C@@H]3C(=O)O)c(C)nc(CC(C)C)c2CN)cc1.Cl.Cl
5131375,CHEMBL3217159,IC50,=,12.0,nM,7.92,CHEMBL284,Dipeptidyl peptidase 4,Cc1ccc(-c2c(CC(=O)N3CCC[C@@H]3C(N)=O)c(C)nc(CC(C)C)c2CN)cc1.Cl.Cl
5131376,CHEMBL3216727,IC50,=,69.0,nM,7.16,CHEMBL284,Dipeptidyl peptidase 4,CNC(=O)Cc1c(C)nc(CC(C)C)c(CN)c1-c1ccc(C)cc1.Cl.Cl
5131377,CHEMBL3216942,IC50,=,17.0,nM,7.77,CHEMBL284,Dipeptidyl peptidase 4,COC(=O)CNC(=O)Cc1c(C)nc(CC(C)C)c(CN)c1-c1ccc(C)cc1.Cl.Cl
5131378,CHEMBL3217160,IC50,=,73.0,nM,7.14,CHEMBL284,Dipeptidyl peptidase 4,Cc1ccc(-c2c(CC(=O)NCC(=O)O)c(C)nc(CC(C)C)c2CN)cc1.Cl.Cl
5131379,CHEMBL1614729,IC50,=,18.0,nM,7.75,CHEMBL284,Dipeptidyl peptidase 4,Cc1ccc(-c2c(CN)c(CC(C)C)nc(C)c2C(=O)O)cc1
5131382,CHEMBL3216725,IC50,=,1.1,nM,8.96,CHEMBL284,Dipeptidyl peptidase 4,Cc1ccc(-c2c(CC(=O)N3CCC[C@H]3C(N)=O)c(C)nc(CC(C)C)c2CN)cc1.Cl.Cl
5177076,CHEMBL1651763,IC50,=,0.87,nM,9.06,CHEMBL284,Dipeptidyl peptidase 4,N#Cc1ccccc1Cn1c(N2CCC[C@@H](N)C2)nc2sccc2c1=O
5177077,CHEMBL1651764,IC50,=,1.32,nM,8.88,CHEMBL284,Dipeptidyl peptidase 4,Cc1csc2nc(N3CCC[C@@H](N)C3)n(Cc3ccccc3C#N)c(=O)c12
5177078,CHEMBL1651765,IC50,=,88.82,nM,7.05,CHEMBL284,Dipeptidyl peptidase 4,N#Cc1ccccc1Cn1c(N2CCC[C@@H](N)C2)nc2scc(C(F)(F)F)c2c1=O
5177079,CHEMBL1651766,IC50,=,0.33,nM,9.48,CHEMBL284,Dipeptidyl peptidase 4,N#Cc1ccccc1Cn1c(N2CCC[C@@H](N)C2)nc2ccsc2c1=O
5177080,CHEMBL1651767,IC50,=,1.72,nM,8.76,CHEMBL284,Dipeptidyl peptidase 4,Cc1csc2c(=O)n(Cc3ccccc3C#N)c(N3CCC[C@@H](N)C3)nc12
5177081,CHEMBL376359,IC50,=,3.4,nM,8.47,CHEMBL284,Dipeptidyl peptidase 4,Cn1c(=O)cc(N2CCC[C@@H](N)C2)n(Cc2ccccc2C#N)c1=O
5192902,CHEMBL1650449,IC50,=,10.0,nM,8.00,CHEMBL284,Dipeptidyl peptidase 4,Cn1c(=O)cc(N2CCC[C@@](C)(N)C2)n(Cc2cc(F)ccc2C#N)c1=O
5192903,CHEMBL1650448,IC50,=,3800.0,nM,5.42,CHEMBL284,Dipeptidyl peptidase 4,Cn1c(=O)cc(N2CCCCC(N)C2)n(Cc2ccccc2C#N)c1=O
5192904,CHEMBL1650447,IC50,=,590.0,nM,6.23,CHEMBL284,Dipeptidyl peptidase 4,Cn1c(=O)cc(NC2CCCCNC2)n(Cc2ccccc2C#N)c1=O
5192905,CHEMBL1650446,IC50,=,17000.0,nM,4.77,CHEMBL284,Dipeptidyl peptidase 4,CCn1c(=O)cc(NCCN)n(Cc2ccccc2C#N)c1=O
5192906,CHEMBL1650445,IC50,=,830.0,nM,6.08,CHEMBL284,Dipeptidyl peptidase 4,Cn1c(=O)cc(N2CCC[C@@H](N)C2)n(Cc2c(F)ccc(F)c2Cl)c1=O
5192907,CHEMBL1650444,IC50,=,27.0,nM,7.57,CHEMBL284,Dipeptidyl peptidase 4,Cn1c(=O)cc(N2CCC[C@@H](N)C2)n(Cc2cc(Cl)ccc2Cl)c1=O
5192908,CHEMBL1650443,IC50,=,4.0,nM,8.40,CHEMBL284,Dipeptidyl peptidase 4,Cn1c(=O)cc(N2CCC[C@@H](N)C2)n(Cc2cc(F)ccc2C#N)c1=O
5192909,CHEMBL1650442,IC50,=,890.0,nM,6.05,CHEMBL284,Dipeptidyl peptidase 4,Cn1c(=O)cc(N2CCC[C@@H](N)C2)n(Cc2ccc(F)cc2Cl)c1=O
5192910,CHEMBL1650441,IC50,=,14.0,nM,7.85,CHEMBL284,Dipeptidyl peptidase 4,Cn1c(=O)cc(N2CCC[C@@H](N)C2)n(Cc2cc(F)ccc2Cl)c1=O
5192911,CHEMBL1650440,IC50,=,8.0,nM,8.10,CHEMBL284,Dipeptidyl peptidase 4,Cn1c(=O)cc(N2CCC[C@@H](N)C2)n(Cc2cc(F)ccc2Br)c1=O
5192912,CHEMBL1650439,IC50,=,12.0,nM,7.92,CHEMBL284,Dipeptidyl peptidase 4,Cn1c(=O)cc(N2CCC[C@@H](N)C2)n(Cc2ccccc2Br)c1=O
5192913,CHEMBL1650438,IC50,=,36.0,nM,7.44,CHEMBL284,Dipeptidyl peptidase 4,N[C@@H]1CCCN(c2cc(=O)[nH]c(=O)n2Cc2ccccc2Br)C1
5192914,CHEMBL1650437,IC50,=,68.0,nM,7.17,CHEMBL284,Dipeptidyl peptidase 4,CCn1c(=O)cc(N2CCC[C@@H](N)C2)n(Cc2ccccc2C#N)c1=O
5192915,CHEMBL1650436,IC50,=,57.0,nM,7.24,CHEMBL284,Dipeptidyl peptidase 4,Cn1c(=O)c(Cl)c(N2CCC[C@@H](N)C2)n(Cc2ccccc2C#N)c1=O
5192916,CHEMBL376359,IC50,=,7.0,nM,8.15,CHEMBL284,Dipeptidyl peptidase 4,Cn1c(=O)cc(N2CCC[C@@H](N)C2)n(Cc2ccccc2C#N)c1=O
5192917,CHEMBL1650435,IC50,=,4.0,nM,8.40,CHEMBL284,Dipeptidyl peptidase 4,N#Cc1ccccc1Cn1c(N2CCC[C@@H](N)C2)cc(=O)[nH]c1=O
5192918,CHEMBL1650434,IC50,=,6.0,nM,8.22,CHEMBL284,Dipeptidyl peptidase 4,N#Cc1ccc(F)cc1Cn1c(N2CCC[C@@H](N)C2)ncc(Br)c1=O
5192919,CHEMBL1650433,IC50,=,8.0,nM,8.10,CHEMBL284,Dipeptidyl peptidase 4,N#Cc1ccc(F)cc1Cn1c(N2CCC[C@@H](N)C2)ncc(Cl)c1=O
5192920,CHEMBL1650432,IC50,=,8.0,nM,8.10,CHEMBL284,Dipeptidyl peptidase 4,N#Cc1ccc(F)cc1Cn1c(N2CCC[C@@H](N)C2)ncc(F)c1=O
5192921,CHEMBL1650431,IC50,=,430.0,nM,6.37,CHEMBL284,Dipeptidyl peptidase 4,N#Cc1cc(F)ccc1Cn1c(N2CCC[C@@H](N)C2)ncc(F)c1=O
5192922,CHEMBL1650430,IC50,=,3.0,nM,8.52,CHEMBL284,Dipeptidyl peptidase 4,N#Cc1ccsc1Cn1c(N2CCC[C@@H](N)C2)ncc(Br)c1=O
5192923,CHEMBL1650429,IC50,=,6.0,nM,8.22,CHEMBL284,Dipeptidyl peptidase 4,N#Cc1ccccc1Cn1c(N2CCC[C@@H](N)C2)ncc(/C=C/c2cccnc2)c1=O
5192924,CHEMBL1650428,IC50,=,21.0,nM,7.68,CHEMBL284,Dipeptidyl peptidase 4,N#Cc1ccccc1Cn1c(N2CCC[C@@H](N)C2)ncc(/C=C/c2ccc(F)cc2)c1=O
5192925,CHEMBL1650427,IC50,=,22.0,nM,7.66,CHEMBL284,Dipeptidyl peptidase 4,N#Cc1ccccc1Cn1c(N2CCC[C@@H](N)C2)ncc(/C=C/c2ccccc2)c1=O
5192926,CHEMBL1650426,IC50,=,8.0,nM,8.10,CHEMBL284,Dipeptidyl peptidase 4,C=Cc1cnc(N2CCC[C@@H](N)C2)n(Cc2ccccc2C#N)c1=O
5192927,CHEMBL1650425,IC50,=,570.0,nM,6.24,CHEMBL284,Dipeptidyl peptidase 4,CC(C)(C)C#Cc1cnc(N2CCC[C@@H](N)C2)n(Cc2ccccc2C#N)c1=O
5192928,CHEMBL1650424,IC50,=,20.0,nM,7.70,CHEMBL284,Dipeptidyl peptidase 4,N#Cc1ccccc1Cn1c(N2CCC[C@@H](N)C2)ncc(C#CCO)c1=O
5192929,CHEMBL1650423,IC50,=,5.0,nM,8.30,CHEMBL284,Dipeptidyl peptidase 4,CC#Cc1cnc(N2CCC[C@@H](N)C2)n(Cc2ccccc2C#N)c1=O
5192930,CHEMBL1650422,IC50,=,5.0,nM,8.30,CHEMBL284,Dipeptidyl peptidase 4,C#Cc1cnc(N2CCC[C@@H](N)C2)n(Cc2ccccc2C#N)c1=O
5192931,CHEMBL1650421,IC50,=,200.0,nM,6.70,CHEMBL284,Dipeptidyl peptidase 4,N#Cc1ccccc1Cn1c(N2CCC[C@@H](N)C2)ncc(N2CCCC2)c1=O
5192932,CHEMBL1650420,IC50,=,5.0,nM,8.30,CHEMBL284,Dipeptidyl peptidase 4,N#Cc1ccccc1Cn1c(N2CCC[C@@H](N)C2)ncc(-c2cc[nH]c2)c1=O
5192933,CHEMBL1650419,IC50,=,77.0,nM,7.11,CHEMBL284,Dipeptidyl peptidase 4,Cc1nc(N2CCC[C@@H](N)C2)n(Cc2ccccc2C#N)c(=O)c1-c1ccoc1
5192934,CHEMBL1650418,IC50,=,12.0,nM,7.92,CHEMBL284,Dipeptidyl peptidase 4,N#Cc1ccccc1Cn1c(N2CCC[C@@H](N)C2)ncc(-c2ccoc2)c1=O
5192935,CHEMBL1650417,IC50,=,990.0,nM,6.00,CHEMBL284,Dipeptidyl peptidase 4,COc1ccccc1-c1cnc(N2CCC[C@@H](N)C2)n(Cc2ccccc2C#N)c1=O
5192936,CHEMBL1650416,IC50,=,240.0,nM,6.62,CHEMBL284,Dipeptidyl peptidase 4,N#Cc1ccccc1Cn1c(N2CCC[C@@H](N)C2)ncc(-c2ccccc2F)c1=O
5192937,CHEMBL1650415,IC50,=,540.0,nM,6.27,CHEMBL284,Dipeptidyl peptidase 4,Cc1nc(N2CCC[C@@H](N)C2)n(Cc2ccccc2C#N)c(=O)c1-c1ccccc1
5192938,CHEMBL1650414,IC50,=,23.0,nM,7.64,CHEMBL284,Dipeptidyl peptidase 4,N#Cc1ccccc1Cn1c(N2CCC[C@@H](N)C2)ncc(-c2ccccc2)c1=O
5192939,CHEMBL1650413,IC50,=,13.0,nM,7.89,CHEMBL284,Dipeptidyl peptidase 4,N#Cc1ccccc1Cn1c(N2CCC[C@@H](N)C2)nc2c(c1=O)CCCC2
5192940,CHEMBL1650412,IC50,=,23.0,nM,7.64,CHEMBL284,Dipeptidyl peptidase 4,N#Cc1ccccc1Cn1c(N2CCC[C@@H](N)C2)nc(-c2ccccc2)cc1=O
5192941,CHEMBL1650411,IC50,=,4.0,nM,8.40,CHEMBL284,Dipeptidyl peptidase 4,COc1cnc(N2CCC[C@@H](N)C2)n(Cc2ccccc2C#N)c1=O
5192942,CHEMBL1650410,IC50,=,17.0,nM,7.77,CHEMBL284,Dipeptidyl peptidase 4,CCc1cnc(N2CCC[C@@H](N)C2)n(Cc2ccccc2C#N)c1=O
5192943,CHEMBL1650409,IC50,=,10.0,nM,8.00,CHEMBL284,Dipeptidyl peptidase 4,Cc1nc(N2CCC[C@@H](N)C2)n(Cc2ccccc2C#N)c(=O)c1C
5192944,CHEMBL1650408,IC50,=,6.0,nM,8.22,CHEMBL284,Dipeptidyl peptidase 4,N#Cc1ccccc1Cn1c(N2CCC[C@@H](N)C2)ncc(I)c1=O
5192945,CHEMBL1650407,IC50,=,7400.0,nM,5.13,CHEMBL284,Dipeptidyl peptidase 4,CC(C)(C)c1nc(N2CCC[C@@H](N)C2)n(Cc2ccccc2C#N)c(=O)c1Br
5192946,CHEMBL1650406,IC50,=,8.0,nM,8.10,CHEMBL284,Dipeptidyl peptidase 4,Cc1nc(N2CCC[C@@H](N)C2)n(Cc2ccccc2C#N)c(=O)c1Br
5192947,CHEMBL1235761,IC50,=,5.0,nM,8.30,CHEMBL284,Dipeptidyl peptidase 4,N#Cc1ccccc1Cn1c(N2CCC[C@@H](N)C2)ncc(Br)c1=O
5192948,CHEMBL1650405,IC50,=,7.0,nM,8.15,CHEMBL284,Dipeptidyl peptidase 4,N#Cc1ccccc1Cn1c(N2CCC[C@@H](N)C2)ncc(Cl)c1=O
5192949,CHEMBL1650403,IC50,=,14.0,nM,7.85,CHEMBL284,Dipeptidyl peptidase 4,N#Cc1ccccc1Cn1c(N2CCC[C@@H](N)C2)nccc1=O
5192950,CHEMBL1650404,IC50,=,6.0,nM,8.22,CHEMBL284,Dipeptidyl peptidase 4,N#Cc1ccccc1Cn1c(N2CCC[C@@H](N)C2)ncc(F)c1=O
5208652,CHEMBL3216493,IC50,=,23.0,nM,7.64,CHEMBL284,Dipeptidyl peptidase 4,Cc1ccc(-c2c(CN)c(CC(C)C)nc3ccc(CCC(=O)O)cc23)cc1.Cl.Cl
5208653,CHEMBL3215844,IC50,=,8.7,nM,8.06,CHEMBL284,Dipeptidyl peptidase 4,Cc1ccc(-c2c(CN)c(CC(C)C)nc3ccc(CCCC(=O)O)cc23)cc1.Cl.Cl
5208654,CHEMBL3216279,IC50,=,9.6,nM,8.02,CHEMBL284,Dipeptidyl peptidase 4,Cc1ccc(-c2c(CN)c(CC(C)C)nc3ccc(CCCCC(=O)O)cc23)cc1.Cl.Cl
5208655,CHEMBL3216495,IC50,=,6.6,nM,8.18,CHEMBL284,Dipeptidyl peptidase 4,Cc1ccc(-c2c(CN)c(CC(C)C)nc3ccc(CCCCCC(=O)O)cc23)cc1.Cl.Cl
5208656,CHEMBL3142227,IC50,=,1.1,nM,8.96,CHEMBL284,Dipeptidyl peptidase 4,Cc1ccc(-c2c(CN)c(CC(C)C)nc3ccc(N4CC(=O)NCC4=O)cc23)cc1.Cl.Cl
5208657,CHEMBL3215845,IC50,=,18.0,nM,7.75,CHEMBL284,Dipeptidyl peptidase 4,Cc1ccc(-c2c(CN)c(CC(C)C)nc(C)c2C(=O)O)cc1.Cl.Cl
5208658,CHEMBL3216734,IC50,=,20.0,nM,7.70,CHEMBL284,Dipeptidyl peptidase 4,Cc1ccc(-c2c(CC(=O)O)c(C)nc(CC(C)C)c2CN)cc1.Cl.Cl
5208659,CHEMBL3216954,IC50,=,39.0,nM,7.41,CHEMBL284,Dipeptidyl peptidase 4,Cc1ccc(-c2c(CCC(=O)O)c(C)nc(CC(C)C)c2CN)cc1.Cl.Cl
5208660,CHEMBL3216718,IC50,=,66.0,nM,7.18,CHEMBL284,Dipeptidyl peptidase 4,Cc1ccc(-c2c(/C=C/C(=O)O)c(C)nc(CC(C)C)c2CN)cc1.Cl.Cl
5208661,CHEMBL3216937,IC50,=,57.0,nM,7.24,CHEMBL284,Dipeptidyl peptidase 4,CCCc1nc(C)c(C(=O)O)c(-c2ccc(C)cc2)c1CN.Cl.Cl
5208662,CHEMBL3216477,IC50,=,58.0,nM,7.24,CHEMBL284,Dipeptidyl peptidase 4,CCCCc1nc(C)c(C(=O)O)c(-c2ccc(C)cc2)c1CN.Cl.Cl
5208663,CHEMBL3216938,IC50,=,18.0,nM,7.75,CHEMBL284,Dipeptidyl peptidase 4,Cc1ccc(-c2c(CN)c(CC(C)(C)C)nc(C)c2C(=O)O)cc1.Cl.Cl
5208664,CHEMBL3216719,IC50,=,5.7,nM,8.24,CHEMBL284,Dipeptidyl peptidase 4,CCc1nc(CC(C)(C)C)c(CN)c(-c2ccc(C)cc2)c1C(=O)O.Cl.Cl
5208665,CHEMBL3215820,IC50,=,4.4,nM,8.36,CHEMBL284,Dipeptidyl peptidase 4,CCCc1nc(CC(C)(C)C)c(CN)c(-c2ccc(C)cc2)c1C(=O)O.Cl.Cl
5208666,CHEMBL3215608,IC50,=,19.0,nM,7.72,CHEMBL284,Dipeptidyl peptidase 4,Cc1ccc(-c2c(CN)c(CC(C)(C)C)nc(C(C)C)c2C(=O)O)cc1.Cl.Cl
5208667,CHEMBL3215606,IC50,=,4.6,nM,8.34,CHEMBL284,Dipeptidyl peptidase 4,Cc1ccc(-c2c(CN)c(CC(C)(C)C)nc(CC(C)C)c2C(=O)O)cc1.Cl.Cl
5208668,CHEMBL3216060,IC50,=,2.5,nM,8.60,CHEMBL284,Dipeptidyl peptidase 4,Cc1ccc(-c2c(CN)c(CC(C)(C)C)nc(Cc3ccccc3)c2C(=O)O)cc1.Cl.Cl
5208669,CHEMBL3215607,IC50,=,10.0,nM,8.00,CHEMBL284,Dipeptidyl peptidase 4,Cc1ccc(-c2c(CC(=O)O)c(C)nc(CC(C)(C)C)c2CN)cc1.Cl.Cl
5208670,CHEMBL1672127,IC50,=,5.3,nM,8.28,CHEMBL284,Dipeptidyl peptidase 4,CCc1nc(CC(C)(C)C)c(CN)c(-c2ccc(C)cc2)c1CC(=O)O.O
5236280,CHEMBL1683476,IC50,=,601.0,nM,6.22,CHEMBL284,Dipeptidyl peptidase 4,Cl.N[C@@H](CC(=O)N1CCSC1C(=O)O)Cc1cc(F)c(F)cc1F
5236281,CHEMBL1683477,IC50,=,204.0,nM,6.69,CHEMBL284,Dipeptidyl peptidase 4,COC(=O)C1SCCN1C(=O)C[C@H](N)Cc1cc(F)c(F)cc1F.Cl
5236282,CHEMBL1683478,IC50,=,212.0,nM,6.67,CHEMBL284,Dipeptidyl peptidase 4,Cl.N[C@@H](CC(=O)N1CCSC1C(=O)NCC(=O)O)Cc1cc(F)c(F)cc1F
5236283,CHEMBL1683479,IC50,=,101.0,nM,7.00,CHEMBL284,Dipeptidyl peptidase 4,CCOC(=O)CNC(=O)C1SCCN1C(=O)C[C@H](N)Cc1cc(F)c(F)cc1F.Cl
5236284,CHEMBL1683480,IC50,=,1700.0,nM,5.77,CHEMBL284,Dipeptidyl peptidase 4,CN(C)C(=O)C1SCCN1C(=O)C[C@H](N)Cc1cc(F)c(F)cc1F.Cl
5236285,CHEMBL1683481,IC50,=,807.0,nM,6.09,CHEMBL284,Dipeptidyl peptidase 4,Cl.N[C@@H](CC(=O)N1CCSC1C(=O)N1CCOCC1)Cc1cc(F)c(F)cc1F
5236286,CHEMBL1683482,IC50,=,680.0,nM,6.17,CHEMBL284,Dipeptidyl peptidase 4,Cl.N[C@@H](CC(=O)N1CCSC1C(=O)N1CCNCC1)Cc1cc(F)c(F)cc1F
5236287,CHEMBL1683483,IC50,=,88.0,nM,7.06,CHEMBL284,Dipeptidyl peptidase 4,Cl.N[C@@H](CC(=O)N1CCSC1C(=O)NCc1ccoc1)Cc1cc(F)c(F)cc1F
5236288,CHEMBL1681806,IC50,=,77.0,nM,7.11,CHEMBL284,Dipeptidyl peptidase 4,Cl.N[C@@H](CC(=O)N1CCSC1C(=O)NCc1ccccc1)Cc1cc(F)c(F)cc1F
5236289,CHEMBL1683484,IC50,=,357.0,nM,6.45,CHEMBL284,Dipeptidyl peptidase 4,Cl.N[C@@H](CC(=O)N1CCSC1C(=O)NCc1ccncc1)Cc1cc(F)c(F)cc1F
5236290,CHEMBL1422,IC50,=,20.0,nM,7.70,CHEMBL284,Dipeptidyl peptidase 4,N[C@@H](CC(=O)N1CCn2c(nnc2C(F)(F)F)C1)Cc1cc(F)c(F)cc1F
5236291,CHEMBL1683485,IC50,=,328.0,nM,6.48,CHEMBL284,Dipeptidyl peptidase 4,Cl.N[C@@H](CC(=O)N1CCSC1C(=O)NCc1ccc(O)cc1)Cc1cc(F)c(F)cc1F
5236292,CHEMBL1683486,IC50,=,229.0,nM,6.64,CHEMBL284,Dipeptidyl peptidase 4,Cl.N[C@@H](CC(=O)N1CCSC1C(=O)NCc1ccc(C(=O)O)cc1)Cc1cc(F)c(F)cc1F
5236293,CHEMBL1683487,IC50,=,41.0,nM,7.39,CHEMBL284,Dipeptidyl peptidase 4,CCOC(=O)COc1ccc(CNC(=O)C2SCCN2C(=O)C[C@H](N)Cc2cc(F)c(F)cc2F)cc1.Cl
5236294,CHEMBL1683488,IC50,=,51.0,nM,7.29,CHEMBL284,Dipeptidyl peptidase 4,Cl.N[C@@H](CC(=O)N1CCSC1C(=O)NCc1ccc(OCC(=O)O)cc1)Cc1cc(F)c(F)cc1F
5236295,CHEMBL1683489,IC50,=,95.0,nM,7.02,CHEMBL284,Dipeptidyl peptidase 4,CCOC(=O)COc1cccc(CNC(=O)C2SCCN2C(=O)C[C@H](N)Cc2cc(F)c(F)cc2F)c1.Cl
5236296,CHEMBL1683490,IC50,=,102.0,nM,6.99,CHEMBL284,Dipeptidyl peptidase 4,Cl.N[C@@H](CC(=O)N1CCSC1C(=O)NCc1cccc(OCC(=O)O)c1)Cc1cc(F)c(F)cc1F
5236297,CHEMBL1683491,IC50,=,112.0,nM,6.95,CHEMBL284,Dipeptidyl peptidase 4,CCOC(=O)C1COc2cc(CNC(=O)C3SCCN3C(=O)C[C@H](N)Cc3cc(F)c(F)cc3F)ccc2O1.Cl
5236298,CHEMBL1683492,IC50,=,192.0,nM,6.72,CHEMBL284,Dipeptidyl peptidase 4,Cl.N[C@@H](CC(=O)N1CCSC1C(=O)NCc1ccc2c(c1)OCC(C(=O)O)O2)Cc1cc(F)c(F)cc1F
5236299,CHEMBL1683493,IC50,=,64.0,nM,7.19,CHEMBL284,Dipeptidyl peptidase 4,CCOC(=O)C1Oc2ccc(CNC(=O)C3SCCN3C(=O)C[C@H](N)Cc3cc(F)c(F)cc3F)cc2O1.Cl
5236300,CHEMBL1683494,IC50,=,64.0,nM,7.19,CHEMBL284,Dipeptidyl peptidase 4,Cl.N[C@@H](CC(=O)N1CCSC1C(=O)NCc1ccc2c(c1)OC(C(=O)O)O2)Cc1cc(F)c(F)cc1F
5236301,CHEMBL1683495,IC50,=,216.0,nM,6.67,CHEMBL284,Dipeptidyl peptidase 4,CC(Oc1ccc(CNC(=O)C2SCCN2C(=O)C[C@H](N)Cc2cc(F)c(F)cc2F)cc1)C(=O)O.Cl
5236302,CHEMBL1683496,IC50,=,56.0,nM,7.25,CHEMBL284,Dipeptidyl peptidase 4,CC(C)(Oc1ccc(CNC(=O)C2SCCN2C(=O)C[C@H](N)Cc2cc(F)c(F)cc2F)cc1)C(=O)O.Cl
5236303,CHEMBL1683497,IC50,=,28.0,nM,7.55,CHEMBL284,Dipeptidyl peptidase 4,Cl.N[C@@H](CC(=O)N1CCSC1C(=O)NCc1ccc(OC(Cc2ccccc2)C(=O)O)cc1)Cc1cc(F)c(F)cc1F
5236304,CHEMBL1683498,IC50,=,6.0,nM,8.22,CHEMBL284,Dipeptidyl peptidase 4,CC(C)C(Oc1ccc(CNC(=O)C2SCCN2C(=O)C[C@H](N)Cc2cc(F)c(F)cc2F)cc1)C(=O)O.Cl
5236305,CHEMBL1683499,IC50,=,77.0,nM,7.11,CHEMBL284,Dipeptidyl peptidase 4,CCOC(=O)C(Oc1ccc(CNC(=O)C2SCCN2C(=O)C[C@H](N)Cc2cc(F)c(F)cc2F)cc1)C(C)C.Cl
5236306,CHEMBL1683500,IC50,=,80.0,nM,7.10,CHEMBL284,Dipeptidyl peptidase 4,CC(C)C(C(=O)O)N(C)c1ccc(CNC(=O)C2SCCN2C(=O)C[C@H](N)Cc2cc(F)c(F)cc2F)cc1.Cl
5236307,CHEMBL1683501,IC50,=,80.0,nM,7.10,CHEMBL284,Dipeptidyl peptidase 4,CCOC(=O)C(C(C)C)N(C)c1ccc(CNC(=O)C2SCCN2C(=O)C[C@H](N)Cc2cc(F)c(F)cc2F)cc1.Cl
5236308,CHEMBL1683502,IC50,=,13.0,nM,7.89,CHEMBL284,Dipeptidyl peptidase 4,CC(C)(Nc1ccc(CNC(=O)C2SCCN2C(=O)C[C@H](N)Cc2cc(F)c(F)cc2F)cc1)C(=O)O.Cl
5236309,CHEMBL1683503,IC50,=,68.0,nM,7.17,CHEMBL284,Dipeptidyl peptidase 4,CCOC(=O)C(C)(C)Nc1ccc(CNC(=O)C2SCCN2C(=O)C[C@H](N)Cc2cc(F)c(F)cc2F)cc1.Cl
5236310,CHEMBL1683504,IC50,=,3.0,nM,8.52,CHEMBL284,Dipeptidyl peptidase 4,CC(C)C(Nc1ccc(CNC(=O)C2SCCN2C(=O)C[C@H](N)Cc2cc(F)c(F)cc2F)cc1)C(=O)O.Cl
5236311,CHEMBL1683505,IC50,=,50.0,nM,7.30,CHEMBL284,Dipeptidyl peptidase 4,CCOC(=O)C(Nc1ccc(CNC(=O)C2SCCN2C(=O)C[C@H](N)Cc2cc(F)c(F)cc2F)cc1)C(C)C.Cl
5236312,CHEMBL1683506,IC50,=,1.0,nM,9.00,CHEMBL284,Dipeptidyl peptidase 4,CC(C)[C@@H](Nc1ccc(CNC(=O)[C@@H]2SCCN2C(=O)C[C@H](N)Cc2cc(F)c(F)cc2F)cc1)C(=O)O.Cl
5236313,CHEMBL1683507,IC50,=,17.0,nM,7.77,CHEMBL284,Dipeptidyl peptidase 4,CCOC(=O)[C@H](Nc1ccc(CNC(=O)[C@@H]2SCCN2C(=O)C[C@H](N)Cc2cc(F)c(F)cc2F)cc1)C(C)C.Cl
5236314,CHEMBL1683508,IC50,=,1.2,nM,8.92,CHEMBL284,Dipeptidyl peptidase 4,CC(C)[C@H](Nc1ccc(CNC(=O)[C@@H]2SCCN2C(=O)C[C@H](N)Cc2cc(F)c(F)cc2F)cc1)C(=O)O
5236315,CHEMBL1683641,IC50,=,25.0,nM,7.60,CHEMBL284,Dipeptidyl peptidase 4,CCOC(=O)[C@@H](Nc1ccc(CNC(=O)[C@@H]2SCCN2C(=O)C[C@H](N)Cc2cc(F)c(F)cc2F)cc1)C(C)C
5236316,CHEMBL1614845,IC50,=,10.0,nM,8.00,CHEMBL284,Dipeptidyl peptidase 4,CC(C)[C@@H](Nc1ccc(CNC(=O)[C@H]2SCCN2C(=O)C[C@H](N)Cc2cc(F)c(F)cc2F)cc1)C(=O)O
5236317,CHEMBL1683642,IC50,=,175.0,nM,6.76,CHEMBL284,Dipeptidyl peptidase 4,CCOC(=O)[C@H](Nc1ccc(CNC(=O)[C@H]2SCCN2C(=O)C[C@H](N)Cc2cc(F)c(F)cc2F)cc1)C(C)C
5236318,CHEMBL1683643,IC50,=,13.0,nM,7.89,CHEMBL284,Dipeptidyl peptidase 4,CC(C)[C@H](Nc1ccc(CNC(=O)[C@H]2SCCN2C(=O)C[C@H](N)Cc2cc(F)c(F)cc2F)cc1)C(=O)O
5236319,CHEMBL1683644,IC50,=,309.0,nM,6.51,CHEMBL284,Dipeptidyl peptidase 4,CCOC(=O)[C@@H](Nc1ccc(CNC(=O)[C@H]2SCCN2C(=O)C[C@H](N)Cc2cc(F)c(F)cc2F)cc1)C(C)C
5237503,CHEMBL1422,IC50,=,18.0,nM,7.75,CHEMBL284,Dipeptidyl peptidase 4,N[C@@H](CC(=O)N1CCn2c(nnc2C(F)(F)F)C1)Cc1cc(F)c(F)cc1F
5237504,CHEMBL25211,IC50,=,22.0,nM,7.66,CHEMBL284,Dipeptidyl peptidase 4,N[C@H](C(=O)N1CCSC1)[C@H]1CC[C@H](NS(=O)(=O)c2ccc(OC(F)(F)F)cc2)CC1
5237505,CHEMBL1682974,IC50,=,33.0,nM,7.48,CHEMBL284,Dipeptidyl peptidase 4,N[C@H](C(=O)N1CCSC1)[C@H]1CC[C@H](NC(=O)c2ccc(OC(F)(F)F)cc2)CC1
5237506,CHEMBL1682975,IC50,=,140.0,nM,6.85,CHEMBL284,Dipeptidyl peptidase 4,CN([C@H]1CC[C@H]([C@H](N)Cc2cc(F)ccc2F)CC1)S(=O)(=O)c1ccccc1
5237507,CHEMBL1682976,IC50,=,110.0,nM,6.96,CHEMBL284,Dipeptidyl peptidase 4,CN([C@H]1CC[C@H]([C@H](N)Cc2cc(F)ccc2F)CC1)S(=O)(=O)c1ccccc1C(F)(F)F
5237508,CHEMBL1682977,IC50,=,85.0,nM,7.07,CHEMBL284,Dipeptidyl peptidase 4,CN([C@H]1CC[C@H]([C@H](N)Cc2cc(F)ccc2F)CC1)S(=O)(=O)c1cccc(C#N)c1
5237509,CHEMBL1682978,IC50,=,180.0,nM,6.75,CHEMBL284,Dipeptidyl peptidase 4,CN([C@H]1CC[C@H]([C@H](N)Cc2cc(F)ccc2F)CC1)S(=O)(=O)c1ccc(C#N)cc1
5237510,CHEMBL1682979,IC50,=,140.0,nM,6.85,CHEMBL284,Dipeptidyl peptidase 4,CN([C@H]1CC[C@H]([C@H](N)Cc2cc(F)ccc2F)CC1)S(=O)(=O)c1ccc(N)cc1
5237511,CHEMBL1682980,IC50,=,400.0,nM,6.40,CHEMBL284,Dipeptidyl peptidase 4,CN([C@H]1CC[C@H]([C@H](N)Cc2cc(F)ccc2F)CC1)S(=O)(=O)c1ccc(OC(F)(F)F)cc1
5237512,CHEMBL1682981,IC50,=,99.0,nM,7.00,CHEMBL284,Dipeptidyl peptidase 4,CN([C@H]1CC[C@H]([C@H](N)Cc2cc(F)ccc2F)CC1)S(=O)(=O)c1cccc(C(N)=O)c1
5237513,CHEMBL1682982,IC50,=,84.0,nM,7.08,CHEMBL284,Dipeptidyl peptidase 4,CN([C@H]1CC[C@H]([C@H](N)Cc2cc(F)ccc2F)CC1)S(=O)(=O)c1ccc(C(N)=O)cc1
5237514,CHEMBL1682983,IC50,=,150.0,nM,6.82,CHEMBL284,Dipeptidyl peptidase 4,CN([C@H]1CC[C@H]([C@H](N)Cc2cc(F)ccc2F)CC1)S(=O)(=O)c1ccc(F)cc1F
5237515,CHEMBL1682984,IC50,=,130.0,nM,6.89,CHEMBL284,Dipeptidyl peptidase 4,CN([C@H]1CC[C@H]([C@H](N)Cc2cc(F)ccc2F)CC1)S(=O)(=O)c1ccc(-c2cnco2)cc1
5237516,CHEMBL1682985,IC50,=,94.0,nM,7.03,CHEMBL284,Dipeptidyl peptidase 4,CN([C@H]1CC[C@H]([C@H](N)Cc2cc(F)ccc2F)CC1)S(=O)(=O)c1ccc(-c2csnn2)cc1
5237517,CHEMBL1683086,IC50,=,280.0,nM,6.55,CHEMBL284,Dipeptidyl peptidase 4,Cc1[nH]ncc1S(=O)(=O)N(C)[C@H]1CC[C@H]([C@H](N)Cc2cc(F)ccc2F)CC1
5237518,CHEMBL1683087,IC50,=,500.0,nM,6.30,CHEMBL284,Dipeptidyl peptidase 4,Cn1cnc(S(=O)(=O)N(C)[C@H]2CC[C@H]([C@H](N)Cc3cc(F)ccc3F)CC2)c1
5237519,CHEMBL1683088,IC50,=,170.0,nM,6.77,CHEMBL284,Dipeptidyl peptidase 4,Cc1oncc1S(=O)(=O)N(C)[C@H]1CC[C@H]([C@H](N)Cc2cc(F)ccc2F)CC1
5237520,CHEMBL1683089,IC50,=,100.0,nM,7.00,CHEMBL284,Dipeptidyl peptidase 4,CC(=O)Nc1nc(C)c(S(=O)(=O)N(C)[C@H]2CC[C@H]([C@H](N)Cc3cc(F)ccc3F)CC2)s1
5237521,CHEMBL1683090,IC50,=,110.0,nM,6.96,CHEMBL284,Dipeptidyl peptidase 4,CN([C@H]1CC[C@H]([C@H](N)Cc2cc(F)ccc2F)CC1)S(=O)(=O)c1cccnc1
5237522,CHEMBL1683091,IC50,=,55.0,nM,7.26,CHEMBL284,Dipeptidyl peptidase 4,Cc1noc(C)c1S(=O)(=O)N(C)[C@H]1CC[C@H]([C@H](N)Cc2cc(F)ccc2F)CC1
5237523,CHEMBL1683092,IC50,=,38.0,nM,7.42,CHEMBL284,Dipeptidyl peptidase 4,CCN([C@H]1CC[C@H]([C@H](N)Cc2cc(F)ccc2F)CC1)S(=O)(=O)c1c(C)noc1C
5237524,CHEMBL1683093,IC50,=,670.0,nM,6.17,CHEMBL284,Dipeptidyl peptidase 4,Cc1noc(C)c1S(=O)(=O)N(Cc1ccccc1)[C@H]1CC[C@H]([C@H](N)Cc2cc(F)ccc2F)CC1
5237525,CHEMBL1683094,IC50,=,570.0,nM,6.24,CHEMBL284,Dipeptidyl peptidase 4,Cc1noc(C)c1S(=O)(=O)N(CCCC(F)(F)F)[C@H]1CC[C@H]([C@H](N)Cc2cc(F)ccc2F)CC1
5237526,CHEMBL1683095,IC50,=,260.0,nM,6.58,CHEMBL284,Dipeptidyl peptidase 4,CCN([C@H]1CC[C@H]([C@H](N)Cc2cc(F)ccc2F)CC1)S(C)(=O)=O
5237527,CHEMBL1683096,IC50,=,1300.0,nM,5.89,CHEMBL284,Dipeptidyl peptidase 4,CS(=O)(=O)N(Cc1ccccc1)[C@H]1CC[C@H]([C@H](N)Cc2cc(F)ccc2F)CC1
5237528,CHEMBL1683097,IC50,=,2400.0,nM,5.62,CHEMBL284,Dipeptidyl peptidase 4,CS(=O)(=O)N(CCCC(F)(F)F)[C@H]1CC[C@H]([C@H](N)Cc2cc(F)ccc2F)CC1
5237529,CHEMBL1683098,IC50,=,120.0,nM,6.92,CHEMBL284,Dipeptidyl peptidase 4,CC(=O)N(C)[C@H]1CC[C@H]([C@H](N)Cc2cc(F)ccc2F)CC1
5237530,CHEMBL1683099,IC50,=,990.0,nM,6.00,CHEMBL284,Dipeptidyl peptidase 4,CC(=O)N(C)[C@H]1CC[C@@H]([C@H](N)Cc2cc(F)ccc2F)CC1
5237531,CHEMBL1683100,IC50,=,130.0,nM,6.89,CHEMBL284,Dipeptidyl peptidase 4,CC(C)C(=O)N(C)[C@H]1CC[C@H]([C@H](N)Cc2cc(F)ccc2F)CC1
5237532,CHEMBL1683101,IC50,=,110.0,nM,6.96,CHEMBL284,Dipeptidyl peptidase 4,CN(C(=O)C(C)(C)C)[C@H]1CC[C@H]([C@H](N)Cc2cc(F)ccc2F)CC1
5237533,CHEMBL1683102,IC50,=,730.0,nM,6.14,CHEMBL284,Dipeptidyl peptidase 4,CN(C(=O)CCN)[C@H]1CC[C@H]([C@H](N)Cc2cc(F)ccc2F)CC1
5237534,CHEMBL1683103,IC50,=,140.0,nM,6.85,CHEMBL284,Dipeptidyl peptidase 4,CN(C(=O)CCC(=O)O)[C@H]1CC[C@H]([C@H](N)Cc2cc(F)ccc2F)CC1
5237535,CHEMBL1683104,IC50,=,140.0,nM,6.85,CHEMBL284,Dipeptidyl peptidase 4,CN(C(=O)c1cccnc1)[C@H]1CC[C@H]([C@H](N)Cc2cc(F)ccc2F)CC1
5237536,CHEMBL1683105,IC50,=,120.0,nM,6.92,CHEMBL284,Dipeptidyl peptidase 4,CN(C(=O)c1csnn1)[C@H]1CC[C@H]([C@H](N)Cc2cc(F)ccc2F)CC1
5237537,CHEMBL1683106,IC50,=,120.0,nM,6.92,CHEMBL284,Dipeptidyl peptidase 4,CN(C(=O)c1ccno1)[C@H]1CC[C@H]([C@H](N)Cc2cc(F)ccc2F)CC1
5237538,CHEMBL1683107,IC50,=,110.0,nM,6.96,CHEMBL284,Dipeptidyl peptidase 4,CN(C(=O)c1c[nH]c2ccccc12)[C@H]1CC[C@H]([C@H](N)Cc2cc(F)ccc2F)CC1
5237539,CHEMBL1683108,IC50,=,140.0,nM,6.85,CHEMBL284,Dipeptidyl peptidase 4,Cc1noc(C)c1C(=O)N(C)[C@H]1CC[C@H]([C@H](N)Cc2cc(F)ccc2F)CC1
5237540,CHEMBL1683109,IC50,=,140.0,nM,6.85,CHEMBL284,Dipeptidyl peptidase 4,Cn1ccc(C(=O)N(C)[C@H]2CC[C@H]([C@H](N)Cc3cc(F)ccc3F)CC2)n1
5237541,CHEMBL1683110,IC50,=,260.0,nM,6.58,CHEMBL284,Dipeptidyl peptidase 4,CCN(C(C)=O)[C@H]1CC[C@H]([C@H](N)Cc2cc(F)ccc2F)CC1
5237542,CHEMBL1683111,IC50,=,110.0,nM,6.96,CHEMBL284,Dipeptidyl peptidase 4,CC(=O)N(Cc1ccccc1)[C@H]1CC[C@H]([C@H](N)Cc2cc(F)ccc2F)CC1
5237543,CHEMBL1683112,IC50,=,100.0,nM,7.00,CHEMBL284,Dipeptidyl peptidase 4,CC(=O)N(CCCC(F)(F)F)[C@H]1CC[C@H]([C@H](N)Cc2cc(F)ccc2F)CC1
5237544,CHEMBL1683113,IC50,=,1000.0,nM,6.00,CHEMBL284,Dipeptidyl peptidase 4,N[C@H](Cc1cc(F)ccc1F)[C@H]1CC[C@@H](N2CCC(F)(F)C2)CC1
5237545,CHEMBL1683114,IC50,=,850.0,nM,6.07,CHEMBL284,Dipeptidyl peptidase 4,N[C@H](Cc1cc(F)ccc1F)[C@H]1CC[C@H](N2CCC(F)(F)C2)CC1
5237546,CHEMBL1683115,IC50,=,280.0,nM,6.55,CHEMBL284,Dipeptidyl peptidase 4,N[C@H](Cc1cc(F)ccc1F)[C@H]1CC[C@@H](N2CCn3c(nnc3C(F)(F)F)C2)CC1
5237547,CHEMBL1681802,IC50,=,330.0,nM,6.48,CHEMBL284,Dipeptidyl peptidase 4,N[C@H](Cc1cc(F)ccc1F)[C@H]1CC[C@H](N2CCn3c(nnc3C(F)(F)F)C2)CC1
5237548,CHEMBL1683116,IC50,=,1800.0,nM,5.75,CHEMBL284,Dipeptidyl peptidase 4,N[C@H](Cc1cc(F)ccc1F)[C@H]1CC[C@@H](N2CCCCC2)CC1
5237549,CHEMBL1683117,IC50,=,330.0,nM,6.48,CHEMBL284,Dipeptidyl peptidase 4,N[C@H](Cc1cc(F)ccc1F)[C@H]1CC[C@H](N2CCCCC2)CC1
5237550,CHEMBL1683118,IC50,=,1300.0,nM,5.89,CHEMBL284,Dipeptidyl peptidase 4,NC(=O)C1CCCN([C@H]2CC[C@@H]([C@H](N)Cc3cc(F)ccc3F)CC2)C1
5237551,CHEMBL1683119,IC50,=,57.0,nM,7.24,CHEMBL284,Dipeptidyl peptidase 4,NC(=O)C1CCCN([C@H]2CC[C@H]([C@H](N)Cc3cc(F)ccc3F)CC2)C1
5237552,CHEMBL1683120,IC50,=,200.0,nM,6.70,CHEMBL284,Dipeptidyl peptidase 4,NC(=O)[C@H]1CCCN([C@H]2CC[C@H]([C@H](N)Cc3cc(F)ccc3F)CC2)C1
5237553,CHEMBL1683121,IC50,=,70.0,nM,7.16,CHEMBL284,Dipeptidyl peptidase 4,NC(=O)[C@@H]1CCCN([C@H]2CC[C@H]([C@H](N)Cc3cc(F)ccc3F)CC2)C1
5237554,CHEMBL1683122,IC50,=,310.0,nM,6.51,CHEMBL284,Dipeptidyl peptidase 4,NC(=O)O[C@@H]1CCCN([C@H]2CC[C@H]([C@H](N)Cc3cc(F)ccc3F)CC2)C1
5237555,CHEMBL1683123,IC50,=,270.0,nM,6.57,CHEMBL284,Dipeptidyl peptidase 4,N[C@H](Cc1cc(F)ccc1F)[C@H]1CC[C@H](N2CCC[C@@H](O)C2)CC1
5237556,CHEMBL1683124,IC50,=,910.0,nM,6.04,CHEMBL284,Dipeptidyl peptidase 4,N[C@H](Cc1cc(F)ccc1F)[C@H]1CC[C@H](NCCCC(F)(F)F)CC1
5237557,CHEMBL1683125,IC50,=,290.0,nM,6.54,CHEMBL284,Dipeptidyl peptidase 4,CN(Cc1ccc(C#N)cc1)[C@H]1CC[C@H]([C@H](N)Cc2cc(F)ccc2F)CC1
5237558,CHEMBL1683126,IC50,=,220.0,nM,6.66,CHEMBL284,Dipeptidyl peptidase 4,CN(Cc1cccc(C#N)c1)[C@H]1CC[C@H]([C@H](N)Cc2cc(F)ccc2F)CC1
5237559,CHEMBL1683127,IC50,=,710.0,nM,6.15,CHEMBL284,Dipeptidyl peptidase 4,CCN(Cc1ccccc1)[C@H]1CC[C@H]([C@H](N)Cc2cc(F)ccc2F)CC1
5237560,CHEMBL1683128,IC50,=,690.0,nM,6.16,CHEMBL284,Dipeptidyl peptidase 4,N[C@H](Cc1cc(F)ccc1F)[C@H]1CC[C@H](N(CCCC(F)(F)F)Cc2ccccc2)CC1
5237561,CHEMBL1683129,IC50,=,450.0,nM,6.35,CHEMBL284,Dipeptidyl peptidase 4,CC(=O)N1CCC([C@H](N)Cc2cc(F)ccc2F)CC1
5237562,CHEMBL1683130,IC50,=,130.0,nM,6.89,CHEMBL284,Dipeptidyl peptidase 4,CS(=O)(=O)N1CCC([C@H](N)Cc2cc(F)ccc2F)CC1
5237563,CHEMBL1683131,IC50,=,450.0,nM,6.35,CHEMBL284,Dipeptidyl peptidase 4,N[C@H](Cc1cc(F)ccc1F)C1CCN(c2ccccn2)CC1
5237564,CHEMBL1683132,IC50,=,110.0,nM,6.96,CHEMBL284,Dipeptidyl peptidase 4,N[C@H](Cc1cc(F)ccc1F)C1CCN(c2cccnc2)CC1
5237565,CHEMBL1683133,IC50,=,430.0,nM,6.37,CHEMBL284,Dipeptidyl peptidase 4,N[C@H](Cc1cc(F)ccc1F)C1CCN(c2ccncc2)CC1
5237566,CHEMBL1683134,IC50,=,77.0,nM,7.11,CHEMBL284,Dipeptidyl peptidase 4,N#Cc1cncc(N2CCC([C@H](N)Cc3cc(F)ccc3F)CC2)c1
5237567,CHEMBL1683135,IC50,=,71.0,nM,7.15,CHEMBL284,Dipeptidyl peptidase 4,Cc1ccc(N2CCC([C@H](N)Cc3cc(F)ccc3F)CC2)c(C)n1
5237568,CHEMBL1683136,IC50,=,110.0,nM,6.96,CHEMBL284,Dipeptidyl peptidase 4,N[C@H](Cc1cc(F)ccc1F)C1CCN(c2ccc(F)nc2)CC1
5237569,CHEMBL1683137,IC50,=,82.0,nM,7.09,CHEMBL284,Dipeptidyl peptidase 4,CCOC(=O)c1cncc(N2CCC([C@H](N)Cc3cc(F)ccc3F)CC2)c1
5237570,CHEMBL1683138,IC50,=,18.0,nM,7.75,CHEMBL284,Dipeptidyl peptidase 4,NOC(=O)c1cncc(N2CCC([C@H](N)Cc3cc(F)ccc3F)CC2)c1
5237571,CHEMBL1683139,IC50,=,670.0,nM,6.17,CHEMBL284,Dipeptidyl peptidase 4,N[C@H](Cc1cc(F)ccc1F)C1CCN(c2ncccn2)CC1
5237572,CHEMBL1683140,IC50,=,75.0,nM,7.12,CHEMBL284,Dipeptidyl peptidase 4,N[C@H](Cc1cc(F)ccc1F)C1CCN(c2cncnc2)CC1
5237573,CHEMBL1683141,IC50,=,78.0,nM,7.11,CHEMBL284,Dipeptidyl peptidase 4,COc1ncc(N2CCC([C@H](N)Cc3cc(F)ccc3F)CC2)cn1
5237574,CHEMBL1683142,IC50,=,72.0,nM,7.14,CHEMBL284,Dipeptidyl peptidase 4,N[C@H](Cc1cc(F)ccc1F)C1CCN(c2cnc(O)nc2)CC1
5237575,CHEMBL1683143,IC50,=,54.0,nM,7.27,CHEMBL284,Dipeptidyl peptidase 4,COC(=O)C1CCCC(N2CCC([C@H](N)Cc3cc(F)ccc3F)CC2)C1
5237576,CHEMBL1683144,IC50,=,51.0,nM,7.29,CHEMBL284,Dipeptidyl peptidase 4,N[C@H](Cc1cc(F)ccc1F)C1CCN(C2CCCC(C(=O)O)C2)CC1
5237577,CHEMBL1683145,IC50,=,21.0,nM,7.68,CHEMBL284,Dipeptidyl peptidase 4,NC(=O)C1CCCC(N2CCC([C@H](N)Cc3cc(F)ccc3F)CC2)C1
5240815,CHEMBL1683557,IC50,=,13.0,nM,7.89,CHEMBL284,Dipeptidyl peptidase 4,N[C@H]1CN(c2cc(-c3cc(F)cc(F)c3F)ncn2)C[C@@H]1c1ccccc1
5240816,CHEMBL1683558,IC50,=,488.0,nM,6.31,CHEMBL284,Dipeptidyl peptidase 4,N[C@H]1CN(c2cc(-c3cc(F)c(F)cc3F)ncn2)C[C@@H]1N1CCCC1=O
5240817,CHEMBL1683559,IC50,=,47.0,nM,7.33,CHEMBL284,Dipeptidyl peptidase 4,N[C@H]1CN(c2cc(-c3cc(F)c(F)cc3F)ncn2)C[C@@H]1N1CCCCC1=O
5240818,CHEMBL1683560,IC50,=,1.6,nM,8.80,CHEMBL284,Dipeptidyl peptidase 4,N[C@H]1CN(c2cc(N3CCc4nocc4C3)ncn2)C[C@@H]1c1ccccc1
5240819,CHEMBL1683561,IC50,=,153.0,nM,6.82,CHEMBL284,Dipeptidyl peptidase 4,N[C@H]1CN(c2cc(N3CCc4nocc4C3)ncn2)C[C@@H]1N1CCCC1=O
5240820,CHEMBL1683562,IC50,=,12.0,nM,7.92,CHEMBL284,Dipeptidyl peptidase 4,N[C@H]1CN(c2cc(N3CCc4nocc4C3)ncn2)C[C@@H]1N1CCCCC1=O
5240821,CHEMBL1683563,IC50,=,19.0,nM,7.72,CHEMBL284,Dipeptidyl peptidase 4,N[C@H]1CN(c2cc(NC3CC3)ncn2)C[C@@H]1c1ccccc1
5240822,CHEMBL1683564,IC50,=,1400.0,nM,5.85,CHEMBL284,Dipeptidyl peptidase 4,N[C@H]1CN(c2cc(NC3CC3)ncn2)C[C@@H]1N1CCCC1=O
5240823,CHEMBL1683565,IC50,=,74.0,nM,7.13,CHEMBL284,Dipeptidyl peptidase 4,N[C@H]1CN(c2cc(NC3CC3)ncn2)C[C@@H]1N1CCCCC1=O
5240824,CHEMBL1683566,IC50,=,39.0,nM,7.41,CHEMBL284,Dipeptidyl peptidase 4,COc1ccc(-c2cc(N3C[C@H](N)[C@@H](N4CCCCC4=O)C3)ncn2)cn1
5240825,CHEMBL1683567,IC50,=,59.0,nM,7.23,CHEMBL284,Dipeptidyl peptidase 4,N[C@H]1CN(c2ncnc(-c3ccccc3)n2)C[C@@H]1N1CCCCC1=O
5240826,CHEMBL1683568,IC50,=,26.0,nM,7.58,CHEMBL284,Dipeptidyl peptidase 4,N[C@H]1CN(c2cc(N3CCC(F)(F)C3)ncn2)C[C@@H]1N1CCCCC1=O
5240827,CHEMBL1683569,IC50,=,37.0,nM,7.43,CHEMBL284,Dipeptidyl peptidase 4,N[C@H]1CN(c2ncnc(N3CCC(F)(F)C3)n2)C[C@@H]1N1CCCCC1=O
5240828,CHEMBL1683570,IC50,=,8.4,nM,8.08,CHEMBL284,Dipeptidyl peptidase 4,N[C@H]1CN(c2cc(N3CCC(F)(F)C3)ncn2)C[C@@H]1N1CC(F)(F)CCC1=O
5240829,CHEMBL1683571,IC50,=,23.0,nM,7.64,CHEMBL284,Dipeptidyl peptidase 4,N[C@H]1CN(c2ncnc(N3CCC(F)(F)C3)n2)C[C@@H]1N1CC(F)(F)CCC1=O
5240830,CHEMBL1683572,IC50,=,13.0,nM,7.89,CHEMBL284,Dipeptidyl peptidase 4,Cc1nc(N2C[C@H](N)[C@@H](N3CC(F)(F)CCC3=O)C2)cc(N2CCC(F)(F)C2)n1
5240880,CHEMBL1683571,Ki,=,14.4,nM,7.84,CHEMBL284,Dipeptidyl peptidase 4,N[C@H]1CN(c2ncnc(N3CCC(F)(F)C3)n2)C[C@@H]1N1CC(F)(F)CCC1=O
5244132,CHEMBL1422,IC50,=,19.4,nM,7.71,CHEMBL284,Dipeptidyl peptidase 4,N[C@@H](CC(=O)N1CCn2c(nnc2C(F)(F)F)C1)Cc1cc(F)c(F)cc1F
5244133,CHEMBL1684000,IC50,=,17.83,nM,7.75,CHEMBL284,Dipeptidyl peptidase 4,N[C@@H](CC(=O)N1CCn2nnc(-c3cnco3)c2C1)Cc1cc(F)c(F)cc1F.O=C(O)/C=C/C(=O)O
5244134,CHEMBL1683999,IC50,=,47.27,nM,7.33,CHEMBL284,Dipeptidyl peptidase 4,N[C@@H](CC(=O)N1CCn2nnc(-c3ccsc3)c2C1)Cc1cc(F)c(F)cc1F.O=C(O)/C=C/C(=O)O
5244135,CHEMBL1683998,IC50,=,22.76,nM,7.64,CHEMBL284,Dipeptidyl peptidase 4,Cl.N[C@@H](CC(=O)N1CCn2nnc(-c3cccs3)c2C1)Cc1cc(F)c(F)cc1F
5244136,CHEMBL1683997,IC50,=,26.17,nM,7.58,CHEMBL284,Dipeptidyl peptidase 4,N[C@@H](CC(=O)N1CCn2nnc(-c3ccoc3)c2C1)Cc1cc(F)c(F)cc1F.O=C(O)/C=C/C(=O)O
5244137,CHEMBL1683996,IC50,=,15.8,nM,7.80,CHEMBL284,Dipeptidyl peptidase 4,Cl.N[C@@H](CC(=O)N1CCn2nnc(-c3ccco3)c2C1)Cc1cc(F)c(F)cc1F
5244138,CHEMBL1683995,IC50,=,33.25,nM,7.48,CHEMBL284,Dipeptidyl peptidase 4,N[C@@H](CC(=O)N1CCn2nnc(-c3ccccn3)c2C1)Cc1cc(F)c(F)cc1F.O=C(O)/C=C/C(=O)O
5244139,CHEMBL1683994,IC50,=,28.6,nM,7.54,CHEMBL284,Dipeptidyl peptidase 4,Cl.N[C@@H](CC(=O)N1CCn2nnc(-c3ccncc3)c2C1)Cc1cc(F)c(F)cc1F
5244140,CHEMBL1683993,IC50,=,33.17,nM,7.48,CHEMBL284,Dipeptidyl peptidase 4,CS(=O)(=O)c1ccc(-c2nnn3c2CN(C(=O)C[C@H](N)Cc2cc(F)c(F)cc2F)CC3)cc1.Cl
5244141,CHEMBL1683992,IC50,=,33.78,nM,7.47,CHEMBL284,Dipeptidyl peptidase 4,Cl.N[C@@H](CC(=O)N1CCn2nnc(-c3ccc(C(=O)O)cc3)c2C1)Cc1cc(F)c(F)cc1F
5244142,CHEMBL1683991,IC50,=,12.4,nM,7.91,CHEMBL284,Dipeptidyl peptidase 4,COC(=O)c1ccc(-c2nnn3c2CN(C(=O)C[C@H](N)Cc2cc(F)c(F)cc2F)CC3)cc1.O=P(O)(O)O
5244143,CHEMBL1683990,IC50,=,26.64,nM,7.57,CHEMBL284,Dipeptidyl peptidase 4,CN(C)C(=O)c1ccc(-c2nnn3c2CN(C(=O)C[C@H](N)Cc2cc(F)c(F)cc2F)CC3)cc1.Cl
5244144,CHEMBL1683989,IC50,=,36.43,nM,7.44,CHEMBL284,Dipeptidyl peptidase 4,Cl.NC(=O)c1ccc(-c2nnn3c2CN(C(=O)C[C@H](N)Cc2cc(F)c(F)cc2F)CC3)cc1
5244145,CHEMBL1683988,IC50,=,46.61,nM,7.33,CHEMBL284,Dipeptidyl peptidase 4,COC(=O)c1cccc(-c2nnn3c2CN(C(=O)C[C@H](N)Cc2cc(F)c(F)cc2F)CC3)c1.Cl
5244146,CHEMBL1683987,IC50,=,30.03,nM,7.52,CHEMBL284,Dipeptidyl peptidase 4,Cl.N#Cc1ccc(-c2nnn3c2CN(C(=O)C[C@H](N)Cc2cc(F)c(F)cc2F)CC3)cc1
5244147,CHEMBL1683986,IC50,=,75.35,nM,7.12,CHEMBL284,Dipeptidyl peptidase 4,Cl.N[C@@H](CC(=O)N1CCn2nnc(-c3ccc(C(F)(F)F)cc3)c2C1)Cc1cc(F)c(F)cc1F
5244148,CHEMBL1683985,IC50,=,46.89,nM,7.33,CHEMBL284,Dipeptidyl peptidase 4,Cl.N[C@@H](CC(=O)N1CCn2nnc(-c3ccc(Cl)cc3)c2C1)Cc1cc(F)c(F)cc1F
5244149,CHEMBL1683984,IC50,=,45.2,nM,7.34,CHEMBL284,Dipeptidyl peptidase 4,N[C@@H](CC(=O)N1CCn2nnc(-c3ccc(F)cc3)c2C1)Cc1cc(F)c(F)cc1F.O=P(O)(O)O
5244150,CHEMBL1683983,IC50,=,37.54,nM,7.43,CHEMBL284,Dipeptidyl peptidase 4,N[C@@H](CC(=O)N1CCn2nnc(-c3ccccc3)c2C1)Cc1cc(F)c(F)cc1F.O=P(O)(O)O
5244151,CHEMBL1683982,IC50,=,52.34,nM,7.28,CHEMBL284,Dipeptidyl peptidase 4,CN(C)C(=O)c1nnn2c1CN(C(=O)C[C@H](N)Cc1cc(F)c(F)cc1F)CC2.Cl
5244152,CHEMBL1683981,IC50,=,29.92,nM,7.52,CHEMBL284,Dipeptidyl peptidase 4,Cl.NC(=O)c1nnn2c1CN(C(=O)C[C@H](N)Cc1cc(F)c(F)cc1F)CC2
5244153,CHEMBL1683980,IC50,=,15.09,nM,7.82,CHEMBL284,Dipeptidyl peptidase 4,COC(=O)c1nnn2c1CN(C(=O)C[C@H](N)Cc1cc(F)c(F)cc1F)CC2.Cl
5244154,CHEMBL1683979,IC50,=,50.66,nM,7.29,CHEMBL284,Dipeptidyl peptidase 4,N[C@@H](CC(=O)N1CCn2nnc(C(F)(F)F)c2C1)Cc1cc(F)c(F)cc1F.O=C(O)/C=C/C(=O)O
5244155,CHEMBL1683978,IC50,=,22.53,nM,7.65,CHEMBL284,Dipeptidyl peptidase 4,Cl.N[C@@H](CC(=O)N1CCn2nnc(C(F)F)c2C1)Cc1cc(F)c(F)cc1F
5244156,CHEMBL1681811,IC50,=,77.06,nM,7.11,CHEMBL284,Dipeptidyl peptidase 4,Cc1nnn2c1CN(C(=O)C[C@H](N)Cc1cc(F)c(F)cc1F)CC2.Cl
5244157,CHEMBL1683977,IC50,=,89.5,nM,7.05,CHEMBL284,Dipeptidyl peptidase 4,N[C@@H](CC(=O)N1CCn2nncc2C1)Cc1cc(F)c(F)cc1F.O=C(O)/C=C/C(=O)O
5294379,CHEMBL1688409,IC50,<,50000.0,nM,,CHEMBL284,Dipeptidyl peptidase 4,Cc1nc(C(=O)O)cc(-c2ccc(F)cc2)c1CN
5294380,CHEMBL1688410,IC50,<,50000.0,nM,,CHEMBL284,Dipeptidyl peptidase 4,Cc1nc(C(=O)O)cc(-c2ccc(F)cc2F)c1CN
5294381,CHEMBL1688411,IC50,>,50000.0,nM,,CHEMBL284,Dipeptidyl peptidase 4,Cc1nc(C(N)=O)cc(-c2ccc(Cl)cc2Cl)c1C#N
5294382,CHEMBL1688412,IC50,>,50000.0,nM,,CHEMBL284,Dipeptidyl peptidase 4,CNC(=O)c1cc(-c2ccc(Cl)cc2Cl)c(C#N)c(C)n1
5294383,CHEMBL1688413,IC50,<,50000.0,nM,,CHEMBL284,Dipeptidyl peptidase 4,Cc1nc(C(N)=O)cc(-c2ccccc2F)c1CN
5294384,CHEMBL1688414,IC50,<,50000.0,nM,,CHEMBL284,Dipeptidyl peptidase 4,Cc1nc(C(=O)NC2CC2)cc(-c2ccccc2F)c1CN
5294385,CHEMBL1687950,IC50,<,50000.0,nM,,CHEMBL284,Dipeptidyl peptidase 4,Cc1nc(C(=O)N2CCCC2)cc(-c2ccccc2F)c1CN
5294386,CHEMBL1688415,IC50,=,80.0,nM,7.10,CHEMBL284,Dipeptidyl peptidase 4,Cc1nc(C(=O)NC2CC2)cc(-c2ccc(F)cc2)c1CN
5294387,CHEMBL1688416,IC50,=,686.0,nM,6.16,CHEMBL284,Dipeptidyl peptidase 4,Cc1nc(C(=O)N2CCCC2)cc(-c2ccc(F)cc2)c1CN
5294388,CHEMBL1688417,IC50,<,50000.0,nM,,CHEMBL284,Dipeptidyl peptidase 4,Cc1nc(C(=O)N2CCOCC2)cc(-c2ccc(F)cc2)c1CN
5294389,CHEMBL1688418,IC50,=,937.0,nM,6.03,CHEMBL284,Dipeptidyl peptidase 4,CCOC(=O)C1CCN(C(=O)c2cc(-c3ccc(F)cc3)c(CN)c(C)n2)CC1
5294390,CHEMBL1688419,IC50,=,674.0,nM,6.17,CHEMBL284,Dipeptidyl peptidase 4,Cc1nc(C(=O)NC2CC2)cc(-c2ccc(F)cc2F)c1CN
5294391,CHEMBL1688420,IC50,<,50000.0,nM,,CHEMBL284,Dipeptidyl peptidase 4,COC(=O)CNC(=O)c1cc(-c2ccc(F)cc2F)c(CN)c(C)n1
5294392,CHEMBL1688421,IC50,<,50000.0,nM,,CHEMBL284,Dipeptidyl peptidase 4,Cc1nc(C(=O)N2CCCC2)cc(-c2ccc(F)cc2F)c1CN
5294393,CHEMBL1688422,IC50,<,50000.0,nM,,CHEMBL284,Dipeptidyl peptidase 4,Cc1nc(C(=O)N2CCOCC2)cc(-c2ccc(F)cc2F)c1CN
5294394,CHEMBL1688423,IC50,=,674.0,nM,6.17,CHEMBL284,Dipeptidyl peptidase 4,Cc1cc(NC(=O)c2cc(-c3ccc(F)cc3F)c(CN)c(C)n2)no1
5294395,CHEMBL1688424,IC50,<,50000.0,nM,,CHEMBL284,Dipeptidyl peptidase 4,CNC(=O)c1cc(-c2ccc(Cl)cc2)c(CN)c(C)n1
5294396,CHEMBL1688425,IC50,=,16.0,nM,7.80,CHEMBL284,Dipeptidyl peptidase 4,Cc1nc(C(N)=O)cc(-c2ccc(Cl)cc2Cl)c1CN
5294397,CHEMBL1688426,IC50,=,11.0,nM,7.96,CHEMBL284,Dipeptidyl peptidase 4,CNC(=O)c1cc(-c2ccc(Cl)cc2Cl)c(CN)c(C)n1
5294398,CHEMBL1688427,IC50,<,50000.0,nM,,CHEMBL284,Dipeptidyl peptidase 4,Cc1nc(C(=O)NC2CC2)cc(-c2ccc(Cl)cc2Cl)c1CN
5294399,CHEMBL1688428,IC50,=,44.0,nM,7.36,CHEMBL284,Dipeptidyl peptidase 4,Cc1nc(C(=O)N2CCCC2)cc(-c2ccc(Cl)cc2Cl)c1CN
5294400,CHEMBL1688429,IC50,<,50000.0,nM,,CHEMBL284,Dipeptidyl peptidase 4,Cc1nc(C(=O)N2CCOCC2)cc(-c2ccc(Cl)cc2Cl)c1CN
5294401,CHEMBL1688430,IC50,<,50000.0,nM,,CHEMBL284,Dipeptidyl peptidase 4,Cc1nc(C(=O)NCC(N)=O)cc(-c2ccc(Cl)cc2Cl)c1CN
5294402,CHEMBL1688431,IC50,=,10.0,nM,8.00,CHEMBL284,Dipeptidyl peptidase 4,Cc1nc(C(=O)NCC#N)cc(-c2ccc(Cl)cc2Cl)c1CN
5294403,CHEMBL1688432,IC50,>,50000.0,nM,,CHEMBL284,Dipeptidyl peptidase 4,COc1ccc(-c2cc(C(=O)NC3CC3)nc(C)c2CN)cc1
5294404,CHEMBL1688433,IC50,>,50000.0,nM,,CHEMBL284,Dipeptidyl peptidase 4,COc1ccc(-c2cc(C(=O)N3CCCC3)nc(C)c2CN)cc1
5294405,CHEMBL1688434,IC50,>,50000.0,nM,,CHEMBL284,Dipeptidyl peptidase 4,COc1ccc(-c2cc(C(=O)N3CCOCC3)nc(C)c2CN)cc1
5294406,CHEMBL1688435,IC50,>,50000.0,nM,,CHEMBL284,Dipeptidyl peptidase 4,COc1ccc(-c2cc(C(=O)NCc3ccc(Cl)c(Cl)c3)nc(C)c2CN)cc1
5294407,CHEMBL1688436,IC50,>,50000.0,nM,,CHEMBL284,Dipeptidyl peptidase 4,COc1ccc(-c2cc(C(=O)Nc3cc(C)on3)nc(C)c2CN)cc1
5294408,CHEMBL1688437,IC50,>,50000.0,nM,,CHEMBL284,Dipeptidyl peptidase 4,COc1ccc(-c2cc(C(=O)N3CC[C@@H](N)C3)nc(C)c2CN)cc1
5294409,CHEMBL1688438,IC50,>,50000.0,nM,,CHEMBL284,Dipeptidyl peptidase 4,COc1ccc(-c2cc(C(=O)N3CCC(N)CC3)nc(C)c2CN)cc1
5294410,CHEMBL1688514,IC50,>,50000.0,nM,,CHEMBL284,Dipeptidyl peptidase 4,COc1ccc(-c2cc(C(=O)NCCN3CCNCC3)nc(C)c2CN)cc1
5294411,CHEMBL1688515,IC50,>,50000.0,nM,,CHEMBL284,Dipeptidyl peptidase 4,Cc1nc(CN)cc(-c2ccccc2F)c1C(N)=O
5294412,CHEMBL1688516,IC50,>,50000.0,nM,,CHEMBL284,Dipeptidyl peptidase 4,Cc1nc(CN)cc(-c2ccc(Cl)cc2)c1C(N)=O
5294413,CHEMBL1688517,IC50,>,50000.0,nM,,CHEMBL284,Dipeptidyl peptidase 4,Cc1nc(CN)cc(-c2ccc(Cl)cc2Cl)c1C(N)=O
5294414,CHEMBL1688518,IC50,>,50000.0,nM,,CHEMBL284,Dipeptidyl peptidase 4,COc1ccc(-c2cc(CN)nc(C)c2C(N)=O)cc1
5294415,CHEMBL1688519,IC50,>,50000.0,nM,,CHEMBL284,Dipeptidyl peptidase 4,Cc1nc(-c2ccc(F)cc2)cc(C(=O)N2CCCC2)c1CN
5294416,CHEMBL1688520,IC50,>,50000.0,nM,,CHEMBL284,Dipeptidyl peptidase 4,Cc1nc(-c2ccc(Cl)cc2)cc(C(=O)N2CCCC2)c1CN
5294417,CHEMBL1688521,IC50,>,50000.0,nM,,CHEMBL284,Dipeptidyl peptidase 4,Cc1nc(-c2ccc(Cl)cc2)cc(C(=O)N2CCOCC2)c1CN
5294418,CHEMBL1688522,IC50,>,50000.0,nM,,CHEMBL284,Dipeptidyl peptidase 4,CCOC(=O)C1CCN(C(=O)c2cc(-c3ccc(Cl)cc3)nc(C)c2CN)CC1
5294419,CHEMBL1688523,IC50,>,50000.0,nM,,CHEMBL284,Dipeptidyl peptidase 4,Cc1nc(-c2ccc(Cl)cc2Cl)cc(C(=O)NC2CC2)c1CN
5294420,CHEMBL1688524,IC50,>,50000.0,nM,,CHEMBL284,Dipeptidyl peptidase 4,Cc1nc(-c2ccc(Cl)cc2Cl)cc(C(=O)N2CCCC2)c1CN
5294421,CHEMBL1688525,IC50,>,50000.0,nM,,CHEMBL284,Dipeptidyl peptidase 4,Cc1nc(-c2ccc(Cl)cc2Cl)cc(C(=O)N2CCOCC2)c1CN
5294422,CHEMBL1688526,IC50,>,50000.0,nM,,CHEMBL284,Dipeptidyl peptidase 4,COc1ccc(-c2cc(C(=O)NC3CC3)c(CN)c(C)n2)cc1
5294423,CHEMBL1688527,IC50,>,50000.0,nM,,CHEMBL284,Dipeptidyl peptidase 4,COc1ccc(-c2cc(C(=O)N3CCCC3)c(CN)c(C)n2)cc1
5294424,CHEMBL1688528,IC50,>,50000.0,nM,,CHEMBL284,Dipeptidyl peptidase 4,COc1ccc(-c2cc(C(=O)N3CCOCC3)c(CN)c(C)n2)cc1
5294425,CHEMBL214381,IC50,=,3000.0,nM,5.52,CHEMBL284,Dipeptidyl peptidase 4,CC[C@H](C)[C@H](N)C(=O)N1CCC[C@H]1C(=O)N[C@H](C(=O)O)[C@@H](C)CC
5294435,CHEMBL1688426,IC50,=,6.0,nM,8.22,CHEMBL284,Dipeptidyl peptidase 4,CNC(=O)c1cc(-c2ccc(Cl)cc2Cl)c(CN)c(C)n1
6162115,CHEMBL1761683,IC50,=,35600.0,nM,4.45,CHEMBL284,Dipeptidyl peptidase 4,CC(=O)O[C@H]1CC[C@@]2(C)C(=CC[C@@H]3[C@@H]2CC[C@]2(C)C(C(C)=O)=CC[C@@H]32)C1
6162116,CHEMBL1761684,IC50,=,21300.0,nM,4.67,CHEMBL284,Dipeptidyl peptidase 4,CC(=O)[C@H]1C(NCc2ccccc2)C[C@H]2[C@@H]3CC=C4C[C@@H](O)CC[C@]4(C)[C@H]3CC[C@]12C
6162117,CHEMBL1761685,IC50,=,26200.0,nM,4.58,CHEMBL284,Dipeptidyl peptidase 4,COc1ccc(/C=C/C(=O)C2=CC[C@H]3[C@@H]4CC=C5C[C@@H](O)CC[C@]5(C)[C@H]4CC[C@]23C)cc1OC
6162118,CHEMBL1761686,IC50,=,32700.0,nM,4.49,CHEMBL284,Dipeptidyl peptidase 4,CCCN1C(c2ccc(OC)cc2)CC(=O)[C@H]2C1C[C@H]1[C@@H]3CC=C4C[C@@H](O)CC[C@]4(C)[C@H]3CC[C@]21C
6162119,CHEMBL1761687,IC50,=,29100.0,nM,4.54,CHEMBL284,Dipeptidyl peptidase 4,CCCN1C(c2ccc(C(C)C)cc2)CC(=O)[C@H]2C1C[C@H]1[C@@H]3CC=C4C[C@@H](O)CC[C@]4(C)[C@H]3CC[C@]21C
6164131,CHEMBL1765236,IC50,=,0.7,nM,9.15,CHEMBL284,Dipeptidyl peptidase 4,C[C@H](NC(=O)CCC(=O)O)C(=O)N[C@@H](C)C(=O)N1CCC[C@H]1C(=O)N[C@@H](Cc1ccccc1)C(=O)N[C@@H](C)C(=O)N1CCC[C@H]1B(O)O
6164144,CHEMBL63860,IC50,=,1.0,nM,9.00,CHEMBL284,Dipeptidyl peptidase 4,C[C@H](N)C(=O)N1CCC[C@H]1B(O)O
6164145,CHEMBL1765235,IC50,=,7.0,nM,8.15,CHEMBL284,Dipeptidyl peptidase 4,C[C@H](NC(=O)[C@@H]1CCCN1C(=O)[C@@H](N)Cc1ccccc1)C(=O)N1CCC[C@H]1B(O)O
6164146,CHEMBL1765234,IC50,=,19.0,nM,7.72,CHEMBL284,Dipeptidyl peptidase 4,CC(C)[C@H](NC(=O)[C@@H]1CCCN1C(=O)[C@@H](N)C1CCCCC1)C(=O)N1CCC[C@H]1B(O)O
6164147,CHEMBL63860,IC50,=,1600.0,nM,5.80,CHEMBL284,Dipeptidyl peptidase 4,C[C@H](N)C(=O)N1CCC[C@H]1B(O)O
6164148,CHEMBL67279,IC50,=,470.0,nM,6.33,CHEMBL284,Dipeptidyl peptidase 4,CC(C)[C@H](N)C(=O)N1CCC[C@H]1B(O)O
6164149,CHEMBL1765235,IC50,=,8.3,nM,8.08,CHEMBL284,Dipeptidyl peptidase 4,C[C@H](NC(=O)[C@@H]1CCCN1C(=O)[C@@H](N)Cc1ccccc1)C(=O)N1CCC[C@H]1B(O)O
6164150,CHEMBL1765234,IC50,=,20.0,nM,7.70,CHEMBL284,Dipeptidyl peptidase 4,CC(C)[C@H](NC(=O)[C@@H]1CCCN1C(=O)[C@@H](N)C1CCCCC1)C(=O)N1CCC[C@H]1B(O)O
6164151,CHEMBL67279,IC50,=,1.5,nM,8.82,CHEMBL284,Dipeptidyl peptidase 4,CC(C)[C@H](N)C(=O)N1CCC[C@H]1B(O)O
6181075,CHEMBL1771583,IC50,=,3100.0,nM,5.51,CHEMBL284,Dipeptidyl peptidase 4,O=C1c2c(Cl)c(Cl)c(Cl)c(Cl)c2C(=O)N1c1cccc(CCc2cccc(C(F)(F)F)c2)c1
6181076,CHEMBL1771584,IC50,=,4000.0,nM,5.40,CHEMBL284,Dipeptidyl peptidase 4,O=C1c2c(Cl)c(Cl)c(Cl)c(Cl)c2C(=O)N1c1cccc(CCc2ccccc2C(F)(F)F)c1
6203094,CHEMBL1779688,IC50,=,92.6,nM,7.03,CHEMBL284,Dipeptidyl peptidase 4,CN1CCN(C(=O)C[C@H](N)Cc2cc(F)c(F)cc2F)CC1=O
6203095,CHEMBL1779689,IC50,=,311.0,nM,6.51,CHEMBL284,Dipeptidyl peptidase 4,N[C@@H](CC(=O)N1CCN(c2ccccn2)C(=O)C1)Cc1cc(F)c(F)cc1F
6203096,CHEMBL1779690,IC50,=,44.8,nM,7.35,CHEMBL284,Dipeptidyl peptidase 4,N[C@@H](CC(=O)N1CCN(Cc2ccc(-c3ccccc3)cc2)C(=O)C1)Cc1cc(F)c(F)cc1F
6203097,CHEMBL1779691,IC50,=,42.7,nM,7.37,CHEMBL284,Dipeptidyl peptidase 4,N[C@@H](CC(=O)N1CCN(Cn2nnc3ccccc32)C(=O)C1)Cc1cc(F)c(F)cc1F
6203098,CHEMBL1779692,IC50,=,116.0,nM,6.94,CHEMBL284,Dipeptidyl peptidase 4,N[C@@H](CC(=O)N1CCN(CCN2CCOCC2)C(=O)C1)Cc1cc(F)c(F)cc1F
6203099,CHEMBL1779693,IC50,=,54.1,nM,7.27,CHEMBL284,Dipeptidyl peptidase 4,N[C@@H](CC(=O)N1CCN(Cc2ccccc2)C(=O)C1)Cc1cc(F)c(F)cc1F
6203100,CHEMBL1779694,IC50,=,38.5,nM,7.42,CHEMBL284,Dipeptidyl peptidase 4,N[C@@H](CC(=O)N1CCN(Cc2ccc([N+](=O)[O-])cc2)C(=O)C1)Cc1cc(F)c(F)cc1F
6203101,CHEMBL1779695,IC50,=,13.7,nM,7.86,CHEMBL284,Dipeptidyl peptidase 4,N[C@@H](CC(=O)N1CCN(Cc2ccccc2[N+](=O)[O-])C(=O)C1)Cc1cc(F)c(F)cc1F
6203102,CHEMBL1779696,IC50,=,48.9,nM,7.31,CHEMBL284,Dipeptidyl peptidase 4,N#Cc1ccccc1CN1CCN(C(=O)C[C@H](N)Cc2cc(F)c(F)cc2F)CC1=O
6203103,CHEMBL1779697,IC50,=,50.7,nM,7.29,CHEMBL284,Dipeptidyl peptidase 4,N[C@@H](CC(=O)N1CCN(Cc2ccccc2C(F)(F)F)C(=O)C1)Cc1cc(F)c(F)cc1F
6203104,CHEMBL1779698,IC50,=,38.9,nM,7.41,CHEMBL284,Dipeptidyl peptidase 4,CCc1ccc(CN2CCN(C(=O)C[C@H](N)Cc3cc(F)c(F)cc3F)CC2=O)cc1
6203105,CHEMBL1779699,IC50,=,33.9,nM,7.47,CHEMBL284,Dipeptidyl peptidase 4,COc1ccc(CN2CCN(C(=O)C[C@H](N)Cc3cc(F)c(F)cc3F)CC2=O)cc1
6203106,CHEMBL1779700,IC50,=,33.8,nM,7.47,CHEMBL284,Dipeptidyl peptidase 4,N[C@@H](CC(=O)N1CCN(Cc2ccc(F)cc2)C(=O)C1)Cc1cc(F)c(F)cc1F
6203107,CHEMBL1779701,IC50,=,30.8,nM,7.51,CHEMBL284,Dipeptidyl peptidase 4,N[C@@H](CC(=O)N1CCN(Cc2ccc(I)cc2)C(=O)C1)Cc1cc(F)c(F)cc1F
6203108,CHEMBL1779702,IC50,=,26.7,nM,7.57,CHEMBL284,Dipeptidyl peptidase 4,N[C@@H](CC(=O)N1CCN(Cc2cccc(Cl)c2)C(=O)C1)Cc1cc(F)c(F)cc1F
6203109,CHEMBL1779703,IC50,=,29.0,nM,7.54,CHEMBL284,Dipeptidyl peptidase 4,N[C@@H](CC(=O)N1CCN(Cc2ccccc2Cl)C(=O)C1)Cc1cc(F)c(F)cc1F
6203110,CHEMBL1779704,IC50,=,7.4,nM,8.13,CHEMBL284,Dipeptidyl peptidase 4,COc1cc(CN2CCN(C(=O)C[C@H](N)Cc3cc(F)c(F)cc3F)CC2=O)c([N+](=O)[O-])cc1OC
6203111,CHEMBL1779705,IC50,=,12.0,nM,7.92,CHEMBL284,Dipeptidyl peptidase 4,N[C@@H](CC(=O)N1CCNC(=O)[C@H]1CO)Cc1cc(F)c(F)cc1F
6203112,CHEMBL1779706,IC50,=,7.4,nM,8.13,CHEMBL284,Dipeptidyl peptidase 4,COC[C@@H]1C(=O)NCCN1C(=O)C[C@H](N)Cc1cc(F)c(F)cc1F
6203113,CHEMBL1779707,IC50,=,4.3,nM,8.37,CHEMBL284,Dipeptidyl peptidase 4,CCOC[C@@H]1C(=O)NCCN1C(=O)C[C@H](N)Cc1cc(F)c(F)cc1F
6203114,CHEMBL1779708,IC50,=,1.7,nM,8.77,CHEMBL284,Dipeptidyl peptidase 4,N[C@@H](CC(=O)N1CCNC(=O)[C@H]1COC1CCCC1)Cc1cc(F)c(F)cc1F
6203115,CHEMBL1779709,IC50,=,2.2,nM,8.66,CHEMBL284,Dipeptidyl peptidase 4,CC(C)OC[C@@H]1C(=O)NCCN1C(=O)C[C@H](N)Cc1cc(F)c(F)cc1F
6203116,CHEMBL1779710,IC50,=,0.9,nM,9.05,CHEMBL284,Dipeptidyl peptidase 4,CC(C)(C)OC[C@@H]1C(=O)NCCN1C(=O)C[C@H](N)Cc1cc(F)c(F)cc1F
6203117,CHEMBL1779711,IC50,=,17.0,nM,7.77,CHEMBL284,Dipeptidyl peptidase 4,CCN(C)C[C@@H]1C(=O)NCCN1C(=O)C[C@H](N)Cc1cc(F)c(F)cc1F
6203118,CHEMBL1779712,IC50,=,11.0,nM,7.96,CHEMBL284,Dipeptidyl peptidase 4,CCN(CC)C[C@@H]1C(=O)NCCN1C(=O)C[C@H](N)Cc1cc(F)c(F)cc1F
6203119,CHEMBL1779713,IC50,=,5.2,nM,8.28,CHEMBL284,Dipeptidyl peptidase 4,N[C@@H](CC(=O)N1CCNC(=O)[C@H]1CN1CCOCC1)Cc1cc(F)c(F)cc1F
6203120,CHEMBL1779714,IC50,=,1.3,nM,8.89,CHEMBL284,Dipeptidyl peptidase 4,CC(C)(C)SC[C@@H]1C(=O)NCCN1C(=O)C[C@H](N)Cc1cc(F)c(F)cc1F
6301104,CHEMBL1809262,IC50,=,34.0,nM,7.47,CHEMBL284,Dipeptidyl peptidase 4,CC(C)Cc1nc2ccc(OCC(N)=O)cc2c(-c2ccccc2)c1CN
6301105,CHEMBL1809263,IC50,=,49.0,nM,7.31,CHEMBL284,Dipeptidyl peptidase 4,CC(C)Cc1nc2ccc(OCC(N)=O)cc2c(-c2cccc(F)c2)c1CN
6301106,CHEMBL1809264,IC50,=,57.0,nM,7.24,CHEMBL284,Dipeptidyl peptidase 4,Cc1cccc(-c2c(CN)c(CC(C)C)nc3ccc(OCC(N)=O)cc23)c1
6301107,CHEMBL1808463,IC50,=,26.0,nM,7.58,CHEMBL284,Dipeptidyl peptidase 4,CC(C)Cc1nc2ccc(OCC(N)=O)cc2c(-c2ccc(F)cc2)c1CN
6301108,CHEMBL1808464,IC50,=,4.2,nM,8.38,CHEMBL284,Dipeptidyl peptidase 4,Cc1ccc(-c2c(CN)c(CC(C)C)nc3ccc(OCC(N)=O)cc23)cc1
6301109,CHEMBL3216514,IC50,=,84.0,nM,7.08,CHEMBL284,Dipeptidyl peptidase 4,COC(=O)COc1ccc2nc(CC(C)C)c(CN)c(-c3ccc(C)cc3)c2c1.Cl.Cl
6301110,CHEMBL3215633,IC50,=,52.0,nM,7.28,CHEMBL284,Dipeptidyl peptidase 4,CNC(=O)COc1ccc2nc(CC(C)C)c(CN)c(-c3ccc(C)cc3)c2c1.Cl.Cl
6301111,CHEMBL3216748,IC50,=,7.5,nM,8.12,CHEMBL284,Dipeptidyl peptidase 4,Cc1ccc(-c2c(CN)c(CC(C)C)nc3ccc(CCC(N)=O)cc23)cc1.Cl.Cl
6301112,CHEMBL1808468,IC50,=,1.8,nM,8.74,CHEMBL284,Dipeptidyl peptidase 4,Cc1ccc(-c2c(CN)c(CC(C)C)nc3ccc(/C=C/C(N)=O)cc23)cc1
6301113,CHEMBL3216749,IC50,=,55.0,nM,7.26,CHEMBL284,Dipeptidyl peptidase 4,Cc1ccc(-c2c(CN)c(CC(C)C)nc3ccc(C(N)=O)cc23)cc1.Cl.Cl
6301114,CHEMBL3215858,IC50,=,100.0,nM,7.00,CHEMBL284,Dipeptidyl peptidase 4,Cc1ccc(-c2c(CN)c(CC(C)C)nc3ccc(C(=O)O)cc23)cc1.Cl.Cl
6301115,CHEMBL3215634,IC50,=,9.2,nM,8.04,CHEMBL284,Dipeptidyl peptidase 4,Cc1ccc(-c2c(CN)c(CC(C)C)nc3ccc(-c4nn[nH]n4)cc23)cc1.Cl.Cl
6301116,CHEMBL3215859,IC50,=,11.0,nM,7.96,CHEMBL284,Dipeptidyl peptidase 4,Cc1ccc(-c2c(CN)c(CC(C)C)nc3ccc(-c4noc(=O)[nH]4)cc23)cc1.Cl.Cl
6301117,CHEMBL1808473,IC50,=,2.2,nM,8.66,CHEMBL284,Dipeptidyl peptidase 4,Cc1ccc(-c2c(CN)c(CC(C)C)nc3ccc(N4CCNC(=O)C4)cc23)cc1
6301118,CHEMBL1808474,IC50,=,2.7,nM,8.57,CHEMBL284,Dipeptidyl peptidase 4,Cc1ccc(-c2c(CN)c(CC(C)C)nc3ccc(N4CCNC(=O)C4=O)cc23)cc1
6301119,CHEMBL3142227,IC50,=,1.3,nM,8.89,CHEMBL284,Dipeptidyl peptidase 4,Cc1ccc(-c2c(CN)c(CC(C)C)nc3ccc(N4CC(=O)NCC4=O)cc23)cc1.Cl.Cl
6301140,CHEMBL1808475,IC50,=,47.0,nM,7.33,CHEMBL284,Dipeptidyl peptidase 4,CC(C)Cn1c(CN)c(-c2ccccc2)c2cc(OCC(N)=O)ccc2c1=O.Cl
6310536,CHEMBL1814760,IC50,=,17700.0,nM,4.75,CHEMBL284,Dipeptidyl peptidase 4,Cl.O=C([C@@H]1C[C@H](NCc2ccnc3ccccc23)CN1)N1Cc2ccccc2C1
6310537,CHEMBL1814633,IC50,>,50000.0,nM,,CHEMBL284,Dipeptidyl peptidase 4,N[C@@H](CC(=O)N1CCN(C(c2ccc(F)cc2)c2ccc(F)cc2)CC1)C(=O)N1Cc2ccccc2C1
6310538,CHEMBL1814634,IC50,>,100000.0,nM,,CHEMBL284,Dipeptidyl peptidase 4,N[C@@H](CCC(=O)N1CCN(C(c2ccc(F)cc2)c2ccc(F)cc2)CC1)C(=O)N1Cc2ccccc2C1.O=C(O)C(F)(F)F
6310539,CHEMBL1814737,IC50,>,100000.0,nM,,CHEMBL284,Dipeptidyl peptidase 4,N[C@@H](CCC(=O)N1CCN(Cc2ccc(F)cc2)CC1)C(=O)N1Cc2ccccc2C1.O=C(O)C(F)(F)F
6310540,CHEMBL1814738,IC50,>,100000.0,nM,,CHEMBL284,Dipeptidyl peptidase 4,O=C(CCC(=O)N1Cc2ccccc2C1)N1CCN(C(c2ccc(F)cc2)c2ccc(F)cc2)CC1.O=C(O)C(F)(F)F
6310541,CHEMBL1814739,IC50,>,50000.0,nM,,CHEMBL284,Dipeptidyl peptidase 4,N[C@@H](CC(=O)N1CCN(C(c2ccc(F)cc2)c2ccc(F)cc2)CC1)C(=O)N1Cc2ccc(F)cc2C1.O=C(O)C(F)(F)F
6310542,CHEMBL1814740,IC50,>,100000.0,nM,,CHEMBL284,Dipeptidyl peptidase 4,N[C@@H](CC(=O)N1CCN(C(c2ccccc2)c2ccc(Cl)cc2)CC1)C(=O)N1Cc2ccc(F)cc2C1.O=C(O)C(F)(F)F
6310543,CHEMBL1814741,IC50,>,50000.0,nM,,CHEMBL284,Dipeptidyl peptidase 4,N[C@@H](CC(=O)N1CCN(C(c2ccccc2)c2ccc(Cl)cc2)CC1)C(=O)N1Cc2ccccc2C1.O=C(O)C(F)(F)F
6310544,CHEMBL3216066,IC50,>,100000.0,nM,,CHEMBL284,Dipeptidyl peptidase 4,Cl.Cl.N[C@@H](CC(=O)N1CCN(Cc2ccc3ccccc3c2)CC1)C(=O)N1Cc2ccccc2C1
6310545,CHEMBL1814743,IC50,>,100000.0,nM,,CHEMBL284,Dipeptidyl peptidase 4,N#Cc1ccccc1-c1ccc(CN2CCN(C(=O)C[C@H](N)C(=O)N3Cc4ccccc4C3)CC2)cc1
6310546,CHEMBL1814744,IC50,>,100000.0,nM,,CHEMBL284,Dipeptidyl peptidase 4,N[C@@H](CC(=O)N1CCN(Cc2c(F)cccc2Cl)CC1)C(=O)N1Cc2ccccc2C1.O=C(O)C(F)(F)F
6311179,CHEMBL1814745,IC50,>,100000.0,nM,,CHEMBL284,Dipeptidyl peptidase 4,N[C@@H](CC(=O)N1CCCN(C(c2ccc(F)cc2)c2ccc(F)cc2)CC1)C(=O)N1Cc2ccccc2C1.O=C(O)C(F)(F)F
6311180,CHEMBL3215830,IC50,>,100000.0,nM,,CHEMBL284,Dipeptidyl peptidase 4,Cl.Cl.N[C@@H](CC(=O)N1C[C@H]2C[C@@H]1CN2C(c1ccc(F)cc1)c1ccc(F)cc1)C(=O)N1Cc2ccccc2C1
6311181,CHEMBL1814747,IC50,>,100000.0,nM,,CHEMBL284,Dipeptidyl peptidase 4,N[C@@H](CC(=O)N1CCN(Cc2ccc(F)cc2)CC1)C(=O)N1Cc2ccccc2C1.O=C(O)C(F)(F)F
6311182,CHEMBL1814748,IC50,>,100000.0,nM,,CHEMBL284,Dipeptidyl peptidase 4,C[C@H]1CN(C(=O)C[C@H](N)C(=O)N2Cc3ccccc3C2)CCN1C(c1ccc(F)cc1)c1ccc(F)cc1.O=C(O)C(F)(F)F
6311183,CHEMBL1814749,IC50,>,50000.0,nM,,CHEMBL284,Dipeptidyl peptidase 4,C[C@@H]1CN(C(=O)C[C@H](N)C(=O)N2Cc3ccccc3C2)CCN1C(c1ccc(F)cc1)c1ccc(F)cc1.O=C(O)C(F)(F)F
6311184,CHEMBL3216276,IC50,>,100000.0,nM,,CHEMBL284,Dipeptidyl peptidase 4,Cl.Cl.N[C@@H](CC(=O)N1CCN(C(c2ccc(F)cc2)c2ccc(F)cc2)C(=O)C1)C(=O)N1Cc2ccccc2C1
6311185,CHEMBL1814751,IC50,>,100000.0,nM,,CHEMBL284,Dipeptidyl peptidase 4,N[C@@H](CC(=O)N1CCN(C(=O)C2c3ccccc3-c3ccccc32)CC1)C(=O)N1Cc2ccccc2C1.O=C(O)C(F)(F)F
6311186,CHEMBL1814752,IC50,>,100000.0,nM,,CHEMBL284,Dipeptidyl peptidase 4,N[C@@H](CC(=O)N1CCN(C(=O)C(c2ccc(Cl)cc2)c2ccc(Cl)cc2)CC1)C(=O)N1Cc2ccccc2C1.O=C(O)C(F)(F)F
6311187,CHEMBL1814753,IC50,>,100000.0,nM,,CHEMBL284,Dipeptidyl peptidase 4,Cl.N[C@@H](CC(=O)N1CCN(C(=O)c2cccc(-c3ccccc3)c2)CC1)C(=O)N1Cc2ccccc2C1
6311188,CHEMBL1811949,IC50,>,100000.0,nM,,CHEMBL284,Dipeptidyl peptidase 4,CC(C)c1cc(C(C)C)c(S(=O)(=O)N2CCN(C(=O)C[C@H](N)C(=O)N3Cc4ccccc4C3)CC2)c(C(C)C)c1.Cl
6311189,CHEMBL1814754,IC50,>,100000.0,nM,,CHEMBL284,Dipeptidyl peptidase 4,Cl.N[C@@H](CC(=O)N1CCC[C@H]1C(=O)N1CCN(C(c2ccc(F)cc2)c2ccc(F)cc2)CC1)C(=O)N1Cc2ccccc2C1
6311190,CHEMBL1814755,IC50,>,100000.0,nM,,CHEMBL284,Dipeptidyl peptidase 4,Cl.N[C@@H](CC(=O)N1CCC[C@H]1C(=O)NC(c1ccc(F)cc1)c1ccc(F)cc1)C(=O)N1Cc2ccccc2C1
6311191,CHEMBL1814756,IC50,>,100000.0,nM,,CHEMBL284,Dipeptidyl peptidase 4,Cl.N[C@@H](CC(=O)N1CCC(N2CCCCC2)CC1)C(=O)N1Cc2ccccc2C1
6311192,CHEMBL1814757,IC50,>,100000.0,nM,,CHEMBL284,Dipeptidyl peptidase 4,N[C@@H](CC(=O)NC(c1ccccc1)c1ccccc1)C(=O)N1Cc2ccccc2C1.O=C(O)C(F)(F)F
6311193,CHEMBL1814758,IC50,>,100000.0,nM,,CHEMBL284,Dipeptidyl peptidase 4,N[C@@H](CC(=O)NC(c1ccc(F)cc1)c1ccc(F)cc1)C(=O)N1Cc2ccccc2C1.O=C(O)C(F)(F)F
6311194,CHEMBL1814632,IC50,>,100000.0,nM,,CHEMBL284,Dipeptidyl peptidase 4,Cl.N[C@@H](CC(=O)NC12CC3CC(CC(O)(C3)C1)C2)C(=O)N1Cc2ccccc2C1
6311195,CHEMBL1814759,IC50,>,100000.0,nM,,CHEMBL284,Dipeptidyl peptidase 4,Cl.N[C@@H](CC(=O)NC1CCN(C(c2ccc(F)cc2)c2ccc(F)cc2)C1)C(=O)N1Cc2ccccc2C1
6311196,CHEMBL3216065,IC50,>,100000.0,nM,,CHEMBL284,Dipeptidyl peptidase 4,COc1ccc2ccccc2c1CN[C@@H]1CN[C@H](C(=O)N2Cc3ccccc3C2)C1.Cl.Cl
6311242,CHEMBL1422,IC50,=,40.0,nM,7.40,CHEMBL284,Dipeptidyl peptidase 4,N[C@@H](CC(=O)N1CCn2c(nnc2C(F)(F)F)C1)Cc1cc(F)c(F)cc1F
6311243,CHEMBL142703,IC50,=,120.0,nM,6.92,CHEMBL284,Dipeptidyl peptidase 4,N#C[C@@H]1CCCN1C(=O)CNC12CC3CC(CC(O)(C3)C1)C2
6311244,CHEMBL385517,IC50,=,0.6,nM,9.22,CHEMBL284,Dipeptidyl peptidase 4,N#C[C@@H]1C[C@@H]2C[C@@H]2N1C(=O)[C@@H](N)C12CC3CC(CC(O)(C3)C1)C2
6311245,CHEMBL98869,IC50,=,165000.0,nM,,CHEMBL284,Dipeptidyl peptidase 4,N[C@@H](CCNCc1ccc(Cl)cc1)C(=O)N1CCCCC1
6311246,CHEMBL1814633,IC50,>,100000.0,nM,,CHEMBL284,Dipeptidyl peptidase 4,N[C@@H](CC(=O)N1CCN(C(c2ccc(F)cc2)c2ccc(F)cc2)CC1)C(=O)N1Cc2ccccc2C1
6321332,CHEMBL1812727,IC50,>,100000.0,nM,,CHEMBL284,Dipeptidyl peptidase 4,Cn1c(CO)c(-c2ccccc2)c2cc(Cl)ccc2c1=O
6321333,CHEMBL1812728,IC50,=,16000.0,nM,4.80,CHEMBL284,Dipeptidyl peptidase 4,Cn1c(CN)c(-c2ccccc2)c2cc(Cl)ccc2c1=O
6321334,CHEMBL1812729,IC50,=,87000.0,nM,4.06,CHEMBL284,Dipeptidyl peptidase 4,Cl.Cn1c(CCN)c(-c2ccccc2)c2cc(Cl)ccc2c1=O
6321335,CHEMBL1812730,IC50,>,100000.0,nM,,CHEMBL284,Dipeptidyl peptidase 4,Cn1c(N)c(-c2ccccc2)c2cc(Cl)ccc2c1=O
6321336,CHEMBL1812731,IC50,>,100000.0,nM,,CHEMBL284,Dipeptidyl peptidase 4,CNCc1c(-c2ccccc2)c2cc(Cl)ccc2c(=O)n1CC(C)C
6321337,CHEMBL1812732,IC50,>,100000.0,nM,,CHEMBL284,Dipeptidyl peptidase 4,CC(C)Cn1c(CN(C)C)c(-c2ccccc2)c2cc(Cl)ccc2c1=O
6321338,CHEMBL1812733,IC50,=,8300.0,nM,5.08,CHEMBL284,Dipeptidyl peptidase 4,CCn1c(CN)c(-c2ccccc2)c2cc(Cl)ccc2c1=O
6321339,CHEMBL1812734,IC50,=,2400.0,nM,5.62,CHEMBL284,Dipeptidyl peptidase 4,CCCn1c(CN)c(-c2ccccc2)c2cc(Cl)ccc2c1=O
6321340,CHEMBL1812735,IC50,=,2400.0,nM,5.62,CHEMBL284,Dipeptidyl peptidase 4,CCCCn1c(CN)c(-c2ccccc2)c2cc(Cl)ccc2c1=O
6321341,CHEMBL1812736,IC50,=,1600.0,nM,5.80,CHEMBL284,Dipeptidyl peptidase 4,CC(C)Cn1c(CN)c(-c2ccccc2)c2cc(Cl)ccc2c1=O
6321342,CHEMBL1812737,IC50,=,3800.0,nM,5.42,CHEMBL284,Dipeptidyl peptidase 4,CCCCCn1c(CN)c(-c2ccccc2)c2cc(Cl)ccc2c1=O
6321343,CHEMBL1812738,IC50,=,1900.0,nM,5.72,CHEMBL284,Dipeptidyl peptidase 4,CC(C)(C)Cn1c(CN)c(-c2ccccc2)c2cc(Cl)ccc2c1=O
6321344,CHEMBL1812900,IC50,=,980.0,nM,6.01,CHEMBL284,Dipeptidyl peptidase 4,CC(C)Cn1c(CN)c(-c2ccccc2)c2cc(C(=O)O)ccc2c1=O.Cl
6321345,CHEMBL1812901,IC50,=,360.0,nM,6.44,CHEMBL284,Dipeptidyl peptidase 4,CC(C)Cn1c(CN)c(-c2ccccc2)c2cc(C(N)=O)ccc2c1=O.Cl
6321346,CHEMBL1812902,IC50,=,1100.0,nM,5.96,CHEMBL284,Dipeptidyl peptidase 4,CC(C)Cn1c(CN)c(-c2ccccc2)c2cc(C#N)ccc2c1=O.Cl
6321347,CHEMBL1812903,IC50,=,2400.0,nM,5.62,CHEMBL284,Dipeptidyl peptidase 4,CC(C)Cn1c(CN)c(-c2ccccc2)c2ccc(C(N)=O)cc2c1=O.Cl
6321348,CHEMBL1812904,IC50,=,1900.0,nM,5.72,CHEMBL284,Dipeptidyl peptidase 4,CNC(=O)c1ccc2c(=O)n(CC(C)C)c(CN)c(-c3ccccc3)c2c1.Cl
6321349,CHEMBL1812905,IC50,=,4000.0,nM,5.40,CHEMBL284,Dipeptidyl peptidase 4,CC(C)Cn1c(CN)c(-c2ccccc2)c2cc(C(=O)N(C)C)ccc2c1=O.Cl
6321350,CHEMBL1812906,IC50,=,790.0,nM,6.10,CHEMBL284,Dipeptidyl peptidase 4,CC(C)Cn1c(CN)c(-c2ccccc2)c2cc(O)ccc2c1=O.Cl
6321351,CHEMBL1812907,IC50,=,870.0,nM,6.06,CHEMBL284,Dipeptidyl peptidase 4,COc1ccc2c(=O)n(CC(C)C)c(CN)c(-c3ccccc3)c2c1
6321352,CHEMBL1808475,IC50,=,240.0,nM,6.62,CHEMBL284,Dipeptidyl peptidase 4,CC(C)Cn1c(CN)c(-c2ccccc2)c2cc(OCC(N)=O)ccc2c1=O.Cl
6321353,CHEMBL1812909,IC50,=,1100.0,nM,5.96,CHEMBL284,Dipeptidyl peptidase 4,CC(C)Cn1c(CN)c(-c2ccccc2)c2ccc(OCC(N)=O)cc2c1=O.Cl
6321354,CHEMBL1812910,IC50,=,280.0,nM,6.55,CHEMBL284,Dipeptidyl peptidase 4,CC(C)Cn1c(CN)c(-c2ccccc2)c2cc(/C=C/C(N)=O)ccc2c1=O.Cl
6321355,CHEMBL1812911,IC50,=,1500.0,nM,5.82,CHEMBL284,Dipeptidyl peptidase 4,CC(C)Cn1c(CN)c(-c2ccccc2)c2cc(CCC(N)=O)ccc2c1=O.Cl
6335420,CHEMBL1422,IC50,=,3.5,nM,8.46,CHEMBL284,Dipeptidyl peptidase 4,N[C@@H](CC(=O)N1CCn2c(nnc2C(F)(F)F)C1)Cc1cc(F)c(F)cc1F
6335421,CHEMBL142703,IC50,=,0.58,nM,9.24,CHEMBL284,Dipeptidyl peptidase 4,N#C[C@@H]1CCCN1C(=O)CNC12CC3CC(CC(O)(C3)C1)C2
6335422,CHEMBL376359,IC50,=,1.0,nM,9.00,CHEMBL284,Dipeptidyl peptidase 4,Cn1c(=O)cc(N2CCC[C@@H](N)C2)n(Cc2ccccc2C#N)c1=O
6335423,CHEMBL1819089,IC50,=,0.34,nM,9.47,CHEMBL284,Dipeptidyl peptidase 4,Cl.Cn1c(=O)c2c(cc(N3CCC[C@@H](N)C3)n2Cc2cc(F)ccc2C#N)n(C)c1=O
6335424,CHEMBL1819092,IC50,>,1000.0,nM,,CHEMBL284,Dipeptidyl peptidase 4,CC[C@]1(N)CCCN(c2cc3c(c(=O)n(C)c(=O)n3C)n2Cc2cc(F)ccc2C#N)C1
6335425,CHEMBL1819091,IC50,=,26.0,nM,7.58,CHEMBL284,Dipeptidyl peptidase 4,CC[C@@]1(N)CCCN(c2cc3c(c(=O)n(C)c(=O)n3C)n2Cc2cc(F)ccc2C#N)C1
6335426,CHEMBL1819090,IC50,=,1.1,nM,8.96,CHEMBL284,Dipeptidyl peptidase 4,Cn1c(=O)c2c(cc(N3CCC[C@@](C)(N)C3)n2Cc2cc(F)ccc2C#N)n(C)c1=O
7852220,CHEMBL34603,IC50,=,1400.0,nM,5.85,CHEMBL284,Dipeptidyl peptidase 4,NCc1c(N)nc(-c2ccccc2)nc1-c1ccc(Cl)cc1
7852221,CHEMBL289562,IC50,=,42000.0,nM,4.38,CHEMBL284,Dipeptidyl peptidase 4,NCc1c(N)nc(-c2ccccc2)nc1-c1ccccc1
7852222,CHEMBL36020,IC50,=,10.0,nM,8.00,CHEMBL284,Dipeptidyl peptidase 4,NCc1c(N)nc(-c2ccccc2)nc1-c1ccc(Cl)cc1Cl
7852223,CHEMBL34062,IC50,=,0.1,nM,10.00,CHEMBL284,Dipeptidyl peptidase 4,COc1cc(OC)cc(-c2nc(N)c(CN)c(-c3ccc(Cl)cc3Cl)n2)c1
7852224,CHEMBL1909975,IC50,=,3.0,nM,8.52,CHEMBL284,Dipeptidyl peptidase 4,NCc1c(N)nc(-c2cc(F)cc(F)c2)nc1-c1ccc(Cl)cc1Cl
7852318,CHEMBL1909991,Ki,=,3.0,nM,8.52,CHEMBL284,Dipeptidyl peptidase 4,COc1ccccc1N1Cc2c(nc(C)c(CN)c2-c2ccc(Cl)cc2Cl)C1=O
7853052,CHEMBL1910126,Ki,=,0.26,nM,9.59,CHEMBL284,Dipeptidyl peptidase 4,Cc1nc2c(c(-c3ccc(Cl)cc3Cl)c1CN)CN(CC(=O)NCc1cccnc1)C2=O
7853053,CHEMBL1910125,Ki,=,0.4,nM,9.40,CHEMBL284,Dipeptidyl peptidase 4,Cc1nc2c(c(-c3ccc(Cl)cc3Cl)c1CN)CN(CC(=O)Nc1ccnn1C)C2=O
7853054,CHEMBL1910124,Ki,=,0.31,nM,9.51,CHEMBL284,Dipeptidyl peptidase 4,Cc1nc2c(c(-c3ccc(Cl)cc3Cl)c1CN)CN(CC(=O)N1CCOCC1)C2=O
7853055,CHEMBL1910123,Ki,=,0.3,nM,9.52,CHEMBL284,Dipeptidyl peptidase 4,Cc1nc2c(c(-c3ccc(Cl)cc3Cl)c1CN)CN(CC(=O)N1CCCC1)C2=O
7853056,CHEMBL1910122,Ki,=,0.67,nM,9.17,CHEMBL284,Dipeptidyl peptidase 4,Cc1nc2c(c(-c3ccc(Cl)cc3Cl)c1CN)CN(CC(=O)N1CCN(C)CC1)C2=O
7853057,CHEMBL1910121,Ki,=,0.46,nM,9.34,CHEMBL284,Dipeptidyl peptidase 4,Cc1nc2c(c(-c3ccc(Cl)cc3Cl)c1CN)CN(CC(=O)N1CCN(S(C)(=O)=O)CC1)C2=O
7853058,CHEMBL1910120,Ki,=,0.55,nM,9.26,CHEMBL284,Dipeptidyl peptidase 4,CC(=O)N1CCN(C(=O)CN2Cc3c(nc(C)c(CN)c3-c3ccc(Cl)cc3Cl)C2=O)CC1
7853059,CHEMBL1910119,Ki,=,0.29,nM,9.54,CHEMBL284,Dipeptidyl peptidase 4,Cc1nc2c(c(-c3ccc(Cl)cc3Cl)c1CN)CN(CC(=O)N1CCC(C(N)=O)CC1)C2=O
7853060,CHEMBL1910118,Ki,=,0.43,nM,9.37,CHEMBL284,Dipeptidyl peptidase 4,CCN(CC)C(=O)CN1Cc2c(nc(C)c(CN)c2-c2ccc(Cl)cc2Cl)C1=O
7853061,CHEMBL1910117,Ki,=,0.27,nM,9.57,CHEMBL284,Dipeptidyl peptidase 4,Cc1nc2c(c(-c3ccc(Cl)cc3Cl)c1CN)CN(CC(=O)N(C)C)C2=O
7853062,CHEMBL1910116,Ki,=,0.37,nM,9.43,CHEMBL284,Dipeptidyl peptidase 4,CNC(=O)CN1Cc2c(nc(C)c(CN)c2-c2ccc(Cl)cc2Cl)C1=O
7853063,CHEMBL1910115,Ki,=,1.5,nM,8.82,CHEMBL284,Dipeptidyl peptidase 4,Cc1nc2c(c(-c3ccc(Cl)cc3Cl)c1CN)CN(CC(N)=O)C2=O
7853064,CHEMBL1910114,Ki,=,4.0,nM,8.40,CHEMBL284,Dipeptidyl peptidase 4,COCCN1Cc2c(nc(C)c(CN)c2-c2ccc(Cl)cc2Cl)C1=O
7853065,CHEMBL1910113,Ki,=,9.0,nM,8.05,CHEMBL284,Dipeptidyl peptidase 4,Cc1nc2c(c(-c3ccc(Cl)cc3Cl)c1CN)CN(CCO)C2=O
7853066,CHEMBL1910112,Ki,=,4.0,nM,8.40,CHEMBL284,Dipeptidyl peptidase 4,Cc1nc2c(c(-c3ccc(Cl)cc3Cl)c1CN)CN(CC(=O)O)C2=O
7853067,CHEMBL1910111,Ki,=,76.0,nM,7.12,CHEMBL284,Dipeptidyl peptidase 4,COC(=O)CN1Cc2c(nc(C)c(CN)c2-c2ccc(Cl)cc2Cl)C1=O
7853068,CHEMBL1910111,Ki,=,2.7,nM,8.57,CHEMBL284,Dipeptidyl peptidase 4,COC(=O)CN1Cc2c(nc(C)c(CN)c2-c2ccc(Cl)cc2Cl)C1=O
7853069,CHEMBL1910111,Ki,=,3.0,nM,8.52,CHEMBL284,Dipeptidyl peptidase 4,COC(=O)CN1Cc2c(nc(C)c(CN)c2-c2ccc(Cl)cc2Cl)C1=O
7853070,CHEMBL1910110,Ki,=,29.0,nM,7.54,CHEMBL284,Dipeptidyl peptidase 4,Cc1nc2c(c(-c3ccc(Cl)cc3Cl)c1CN)CN(C)C2=O
7853071,CHEMBL1909647,Ki,=,14.0,nM,7.85,CHEMBL284,Dipeptidyl peptidase 4,Cc1nc2c(c(-c3ccc(Cl)cc3Cl)c1CN)CNC2=O
7853072,CHEMBL1910109,Ki,=,12.0,nM,7.92,CHEMBL284,Dipeptidyl peptidase 4,CSc1ccccc1N1Cc2c(nc(C)c(CN)c2-c2ccc(Cl)cc2Cl)C1=O
7853073,CHEMBL1910108,Ki,=,4.0,nM,8.40,CHEMBL284,Dipeptidyl peptidase 4,Cc1nc2c(c(-c3ccc(Cl)cc3Cl)c1CN)CN(c1ccc(C#N)cc1)C2=O
7853074,CHEMBL1910107,Ki,=,9.0,nM,8.05,CHEMBL284,Dipeptidyl peptidase 4,Cc1nc2c(c(-c3ccc(Cl)cc3Cl)c1CN)CN(c1ccc(F)cc1)C2=O
7853075,CHEMBL1909994,Ki,=,18.0,nM,7.75,CHEMBL284,Dipeptidyl peptidase 4,Cc1nc2c(c(-c3ccc(Cl)cc3Cl)c1CN)CN(c1ccc(Cl)cc1)C2=O
7853076,CHEMBL1909993,Ki,=,9.0,nM,8.05,CHEMBL284,Dipeptidyl peptidase 4,Cc1ccccc1N1Cc2c(nc(C)c(CN)c2-c2ccc(Cl)cc2Cl)C1=O
7853077,CHEMBL1909992,Ki,=,12.0,nM,7.92,CHEMBL284,Dipeptidyl peptidase 4,Cc1ccc(N2Cc3c(nc(C)c(CN)c3-c3ccc(Cl)cc3Cl)C2=O)cc1
7853078,CHEMBL1909991,Ki,=,3.0,nM,8.52,CHEMBL284,Dipeptidyl peptidase 4,COc1ccccc1N1Cc2c(nc(C)c(CN)c2-c2ccc(Cl)cc2Cl)C1=O
7853079,CHEMBL1909991,Ki,=,36.0,nM,7.44,CHEMBL284,Dipeptidyl peptidase 4,COc1ccccc1N1Cc2c(nc(C)c(CN)c2-c2ccc(Cl)cc2Cl)C1=O
7853080,CHEMBL1909990,Ki,=,16.0,nM,7.80,CHEMBL284,Dipeptidyl peptidase 4,COc1cccc(N2Cc3c(nc(C)c(CN)c3-c3ccc(Cl)cc3Cl)C2=O)c1
7853081,CHEMBL1909989,Ki,=,11.0,nM,7.96,CHEMBL284,Dipeptidyl peptidase 4,COc1ccc(N2Cc3c(nc(C)c(CN)c3-c3ccc(Cl)cc3Cl)C2=O)cc1
7853082,CHEMBL1909988,Ki,=,8.0,nM,8.10,CHEMBL284,Dipeptidyl peptidase 4,Cc1nc2c(c(-c3ccc(Cl)cc3Cl)c1CN)CN(c1ccccc1)C2=O
7853083,CHEMBL1909987,Ki,=,51.5,nM,7.29,CHEMBL284,Dipeptidyl peptidase 4,Cc1nc2c(c(-c3ccc(Cl)cc3Cl)c1CN)CN(Cc1ccccc1)C2
7853084,CHEMBL1909986,Ki,=,29.0,nM,7.54,CHEMBL284,Dipeptidyl peptidase 4,Cc1nc2cn(Cc3ccccc3)cc2c(-c2ccc(Cl)cc2Cl)c1CN
7853085,CHEMBL1909985,Ki,=,30.0,nM,7.52,CHEMBL284,Dipeptidyl peptidase 4,Cc1nc2c(c(-c3ccc(Cl)cc3Cl)c1CN)CN(Cc1ccccc1)C2=O
7853086,CHEMBL122206,IC50,=,7.0,nM,8.15,CHEMBL284,Dipeptidyl peptidase 4,COc1cc2c(cc1OC)-c1nc(N)c(CN)c(-c3ccc(Cl)cc3Cl)c1C2
7853087,CHEMBL331950,IC50,=,920.0,nM,6.04,CHEMBL284,Dipeptidyl peptidase 4,NCc1c(-c2ccc(Cl)cc2Cl)cc(-c2ccccc2)nc1N
7962678,CHEMBL1929387,IC50,=,3.8,nM,8.42,CHEMBL284,Dipeptidyl peptidase 4,Cc1cc2ncc(C(=O)NCC(C)(C)NCC(=O)N3CCC[C@H]3C#N)cn2n1.Cl
7962679,CHEMBL1929388,IC50,=,13.0,nM,7.89,CHEMBL284,Dipeptidyl peptidase 4,Cc1cc2ncc(C(=O)NCC(C)(C)NCC(=O)N3CCC[C@H]3C#N)c(C)n2n1.Cl
7962680,CHEMBL1929389,IC50,=,32.0,nM,7.50,CHEMBL284,Dipeptidyl peptidase 4,Cc1cc2ncc(C(=O)NCC(C)(C)NCC(=O)N3CCC[C@H]3C#N)c(C(F)(F)F)n2n1.Cl
7962681,CHEMBL1929390,IC50,=,1.8,nM,8.74,CHEMBL284,Dipeptidyl peptidase 4,Cc1cc2ncc(C(=O)NCC(C)(C)NCC(=O)N3CCC[C@H]3C#N)c(O)n2n1.Cl
7962682,CHEMBL1929391,IC50,=,15.0,nM,7.82,CHEMBL284,Dipeptidyl peptidase 4,Cc1c(C(=O)NCC(C)(C)NCC(=O)N2CCC[C@H]2C#N)cnc2cc(C(C)(C)C)nn12.Cl
7962683,CHEMBL1929392,IC50,=,11.0,nM,7.96,CHEMBL284,Dipeptidyl peptidase 4,Cc1c(C(=O)NCC(C)(C)NCC(=O)N2CCC[C@H]2C#N)cnc2cc(-c3ccccc3)nn12.Cl
7962684,CHEMBL1929393,IC50,=,80.0,nM,7.10,CHEMBL284,Dipeptidyl peptidase 4,Cc1nc2cc(C(C)(C)C)nn2c(C)c1C(=O)NCC(C)(C)NCC(=O)N1CCC[C@H]1C#N.Cl
7962685,CHEMBL1929394,IC50,=,28.0,nM,7.55,CHEMBL284,Dipeptidyl peptidase 4,Cc1nc2cc(-c3ccccc3)nn2c(C)c1C(=O)NCC(C)(C)NCC(=O)N1CCC[C@H]1C#N.Cl
7962686,CHEMBL1929395,IC50,=,110.0,nM,6.96,CHEMBL284,Dipeptidyl peptidase 4,Cc1cc2nc(C)c(C(=O)NCC(C)(C)NCC(=O)N3CCC[C@H]3C#N)c(C)n2n1.Cl
8037767,CHEMBL1951417,IC50,=,2100.0,nM,5.68,CHEMBL284,Dipeptidyl peptidase 4,Cn1cnc2c(C#N)c(N3CCNCC3)n(Cc3ccccc3)c2c1=O
8037768,CHEMBL1951418,IC50,=,400.0,nM,6.40,CHEMBL284,Dipeptidyl peptidase 4,COc1cccc(C(=O)Cn2cnc3c(C#N)c(N4CCNCC4)n(Cc4ccccc4)c3c2=O)c1
8037769,CHEMBL1951419,IC50,=,23.0,nM,7.64,CHEMBL284,Dipeptidyl peptidase 4,CC#CCn1c(N2CCNCC2)c(C#N)c2ncn(CC(=O)c3cccc(OC)c3)c(=O)c21
8037770,CHEMBL1951420,IC50,=,10.0,nM,8.00,CHEMBL284,Dipeptidyl peptidase 4,COc1cccc(C(=O)Cn2cnc3c(C#N)c(N4CCNCC4)n(CC=C(C)C)c3c2=O)c1
8037771,CHEMBL1951421,IC50,=,20.0,nM,7.70,CHEMBL284,Dipeptidyl peptidase 4,Cn1cnc2c(C#N)c(N3CCC[C@H](N)C3)n(Cc3ccccc3)c2c1=O
8037772,CHEMBL1951422,IC50,=,25.0,nM,7.60,CHEMBL284,Dipeptidyl peptidase 4,COc1cccc(C(=O)Cn2cnc3c(C#N)c(N4CCC[C@@H](N)C4)n(Cc4ccccc4)c3c2=O)c1
8037773,CHEMBL1951423,IC50,=,4.0,nM,8.40,CHEMBL284,Dipeptidyl peptidase 4,COc1cccc(C(=O)Cn2cnc3c(C#N)c(N4CCC[C@H](N)C4)n(Cc4ccccc4)c3c2=O)c1
8037774,CHEMBL1951424,IC50,=,17.0,nM,7.77,CHEMBL284,Dipeptidyl peptidase 4,N#Cc1c(N2CCC[C@H](N)C2)n(Cc2ccccc2)c2c(=O)n(Cc3ccnc4ccccc34)cnc12
8038707,CHEMBL1951425,IC50,=,60.0,nM,7.22,CHEMBL284,Dipeptidyl peptidase 4,CC#CCn1c(N2CCC[C@@H](N)C2)c(C#N)c2ncn(CC(=O)c3cccc(OC)c3)c(=O)c21
8038708,CHEMBL1951426,IC50,=,15.0,nM,7.82,CHEMBL284,Dipeptidyl peptidase 4,CC#CCn1c(N2CCC[C@H](N)C2)c(C#N)c2ncn(CC(=O)c3cccc(OC)c3)c(=O)c21
8038709,CHEMBL1951427,IC50,=,10.0,nM,8.00,CHEMBL284,Dipeptidyl peptidase 4,CC#CCn1c(N2CCC[C@H](N)C2)c(C#N)c2ncn(Cc3ccnc4ccccc34)c(=O)c21
8038710,CHEMBL1951428,IC50,=,5.0,nM,8.30,CHEMBL284,Dipeptidyl peptidase 4,CC#CCn1c(N2CCC[C@H](N)C2)c(C#N)c2ncn(Cc3nccc4ccccc34)c(=O)c21
8038711,CHEMBL1951429,IC50,=,4.0,nM,8.40,CHEMBL284,Dipeptidyl peptidase 4,COc1cccc(C(=O)Cn2cnc3c(C#N)c(N4CCC[C@@H](N)C4)n(CC=C(C)C)c3c2=O)c1
8038712,CHEMBL1951430,IC50,=,1.0,nM,9.00,CHEMBL284,Dipeptidyl peptidase 4,COc1cccc(C(=O)Cn2cnc3c(C#N)c(N4CCC[C@H](N)C4)n(CC=C(C)C)c3c2=O)c1
8038713,CHEMBL1951431,IC50,=,4.0,nM,8.40,CHEMBL284,Dipeptidyl peptidase 4,CC(C)=CCn1c(N2CCC[C@H](N)C2)c(C#N)c2ncn(Cc3ccnc4ccccc34)c(=O)c21
8038714,CHEMBL1951432,IC50,=,0.5,nM,9.30,CHEMBL284,Dipeptidyl peptidase 4,CC(C)=CCn1c(N2CCC[C@H](N)C2)c(C#N)c2ncn(Cc3nccc4ccccc34)c(=O)c21
8038715,CHEMBL1951433,IC50,=,3.0,nM,8.52,CHEMBL284,Dipeptidyl peptidase 4,CC(C)=CCn1c(N2CCC[C@H](N)C2)c(C#N)c2ncn(Cc3nc(C)c4ccccc4n3)c(=O)c21
8038716,CHEMBL1951434,IC50,=,8.0,nM,8.10,CHEMBL284,Dipeptidyl peptidase 4,CC(C)=CCn1c(N2CCC[C@H](N)C2)c(C#N)c2ncn(Cc3ncc4ccccc4n3)c(=O)c21
8038717,CHEMBL1951435,IC50,=,9.0,nM,8.05,CHEMBL284,Dipeptidyl peptidase 4,CC(C)=CCn1c(N2CCC[C@H](N)C2)c(C#N)c2ncn(C)c(=O)c21
8038718,CHEMBL237500,IC50,=,0.1,nM,10.00,CHEMBL284,Dipeptidyl peptidase 4,CC#CCn1c(N2CCC[C@@H](N)C2)nc2c1c(=O)n(Cc1nc(C)c3ccccc3n1)c(=O)n2C
8038719,CHEMBL1951436,IC50,=,60.0,nM,7.22,CHEMBL284,Dipeptidyl peptidase 4,N#Cc1c(N2CCCNCC2)n(Cc2ccccc2)c2c(=O)n(Cc3nccc4ccccc34)cnc12
8038720,CHEMBL1951437,IC50,=,7.0,nM,8.15,CHEMBL284,Dipeptidyl peptidase 4,CC(C)=CCn1c(N2CCCNCC2)c(C#N)c2ncn(Cc3nccc4ccccc34)c(=O)c21
8038721,CHEMBL1951438,IC50,=,6.0,nM,8.22,CHEMBL284,Dipeptidyl peptidase 4,CC#CCn1c(N2CCCNCC2)c(C#N)c2ncn(Cc3nccc4ccccc34)c(=O)c21
8038722,CHEMBL1951439,IC50,=,9.0,nM,8.05,CHEMBL284,Dipeptidyl peptidase 4,CC#CCn1c(N2CCCNCC2)c(C#N)c2ncn(Cc3nc(C)c4ccccc4n3)c(=O)c21
8038723,CHEMBL1951440,IC50,=,45.0,nM,7.35,CHEMBL284,Dipeptidyl peptidase 4,CC#CCn1c(N2CCCNCC2)c(C#N)c2ncn(Cc3ncc4ccccc4n3)c(=O)c21
8038724,CHEMBL1951595,IC50,=,1.5,nM,8.82,CHEMBL284,Dipeptidyl peptidase 4,COc1cccc(C(=O)Cn2c(=O)c3c(c(C#N)c(N4CCC[C@H](N)C4)n3Cc3ccccc3)n(C)c2=O)c1
8038725,CHEMBL1951596,IC50,=,4.0,nM,8.40,CHEMBL284,Dipeptidyl peptidase 4,Cn1c(=O)n(Cc2nccc3ccccc23)c(=O)c2c1c(C#N)c(N1CCC[C@H](N)C1)n2Cc1ccccc1
8038726,CHEMBL1951597,IC50,=,10.0,nM,8.00,CHEMBL284,Dipeptidyl peptidase 4,Cn1c(=O)c2c(c(C#N)c(N3CCC[C@H](N)C3)n2Cc2ccccc2)n(C)c1=O
8038727,CHEMBL1951598,IC50,=,0.5,nM,9.30,CHEMBL284,Dipeptidyl peptidase 4,COc1cccc(C(=O)Cn2c(=O)c3c(c(C#N)c(N4CCC[C@H](N)C4)n3CC=C(C)C)n(C)c2=O)c1
8038728,CHEMBL1951599,IC50,=,1.0,nM,9.00,CHEMBL284,Dipeptidyl peptidase 4,CC(C)=CCn1c(N2CCC[C@H](N)C2)c(C#N)c2c1c(=O)n(Cc1nccc3ccccc13)c(=O)n2C
8038729,CHEMBL1951600,IC50,=,2.0,nM,8.70,CHEMBL284,Dipeptidyl peptidase 4,CC(C)=CCn1c(N2CCC[C@H](N)C2)c(C#N)c2c1c(=O)n(Cc1nc(C)c3ccccc3n1)c(=O)n2C
8038730,CHEMBL1951601,IC50,=,9.0,nM,8.05,CHEMBL284,Dipeptidyl peptidase 4,CC(C)=CCn1c(N2CCC[C@H](N)C2)c(C#N)c2c1c(=O)n(Cc1cnc3ccccc3n1)c(=O)n2C
8038731,CHEMBL1951602,IC50,=,25.0,nM,7.60,CHEMBL284,Dipeptidyl peptidase 4,CC(C)=CCn1c(N2CCC[C@H](N)C2)c(C#N)c2c1c(=O)n(Cc1ncccc1C#N)c(=O)n2C
8038732,CHEMBL1951603,IC50,=,2.0,nM,8.70,CHEMBL284,Dipeptidyl peptidase 4,CC#CCn1c(N2CCC[C@H](N)C2)c(C#N)c2c1c(=O)n(CC(=O)c1cccc(OC)c1)c(=O)n2C
8038733,CHEMBL1951604,IC50,=,4.0,nM,8.40,CHEMBL284,Dipeptidyl peptidase 4,CC#CCn1c(N2CCC[C@H](N)C2)c(C#N)c2c1c(=O)n(Cc1nccc3ccccc13)c(=O)n2C
8038734,CHEMBL1951605,IC50,=,20.0,nM,7.70,CHEMBL284,Dipeptidyl peptidase 4,CC#CCn1c(N2CCC[C@@H](N)C2)c(C#N)c2c1c(=O)n(Cc1nc(C)c3ccccc3n1)c(=O)n2C
8038735,CHEMBL1951606,IC50,=,250.0,nM,6.60,CHEMBL284,Dipeptidyl peptidase 4,CC#CCn1c(N2CCC[C@H](N)C2)c(C#N)c2c1c(=O)n(Cc1nc(C)c3ccccc3n1)c(=O)n2C
8038736,CHEMBL1951607,IC50,=,2.0,nM,8.70,CHEMBL284,Dipeptidyl peptidase 4,COc1cccc(C(=O)Cn2c(=O)c3c(c(C#N)c(N4CCCNCC4)n3CC=C(C)C)n(C)c2=O)c1
8038737,CHEMBL1951608,IC50,=,3.0,nM,8.52,CHEMBL284,Dipeptidyl peptidase 4,CC(C)=CCn1c(N2CCCNCC2)c(C#N)c2c1c(=O)n(Cc1nccc3ccccc13)c(=O)n2C
8038738,CHEMBL1951609,IC50,=,2.0,nM,8.70,CHEMBL284,Dipeptidyl peptidase 4,CC(C)=CCn1c(N2CCCNCC2)c(C#N)c2c1c(=O)n(Cc1nc(C)c3ccccc3n1)c(=O)n2C
8038739,CHEMBL1951610,IC50,=,10.0,nM,8.00,CHEMBL284,Dipeptidyl peptidase 4,CC(C)=CCn1c(N2CCCNCC2)c(C#N)c2c1c(=O)n(Cc1cn3ccccc3n1)c(=O)n2C
8038740,CHEMBL1951611,IC50,=,1.0,nM,9.00,CHEMBL284,Dipeptidyl peptidase 4,CC(C)=CCn1c(N2CCCNCC2)c(C#N)c2c1c(=O)n(Cc1ncc3ccccc3c1C#N)c(=O)n2C
8038741,CHEMBL1949693,IC50,=,5.5,nM,8.26,CHEMBL284,Dipeptidyl peptidase 4,CC(C)=CCn1c(N2CCCNCC2)c(C#N)c2c1c(=O)n(Cc1c(C#N)cnc3ccccc13)c(=O)n2C
8038742,CHEMBL1951612,IC50,=,5.0,nM,8.30,CHEMBL284,Dipeptidyl peptidase 4,CC#CCn1c(N2CCCNCC2)c(C#N)c2c1c(=O)n(Cc1nccc3ccccc13)c(=O)n2C
8038743,CHEMBL1951613,IC50,=,7.5,nM,8.12,CHEMBL284,Dipeptidyl peptidase 4,CC#CCn1c(N2CCCNCC2)c(C#N)c2c1c(=O)n(Cc1nc(C)c3ccccc3n1)c(=O)n2C
8038744,CHEMBL1951416,IC50,=,1.0,nM,9.00,CHEMBL284,Dipeptidyl peptidase 4,CC#CCn1c(N2CCCNCC2)c(C#N)c2c1c(=O)n(Cc1ncc3ccccc3c1C#N)c(=O)n2C
8038745,CHEMBL1951614,IC50,=,2.0,nM,8.70,CHEMBL284,Dipeptidyl peptidase 4,CC#CCn1c(N2CCCNCC2)c(C#N)c2c1c(=O)n(Cc1c(C#N)cnc3ccccc13)c(=O)n2C
10848040,CHEMBL2011528,IC50,=,1650.0,nM,5.78,CHEMBL284,Dipeptidyl peptidase 4,N[C@H]1CN(c2ccc(-n3ccc(OCc4ccccc4)cc3=O)cn2)C[C@@H]1c1cc(F)ccc1F
10848041,CHEMBL2011534,IC50,=,1100.0,nM,5.96,CHEMBL284,Dipeptidyl peptidase 4,N[C@H]1CN(c2ccc(-n3ccc(OCc4ccccc4)cc3=O)cn2)C[C@@H]1c1cc(F)c(F)cc1F
10848042,CHEMBL2011535,IC50,=,350.0,nM,6.46,CHEMBL284,Dipeptidyl peptidase 4,N[C@H]1CN(c2ccc(-n3ccc(OCc4ccccc4)cc3=O)cn2)CC[C@@H]1c1cc(F)c(F)cc1F
10848043,CHEMBL2011537,IC50,>,100000.0,nM,,CHEMBL284,Dipeptidyl peptidase 4,N[C@@H]1CCN(c2ccc(-n3ccc(OCc4ccccc4)cc3=O)cn2)C1
10848056,CHEMBL2011536,Ki,=,6.0,nM,8.22,CHEMBL284,Dipeptidyl peptidase 4,N[C@H]1CN(c2cc(-c3ccccc3)ncn2)CC[C@@H]1c1cc(F)c(F)cc1F
10865566,CHEMBL67279,IC50,=,22.0,nM,7.66,CHEMBL284,Dipeptidyl peptidase 4,CC(C)[C@H](N)C(=O)N1CCC[C@H]1B(O)O
10865567,CHEMBL1422,IC50,=,40.0,nM,7.40,CHEMBL284,Dipeptidyl peptidase 4,N[C@@H](CC(=O)N1CCn2c(nnc2C(F)(F)F)C1)Cc1cc(F)c(F)cc1F
10865571,CHEMBL142703,IC50,=,120.0,nM,6.92,CHEMBL284,Dipeptidyl peptidase 4,N#C[C@@H]1CCCN1C(=O)CNC12CC3CC(CC(O)(C3)C1)C2
10865609,CHEMBL2022512,IC50,=,13100.0,nM,4.88,CHEMBL284,Dipeptidyl peptidase 4,N#C[C@@H]1CCCN1C(=O)CNC(=O)c1ccc(-c2cccs2)cc1
10865697,CHEMBL2024671,IC50,>,100000.0,nM,,CHEMBL284,Dipeptidyl peptidase 4,N#C[C@@H]1CCCN1C(=O)[C@H]1CCCN1C(=O)CCCc1ccccc1
10865698,CHEMBL2024672,IC50,>,100000.0,nM,,CHEMBL284,Dipeptidyl peptidase 4,N#C[C@@H]1CCCN1C(=O)CNC(=O)c1ccccc1
10865699,CHEMBL2024673,IC50,>,100000.0,nM,,CHEMBL284,Dipeptidyl peptidase 4,COc1cccc(C(=O)NCC(=O)N2CCC[C@H]2C#N)c1
10865700,CHEMBL2024674,IC50,>,100000.0,nM,,CHEMBL284,Dipeptidyl peptidase 4,CC(C)CC(=O)NCC(=O)N1CCC[C@H]1C#N
10865701,CHEMBL2022505,IC50,>,100000.0,nM,,CHEMBL284,Dipeptidyl peptidase 4,N#C[C@@H]1CCCN1C(=O)CNC(=O)CCc1ccccc1
10865702,CHEMBL2022506,IC50,>,100000.0,nM,,CHEMBL284,Dipeptidyl peptidase 4,N#C[C@@H]1CCCN1C(=O)CNC(=O)Cc1cccs1
10865703,CHEMBL2022507,IC50,>,100000.0,nM,,CHEMBL284,Dipeptidyl peptidase 4,N#C[C@@H]1CCCN1C(=O)CNC(=O)Cc1ccc(Cl)cc1
10865704,CHEMBL2022508,IC50,>,100000.0,nM,,CHEMBL284,Dipeptidyl peptidase 4,N#C[C@@H]1CCCN1C(=O)CNC(=O)C(c1ccc(Cl)cc1)c1ccc(Cl)cc1
10865705,CHEMBL2022509,IC50,>,100000.0,nM,,CHEMBL284,Dipeptidyl peptidase 4,N#C[C@@H]1CCCN1C(=O)CNC(=O)c1ccc(OC(F)(F)F)cc1
10865706,CHEMBL2022510,IC50,>,100000.0,nM,,CHEMBL284,Dipeptidyl peptidase 4,COc1ccc(C(=O)NCC(=O)N2CCC[C@H]2C#N)cc1OC1CCCC1
10865707,CHEMBL2022511,IC50,>,100000.0,nM,,CHEMBL284,Dipeptidyl peptidase 4,N#C[C@@H]1CCCN1C(=O)CNC(=O)c1c(Cl)cccc1Cl
10865708,CHEMBL2022513,IC50,>,100000.0,nM,,CHEMBL284,Dipeptidyl peptidase 4,N#C[C@@H]1CCCN1C(=O)CNC(=O)c1cccc(-c2ccccc2)c1
10865709,CHEMBL2022514,IC50,>,100000.0,nM,,CHEMBL284,Dipeptidyl peptidase 4,N#C[C@@H]1CCCN1C(=O)CNC(=O)c1ccc2ccccc2c1
10865710,CHEMBL1243374,IC50,>,100000.0,nM,,CHEMBL284,Dipeptidyl peptidase 4,N#C[C@@H]1CCCN1C(=O)CNC(=O)c1cccc2ccccc12
10865711,CHEMBL2022515,IC50,>,100000.0,nM,,CHEMBL284,Dipeptidyl peptidase 4,COc1cccc(S(=O)(=O)NCC(=O)N2CCC[C@H]2C#N)c1
10865712,CHEMBL2022516,IC50,>,100000.0,nM,,CHEMBL284,Dipeptidyl peptidase 4,N#C[C@@H]1CCCN1C(=O)CNC(=O)CN1CCN(C(c2ccc(F)cc2)c2ccc(F)cc2)CC1
10865713,CHEMBL2022517,IC50,>,100000.0,nM,,CHEMBL284,Dipeptidyl peptidase 4,N#C[C@@H]1CCCN1C(=O)CNC(=O)CCC(=O)NCc1ccc(F)cc1
10865714,CHEMBL2022518,IC50,>,100000.0,nM,,CHEMBL284,Dipeptidyl peptidase 4,N#C[C@@H]1CCCN1C(=O)CNC(=O)CCC(=O)NC(c1ccc(F)cc1)c1ccc(F)cc1
10865715,CHEMBL2022519,IC50,>,100000.0,nM,,CHEMBL284,Dipeptidyl peptidase 4,N#C[C@@H]1CCCN1C(=O)CNC(=O)CCC(=O)N1CCN(Cc2ccc(F)cc2)CC1
10865716,CHEMBL2022520,IC50,>,100000.0,nM,,CHEMBL284,Dipeptidyl peptidase 4,N#C[C@@H]1CCCN1C(=O)CNC(=O)CCC(=O)N1CCN(C(c2ccc(F)cc2)c2ccc(F)cc2)CC1
10865717,CHEMBL2022521,IC50,>,100000.0,nM,,CHEMBL284,Dipeptidyl peptidase 4,N#C[C@@H]1CCCN1C(=O)CNC(=O)Cn1cc(-c2ccc(F)c(F)c2)nn1
10865718,CHEMBL2022522,IC50,>,100000.0,nM,,CHEMBL284,Dipeptidyl peptidase 4,CC(C)(C)OC(=O)N1CCN(c2cn(CC(=O)NCC(=O)N3CCC[C@H]3C#N)nn2)CC1
10865719,CHEMBL2022523,IC50,>,100000.0,nM,,CHEMBL284,Dipeptidyl peptidase 4,O=C(NCC(=O)N1CCCC1)c1ccccc1
10865720,CHEMBL2022524,IC50,>,100000.0,nM,,CHEMBL284,Dipeptidyl peptidase 4,CC(C)(C)NC(=O)[C@@H]1CCCN1C(=O)CNC(=O)c1ccccc1
10865721,CHEMBL2022525,IC50,>,100000.0,nM,,CHEMBL284,Dipeptidyl peptidase 4,N#C[C@@H]1C[C@H](N=[N+]=[N-])CN1C(=O)CNC(=O)c1ccccc1
10865722,CHEMBL2022526,IC50,>,100000.0,nM,,CHEMBL284,Dipeptidyl peptidase 4,N#C[C@@H]1C[C@H](N=[N+]=[N-])CN1C(=O)CNC(=O)c1cccc2ccccc12
10865723,CHEMBL2022527,IC50,>,100000.0,nM,,CHEMBL284,Dipeptidyl peptidase 4,N#C[C@@H]1C[C@@H](N=[N+]=[N-])CN1C(=O)CNC(=O)c1cccc2ccccc12
10865724,CHEMBL2022528,IC50,>,100000.0,nM,,CHEMBL284,Dipeptidyl peptidase 4,N#C[C@@H]1C[C@H](F)CN1C(=O)CNC(=O)c1cccc2ccccc12
10865725,CHEMBL2022529,IC50,>,100000.0,nM,,CHEMBL284,Dipeptidyl peptidase 4,N#C[C@@H]1CC(F)(F)CN1C(=O)CNC(=O)c1ccccc1
10865726,CHEMBL2022530,IC50,>,100000.0,nM,,CHEMBL284,Dipeptidyl peptidase 4,N#C[C@@H]1CC(F)(F)CN1C(=O)CNC(=O)c1cccc2ccccc12
10865727,CHEMBL2021934,IC50,>,100000.0,nM,,CHEMBL284,Dipeptidyl peptidase 4,CC1C[C@@H](C#N)N(C(=O)CNC(=O)c2ccccc2)C1
10865728,CHEMBL2022531,IC50,>,100000.0,nM,,CHEMBL284,Dipeptidyl peptidase 4,C=C1C[C@@H](C#N)N(C(=O)CNC(=O)c2cccc3ccccc23)C1
10865729,CHEMBL2022532,IC50,>,100000.0,nM,,CHEMBL284,Dipeptidyl peptidase 4,CCC1C[C@@H](C#N)N(C(=O)CNC(=O)c2cccc3ccccc23)C1
10865730,CHEMBL2022533,IC50,>,100000.0,nM,,CHEMBL284,Dipeptidyl peptidase 4,N#C[C@@H]1C[C@H](C(F)(F)F)CN1C(=O)CNC(=O)c1cccc2ccccc12
10865731,CHEMBL2022534,IC50,>,100000.0,nM,,CHEMBL284,Dipeptidyl peptidase 4,N#C[C@@H]1CCCCN1C(=O)CNC(=O)c1ccccc1
10865732,CHEMBL2022535,IC50,>,100000.0,nM,,CHEMBL284,Dipeptidyl peptidase 4,N#C[C@@H]1CCCCN1C(=O)CNC(=O)c1cccc2ccccc12
10869442,CHEMBL376359,IC50,=,3.4,nM,8.47,CHEMBL284,Dipeptidyl peptidase 4,Cn1c(=O)cc(N2CCC[C@@H](N)C2)n(Cc2ccccc2C#N)c1=O
10869443,CHEMBL2023067,IC50,=,1.4,nM,8.85,CHEMBL284,Dipeptidyl peptidase 4,N#Cc1ccccc1Cn1c(N2CCC[C@@H](N)C2)nc2c(Br)c[nH]c2c1=O
10869444,CHEMBL2023066,IC50,=,2.34,nM,8.63,CHEMBL284,Dipeptidyl peptidase 4,N#Cc1ccccc1Cn1c(N2CCC[C@@H](N)C2)nc2[nH]c(-c3cccnc3)cc2c1=O
10869445,CHEMBL2022464,IC50,=,13.78,nM,7.86,CHEMBL284,Dipeptidyl peptidase 4,Cc1cc2c(=O)n(Cc3ccccc3C#N)c(N3CCC[C@@H](N)C3)nc2[nH]1
10869446,CHEMBL2022467,IC50,=,2.64,nM,8.58,CHEMBL284,Dipeptidyl peptidase 4,N#Cc1ccccc1Cn1c(N2CCC[C@@H](N)C2)nc2[nH]c(Br)cc2c1=O
10961277,CHEMBL399610,IC50,=,0.92,nM,9.04,CHEMBL284,Dipeptidyl peptidase 4,O=C([C@@H]1C[C@H](N2CCN(c3ccc([N+](=O)[O-])cn3)CC2)CN1)N1CCSC1
10961278,CHEMBL391466,IC50,=,1.6,nM,8.80,CHEMBL284,Dipeptidyl peptidase 4,O=C([C@@H]1C[C@H](N2CCN(c3ccc([N+](=O)[O-])cc3)CC2)CN1)N1CCSC1
10961279,CHEMBL2058973,IC50,=,0.61,nM,9.21,CHEMBL284,Dipeptidyl peptidase 4,O=C([C@@H]1C[C@H](N2CCN(c3nccc4ccccc34)CC2)CN1)N1CCSC1
10961280,CHEMBL2058974,IC50,=,0.73,nM,9.14,CHEMBL284,Dipeptidyl peptidase 4,O=C([C@@H]1C[C@H](N2CCN(c3ncc(Cl)c4ccccc34)CC2)CN1)N1CCSC1
10961281,CHEMBL2058975,IC50,=,0.51,nM,9.29,CHEMBL284,Dipeptidyl peptidase 4,N#Cc1cnc(N2CCN([C@@H]3CN[C@H](C(=O)N4CCSC4)C3)CC2)c2ccccc12
10961282,CHEMBL2058968,IC50,=,2.2,nM,8.66,CHEMBL284,Dipeptidyl peptidase 4,O=C([C@@H]1C[C@H](N2CCN(c3ccc4ccccc4n3)CC2)CN1)N1CCSC1
10961283,CHEMBL2058969,IC50,=,0.95,nM,9.02,CHEMBL284,Dipeptidyl peptidase 4,O=C([C@@H]1C[C@H](N2CCN(c3ccnc4ccccc34)CC2)CN1)N1CCSC1
10961284,CHEMBL2058970,IC50,=,0.56,nM,9.25,CHEMBL284,Dipeptidyl peptidase 4,Cc1cc(N2CCN([C@@H]3CN[C@H](C(=O)N4CCSC4)C3)CC2)c2ccccc2n1
10961285,CHEMBL2058971,IC50,=,0.37,nM,9.43,CHEMBL284,Dipeptidyl peptidase 4,O=C([C@@H]1C[C@H](N2CCN(c3cc(C(F)(F)F)nc4ccccc34)CC2)CN1)N1CCSC1
10961286,CHEMBL2058972,IC50,=,0.61,nM,9.21,CHEMBL284,Dipeptidyl peptidase 4,O=C([C@@H]1C[C@H](N2CCN(c3ccnc4cc(Cl)ccc34)CC2)CN1)N1CCSC1
10961287,CHEMBL2058759,IC50,=,1.6,nM,8.80,CHEMBL284,Dipeptidyl peptidase 4,O=C([C@@H]1C[C@H](N2CCN(c3ccnc4cc(C(F)(F)F)ccc34)CC2)CN1)N1CCSC1
10961288,CHEMBL2058760,IC50,=,0.8,nM,9.10,CHEMBL284,Dipeptidyl peptidase 4,O=C([C@@H]1C[C@H](N2CCN(c3nc4ccccc4[nH]3)CC2)CN1)N1CCSC1
10961289,CHEMBL2058761,IC50,=,0.59,nM,9.23,CHEMBL284,Dipeptidyl peptidase 4,O=C([C@@H]1C[C@H](N2CCN(c3nc4cc(Cl)ccc4[nH]3)CC2)CN1)N1CCSC1
10961290,CHEMBL2058762,IC50,=,0.39,nM,9.41,CHEMBL284,Dipeptidyl peptidase 4,N#Cc1ccc2[nH]c(N3CCN([C@@H]4CN[C@H](C(=O)N5CCSC5)C4)CC3)nc2c1
10961291,CHEMBL2058967,IC50,=,1.2,nM,8.92,CHEMBL284,Dipeptidyl peptidase 4,O=C([C@@H]1C[C@H](N2CCN(c3nc4ccccc4o3)CC2)CN1)N1CCSC1
10961292,CHEMBL2058756,IC50,=,0.5,nM,9.30,CHEMBL284,Dipeptidyl peptidase 4,N#Cc1ccc2oc(N3CCN([C@@H]4CN[C@H](C(=O)N5CCSC5)C4)CC3)nc2c1
10961293,CHEMBL2058757,IC50,=,0.55,nM,9.26,CHEMBL284,Dipeptidyl peptidase 4,O=C([C@@H]1C[C@H](N2CCN(c3nc4ccccc4s3)CC2)CN1)N1CCSC1
10961294,CHEMBL2058758,IC50,=,0.42,nM,9.38,CHEMBL284,Dipeptidyl peptidase 4,N#Cc1ccc2sc(N3CCN([C@@H]4CN[C@H](C(=O)N5CCSC5)C4)CC3)nc2c1
10982097,CHEMBL2063024,IC50,=,2.3,nM,8.64,CHEMBL284,Dipeptidyl peptidase 4,C[C@H](N)C(=O)N1C[C@@H](O)C[C@H]1B(O)O
10982098,CHEMBL2063025,IC50,=,23.0,nM,7.64,CHEMBL284,Dipeptidyl peptidase 4,C[C@H](N)C(=O)N1C[C@H](O)C[C@H]1B(O)O
10982099,CHEMBL2063026,IC50,=,2.1,nM,8.68,CHEMBL284,Dipeptidyl peptidase 4,C[C@H](N)C(=O)N1C[C@H](F)C[C@H]1B(O)O
10982100,CHEMBL2063027,IC50,=,200.0,nM,6.70,CHEMBL284,Dipeptidyl peptidase 4,C[C@H](N)C(=O)N1CC(=O)C[C@H]1B(O)O
10982101,CHEMBL2063028,IC50,=,18000.0,nM,4.75,CHEMBL284,Dipeptidyl peptidase 4,C[C@H](N)C(=O)N1C[C@@H](Cl)C[C@H]1B(O)O
10982102,CHEMBL2063029,IC50,=,29.0,nM,7.54,CHEMBL284,Dipeptidyl peptidase 4,N[C@@H](CCC(=O)O)C(=O)N1C[C@@H](O)C[C@H]1B(O)O
10982103,CHEMBL2063030,IC50,=,17.0,nM,7.77,CHEMBL284,Dipeptidyl peptidase 4,N[C@@H](CCC(=O)O)C(=O)N1C[C@H](O)C[C@H]1B(O)O
10982104,CHEMBL2063031,IC50,=,53.0,nM,7.28,CHEMBL284,Dipeptidyl peptidase 4,CC(C)(C)[C@H](N)C(=O)N1C[C@@H](O)C[C@H]1B(O)O
10982105,CHEMBL2063032,IC50,=,59.0,nM,7.23,CHEMBL284,Dipeptidyl peptidase 4,CC(C)(C)[C@H](N)C(=O)N1C[C@H](O)C[C@H]1B(O)O
10982106,CHEMBL2063033,IC50,=,6.2,nM,8.21,CHEMBL284,Dipeptidyl peptidase 4,O=C([C@@H]1CCCN1)N1C[C@@H](O)C[C@H]1B(O)O
10982107,CHEMBL2063034,IC50,=,6.5,nM,8.19,CHEMBL284,Dipeptidyl peptidase 4,O=C([C@@H]1CCCN1)N1C[C@H](O)C[C@H]1B(O)O
10982108,CHEMBL2063035,IC50,=,20.0,nM,7.70,CHEMBL284,Dipeptidyl peptidase 4,O=C([C@@H]1C[C@@H](O)CN1)N1C[C@@H](O)C[C@H]1B(O)O
10982109,CHEMBL2063036,IC50,=,48.0,nM,7.32,CHEMBL284,Dipeptidyl peptidase 4,O=C([C@@H]1C[C@@H](O)CN1)N1C[C@H](O)C[C@H]1B(O)O
10982110,CHEMBL2063037,IC50,=,15.0,nM,7.82,CHEMBL284,Dipeptidyl peptidase 4,O=C([C@@H]1C[C@H](O)CN1)N1C[C@@H](O)C[C@H]1B(O)O
10982111,CHEMBL2063038,IC50,=,16.0,nM,7.80,CHEMBL284,Dipeptidyl peptidase 4,O=C([C@@H]1C[C@H](O)CN1)N1C[C@H](O)C[C@H]1B(O)O
10982112,CHEMBL2063039,IC50,=,17.0,nM,7.77,CHEMBL284,Dipeptidyl peptidase 4,N[C@@H](CCCC(=O)O)C(=O)N1C[C@H](O)C[C@H]1B(O)O
10982113,CHEMBL2063040,IC50,=,0.3,nM,9.52,CHEMBL284,Dipeptidyl peptidase 4,N=C(N)NCCC[C@H](N)C(=O)N1C[C@@H](O)C[C@H]1B(O)O
10982114,CHEMBL63860,IC50,=,0.46,nM,9.34,CHEMBL284,Dipeptidyl peptidase 4,C[C@H](N)C(=O)N1CCC[C@H]1B(O)O
10982115,CHEMBL393336,IC50,=,6.0,nM,8.22,CHEMBL284,Dipeptidyl peptidase 4,N[C@@H](CC(=O)N1CCn2c(nnc2C(F)(F)F)C1)Cc1cc(F)c(F)cc1F.O=P(O)(O)O
10991390,CHEMBL2069828,IC50,=,85.7,nM,7.07,CHEMBL284,Dipeptidyl peptidase 4,N[C@@H](CC(=O)N1CCN(c2ccc([N+](=O)[O-])cc2)CC1)Cc1cc(F)c(F)cc1F
10991391,CHEMBL2069829,IC50,=,194.0,nM,6.71,CHEMBL284,Dipeptidyl peptidase 4,N[C@@H](CC(=O)N1CCN(c2ccc([N+](=O)[O-])cc2F)CC1)Cc1cc(F)c(F)cc1F
10991392,CHEMBL2069830,IC50,=,291.0,nM,6.54,CHEMBL284,Dipeptidyl peptidase 4,N[C@@H](CC(=O)N1CCN(c2ccc(F)cc2F)CC1)Cc1cc(F)c(F)cc1F
10991393,CHEMBL2069831,IC50,=,264.0,nM,6.58,CHEMBL284,Dipeptidyl peptidase 4,CC(O)c1ccc(N2CCN(C(=O)C[C@H](N)Cc3cc(F)c(F)cc3F)CC2)cc1
10991394,CHEMBL2069832,IC50,=,99.7,nM,7.00,CHEMBL284,Dipeptidyl peptidase 4,CC(=O)c1ccc(N2CCN(C(=O)C[C@H](N)Cc3cc(F)c(F)cc3F)CC2)cc1
10991395,CHEMBL2069833,IC50,=,569.0,nM,6.25,CHEMBL284,Dipeptidyl peptidase 4,N[C@@H](CC(=O)N1CCN(c2ccccc2-c2ccccc2)CC1)Cc1cc(F)c(F)cc1F
10991396,CHEMBL2069834,IC50,=,50.4,nM,7.30,CHEMBL284,Dipeptidyl peptidase 4,N#Cc1ccccc1N1CCN(C(=O)C[C@H](N)Cc2cc(F)c(F)cc2F)CC1
10991397,CHEMBL2069835,IC50,=,101.0,nM,7.00,CHEMBL284,Dipeptidyl peptidase 4,N#Cc1ccc(N2CCN(C(=O)C[C@H](N)Cc3cc(F)c(F)cc3F)CC2)cc1
10991398,CHEMBL2069836,IC50,=,103.0,nM,6.99,CHEMBL284,Dipeptidyl peptidase 4,COc1cc(CN2CCN(C(=O)C[C@H](N)Cc3cc(F)c(F)cc3F)CC2)cc(OC)c1
10991399,CHEMBL2069837,IC50,=,212.0,nM,6.67,CHEMBL284,Dipeptidyl peptidase 4,N[C@@H](CC(=O)N1CCN(C(c2ccc(F)cc2)c2ccc(F)cc2)CC1)Cc1cc(F)c(F)cc1F
10991400,CHEMBL2069838,IC50,=,52.6,nM,7.28,CHEMBL284,Dipeptidyl peptidase 4,N[C@@H](CC(=O)N1CCN(C(=O)c2ccccc2)CC1)Cc1cc(F)c(F)cc1F
10991401,CHEMBL2069839,IC50,=,45.3,nM,7.34,CHEMBL284,Dipeptidyl peptidase 4,N[C@@H](CC(=O)N1CCN(C(=O)c2ccc(F)cc2)CC1)Cc1cc(F)c(F)cc1F
10991402,CHEMBL2069840,IC50,=,39.0,nM,7.41,CHEMBL284,Dipeptidyl peptidase 4,N[C@@H](CC(=O)N1CCN(C(=O)c2ccc(O)cc2)CC1)Cc1cc(F)c(F)cc1F
10991403,CHEMBL2069841,IC50,=,64.6,nM,7.19,CHEMBL284,Dipeptidyl peptidase 4,N[C@@H](CC(=O)N1CCN(C(=O)c2ccc(OC(F)(F)F)cc2)CC1)Cc1cc(F)c(F)cc1F
10991404,CHEMBL2069842,IC50,=,56.4,nM,7.25,CHEMBL284,Dipeptidyl peptidase 4,N[C@@H](CC(=O)N1CCN(C(=O)c2ccc(C(F)(F)F)cc2)CC1)Cc1cc(F)c(F)cc1F
10991405,CHEMBL2069843,IC50,=,45.3,nM,7.34,CHEMBL284,Dipeptidyl peptidase 4,N[C@@H](CC(=O)N1CCN(C(=O)c2ccc(S(N)(=O)=O)cc2)CC1)Cc1cc(F)c(F)cc1F
10991406,CHEMBL2069844,IC50,=,53.4,nM,7.27,CHEMBL284,Dipeptidyl peptidase 4,N[C@@H](CC(=O)N1CCN(C(=O)c2ccc(C(=O)O)cc2)CC1)Cc1cc(F)c(F)cc1F
10991407,CHEMBL2069845,IC50,=,56.9,nM,7.25,CHEMBL284,Dipeptidyl peptidase 4,N[C@@H](CC(=O)N1CCN(C(=O)c2cccc(C(=O)O)c2)CC1)Cc1cc(F)c(F)cc1F
10991408,CHEMBL2069846,IC50,=,47.7,nM,7.32,CHEMBL284,Dipeptidyl peptidase 4,CN1CCN(c2ccc(C(=O)N3CCN(C(=O)C[C@H](N)Cc4cc(F)c(F)cc4F)CC3)cc2)CC1
10991409,CHEMBL2069847,IC50,=,67.7,nM,7.17,CHEMBL284,Dipeptidyl peptidase 4,N[C@@H](CC(=O)N1CCN(C(=O)c2ccco2)CC1)Cc1cc(F)c(F)cc1F
10991410,CHEMBL2069848,IC50,=,24.9,nM,7.60,CHEMBL284,Dipeptidyl peptidase 4,N[C@@H](CC(=O)N1CCN(C(=O)c2ccc3ccccc3n2)CC1)Cc1cc(F)c(F)cc1F
10991411,CHEMBL2069849,IC50,=,65.4,nM,7.18,CHEMBL284,Dipeptidyl peptidase 4,COc1cccc2cc(C(=O)N3CCN(C(=O)C[C@H](N)Cc4cc(F)c(F)cc4F)CC3)oc12
10991412,CHEMBL2069850,IC50,=,57.6,nM,7.24,CHEMBL284,Dipeptidyl peptidase 4,N[C@@H](CC(=O)N1CCN(C(=O)c2ccccn2)CC1)Cc1cc(F)c(F)cc1F
10991413,CHEMBL2069851,IC50,=,74.4,nM,7.13,CHEMBL284,Dipeptidyl peptidase 4,N[C@@H](CC(=O)N1CCN(C(=O)c2cnccn2)CC1)Cc1cc(F)c(F)cc1F
10991414,CHEMBL2069852,IC50,=,91.5,nM,7.04,CHEMBL284,Dipeptidyl peptidase 4,N[C@@H](CC(=O)N1CCN(C(=O)c2ccc(O)nc2)CC1)Cc1cc(F)c(F)cc1F
10991415,CHEMBL2069853,IC50,=,31.2,nM,7.51,CHEMBL284,Dipeptidyl peptidase 4,N[C@@H](CC(=O)N1CCN(C(=O)c2cc(O)c3cccc(O)c3n2)CC1)Cc1cc(F)c(F)cc1F
10991416,CHEMBL2069854,IC50,=,50.6,nM,7.30,CHEMBL284,Dipeptidyl peptidase 4,N[C@@H](CC(=O)N1CCN(C(=O)c2cc3ccccc3s2)CC1)Cc1cc(F)c(F)cc1F
10991417,CHEMBL2069855,IC50,=,33.9,nM,7.47,CHEMBL284,Dipeptidyl peptidase 4,Cn1c(C(=O)N2CCN(C(=O)C[C@H](N)Cc3cc(F)c(F)cc3F)CC2)cc2ccccc21
10991418,CHEMBL2069856,IC50,=,76.2,nM,7.12,CHEMBL284,Dipeptidyl peptidase 4,N[C@@H](CC(=O)N1CCN(C(=O)c2cc3ccccc3o2)CC1)Cc1cc(F)c(F)cc1F
10991419,CHEMBL2069308,IC50,=,36.7,nM,7.43,CHEMBL284,Dipeptidyl peptidase 4,N[C@@H](CC(=O)N1CCN(C(=O)c2ccc3cccnc3n2)CC1)Cc1cc(F)c(F)cc1F
10991420,CHEMBL2069857,IC50,=,42.2,nM,7.38,CHEMBL284,Dipeptidyl peptidase 4,N[C@@H](CC(=O)N1CCN(C(=O)c2cc(Cl)ccn2)CC1)Cc1cc(F)c(F)cc1F
10991421,CHEMBL2069858,IC50,=,30.5,nM,7.52,CHEMBL284,Dipeptidyl peptidase 4,N[C@@H](CC(=O)N1CCN(C(=O)c2cccc(-c3ccc(F)cc3)n2)CC1)Cc1cc(F)c(F)cc1F
10991422,CHEMBL2069859,IC50,=,113.9,nM,6.94,CHEMBL284,Dipeptidyl peptidase 4,N[C@@H](CC(=O)N1CCN(C(=O)c2cccc(F)n2)CC1)Cc1cc(F)c(F)cc1F
10991423,CHEMBL2069860,IC50,=,57.4,nM,7.24,CHEMBL284,Dipeptidyl peptidase 4,N[C@@H](CC(=O)N1CCN(C(=O)c2ncc(F)cc2F)CC1)Cc1cc(F)c(F)cc1F
11014676,CHEMBL2086587,IC50,=,320.0,nM,6.50,CHEMBL284,Dipeptidyl peptidase 4,NC(=O)[C@@H]1CCCN1C(=O)CCNC(=O)c1ccccc1
11014677,CHEMBL2086588,IC50,=,890.0,nM,6.05,CHEMBL284,Dipeptidyl peptidase 4,COc1ccc(C(=O)NCCC(=O)N2CCC[C@H]2C(N)=O)cc1
11014678,CHEMBL2086589,IC50,=,863.0,nM,6.06,CHEMBL284,Dipeptidyl peptidase 4,NC(=O)[C@@H]1CCCN1C(=O)CCNC(=O)c1ccc(O)cc1
11014679,CHEMBL2086590,IC50,=,93.0,nM,7.03,CHEMBL284,Dipeptidyl peptidase 4,NC(=O)[C@@H]1CCCN1C(=O)CCNC(=O)c1ccc(F)cc1
11014680,CHEMBL2086591,IC50,=,31.0,nM,7.51,CHEMBL284,Dipeptidyl peptidase 4,N#Cc1ccc(C(=O)NCCC(=O)N2CCC[C@H]2C(N)=O)cc1
11014681,CHEMBL2086592,IC50,=,28.0,nM,7.55,CHEMBL284,Dipeptidyl peptidase 4,NC(=O)[C@@H]1CCCN1C(=O)CCNC(=O)c1ccc(C(F)(F)F)cc1
11014682,CHEMBL2086593,IC50,=,715.0,nM,6.15,CHEMBL284,Dipeptidyl peptidase 4,Cc1ccc(C(=O)NCCC(=O)N2CCC[C@H]2C(N)=O)cc1
11014683,CHEMBL2086594,IC50,=,107.0,nM,6.97,CHEMBL284,Dipeptidyl peptidase 4,NC(=O)[C@@H]1CCCN1C(=O)CCNC(=O)c1ccc(-c2ccccc2)cc1
11014684,CHEMBL2086595,IC50,=,298.0,nM,6.53,CHEMBL284,Dipeptidyl peptidase 4,NC(=O)[C@@H]1CCCN1C(=O)CCCNC(=O)c1ccccc1
11014685,CHEMBL2086596,IC50,=,869.0,nM,6.06,CHEMBL284,Dipeptidyl peptidase 4,COc1ccc(C(=O)NCCCC(=O)N2CCC[C@H]2C(N)=O)cc1
11014686,CHEMBL2086597,IC50,=,843.0,nM,6.07,CHEMBL284,Dipeptidyl peptidase 4,NC(=O)[C@@H]1CCCN1C(=O)CCCNC(=O)c1ccc(O)cc1
11014687,CHEMBL2086598,IC50,=,74.0,nM,7.13,CHEMBL284,Dipeptidyl peptidase 4,NC(=O)[C@@H]1CCCN1C(=O)CCCNC(=O)c1ccc(F)cc1
11014688,CHEMBL2086599,IC50,=,26.0,nM,7.58,CHEMBL284,Dipeptidyl peptidase 4,N#Cc1ccc(C(=O)NCCCC(=O)N2CCC[C@H]2C(N)=O)cc1
11014689,CHEMBL2086600,IC50,=,19.0,nM,7.72,CHEMBL284,Dipeptidyl peptidase 4,NC(=O)[C@@H]1CCCN1C(=O)CCCNC(=O)c1ccc(C(F)(F)F)cc1
11014690,CHEMBL2086601,IC50,=,694.0,nM,6.16,CHEMBL284,Dipeptidyl peptidase 4,Cc1ccc(C(=O)NCCCC(=O)N2CCC[C@H]2C(N)=O)cc1
11014691,CHEMBL2086602,IC50,=,104.0,nM,6.98,CHEMBL284,Dipeptidyl peptidase 4,NC(=O)[C@@H]1CCCN1C(=O)CCCNC(=O)c1ccc(-c2ccccc2)cc1
11014692,CHEMBL2086603,IC50,=,311.0,nM,6.51,CHEMBL284,Dipeptidyl peptidase 4,NC(=O)[C@@H]1CCCN1C(=O)c1ccc(NC(=O)c2ccccc2)cc1
11014693,CHEMBL2086604,IC50,=,879.0,nM,6.06,CHEMBL284,Dipeptidyl peptidase 4,COc1ccc(C(=O)Nc2ccc(C(=O)N3CCC[C@H]3C(N)=O)cc2)cc1
11014694,CHEMBL2086605,IC50,=,863.0,nM,6.06,CHEMBL284,Dipeptidyl peptidase 4,NC(=O)[C@@H]1CCCN1C(=O)c1ccc(NC(=O)c2ccc(O)cc2)cc1
11014695,CHEMBL2086606,IC50,=,100.0,nM,7.00,CHEMBL284,Dipeptidyl peptidase 4,NC(=O)[C@@H]1CCCN1C(=O)c1ccc(NC(=O)c2ccc(F)cc2)cc1
11014696,CHEMBL2086607,IC50,=,34.0,nM,7.47,CHEMBL284,Dipeptidyl peptidase 4,N#Cc1ccc(C(=O)Nc2ccc(C(=O)N3CCC[C@H]3C(N)=O)cc2)cc1
11014697,CHEMBL2086608,IC50,=,31.0,nM,7.51,CHEMBL284,Dipeptidyl peptidase 4,NC(=O)[C@@H]1CCCN1C(=O)c1ccc(NC(=O)c2ccc(C(F)(F)F)cc2)cc1
11014698,CHEMBL2086609,IC50,=,723.0,nM,6.14,CHEMBL284,Dipeptidyl peptidase 4,Cc1ccc(C(=O)Nc2ccc(C(=O)N3CCC[C@H]3C(N)=O)cc2)cc1
11014699,CHEMBL2086610,IC50,=,116.0,nM,6.94,CHEMBL284,Dipeptidyl peptidase 4,NC(=O)[C@@H]1CCCN1C(=O)c1ccc(NC(=O)c2ccc(-c3ccccc3)cc2)cc1
11014700,CHEMBL2086611,IC50,=,10.3,nM,7.99,CHEMBL284,Dipeptidyl peptidase 4,N#Cc1ccc(C(=O)NCCC(=O)N2CCC[C@H]2C#N)cc1
11014701,CHEMBL2086612,IC50,=,13.2,nM,7.88,CHEMBL284,Dipeptidyl peptidase 4,N#C[C@@H]1CCCN1C(=O)CCNC(=O)c1ccc(C(F)(F)F)cc1
11014702,CHEMBL2086613,IC50,=,2.3,nM,8.64,CHEMBL284,Dipeptidyl peptidase 4,N#Cc1ccc(C(=O)NCCCC(=O)N2CCC[C@H]2C#N)cc1
11014703,CHEMBL2086614,IC50,=,3.8,nM,8.42,CHEMBL284,Dipeptidyl peptidase 4,N#C[C@@H]1CCCN1C(=O)CCCNC(=O)c1ccc(C(F)(F)F)cc1
11014704,CHEMBL2086615,IC50,=,11.6,nM,7.94,CHEMBL284,Dipeptidyl peptidase 4,N#Cc1ccc(C(=O)Nc2ccc(C(=O)N3CCC[C@H]3C#N)cc2)cc1
11014705,CHEMBL2086616,IC50,=,14.3,nM,7.84,CHEMBL284,Dipeptidyl peptidase 4,N#C[C@@H]1CCCN1C(=O)c1ccc(NC(=O)c2ccc(C(F)(F)F)cc2)cc1
11014706,CHEMBL77538,IC50,=,7.2,nM,8.14,CHEMBL284,Dipeptidyl peptidase 4,N#Cc1ccc(NCCNCC(=O)N2CCC[C@H]2C#N)nc1
11014707,CHEMBL142703,IC50,=,3.2,nM,8.49,CHEMBL284,Dipeptidyl peptidase 4,N#C[C@@H]1CCCN1C(=O)CNC12CC3CC(CC(O)(C3)C1)C2
12034792,CHEMBL2058971,IC50,=,0.37,nM,9.43,CHEMBL284,Dipeptidyl peptidase 4,O=C([C@@H]1C[C@H](N2CCN(c3cc(C(F)(F)F)nc4ccccc34)CC2)CN1)N1CCSC1
12034793,CHEMBL2058968,IC50,=,2.2,nM,8.66,CHEMBL284,Dipeptidyl peptidase 4,O=C([C@@H]1C[C@H](N2CCN(c3ccc4ccccc4n3)CC2)CN1)N1CCSC1
12034794,CHEMBL2058969,IC50,=,0.95,nM,9.02,CHEMBL284,Dipeptidyl peptidase 4,O=C([C@@H]1C[C@H](N2CCN(c3ccnc4ccccc34)CC2)CN1)N1CCSC1
12034795,CHEMBL2147702,IC50,=,4.5,nM,8.35,CHEMBL284,Dipeptidyl peptidase 4,O=C([C@@H]1C[C@H](N2CCN(c3nc(-c4ccccc4)cs3)CC2)CN1)N1CCSC1
12034796,CHEMBL2147703,IC50,=,0.26,nM,9.59,CHEMBL284,Dipeptidyl peptidase 4,O=C([C@@H]1C[C@H](N2CCN(c3nccn3-c3ccccc3)CC2)CN1)N1CCSC1
12034797,CHEMBL2147704,IC50,=,0.2,nM,9.70,CHEMBL284,Dipeptidyl peptidase 4,O=C([C@@H]1C[C@H](N2CCN(c3nnnn3-c3ccccc3)CC2)CN1)N1CCSC1
12034798,CHEMBL2147705,IC50,=,4.0,nM,8.40,CHEMBL284,Dipeptidyl peptidase 4,O=C([C@@H]1C[C@H](N2CCC(c3nnnn3-c3ccccc3)CC2)CN1)N1CCSC1
12034799,CHEMBL2147706,IC50,=,4.3,nM,8.37,CHEMBL284,Dipeptidyl peptidase 4,O=C([C@@H]1C[C@H](N2CCN(c3nnnn3C3CCCCC3)CC2)CN1)N1CCSC1
12034800,CHEMBL2147707,IC50,=,0.94,nM,9.03,CHEMBL284,Dipeptidyl peptidase 4,O=C([C@@H]1C[C@H](N2CCN(c3ccnn3-c3ccccc3)CC2)CN1)N1CCSC1
12034802,CHEMBL2147709,IC50,=,0.32,nM,9.49,CHEMBL284,Dipeptidyl peptidase 4,O=C([C@@H]1C[C@H](N2CCN(c3cc(C(F)(F)F)nn3-c3ccccc3)CC2)CN1)N1CCSC1
12034803,CHEMBL2147710,IC50,=,5.6,nM,8.25,CHEMBL284,Dipeptidyl peptidase 4,O=C([C@@H]1C[C@H](N2CCC(c3cc(C(F)(F)F)nn3-c3ccccc3)CC2)CN1)N1CCSC1
12034804,CHEMBL2147711,IC50,=,2.9,nM,8.54,CHEMBL284,Dipeptidyl peptidase 4,Cc1cc(N2CCN([C@@H]3CN[C@H](C(=O)N4CCSC4)C3)CC2)n(-c2ccc(F)cc2)n1
12034805,CHEMBL2147712,IC50,=,0.3,nM,9.52,CHEMBL284,Dipeptidyl peptidase 4,Cc1cc(N2CCN([C@@H]3CN[C@H](C(=O)N4CCSC4)C3)CC2)n(-c2cccc(F)c2)n1
12034806,CHEMBL2147713,IC50,=,0.85,nM,9.07,CHEMBL284,Dipeptidyl peptidase 4,Cc1cc(N2CCN([C@@H]3CN[C@H](C(=O)N4CCSC4)C3)CC2)n(-c2ccccc2F)n1
12034807,CHEMBL2147714,IC50,=,3.4,nM,8.47,CHEMBL284,Dipeptidyl peptidase 4,Cc1cc(N2CCN([C@@H]3CN[C@H](C(=O)N4CCSC4)C3)CC2)n(-c2ccc(Cl)cc2)n1
12034808,CHEMBL2147715,IC50,=,12.0,nM,7.92,CHEMBL284,Dipeptidyl peptidase 4,Cc1cc(N2CCN([C@@H]3CN[C@H](C(=O)N4CCSC4)C3)CC2)n(-c2ccc(C#N)cc2)n1
12034809,CHEMBL2147772,IC50,=,5.0,nM,8.30,CHEMBL284,Dipeptidyl peptidase 4,Cc1cc(N2CCN([C@@H]3CN[C@H](C(=O)N4CCSC4)C3)CC2)n(-c2ccncc2)n1
12034810,CHEMBL2147773,IC50,=,0.62,nM,9.21,CHEMBL284,Dipeptidyl peptidase 4,Cc1cc(N2CCN([C@@H]3CN[C@H](C(=O)N4CCSC4)C3)CC2)n(-c2cccnc2)n1
12034811,CHEMBL2147771,IC50,=,0.63,nM,9.20,CHEMBL284,Dipeptidyl peptidase 4,Cc1cc(N2CCN([C@@H]3CN[C@H](C(=O)N4CCSC4)C3)CC2)n(-c2ccccn2)n1
12034812,CHEMBL2147774,IC50,=,15.0,nM,7.82,CHEMBL284,Dipeptidyl peptidase 4,Cc1cc(N2CCN([C@@H]3CN[C@H](C(=O)N4CCSC4)C3)CC2)n(-c2ccc(C#N)cn2)n1
12034813,CHEMBL2147775,IC50,=,6.3,nM,8.20,CHEMBL284,Dipeptidyl peptidase 4,Cc1cc(N2CCN([C@H]3CN[C@H](C(=O)N4CCSC4)C3)CC2)n(-c2ccccc2)n1
12034814,CHEMBL391466,IC50,=,1.6,nM,8.80,CHEMBL284,Dipeptidyl peptidase 4,O=C([C@@H]1C[C@H](N2CCN(c3ccc([N+](=O)[O-])cc3)CC2)CN1)N1CCSC1
12034815,CHEMBL241253,IC50,=,1.6,nM,8.80,CHEMBL284,Dipeptidyl peptidase 4,N#Cc1ccc(N2CCN([C@@H]3CN[C@H](C(=O)N4CCSC4)C3)CC2)nc1
12034816,CHEMBL2147776,IC50,>,1000.0,nM,,CHEMBL284,Dipeptidyl peptidase 4,Cc1cc(N2CCN([C@H]3CN[C@@H](C(=O)N4CCSC4)C3)CC2)n(-c2ccccc2)n1
12035240,CHEMBL2147777,IC50,=,0.37,nM,9.43,CHEMBL284,Dipeptidyl peptidase 4,Cc1cc(N2CCN([C@@H]3CN[C@H](C(=O)N4CCSC4)C3)CC2)n(-c2ccccc2)n1
12044045,CHEMBL2147070,IC50,=,0.48,nM,9.32,CHEMBL284,Dipeptidyl peptidase 4,Cl.Cn1c(=O)c2c(nc(N3CCC[C@@H](N)C3)n2Cc2cc(F)ccc2Cl)c2ccc(C(=O)O)cc21
12044046,CHEMBL142703,Ki,=,3.0,nM,8.52,CHEMBL284,Dipeptidyl peptidase 4,N#C[C@@H]1CCCN1C(=O)CNC12CC3CC(CC(O)(C3)C1)C2
12044047,CHEMBL385517,IC50,=,3.37,nM,8.47,CHEMBL284,Dipeptidyl peptidase 4,N#C[C@@H]1C[C@@H]2C[C@@H]2N1C(=O)[C@@H](N)C12CC3CC(CC(O)(C3)C1)C2
12044048,CHEMBL237500,IC50,=,1.0,nM,9.00,CHEMBL284,Dipeptidyl peptidase 4,CC#CCn1c(N2CCC[C@@H](N)C2)nc2c1c(=O)n(Cc1nc(C)c3ccccc3n1)c(=O)n2C
12044049,CHEMBL376359,IC50,=,4.0,nM,8.40,CHEMBL284,Dipeptidyl peptidase 4,Cn1c(=O)cc(N2CCC[C@@H](N)C2)n(Cc2ccccc2C#N)c1=O
12044050,CHEMBL1422,IC50,=,18.0,nM,7.75,CHEMBL284,Dipeptidyl peptidase 4,N[C@@H](CC(=O)N1CCn2c(nnc2C(F)(F)F)C1)Cc1cc(F)c(F)cc1F
12044073,CHEMBL2147057,IC50,=,418.0,nM,6.38,CHEMBL284,Dipeptidyl peptidase 4,Cl.N[C@@H]1CCCN(c2nc3c4ccccc4[nH]c(=O)c3n2Cc2ccccc2Cl)C1
12044074,CHEMBL2147087,IC50,=,103.0,nM,6.99,CHEMBL284,Dipeptidyl peptidase 4,Cl.Cn1c(=O)c2c(nc(N3CCC[C@@H](N)C3)n2Cc2ccccc2Cl)c2ccccc21
12044075,CHEMBL2147184,IC50,=,400.0,nM,6.40,CHEMBL284,Dipeptidyl peptidase 4,CCn1c(=O)c2c(nc(N3CCC[C@@H](N)C3)n2Cc2ccccc2Cl)c2ccccc21.Cl
12044076,CHEMBL2147185,IC50,=,3400.0,nM,5.47,CHEMBL284,Dipeptidyl peptidase 4,CCCn1c(=O)c2c(nc(N3CCC[C@@H](N)C3)n2Cc2ccccc2Cl)c2ccccc21.Cl
12044077,CHEMBL2147186,IC50,>,10000.0,nM,,CHEMBL284,Dipeptidyl peptidase 4,Cl.N[C@@H]1CCCN(c2nc3c4ccccc4n(Cc4ccccc4)c(=O)c3n2Cc2ccccc2Cl)C1
12044078,CHEMBL2147187,IC50,=,660.0,nM,6.18,CHEMBL284,Dipeptidyl peptidase 4,COc1cccc2c3nc(N4CCC[C@@H](N)C4)n(Cc4ccccc4Cl)c3c(=O)n(C)c12.Cl
12044079,CHEMBL2147188,IC50,=,271.0,nM,6.57,CHEMBL284,Dipeptidyl peptidase 4,COC(=O)c1cccc2c3nc(N4CCC[C@@H](N)C4)n(Cc4ccccc4Cl)c3c(=O)n(C)c12.Cl
12044080,CHEMBL2147189,IC50,=,72.0,nM,7.14,CHEMBL284,Dipeptidyl peptidase 4,Cl.Cn1c(=O)c2c(nc(N3CCC[C@@H](N)C3)n2Cc2ccccc2Cl)c2cccc(C(=O)O)c21
12044081,CHEMBL2147190,IC50,=,66.0,nM,7.18,CHEMBL284,Dipeptidyl peptidase 4,Cl.Cn1c(=O)c2c(nc(N3CCC[C@@H](N)C3)n2Cc2ccccc2Cl)c2ccc(F)cc21
12044082,CHEMBL2147191,IC50,=,72.0,nM,7.14,CHEMBL284,Dipeptidyl peptidase 4,Cl.Cn1c(=O)c2c(nc(N3CCC[C@@H](N)C3)n2Cc2ccccc2Cl)c2ccc(-c3ccccc3)cc21
12044083,CHEMBL2147192,IC50,=,340.0,nM,6.47,CHEMBL284,Dipeptidyl peptidase 4,Cc1ccc2c3nc(N4CCC[C@@H](N)C4)n(Cc4ccccc4Cl)c3c(=O)n(C)c2c1
12044084,CHEMBL2147193,IC50,=,66.0,nM,7.18,CHEMBL284,Dipeptidyl peptidase 4,COc1ccc2c3nc(N4CCC[C@@H](N)C4)n(Cc4ccccc4Cl)c3c(=O)n(C)c2c1.Cl
12044085,CHEMBL2147194,IC50,=,17.0,nM,7.77,CHEMBL284,Dipeptidyl peptidase 4,COCc1ccc2c3nc(N4CCC[C@@H](N)C4)n(Cc4ccccc4Cl)c3c(=O)n(C)c2c1.Cl
12044086,CHEMBL2147183,IC50,=,22.0,nM,7.66,CHEMBL284,Dipeptidyl peptidase 4,Cn1c(=O)c2c(nc(N3CCC[C@@H](N)C3)n2Cc2ccccc2Cl)c2ccc(CO)cc21
12044087,CHEMBL2147195,IC50,=,16.0,nM,7.80,CHEMBL284,Dipeptidyl peptidase 4,COC(=O)c1ccc2c3nc(N4CCC[C@@H](N)C4)n(Cc4ccccc4Cl)c3c(=O)n(C)c2c1.Cl
12044088,CHEMBL2147196,IC50,=,12.0,nM,7.92,CHEMBL284,Dipeptidyl peptidase 4,Cl.Cn1c(=O)c2c(nc(N3CCC[C@@H](N)C3)n2Cc2ccccc2Cl)c2ccc(C(N)=O)cc21
12044089,CHEMBL2147071,IC50,=,10.0,nM,8.00,CHEMBL284,Dipeptidyl peptidase 4,CN(C)C(=O)c1ccc2c3nc(N4CCC[C@@H](N)C4)n(Cc4ccccc4Cl)c3c(=O)n(C)c2c1.Cl
12044090,CHEMBL2147072,IC50,=,6.3,nM,8.20,CHEMBL284,Dipeptidyl peptidase 4,Cn1c(=O)c2c(nc(N3CCC[C@@H](N)C3)n2Cc2ccccc2Cl)c2ccc(C#N)cc21
12044091,CHEMBL2147073,IC50,=,1.6,nM,8.80,CHEMBL284,Dipeptidyl peptidase 4,Cl.Cn1c(=O)c2c(nc(N3CCC[C@@H](N)C3)n2Cc2ccccc2Cl)c2ccc(C(=O)O)cc21
12044092,CHEMBL2147074,IC50,=,3.8,nM,8.42,CHEMBL284,Dipeptidyl peptidase 4,Cl.Cn1c(=O)c2c(nc(N3CCC[C@@H](N)C3)n2Cc2ccccc2Cl)c2ccc(CC(=O)O)cc21
12044093,CHEMBL2147075,IC50,=,90.0,nM,7.05,CHEMBL284,Dipeptidyl peptidase 4,COc1ccc2c(c1)c1nc(N3CCC[C@@H](N)C3)n(Cc3ccccc3Cl)c1c(=O)n2C.Cl
12044094,CHEMBL2147076,IC50,=,94.0,nM,7.03,CHEMBL284,Dipeptidyl peptidase 4,Cc1ccc2c(c1)c1nc(N3CCC[C@@H](N)C3)n(Cc3ccccc3Cl)c1c(=O)n2C.Cl
12044095,CHEMBL2147077,IC50,=,56.0,nM,7.25,CHEMBL284,Dipeptidyl peptidase 4,Cl.Cn1c(=O)c2c(nc(N3CCC[C@@H](N)C3)n2Cc2ccccc2Cl)c2cc(F)ccc21
12044096,CHEMBL2147078,IC50,=,60.0,nM,7.22,CHEMBL284,Dipeptidyl peptidase 4,Cl.Cn1c(=O)c2c(nc(N3CCC[C@@H](N)C3)n2Cc2ccccc2Cl)c2cc(OC(F)F)ccc21
12044097,CHEMBL2147079,IC50,=,21.0,nM,7.68,CHEMBL284,Dipeptidyl peptidase 4,COC(=O)c1ccc2c(c1)c1nc(N3CCC[C@@H](N)C3)n(Cc3ccccc3Cl)c1c(=O)n2C.Cl
12044098,CHEMBL2147080,IC50,=,14.0,nM,7.85,CHEMBL284,Dipeptidyl peptidase 4,Cl.Cn1c(=O)c2c(nc(N3CCC[C@@H](N)C3)n2Cc2ccccc2Cl)c2cc(C(N)=O)ccc21
12044099,CHEMBL2147081,IC50,=,13.0,nM,7.89,CHEMBL284,Dipeptidyl peptidase 4,CN(C)C(=O)c1ccc2c(c1)c1nc(N3CCC[C@@H](N)C3)n(Cc3ccccc3Cl)c1c(=O)n2C.Cl
12044100,CHEMBL2147082,IC50,=,5.8,nM,8.24,CHEMBL284,Dipeptidyl peptidase 4,Cl.Cn1c(=O)c2c(nc(N3CCC[C@@H](N)C3)n2Cc2ccccc2Cl)c2cc(C(=O)O)ccc21
12044101,CHEMBL2147083,IC50,=,3.5,nM,8.46,CHEMBL284,Dipeptidyl peptidase 4,Cl.Cn1c(=O)c2c(nc(N3CCC[C@@H](N)C3)n2Cc2ccccc2Cl)c2cc(CC(=O)O)ccc21
12044102,CHEMBL2147084,IC50,=,54.0,nM,7.27,CHEMBL284,Dipeptidyl peptidase 4,Cl.Cn1c(=O)c2c(nc(N3CCC[C@@H](N)C3)n2Cc2ccccc2Cl)c2c(C(=O)O)cccc21
12044103,CHEMBL2147085,IC50,=,17.0,nM,7.77,CHEMBL284,Dipeptidyl peptidase 4,Cl.Cn1c(=O)c2c(nc(N3CCC[C@@H](N)C3)n2Cc2ccccc2Cl)c2c(CC(=O)O)cccc21
12044104,CHEMBL2147086,IC50,=,64.0,nM,7.19,CHEMBL284,Dipeptidyl peptidase 4,Cl.Cn1c(=O)c2c(nc(N3CCC[C@@H](N)C3)n2Cc2ccccc2)c2cc(C(=O)O)ccc21
12044105,CHEMBL2147058,IC50,=,11.0,nM,7.96,CHEMBL284,Dipeptidyl peptidase 4,Cc1ccccc1Cn1c(N2CCC[C@@H](N)C2)nc2c3cc(C(=O)O)ccc3n(C)c(=O)c21.Cl
12044106,CHEMBL2147059,IC50,=,38.0,nM,7.42,CHEMBL284,Dipeptidyl peptidase 4,COc1ccccc1Cn1c(N2CCC[C@@H](N)C2)nc2c3cc(C(=O)O)ccc3n(C)c(=O)c21.Cl
12044107,CHEMBL2147060,IC50,=,160.0,nM,6.80,CHEMBL284,Dipeptidyl peptidase 4,Cl.Cn1c(=O)c2c(nc(N3CCC[C@@H](N)C3)n2Cc2ccccc2F)c2cc(C(=O)O)ccc21
12044108,CHEMBL2147049,IC50,=,110.0,nM,6.96,CHEMBL284,Dipeptidyl peptidase 4,Cl.Cn1c(=O)c2c(nc(N3CCC[C@@H](N)C3)n2Cc2cccc(Cl)c2)c2cc(C(=O)O)ccc21
12044109,CHEMBL2147061,IC50,>,10000.0,nM,,CHEMBL284,Dipeptidyl peptidase 4,Cl.Cn1c(=O)c2c(nc(N3CCC[C@@H](N)C3)n2Cc2ccc(Cl)cc2)c2cc(C(=O)O)ccc21
12044110,CHEMBL2147062,IC50,=,150.0,nM,6.82,CHEMBL284,Dipeptidyl peptidase 4,COc1cccc(Cn2c(N3CCC[C@@H](N)C3)nc3c4cc(C(=O)O)ccc4n(C)c(=O)c32)c1.Cl
12044111,CHEMBL2147063,IC50,=,6900.0,nM,5.16,CHEMBL284,Dipeptidyl peptidase 4,COc1ccc(Cn2c(N3CCC[C@@H](N)C3)nc3c4cc(C(=O)O)ccc4n(C)c(=O)c32)cc1.Cl
12044112,CHEMBL2147064,IC50,=,3500.0,nM,5.46,CHEMBL284,Dipeptidyl peptidase 4,Cl.Cn1c(=O)c2c(nc(N3CCC[C@@H](N)C3)n2CCc2ccccc2Cl)c2cc(C(=O)O)ccc21
12044113,CHEMBL2147065,IC50,=,8900.0,nM,5.05,CHEMBL284,Dipeptidyl peptidase 4,Cl.Cn1c(=O)c2c(nc(N3CCC[C@@H](N)C3)n2CC2CCCCC2)c2cc(C(=O)O)ccc21
12044114,CHEMBL2147066,IC50,=,51.0,nM,7.29,CHEMBL284,Dipeptidyl peptidase 4,CC(C)=CCn1c(N2CCC[C@@H](N)C2)nc2c3cc(C(=O)O)ccc3n(C)c(=O)c21.Cl
12044115,CHEMBL2147067,IC50,=,90.0,nM,7.05,CHEMBL284,Dipeptidyl peptidase 4,CC#CCn1c(N2CCC[C@@H](N)C2)nc2c3cc(C(=O)O)ccc3n(C)c(=O)c21.Cl
12044116,CHEMBL2147068,IC50,=,25.0,nM,7.60,CHEMBL284,Dipeptidyl peptidase 4,Cl.Cn1c(=O)c2c(nc(N3CCC[C@@H](N)C3)n2Cc2cc(Cl)ccc2Cl)c2cc(C(=O)O)ccc21
12044117,CHEMBL2147069,IC50,=,4.8,nM,8.32,CHEMBL284,Dipeptidyl peptidase 4,Cl.Cn1c(=O)c2c(nc(N3CCC[C@@H](N)C3)n2Cc2cc(F)ccc2Cl)c2cc(C(=O)O)ccc21
12044118,CHEMBL2147056,IC50,=,0.55,nM,9.26,CHEMBL284,Dipeptidyl peptidase 4,Cc1ccc(F)cc1Cn1c(N2CCC[C@@H](N)C2)nc2c3ccc(C(=O)O)cc3n(C)c(=O)c21.Cl
12049459,CHEMBL1182947,IC50,=,15000.0,nM,4.82,CHEMBL284,Dipeptidyl peptidase 4,O=C([C@@H]1CCCN1)N1CCCC1P(=O)(Oc1ccccc1)Oc1ccccc1
12049460,CHEMBL2153742,IC50,=,400.0,nM,6.40,CHEMBL284,Dipeptidyl peptidase 4,CC(=O)Nc1ccc(OP(=O)(Oc2ccc(NC(C)=O)cc2)C2CCCN2C(=O)[C@@H]2CCCN2)cc1
12049461,CHEMBL2153743,IC50,=,16.0,nM,7.80,CHEMBL284,Dipeptidyl peptidase 4,COC(=O)c1ccc(OP(=O)(Oc2ccc(C(=O)OC)cc2)C2CCCN2C(=O)[C@@H]2CCCN2)cc1
12049462,CHEMBL2153744,IC50,=,23.0,nM,7.64,CHEMBL284,Dipeptidyl peptidase 4,CCOC(=O)CNC(=O)c1ccc(OP(=O)(Oc2ccc(C(=O)NCC(=O)OCC)cc2)C2CCCN2C(=O)[C@@H]2CCCN2)cc1
12078476,CHEMBL2159175,IC50,=,257.0,nM,6.59,CHEMBL284,Dipeptidyl peptidase 4,Cn1c(=O)c2c(-c3ccccc3)c(CN)c(N)nc2n(C)c1=O
12078477,CHEMBL2159176,IC50,=,1070.0,nM,5.97,CHEMBL284,Dipeptidyl peptidase 4,Cn1c(=O)c2c(-c3ccc(F)cc3)c(CN)c(N)nc2n(C)c1=O
12078478,CHEMBL2159177,IC50,=,128.0,nM,6.89,CHEMBL284,Dipeptidyl peptidase 4,Cn1c(=O)c2c(-c3ccc(Br)cc3)c(CN)c(N)nc2n(C)c1=O
12078479,CHEMBL2159178,IC50,=,2800.0,nM,5.55,CHEMBL284,Dipeptidyl peptidase 4,COc1cccc(-c2c(CN)c(N)nc3c2c(=O)n(C)c(=O)n3C)c1
12078480,CHEMBL2159179,IC50,=,57.0,nM,7.24,CHEMBL284,Dipeptidyl peptidase 4,COc1ccccc1-c1c(CN)c(N)nc2c1c(=O)n(C)c(=O)n2C
12078481,CHEMBL2159180,IC50,=,69.0,nM,7.16,CHEMBL284,Dipeptidyl peptidase 4,Cn1c(=O)c2c(-c3ccccc3C#N)c(CN)c(N)nc2n(C)c1=O
12078482,CHEMBL2159181,IC50,=,33.0,nM,7.48,CHEMBL284,Dipeptidyl peptidase 4,Cn1c(=O)c2c(-c3ccccc3Cl)c(CN)c(N)nc2n(C)c1=O
12078483,CHEMBL2159182,IC50,=,17.0,nM,7.77,CHEMBL284,Dipeptidyl peptidase 4,Cn1c(=O)c2c(-c3ccccc3Br)c(CN)c(N)nc2n(C)c1=O
12078484,CHEMBL2159183,IC50,=,371.0,nM,6.43,CHEMBL284,Dipeptidyl peptidase 4,Cn1c(=O)c2c(-c3cccc(Cl)c3Cl)c(CN)c(N)nc2n(C)c1=O
12078485,CHEMBL2159184,IC50,=,24.0,nM,7.62,CHEMBL284,Dipeptidyl peptidase 4,Cn1c(=O)c2c(-c3ccc(Cl)cc3Cl)c(CN)c(N)nc2n(C)c1=O
12078486,CHEMBL2159185,IC50,=,29.0,nM,7.54,CHEMBL284,Dipeptidyl peptidase 4,Cn1c(=O)c2c(-c3cc(Cl)ccc3Cl)c(CN)c(N)nc2n(C)c1=O
12078487,CHEMBL2159186,IC50,=,20.0,nM,7.70,CHEMBL284,Dipeptidyl peptidase 4,COc1ccc(F)cc1-c1c(CN)c(N)nc2c1c(=O)n(C)c(=O)n2C
12078488,CHEMBL2159187,IC50,=,7.6,nM,8.12,CHEMBL284,Dipeptidyl peptidase 4,Cn1c(=O)c2c(-c3cc(F)ccc3Cl)c(CN)c(N)nc2n(C)c1=O
12078489,CHEMBL2159188,IC50,=,4.8,nM,8.32,CHEMBL284,Dipeptidyl peptidase 4,Cn1c(=O)c2c(-c3cc(F)ccc3Br)c(CN)c(N)nc2n(C)c1=O
12078490,CHEMBL2159189,IC50,=,260.0,nM,6.58,CHEMBL284,Dipeptidyl peptidase 4,Cn1c(=O)c2c(-c3cc(F)ccc3Br)c(CN)c(O)nc2n(C)c1=O
12078491,CHEMBL2159190,IC50,=,2.8,nM,8.55,CHEMBL284,Dipeptidyl peptidase 4,CNc1nc2c(c(-c3cc(F)ccc3Br)c1CN)c(=O)n(C)c(=O)n2C
12078492,CHEMBL2159191,IC50,=,6.9,nM,8.16,CHEMBL284,Dipeptidyl peptidase 4,CCNc1nc2c(c(-c3cc(F)ccc3Br)c1CN)c(=O)n(C)c(=O)n2C
12078493,CHEMBL2159192,IC50,=,2.8,nM,8.55,CHEMBL284,Dipeptidyl peptidase 4,CCN(CC)c1nc2c(c(-c3cc(F)ccc3Br)c1CN)c(=O)n(C)c(=O)n2C
12078494,CHEMBL2159193,IC50,=,4.6,nM,8.34,CHEMBL284,Dipeptidyl peptidase 4,Cn1c(=O)c2c(-c3cc(F)ccc3Br)c(CN)c(N3CCOCC3)nc2n(C)c1=O
12078495,CHEMBL2159194,IC50,=,9.9,nM,8.00,CHEMBL284,Dipeptidyl peptidase 4,CN1CCN(c2nc3c(c(-c4cc(F)ccc4Br)c2CN)c(=O)n(C)c(=O)n3C)CC1
12078592,CHEMBL257036,IC50,=,30000.0,nM,4.52,CHEMBL284,Dipeptidyl peptidase 4,NCc1ccccc1-c1ccccc1
12152733,CHEMBL2178959,IC50,>,100000.0,nM,,CHEMBL284,Dipeptidyl peptidase 4,CC(C)(C)OC(=O)NCc1cn([C@H]2C[C@@H](C(=O)N3CCC[C@H]3C#N)N(C(=O)CCCc3ccccc3)C2)nn1
12152734,CHEMBL2178958,IC50,>,100000.0,nM,,CHEMBL284,Dipeptidyl peptidase 4,N#C[C@@H]1CCCN1C(=O)[C@@H]1C[C@H](N=[N+]=[N-])CN1C(=O)CCCc1ccccc1
12152735,CHEMBL189620,IC50,>,100000.0,nM,,CHEMBL284,Dipeptidyl peptidase 4,N#C[C@@H]1CCCN1C(=O)[C@@H]1CCCN1C(=O)CCCc1ccccc1
12152736,CHEMBL2178957,IC50,>,100000.0,nM,,CHEMBL284,Dipeptidyl peptidase 4,CC(C)(C)OC(=O)NCc1cn([C@@H]2C[C@@H](C(=O)N3CCCC3)N(C(=O)CCCc3ccccc3)C2)nn1
12152737,CHEMBL2178956,IC50,>,100000.0,nM,,CHEMBL284,Dipeptidyl peptidase 4,O=C([C@@H]1C[C@@H](n2cc(-c3ccccc3)nn2)CN1C(=O)CCCc1ccccc1)N1CCCC1
12152738,CHEMBL2178955,IC50,>,100000.0,nM,,CHEMBL284,Dipeptidyl peptidase 4,[N-]=[N+]=N[C@@H]1C[C@@H](C(=O)N2CCCC2)N(C(=O)CCCc2ccccc2)C1
12152739,CHEMBL2178976,IC50,,,,,CHEMBL284,Dipeptidyl peptidase 4,Cn1cnc(-c2cn([C@H]3C[C@@H](C(=O)N4CCCC4)N(C(=O)CCCc4ccccc4)C3)nn2)c1
12152740,CHEMBL2178975,IC50,>,100000.0,nM,,CHEMBL284,Dipeptidyl peptidase 4,O=C([C@@H]1C[C@H](n2cc(CN3CCNCC3)nn2)CN1C(=O)CCCc1ccccc1)N1CCCC1
12152741,CHEMBL2178974,IC50,>,100000.0,nM,,CHEMBL284,Dipeptidyl peptidase 4,CC(C)(C)OC(=O)N1CCN(Cc2cn([C@H]3C[C@@H](C(=O)N4CCCC4)N(C(=O)CCCc4ccccc4)C3)nn2)CC1
12152742,CHEMBL2178973,IC50,>,50000.0,nM,,CHEMBL284,Dipeptidyl peptidase 4,O=C([C@@H]1C[C@H](n2cc(CN3CCOCC3)nn2)CN1C(=O)CCCc1ccccc1)N1CCCC1
12152743,CHEMBL2178972,IC50,>,100000.0,nM,,CHEMBL284,Dipeptidyl peptidase 4,CN(C)Cc1cn([C@H]2C[C@@H](C(=O)N3CCCC3)N(C(=O)CCCc3ccccc3)C2)nn1
12152744,CHEMBL2178971,IC50,>,100000.0,nM,,CHEMBL284,Dipeptidyl peptidase 4,Cl.NCc1cn([C@H]2C[C@@H](C(=O)N3CCCC3)N(C(=O)CCCc3ccccc3)C2)nn1
12152745,CHEMBL2178970,IC50,>,100000.0,nM,,CHEMBL284,Dipeptidyl peptidase 4,O=C([C@@H]1C[C@H](n2cc(COCc3ccccc3)nn2)CN1C(=O)CCCc1ccccc1)N1CCCC1
12152746,CHEMBL2178969,IC50,>,100000.0,nM,,CHEMBL284,Dipeptidyl peptidase 4,O=C([C@@H]1C[C@H](n2cc(-c3ccccn3)nn2)CN1C(=O)CCCc1ccccc1)N1CCCC1
12152747,CHEMBL2178968,IC50,>,100000.0,nM,,CHEMBL284,Dipeptidyl peptidase 4,O=C([C@@H]1C[C@H](n2cc(-c3ccccn3)nn2)CN1C(=O)OCc1ccccc1)N1CCCC1
12152748,CHEMBL2178967,IC50,>,100000.0,nM,,CHEMBL284,Dipeptidyl peptidase 4,O=C([C@@H]1C[C@H](n2cc(-c3ccc(Br)cc3)nn2)CN1C(=O)CCCc1ccccc1)N1CCCC1
12152749,CHEMBL2178966,IC50,>,100000.0,nM,,CHEMBL284,Dipeptidyl peptidase 4,O=C([C@@H]1C[C@H](n2cc(-c3ccccc3Cl)nn2)CN1C(=O)CCCc1ccccc1)N1CCCC1
12152750,CHEMBL2178965,IC50,>,100000.0,nM,,CHEMBL284,Dipeptidyl peptidase 4,O=C([C@@H]1C[C@H](n2cc(-c3ccc(F)c(F)c3)nn2)CN1C(=O)CCCc1ccccc1)N1CCCC1
12152751,CHEMBL2178964,IC50,>,100000.0,nM,,CHEMBL284,Dipeptidyl peptidase 4,O=C([C@@H]1C[C@H](n2cc(-c3ccc(F)cc3F)nn2)CN1C(=O)CCCc1ccccc1)N1CCCC1
12152752,CHEMBL2178963,IC50,>,100000.0,nM,,CHEMBL284,Dipeptidyl peptidase 4,O=C([C@@H]1C[C@H](n2cc(-c3ccc(F)cc3)nn2)CN1C(=O)CCCc1ccccc1)N1CCCC1
12152753,CHEMBL2178962,IC50,>,100000.0,nM,,CHEMBL284,Dipeptidyl peptidase 4,O=C([C@@H]1C[C@H](n2cc(-c3ccccc3)nn2)CN1C(=O)CCCc1ccccc1)N1CCCC1
12152754,CHEMBL2178961,IC50,>,100000.0,nM,,CHEMBL284,Dipeptidyl peptidase 4,O=C([C@@H]1C[C@H](n2cc(-c3ccccc3)nn2)CN1C(=O)OCc1ccccc1)N1CCCC1
12152755,CHEMBL2178960,IC50,>,100000.0,nM,,CHEMBL284,Dipeptidyl peptidase 4,CC(C)(C)OC(=O)NCc1cn([C@H]2C[C@@H](C(=O)N3CCCC3)N(C(=O)CCCc3ccccc3)C2)nn1
12152756,CHEMBL2179408,IC50,>,100000.0,nM,,CHEMBL284,Dipeptidyl peptidase 4,CC(C)(C)OC(=O)NCc1cn([C@H]2C[C@@H](C(=O)N3CCCC3)N(C(=O)OCc3ccccc3)C2)nn1
12152757,CHEMBL2179407,IC50,>,100000.0,nM,,CHEMBL284,Dipeptidyl peptidase 4,O=C([C@@H]1C[C@H](n2cc(C3CCCCC3)nn2)CN1C(=O)CCCc1ccccc1)N1CCCC1
12152758,CHEMBL2179406,IC50,>,100000.0,nM,,CHEMBL284,Dipeptidyl peptidase 4,O=C([C@@H]1C[C@H](n2cc(C3CC3)nn2)CN1C(=O)CCCc1ccccc1)N1CCCC1
12152759,CHEMBL2179405,IC50,>,100000.0,nM,,CHEMBL284,Dipeptidyl peptidase 4,C[Si](C)(C)c1cn([C@H]2C[C@@H](C(=O)N3CCCC3)N(C(=O)OCc3ccccc3)C2)nn1
12152760,CHEMBL2178979,IC50,>,100000.0,nM,,CHEMBL284,Dipeptidyl peptidase 4,O=C([C@@H]1C[C@H](n2ccnn2)CN1C(=O)OCc1ccccc1)N1CCCC1
12152761,CHEMBL2178978,IC50,>,100000.0,nM,,CHEMBL284,Dipeptidyl peptidase 4,[N-]=[N+]=N[C@H]1C[C@@H](C(=O)N2CCCC2)N(C(=O)CCCc2ccccc2)C1
12152762,CHEMBL2178977,IC50,>,100000.0,nM,,CHEMBL284,Dipeptidyl peptidase 4,[N-]=[N+]=N[C@H]1C[C@@H](C(=O)N2CCCC2)N(C(=O)OCc2ccccc2)C1
12152763,CHEMBL289651,IC50,>,100000.0,nM,,CHEMBL284,Dipeptidyl peptidase 4,O=C([C@@H]1CCCN1C(=O)CCCc1ccccc1)N1CCCC1
12152764,CHEMBL1088406,IC50,>,100000.0,nM,,CHEMBL284,Dipeptidyl peptidase 4,O=C([C@@H]1CCCN1C(=O)OCc1ccccc1)N1CCCC1
12182788,CHEMBL2206479,IC50,=,1100.0,nM,5.96,CHEMBL284,Dipeptidyl peptidase 4,N[C@@H](CC(=O)NC1(c2nc(-c3ccc(Cl)cc3)cs2)CCS(=O)(=O)CC1)Cc1cc(F)c(F)cc1F
12182790,CHEMBL2206477,IC50,=,670.0,nM,6.17,CHEMBL284,Dipeptidyl peptidase 4,COc1ccc(-c2csc(C3(NC(=O)C[C@H](N)Cc4ccccc4F)CCS(=O)(=O)CC3)n2)cc1
12182791,CHEMBL512145,IC50,=,570.0,nM,6.24,CHEMBL284,Dipeptidyl peptidase 4,N[C@@H](CC(=O)NC1(c2ccccc2)CCS(=O)(=O)CC1)Cc1ccccc1F
12182792,CHEMBL2206466,IC50,=,490.0,nM,6.31,CHEMBL284,Dipeptidyl peptidase 4,N[C@@H](CC(=O)NC1(c2cccc(-c3ccncc3)c2)CCS(=O)(=O)CC1)Cc1ccccc1F
12182793,CHEMBL2206467,IC50,=,390.0,nM,6.41,CHEMBL284,Dipeptidyl peptidase 4,N[C@@H](CC(=O)NC1(c2cccc(-c3nccs3)c2)CCS(=O)(=O)CC1)Cc1ccccc1F
12182794,CHEMBL2206470,IC50,=,330.0,nM,6.48,CHEMBL284,Dipeptidyl peptidase 4,N[C@@H](CC(=O)NC1(c2cccc(-c3cn[nH]c3)c2)CCS(=O)(=O)CC1)Cc1ccccc1F
12182795,CHEMBL2206472,IC50,=,280.0,nM,6.55,CHEMBL284,Dipeptidyl peptidase 4,Cc1ncc(-c2cccc(C3(NC(=O)C[C@H](N)Cc4ccccc4F)CCS(=O)(=O)CC3)c2)s1
12182796,CHEMBL2206473,IC50,=,250.0,nM,6.60,CHEMBL284,Dipeptidyl peptidase 4,N[C@@H](CC(=O)NC1(c2cccc(-c3cnc(C4CCCCN4)s3)c2)CCS(=O)(=O)CC1)Cc1ccccc1F
12182797,CHEMBL2206481,IC50,=,190.0,nM,6.72,CHEMBL284,Dipeptidyl peptidase 4,N[C@@H](CC(=O)NC1(c2nc(-c3cccc(C(F)(F)F)c3)cs2)CCS(=O)(=O)CC1)Cc1cc(F)c(F)cc1F
12182798,CHEMBL469538,IC50,=,190.0,nM,6.72,CHEMBL284,Dipeptidyl peptidase 4,N[C@@H](CC(=O)NC1(c2nccs2)CCS(=O)(=O)CC1)Cc1ccccc1F
12182799,CHEMBL2206486,IC50,=,160.0,nM,6.80,CHEMBL284,Dipeptidyl peptidase 4,Cn1cc(-c2ccccc2)nc1C1(NC(=O)C[C@H](N)Cc2cc(F)c(F)cc2F)CCS(=O)(=O)CC1
12182800,CHEMBL2206480,IC50,=,110.0,nM,6.96,CHEMBL284,Dipeptidyl peptidase 4,N[C@@H](CC(=O)NC1(c2nc(-c3ccc(C(F)(F)F)cc3)cs2)CCS(=O)(=O)CC1)Cc1cc(F)c(F)cc1F
12182801,CHEMBL2206482,IC50,=,100.0,nM,7.00,CHEMBL284,Dipeptidyl peptidase 4,N[C@@H](CC(=O)NC1(c2nc(-c3ccc(F)cc3)cs2)CCS(=O)(=O)CC1)Cc1ccccc1F
12182802,CHEMBL2206483,IC50,=,94.0,nM,7.03,CHEMBL284,Dipeptidyl peptidase 4,N[C@@H](CC(=O)NC1(c2nnc(-c3ccccc3)o2)CCS(=O)(=O)CC1)Cc1cc(F)c(F)cc1F
12182803,CHEMBL2206471,IC50,=,84.0,nM,7.08,CHEMBL284,Dipeptidyl peptidase 4,Cn1cncc1-c1cccc(C2(NC(=O)C[C@H](N)Cc3ccccc3F)CCS(=O)(=O)CC2)c1
12182804,CHEMBL2206488,IC50,=,83.0,nM,7.08,CHEMBL284,Dipeptidyl peptidase 4,N[C@@H](CC(=O)NC1(c2ccccc2)CCS(=O)(=O)CC1)Cc1cc(F)c(F)cc1F
12182805,CHEMBL2206487,IC50,=,72.0,nM,7.14,CHEMBL284,Dipeptidyl peptidase 4,Cc1sc(C2(NC(=O)C[C@H](N)Cc3ccccc3F)CCS(=O)(=O)CC2)nc1-c1ccccc1
12182806,CHEMBL2206474,IC50,=,60.0,nM,7.22,CHEMBL284,Dipeptidyl peptidase 4,N[C@@H](CC(=O)NC1(c2nc(-c3ccccc3)cs2)CCS(=O)(=O)CC1)Cc1ccccc1F
12182807,CHEMBL2206478,IC50,=,59.0,nM,7.23,CHEMBL284,Dipeptidyl peptidase 4,COc1ccccc1-c1csc(C2(NC(=O)C[C@H](N)Cc3cc(F)c(F)cc3F)CCS(=O)(=O)CC2)n1
12182808,CHEMBL2206484,IC50,=,55.0,nM,7.26,CHEMBL284,Dipeptidyl peptidase 4,N[C@@H](CC(=O)NC1(c2nnc(-c3cccc(F)c3)o2)CCS(=O)(=O)CC1)Cc1cc(F)c(F)cc1F
12182809,CHEMBL2206485,IC50,=,50.0,nM,7.30,CHEMBL284,Dipeptidyl peptidase 4,COc1cccc(-c2nnc(C3(NC(=O)C[C@H](N)Cc4cc(F)c(F)cc4F)CCS(=O)(=O)CC3)o2)c1
12182810,CHEMBL2206468,IC50,=,41.0,nM,7.39,CHEMBL284,Dipeptidyl peptidase 4,N[C@@H](CC(=O)NC1(c2cccc(-c3cncs3)c2)CCS(=O)(=O)CC1)Cc1ccccc1F
12182811,CHEMBL2206476,IC50,=,24.0,nM,7.62,CHEMBL284,Dipeptidyl peptidase 4,COc1cccc(-c2csc(C3(NC(=O)C[C@H](N)Cc4ccccc4F)CCS(=O)(=O)CC3)n2)c1
12182812,CHEMBL2206475,IC50,=,16.0,nM,7.80,CHEMBL284,Dipeptidyl peptidase 4,N[C@@H](CC(=O)NC1(c2nc(-c3ccccc3)cs2)CCS(=O)(=O)CC1)Cc1cc(F)c(F)cc1F
12182813,CHEMBL2203319,IC50,=,12.0,nM,7.92,CHEMBL284,Dipeptidyl peptidase 4,N[C@@H](CC(=O)NC1(c2cccc(-n3ccnc3)c2)CCS(=O)(=O)CC1)Cc1cc(F)c(F)cc1F
12182814,CHEMBL2206469,IC50,=,7.8,nM,8.11,CHEMBL284,Dipeptidyl peptidase 4,N[C@@H](CC(=O)NC1(c2cccc(-c3cncs3)c2)CCS(=O)(=O)CC1)Cc1cc(F)c(F)cc1F
12420531,CHEMBL2234391,Ki,=,160000.0,nM,,CHEMBL284,Dipeptidyl peptidase 4,COc1cc(CC2(C(C)C)C(=N)NC(=S)NC2=O)cc(OC)c1OC
12475281,CHEMBL2261077,Ki,=,100000.0,nM,4.00,CHEMBL284,Dipeptidyl peptidase 4,C[C@H](NC(=O)[C@@H]1CCCN1C(=O)[C@@H](N)Cc1ccc(O)cc1)C(=O)O
12475282,CHEMBL2261078,Ki,=,170000.0,nM,,CHEMBL284,Dipeptidyl peptidase 4,C[C@H](NC(=O)[C@@H]1CCCN1C(=O)[C@@H](N)Cc1ccc(O)cc1)C(N)=O
12475283,CHEMBL214381,Ki,=,2200.0,nM,5.66,CHEMBL284,Dipeptidyl peptidase 4,CC[C@H](C)[C@H](N)C(=O)N1CCC[C@H]1C(=O)N[C@H](C(=O)O)[C@@H](C)CC
12475284,CHEMBL2261077,Ki,=,270000.0,nM,,CHEMBL284,Dipeptidyl peptidase 4,C[C@H](NC(=O)[C@@H]1CCCN1C(=O)[C@@H](N)Cc1ccc(O)cc1)C(=O)O
12475285,CHEMBL2261078,Ki,=,420000.0,nM,,CHEMBL284,Dipeptidyl peptidase 4,C[C@H](NC(=O)[C@@H]1CCCN1C(=O)[C@@H](N)Cc1ccc(O)cc1)C(N)=O
12475286,CHEMBL214381,Ki,=,2200.0,nM,5.66,CHEMBL284,Dipeptidyl peptidase 4,CC[C@H](C)[C@H](N)C(=O)N1CCC[C@H]1C(=O)N[C@H](C(=O)O)[C@@H](C)CC
12588787,CHEMBL34062,IC50,=,0.1,nM,10.00,CHEMBL284,Dipeptidyl peptidase 4,COc1cc(OC)cc(-c2nc(N)c(CN)c(-c3ccc(Cl)cc3Cl)n2)c1
12588788,CHEMBL425584,IC50,=,90.0,nM,7.05,CHEMBL284,Dipeptidyl peptidase 4,N[C@@H](CC(=O)N1CCC[C@H]1CNC(=O)c1ccccc1)Cc1ccccc1F
12588789,CHEMBL1230763,Ki,=,6.7,nM,8.17,CHEMBL284,Dipeptidyl peptidase 4,COC(=O)c1ccc(NC(=O)NC[C@H]2CC[C@@H](C(=O)N3CCC[C@H]3CN)N2)cc1
12588790,CHEMBL1230804,Ki,=,0.82,nM,9.09,CHEMBL284,Dipeptidyl peptidase 4,NC[C@@H]1CCCN1C(=O)[C@@H]1CC[C@H](COc2cc(C(=O)O)ccc2Cl)N1
12588791,CHEMBL1230826,Ki,=,3.8,nM,8.42,CHEMBL284,Dipeptidyl peptidase 4,CC(C)(C)c1cc(C(=O)O)ccc1OC[C@H]1CC[C@@H](C(=O)N2CCC[C@H]2CN)N1
12588792,CHEMBL237337,IC50,=,4.3,nM,8.37,CHEMBL284,Dipeptidyl peptidase 4,CN(C)C(=O)[C@@H](c1ccc(-c2ccc3ncnn3c2)cc1)[C@H](N)C(=O)N1CC[C@H](F)C1
12588793,CHEMBL218289,IC50,=,84.0,nM,7.08,CHEMBL284,Dipeptidyl peptidase 4,C[C@H](CCc1ccc(C(N)=O)cc1)NCC(=O)c1ccc(F)cc1
12588794,CHEMBL225210,Ki,=,3.2,nM,8.49,CHEMBL284,Dipeptidyl peptidase 4,N[C@H]1CN(CCc2ccc3c(c2)OCO3)C(=O)C[C@@H]1c1cc(F)c(F)cc1F
12588795,CHEMBL1234200,Ki,=,4.0,nM,8.40,CHEMBL284,Dipeptidyl peptidase 4,CS(=O)(=O)c1cccc(-c2cc(N3CC[C@H](c4cc(F)c(F)cc4F)[C@@H](N)C3)ncn2)c1
12588796,CHEMBL1229855,IC50,=,16.0,nM,7.80,CHEMBL284,Dipeptidyl peptidase 4,CC(=O)N(C)[C@H]1CC[C@H]([C@H](C)[C@H](N)C(=O)N2CC[C@H](F)C2)CC1
12588797,CHEMBL233360,IC50,=,21.0,nM,7.68,CHEMBL284,Dipeptidyl peptidase 4,N[C@H]1C[C@@H](N2CCn3c(nnc3C(F)(F)F)C2)CC[C@@H]1c1cc(F)c(F)cc1F
12588798,CHEMBL1230909,Ki,=,3.4,nM,8.47,CHEMBL284,Dipeptidyl peptidase 4,O=C(NC[C@@H]1CN[C@H](C(=O)N2CCSC2)C1)c1cscn1
12588799,CHEMBL1232261,Ki,=,5.3,nM,8.28,CHEMBL284,Dipeptidyl peptidase 4,CS(=O)(=O)c1cccc(-c2cc(N3C[C@H](c4cc(F)c(F)cc4F)[C@@H](N)C3)ncn2)c1
12588800,CHEMBL237500,IC50,=,1.0,nM,9.00,CHEMBL284,Dipeptidyl peptidase 4,CC#CCn1c(N2CCC[C@@H](N)C2)nc2c1c(=O)n(Cc1nc(C)c3ccccc3n1)c(=O)n2C
12588801,CHEMBL237997,IC50,=,4.8,nM,8.32,CHEMBL284,Dipeptidyl peptidase 4,CN(C)C(=O)[C@@H]([C@H]1CC[C@H](c2cccc3ncnn32)CC1)[C@H](N)C(=O)N1CCC(F)(F)C1
12588802,CHEMBL400841,IC50,=,2.3,nM,8.64,CHEMBL284,Dipeptidyl peptidase 4,CN(C)C(=O)[C@@H]([C@H]1CC[C@H](c2cccc3ncnn32)CC1)[C@H](N)C(=O)N1CC[C@H](F)C1
12588803,CHEMBL250787,IC50,=,25.0,nM,7.60,CHEMBL284,Dipeptidyl peptidase 4,C[C@@H]1c2nc(C(F)(F)F)nn2CCN1C(=O)C[C@H](N)Cc1cc(F)c(F)cc1F
12588804,CHEMBL513425,IC50,=,70.0,nM,7.16,CHEMBL284,Dipeptidyl peptidase 4,N[C@@H](CC(=O)N1CCCCCN1C(=O)c1ccccc1)Cc1cc(F)c(F)cc1F
12588805,CHEMBL227954,IC50,=,13.0,nM,7.89,CHEMBL284,Dipeptidyl peptidase 4,N#Cc1ccccc1Cn1c(N2CCC[C@@H](N)C2)nc2ccccc2c1=O
12588806,CHEMBL1229644,IC50,=,22.0,nM,7.66,CHEMBL284,Dipeptidyl peptidase 4,CC(C)(CO)NCC(=O)N1C[C@@H](F)C[C@H]1[C@@H](O)c1nnc(C(C)(C)C)o1
12588807,CHEMBL1230044,IC50,=,65.0,nM,7.19,CHEMBL284,Dipeptidyl peptidase 4,N[C@H]1CN(C(=O)c2cnc3ccccc3n2)C[C@H]1C(=O)N1CCCC1
12588808,CHEMBL1185242,IC50,=,12.0,nM,7.92,CHEMBL284,Dipeptidyl peptidase 4,CS(=O)(=O)c1ccc(-c2noc([C@@H](CC3CC3)[C@H](N)C(F)=C3CCCC3)n2)c(Cl)c1
12588809,CHEMBL1230015,IC50,=,19.0,nM,7.72,CHEMBL284,Dipeptidyl peptidase 4,CS(=O)(=O)c1ccc([C@H]2NO[C@H]([C@@H](CC3CC3)[C@H](N)C(=O)N3CC[C@H](F)C3)N2)c(F)c1
12588810,CHEMBL2298396,IC50,=,23.0,nM,7.64,CHEMBL284,Dipeptidyl peptidase 4,N#C[C@@H]1C[C@@H]2C[C@@H]2N1C(=O)[C@@H](N)C12C[C@H]3C[C@@H](C1)C[C@](O)(C3)C2
12588811,CHEMBL452289,IC50,=,32.0,nM,7.50,CHEMBL284,Dipeptidyl peptidase 4,NC(=O)c1cccc(-c2ccc([C@H](N)Cc3cc(F)ccc3F)cc2)c1
12588812,CHEMBL272114,IC50,=,8.0,nM,8.10,CHEMBL284,Dipeptidyl peptidase 4,Cn1cnc2cc(C#N)c(-c3ccccc3Cl)c(CN)c21
12588813,CHEMBL257036,IC50,=,30000.0,nM,4.52,CHEMBL284,Dipeptidyl peptidase 4,NCc1ccccc1-c1ccccc1
12588814,CHEMBL1186902,IC50,=,223.0,nM,6.65,CHEMBL284,Dipeptidyl peptidase 4,N[C@@H](CC(=O)N1CCCN(C(=O)c2ccc(C(=O)O)cc2)CC1)Cc1cc(F)c(F)cc1F
12588815,CHEMBL515387,IC50,=,12.9,nM,7.89,CHEMBL284,Dipeptidyl peptidase 4,O=C([C@@H]1C[C@H](N2CCN(c3ncccn3)CC2)CN1)N1CCC(F)(F)C1
12588816,CHEMBL1194345,IC50,=,67.0,nM,7.17,CHEMBL284,Dipeptidyl peptidase 4,N[C@H]1Cn2c(nc3cnccc32)C[C@@H]1c1cc(F)c(F)cc1F
12588817,CHEMBL1197118,IC50,=,42.0,nM,7.38,CHEMBL284,Dipeptidyl peptidase 4,CS(=O)(=O)c1ccc2c(c1)nc1n2C[C@H](N)[C@@H](c2cc(F)c(F)cc2F)C1
12588818,CHEMBL591118,IC50,=,6.8,nM,8.17,CHEMBL284,Dipeptidyl peptidase 4,COc1cc2c(cc1OC)[C@@H]1C[C@H](N)[C@@H](N3C[C@@H](CF)CC3=O)CN1CC2
12588819,CHEMBL1214943,Ki,=,2.2,nM,8.66,CHEMBL284,Dipeptidyl peptidase 4,Cc1nc2nc(C(=O)N3CCOCC3)cn2c(-c2ccc(Cl)cc2Cl)c1CN
12588820,CHEMBL1229820,IC50,=,0.5,nM,9.30,CHEMBL284,Dipeptidyl peptidase 4,COc1cc2c(cc1OC)[C@@H]1C[C@H](N)[C@@H](c3cccc(CF)c3)CN1CC2
12588821,CHEMBL226396,IC50,=,5.0,nM,8.30,CHEMBL284,Dipeptidyl peptidase 4,Nc1nc(Cl)c2nc[nH]c2n1
12588822,CHEMBL1236897,IC50,=,2000.0,nM,5.70,CHEMBL284,Dipeptidyl peptidase 4,OCCC(CCO)C(CO)(CO)CO
12588823,CHEMBL1233461,IC50,=,7.0,nM,8.15,CHEMBL284,Dipeptidyl peptidase 4,O=C(O)c1c(Cl)ccc(Cl)c1O
12667692,CHEMBL2333024,IC50,>,100000.0,nM,,CHEMBL284,Dipeptidyl peptidase 4,CC(C)[C@H](NC(=O)c1cccnc1)C(=O)N1CCC[C@H]1B(O)O
12667693,CHEMBL2333023,IC50,=,1800.0,nM,5.75,CHEMBL284,Dipeptidyl peptidase 4,O=C(NCC(=O)N1CCC[C@H]1B(O)O)c1cccnc1
12667694,CHEMBL67279,IC50,=,0.9,nM,9.05,CHEMBL284,Dipeptidyl peptidase 4,CC(C)[C@H](N)C(=O)N1CCC[C@H]1B(O)O
12667695,CHEMBL2333026,IC50,>,100000.0,nM,,CHEMBL284,Dipeptidyl peptidase 4,C[C@@H](NC(=O)c1ccncc1)C(=O)N1CCC[C@H]1B(O)O
12667696,CHEMBL2333025,IC50,=,2800.0,nM,5.55,CHEMBL284,Dipeptidyl peptidase 4,O=C(NCC(=O)N1CCC[C@H]1B(O)O)c1ccncc1
12667697,CHEMBL1243373,IC50,>,100000.0,nM,,CHEMBL284,Dipeptidyl peptidase 4,O=C(NCC(=O)N1CCC[C@H]1B(O)O)c1cccc2ccccc12
12667698,CHEMBL67089,IC50,=,13.0,nM,7.89,CHEMBL284,Dipeptidyl peptidase 4,NCC(=O)N1CCC[C@H]1B(O)O
12711389,CHEMBL2334674,Ki,=,1201.0,nM,5.92,CHEMBL284,Dipeptidyl peptidase 4,N#C[C@@H]1C[C@@H]2C[C@@H]2N1C(=O)[C@@H](N)c1ccc(-c2ccccc2)cc1
12711390,CHEMBL2334675,Ki,=,695.0,nM,6.16,CHEMBL284,Dipeptidyl peptidase 4,N#C[C@@H]1C[C@@H]2C[C@@H]2N1C(=O)[C@@H](N)c1ccccc1
12711391,CHEMBL2334676,Ki,=,109.0,nM,6.96,CHEMBL284,Dipeptidyl peptidase 4,CC(C)C[C@H](N)C(=O)N1[C@H](C#N)C[C@@H]2C[C@@H]21
12711392,CHEMBL2334677,Ki,=,26.0,nM,7.58,CHEMBL284,Dipeptidyl peptidase 4,CC(C)[C@H](N)C(=O)N1[C@H](C#N)C[C@@H]2C[C@@H]21
12711393,CHEMBL2334680,Ki,=,10.0,nM,8.00,CHEMBL284,Dipeptidyl peptidase 4,CCC1([C@H](N)C(=O)N2[C@H](C#N)C[C@@H]3C[C@@H]32)CCN(S(=O)(=O)c2ccccc2)CC1
12711394,CHEMBL2334679,Ki,=,15.0,nM,7.82,CHEMBL284,Dipeptidyl peptidase 4,CCC1([C@H](N)C(=O)N2[C@H](C#N)C[C@@H]3C[C@@H]32)CCN(S(=O)(=O)c2ccc(Cl)cc2)CC1
12711395,CHEMBL2334678,Ki,=,38.0,nM,7.42,CHEMBL284,Dipeptidyl peptidase 4,CCC1([C@H](N)C(=O)N2[C@H](C#N)C[C@@H]3C[C@@H]32)CCN(C(=O)c2ccc3cnccc3n2)CC1
12711396,CHEMBL2334701,Ki,=,35.0,nM,7.46,CHEMBL284,Dipeptidyl peptidase 4,CCC1([C@H](N)C(=O)N2[C@H](C#N)C[C@@H]3C[C@@H]32)CCN(C(=O)CC(C)(C)C)CC1
12711397,CHEMBL2334700,Ki,=,2.0,nM,8.70,CHEMBL284,Dipeptidyl peptidase 4,N#C[C@@H]1C[C@@H]2C[C@@H]2N1C(=O)[C@@H](N)C1CCN(C(=O)c2ccc3cnccc3n2)CC1
12711398,CHEMBL2334699,Ki,=,4.0,nM,8.40,CHEMBL284,Dipeptidyl peptidase 4,N#C[C@@H]1C[C@@H]2C[C@@H]2N1C(=O)[C@@H](N)C1CCN(C(=O)c2cnc3ccccc3n2)CC1
12711399,CHEMBL2334698,Ki,=,5.0,nM,8.30,CHEMBL284,Dipeptidyl peptidase 4,N#C[C@@H]1C[C@@H]2C[C@@H]2N1C(=O)[C@@H](N)C1CCN(C(=O)c2cnc3ccccc3c2)CC1
12711400,CHEMBL2334697,Ki,=,8.0,nM,8.10,CHEMBL284,Dipeptidyl peptidase 4,N#C[C@@H]1C[C@@H]2C[C@@H]2N1C(=O)[C@@H](N)C1CCN(C(=O)c2cnccn2)CC1
12711401,CHEMBL2334696,Ki,=,30.0,nM,7.52,CHEMBL284,Dipeptidyl peptidase 4,N#C[C@@H]1C[C@@H]2C[C@@H]2N1C(=O)[C@@H](N)C1CCN(C(=O)c2ccc(C(F)(F)F)nc2)CC1
12711402,CHEMBL2334695,Ki,=,13.0,nM,7.89,CHEMBL284,Dipeptidyl peptidase 4,N#C[C@@H]1C[C@@H]2C[C@@H]2N1C(=O)[C@@H](N)C1CCN(S(=O)(=O)c2cccc3ccccc23)CC1
12711403,CHEMBL2334694,Ki,=,18.0,nM,7.75,CHEMBL284,Dipeptidyl peptidase 4,N#C[C@@H]1C[C@@H]2C[C@@H]2N1C(=O)[C@@H](N)C1CCN(S(=O)(=O)Cc2ccccc2)CC1
12711404,CHEMBL2334693,Ki,=,11.0,nM,7.96,CHEMBL284,Dipeptidyl peptidase 4,N#C[C@@H]1C[C@@H]2C[C@@H]2N1C(=O)[C@@H](N)C1CCN(S(=O)(=O)c2ccc(Cl)cc2)CC1
12711405,CHEMBL2334692,Ki,=,18.0,nM,7.75,CHEMBL284,Dipeptidyl peptidase 4,N#C[C@@H]1C[C@@H]2C[C@@H]2N1C(=O)[C@@H](N)C1CCN(C(=O)Cc2ccccc2)CC1
12711406,CHEMBL2334691,Ki,=,14.0,nM,7.85,CHEMBL284,Dipeptidyl peptidase 4,N#C[C@@H]1C[C@@H]2C[C@@H]2N1C(=O)[C@@H](N)C1CCN(C(=O)c2ccccc2)CC1
12711407,CHEMBL2334690,Ki,=,18.0,nM,7.75,CHEMBL284,Dipeptidyl peptidase 4,N#C[C@@H]1C[C@@H]2C[C@@H]2N1C(=O)[C@@H](N)C1CCN(C(=O)CC23CC4CC(CC(C4)C2)C3)CC1
12711408,CHEMBL2334689,Ki,=,4.0,nM,8.40,CHEMBL284,Dipeptidyl peptidase 4,N#C[C@@H]1C[C@@H]2C[C@@H]2N1C(=O)[C@@H](N)C1CCN(C(=O)CC2CCCCC2)CC1
12711409,CHEMBL2334688,Ki,=,4.0,nM,8.40,CHEMBL284,Dipeptidyl peptidase 4,CC(C)(C)CC(=O)N1CCC([C@H](N)C(=O)N2[C@H](C#N)C[C@@H]3C[C@@H]32)CC1
12711410,CHEMBL2334687,Ki,=,18.0,nM,7.75,CHEMBL284,Dipeptidyl peptidase 4,CC(C)(C)C(=O)N1CCC([C@H](N)C(=O)N2[C@H](C#N)C[C@@H]3C[C@@H]32)CC1
12711411,CHEMBL2334686,Ki,=,14.0,nM,7.85,CHEMBL284,Dipeptidyl peptidase 4,CC(=O)N1CCC([C@H](N)C(=O)N2[C@H](C#N)C[C@@H]3C[C@@H]32)CC1
12711412,CHEMBL2334685,Ki,=,18.0,nM,7.75,CHEMBL284,Dipeptidyl peptidase 4,CC(C)(C)NC(=S)N1CCC([C@H](N)C(=O)N2[C@H](C#N)C[C@@H]3C[C@@H]32)CC1
12711413,CHEMBL2334684,Ki,=,23.0,nM,7.64,CHEMBL284,Dipeptidyl peptidase 4,CC(C)(C)NC(=O)N1CCC([C@H](N)C(=O)N2[C@H](C#N)C[C@@H]3C[C@@H]32)CC1
12711414,CHEMBL2334683,Ki,=,25.0,nM,7.60,CHEMBL284,Dipeptidyl peptidase 4,CC(C)(C)OC(=O)N1CCC([C@H](N)C(=O)N2[C@H](C#N)C[C@@H]3C[C@@H]32)CC1
12711415,CHEMBL2334682,Ki,=,75.0,nM,7.12,CHEMBL284,Dipeptidyl peptidase 4,CC(C)(C)CCN1CCC([C@H](N)C(=O)N2[C@H](C#N)C[C@@H]3C[C@@H]32)CC1
12711416,CHEMBL2334681,Ki,=,98.0,nM,7.01,CHEMBL284,Dipeptidyl peptidase 4,N#C[C@@H]1C[C@@H]2C[C@@H]2N1C(=O)[C@@H](N)C1CCNCC1
12718706,CHEMBL2346919,IC50,=,211.9,nM,6.67,CHEMBL284,Dipeptidyl peptidase 4,CC#CCn1c(N2CCC[C@@H](N)C2)nc2ccn(C)c2c1=O
12718718,CHEMBL2347039,IC50,=,1.55,nM,8.81,CHEMBL284,Dipeptidyl peptidase 4,CC#CCn1c(N2CCC[C@@H](N)C2)nc2ccn(Cc3nc(C)c4ccccc4n3)c2c1=O
12718719,CHEMBL2347038,IC50,=,15.5,nM,7.81,CHEMBL284,Dipeptidyl peptidase 4,CC#CCn1c(N2CCC[C@@H](N)C2)nc2ccn(Cc3nc4ccccc4nc3C)c2c1=O
12718720,CHEMBL2347037,IC50,=,5.93,nM,8.23,CHEMBL284,Dipeptidyl peptidase 4,CC#CCn1c(N2CCC[C@@H](N)C2)nc2ccn(Cc3cnc4ccccc4n3)c2c1=O
12718721,CHEMBL2347036,IC50,=,4.67,nM,8.33,CHEMBL284,Dipeptidyl peptidase 4,CC#CCn1c(N2CCC[C@@H](N)C2)nc2ccn(Cc3ccc4ccc(F)cc4n3)c2c1=O
12718722,CHEMBL2347035,IC50,=,11.4,nM,7.94,CHEMBL284,Dipeptidyl peptidase 4,CC#CCn1c(N2CCC[C@@H](N)C2)nc2ccn(Cc3ccc4ccc(Cl)cc4n3)c2c1=O
12718723,CHEMBL2346930,IC50,=,52.6,nM,7.28,CHEMBL284,Dipeptidyl peptidase 4,CC#CCn1c(N2CCC[C@@H](N)C2)nc2ccn(Cc3ccc4cc(C)ccc4n3)c2c1=O
12718724,CHEMBL2346929,IC50,=,14.5,nM,7.84,CHEMBL284,Dipeptidyl peptidase 4,CC#CCn1c(N2CCC[C@@H](N)C2)nc2ccn(Cc3ccc4cc(F)ccc4n3)c2c1=O
12718725,CHEMBL2346928,IC50,=,60.1,nM,7.22,CHEMBL284,Dipeptidyl peptidase 4,CC#CCn1c(N2CCC[C@@H](N)C2)nc2ccn(Cc3ccc4cc(Cl)ccc4n3)c2c1=O
12718726,CHEMBL2346927,IC50,=,139.2,nM,6.86,CHEMBL284,Dipeptidyl peptidase 4,CC#CCn1c(N2CCC[C@@H](N)C2)nc2ccn(Cc3ccc4cc(Br)ccc4n3)c2c1=O
12718727,CHEMBL2346926,IC50,=,7.05,nM,8.15,CHEMBL284,Dipeptidyl peptidase 4,CC#CCn1c(N2CCC[C@@H](N)C2)nc2ccn(Cc3ccc4ccccc4n3)c2c1=O
12718728,CHEMBL2346925,IC50,=,48.2,nM,7.32,CHEMBL284,Dipeptidyl peptidase 4,CC#CCn1c(N2CCC[C@@H](N)C2)nc2ccn(Cc3ccnc4ccccc34)c2c1=O
12718729,CHEMBL2346924,IC50,=,27.6,nM,7.56,CHEMBL284,Dipeptidyl peptidase 4,CC#CCn1c(N2CCC[C@@H](N)C2)nc2ccn(Cc3nc4ccccc4[nH]3)c2c1=O
12718730,CHEMBL2346923,IC50,=,44.1,nM,7.36,CHEMBL284,Dipeptidyl peptidase 4,CC#CCn1c(N2CCC[C@@H](N)C2)nc2ccn(Cc3c[nH]c4ccccc34)c2c1=O
12718731,CHEMBL2346922,IC50,=,44.0,nM,7.36,CHEMBL284,Dipeptidyl peptidase 4,CC#CCn1c(N2CCC[C@@H](N)C2)nc2ccn(Cc3ncccn3)c2c1=O
12718732,CHEMBL2346921,IC50,=,460.0,nM,6.34,CHEMBL284,Dipeptidyl peptidase 4,CC#CCn1c(N2CCC[C@@H](N)C2)nc2cc[nH]c2c1=O
12718733,CHEMBL2346920,IC50,=,860.0,nM,6.07,CHEMBL284,Dipeptidyl peptidase 4,CC#CCn1c(N2CCC[C@@H](N)C2)nc2c(Br)c[nH]c2c1=O
12718734,CHEMBL2023067,IC50,=,44.0,nM,7.36,CHEMBL284,Dipeptidyl peptidase 4,N#Cc1ccccc1Cn1c(N2CCC[C@@H](N)C2)nc2c(Br)c[nH]c2c1=O
13317269,CHEMBL142703,IC50,=,62.0,nM,7.21,CHEMBL284,Dipeptidyl peptidase 4,N#C[C@@H]1CCCN1C(=O)CNC12CC3CC(CC(O)(C3)C1)C2
13317270,CHEMBL385517,IC50,=,50.0,nM,7.30,CHEMBL284,Dipeptidyl peptidase 4,N#C[C@@H]1C[C@@H]2C[C@@H]2N1C(=O)[C@@H](N)C12CC3CC(CC(O)(C3)C1)C2
13317271,CHEMBL376359,IC50,=,24.0,nM,7.62,CHEMBL284,Dipeptidyl peptidase 4,Cn1c(=O)cc(N2CCC[C@@H](N)C2)n(Cc2ccccc2C#N)c1=O
13317272,CHEMBL1422,IC50,=,19.0,nM,7.72,CHEMBL284,Dipeptidyl peptidase 4,N[C@@H](CC(=O)N1CCn2c(nnc2C(F)(F)F)C1)Cc1cc(F)c(F)cc1F
13317273,CHEMBL237500,IC50,=,1.0,nM,9.00,CHEMBL284,Dipeptidyl peptidase 4,CC#CCn1c(N2CCC[C@@H](N)C2)nc2c1c(=O)n(Cc1nc(C)c3ccccc3n1)c(=O)n2C
13322354,CHEMBL2385280,IC50,>,100000.0,nM,,CHEMBL284,Dipeptidyl peptidase 4,N#C[C@@H]1CCCN1C(=O)CNC(=O)c1cccc2cccnc12
13322355,CHEMBL2385279,IC50,>,100000.0,nM,,CHEMBL284,Dipeptidyl peptidase 4,N#C[C@@H]1CCCN1C(=O)CNC(=O)c1cccc2ccncc12
13322356,CHEMBL2385278,IC50,>,100000.0,nM,,CHEMBL284,Dipeptidyl peptidase 4,N#C[C@@H]1CCCN1C(=O)CNC(=O)c1cccc2cnccc12
13322357,CHEMBL2385277,IC50,>,100000.0,nM,,CHEMBL284,Dipeptidyl peptidase 4,N#C[C@@H]1CCCN1C(=O)CNC(=O)c1cccc2ncccc12
13322358,CHEMBL2385276,IC50,>,100000.0,nM,,CHEMBL284,Dipeptidyl peptidase 4,N#C[C@@H]1CCCN1C(=O)CNC(=O)c1cncc2ccccc12
13322359,CHEMBL2385275,IC50,>,100000.0,nM,,CHEMBL284,Dipeptidyl peptidase 4,N#C[C@@H]1CCCN1C(=O)CNC(=O)c1ccnc2c(Br)cccc12
13322360,CHEMBL2385274,IC50,>,100000.0,nM,,CHEMBL284,Dipeptidyl peptidase 4,N#C[C@@H]1CCCN1C(=O)CNC(=O)c1ccnc2c(Cl)cccc12
13322361,CHEMBL2385273,IC50,>,100000.0,nM,,CHEMBL284,Dipeptidyl peptidase 4,N#C[C@@H]1CCCN1C(=O)CNC(=O)c1ccnc2cc(Br)ccc12
13322362,CHEMBL2385272,IC50,>,100000.0,nM,,CHEMBL284,Dipeptidyl peptidase 4,N#C[C@@H]1CCCN1C(=O)CNC(=O)c1ccnc2cc(Cl)ccc12
13322363,CHEMBL2385271,IC50,>,100000.0,nM,,CHEMBL284,Dipeptidyl peptidase 4,COc1ccc2nccc(C(=O)NCC(=O)N3CCC[C@H]3C#N)c2c1
13322364,CHEMBL2385270,IC50,>,100000.0,nM,,CHEMBL284,Dipeptidyl peptidase 4,N#C[C@@H]1CCCN1C(=O)CNC(=O)c1ccnc2ccc(F)cc12
13322365,CHEMBL2385302,IC50,>,100000.0,nM,,CHEMBL284,Dipeptidyl peptidase 4,N#C[C@@H]1CCCN1C(=O)CNC(=O)c1ccnc2ccc(OC(F)(F)F)cc12
13322366,CHEMBL2385301,IC50,>,100000.0,nM,,CHEMBL284,Dipeptidyl peptidase 4,N#C[C@@H]1CCCN1C(=O)CNC(=O)c1ccnc2ccc(Cl)cc12
13322367,CHEMBL2385300,IC50,>,100000.0,nM,,CHEMBL284,Dipeptidyl peptidase 4,N#C[C@@H]1CCCN1C(=O)CNC(=O)c1ccnc2cccc(Br)c12
13322368,CHEMBL2385299,IC50,>,100000.0,nM,,CHEMBL284,Dipeptidyl peptidase 4,N#C[C@@H]1CCCN1C(=O)CNC(=O)c1ccnc2cccc(Cl)c12
13322369,CHEMBL2385298,IC50,>,100000.0,nM,,CHEMBL284,Dipeptidyl peptidase 4,N#C[C@@H]1CCCN1C(=O)CNC(=O)c1c(O)cnc2ccccc12
13322370,CHEMBL2385297,IC50,>,100000.0,nM,,CHEMBL284,Dipeptidyl peptidase 4,N#C[C@@H]1CCCN1C(=O)CNC(=O)c1c2c(nc3ccccc13)CCCC2
13322371,CHEMBL2385296,IC50,>,100000.0,nM,,CHEMBL284,Dipeptidyl peptidase 4,COc1ccc(-c2cc(C(=O)NCC(=O)N3CCC[C@H]3C#N)c3ccccc3n2)cc1
13322372,CHEMBL2385295,IC50,>,100000.0,nM,,CHEMBL284,Dipeptidyl peptidase 4,N#C[C@@H]1CCCN1C(=O)CNC(=O)c1cc(O)nc2ccccc12
13322373,CHEMBL2385294,IC50,>,100000.0,nM,,CHEMBL284,Dipeptidyl peptidase 4,Cc1nc2ccccc2c(C(=O)NCC(=O)N2CCC[C@H]2C#N)c1O
13322374,CHEMBL2385293,IC50,>,100000.0,nM,,CHEMBL284,Dipeptidyl peptidase 4,Cc1cc(C(=O)NCC(=O)N2CCC[C@H]2C#N)c2ccccc2n1
13322375,CHEMBL2385292,IC50,>,10000.0,nM,,CHEMBL284,Dipeptidyl peptidase 4,N#C[C@@H]1CCCN1C(=O)CN1Cc2ccccc2C1=O
13322376,CHEMBL2385291,IC50,>,10000.0,nM,,CHEMBL284,Dipeptidyl peptidase 4,N#C[C@@H]1CCCN1C(=O)CNC(=O)C12CC3CC(CC(O)(C3)C1)C2
13322377,CHEMBL2385290,IC50,>,100000.0,nM,,CHEMBL284,Dipeptidyl peptidase 4,N#Cc1ccc(NCC(=O)NCC(=O)N2CCC[C@H]2C#N)nc1
13322378,CHEMBL2385289,IC50,>,100000.0,nM,,CHEMBL284,Dipeptidyl peptidase 4,N#C[C@@H]1CCCN1C(=O)CNS(=O)(=O)c1cccc2ccccc12
13322379,CHEMBL2385288,IC50,>,100000.0,nM,,CHEMBL284,Dipeptidyl peptidase 4,N#C[C@@H]1CCCN1C(=O)COc1ccc2ccccc2c1
13322380,CHEMBL2385287,IC50,>,100000.0,nM,,CHEMBL284,Dipeptidyl peptidase 4,N#C[C@@H]1CCCN1C(=O)COc1cccc2ccccc12
13322381,CHEMBL2385286,IC50,>,100000.0,nM,,CHEMBL284,Dipeptidyl peptidase 4,N#C[C@@H]1CCCN1C(=O)CNC(=O)Cc1cccc2ccccc12
13322382,CHEMBL2385285,IC50,>,100000.0,nM,,CHEMBL284,Dipeptidyl peptidase 4,N#C[C@@H]1CCCN1C(=O)CNC(=O)COc1cccc2ccccc12
13322383,CHEMBL2385284,IC50,>,100000.0,nM,,CHEMBL284,Dipeptidyl peptidase 4,N#C[C@@H]1CCCN1C(=O)CNC(=O)COc1ccc2ccccc2c1
13322384,CHEMBL2385283,IC50,>,100000.0,nM,,CHEMBL284,Dipeptidyl peptidase 4,N#C[C@@H]1CCCN1C(=O)CNC(=O)c1cc2ccccc2[nH]1
13322385,CHEMBL2385282,IC50,>,100000.0,nM,,CHEMBL284,Dipeptidyl peptidase 4,N#C[C@@H]1CCCN1C(=O)CNC(=O)c1c[nH]c2ccccc12
13322386,CHEMBL2385281,IC50,>,100000.0,nM,,CHEMBL284,Dipeptidyl peptidase 4,N#C[C@@H]1CCCN1C(=O)CNC(=O)c1ccnc2ccccc12
13322387,CHEMBL237500,IC50,=,2.0,nM,8.70,CHEMBL284,Dipeptidyl peptidase 4,CC#CCn1c(N2CCC[C@@H](N)C2)nc2c1c(=O)n(Cc1nc(C)c3ccccc3n1)c(=O)n2C
13322388,CHEMBL67279,IC50,=,22.0,nM,7.66,CHEMBL284,Dipeptidyl peptidase 4,CC(C)[C@H](N)C(=O)N1CCC[C@H]1B(O)O
13394513,CHEMBL2408638,IC50,=,120.0,nM,6.92,CHEMBL284,Dipeptidyl peptidase 4,CC(C)=CCn1c(OCC(C)(C)CN)nc2c1c(=O)n(CC(=O)c1ccccc1)c(=O)n2C
13394514,CHEMBL237488,IC50,=,1.0,nM,9.00,CHEMBL284,Dipeptidyl peptidase 4,CC(C)=CCn1c(N2CCC[C@@H](N)C2)nc2c1c(=O)n(CC(=O)c1ccccc1)c(=O)n2C
13394515,CHEMBL2408655,IC50,=,9.0,nM,8.05,CHEMBL284,Dipeptidyl peptidase 4,CC(C)=CCn1c(N2CCC3CNCC32)nc2c1c(=O)n(CC(=O)c1ccccc1)c(=O)n2C
13394528,CHEMBL2408639,IC50,=,2500.0,nM,5.60,CHEMBL284,Dipeptidyl peptidase 4,CC(C)=CCn1c(OCC(C)(C)N)nc2c1c(=O)n(CC(=O)c1ccccc1)c(=O)n2C
13394529,CHEMBL2408638,IC50,=,73.0,nM,7.14,CHEMBL284,Dipeptidyl peptidase 4,CC(C)=CCn1c(OCC(C)(C)CN)nc2c1c(=O)n(CC(=O)c1ccccc1)c(=O)n2C
13394530,CHEMBL2408651,IC50,=,290.0,nM,6.54,CHEMBL284,Dipeptidyl peptidase 4,CC(C)=CCn1c(OC[C@@H]2CCCN2)nc2c1c(=O)n(CC(=O)c1ccccc1)c(=O)n2C
13394531,CHEMBL2408649,IC50,>,5000.0,nM,,CHEMBL284,Dipeptidyl peptidase 4,CC(C)=CCn1c(OC[C@H]2CCCN2)nc2c1c(=O)n(CC(=O)c1ccccc1)c(=O)n2C
13394532,CHEMBL2408646,IC50,=,910.0,nM,6.04,CHEMBL284,Dipeptidyl peptidase 4,CC(C)=CCn1c(O[C@@H]2CCNC2)nc2c1c(=O)n(CC(=O)c1ccccc1)c(=O)n2C
13394533,CHEMBL2408644,IC50,=,715.0,nM,6.15,CHEMBL284,Dipeptidyl peptidase 4,CC(C)=CCn1c(O[C@H]2CCNC2)nc2c1c(=O)n(CC(=O)c1ccccc1)c(=O)n2C
13394534,CHEMBL2408643,IC50,>,1000.0,nM,,CHEMBL284,Dipeptidyl peptidase 4,CC(C)=CCn1c(OC2CCNCC2)nc2c1c(=O)n(CC(=O)c1ccccc1)c(=O)n2C
13394535,CHEMBL2408642,IC50,=,100.0,nM,7.00,CHEMBL284,Dipeptidyl peptidase 4,CC(C)=CCn1c(N2CCC3CNCC32)nc2c1c(=O)n(C)c(=O)n2C
13394536,CHEMBL2408774,IC50,=,645.0,nM,6.19,CHEMBL284,Dipeptidyl peptidase 4,CC(C)=CCn1c(N2CC3CCNC3C2)nc2c1c(=O)n(CC(=O)c1ccccc1)c(=O)n2C
13394537,CHEMBL2408771,IC50,=,1.6,nM,8.80,CHEMBL284,Dipeptidyl peptidase 4,CC(C)=CCn1c(N2CC3CCCNC3C2)nc2c1c(=O)n(CC(=O)c1ccccc1)c(=O)n2C
13394538,CHEMBL237488,IC50,=,1.1,nM,8.96,CHEMBL284,Dipeptidyl peptidase 4,CC(C)=CCn1c(N2CCC[C@@H](N)C2)nc2c1c(=O)n(CC(=O)c1ccccc1)c(=O)n2C
13394539,CHEMBL2408655,IC50,=,11.0,nM,7.96,CHEMBL284,Dipeptidyl peptidase 4,CC(C)=CCn1c(N2CCC3CNCC32)nc2c1c(=O)n(CC(=O)c1ccccc1)c(=O)n2C
13421611,CHEMBL1422,IC50,=,24.83,nM,7.61,CHEMBL284,Dipeptidyl peptidase 4,N[C@@H](CC(=O)N1CCn2c(nnc2C(F)(F)F)C1)Cc1cc(F)c(F)cc1F
13421612,CHEMBL142703,IC50,=,3.0,nM,8.52,CHEMBL284,Dipeptidyl peptidase 4,N#C[C@@H]1CCCN1C(=O)CNC12CC3CC(CC(O)(C3)C1)C2
13421613,CHEMBL2418634,IC50,=,15.7,nM,7.80,CHEMBL284,Dipeptidyl peptidase 4,COc1ccc(Cn2cc(-c3ccc(C[C@H](N)C(=O)N4CCC[C@H]4C#N)cc3)nn2)cc1OC.Cl
13421614,CHEMBL2418633,IC50,=,10.02,nM,8.00,CHEMBL284,Dipeptidyl peptidase 4,Cl.N#C[C@@H]1CCCN1C(=O)[C@@H](N)Cc1ccc(-c2cn(Cc3ccc(Cl)c(Cl)c3)nn2)cc1
13421615,CHEMBL2418632,IC50,=,8.57,nM,8.07,CHEMBL284,Dipeptidyl peptidase 4,Cl.N#C[C@@H]1CCCN1C(=O)[C@@H](N)Cc1ccc(-c2cn(Cc3ccc(F)c(F)c3)nn2)cc1
13421616,CHEMBL2418631,IC50,=,4.35,nM,8.36,CHEMBL284,Dipeptidyl peptidase 4,COc1ccc(Cn2cc(-c3ccc(C[C@H](N)C(=O)N4CCC[C@H]4C#N)cc3)nn2)cc1.Cl
13421617,CHEMBL2418630,IC50,=,7.5,nM,8.12,CHEMBL284,Dipeptidyl peptidase 4,COc1cccc(Cn2cc(-c3ccc(C[C@H](N)C(=O)N4CCC[C@H]4C#N)cc3)nn2)c1.Cl
13421618,CHEMBL2418629,IC50,=,20.84,nM,7.68,CHEMBL284,Dipeptidyl peptidase 4,COc1ccccc1Cn1cc(-c2ccc(C[C@H](N)C(=O)N3CCC[C@H]3C#N)cc2)nn1.Cl
13421619,CHEMBL2418628,IC50,=,6.05,nM,8.22,CHEMBL284,Dipeptidyl peptidase 4,Cl.N#C[C@@H]1CCCN1C(=O)[C@@H](N)Cc1ccc(-c2cn(Cc3ccc(Cl)cc3)nn2)cc1
13421620,CHEMBL2417563,IC50,=,10.45,nM,7.98,CHEMBL284,Dipeptidyl peptidase 4,Cl.N#C[C@@H]1CCCN1C(=O)[C@@H](N)Cc1ccc(-c2cn(Cc3cccc(Cl)c3)nn2)cc1
13421621,CHEMBL2418627,IC50,=,15.24,nM,7.82,CHEMBL284,Dipeptidyl peptidase 4,Cl.N#C[C@@H]1CCCN1C(=O)[C@@H](N)Cc1ccc(-c2cn(Cc3ccccc3Cl)nn2)cc1
13421622,CHEMBL2418626,IC50,=,3.79,nM,8.42,CHEMBL284,Dipeptidyl peptidase 4,Cl.N#C[C@@H]1CCCN1C(=O)[C@@H](N)Cc1ccc(-c2cn(Cc3ccc(F)cc3)nn2)cc1
13421623,CHEMBL2418625,IC50,=,7.56,nM,8.12,CHEMBL284,Dipeptidyl peptidase 4,Cl.N#C[C@@H]1CCCN1C(=O)[C@@H](N)Cc1ccc(-c2cn(Cc3cccc(F)c3)nn2)cc1
13421624,CHEMBL2418624,IC50,=,19.54,nM,7.71,CHEMBL284,Dipeptidyl peptidase 4,Cl.N#C[C@@H]1CCCN1C(=O)[C@@H](N)Cc1ccc(-c2cn(Cc3ccccc3F)nn2)cc1
13421625,CHEMBL2418639,IC50,=,8.28,nM,8.08,CHEMBL284,Dipeptidyl peptidase 4,Cl.N#C[C@@H]1CCCN1C(=O)[C@@H](N)Cc1ccc(-c2cn(Cc3cccs3)nn2)cc1
13421626,CHEMBL2418638,IC50,=,17.61,nM,7.75,CHEMBL284,Dipeptidyl peptidase 4,Cl.N#C[C@@H]1CCCN1C(=O)[C@@H](N)Cc1ccc(-c2cn(Cc3ccncc3)nn2)cc1
13421627,CHEMBL2418637,IC50,=,25.5,nM,7.59,CHEMBL284,Dipeptidyl peptidase 4,Cl.N#C[C@@H]1CCCN1C(=O)[C@@H](N)Cc1ccc(-c2cn(CCc3ccccc3)nn2)cc1
13421628,CHEMBL2418636,IC50,=,9.39,nM,8.03,CHEMBL284,Dipeptidyl peptidase 4,Cl.N#C[C@@H]1CCCN1C(=O)[C@@H](N)Cc1ccc(-c2cn(Cc3ccccc3)nn2)cc1
13421629,CHEMBL2418635,IC50,=,265.0,nM,6.58,CHEMBL284,Dipeptidyl peptidase 4,Cl.Cn1cc(-c2ccc(C[C@H](N)C(=O)N3CCC[C@H]3C#N)cc2)nn1
13441650,CHEMBL2425883,IC50,>,10000.0,nM,,CHEMBL284,Dipeptidyl peptidase 4,CC#CCn1c(N2CCC[C@@H](N)C2)cc(=O)n(Cc2ccccc2)c1=O
13441651,CHEMBL2425882,IC50,=,2177.5,nM,5.66,CHEMBL284,Dipeptidyl peptidase 4,CC#CCn1c(N2CCC[C@@H](N)C2)cc(=O)n(CC#CC)c1=O
13441652,CHEMBL2424672,IC50,=,198.0,nM,6.70,CHEMBL284,Dipeptidyl peptidase 4,CC#CCn1c(N2CCC[C@@H](N)C2)cc(=O)n(C)c1=O
13441696,CHEMBL2425887,IC50,=,31.3,nM,7.50,CHEMBL284,Dipeptidyl peptidase 4,CC#CCn1c(N2CCC[C@@H](N)C2)cc(=O)n(Cc2ccc3c(ccc4ccccc43)n2)c1=O
13441698,CHEMBL2425885,IC50,=,22.0,nM,7.66,CHEMBL284,Dipeptidyl peptidase 4,CC#CCn1c(N2CCC[C@@H](N)C2)cc(=O)n(Cc2nc3ccccc3[nH]2)c1=O
13441701,CHEMBL2425888,IC50,=,10.8,nM,7.97,CHEMBL284,Dipeptidyl peptidase 4,CC#CCn1c(N2CCC[C@@H](N)C2)cc(=O)n(Cc2ccc3cc(Br)ccc3n2)c1=O
13441702,CHEMBL2425891,IC50,=,9.1,nM,8.04,CHEMBL284,Dipeptidyl peptidase 4,CC#CCn1c(N2CCC[C@@H](N)C2)cc(=O)n(Cc2ccc3cc(C)ccc3n2)c1=O
13441704,CHEMBL2425889,IC50,=,6.6,nM,8.18,CHEMBL284,Dipeptidyl peptidase 4,CC#CCn1c(N2CCC[C@@H](N)C2)cc(=O)n(Cc2ccc3cc(Cl)ccc3n2)c1=O
13441708,CHEMBL2425884,IC50,=,3.4,nM,8.47,CHEMBL284,Dipeptidyl peptidase 4,CC#CCn1c(N2CCC[C@@H](N)C2)cc(=O)n(Cc2ncccn2)c1=O
13441709,CHEMBL2425886,IC50,=,3.1,nM,8.51,CHEMBL284,Dipeptidyl peptidase 4,CC#CCn1c(N2CCC[C@@H](N)C2)cc(=O)n(Cc2ccc3ccccc3n2)c1=O
13441711,CHEMBL2425890,IC50,=,2.0,nM,8.70,CHEMBL284,Dipeptidyl peptidase 4,CC#CCn1c(N2CCC[C@@H](N)C2)cc(=O)n(Cc2ccc3cc(F)ccc3n2)c1=O
13441712,CHEMBL2425892,IC50,=,1.9,nM,8.72,CHEMBL284,Dipeptidyl peptidase 4,CC#CCn1c(N2CCC[C@@H](N)C2)cc(=O)n(Cc2ccc3cc(OC)ccc3n2)c1=O
13441713,CHEMBL376359,IC50,=,1.5,nM,8.82,CHEMBL284,Dipeptidyl peptidase 4,Cn1c(=O)cc(N2CCC[C@@H](N)C2)n(Cc2ccccc2C#N)c1=O
13441714,CHEMBL2425895,IC50,=,1.2,nM,8.92,CHEMBL284,Dipeptidyl peptidase 4,CC#CCn1c(N2CCC[C@@H](N)C2)cc(=O)n(Cc2cc(Cl)c3ccccc3n2)c1=O
13441717,CHEMBL2425894,IC50,=,0.7,nM,9.15,CHEMBL284,Dipeptidyl peptidase 4,CC#CCn1c(N2CCC[C@@H](N)C2)cc(=O)n(Cc2ccc3ccc(F)cc3n2)c1=O
13441719,CHEMBL2425893,IC50,=,0.4,nM,9.40,CHEMBL284,Dipeptidyl peptidase 4,CC#CCn1c(N2CCC[C@@H](N)C2)cc(=O)n(Cc2ccc3ccc(Cl)cc3n2)c1=O
13452829,CHEMBL2425082,IC50,>,100000.0,nM,,CHEMBL284,Dipeptidyl peptidase 4,N[C@@H]1C[C@@H](N2Cc3cn[nH]c3C2)CO[C@@H]1c1cc(F)ccc1F
13452838,CHEMBL2425078,IC50,=,38000.0,nM,4.42,CHEMBL284,Dipeptidyl peptidase 4,N[C@@H]1C[C@@H](N2Cc3cn[nH]c3C2)CO[C@H]1c1cc(F)ccc1F
13452841,CHEMBL2425080,IC50,=,26600.0,nM,4.58,CHEMBL284,Dipeptidyl peptidase 4,N[C@H]1C[C@H](N2Cc3cn[nH]c3C2)CO[C@H]1c1cc(F)ccc1F
13452842,CHEMBL2425077,IC50,=,24400.0,nM,4.61,CHEMBL284,Dipeptidyl peptidase 4,N[C@@H]1C[C@H](N2Cc3cn[nH]c3C2)CO[C@H]1c1cc(F)ccc1F
13452847,CHEMBL2425081,IC50,=,13100.0,nM,4.88,CHEMBL284,Dipeptidyl peptidase 4,N[C@@H]1C[C@H](N2Cc3cn[nH]c3C2)CO[C@@H]1c1cc(F)ccc1F
13452848,CHEMBL2425065,IC50,=,12600.0,nM,4.90,CHEMBL284,Dipeptidyl peptidase 4,CC1(C)c2cnc(C3CC3)nc2CN1[C@H]1CO[C@H](c2cc(F)ccc2F)[C@@H](N)C1
13452852,CHEMBL2425079,IC50,=,2800.0,nM,5.55,CHEMBL284,Dipeptidyl peptidase 4,N[C@H]1C[C@@H](N2Cc3cn[nH]c3C2)CO[C@H]1c1cc(F)ccc1F
13452853,CHEMBL2425066,IC50,=,720.0,nM,6.14,CHEMBL284,Dipeptidyl peptidase 4,N[C@H]1C[C@@H](N2Cc3ccccc3C2=O)CO[C@@H]1c1cc(F)ccc1F
13452857,CHEMBL2425062,IC50,=,140.0,nM,6.85,CHEMBL284,Dipeptidyl peptidase 4,N[C@H]1C[C@@H](n2cc3cnc(C4CC4)nc3c2)CO[C@@H]1c1cc(F)c(F)cc1F
13452858,CHEMBL2425067,IC50,=,125.0,nM,6.90,CHEMBL284,Dipeptidyl peptidase 4,N[C@H]1C[C@@H](N2Cc3ccccc3O2)CO[C@@H]1c1cc(F)ccc1F
13452863,CHEMBL2425071,IC50,=,64.0,nM,7.19,CHEMBL284,Dipeptidyl peptidase 4,N[C@H]1C[C@@H](N2Cc3cn[nH]c3C2)CO[C@@H]1c1ccccc1Cl
13452864,CHEMBL2425076,IC50,=,56.0,nM,7.25,CHEMBL284,Dipeptidyl peptidase 4,N[C@H]1C[C@H](N2Cc3cn[nH]c3C2)CO[C@@H]1c1cc(F)ccc1F
13452867,CHEMBL2425073,IC50,=,48.0,nM,7.32,CHEMBL284,Dipeptidyl peptidase 4,N[C@H]1C[C@@H](N2Cc3cn[nH]c3C2)CO[C@@H]1c1cc(F)c(Cl)cc1F
13452869,CHEMBL2425074,IC50,=,37.0,nM,7.43,CHEMBL284,Dipeptidyl peptidase 4,N[C@H]1C[C@@H](N2Cc3cn[nH]c3C2)CO[C@@H]1c1cc(F)ccc1Cl
13452870,CHEMBL2425063,IC50,=,37.0,nM,7.43,CHEMBL284,Dipeptidyl peptidase 4,N[C@H]1C[C@@H](N2CCn3c(nnc3C(F)(F)F)C2)CO[C@@H]1c1cc(F)ccc1F
13452874,CHEMBL2425072,IC50,=,27.0,nM,7.57,CHEMBL284,Dipeptidyl peptidase 4,N[C@H]1C[C@@H](N2Cc3cn[nH]c3C2)CO[C@@H]1c1ccc(F)cc1F
13452875,CHEMBL2425064,IC50,=,27.0,nM,7.57,CHEMBL284,Dipeptidyl peptidase 4,CC1(C)c2nc(C3CC3)ncc2CN1[C@H]1CO[C@H](c2cc(F)ccc2F)[C@@H](N)C1
13452879,CHEMBL2425068,IC50,=,11.0,nM,7.96,CHEMBL284,Dipeptidyl peptidase 4,Cc1nc2c(o1)CN([C@H]1CO[C@H](c3cc(F)ccc3F)[C@@H](N)C1)C2
13452896,CHEMBL2425069,IC50,=,1.6,nM,8.80,CHEMBL284,Dipeptidyl peptidase 4,N[C@H]1C[C@@H](N2Cc3nc(C(F)(F)F)[nH]c3C2)CO[C@@H]1c1cc(F)ccc1F
13452898,CHEMBL2425070,IC50,=,1.4,nM,8.85,CHEMBL284,Dipeptidyl peptidase 4,N[C@H]1C[C@@H](N2Cc3cn[nH]c3C2)CO[C@@H]1c1cc(F)ccc1F
13452899,CHEMBL2425060,IC50,=,1.3,nM,8.89,CHEMBL284,Dipeptidyl peptidase 4,N[C@H]1C[C@@H](N2Cc3cnc(C(F)(F)F)nc3C2)CO[C@@H]1c1cc(F)c(F)cc1F
13452901,CHEMBL2425075,IC50,=,1.0,nM,9.00,CHEMBL284,Dipeptidyl peptidase 4,N[C@H]1C[C@@H](N2Cc3cn[nH]c3C2)CO[C@@H]1c1cc(F)c(F)cc1F
13452903,CHEMBL2425061,IC50,=,0.66,nM,9.18,CHEMBL284,Dipeptidyl peptidase 4,N[C@H]1C[C@@H](N2Cc3cnc(C4CC4)nc3C2)CO[C@@H]1c1cc(F)c(F)cc1F
13452905,CHEMBL2425059,IC50,=,0.5,nM,9.30,CHEMBL284,Dipeptidyl peptidase 4,N[C@H]1C[C@@H](N2Cc3cnc(C(F)(F)F)nc3C2)CC[C@@H]1c1cc(F)c(F)cc1F
13497199,CHEMBL2441955,Ki,=,0.8,nM,9.10,CHEMBL284,Dipeptidyl peptidase 4,Cc1nc2c(c(-c3ccc(Cl)cc3Cl)c1CN)C(=O)N(CC(=O)N1CCCCC1)C2
13497200,CHEMBL2441954,Ki,=,0.4,nM,9.40,CHEMBL284,Dipeptidyl peptidase 4,Cc1nc2c(c(-c3ccc(Cl)cc3Cl)c1CN)C(=O)N(CC(=O)N1CCCC1)C2
13497201,CHEMBL2441953,Ki,=,0.4,nM,9.40,CHEMBL284,Dipeptidyl peptidase 4,CCCN(C)C(=O)CN1Cc2nc(C)c(CN)c(-c3ccc(Cl)cc3Cl)c2C1=O
13497202,CHEMBL2441952,Ki,=,13.0,nM,7.89,CHEMBL284,Dipeptidyl peptidase 4,Cc1nc2c(c(-c3ccc(Cl)cc3Cl)c1CN)C(=O)N(CC(=O)N(C)C)C2
13497203,CHEMBL2441952,Ki,=,0.94,nM,9.03,CHEMBL284,Dipeptidyl peptidase 4,Cc1nc2c(c(-c3ccc(Cl)cc3Cl)c1CN)C(=O)N(CC(=O)N(C)C)C2
13497204,CHEMBL2441951,Ki,=,2.1,nM,8.68,CHEMBL284,Dipeptidyl peptidase 4,CNC(=O)CN1Cc2nc(C)c(CN)c(-c3ccc(Cl)cc3Cl)c2C1=O
13497205,CHEMBL2441950,Ki,=,4.2,nM,8.38,CHEMBL284,Dipeptidyl peptidase 4,Cc1nc2c(c(-c3ccc(Cl)cc3Cl)c1CN)C(=O)N(CC(N)=O)C2
13497206,CHEMBL2441848,Ki,=,2.5,nM,8.60,CHEMBL284,Dipeptidyl peptidase 4,CCN(CC)C(=O)[C@@H](C)N1Cc2nc(C)c(CN)c(-c3ccc(Cl)cc3Cl)c2C1=O
13497207,CHEMBL2441847,Ki,=,6.6,nM,8.18,CHEMBL284,Dipeptidyl peptidase 4,CCN(CC)C(=O)CCN1Cc2nc(C)c(CN)c(-c3ccc(Cl)cc3Cl)c2C1=O
13497208,CHEMBL2441846,Ki,=,0.3,nM,9.52,CHEMBL284,Dipeptidyl peptidase 4,CCN(CC)C(=O)CN1Cc2nc(C)c(CN)c(-c3ccc(Cl)cc3Cl)c2C1=O
13497209,CHEMBL2441845,Ki,=,1.0,nM,9.00,CHEMBL284,Dipeptidyl peptidase 4,Cc1nc2c(c(-c3ccc(Cl)cc3Cl)c1CN)C(=O)N(CCC(=O)O)C2
13497210,CHEMBL2441844,Ki,=,11.0,nM,7.96,CHEMBL284,Dipeptidyl peptidase 4,Cc1nc2c(c(-c3ccc(Cl)cc3Cl)c1CN)C(=O)N(CC(=O)O)C2
13497211,CHEMBL2441844,Ki,=,1.7,nM,8.77,CHEMBL284,Dipeptidyl peptidase 4,Cc1nc2c(c(-c3ccc(Cl)cc3Cl)c1CN)C(=O)N(CC(=O)O)C2
13497212,CHEMBL2441843,Ki,=,30.0,nM,7.52,CHEMBL284,Dipeptidyl peptidase 4,CCOC(=O)N1Cc2nc(C)c(CN)c(-c3ccc(Cl)cc3Cl)c2C1=O
13497213,CHEMBL2441842,Ki,=,14.0,nM,7.85,CHEMBL284,Dipeptidyl peptidase 4,Cc1nc2c(c(-c3ccc(Cl)cc3Cl)c1CN)C(=O)NC2
13497214,CHEMBL2441841,Ki,=,0.4,nM,9.40,CHEMBL284,Dipeptidyl peptidase 4,Cc1nc2c(c(-c3ccc(Cl)cc3Cl)c1CN)C(=O)N(C[C@@H]1CCCN1S(=O)(=O)C1CC1)C2
13497215,CHEMBL2441840,Ki,=,7.5,nM,8.12,CHEMBL284,Dipeptidyl peptidase 4,Cc1nc2c(c(-c3ccc(Cl)cc3Cl)c1CN)C(=O)N(C[C@@H]1CCCN1)C2
13497216,CHEMBL2441839,Ki,=,1.0,nM,9.00,CHEMBL284,Dipeptidyl peptidase 4,Cc1nc2c(c(-c3ccc(Cl)cc3Cl)c1CN)C(=O)N(C[C@@H]1CCCO1)C2
13497217,CHEMBL2441838,Ki,=,2.7,nM,8.57,CHEMBL284,Dipeptidyl peptidase 4,Cc1nc2c(c(-c3ccc(Cl)cc3Cl)c1CN)C(=O)N(C[C@H]1CCCO1)C2
13497218,CHEMBL2441837,Ki,=,31.0,nM,7.51,CHEMBL284,Dipeptidyl peptidase 4,COC[C@H](C)N1Cc2nc(C)c(CN)c(-c3ccc(Cl)cc3Cl)c2C1=O
13497219,CHEMBL2441837,Ki,=,7.4,nM,8.13,CHEMBL284,Dipeptidyl peptidase 4,COC[C@H](C)N1Cc2nc(C)c(CN)c(-c3ccc(Cl)cc3Cl)c2C1=O
13497220,CHEMBL2441836,Ki,=,160.0,nM,6.80,CHEMBL284,Dipeptidyl peptidase 4,COCCN1Cc2nc(C)c(CN)c(-c3ccc(Cl)cc3Cl)c2C1=O
13497221,CHEMBL2441836,Ki,=,6.0,nM,8.22,CHEMBL284,Dipeptidyl peptidase 4,COCCN1Cc2nc(C)c(CN)c(-c3ccc(Cl)cc3Cl)c2C1=O
13497222,CHEMBL2441836,Ki,=,8.3,nM,8.08,CHEMBL284,Dipeptidyl peptidase 4,COCCN1Cc2nc(C)c(CN)c(-c3ccc(Cl)cc3Cl)c2C1=O
13497223,CHEMBL2441835,Ki,=,2.3,nM,8.64,CHEMBL284,Dipeptidyl peptidase 4,Cc1cc(CN2Cc3nc(C)c(CN)c(-c4ccc(Cl)cc4Cl)c3C2=O)no1
13497224,CHEMBL2441834,Ki,=,2.6,nM,8.59,CHEMBL284,Dipeptidyl peptidase 4,Cc1nc2c(c(-c3ccc(Cl)cc3Cl)c1CN)C(=O)N(Cc1ncco1)C2
13497225,CHEMBL2441833,Ki,=,3.4,nM,8.47,CHEMBL284,Dipeptidyl peptidase 4,Cc1nc2c(c(-c3ccc(Cl)cc3Cl)c1CN)C(=O)N(Cc1ccn(C)n1)C2
13497226,CHEMBL2441832,Ki,=,29.0,nM,7.54,CHEMBL284,Dipeptidyl peptidase 4,Cc1nc2c(c(-c3ccc(Cl)cc3Cl)c1CN)C(=O)N(Cc1ccccc1)C2
13497227,CHEMBL2441831,Ki,=,11.0,nM,7.96,CHEMBL284,Dipeptidyl peptidase 4,Cc1nc2c(c(-c3ccc(Cl)cc3Cl)c1CN)C(=O)N(c1ccn(C)n1)C2
13497228,CHEMBL2441830,Ki,=,63.0,nM,7.20,CHEMBL284,Dipeptidyl peptidase 4,COc1ccccc1N1Cc2nc(C)c(CN)c(-c3ccc(Cl)cc3Cl)c2C1=O
13497229,CHEMBL2441830,Ki,=,1.9,nM,8.72,CHEMBL284,Dipeptidyl peptidase 4,COc1ccccc1N1Cc2nc(C)c(CN)c(-c3ccc(Cl)cc3Cl)c2C1=O
13497230,CHEMBL2441830,Ki,=,3.9,nM,8.41,CHEMBL284,Dipeptidyl peptidase 4,COc1ccccc1N1Cc2nc(C)c(CN)c(-c3ccc(Cl)cc3Cl)c2C1=O
13497231,CHEMBL2441829,Ki,=,20.0,nM,7.70,CHEMBL284,Dipeptidyl peptidase 4,COc1ccc(N2Cc3nc(C)c(CN)c(-c4ccc(Cl)cc4Cl)c3C2=O)cc1
13497232,CHEMBL2441828,Ki,=,21.0,nM,7.68,CHEMBL284,Dipeptidyl peptidase 4,Cc1nc2c(c(-c3ccc(Cl)cc3Cl)c1CN)C(=O)N(c1ccccc1)C2
13830238,CHEMBL3086656,Ki,=,4500.0,nM,5.35,CHEMBL284,Dipeptidyl peptidase 4,CC(C)[C@H](N)C(=O)N1CCC[C@H]1C(=O)NC(C(=O)N1CCC[C@H]1C(=O)N[C@@H](CCCNC(=N)N)C(N)=O)C(C)(C)C
13830239,CHEMBL3086657,Ki,=,142000.0,nM,,CHEMBL284,Dipeptidyl peptidase 4,CC(C)[C@H](N)C(=O)N1CCC[C@H]1C(=O)N[C@@H](CC(=O)O)C(=O)N1CCC[C@H]1C(=O)N[C@@H](CCCNC(=N)N)C(N)=O
13830240,CHEMBL3086658,Ki,=,61000.0,nM,4.21,CHEMBL284,Dipeptidyl peptidase 4,CC[C@H](C)[C@H](NC(=O)[C@H](CCCNC(=N)N)NC(=O)[C@H](CC(=O)O)NC(=O)[C@H](CCSC)NC(=O)[C@H](CCCCN)NC(=O)[C@H](CCCNC(=N)N)NC(=O)CNC(=O)[C@H](Cc1ccccc1)NC(=O)[C@H](CS)NC(=O)CNC(=O)[C@H](CO)NC(=O)CNC(=O)[C@H](CCC(N)=O)NC(=O)[C@@H](NC(=O)[C@H](CCSC)NC(=O)C(NC(=O)[C@@H]1CCCN1C(=O)[C@@H](N)CO)C(C)(C)C)C(C)C)C(=O)N[C@@H](CO)C(=O)N[C@@H](CO)C(=O)N[C@@H](CO)C(=O)N[C@@H](CO)C(=O)NCC(=O)N[C@@H](CC(C)C)C(=O)NCC(=O)N[C@@H](CS)C(=O)N[C@@H](CCCCN)C(=O)N[C@H](C(=O)N[C@@H](CC(C)C)C(=O)N[C@@H](CCCNC(=N)N)C(=O)N[C@@H](CCCNC(=N)N)C(=O)N[C@@H](Cc1cnc[nH]1)C(N)=O)C(C)C
13830241,CHEMBL3086660,Ki,=,5000.0,nM,5.30,CHEMBL284,Dipeptidyl peptidase 4,CC[C@H](C)[C@H](NC(=O)[C@H](Cc1ccc(O)cc1)NC(=O)[C@H](Cc1cnc[nH]1)NC(=O)[C@H](CCCNC(=N)N)NC(=O)[C@H](CC(C)C)NC(=O)[C@H](C)NC(=O)[C@H](CO)NC(=O)[C@H](Cc1ccc(O)cc1)NC(=O)[C@H](Cc1ccc(O)cc1)NC(=O)[C@H](CCCNC(=N)N)NC(=O)[C@H](C)NC(=O)[C@H](CCSC)NC(=O)[C@H](CC(=O)O)NC(=O)[C@H](CCC(=O)O)NC(=O)[C@H](C)NC(=O)[C@@H]1CCCN1C(=O)[C@H](C)NC(=O)[C@H](CC(=O)O)NC(=O)[C@H](CCC(=O)O)NC(=O)CNC(=O)[C@@H]1CCCN1C(=O)[C@H](CC(N)=O)NC(=O)[C@H](CC(=O)O)NC(=O)[C@@H]1CCCN1C(=O)[C@H](CCCCN)NC(=O)C(NC(=O)[C@@H]1CCCN1C(=O)[C@@H](N)Cc1ccc(O)cc1)C(C)(C)C)C(=O)N[C@@H](CC(N)=O)C(=O)N[C@@H](CC(C)C)C(=O)N[C@@H](CC(C)C)C(=O)N[C@H](C(=O)N[C@@H](CCCNC(=N)N)C(=O)N1CCC[C@H]1C(=O)N[C@@H](CCCNC(=N)N)C(=O)N[C@@H](Cc1ccc(O)cc1)C(N)=O)[C@@H](C)O
13830242,CHEMBL3086661,Ki,=,6300.0,nM,5.20,CHEMBL284,Dipeptidyl peptidase 4,CC[C@H](C)[C@H](NC(=O)[C@H](Cc1ccc(O)cc1)NC(=O)[C@H](Cc1cnc[nH]1)NC(=O)[C@H](CCCNC(=N)N)NC(=O)[C@H](CC(C)C)NC(=O)[C@H](C)NC(=O)[C@H](CO)NC(=O)[C@H](Cc1ccc(O)cc1)NC(=O)[C@H](Cc1ccc(O)cc1)NC(=O)[C@H](CCCNC(=N)N)NC(=O)[C@H](C)NC(=O)[C@H](CCSC)NC(=O)[C@H](CC(=O)O)NC(=O)[C@H](CCC(=O)O)NC(=O)[C@H](C)NC(=O)[C@@H]1CCCN1C(=O)[C@H](C)NC(=O)[C@H](CC(=O)O)NC(=O)[C@H](CCC(=O)O)NC(=O)CNC(=O)[C@@H]1CCCN1C(=O)[C@H](CC(N)=O)NC(=O)[C@H](CC(=O)O)NC(=O)[C@@H]1CCCN1C(=O)[C@H](CCCCN)NC(=O)C(NC(=O)[C@@H]1CCCN1C(=O)[C@@H](N)Cc1ccc(O)cc1)C(C)(C)C)C(=O)N[C@@H](CC(N)=O)C(=O)N[C@@H](CC(C)C)C(=O)N[C@H](C(=O)N[C@H](C(=O)N[C@@H](CCCNC(=N)N)C(=O)N[C@@H](CCC(N)=O)C(=O)N[C@@H](CCCNC(=N)N)C(=O)N[C@@H](Cc1ccc(O)cc1)C(N)=O)[C@@H](C)O)[C@@H](C)CC
13856200,CHEMBL142703,IC50,=,20.0,nM,7.70,CHEMBL284,Dipeptidyl peptidase 4,N#C[C@@H]1CCCN1C(=O)CNC12CC3CC(CC(O)(C3)C1)C2
13856207,CHEMBL3093901,IC50,=,209.0,nM,6.68,CHEMBL284,Dipeptidyl peptidase 4,N#C[C@@H]1CCCN1C(=O)[C@@H](N)Cc1cccc(C(F)(F)F)c1
13856215,CHEMBL3093900,IC50,=,63.0,nM,7.20,CHEMBL284,Dipeptidyl peptidase 4,N#Cc1cccc(C[C@H](N)C(=O)N2CCC[C@H]2C#N)c1
13856222,CHEMBL3093899,IC50,=,46.0,nM,7.34,CHEMBL284,Dipeptidyl peptidase 4,N#C[C@@H]1CCCN1C(=O)[C@@H](N)Cc1ccccc1C(F)(F)F
13856229,CHEMBL3093898,IC50,=,27.0,nM,7.57,CHEMBL284,Dipeptidyl peptidase 4,N#Cc1ccccc1C[C@H](N)C(=O)N1CCC[C@H]1C#N
13856236,CHEMBL3093897,IC50,=,42.0,nM,7.38,CHEMBL284,Dipeptidyl peptidase 4,Cc1ccccc1C[C@H](N)C(=O)N1CCC[C@H]1C#N
13856244,CHEMBL200347,IC50,=,145.0,nM,6.84,CHEMBL284,Dipeptidyl peptidase 4,N#C[C@@H]1CCCN1C(=O)[C@@H](N)Cc1ccc(-c2ccccc2)cc1
13856251,CHEMBL3093896,IC50,=,4.0,nM,8.40,CHEMBL284,Dipeptidyl peptidase 4,N#C[C@@H]1CCCN1C(=O)[C@@H](N)Cc1ccc(Br)cc1
13856258,CHEMBL3093925,IC50,=,4.0,nM,8.40,CHEMBL284,Dipeptidyl peptidase 4,N#C[C@@H]1CCCN1C(=O)[C@@H](N)Cc1ccc(Cl)cc1
13856265,CHEMBL3093924,IC50,=,31.0,nM,7.51,CHEMBL284,Dipeptidyl peptidase 4,N#C[C@@H]1CCCN1C(=O)[C@@H](N)Cc1ccc(C(F)(F)F)cc1
13856273,CHEMBL3093923,IC50,=,21.0,nM,7.68,CHEMBL284,Dipeptidyl peptidase 4,N#Cc1ccc(C[C@H](N)C(=O)N2CCC[C@H]2C#N)cc1
13856279,CHEMBL3093922,IC50,=,20.0,nM,7.70,CHEMBL284,Dipeptidyl peptidase 4,N#C[C@@H]1CCCN1C(=O)[C@@H](N)Cc1ccc([N+](=O)[O-])cc1
13856285,CHEMBL3093921,IC50,=,75.0,nM,7.12,CHEMBL284,Dipeptidyl peptidase 4,N#C[C@@H]1CCCN1C(=O)[C@@H](N)Cc1ccc(N)cc1
13856292,CHEMBL3093920,IC50,=,29.0,nM,7.54,CHEMBL284,Dipeptidyl peptidase 4,COc1ccc(C[C@H](N)C(=O)N2CCC[C@H]2C#N)cc1
13856299,CHEMBL3093919,IC50,=,17.0,nM,7.77,CHEMBL284,Dipeptidyl peptidase 4,Cc1ccc(C[C@H](N)C(=O)N2CCC[C@H]2C#N)cc1
13856306,CHEMBL3093918,IC50,=,11.0,nM,7.96,CHEMBL284,Dipeptidyl peptidase 4,N#C[C@@H]1CCCN1C(=O)[C@@H](N)Cc1ccc(F)cc1
13856312,CHEMBL3093917,IC50,=,248.0,nM,6.61,CHEMBL284,Dipeptidyl peptidase 4,N#C[C@@H]1CCCN1C(=O)[C@@H](N)Cc1cccc(F)c1
13856319,CHEMBL3093916,IC50,=,18.0,nM,7.75,CHEMBL284,Dipeptidyl peptidase 4,N#C[C@@H]1CCCN1C(=O)[C@@H](N)Cc1ccccc1F
13856325,CHEMBL201268,IC50,=,27.0,nM,7.57,CHEMBL284,Dipeptidyl peptidase 4,N#C[C@@H]1CCCN1C(=O)[C@@H](N)Cc1ccccc1
13856332,CHEMBL3093915,IC50,=,60.0,nM,7.22,CHEMBL284,Dipeptidyl peptidase 4,N#C[C@@H]1C[C@H](F)CN1C(=O)[C@@H](N)Cc1cc(F)cc(F)c1F
13856339,CHEMBL3091488,IC50,=,23.0,nM,7.64,CHEMBL284,Dipeptidyl peptidase 4,N#C[C@@H]1C[C@H](F)CN1C(=O)[C@@H](N)Cc1ccc(F)c(F)c1F
13856346,CHEMBL3093914,IC50,=,17.0,nM,7.77,CHEMBL284,Dipeptidyl peptidase 4,N#C[C@@H]1C[C@H](F)CN1C(=O)[C@@H](N)Cc1cc(F)c(F)cc1F
13856353,CHEMBL3093913,IC50,=,6.0,nM,8.22,CHEMBL284,Dipeptidyl peptidase 4,N#C[C@@H]1C[C@H](F)CN1C(=O)[C@@H](N)Cc1ccc(F)cc1F
13856360,CHEMBL3093912,IC50,=,20.0,nM,7.70,CHEMBL284,Dipeptidyl peptidase 4,N#C[C@@H]1C[C@H](F)CN1C(=O)[C@@H](N)Cc1ccccc1C(F)(F)F
13856367,CHEMBL3093911,IC50,=,22.0,nM,7.66,CHEMBL284,Dipeptidyl peptidase 4,N#Cc1ccccc1C[C@H](N)C(=O)N1C[C@@H](F)C[C@H]1C#N
13856374,CHEMBL3093910,IC50,=,94.0,nM,7.03,CHEMBL284,Dipeptidyl peptidase 4,N#C[C@@H]1C[C@H](F)CN1C(=O)[C@@H](N)Cc1ccc(OCc2ccccc2)cc1
13856381,CHEMBL3093909,IC50,=,125.0,nM,6.90,CHEMBL284,Dipeptidyl peptidase 4,CC(C)(C)c1ccc(C[C@H](N)C(=O)N2C[C@@H](F)C[C@H]2C#N)cc1
13856387,CHEMBL3093908,IC50,=,6.0,nM,8.22,CHEMBL284,Dipeptidyl peptidase 4,N#C[C@@H]1C[C@H](F)CN1C(=O)[C@@H](N)Cc1ccc(C(F)(F)F)cc1
13856394,CHEMBL3093907,IC50,=,5.0,nM,8.30,CHEMBL284,Dipeptidyl peptidase 4,N#Cc1ccc(C[C@H](N)C(=O)N2C[C@@H](F)C[C@H]2C#N)cc1
13856401,CHEMBL3093906,IC50,=,292.0,nM,6.54,CHEMBL284,Dipeptidyl peptidase 4,N#C[C@@H]1C[C@H](F)CN1C(=O)[C@@H](N)Cc1ccc([N+](=O)[O-])cc1
13856408,CHEMBL3093905,IC50,=,15.0,nM,7.82,CHEMBL284,Dipeptidyl peptidase 4,COc1ccc(C[C@H](N)C(=O)N2C[C@@H](F)C[C@H]2C#N)cc1
13856415,CHEMBL3093904,IC50,=,4.0,nM,8.40,CHEMBL284,Dipeptidyl peptidase 4,Cc1ccc(C[C@H](N)C(=O)N2C[C@@H](F)C[C@H]2C#N)cc1
13856422,CHEMBL3093903,IC50,=,3.0,nM,8.52,CHEMBL284,Dipeptidyl peptidase 4,N#C[C@@H]1C[C@H](F)CN1C(=O)[C@@H](N)Cc1ccc(F)cc1
13856471,CHEMBL3093902,IC50,=,17.0,nM,7.77,CHEMBL284,Dipeptidyl peptidase 4,N#C[C@@H]1C[C@H](F)CN1C(=O)[C@@H](N)Cc1ccccc1
13903876,CHEMBL3112963,IC50,=,60000.0,nM,4.22,CHEMBL284,Dipeptidyl peptidase 4,CO[C@H]1CC[C@](CN)(c2ccccc2)CC1
13903888,CHEMBL3112962,IC50,=,19900.0,nM,4.70,CHEMBL284,Dipeptidyl peptidase 4,NC[C@]1(c2ccccc2)CC[C@H](OCc2ccccc2)CC1
13903892,CHEMBL3112965,IC50,=,15700.0,nM,4.80,CHEMBL284,Dipeptidyl peptidase 4,CO[C@H]1CC[C@](CN)(c2cc(F)c(F)cc2F)CC1
13903897,CHEMBL3112961,IC50,=,11900.0,nM,4.92,CHEMBL284,Dipeptidyl peptidase 4,NC[C@]1(c2ccccc2)CC[C@H](OC/C=C/c2ccccc2)CC1
13903910,CHEMBL3112964,IC50,=,4200.0,nM,5.38,CHEMBL284,Dipeptidyl peptidase 4,CO[C@H]1CC[C@](CN)(c2cccc(Cl)c2)CC1
13903922,CHEMBL3112969,IC50,=,250.0,nM,6.60,CHEMBL284,Dipeptidyl peptidase 4,NC[C@]1(c2cccc(Cl)c2)CC[C@H](N2CCCCC2)CC1
13903923,CHEMBL3112957,IC50,=,200.0,nM,6.70,CHEMBL284,Dipeptidyl peptidase 4,NC[C@]1(c2cccc(Cl)c2)CC[C@H](n2ncccc2=O)CC1
13903924,CHEMBL3112958,IC50,=,40.0,nM,7.40,CHEMBL284,Dipeptidyl peptidase 4,Cc1ccc(=O)n([C@H]2CC[C@](CN)(c3cccc(Cl)c3)CC2)n1
13903925,CHEMBL3112970,IC50,=,40.0,nM,7.40,CHEMBL284,Dipeptidyl peptidase 4,NC[C@]1(c2cccc(Cl)c2)CC[C@H](N2CCn3c(nnc3C(F)(F)F)C2)CC1
13903926,CHEMBL3112966,IC50,=,20.0,nM,7.70,CHEMBL284,Dipeptidyl peptidase 4,NC[C@]1(c2cccc(Cl)c2)CC[C@H](N2CCCCC2=O)CC1
13903927,CHEMBL1422,IC50,=,10.0,nM,8.00,CHEMBL284,Dipeptidyl peptidase 4,N[C@@H](CC(=O)N1CCn2c(nnc2C(F)(F)F)C1)Cc1cc(F)c(F)cc1F
13903928,CHEMBL142703,IC50,=,10.0,nM,8.00,CHEMBL284,Dipeptidyl peptidase 4,N#C[C@@H]1CCCN1C(=O)CNC12CC3CC(CC(O)(C3)C1)C2
13903929,CHEMBL3112971,IC50,=,9.0,nM,8.05,CHEMBL284,Dipeptidyl peptidase 4,NC[C@]1(c2cccc(Cl)c2)CC[C@H](N2CCc3c(nc(C(F)(F)F)nc3C3CC3)C2)CC1
13903930,CHEMBL3112967,IC50,=,7.0,nM,8.15,CHEMBL284,Dipeptidyl peptidase 4,NC[C@]1(c2cccc(Cl)c2)CC[C@H](N2CCn3c(nnc3C(F)(F)F)C2=O)CC1
13903931,CHEMBL1422,IC50,=,7.0,nM,8.15,CHEMBL284,Dipeptidyl peptidase 4,N[C@@H](CC(=O)N1CCn2c(nnc2C(F)(F)F)C1)Cc1cc(F)c(F)cc1F
13903932,CHEMBL3112960,IC50,=,4.0,nM,8.40,CHEMBL284,Dipeptidyl peptidase 4,NC[C@]1(c2cccc(Cl)c2)CC[C@H](n2nc(-c3cccnc3)ccc2=O)CC1
13903933,CHEMBL3112959,IC50,=,3.0,nM,8.52,CHEMBL284,Dipeptidyl peptidase 4,NC[C@]1(c2cccc(Cl)c2)CC[C@H](n2nc(-c3ccccc3)ccc2=O)CC1
13903934,CHEMBL3112968,IC50,=,2.0,nM,8.70,CHEMBL284,Dipeptidyl peptidase 4,NC[C@]1(c2cccc(Cl)c2)CC[C@H](N2CCc3c(nc(C(F)(F)F)nc3C3CC3)C2=O)CC1
13910923,CHEMBL3114069,IC50,=,4364.0,nM,5.36,CHEMBL284,Dipeptidyl peptidase 4,N#C[C@@H]1C[C@H]2C[C@H]2N1C(=O)[C@@H](N)C12CC3CC(CC(O)(C3)C1)C2
13910924,CHEMBL385517,IC50,=,30.3,nM,7.52,CHEMBL284,Dipeptidyl peptidase 4,N#C[C@@H]1C[C@@H]2C[C@@H]2N1C(=O)[C@@H](N)C12CC3CC(CC(O)(C3)C1)C2
13959522,CHEMBL3127979,IC50,=,113600.0,nM,,CHEMBL284,Dipeptidyl peptidase 4,N#C[C@@H]1CCCN1C(=O)[C@@H](N)Cc1ccoc1
13960730,CHEMBL3127983,IC50,=,520.0,nM,6.28,CHEMBL284,Dipeptidyl peptidase 4,N#C[C@@H]1CCCN1C(=O)[C@@H](N)Cc1ccccn1
13960731,CHEMBL3127988,IC50,=,390.0,nM,6.41,CHEMBL284,Dipeptidyl peptidase 4,N#C[C@@H]1C[C@H](F)CN1C(=O)[C@@H](N)Cc1csc(-c2ccccc2)n1
13960732,CHEMBL3127982,IC50,=,330.0,nM,6.48,CHEMBL284,Dipeptidyl peptidase 4,N#C[C@@H]1CCCN1C(=O)[C@@H](N)Cc1cscn1
13960737,CHEMBL3127980,IC50,=,170.0,nM,6.77,CHEMBL284,Dipeptidyl peptidase 4,N#C[C@@H]1CCCN1C(=O)[C@@H](N)Cc1ccsc1
13960738,CHEMBL3127991,IC50,=,120.0,nM,6.92,CHEMBL284,Dipeptidyl peptidase 4,N#C[C@@H]1C[C@H](F)CN1C(=O)[C@@H](N)Cc1csc(-c2cccs2)n1
13960739,CHEMBL3127990,IC50,=,50.0,nM,7.30,CHEMBL284,Dipeptidyl peptidase 4,N#C[C@@H]1C[C@H](F)CN1C(=O)[C@@H](N)Cc1csc(-c2ccc(C(F)(F)F)cc2)n1
13960740,CHEMBL3127989,IC50,=,50.0,nM,7.30,CHEMBL284,Dipeptidyl peptidase 4,N#C[C@@H]1C[C@H](F)CN1C(=O)[C@@H](N)Cc1csc(-c2ccc(Cl)cc2)n1
13960741,CHEMBL3127985,IC50,=,50.0,nM,7.30,CHEMBL284,Dipeptidyl peptidase 4,N#C[C@@H]1C[C@H](F)CN1C(=O)[C@@H](N)Cc1csc2ccccc12
13960742,CHEMBL3127987,IC50,=,40.0,nM,7.40,CHEMBL284,Dipeptidyl peptidase 4,Cc1nc(C[C@H](N)C(=O)N2C[C@@H](F)C[C@H]2C#N)cs1
13960743,CHEMBL3127981,IC50,=,30.0,nM,7.52,CHEMBL284,Dipeptidyl peptidase 4,N#C[C@@H]1CCCN1C(=O)[C@@H](N)Cc1csc2ccccc12
13960744,CHEMBL1422,IC50,=,20.0,nM,7.70,CHEMBL284,Dipeptidyl peptidase 4,N[C@@H](CC(=O)N1CCn2c(nnc2C(F)(F)F)C1)Cc1cc(F)c(F)cc1F
13960745,CHEMBL3127992,IC50,=,10.0,nM,8.00,CHEMBL284,Dipeptidyl peptidase 4,N#C[C@@H]1C[C@H](F)CN1C(=O)[C@@H](N)Cc1cc2c(cc1Br)OCO2
13960746,CHEMBL3127992,Ki,=,9.0,nM,8.05,CHEMBL284,Dipeptidyl peptidase 4,N#C[C@@H]1C[C@H](F)CN1C(=O)[C@@H](N)Cc1cc2c(cc1Br)OCO2
13960747,CHEMBL3127984,IC50,=,5.0,nM,8.30,CHEMBL284,Dipeptidyl peptidase 4,N#C[C@@H]1C[C@H](F)CN1C(=O)[C@@H](N)Cc1cccs1
13960748,CHEMBL3127986,IC50,=,4.0,nM,8.40,CHEMBL284,Dipeptidyl peptidase 4,N#C[C@@H]1C[C@H](F)CN1C(=O)[C@@H](N)Cc1cscn1
13960749,CHEMBL3127986,Ki,=,3.5,nM,8.46,CHEMBL284,Dipeptidyl peptidase 4,N#C[C@@H]1C[C@H](F)CN1C(=O)[C@@H](N)Cc1cscn1
14528199,CHEMBL3121246,IC50,=,113760.0,nM,,CHEMBL284,Dipeptidyl peptidase 4,CCOC(=O)c1c(O)cc(O)c2c1OC(c1ccc(O)cc1)CC2
14528200,CHEMBL251958,IC50,=,33110.0,nM,4.48,CHEMBL284,Dipeptidyl peptidase 4,COc1cc(O)c(C(=O)/C=C/c2ccc(O)cc2)c(OC)c1
14528201,CHEMBL599763,IC50,=,26920.0,nM,4.57,CHEMBL284,Dipeptidyl peptidase 4,O=C(/C=C/c1ccc(O[C@@H]2O[C@H](CO)[C@@H](O)[C@H](O)[C@H]2O)cc1)c1ccc(O)cc1O
14528202,CHEMBL50,IC50,=,32730.0,nM,4.49,CHEMBL284,Dipeptidyl peptidase 4,O=c1c(O)c(-c2ccc(O)c(O)c2)oc2cc(O)cc(O)c12
14528203,CHEMBL75589,IC50,=,41690.0,nM,4.38,CHEMBL284,Dipeptidyl peptidase 4,COc1cc(O)c2c(=O)c(O)c(-c3ccc(OC)c(O)c3)oc2c1
14528204,CHEMBL164,IC50,=,37150.0,nM,4.43,CHEMBL284,Dipeptidyl peptidase 4,O=c1c(O)c(-c2cc(O)c(O)c(O)c2)oc2cc(O)cc(O)c12
14528205,CHEMBL1724888,IC50,=,38430.0,nM,4.42,CHEMBL284,Dipeptidyl peptidase 4,O=C(CC(O)CCc1ccccc1)c1ccc(O)cc1
14528206,CHEMBL2048503,IC50,=,41400.0,nM,4.38,CHEMBL284,Dipeptidyl peptidase 4,COC(=O)C1(O)CC(O)C(O)C(OC(=O)/C=C/c2ccc(O)c(O)c2)C1
14528207,CHEMBL3220151,IC50,=,22390.0,nM,4.65,CHEMBL284,Dipeptidyl peptidase 4,O=C(CCCCc1ccccc1)c1ccc(O)cc1
14528208,CHEMBL17347,IC50,=,87720.0,nM,4.06,CHEMBL284,Dipeptidyl peptidase 4,CCOC(=O)/C=C/c1ccc(O)c(O)c1
14528209,CHEMBL66879,IC50,=,83180.0,nM,4.08,CHEMBL284,Dipeptidyl peptidase 4,O=C(O)/C=C/c1ccc(O)cc1
14528210,CHEMBL508494,IC50,=,87100.0,nM,4.06,CHEMBL284,Dipeptidyl peptidase 4,COc1cc2cc(Oc3ccc4ccc(=O)oc4c3)c(=O)oc2cc1O
14528211,CHEMBL269277,IC50,=,55820.0,nM,4.25,CHEMBL284,Dipeptidyl peptidase 4,C=C(C)[C@@H]1CC[C@]2(C(=O)O)CC[C@]3(C)[C@H](CC[C@@H]4[C@@]5(C)CC[C@H](O)C(C)(C)[C@@H]5CC[C@]43C)[C@@H]12
14528212,CHEMBL400359,IC50,=,56230.0,nM,4.25,CHEMBL284,Dipeptidyl peptidase 4,COc1ccc2c(c1OC)CN(C)c1c-2ccc2cc3c(cc12)OCO3
14528213,CHEMBL3220152,IC50,=,32360.0,nM,4.49,CHEMBL284,Dipeptidyl peptidase 4,COc1ccc2c(c1OC)C(O)N(C)c1c-2ccc2cc3c(cc12)OCO3
14528214,CHEMBL3220153,IC50,=,16580.0,nM,4.78,CHEMBL284,Dipeptidyl peptidase 4,CCCCCCCCCCCCCCCCC(=O)OC[C@H]1O[C@@H](O[C@H]2CC[C@@]3(C)C(=CC[C@H]4[C@@H]5CC[C@H]([C@H](C)/C=C/[C@@H](CC)C(C)C)[C@@]5(C)CC[C@@H]43)C2)[C@H](O)[C@@H](O)[C@@H]1O
14528215,CHEMBL221542,IC50,=,28840.0,nM,4.54,CHEMBL284,Dipeptidyl peptidase 4,CC[C@H](CC[C@@H](C)[C@H]1CC[C@H]2[C@@H]3CC=C4C[C@@H](O)CC[C@]4(C)[C@H]3CC[C@]12C)C(C)C
14528216,CHEMBL574038,IC50,=,14130.0,nM,4.85,CHEMBL284,Dipeptidyl peptidase 4,COc1cc([C@@H]2Oc3ccc4ccc(=O)oc4c3O[C@H]2CO)ccc1O
14579385,CHEMBL3236100,IC50,=,1436.0,nM,5.84,CHEMBL284,Dipeptidyl peptidase 4,NC[C@H]1CN(c2ccccc2)C(=O)C[C@@H]1c1cc(F)ccc1F
14579386,CHEMBL3236101,IC50,=,378.0,nM,6.42,CHEMBL284,Dipeptidyl peptidase 4,N#Cc1ccc(N2C[C@H](CN)[C@@H](c3cc(F)ccc3F)CC2=O)cc1
14579387,CHEMBL3236102,IC50,=,382.0,nM,6.42,CHEMBL284,Dipeptidyl peptidase 4,NC[C@H]1CN(c2ccc(F)cc2)C(=O)C[C@@H]1c1cc(F)ccc1F
14579388,CHEMBL3236103,IC50,=,342.0,nM,6.47,CHEMBL284,Dipeptidyl peptidase 4,NC[C@H]1CN(c2ccc(C(F)(F)F)cc2)C(=O)C[C@@H]1c1cc(F)ccc1F
14579389,CHEMBL3236104,IC50,=,217.0,nM,6.66,CHEMBL284,Dipeptidyl peptidase 4,COc1ccc(N2C[C@H](CN)[C@@H](c3cc(F)ccc3F)CC2=O)cc1
14579390,CHEMBL3236105,IC50,=,193.0,nM,6.71,CHEMBL284,Dipeptidyl peptidase 4,CS(=O)(=O)c1ccc(N2C[C@H](CN)[C@@H](c3cc(F)ccc3F)CC2=O)cc1
14579391,CHEMBL3236106,IC50,=,1388.0,nM,5.86,CHEMBL284,Dipeptidyl peptidase 4,NC[C@H]1CN(c2cccnc2)C(=O)C[C@@H]1c1cc(F)ccc1F
14579392,CHEMBL3236107,IC50,=,452.0,nM,6.34,CHEMBL284,Dipeptidyl peptidase 4,COc1ccc(N2C[C@H](CN)[C@@H](c3cc(F)ccc3F)CC2=O)cn1
14579393,CHEMBL3236108,IC50,=,443.0,nM,6.35,CHEMBL284,Dipeptidyl peptidase 4,NC[C@H]1CN(c2ccc(C(F)(F)F)nc2)C(=O)C[C@@H]1c1cc(F)ccc1F
14579394,CHEMBL3236109,IC50,=,404.0,nM,6.39,CHEMBL284,Dipeptidyl peptidase 4,N#Cc1ccc(N2C[C@H](CN)[C@@H](c3cc(F)ccc3F)CC2=O)cn1
14579395,CHEMBL3236110,IC50,=,885.0,nM,6.05,CHEMBL284,Dipeptidyl peptidase 4,NC[C@H]1CN(Cc2ccccc2)C(=O)C[C@@H]1c1cc(F)ccc1F
14579396,CHEMBL3236111,IC50,=,910.0,nM,6.04,CHEMBL284,Dipeptidyl peptidase 4,NC[C@H]1CN(Cc2ccc(C(F)(F)F)cc2)C(=O)C[C@@H]1c1cc(F)ccc1F
14579397,CHEMBL3236112,IC50,=,1034.0,nM,5.99,CHEMBL284,Dipeptidyl peptidase 4,NC[C@H]1CN(c2ccc3ccccc3n2)C(=O)C[C@@H]1c1cc(F)ccc1F
14579398,CHEMBL3236113,IC50,=,1023.0,nM,5.99,CHEMBL284,Dipeptidyl peptidase 4,NC[C@H]1CN(c2nccn3cnnc23)C(=O)C[C@@H]1c1cc(F)ccc1F
14579399,CHEMBL3236114,IC50,=,997.0,nM,6.00,CHEMBL284,Dipeptidyl peptidase 4,Cc1cc(=O)n2nc(N3C[C@H](CN)[C@@H](c4cc(F)ccc4F)CC3=O)ccc2n1
14579400,CHEMBL3236115,IC50,=,119.0,nM,6.92,CHEMBL284,Dipeptidyl peptidase 4,NC[C@H]1CN(CCc2ccccc2)C(=O)C[C@@H]1c1cc(F)ccc1F
14579401,CHEMBL3236116,IC50,=,84.0,nM,7.08,CHEMBL284,Dipeptidyl peptidase 4,NC[C@H]1CN(CCc2ccncc2)C(=O)C[C@@H]1c1cc(F)ccc1F
14579402,CHEMBL3236117,IC50,=,77.6,nM,7.11,CHEMBL284,Dipeptidyl peptidase 4,Cc1cc2ncc(N3C[C@H](CN)[C@@H](c4cc(F)ccc4F)CC3=O)c(C)n2n1
14579403,CHEMBL3236118,IC50,=,122.0,nM,6.91,CHEMBL284,Dipeptidyl peptidase 4,Cc1nnc2ccc(N3C[C@H](CN)[C@@H](c4cc(F)ccc4F)CC3=O)nn12
14579404,CHEMBL3236119,IC50,=,79.0,nM,7.10,CHEMBL284,Dipeptidyl peptidase 4,NC[C@H]1CN(c2ccc3nnc(C(F)(F)F)n3n2)C(=O)C[C@@H]1c1cc(F)ccc1F
14579405,CHEMBL3236120,IC50,=,74.0,nM,7.13,CHEMBL284,Dipeptidyl peptidase 4,NC[C@H]1CN(c2ccc3nc(C(F)(F)F)nn3n2)C(=O)C[C@@H]1c1cc(F)ccc1F
14579406,CHEMBL3236121,IC50,=,8.5,nM,8.07,CHEMBL284,Dipeptidyl peptidase 4,NC[C@H]1CN(CCc2ccc3c(c2)OCO3)C(=O)C[C@@H]1c1cc(F)ccc1F
14579407,CHEMBL3236122,IC50,=,157.0,nM,6.80,CHEMBL284,Dipeptidyl peptidase 4,NC[C@H]1CN(CCc2ccncc2)C(=O)C[C@@H]1c1cc(F)c(F)cc1F
14579408,CHEMBL3236123,IC50,=,119.0,nM,6.92,CHEMBL284,Dipeptidyl peptidase 4,Cc1cc2ncc(N3C[C@H](CN)[C@@H](c4cc(F)c(F)cc4F)CC3=O)c(C)n2n1
14579409,CHEMBL3236124,IC50,=,125.0,nM,6.90,CHEMBL284,Dipeptidyl peptidase 4,NC[C@H]1CN(c2ccc3nnc(C(F)(F)F)n3n2)C(=O)C[C@@H]1c1cc(F)c(F)cc1F
14579410,CHEMBL3236125,IC50,=,111.0,nM,6.96,CHEMBL284,Dipeptidyl peptidase 4,NC[C@H]1CN(c2ccc3nc(C(F)(F)F)nn3n2)C(=O)C[C@@H]1c1cc(F)c(F)cc1F
14579411,CHEMBL3236126,IC50,=,19.0,nM,7.72,CHEMBL284,Dipeptidyl peptidase 4,NC[C@H]1CN(CCc2ccc3c(c2)OCO3)C(=O)C[C@@H]1c1cc(F)c(F)cc1F
14579412,CHEMBL3236127,IC50,=,197.0,nM,6.71,CHEMBL284,Dipeptidyl peptidase 4,NC[C@H]1CN(CCc2ccncc2)C(=O)C[C@@H]1c1ccc(Cl)cc1Cl
14579413,CHEMBL3236128,IC50,=,148.0,nM,6.83,CHEMBL284,Dipeptidyl peptidase 4,Cc1cc2ncc(N3C[C@H](CN)[C@@H](c4ccc(Cl)cc4Cl)CC3=O)c(C)n2n1
14579414,CHEMBL3236129,IC50,=,134.0,nM,6.87,CHEMBL284,Dipeptidyl peptidase 4,NC[C@H]1CN(c2ccc3nnc(C(F)(F)F)n3n2)C(=O)C[C@@H]1c1ccc(Cl)cc1Cl
14579415,CHEMBL3236130,IC50,=,137.0,nM,6.86,CHEMBL284,Dipeptidyl peptidase 4,NC[C@H]1CN(c2ccc3nc(C(F)(F)F)nn3n2)C(=O)C[C@@H]1c1ccc(Cl)cc1Cl
14579416,CHEMBL3236131,IC50,=,43.0,nM,7.37,CHEMBL284,Dipeptidyl peptidase 4,NC[C@H]1CN(CCc2ccc3c(c2)OCO3)C(=O)C[C@@H]1c1ccc(Cl)cc1Cl
14579417,CHEMBL1422,IC50,=,18.0,nM,7.75,CHEMBL284,Dipeptidyl peptidase 4,N[C@@H](CC(=O)N1CCn2c(nnc2C(F)(F)F)C1)Cc1cc(F)c(F)cc1F
14583361,CHEMBL1422,IC50,=,19.0,nM,7.72,CHEMBL284,Dipeptidyl peptidase 4,N[C@@H](CC(=O)N1CCn2c(nnc2C(F)(F)F)C1)Cc1cc(F)c(F)cc1F
14583363,CHEMBL77538,IC50,=,22.0,nM,7.66,CHEMBL284,Dipeptidyl peptidase 4,N#Cc1ccc(NCCNCC(=O)N2CCC[C@H]2C#N)nc1
14583364,CHEMBL385517,IC50,=,50.0,nM,7.30,CHEMBL284,Dipeptidyl peptidase 4,N#C[C@@H]1C[C@@H]2C[C@@H]2N1C(=O)[C@@H](N)C12CC3CC(CC(O)(C3)C1)C2
14583367,CHEMBL142703,IC50,=,3.5,nM,8.46,CHEMBL284,Dipeptidyl peptidase 4,N#C[C@@H]1CCCN1C(=O)CNC12CC3CC(CC(O)(C3)C1)C2
14583368,CHEMBL98408,Ki,=,126.0,nM,6.90,CHEMBL284,Dipeptidyl peptidase 4,CC[C@H](C)[C@H](N)C(=O)N1CCSC1
14590259,CHEMBL237500,IC50,=,2.0,nM,8.70,CHEMBL284,Dipeptidyl peptidase 4,CC#CCn1c(N2CCC[C@@H](N)C2)nc2c1c(=O)n(Cc1nc(C)c3ccccc3n1)c(=O)n2C
14590270,CHEMBL67279,IC50,=,22.0,nM,7.66,CHEMBL284,Dipeptidyl peptidase 4,CC(C)[C@H](N)C(=O)N1CCC[C@H]1B(O)O
14592990,CHEMBL3233843,IC50,=,19000.0,nM,4.72,CHEMBL284,Dipeptidyl peptidase 4,COc1ccc2nccc(C(=O)NCC(=O)N3CC(F)(F)C[C@H]3C#N)c2c1
14593013,CHEMBL3233847,IC50,>,50000.0,nM,,CHEMBL284,Dipeptidyl peptidase 4,O=C(NCC(=O)N1CCC[C@H]1B(O)O)c1ccnc2ccccc12
14593040,CHEMBL3233538,IC50,>,100000.0,nM,,CHEMBL284,Dipeptidyl peptidase 4,N#C[C@@H]1CCCN1C(=O)[C@@H](CO)NC(=O)c1ccnc2ccccc12
14593041,CHEMBL3233539,IC50,>,100000.0,nM,,CHEMBL284,Dipeptidyl peptidase 4,C[C@@H](NC(=O)c1ccnc2ccccc12)C(=O)N1CCC[C@H]1C#N
14593042,CHEMBL3233540,IC50,>,100000.0,nM,,CHEMBL284,Dipeptidyl peptidase 4,C[C@H](NC(=O)c1ccnc2ccccc12)C(=O)N1CCC[C@H]1C#N
14593043,CHEMBL3233541,IC50,>,100000.0,nM,,CHEMBL284,Dipeptidyl peptidase 4,N#C[C@@H]1CCCN1C(=O)C1(NC(=O)c2ccnc3ccccc23)CC1
14593044,CHEMBL3233542,IC50,>,100000.0,nM,,CHEMBL284,Dipeptidyl peptidase 4,CN(CC(=O)N1CCC[C@H]1C#N)C(=O)c1ccnc2ccccc12
14593045,CHEMBL3233543,IC50,>,100000.0,nM,,CHEMBL284,Dipeptidyl peptidase 4,N#C[C@@H]1CCCN1C(=O)CN(C(=O)c1ccnc2ccccc12)C1CC1
14593046,CHEMBL3233544,IC50,>,100000.0,nM,,CHEMBL284,Dipeptidyl peptidase 4,N#C[C@@H]1CCCN1C(=O)CN(Cc1ccc(Cl)cc1)C(=O)c1ccnc2ccccc12
14593047,CHEMBL3233545,IC50,>,100000.0,nM,,CHEMBL284,Dipeptidyl peptidase 4,COCCN(CC(=O)N1CCC[C@H]1C#N)C(=O)c1ccnc2ccccc12
14593048,CHEMBL3233546,IC50,>,100000.0,nM,,CHEMBL284,Dipeptidyl peptidase 4,CC(C)CCN(CC(=O)N1CCC[C@H]1C#N)C(=O)c1ccnc2ccccc12
14593049,CHEMBL3233547,IC50,>,100000.0,nM,,CHEMBL284,Dipeptidyl peptidase 4,COCCN(CC(=O)N1CCC[C@H]1C#N)Cc1ccnc2ccccc12
14593050,CHEMBL3233548,IC50,>,100000.0,nM,,CHEMBL284,Dipeptidyl peptidase 4,CN(CC(=O)N1CCC[C@H]1C#N)Cc1ccnc2ccccc12
14593051,CHEMBL3233549,IC50,>,100000.0,nM,,CHEMBL284,Dipeptidyl peptidase 4,CN(CC(=O)N1CCC[C@H]1C#N)CC(=O)N1CCC[C@H]1C#N
14593052,CHEMBL3233550,IC50,>,100000.0,nM,,CHEMBL284,Dipeptidyl peptidase 4,N#C[C@@H]1CCCN1C(=O)Cn1cc(-c2ccccc2)nn1
14593053,CHEMBL3233551,IC50,>,100000.0,nM,,CHEMBL284,Dipeptidyl peptidase 4,N#C[C@@H]1CCCN1C(=O)Cn1cc(-c2ccc(F)cc2)nn1
14593054,CHEMBL3233552,IC50,>,100000.0,nM,,CHEMBL284,Dipeptidyl peptidase 4,N#C[C@@H]1CCCN1C(=O)Cn1cc(CCC(=O)N2Cc3ccccc3C2)nn1
14593055,CHEMBL3233553,IC50,>,100000.0,nM,,CHEMBL284,Dipeptidyl peptidase 4,N#C[C@@H]1CCCN1C(=O)Cn1cc(-c2cccc3ccccc23)nn1
14593056,CHEMBL3233554,IC50,>,100000.0,nM,,CHEMBL284,Dipeptidyl peptidase 4,N#C[C@@H]1CCCN1C(=O)CNC(=O)c1ccncc1
14593057,CHEMBL3233555,IC50,>,100000.0,nM,,CHEMBL284,Dipeptidyl peptidase 4,N#C[C@@H]1CCCN1C(=O)CNC(=O)c1ccnc(Cl)c1
14593058,CHEMBL3233556,IC50,>,100000.0,nM,,CHEMBL284,Dipeptidyl peptidase 4,N#C[C@@H]1CCCN1C(=O)CNC(=O)c1ccnc(Br)c1
14593059,CHEMBL3233557,IC50,>,100000.0,nM,,CHEMBL284,Dipeptidyl peptidase 4,N#C[C@@H]1CCCN1C(=O)CNC(=O)c1ccnc(N)c1
14593060,CHEMBL3233558,IC50,>,100000.0,nM,,CHEMBL284,Dipeptidyl peptidase 4,N#C[C@@H]1CCCN1C(=O)CNC(=O)c1ccnc(-c2ccccc2)c1
14593061,CHEMBL3233559,IC50,>,100000.0,nM,,CHEMBL284,Dipeptidyl peptidase 4,COc1ccc(-c2cc(C(=O)NCC(=O)N3CCC[C@H]3C#N)ccn2)cc1OC
14593062,CHEMBL3233560,IC50,>,100000.0,nM,,CHEMBL284,Dipeptidyl peptidase 4,N#Cc1ccc(-c2cc(C(=O)NCC(=O)N3CCC[C@H]3C#N)ccn2)cc1
14593063,CHEMBL3233561,IC50,>,100000.0,nM,,CHEMBL284,Dipeptidyl peptidase 4,N#C[C@@H]1CCCN1C(=O)CNC(=O)Cc1ccncc1
14593064,CHEMBL3233562,IC50,>,100000.0,nM,,CHEMBL284,Dipeptidyl peptidase 4,N#C[C@@H]1CCCN1C(=O)CNC(=O)C1CCNCC1
14593065,CHEMBL3233563,IC50,>,100000.0,nM,,CHEMBL284,Dipeptidyl peptidase 4,N#C[C@@H]1CCCN1C(=O)CNC(=O)c1ccnnc1
14593066,CHEMBL3233564,IC50,>,100000.0,nM,,CHEMBL284,Dipeptidyl peptidase 4,Cn1cncc1C(=O)NCC(=O)N1CCC[C@H]1C#N
14593067,CHEMBL3233565,IC50,>,100000.0,nM,,CHEMBL284,Dipeptidyl peptidase 4,N#C[C@@H]1CCCN1C(=O)CNC(=O)c1cnn[nH]1
14593068,CHEMBL3233566,IC50,>,100000.0,nM,,CHEMBL284,Dipeptidyl peptidase 4,N#C[C@@H]1CCCN1C(=O)CNC(=O)c1nc[nH]n1
14593069,CHEMBL3233567,IC50,>,100000.0,nM,,CHEMBL284,Dipeptidyl peptidase 4,N#C[C@@H]1CCCN1C(=O)CNC(=O)Cc1c[nH]cn1
14593070,CHEMBL3233568,IC50,>,100000.0,nM,,CHEMBL284,Dipeptidyl peptidase 4,Cc1ncsc1C(=O)NCC(=O)N1CCC[C@H]1C#N
14593071,CHEMBL3233569,IC50,>,100000.0,nM,,CHEMBL284,Dipeptidyl peptidase 4,Cc1ncoc1C(=O)NCC(=O)N1CCC[C@H]1C#N
14593072,CHEMBL3233570,IC50,>,100000.0,nM,,CHEMBL284,Dipeptidyl peptidase 4,N#C[C@@H]1CCCN1C(=O)CNC(=O)c1ccc(N)cc1
14593073,CHEMBL3233571,IC50,>,100000.0,nM,,CHEMBL284,Dipeptidyl peptidase 4,N#C[C@@H]1CCCN1C(=O)CNC(=O)c1ccc(NC(=O)C(F)(F)F)cc1
14593074,CHEMBL3233572,IC50,>,100000.0,nM,,CHEMBL284,Dipeptidyl peptidase 4,N#C[C@@H]1CCCN1C(=O)CNC(=O)c1ccnc2[nH]ccc12
14593075,CHEMBL3233573,IC50,>,100000.0,nM,,CHEMBL284,Dipeptidyl peptidase 4,N#C[C@@H]1CCCN1C(=O)CNC(=O)c1ccnc2[nH]c(-c3ccc(F)cc3)nc12
14593076,CHEMBL3233574,IC50,>,100000.0,nM,,CHEMBL284,Dipeptidyl peptidase 4,COc1ccc(-c2nc3c(C(=O)NCC(=O)N4CCC[C@H]4C#N)ccnc3[nH]2)cc1
14593077,CHEMBL3233575,IC50,>,100000.0,nM,,CHEMBL284,Dipeptidyl peptidase 4,N#C[C@@H]1CCCN1C(=O)CNC(=O)c1ccnc2ncnn12
14593078,CHEMBL3233833,IC50,>,100000.0,nM,,CHEMBL284,Dipeptidyl peptidase 4,N#C[C@@H]1CCCN1C(=O)CNC(=O)c1ccnc2cnccc12
14593079,CHEMBL3233834,IC50,>,100000.0,nM,,CHEMBL284,Dipeptidyl peptidase 4,Cc1ccc2c(C(=O)NCC(=O)N3CCC[C@H]3C#N)ccnc2c1
14593080,CHEMBL3233835,IC50,>,100000.0,nM,,CHEMBL284,Dipeptidyl peptidase 4,Cc1cccc2nccc(C(=O)NCC(=O)N3CCC[C@H]3C#N)c12
14593081,CHEMBL3233836,IC50,>,100000.0,nM,,CHEMBL284,Dipeptidyl peptidase 4,N#C[C@@H]1CCCN1C(=O)CNC(=O)c1ccnc2cc(-c3ccccc3)ccc12
14593082,CHEMBL3233837,IC50,>,100000.0,nM,,CHEMBL284,Dipeptidyl peptidase 4,N#C[C@@H]1CCCN1C(=O)CNC(=O)c1ccnc2cc(Nc3ccccc3)ccc12
14593083,CHEMBL3233838,IC50,>,100000.0,nM,,CHEMBL284,Dipeptidyl peptidase 4,N#C[C@@H]1CCCN1C(=O)CNC(=O)c1ccnc2cccc(-c3ccccc3)c12
14593084,CHEMBL3233839,IC50,>,100000.0,nM,,CHEMBL284,Dipeptidyl peptidase 4,COc1cccc2nccc(C(=O)NCC(=O)N3CCC[C@H]3C#N)c12
14593085,CHEMBL3233840,IC50,>=,100000.0,nM,,CHEMBL284,Dipeptidyl peptidase 4,N#C[C@@H]1C[C@H](F)CN1C(=O)CNC(=O)c1ccnc2ccccc12
14593086,CHEMBL3233841,IC50,>,100000.0,nM,,CHEMBL284,Dipeptidyl peptidase 4,N#C[C@@H]1C[C@@H](F)CN1C(=O)CNC(=O)c1ccnc2ccccc12
14593087,CHEMBL3233842,IC50,>,100000.0,nM,,CHEMBL284,Dipeptidyl peptidase 4,N#C[C@@H]1CC(F)(F)CN1C(=O)CNC(=O)c1ccnc2ccccc12
14593088,CHEMBL3233844,IC50,>,100000.0,nM,,CHEMBL284,Dipeptidyl peptidase 4,N#C[C@@H]1CC(F)(F)CN1C(=O)CNC(=O)c1ccnc2cccc(Br)c12
14593089,CHEMBL3233845,IC50,>,100000.0,nM,,CHEMBL284,Dipeptidyl peptidase 4,N#Cc1cccc2nccc(C(=O)NCC(=O)N3CC(F)(F)C[C@H]3C#N)c12
14593090,CHEMBL3233846,IC50,>,100000.0,nM,,CHEMBL284,Dipeptidyl peptidase 4,O=C(NCC(=O)N1CCCC1)c1ccnc2ccccc12
14593091,CHEMBL3233848,IC50,>,100000.0,nM,,CHEMBL284,Dipeptidyl peptidase 4,O=C(NCC(=O)N1CCC[C@H]1C(=O)CCl)c1ccnc2ccccc12
14593194,CHEMBL1243153,IC50,>,100000.0,nM,,CHEMBL284,Dipeptidyl peptidase 4,N#C[C@@H]1CC(F)(F)CN1C(=O)[C@@H]1C[C@@H](CC(=O)N2Cc3ccccc3C2)C(=O)N1
14593195,CHEMBL2385281,IC50,>,100000.0,nM,,CHEMBL284,Dipeptidyl peptidase 4,N#C[C@@H]1CCCN1C(=O)CNC(=O)c1ccnc2ccccc12
14593196,CHEMBL2385300,IC50,>,100000.0,nM,,CHEMBL284,Dipeptidyl peptidase 4,N#C[C@@H]1CCCN1C(=O)CNC(=O)c1ccnc2cccc(Br)c12
14593197,CHEMBL2333026,IC50,>,100000.0,nM,,CHEMBL284,Dipeptidyl peptidase 4,C[C@@H](NC(=O)c1ccncc1)C(=O)N1CCC[C@H]1B(O)O
14597076,CHEMBL1422,IC50,=,18.0,nM,7.75,CHEMBL284,Dipeptidyl peptidase 4,N[C@@H](CC(=O)N1CCn2c(nnc2C(F)(F)F)C1)Cc1cc(F)c(F)cc1F
14597077,CHEMBL2105762,IC50,=,1.6,nM,8.80,CHEMBL284,Dipeptidyl peptidase 4,CS(=O)(=O)n1cc2c(n1)CN([C@H]1CO[C@H](c3cc(F)ccc3F)[C@@H](N)C1)C2
14597078,CHEMBL2105762,Ki,=,0.8,nM,9.10,CHEMBL284,Dipeptidyl peptidase 4,CS(=O)(=O)n1cc2c(n1)CN([C@H]1CO[C@H](c3cc(F)ccc3F)[C@@H](N)C1)C2
14979493,CHEMBL3343905,IC50,>,100000.0,nM,,CHEMBL284,Dipeptidyl peptidase 4,C=CC(O)C(/C=C/C#CC#CC#CC)O[C@@H]1O[C@H](CO)[C@@H](O)[C@H](O)[C@H]1O
14979494,CHEMBL3343904,IC50,>,100000.0,nM,,CHEMBL284,Dipeptidyl peptidase 4,CC#CC#CC#C/C=C/C=C/C(CCO)O[C@@H]1O[C@H](CO)[C@@H](O)[C@H](O)[C@H]1O
14979495,CHEMBL214381,IC50,=,2530.0,nM,5.60,CHEMBL284,Dipeptidyl peptidase 4,CC[C@H](C)[C@H](N)C(=O)N1CCC[C@H]1C(=O)N[C@H](C(=O)O)[C@@H](C)CC
14979496,CHEMBL91933,IC50,=,890.0,nM,6.05,CHEMBL284,Dipeptidyl peptidase 4,O=Cc1ccc(-c2ccc(-c3cccs3)s2)s1
14979497,CHEMBL3343903,IC50,=,510.0,nM,6.29,CHEMBL284,Dipeptidyl peptidase 4,CCOCc1ccc(-c2ccc(-c3cccs3)s2)s1
14979498,CHEMBL3343902,IC50,=,2390.0,nM,5.62,CHEMBL284,Dipeptidyl peptidase 4,COCc1ccc(-c2ccc(-c3cccs3)s2)s1
14979499,CHEMBL90170,IC50,=,3350.0,nM,5.47,CHEMBL284,Dipeptidyl peptidase 4,OCc1ccc(-c2ccc(-c3cccs3)s2)s1
14979500,CHEMBL3343901,IC50,=,750.0,nM,6.12,CHEMBL284,Dipeptidyl peptidase 4,CC(C)CC(=O)OCCC#Cc1ccc(-c2ccc(COC(=O)CC(C)C)s2)s1
14979501,CHEMBL3343900,IC50,=,2810.0,nM,5.55,CHEMBL284,Dipeptidyl peptidase 4,OCc1ccc(-c2ccc(C#CC(O)CO)s2)s1
14979502,CHEMBL3343899,IC50,=,2740.0,nM,5.56,CHEMBL284,Dipeptidyl peptidase 4,CC#CC#Cc1ccc(C#CC(O)CO)s1
14989317,CHEMBL3357782,IC50,=,170.0,nM,6.77,CHEMBL284,Dipeptidyl peptidase 4,N[C@@H](CC(=O)N1[C@H](CNS(=O)(=O)C(F)(F)F)C[C@@H]2CCCC[C@@H]21)Cc1cc(F)c(F)cc1F
14989318,CHEMBL3357781,IC50,=,430.0,nM,6.37,CHEMBL284,Dipeptidyl peptidase 4,CS(=O)(=O)NC[C@@H]1C[C@@H]2CCCC[C@@H]2N1C(=O)C[C@H](N)Cc1cc(F)c(F)cc1F
14989319,CHEMBL3357780,IC50,=,140.0,nM,6.85,CHEMBL284,Dipeptidyl peptidase 4,Cc1ccc(S(=O)(=O)NC[C@@H]2C[C@@H]3CCCC[C@@H]3N2C(=O)C[C@H](N)Cc2cc(F)c(F)cc2F)cc1
14989320,CHEMBL3357779,IC50,=,610.0,nM,6.21,CHEMBL284,Dipeptidyl peptidase 4,N[C@@H](CC(=O)N1[C@H](CNC(=O)c2ccccc2)C[C@@H]2CCCC[C@@H]21)Cc1cc(F)c(F)cc1F
14989321,CHEMBL3357778,IC50,=,430.0,nM,6.37,CHEMBL284,Dipeptidyl peptidase 4,N[C@@H](CC(=O)N1[C@H](CNC(=O)C2CCCC2)C[C@@H]2CCCC[C@@H]21)Cc1cc(F)c(F)cc1F
14989322,CHEMBL3357777,IC50,=,330.0,nM,6.48,CHEMBL284,Dipeptidyl peptidase 4,N[C@@H](CC(=O)N1[C@H](CNC(=O)C2CCC2)C[C@@H]2CCCC[C@@H]21)Cc1cc(F)c(F)cc1F
14989323,CHEMBL3357776,IC50,=,540.0,nM,6.27,CHEMBL284,Dipeptidyl peptidase 4,N[C@@H](CC(=O)N1[C@H](CNC(=O)C2CC2)C[C@@H]2CCCC[C@@H]21)Cc1cc(F)c(F)cc1F
14989324,CHEMBL3357775,IC50,=,290.0,nM,6.54,CHEMBL284,Dipeptidyl peptidase 4,CC(=O)NC[C@@H]1C[C@@H]2CCCC[C@@H]2N1C(=O)C[C@H](N)Cc1cc(F)c(F)cc1F
14989325,CHEMBL3357774,IC50,=,510.0,nM,6.29,CHEMBL284,Dipeptidyl peptidase 4,N[C@@H](CC(=O)N1[C@H](CO)C[C@@H]2CCCC[C@@H]21)Cc1cc(F)c(F)cc1F
14989326,CHEMBL3357773,IC50,=,320.0,nM,6.50,CHEMBL284,Dipeptidyl peptidase 4,N[C@@H](CC(=O)N1[C@H](COC(=O)c2ccccc2)C[C@@H]2CCCC[C@@H]21)Cc1cc(F)c(F)cc1F
14989327,CHEMBL3357772,IC50,=,180.0,nM,6.75,CHEMBL284,Dipeptidyl peptidase 4,N[C@@H](CC(=O)N1[C@H](COC(=O)C2CCCC2)C[C@@H]2CCCC[C@@H]21)Cc1cc(F)c(F)cc1F
14989328,CHEMBL3357771,IC50,=,70.0,nM,7.16,CHEMBL284,Dipeptidyl peptidase 4,N[C@@H](CC(=O)N1[C@H](COC(=O)C2CCC2)C[C@@H]2CCCC[C@@H]21)Cc1cc(F)c(F)cc1F
14989329,CHEMBL3357770,IC50,=,80.0,nM,7.10,CHEMBL284,Dipeptidyl peptidase 4,N[C@@H](CC(=O)N1[C@H](COC(=O)C2CC2)C[C@@H]2CCCC[C@@H]21)Cc1cc(F)c(F)cc1F
14989330,CHEMBL3357769,IC50,=,70.0,nM,7.16,CHEMBL284,Dipeptidyl peptidase 4,CC(=O)OC[C@@H]1C[C@@H]2CCCC[C@@H]2N1C(=O)C[C@H](N)Cc1cc(F)c(F)cc1F
14989331,CHEMBL1422,IC50,=,20.0,nM,7.70,CHEMBL284,Dipeptidyl peptidase 4,N[C@@H](CC(=O)N1CCn2c(nnc2C(F)(F)F)C1)Cc1cc(F)c(F)cc1F
14989332,CHEMBL3357768,IC50,=,3660.0,nM,5.44,CHEMBL284,Dipeptidyl peptidase 4,N[C@@H](CC(=O)N1[C@H](C(=O)O)C[C@@H]2CCCC[C@@H]21)Cc1cc(F)c(F)cc1F
14989333,CHEMBL3357767,IC50,=,70.0,nM,7.16,CHEMBL284,Dipeptidyl peptidase 4,CCOC(=O)[C@@H]1C[C@@H]2CCCC[C@@H]2N1C(=O)C[C@H](N)Cc1cc(F)c(F)cc1F
14989334,CHEMBL3357766,IC50,=,760.0,nM,6.12,CHEMBL284,Dipeptidyl peptidase 4,N[C@@H](CC(=O)N1[C@H](C(=O)NCC2CC2)C[C@@H]2CCCC[C@@H]21)Cc1cc(F)c(F)cc1F
14989335,CHEMBL3357765,IC50,=,380.0,nM,6.42,CHEMBL284,Dipeptidyl peptidase 4,N[C@@H](CC(=O)N1[C@H](C(=O)NC2CC2)C[C@@H]2CCCC[C@@H]21)Cc1cc(F)c(F)cc1F
14989336,CHEMBL3357764,IC50,=,340.0,nM,6.47,CHEMBL284,Dipeptidyl peptidase 4,N[C@@H](CC(=O)N1[C@H](C(=O)NCc2ccccc2)C[C@@H]2CCCC[C@@H]21)Cc1cc(F)c(F)cc1F
14989337,CHEMBL3357763,IC50,=,5810.0,nM,5.24,CHEMBL284,Dipeptidyl peptidase 4,N[C@@H](CC(=O)N1[C@H](C(=O)Nc2ccccc2)C[C@@H]2CCCC[C@@H]21)Cc1cc(F)c(F)cc1F
15010450,CHEMBL3310986,IC50,=,730.0,nM,6.14,CHEMBL284,Dipeptidyl peptidase 4,Cn1c(=O)c(C(C)(NN)Nc2ccccc2)c(O)c2ccccc21
15010451,CHEMBL3310987,IC50,=,2950.0,nM,5.53,CHEMBL284,Dipeptidyl peptidase 4,CCn1c(=O)c(C(C)(NN)Nc2ccc(C)cc2)c(O)c2ccccc21
15010452,CHEMBL3310988,IC50,=,34650.0,nM,4.46,CHEMBL284,Dipeptidyl peptidase 4,Br.Cc1ccc(=N)n(Cc2cccc(F)c2)c1
15010453,CHEMBL3310989,IC50,=,3640.0,nM,5.44,CHEMBL284,Dipeptidyl peptidase 4,
15010457,CHEMBL1422,IC50,=,18.0,nM,7.75,CHEMBL284,Dipeptidyl peptidase 4,N[C@@H](CC(=O)N1CCn2c(nnc2C(F)(F)F)C1)Cc1cc(F)c(F)cc1F
15010458,CHEMBL3310991,IC50,,,,,CHEMBL284,Dipeptidyl peptidase 4,CN(C)c1ccc(C(N)CC(=O)c2c(O)c3ccccc3n(C)c2=O)cc1
15010459,CHEMBL3310990,IC50,>,100000.0,nM,,CHEMBL284,Dipeptidyl peptidase 4,N=CC(C(=O)c1ccccc1)c1ccccc1
15065858,CHEMBL3329703,IC50,>,100000.0,nM,,CHEMBL284,Dipeptidyl peptidase 4,Cn1c(=O)n(Cc2ccccc2C#N)c2c(N3CCC[C@@H](N)C3)cc(N3CCOCC3)nc21
15065859,CHEMBL3329702,IC50,>,100000.0,nM,,CHEMBL284,Dipeptidyl peptidase 4,Cn1c(=O)n(Cc2ccccc2C#N)c2c(N3CCC[C@@H](N)C3)cc(N3CCCC3)nc21
15065860,CHEMBL3329701,IC50,>,100000.0,nM,,CHEMBL284,Dipeptidyl peptidase 4,Cn1c(=O)n(Cc2ccccc2C#N)c2c(N3CCC[C@@H](N)C3)cc(C(=O)O)nc21
15065861,CHEMBL3329700,IC50,>,100000.0,nM,,CHEMBL284,Dipeptidyl peptidase 4,Cn1c(=O)n(Cc2ccccc2C#N)c2c(N3CCC[C@@H](N)C3)cc(C(N)=O)nc21
15065862,CHEMBL3329699,IC50,>,100000.0,nM,,CHEMBL284,Dipeptidyl peptidase 4,Cn1c(=O)n(Cc2ccccc2C#N)c2c(N3CCC[C@@H](N)C3)cc(CO)nc21
15065863,CHEMBL3329698,IC50,>,100000.0,nM,,CHEMBL284,Dipeptidyl peptidase 4,Cn1c(=O)n(Cc2ccccc2C#N)c2c(N3CCC[C@@H](N)C3)cc(C(F)(F)F)nc21
15065864,CHEMBL3329697,IC50,>,100000.0,nM,,CHEMBL284,Dipeptidyl peptidase 4,CCc1cc(N2CCC[C@@H](N)C2)c2c(n1)n(C)c(=O)n2Cc1ccccc1C#N
15065865,CHEMBL3329696,IC50,>,100000.0,nM,,CHEMBL284,Dipeptidyl peptidase 4,Cc1cc(N2CCC[C@@H](N)C2)c2c(n1)n(C)c(=O)n2Cc1ccccc1C#N
15065866,CHEMBL3329695,IC50,>,100000.0,nM,,CHEMBL284,Dipeptidyl peptidase 4,COc1cc(N2CCC[C@@H](N)C2)c2c(n1)n(C)c(=O)n2Cc1ccccc1C#N
15065867,CHEMBL3329694,IC50,>,100000.0,nM,,CHEMBL284,Dipeptidyl peptidase 4,Cn1c(=O)n(Cc2ccccc2C#N)c2c(N3CCC[C@H](N)C3)ccnc21
15065868,CHEMBL3329693,IC50,>,100000.0,nM,,CHEMBL284,Dipeptidyl peptidase 4,CC(=O)N[C@@H]1CCCN(c2ccnc3c2n(Cc2ccccc2C#N)c(=O)n3C)C1
15065869,CHEMBL3329692,IC50,=,430.0,nM,6.37,CHEMBL284,Dipeptidyl peptidase 4,CN[C@@H]1CCCN(c2ccnc3c2n(Cc2ccccc2C#N)c(=O)n3C)C1
15065870,CHEMBL3329691,IC50,=,5200.0,nM,5.28,CHEMBL284,Dipeptidyl peptidase 4,Cn1c(=O)n(Cc2ccccc2C#N)c2c(N3CCCNCC3)ccnc21
15065871,CHEMBL3329690,IC50,>,100000.0,nM,,CHEMBL284,Dipeptidyl peptidase 4,Cn1c(=O)n(Cc2ccccc2C#N)c2c(NC3CCNCC3)ccnc21
15065872,CHEMBL1422,IC50,=,29.0,nM,7.54,CHEMBL284,Dipeptidyl peptidase 4,N[C@@H](CC(=O)N1CCn2c(nnc2C(F)(F)F)C1)Cc1cc(F)c(F)cc1F
15065873,CHEMBL376359,IC50,=,7.0,nM,8.15,CHEMBL284,Dipeptidyl peptidase 4,Cn1c(=O)cc(N2CCC[C@@H](N)C2)n(Cc2ccccc2C#N)c1=O
15065874,CHEMBL3329624,IC50,=,100.0,nM,7.00,CHEMBL284,Dipeptidyl peptidase 4,N#Cc1ccccc1Cn1c(=O)oc2nccc(N3CCC[C@@H](N)C3)c21
15065875,CHEMBL3329625,IC50,=,3400.0,nM,5.47,CHEMBL284,Dipeptidyl peptidase 4,CC1(C)C(=O)N(Cc2ccccc2C#N)c2c(N3CCC[C@@H](N)C3)ccnc21
15065876,CHEMBL3329626,IC50,=,45.0,nM,7.35,CHEMBL284,Dipeptidyl peptidase 4,N#Cc1ccccc1Cn1c(=O)[nH]c2nccc(N3CCC[C@@H](N)C3)c21
15065877,CHEMBL3329627,IC50,=,13.0,nM,7.89,CHEMBL284,Dipeptidyl peptidase 4,Cn1c(=O)n(Cc2ccccc2C#N)c2c(N3CCC[C@@H](N)C3)ccnc21
15065878,CHEMBL3329628,IC50,=,480.0,nM,6.32,CHEMBL284,Dipeptidyl peptidase 4,CC(C)n1c(=O)n(Cc2ccccc2C#N)c2c(N3CCC[C@@H](N)C3)ccnc21
15065879,CHEMBL3329629,IC50,=,38000.0,nM,4.42,CHEMBL284,Dipeptidyl peptidase 4,Cn1c(=S)n(Cc2ccccc2C#N)c2c(N3CCC[C@@H](N)C3)ccnc21
15065880,CHEMBL3329630,IC50,=,55000.0,nM,4.26,CHEMBL284,Dipeptidyl peptidase 4,Cn1c(=O)c(=O)n(Cc2ccccc2C#N)c2c(N3CCC[C@@H](N)C3)ccnc21
15065881,CHEMBL3329631,IC50,=,1100.0,nM,5.96,CHEMBL284,Dipeptidyl peptidase 4,Cn1c(=O)n(Cc2ccccc2C#N)c2c(N3CCC[C@@H](N)C3)c3ccccc3nc21
15065882,CHEMBL3329632,IC50,=,10.0,nM,8.00,CHEMBL284,Dipeptidyl peptidase 4,Cn1c(=O)n(Cc2ccccc2C#N)c2c(N3CCC[C@@H](N)C3)ncnc21
15065883,CHEMBL3329633,IC50,=,45.0,nM,7.35,CHEMBL284,Dipeptidyl peptidase 4,Cn1c(=O)n(Cc2ccccc2C#N)c2c(N3CCC[C@@H](N)C3)cccc21
15065884,CHEMBL3329634,IC50,=,88000.0,nM,4.06,CHEMBL284,Dipeptidyl peptidase 4,Cn1c(=O)n(Cc2cccc(C#N)c2)c2c(N3CCC[C@@H](N)C3)ccnc21
15065885,CHEMBL3329635,IC50,>,100000.0,nM,,CHEMBL284,Dipeptidyl peptidase 4,Cn1c(=O)n(Cc2ccc(C#N)cc2)c2c(N3CCC[C@@H](N)C3)ccnc21
15065886,CHEMBL3329636,IC50,=,110.0,nM,6.96,CHEMBL284,Dipeptidyl peptidase 4,Cn1c(=O)n(Cc2ccccc2Cl)c2c(N3CCC[C@@H](N)C3)ccnc21
15065887,CHEMBL3329637,IC50,=,2500.0,nM,5.60,CHEMBL284,Dipeptidyl peptidase 4,Cn1c(=O)n(Cc2ccccc2F)c2c(N3CCC[C@@H](N)C3)ccnc21
15065888,CHEMBL3329638,IC50,=,16000.0,nM,4.80,CHEMBL284,Dipeptidyl peptidase 4,Cn1c(=O)n(Cc2ccc(Cl)cc2C#N)c2c(N3CCC[C@@H](N)C3)ccnc21
15065889,CHEMBL3329639,IC50,=,20000.0,nM,4.70,CHEMBL284,Dipeptidyl peptidase 4,Cn1c(=O)n(Cc2ccc3ccccc3c2C#N)c2c(N3CCC[C@@H](N)C3)ccnc21
15065890,CHEMBL3329640,IC50,>,100000.0,nM,,CHEMBL284,Dipeptidyl peptidase 4,Cn1c(=O)n(Cc2ccccc2C#N)c2c(N3CC(N)C3)ccnc21
15065891,CHEMBL3329641,IC50,=,22.0,nM,7.66,CHEMBL284,Dipeptidyl peptidase 4,Cn1c(=O)n(Cc2ccccc2C#N)c2c(N3CC[C@@H](N)C3)ccnc21
15065892,CHEMBL3329688,IC50,=,530.0,nM,6.28,CHEMBL284,Dipeptidyl peptidase 4,Cn1c(=O)n(Cc2ccccc2C#N)c2c(N3CCCCC(N)C3)ccnc21
15065893,CHEMBL3329689,IC50,=,23000.0,nM,4.64,CHEMBL284,Dipeptidyl peptidase 4,Cn1c(=O)n(Cc2ccccc2C#N)c2c(N3CCNCC3)ccnc21
15094916,CHEMBL3330055,IC50,=,640.0,nM,6.19,CHEMBL284,Dipeptidyl peptidase 4,N#C[C@@H]1C[C@H](F)CN1C(=O)C[C@H](N)Cc1ccc(C(F)(F)F)cc1
15094917,CHEMBL3330054,IC50,=,430.0,nM,6.37,CHEMBL284,Dipeptidyl peptidase 4,N#C[C@@H]1C[C@H](F)CN1C(=O)C[C@H](N)Cc1ccc(I)cc1
15094918,CHEMBL3330053,IC50,=,320.0,nM,6.50,CHEMBL284,Dipeptidyl peptidase 4,N#C[C@@H]1C[C@H](F)CN1C(=O)C[C@H](N)Cc1ccc(F)cc1
15094919,CHEMBL3330052,IC50,=,220.0,nM,6.66,CHEMBL284,Dipeptidyl peptidase 4,N#C[C@@H]1C[C@H](F)CN1C(=O)C[C@H](N)Cc1cccc(F)c1
15094920,CHEMBL3330051,IC50,=,160.0,nM,6.80,CHEMBL284,Dipeptidyl peptidase 4,Cc1ccccc1C[C@@H](N)CC(=O)N1C[C@@H](F)C[C@H]1C#N
15094921,CHEMBL3330050,IC50,=,220.0,nM,6.66,CHEMBL284,Dipeptidyl peptidase 4,N#C[C@@H]1C[C@H](F)CN1C(=O)C[C@H](N)Cc1ccccc1Cl
15094922,CHEMBL3330049,IC50,=,450.0,nM,6.35,CHEMBL284,Dipeptidyl peptidase 4,N#C[C@@H]1C[C@H](F)CN1C(=O)C[C@H](N)Cc1ccccc1
15094976,CHEMBL3330073,IC50,=,10.0,nM,8.00,CHEMBL284,Dipeptidyl peptidase 4,N#C[C@@H]1C[C@@H]2CCC[C@@H]2N1C(=O)C[C@H](N)Cc1cc(F)c(F)cc1F
15094977,CHEMBL3330072,IC50,=,9650.0,nM,5.01,CHEMBL284,Dipeptidyl peptidase 4,N#C[C@@H]1C[C@@H]2CCC[C@@H]2N1C(=O)C[C@H](N)Cc1cc(F)cc(F)c1
15094978,CHEMBL3330071,IC50,=,47440.0,nM,4.32,CHEMBL284,Dipeptidyl peptidase 4,N#C[C@@H]1C[C@@H]2CCC[C@@H]2N1C(=O)C[C@H](N)Cc1ccc(Cl)c(Cl)c1
15094979,CHEMBL3330070,IC50,=,70.0,nM,7.16,CHEMBL284,Dipeptidyl peptidase 4,N#C[C@@H]1C[C@@H]2CCC[C@@H]2N1C(=O)C[C@H](N)Cc1ccc(Cl)cc1Cl
15094980,CHEMBL3330069,IC50,,,,,CHEMBL284,Dipeptidyl peptidase 4,COc1ccc(C[C@@H](N)CC(=O)N2[C@H](C#N)C[C@@H]3CCC[C@@H]32)cc1
15094981,CHEMBL3330068,IC50,=,1980.0,nM,5.70,CHEMBL284,Dipeptidyl peptidase 4,N#C[C@@H]1C[C@@H]2CCC[C@@H]2N1C(=O)C[C@H](N)Cc1ccc(C(F)(F)F)cc1
15094982,CHEMBL3330067,IC50,=,8800.0,nM,5.06,CHEMBL284,Dipeptidyl peptidase 4,N#C[C@@H]1C[C@@H]2CCC[C@@H]2N1C(=O)C[C@H](N)Cc1ccc(I)cc1
15094983,CHEMBL3330066,IC50,=,270.0,nM,6.57,CHEMBL284,Dipeptidyl peptidase 4,N#C[C@@H]1C[C@@H]2CCC[C@@H]2N1C(=O)C[C@H](N)Cc1ccc(F)cc1
15094984,CHEMBL3330065,IC50,=,130.0,nM,6.89,CHEMBL284,Dipeptidyl peptidase 4,N#C[C@@H]1C[C@@H]2CCC[C@@H]2N1C(=O)C[C@H](N)Cc1cccc(F)c1
15094985,CHEMBL3330064,IC50,=,360.0,nM,6.44,CHEMBL284,Dipeptidyl peptidase 4,Cc1ccccc1C[C@@H](N)CC(=O)N1[C@H](C#N)C[C@@H]2CCC[C@@H]21
15094986,CHEMBL3330063,IC50,=,70.0,nM,7.16,CHEMBL284,Dipeptidyl peptidase 4,N#C[C@@H]1C[C@@H]2CCC[C@@H]2N1C(=O)C[C@H](N)Cc1ccccc1Cl
15094987,CHEMBL3330062,IC50,=,440.0,nM,6.36,CHEMBL284,Dipeptidyl peptidase 4,N#C[C@@H]1C[C@@H]2CCC[C@@H]2N1C(=O)C[C@H](N)Cc1ccccc1
15094988,CHEMBL142703,IC50,=,70.0,nM,7.16,CHEMBL284,Dipeptidyl peptidase 4,N#C[C@@H]1CCCN1C(=O)CNC12CC3CC(CC(O)(C3)C1)C2
15094989,CHEMBL1422,IC50,=,20.0,nM,7.70,CHEMBL284,Dipeptidyl peptidase 4,N[C@@H](CC(=O)N1CCn2c(nnc2C(F)(F)F)C1)Cc1cc(F)c(F)cc1F
15094990,CHEMBL3330061,IC50,=,1940.0,nM,5.71,CHEMBL284,Dipeptidyl peptidase 4,N#C[C@@H]1C[C@H](F)CN1C(=O)C[C@@H](N)Cc1ccccc1
15094991,CHEMBL3330060,IC50,=,50.0,nM,7.30,CHEMBL284,Dipeptidyl peptidase 4,N#C[C@@H]1C[C@H](F)CN1C(=O)C[C@H](N)Cc1cc(F)c(F)cc1F
15094992,CHEMBL3330059,IC50,=,1580.0,nM,5.80,CHEMBL284,Dipeptidyl peptidase 4,N#C[C@@H]1C[C@H](F)CN1C(=O)C[C@H](N)Cc1cc(F)cc(F)c1
15094993,CHEMBL3330058,IC50,=,530.0,nM,6.28,CHEMBL284,Dipeptidyl peptidase 4,N#C[C@@H]1C[C@H](F)CN1C(=O)C[C@H](N)Cc1ccc(Cl)c(Cl)c1
15094994,CHEMBL3330057,IC50,=,40.0,nM,7.40,CHEMBL284,Dipeptidyl peptidase 4,N#C[C@@H]1C[C@H](F)CN1C(=O)C[C@H](N)Cc1ccc(Cl)cc1Cl
15094995,CHEMBL3330056,IC50,=,770.0,nM,6.11,CHEMBL284,Dipeptidyl peptidase 4,COc1ccc(C[C@@H](N)CC(=O)N2C[C@@H](F)C[C@H]2C#N)cc1
15163470,CHEMBL3400963,IC50,=,6.0,nM,8.22,CHEMBL284,Dipeptidyl peptidase 4,Cc1oc(=O)oc1COC(=O)c1ccc2c(c1)c1nc(N3CCC[C@@H](N)C3)n(Cc3ccccc3Cl)c1c(=O)n2C.Cl
15163471,CHEMBL3400964,IC50,=,4.7,nM,8.33,CHEMBL284,Dipeptidyl peptidase 4,Cc1oc(=O)oc1COC(=O)c1ccc2c(c1)c1nc(N3CCC[C@@H](N)C3)n(Cc3cc(F)ccc3Cl)c1c(=O)n2C.Cl
15163472,CHEMBL3400965,IC50,=,1.4,nM,8.85,CHEMBL284,Dipeptidyl peptidase 4,Cc1oc(=O)oc1COC(=O)c1ccc2c3nc(N4CCC[C@@H](N)C4)n(Cc4ccccc4Cl)c3c(=O)n(C)c2c1.Cl
15163473,CHEMBL3400966,IC50,=,3.4,nM,8.47,CHEMBL284,Dipeptidyl peptidase 4,Cc1oc(=O)oc1COC(=O)c1ccc2c3nc(N4CCC[C@@H](N)C4)n(Cc4cc(F)ccc4Cl)c3c(=O)n(C)c2c1.Cl
15178620,CHEMBL3402117,IC50,,,,,CHEMBL284,Dipeptidyl peptidase 4,Cn1c(=O)n(Cc2ccc(C(=O)O)cc2)c(=O)c2c1nc(N1CCC[C@@H](N)C1)n2Cc1ccccc1Cl
15178621,CHEMBL3402118,IC50,=,500.0,nM,6.30,CHEMBL284,Dipeptidyl peptidase 4,Cn1c(=O)n(Cc2cc(C(=O)O)cc(C(=O)O)c2)c(=O)c2c1nc(N1CCC[C@@H](N)C1)n2Cc1ccccc1Cl
15178622,CHEMBL3402119,IC50,,,,,CHEMBL284,Dipeptidyl peptidase 4,Cn1c(=O)n(Cc2ccc(C(=O)O)cc2)c(=O)c2c1nc(N1CCC[C@@H](N)C1)n2Cc1ccccc1C#N
15178623,CHEMBL3402120,IC50,=,230.0,nM,6.64,CHEMBL284,Dipeptidyl peptidase 4,Cn1c(=O)n(Cc2cccc(C(=O)O)c2)c(=O)c2c1nc(N1CCC[C@@H](N)C1)n2Cc1ccccc1Cl
15178624,CHEMBL3402121,IC50,,,,,CHEMBL284,Dipeptidyl peptidase 4,Cn1c(=O)n(Cc2cccc(C(=O)O)c2)c(=O)c2c1nc(N1CCC[C@@H](N)C1)n2Cc1ccccc1C#N
15178625,CHEMBL3402122,IC50,,,,,CHEMBL284,Dipeptidyl peptidase 4,Cn1c(=O)n(Cc2cc(C(=O)O)cc(C(=O)O)c2)c(=O)c2c1nc(N1CCC[C@@H](N)C1)n2Cc1ccccc1C#N
15178626,CHEMBL3402123,IC50,,,,,CHEMBL284,Dipeptidyl peptidase 4,Cn1c(=O)n(Cc2ccc(C(=O)O)c(F)c2)c(=O)c2c1nc(N1CCC[C@@H](N)C1)n2Cc1ccccc1Cl
15178627,CHEMBL3402124,IC50,,,,,CHEMBL284,Dipeptidyl peptidase 4,Cn1c(=O)n(Cc2ccc(C(=O)O)c(F)c2)c(=O)c2c1nc(N1CCC[C@@H](N)C1)n2Cc1ccccc1C#N
15178628,CHEMBL3402125,IC50,=,640.0,nM,6.19,CHEMBL284,Dipeptidyl peptidase 4,Cn1c(=O)n(Cc2ccc(F)c(C(=O)O)c2)c(=O)c2c1nc(N1CCC[C@@H](N)C1)n2Cc1ccccc1Cl
15178629,CHEMBL3402126,IC50,,,,,CHEMBL284,Dipeptidyl peptidase 4,Cn1c(=O)n(Cc2ccc(F)c(C(=O)O)c2)c(=O)c2c1nc(N1CCC[C@@H](N)C1)n2Cc1ccccc1C#N
15178630,CHEMBL3402127,IC50,,,,,CHEMBL284,Dipeptidyl peptidase 4,COc1cc(Cn2c(=O)c3c(nc(N4CCC[C@@H](N)C4)n3Cc3ccccc3Cl)n(C)c2=O)ccc1C(=O)O
15178631,CHEMBL3402128,IC50,,,,,CHEMBL284,Dipeptidyl peptidase 4,COc1cc(Cn2c(=O)c3c(nc(N4CCC[C@@H](N)C4)n3Cc3ccccc3C#N)n(C)c2=O)ccc1C(=O)O
15178632,CHEMBL3402129,IC50,=,36.0,nM,7.44,CHEMBL284,Dipeptidyl peptidase 4,COc1ccc(Cn2c(=O)c3c(nc(N4CCC[C@@H](N)C4)n3Cc3ccccc3Cl)n(C)c2=O)cc1C(=O)O
15178633,CHEMBL3402130,IC50,,,,,CHEMBL284,Dipeptidyl peptidase 4,COc1ccc(Cn2c(=O)c3c(nc(N4CCC[C@@H](N)C4)n3Cc3ccccc3C#N)n(C)c2=O)cc1C(=O)O
15178634,CHEMBL3402131,IC50,,,,,CHEMBL284,Dipeptidyl peptidase 4,Cn1c(=O)n(Cc2ccccc2)c(=O)c2c1nc(N1CCC[C@@H](N)C1)n2Cc1ccccc1Cl
15178635,CHEMBL3402132,IC50,,,,,CHEMBL284,Dipeptidyl peptidase 4,Cn1c(=O)n(Cc2ccccc2)c(=O)c2c1nc(N1CCC[C@@H](N)C1)n2Cc1ccccc1C#N
15178636,CHEMBL1422,IC50,=,16.0,nM,7.80,CHEMBL284,Dipeptidyl peptidase 4,N[C@@H](CC(=O)N1CCn2c(nnc2C(F)(F)F)C1)Cc1cc(F)c(F)cc1F
15249313,CHEMBL3425745,IC50,=,695.0,nM,6.16,CHEMBL284,Dipeptidyl peptidase 4,N[C@@H](CC(=O)N1CC[C@@H]2[C@@H](CCc3nnc(C(F)(F)F)n32)C1)Cc1ccccc1
15249314,CHEMBL3425746,IC50,=,2801.0,nM,5.55,CHEMBL284,Dipeptidyl peptidase 4,N[C@@H](CC(=O)N1CC[C@@H]2[C@H](CCc3nnc(C(F)(F)F)n32)C1)Cc1ccccc1
15249315,CHEMBL3425747,IC50,=,28.0,nM,7.55,CHEMBL284,Dipeptidyl peptidase 4,N[C@@H](CC(=O)N1CC[C@@H]2[C@@H](CCc3nnc(C(F)(F)F)n32)C1)Cc1cc(F)c(F)cc1F
15249316,CHEMBL3425747,IC50,=,70.0,nM,7.16,CHEMBL284,Dipeptidyl peptidase 4,N[C@@H](CC(=O)N1CC[C@@H]2[C@@H](CCc3nnc(C(F)(F)F)n32)C1)Cc1cc(F)c(F)cc1F
15249317,CHEMBL3425748,IC50,=,145.0,nM,6.84,CHEMBL284,Dipeptidyl peptidase 4,N[C@@H](CC(=O)N1CC[C@@H]2[C@H](CCc3nnc(C(F)(F)F)n32)C1)Cc1cc(F)c(F)cc1F
15249318,CHEMBL3425748,IC50,=,537.0,nM,6.27,CHEMBL284,Dipeptidyl peptidase 4,N[C@@H](CC(=O)N1CC[C@@H]2[C@H](CCc3nnc(C(F)(F)F)n32)C1)Cc1cc(F)c(F)cc1F
15249319,CHEMBL3425749,IC50,=,85.0,nM,7.07,CHEMBL284,Dipeptidyl peptidase 4,CCc1nnc2n1[C@@H]1CCN(C(=O)C[C@H](N)Cc3cc(F)c(F)cc3F)C[C@@H]1CC2
15249320,CHEMBL3425750,IC50,=,108.0,nM,6.97,CHEMBL284,Dipeptidyl peptidase 4,CCc1nnc2n1[C@@H]1CCN(C(=O)C[C@H](N)Cc3cc(F)c(F)cc3F)C[C@H]1CC2
15249321,CHEMBL3425751,IC50,=,67.0,nM,7.17,CHEMBL284,Dipeptidyl peptidase 4,N[C@@H](CC(=O)N1CC[C@@H]2[C@@H](CCc3nnc(C(F)(F)C(F)(F)F)n32)C1)Cc1cc(F)c(F)cc1F
15249322,CHEMBL3425752,IC50,=,258.0,nM,6.59,CHEMBL284,Dipeptidyl peptidase 4,N[C@@H](CC(=O)N1CC[C@@H]2[C@H](CCc3nnc(C(F)(F)C(F)(F)F)n32)C1)Cc1cc(F)c(F)cc1F
15249323,CHEMBL1422,IC50,=,22.0,nM,7.66,CHEMBL284,Dipeptidyl peptidase 4,N[C@@H](CC(=O)N1CCn2c(nnc2C(F)(F)F)C1)Cc1cc(F)c(F)cc1F
15249324,CHEMBL3425753,IC50,=,100.0,nM,7.00,CHEMBL284,Dipeptidyl peptidase 4,Cc1nnc(C(F)(F)F)n1C1CCN(C(=O)C[C@H](N)Cc2cc(F)c(F)cc2F)CC1.Cl
15249325,CHEMBL3425754,IC50,=,94.0,nM,7.03,CHEMBL284,Dipeptidyl peptidase 4,Cl.N[C@@H](CC(=O)N1CC[C@@H]2[C@@H](Cc3nnc(C(F)(F)F)n32)C1)Cc1cc(F)c(F)cc1F
15617499,CHEMBL3580781,IC50,=,19.2,nM,7.72,CHEMBL284,Dipeptidyl peptidase 4,N[C@@H](CC(=O)N1CC(=O)Nc2cc(C(F)(F)F)ccc2C1)[C@H]1CCc2cc(F)c(F)cc21
15617500,CHEMBL3580780,IC50,=,20.0,nM,7.70,CHEMBL284,Dipeptidyl peptidase 4,COc1ccc2c(c1)NC(=O)CN(C(=O)C[C@H](N)[C@H]1CCc3cc(F)c(F)cc31)C2
15617501,CHEMBL3580779,IC50,=,3.8,nM,8.42,CHEMBL284,Dipeptidyl peptidase 4,N[C@@H](CC(=O)N1CC(=O)Nc2cc(F)ccc2C1)[C@H]1CCc2cc(F)c(F)cc21
15617502,CHEMBL3580778,IC50,=,89.6,nM,7.05,CHEMBL284,Dipeptidyl peptidase 4,N[C@@H](CC(=O)N1CC(=O)Nc2nccnc2C1)[C@H]1CCc2cc(F)c(F)cc21
15617503,CHEMBL3580777,IC50,=,148.0,nM,6.83,CHEMBL284,Dipeptidyl peptidase 4,N[C@@H](CC(=O)N1CC(=O)Nc2cccnc2C1)[C@H]1CCc2cc(F)c(F)cc21
15617504,CHEMBL3580782,IC50,=,15.4,nM,7.81,CHEMBL284,Dipeptidyl peptidase 4,N[C@@H](CC(=O)N1CC(=O)Nc2cc(Br)ccc2C1)[C@H]1CCc2cc(F)c(F)cc21
15617505,CHEMBL3580776,IC50,=,4.9,nM,8.31,CHEMBL284,Dipeptidyl peptidase 4,N[C@@H](CC(=O)N1CC(=O)Nc2ccccc2C1)[C@H]1CCc2cc(F)c(F)cc21
15617506,CHEMBL3580775,IC50,=,10.8,nM,7.97,CHEMBL284,Dipeptidyl peptidase 4,N[C@@H](CC(=O)N1CCn2c(nnc2C(F)(F)F)C1)[C@H]1CCc2cc(F)c(F)cc21
15617507,CHEMBL3580783,IC50,=,18.6,nM,7.73,CHEMBL284,Dipeptidyl peptidase 4,N#Cc1ccc2c(c1)NC(=O)CN(C(=O)C[C@H](N)[C@H]1CCc3cc(F)c(F)cc31)C2
15617508,CHEMBL3580784,IC50,=,19.8,nM,7.70,CHEMBL284,Dipeptidyl peptidase 4,N[C@@H](CC(=O)N1CC(=O)Nc2cc(F)c(F)cc2C1)[C@H]1CCc2cc(F)c(F)cc21
15617509,CHEMBL3580785,IC50,=,299.0,nM,6.52,CHEMBL284,Dipeptidyl peptidase 4,N[C@@H](CC(=O)N1CCNc2ccccc2C1)[C@H]1CCc2cc(F)c(F)cc21
15617510,CHEMBL3580786,IC50,=,346.0,nM,6.46,CHEMBL284,Dipeptidyl peptidase 4,N[C@@H](CC(=O)N1CCNc2cc(F)ccc2C1)[C@H]1CCc2cc(F)c(F)cc21
15617511,CHEMBL3580787,IC50,=,2290.0,nM,5.64,CHEMBL284,Dipeptidyl peptidase 4,N[C@@H](CC(=O)N1CCNc2cc(C(F)(F)F)ccc2C1)[C@H]1CCc2cc(F)c(F)cc21
15617512,CHEMBL3580788,IC50,=,3.0,nM,8.52,CHEMBL284,Dipeptidyl peptidase 4,CN1C(=O)CN(C(=O)C[C@H](N)[C@H]2CCc3cc(F)c(F)cc32)Cc2ccccc21
15617513,CHEMBL3580789,IC50,=,3.4,nM,8.47,CHEMBL284,Dipeptidyl peptidase 4,CN1C(=O)CN(C(=O)C[C@H](N)[C@H]2CCc3cc(F)c(F)cc32)Cc2ccc(F)cc21
15617514,CHEMBL3580790,IC50,=,2.9,nM,8.54,CHEMBL284,Dipeptidyl peptidase 4,CCN1C(=O)CN(C(=O)C[C@H](N)[C@H]2CCc3cc(F)c(F)cc32)Cc2ccccc21
15617515,CHEMBL3580791,IC50,=,6.4,nM,8.19,CHEMBL284,Dipeptidyl peptidase 4,CC(C)N1C(=O)CN(C(=O)C[C@H](N)[C@H]2CCc3cc(F)c(F)cc32)Cc2ccccc21
15617516,CHEMBL3580792,IC50,=,3.4,nM,8.47,CHEMBL284,Dipeptidyl peptidase 4,CCOC(=O)CN1C(=O)CN(C(=O)C[C@H](N)[C@H]2CCc3cc(F)c(F)cc32)Cc2ccccc21
15617517,CHEMBL1422,IC50,=,19.0,nM,7.72,CHEMBL284,Dipeptidyl peptidase 4,N[C@@H](CC(=O)N1CCn2c(nnc2C(F)(F)F)C1)Cc1cc(F)c(F)cc1F
15685981,CHEMBL537586,IC50,=,9.0,nM,8.05,CHEMBL284,Dipeptidyl peptidase 4,CC(C)N(C)C(=O)n1cnc(S(=O)(=O)C2CC3CCC2C3)n1
15714182,CHEMBL67279,IC50,=,22.0,nM,7.66,CHEMBL284,Dipeptidyl peptidase 4,CC(C)[C@H](N)C(=O)N1CCC[C@H]1B(O)O
15714183,CHEMBL3233842,IC50,>,100000.0,nM,,CHEMBL284,Dipeptidyl peptidase 4,N#C[C@@H]1CC(F)(F)CN1C(=O)CNC(=O)c1ccnc2ccccc12
15714184,CHEMBL237500,IC50,=,2.0,nM,8.70,CHEMBL284,Dipeptidyl peptidase 4,CC#CCn1c(N2CCC[C@@H](N)C2)nc2c1c(=O)n(Cc1nc(C)c3ccccc3n1)c(=O)n2C
15714185,CHEMBL3616890,IC50,=,19.4,nM,7.71,CHEMBL284,Dipeptidyl peptidase 4,CC#CCn1c(N2CCNCC2)nc2c1c(=O)n(Cc1nc(C)c3ccccc3n1)c(=O)n2C
15714186,CHEMBL3616891,IC50,=,13900.0,nM,4.86,CHEMBL284,Dipeptidyl peptidase 4,CC#CCn1c(N2CCN3CCC[C@H]3C2)nc2c1c(=O)n(Cc1nc(C)c3ccccc3n1)c(=O)n2C
15714187,CHEMBL3616892,IC50,>,100000.0,nM,,CHEMBL284,Dipeptidyl peptidase 4,CC#CCn1c(N2CCCCC2)nc2c1c(=O)n(Cc1nc(C)c3ccccc3n1)c(=O)n2C
15714188,CHEMBL3616893,IC50,>,100000.0,nM,,CHEMBL284,Dipeptidyl peptidase 4,CC#CCn1c(OCC)nc2c1c(=O)n(Cc1nc(C)c3ccccc3n1)c(=O)n2C
15714189,CHEMBL3616894,IC50,=,12200.0,nM,4.91,CHEMBL284,Dipeptidyl peptidase 4,CC#CCn1c(N2CCC[C@@H](NC(C)=O)C2)nc2c1c(=O)n(Cc1nc(C)c3ccccc3n1)c(=O)n2C
15714190,CHEMBL3616895,IC50,>,50000.0,nM,,CHEMBL284,Dipeptidyl peptidase 4,CC#CCn1c(N2CCNC(=O)C2)nc2c1c(=O)n(Cc1nc(C)c3ccccc3n1)c(=O)n2C
15714191,CHEMBL3616896,IC50,=,18100.0,nM,4.74,CHEMBL284,Dipeptidyl peptidase 4,CC#CCn1c(N2CC(=O)N[C@H](CO)C2)nc2c1c(=O)n(Cc1nc(C)c3ccccc3n1)c(=O)n2C
15714192,CHEMBL3616897,IC50,>,100000.0,nM,,CHEMBL284,Dipeptidyl peptidase 4,CC#CCn1c(NCC(N)=O)nc2c1c(=O)n(Cc1nc(C)c3ccccc3n1)c(=O)n2C
15714193,CHEMBL3616898,IC50,>,100000.0,nM,,CHEMBL284,Dipeptidyl peptidase 4,CC#CCn1c(NCCNC(C)=O)nc2c1c(=O)n(Cc1nc(C)c3ccccc3n1)c(=O)n2C
15714194,CHEMBL3616899,IC50,>,50000.0,nM,,CHEMBL284,Dipeptidyl peptidase 4,CC#CCn1c(NCCNC(=O)c2ccncc2)nc2c1c(=O)n(Cc1nc(C)c3ccccc3n1)c(=O)n2C
15714195,CHEMBL3616900,IC50,=,5.8,nM,8.24,CHEMBL284,Dipeptidyl peptidase 4,CC#CCn1c(N2CCNCC2)nc2c1c(=O)n(Cc1ncc3ccccc3n1)c(=O)n2C
15714196,CHEMBL3616901,IC50,=,25.0,nM,7.60,CHEMBL284,Dipeptidyl peptidase 4,CC#CCn1c(N2CCNCC2)nc2c1c(=O)n(Cc1nc(OC)c3ccccc3n1)c(=O)n2C
15714197,CHEMBL3616902,IC50,=,29.0,nM,7.54,CHEMBL284,Dipeptidyl peptidase 4,CC#CCn1c(N2CCNCC2)nc2c1c(=O)n(Cc1ccc3ccccc3n1)c(=O)n2C
15714198,CHEMBL3616903,IC50,=,180.0,nM,6.75,CHEMBL284,Dipeptidyl peptidase 4,CC#CCn1c(N2CCNCC2)nc2c1c(=O)n(Cc1ccc3ccccc3c1)c(=O)n2C
15714199,CHEMBL3616888,IC50,=,650.0,nM,6.19,CHEMBL284,Dipeptidyl peptidase 4,CC#CCn1c(N2CCNCC2)nc2c1c(=O)n(Cc1csc(CO)n1)c(=O)n2C
15714200,CHEMBL3616904,IC50,=,1230.0,nM,5.91,CHEMBL284,Dipeptidyl peptidase 4,CC#CCn1c(N2CCNCC2)nc2c1c(=O)n(Cc1ccccc1)c(=O)n2C
15714201,CHEMBL3616905,IC50,=,340.0,nM,6.47,CHEMBL284,Dipeptidyl peptidase 4,CC#CCn1c(N2CCNCC2)nc2c1c(=O)n(Cc1cccc(C#N)c1)c(=O)n2C
15714202,CHEMBL3616906,IC50,=,1800.0,nM,5.75,CHEMBL284,Dipeptidyl peptidase 4,CC#CCn1c(N2CCNCC2)nc2c1c(=O)n(Cc1ccc(-c3ccccc3C#N)cc1)c(=O)n2C
15714203,CHEMBL3616907,IC50,=,180.0,nM,6.75,CHEMBL284,Dipeptidyl peptidase 4,CC#CCn1c(N2CCNCC2)nc2c1c(=O)n(Cc1nn(-c3ccccc3)nc1C)c(=O)n2C
15714204,CHEMBL3616908,IC50,=,1440.0,nM,5.84,CHEMBL284,Dipeptidyl peptidase 4,CC#CCn1c(N2CCNCC2)nc2c1c(=O)n(Cc1ccc(-n3cccn3)cc1)c(=O)n2C
15714205,CHEMBL3616909,IC50,=,220.0,nM,6.66,CHEMBL284,Dipeptidyl peptidase 4,CC#CCn1c(N2CCNCC2)nc2c1c(=O)n(Cc1ccc(-n3cncn3)cc1)c(=O)n2C
15714206,CHEMBL3616910,IC50,>,100000.0,nM,,CHEMBL284,Dipeptidyl peptidase 4,CC#CCn1c(N2CCNC(=O)C2)nc2c1c(=O)n(Cc1ccccn1)c(=O)n2C
15714207,CHEMBL3616911,IC50,>,100000.0,nM,,CHEMBL284,Dipeptidyl peptidase 4,CC#CCn1c(N2CCNC(=O)C2)nc2c1c(=O)n(Cc1cccnc1)c(=O)n2C
15714208,CHEMBL3616912,IC50,>,100000.0,nM,,CHEMBL284,Dipeptidyl peptidase 4,CC#CCn1c(N2CCNC(=O)C2)nc2c1c(=O)n(Cc1ccncc1)c(=O)n2C
15714209,CHEMBL3616913,IC50,=,980.0,nM,6.01,CHEMBL284,Dipeptidyl peptidase 4,CC#CCn1c(N2CCC[C@@H](N)C2)nc2c1c(=O)n(C(C)C)c(=O)n2C
15714210,CHEMBL3616914,IC50,>,100000.0,nM,,CHEMBL284,Dipeptidyl peptidase 4,Cn1c(N2CCNC(=O)C2)nc2c1c(=O)[nH]c(=O)n2C
15714211,CHEMBL3616915,IC50,>,100000.0,nM,,CHEMBL284,Dipeptidyl peptidase 4,CC#CCn1c(N2CCNC(=O)C2)nc2c1c(=O)[nH]c(=O)n2C
15714212,CHEMBL3616916,IC50,>,100000.0,nM,,CHEMBL284,Dipeptidyl peptidase 4,COc1nc(Cn2c(=O)c3c(nc(N4CCNC(=O)C4)n3C)n(C)c2=O)nc2ccccc12
15714213,CHEMBL3616917,IC50,>,100000.0,nM,,CHEMBL284,Dipeptidyl peptidase 4,CC#CCn1c(N2CCNC(=O)C2)nc2c1c(=O)n(Cc1nc(OC)c3ccccc3n1)c(=O)n2C
15714214,CHEMBL3616918,IC50,,,,,CHEMBL284,Dipeptidyl peptidase 4,COc1nc(Cn2c(=O)c3c(nc(N4CCNC(=O)C4)n3CC=C(C)C)n(C)c2=O)nc2ccccc12
15714215,CHEMBL3616919,IC50,>,100000.0,nM,,CHEMBL284,Dipeptidyl peptidase 4,COc1nc(Cn2c(=O)c3c(nc(N4CCNC(=O)C4)n3CCC=C(C)C)n(C)c2=O)nc2ccccc12
15714216,CHEMBL3616920,IC50,,,,,CHEMBL284,Dipeptidyl peptidase 4,COc1nc(Cn2c(=O)c3c(nc(N4CCNC(=O)C4)n3Cc3ccccc3)n(C)c2=O)nc2ccccc12
15714327,CHEMBL237500,IC50,=,1.0,nM,9.00,CHEMBL284,Dipeptidyl peptidase 4,CC#CCn1c(N2CCC[C@@H](N)C2)nc2c1c(=O)n(Cc1nc(C)c3ccccc3n1)c(=O)n2C
15714328,CHEMBL1422,IC50,=,12.0,nM,7.92,CHEMBL284,Dipeptidyl peptidase 4,N[C@@H](CC(=O)N1CCn2c(nnc2C(F)(F)F)C1)Cc1cc(F)c(F)cc1F
15714329,CHEMBL142703,IC50,=,23.0,nM,7.64,CHEMBL284,Dipeptidyl peptidase 4,N#C[C@@H]1CCCN1C(=O)CNC12CC3CC(CC(O)(C3)C1)C2
15714330,CHEMBL376359,IC50,=,6.9,nM,8.16,CHEMBL284,Dipeptidyl peptidase 4,Cn1c(=O)cc(N2CCC[C@@H](N)C2)n(Cc2ccccc2C#N)c1=O
15714350,CHEMBL4296719,IC50,=,23.0,nM,7.64,CHEMBL284,Dipeptidyl peptidase 4,O=C(CN[C@@H]1CCNC1)N1CCC[C@H]1B(O)O
15722570,CHEMBL3618140,IC50,=,1250.0,nM,5.90,CHEMBL284,Dipeptidyl peptidase 4,O=C(Nc1ccc(F)cc1)c1cnn(-c2ccccc2)c1NC(=O)C(F)(F)F
15722571,CHEMBL3618139,IC50,,,,,CHEMBL284,Dipeptidyl peptidase 4,CCOC(=O)c1sc(-n2c(C)nc3c(cnn3-c3ccc(OC)cc3)c2=O)c(C(=O)OCC)c1C
15722572,CHEMBL3618138,IC50,,,,,CHEMBL284,Dipeptidyl peptidase 4,CCOC(=O)c1sc(-n2c(C)nc3c(cnn3-c3ccccc3)c2=O)c(C(=O)OCC)c1C
15722573,CHEMBL3618137,IC50,=,100000.0,nM,4.00,CHEMBL284,Dipeptidyl peptidase 4,COc1ccc(-n2ncc3c(=O)n(-c4nc(-c5ccc(Cl)cc5)cs4)c(C)nc32)cc1
15722574,CHEMBL3618136,IC50,,,,,CHEMBL284,Dipeptidyl peptidase 4,COc1ccc(-n2ncc3c(=O)n(-c4ccc([N+](=O)[O-])cn4)c(C)nc32)cc1
15722575,CHEMBL3618135,IC50,,,,,CHEMBL284,Dipeptidyl peptidase 4,COc1ccc(-n2ncc3c(=O)n(-c4ccc(Br)cn4)c(C)nc32)cc1
15722576,CHEMBL3618134,IC50,=,2230.0,nM,5.65,CHEMBL284,Dipeptidyl peptidase 4,COc1ccc(-n2ncc3c(=O)n(-c4cc(C)ccn4)c(C)nc32)cc1
15722577,CHEMBL3618133,IC50,,,,,CHEMBL284,Dipeptidyl peptidase 4,COc1ccc(-n2ncc3c(=O)n(-c4ccccn4)c(C)nc32)cc1
15722578,CHEMBL3618132,IC50,,,,,CHEMBL284,Dipeptidyl peptidase 4,Cc1nc2c(cnn2-c2ccccc2)c(=O)n1-c1ccc([N+](=O)[O-])cn1
15722579,CHEMBL3618039,IC50,=,11000.0,nM,4.96,CHEMBL284,Dipeptidyl peptidase 4,Cc1nc2c(cnn2-c2ccccc2)c(=O)n1-c1ccc(Br)cn1
15722580,CHEMBL3618038,IC50,=,1060.0,nM,5.97,CHEMBL284,Dipeptidyl peptidase 4,Cc1ccnc(-n2c(C)nc3c(cnn3-c3ccccc3)c2=O)c1
15722581,CHEMBL3618037,IC50,=,24000.0,nM,4.62,CHEMBL284,Dipeptidyl peptidase 4,Cc1nc2c(cnn2-c2ccccc2)c(=O)n1-c1ncccn1
15722582,CHEMBL3618036,IC50,=,4000.0,nM,5.40,CHEMBL284,Dipeptidyl peptidase 4,Cc1nc2c(cnn2-c2ccccc2)c(=O)n1-c1ccccn1
15722583,CHEMBL3618035,IC50,,,,,CHEMBL284,Dipeptidyl peptidase 4,Cc1nc2c(cnn2-c2ccccc2)c(=O)n1-c1ccc(F)cc1F
15722584,CHEMBL3618034,IC50,,,,,CHEMBL284,Dipeptidyl peptidase 4,Cc1nc2c(cnn2-c2ccccc2)c(=O)n1Cc1ccccc1
15722585,CHEMBL3618033,IC50,,,,,CHEMBL284,Dipeptidyl peptidase 4,COc1ccc(-n2ncc3c(=O)n(-c4ccc(F)cc4)c(C)nc32)cc1
15722586,CHEMBL3618032,IC50,=,1320.0,nM,5.88,CHEMBL284,Dipeptidyl peptidase 4,Cc1cc(C)c(-n2c(C)nc3c(cnn3-c3ccccc3)c2=O)c(C)c1
15722587,CHEMBL443753,IC50,,,,,CHEMBL284,Dipeptidyl peptidase 4,Cc1nc2c(cnn2-c2ccccc2)c(=O)n1-c1cccc(Cl)c1
15722588,CHEMBL3618031,IC50,,,,,CHEMBL284,Dipeptidyl peptidase 4,CCc1ccc(-n2c(C)nc3c(cnn3-c3ccccc3)c2=O)cc1
15722589,CHEMBL3618030,IC50,,,,,CHEMBL284,Dipeptidyl peptidase 4,Cc1nc2c(cnn2-c2ccccc2)c(=O)n1-c1ccc(F)cc1
15722590,CHEMBL3618029,IC50,,,,,CHEMBL284,Dipeptidyl peptidase 4,Cc1nc2c(cnn2-c2ccccc2)c(=O)n1-c1ccccc1
15722591,CHEMBL3618141,IC50,,,,,CHEMBL284,Dipeptidyl peptidase 4,O=C(Nc1ccc(Cl)cc1)c1cnn(-c2ccccc2)c1NC(=O)C(F)(F)F
15722592,CHEMBL3618142,IC50,,,,,CHEMBL284,Dipeptidyl peptidase 4,CC(=O)Nc1c(C(=O)Nc2ccc(Br)cn2)cnn1-c1ccccc1
15722593,CHEMBL3618143,IC50,,,,,CHEMBL284,Dipeptidyl peptidase 4,CC(=O)Nc1c(C(=O)Nc2nc(-c3ccc(Cl)cc3)cs2)cnn1-c1ccccc1
15722594,CHEMBL3618144,IC50,,,,,CHEMBL284,Dipeptidyl peptidase 4,CC(=O)Nc1c(C(=O)Nc2ccccn2)cnn1-c1ccccc1
15722595,CHEMBL1422,IC50,=,18.0,nM,7.75,CHEMBL284,Dipeptidyl peptidase 4,N[C@@H](CC(=O)N1CCn2c(nnc2C(F)(F)F)C1)Cc1cc(F)c(F)cc1F
15762424,CHEMBL1422,IC50,=,18.0,nM,7.75,CHEMBL284,Dipeptidyl peptidase 4,N[C@@H](CC(=O)N1CCn2c(nnc2C(F)(F)F)C1)Cc1cc(F)c(F)cc1F
15762431,CHEMBL3632867,IC50,=,0.8,nM,9.10,CHEMBL284,Dipeptidyl peptidase 4,CC[C@@H](C)[C@H](N)C(=O)N1CC(F)(F)C[C@H]1C#N
15762432,CHEMBL3632866,IC50,=,290.0,nM,6.54,CHEMBL284,Dipeptidyl peptidase 4,CC[C@@H](C)[C@H](N)C(=O)N1C[C@H](F)C[C@H]1C#N
15762433,CHEMBL3632865,IC50,=,0.6,nM,9.22,CHEMBL284,Dipeptidyl peptidase 4,CC[C@@H](C)[C@H](N)C(=O)N1C[C@@H](F)C[C@H]1C#N
15762434,CHEMBL3632864,IC50,=,1.5,nM,8.82,CHEMBL284,Dipeptidyl peptidase 4,CC[C@@H](C)[C@H](N)C(=O)N1CCC[C@H]1C#N
16265262,CHEMBL3644788,IC50,=,6.0,nM,8.22,CHEMBL284,Dipeptidyl peptidase 4,N[C@@H](CC(=O)N1CCc2c(nc(-c3ccco3)nc2C(F)(F)F)C1)CN1C(=O)CCC(F)(F)[C@@H]1O
16269984,CHEMBL3644790,IC50,=,14.0,nM,7.85,CHEMBL284,Dipeptidyl peptidase 4,COCCc1nc2c(c(C(F)(F)F)n1)CCN(C(=O)C[C@H](N)CN1C(=O)CCC(F)(F)[C@@H]1O)C2
16272442,CHEMBL3644783,IC50,=,5.0,nM,8.30,CHEMBL284,Dipeptidyl peptidase 4,N[C@@H](CC(=O)N1CCc2c(nc(C(F)(F)F)nc2C(F)(F)F)C1)CN1C(=O)CCC(F)(F)[C@@H]1O
16275670,CHEMBL3644802,IC50,>,2500.0,nM,,CHEMBL284,Dipeptidyl peptidase 4,CC1CC(=O)N(C[C@@H](N)CC(=O)N2CCc3c(nc(C(C)(C)C)nc3C(F)(F)F)C2)C1=O
16278124,CHEMBL3644787,IC50,=,10.0,nM,8.00,CHEMBL284,Dipeptidyl peptidase 4,N[C@@H](CC(=O)N1CCc2c(nc(-c3ccncc3)nc2C(F)(F)F)C1)CN1C(=O)CCC(F)(F)[C@@H]1O
16278421,CHEMBL3644799,IC50,=,409.0,nM,6.39,CHEMBL284,Dipeptidyl peptidase 4,CCCc1nc2c(c(C(F)(F)F)n1)CCN(C(=O)C[C@H](N)CN1C(=O)CCC(F)C1O)C2
16283750,CHEMBL3644782,IC50,=,36.0,nM,7.44,CHEMBL284,Dipeptidyl peptidase 4,N[C@@H](CC(=O)N1CCc2c(nc(C(F)(F)F)nc2C(F)(F)F)C1)CN1C(=O)CCC(F)(F)[C@H]1O
16285074,CHEMBL3644785,IC50,=,39.0,nM,7.41,CHEMBL284,Dipeptidyl peptidase 4,CC(C)(C)c1nc2c(c(C(F)(F)F)n1)CCN(C(=O)C[C@H](N)CN1C(=O)CCC(F)(F)C1O)C2
16289231,CHEMBL3644801,IC50,>,2500.0,nM,,CHEMBL284,Dipeptidyl peptidase 4,CC1CCC(=O)N(C[C@@H](N)CC(=O)N2CCc3c(nc(-c4cccs4)nc3C(F)(F)F)C2)C1=O
16292595,CHEMBL3644793,IC50,=,195.0,nM,6.71,CHEMBL284,Dipeptidyl peptidase 4,N[C@@H](CC(=O)N1CCc2c(nc(-c3cccs3)nc2C(F)(F)F)C1)CN1C(=O)CCC(F)(F)[C@H]1O
16292839,CHEMBL3644786,IC50,=,17.0,nM,7.77,CHEMBL284,Dipeptidyl peptidase 4,N[C@@H](CC(=O)N1CCc2c(nc(C3CCC3)nc2C(F)(F)F)C1)CN1C(=O)CCC(F)(F)C1O
16296253,CHEMBL3644791,IC50,=,160.0,nM,6.80,CHEMBL284,Dipeptidyl peptidase 4,COCCc1nc2c(c(C(F)(F)F)n1)CCN(C(=O)C[C@H](N)CN1C(=O)CCC(F)(F)[C@H]1O)C2
16306966,CHEMBL3644794,IC50,=,57.0,nM,7.24,CHEMBL284,Dipeptidyl peptidase 4,N[C@@H](CC(=O)N1CCc2c(nc(-c3ccc(F)cc3)nc2C(F)(F)F)C1)CN1C(=O)CCC(F)(F)[C@H]1O
16307977,CHEMBL3644798,IC50,=,159.0,nM,6.80,CHEMBL284,Dipeptidyl peptidase 4,N[C@@H](CC(=O)N1CCc2c(nc(-c3cccs3)nc2C(F)(F)F)C1)CN1C(=O)CCC(F)C1O
16312550,CHEMBL3644803,IC50,=,63.0,nM,7.20,CHEMBL284,Dipeptidyl peptidase 4,N[C@@H](CC(=O)N1CCc2c(nc(-c3ccncc3)nc2C(F)(F)F)C1)CN1C(=O)CCC(F)(F)[C@H]1O
16313091,CHEMBL3644789,IC50,=,93.0,nM,7.03,CHEMBL284,Dipeptidyl peptidase 4,N[C@@H](CC(=O)N1CCc2c(nc(-c3ccco3)nc2C(F)(F)F)C1)CN1C(=O)CCC(F)(F)[C@H]1O
16317545,CHEMBL3644792,IC50,=,10.0,nM,8.00,CHEMBL284,Dipeptidyl peptidase 4,N[C@@H](CC(=O)N1CCc2c(nc(-c3cccs3)nc2C(F)(F)F)C1)CN1C(=O)CCC(F)(F)[C@@H]1O
16326371,CHEMBL3644796,IC50,=,197.0,nM,6.71,CHEMBL284,Dipeptidyl peptidase 4,CC(C)(C)c1nc2c(c(C(F)(F)F)n1)CCN(C(=O)C[C@H](N)CN1C(=O)CCC(F)C1O)C2
16329140,CHEMBL3644784,IC50,=,20.0,nM,7.70,CHEMBL284,Dipeptidyl peptidase 4,CCCc1nc2c(c(C(F)(F)F)n1)CCN(C(=O)C[C@H](N)CN1C(=O)CCC(F)(F)C1O)C2
16336488,CHEMBL3644797,IC50,=,81.0,nM,7.09,CHEMBL284,Dipeptidyl peptidase 4,N[C@@H](CC(=O)N1CCc2c(nc(-c3ccco3)nc2C(F)(F)F)C1)CN1C(=O)CCC(F)C1O
16350569,CHEMBL3644800,IC50,=,206.0,nM,6.69,CHEMBL284,Dipeptidyl peptidase 4,N[C@@H](CC(=O)N1CCc2c(nc(-c3ccncc3)nc2C(F)(F)F)C1)CN1C(=O)CCC(F)C1O
16352886,CHEMBL3644795,IC50,=,2500.0,nM,5.60,CHEMBL284,Dipeptidyl peptidase 4,N[C@@H](CC(=O)N1CCc2c(nc(C(F)(F)F)nc2C(F)(F)F)C1)CN1C(=O)CCC(F)(F)C1=O
16378634,CHEMBL3734964,IC50,=,1.6,nM,8.80,CHEMBL284,Dipeptidyl peptidase 4,N[C@H]1C[C@@H](N2Cc3[nH]nc(NC(=O)C4CC4)c3C2)CO[C@@H]1c1cc(F)ccc1F
16378635,CHEMBL3735129,IC50,=,4.3,nM,8.37,CHEMBL284,Dipeptidyl peptidase 4,N[C@H]1C[C@@H](N2Cc3[nH]nc(NC(=O)c4nccs4)c3C2)CO[C@@H]1c1cc(F)ccc1F
16378636,CHEMBL3735925,IC50,=,3.7,nM,8.43,CHEMBL284,Dipeptidyl peptidase 4,N[C@H]1C[C@@H](N2Cc3[nH]nc(NC(=O)c4ccncc4)c3C2)CO[C@@H]1c1cc(F)ccc1F
16378637,CHEMBL3734769,IC50,=,3.2,nM,8.49,CHEMBL284,Dipeptidyl peptidase 4,CS(=O)(=O)Nc1n[nH]c2c1CN([C@H]1CO[C@H](c3cc(F)ccc3F)[C@@H](N)C1)C2
16378638,CHEMBL3734828,IC50,=,1.1,nM,8.96,CHEMBL284,Dipeptidyl peptidase 4,CCS(=O)(=O)Nc1n[nH]c2c1CN([C@H]1CO[C@H](c3cc(F)ccc3F)[C@@H](N)C1)C2
16378639,CHEMBL3735461,IC50,=,1.3,nM,8.89,CHEMBL284,Dipeptidyl peptidase 4,N[C@H]1C[C@@H](N2Cc3[nH]nc(NS(=O)(=O)CC(F)(F)F)c3C2)CO[C@@H]1c1cc(F)ccc1F
16378640,CHEMBL3734999,IC50,=,1.8,nM,8.74,CHEMBL284,Dipeptidyl peptidase 4,N[C@H]1C[C@@H](N2Cc3[nH]nc(NS(=O)(=O)C4CC4)c3C2)CO[C@@H]1c1cc(F)ccc1F
16378641,CHEMBL3735433,IC50,=,1.8,nM,8.74,CHEMBL284,Dipeptidyl peptidase 4,N[C@H]1C[C@@H](N2Cc3[nH]nc(NS(=O)(=O)Cc4ccncc4)c3C2)CO[C@@H]1c1cc(F)ccc1F
16378642,CHEMBL3736137,IC50,=,0.3,nM,9.52,CHEMBL284,Dipeptidyl peptidase 4,N[C@H]1C[C@@H](N2Cc3[nH]nc(NS(=O)(=O)c4c[nH]cn4)c3C2)CO[C@@H]1c1cc(F)ccc1F
16378643,CHEMBL3735917,IC50,=,1.7,nM,8.77,CHEMBL284,Dipeptidyl peptidase 4,CS(=O)(=O)c1n[nH]c2c1CN([C@H]1CO[C@H](c3cc(F)ccc3F)[C@@H](N)C1)C2
16378644,CHEMBL3735694,IC50,=,1.7,nM,8.77,CHEMBL284,Dipeptidyl peptidase 4,CC(C)S(=O)(=O)c1n[nH]c2c1CN([C@H]1CO[C@H](c3cc(F)ccc3F)[C@@H](N)C1)C2
16378645,CHEMBL3735843,IC50,=,0.4,nM,9.40,CHEMBL284,Dipeptidyl peptidase 4,N[C@H]1C[C@@H](N2Cc3[nH]nc(S(=O)(=O)c4ccccc4)c3C2)CO[C@@H]1c1cc(F)ccc1F
16394164,CHEMBL2425070,IC50,=,1.4,nM,8.85,CHEMBL284,Dipeptidyl peptidase 4,N[C@H]1C[C@@H](N2Cc3cn[nH]c3C2)CO[C@@H]1c1cc(F)ccc1F
16394165,CHEMBL2105762,IC50,=,2.6,nM,8.59,CHEMBL284,Dipeptidyl peptidase 4,CS(=O)(=O)n1cc2c(n1)CN([C@H]1CO[C@H](c3cc(F)ccc3F)[C@@H](N)C1)C2
16394166,CHEMBL3736188,IC50,=,2.3,nM,8.64,CHEMBL284,Dipeptidyl peptidase 4,N[C@H]1C[C@@H](N2Cc3cn(S(=O)(=O)C(F)(F)F)nc3C2)CO[C@@H]1c1cc(F)ccc1F
16394167,CHEMBL3735281,IC50,=,1.8,nM,8.74,CHEMBL284,Dipeptidyl peptidase 4,CCS(=O)(=O)n1cc2c(n1)CN([C@H]1CO[C@H](c3cc(F)ccc3F)[C@@H](N)C1)C2
16394168,CHEMBL3734912,IC50,=,5.7,nM,8.24,CHEMBL284,Dipeptidyl peptidase 4,CCCS(=O)(=O)n1cc2c(n1)CN([C@H]1CO[C@H](c3cc(F)ccc3F)[C@@H](N)C1)C2
16394169,CHEMBL3735865,IC50,=,0.7,nM,9.15,CHEMBL284,Dipeptidyl peptidase 4,CC(C)S(=O)(=O)n1cc2c(n1)CN([C@H]1CO[C@H](c3cc(F)ccc3F)[C@@H](N)C1)C2
16394170,CHEMBL3736190,IC50,=,1.6,nM,8.80,CHEMBL284,Dipeptidyl peptidase 4,N[C@H]1C[C@@H](N2Cc3cnn(S(=O)(=O)C4CC4)c3C2)CO[C@@H]1c1cc(F)ccc1F
16394171,CHEMBL3735329,IC50,=,1.6,nM,8.80,CHEMBL284,Dipeptidyl peptidase 4,N[C@H]1C[C@@H](N2Cc3cn(S(=O)(=O)C4CC4)nc3C2)CO[C@@H]1c1cc(F)ccc1F
16394172,CHEMBL3645492,IC50,=,2.6,nM,8.59,CHEMBL284,Dipeptidyl peptidase 4,N[C@H]1C[C@@H](N2Cc3cnn(S(=O)(=O)C4CCCC4)c3C2)CO[C@@H]1c1cc(F)ccc1F
16394173,CHEMBL3736085,IC50,=,1.6,nM,8.80,CHEMBL284,Dipeptidyl peptidase 4,N[C@H]1C[C@@H](N2Cc3cn(S(=O)(=O)C4CCCC4)nc3C2)CO[C@@H]1c1cc(F)ccc1F
16394174,CHEMBL3735852,IC50,=,4.9,nM,8.31,CHEMBL284,Dipeptidyl peptidase 4,Cn1cnc(S(=O)(=O)n2ncc3c2CN([C@H]2CO[C@H](c4cc(F)ccc4F)[C@@H](N)C2)C3)c1
16394175,CHEMBL3736423,IC50,=,1.9,nM,8.72,CHEMBL284,Dipeptidyl peptidase 4,Cn1cnc(S(=O)(=O)n2cc3c(n2)CN([C@H]2CO[C@H](c4cc(F)ccc4F)[C@@H](N)C2)C3)c1
16394176,CHEMBL3736511,IC50,=,2.3,nM,8.64,CHEMBL284,Dipeptidyl peptidase 4,N[C@H]1C[C@@H](N2Cc3cn(S(=O)(=O)c4ccccc4)nc3C2)CO[C@@H]1c1cc(F)ccc1F
16394177,CHEMBL3736067,IC50,=,1.9,nM,8.72,CHEMBL284,Dipeptidyl peptidase 4,N[C@H]1C[C@@H](N2Cc3cn(S(=O)(=O)c4cccc(C(F)(F)F)c4)nc3C2)CO[C@@H]1c1cc(F)ccc1F
16394178,CHEMBL3736135,IC50,=,1.4,nM,8.85,CHEMBL284,Dipeptidyl peptidase 4,CCC(=O)Nc1n[nH]c2c1CN([C@H]1CO[C@H](c3cc(F)ccc3F)[C@@H](N)C1)C2
16565488,CHEMBL397070,IC50,=,90000.0,nM,4.05,CHEMBL284,Dipeptidyl peptidase 4,CC[C@@H](C)[C@H](N)C(=O)N1Cc2ccccc2C1
16565489,CHEMBL1814633,IC50,>,50000.0,nM,,CHEMBL284,Dipeptidyl peptidase 4,N[C@@H](CC(=O)N1CCN(C(c2ccc(F)cc2)c2ccc(F)cc2)CC1)C(=O)N1Cc2ccccc2C1
16565490,CHEMBL471547,IC50,=,290.0,nM,6.54,CHEMBL284,Dipeptidyl peptidase 4,CC[C@@H](C)[C@H](N)C(=O)N1C[C@@H](N=[N+]=[N-])C[C@H]1C#N
16565491,CHEMBL3797441,IC50,>,100000.0,nM,,CHEMBL284,Dipeptidyl peptidase 4,N#C[C@@H]1C[C@H](N=[N+]=[N-])CN1C(=O)[C@@H](N)CC(=O)N1CCN(C(c2ccc(F)cc2)c2ccc(F)cc2)CC1.O=C(O)C(F)(F)F.O=C(O)C(F)(F)F
16565492,CHEMBL3798441,IC50,=,2600.0,nM,5.58,CHEMBL284,Dipeptidyl peptidase 4,C[C@H]1C[C@@H](C#N)N(C(=O)[C@@H](N)CC(=O)N2CCN(C(c3ccc(F)cc3)c3ccc(F)cc3)CC2)C1.O=C(O)C(F)(F)F.O=C(O)C(F)(F)F
16565493,CHEMBL3799388,IC50,=,19400.0,nM,4.71,CHEMBL284,Dipeptidyl peptidase 4,CC1CCN(C(=O)[C@@H](N)CC(=O)N2CCN(C(c3ccc(F)cc3)c3ccc(F)cc3)CC2)C1.O=C(O)C(F)(F)F
16565494,CHEMBL3798777,IC50,=,16200.0,nM,4.79,CHEMBL284,Dipeptidyl peptidase 4,CC[C@@H](C)[C@H](N)C(=O)N1CCC(C)C1.O=C(O)C(F)(F)F
16565495,CHEMBL3797842,IC50,=,680.0,nM,6.17,CHEMBL284,Dipeptidyl peptidase 4,C=C1C[C@@H](C#N)N(C(=O)[C@@H](N)CC(=O)N2CCN(C(c3ccc(F)cc3)c3ccc(F)cc3)CC2)C1.O=C(O)C(F)(F)F.O=C(O)C(F)(F)F
16565496,CHEMBL3800113,IC50,=,34000.0,nM,4.47,CHEMBL284,Dipeptidyl peptidase 4,C=C1CCN(C(=O)[C@@H](N)CC(=O)N2CCN(C(c3ccc(F)cc3)c3ccc(F)cc3)CC2)C1.O=C(O)C(F)(F)F.O=C(O)C(F)(F)F
16565497,CHEMBL3798975,IC50,>,50000.0,nM,,CHEMBL284,Dipeptidyl peptidase 4,C=C1CCN(C(=O)[C@@H](N)[C@H](C)CC)C1.O=C(O)C(F)(F)F
16565498,CHEMBL3797358,IC50,>,100000.0,nM,,CHEMBL284,Dipeptidyl peptidase 4,CCC1CCN(C(=O)[C@@H](N)CC(=O)N2CCN(C(c3ccc(F)cc3)c3ccc(F)cc3)CC2)C1.O=C(O)C(F)(F)F.O=C(O)C(F)(F)F
16565499,CHEMBL3797398,IC50,>,100000.0,nM,,CHEMBL284,Dipeptidyl peptidase 4,CCC1CCN(C(=O)[C@@H](N)[C@H](C)CC)C1.O=C(O)C(F)(F)F
16565500,CHEMBL3798691,IC50,>,100000.0,nM,,CHEMBL284,Dipeptidyl peptidase 4,N[C@@H](CC(=O)N1CCN(C(c2ccc(F)cc2)c2ccc(F)cc2)CC1)C(=O)N1CCC(C(F)(F)F)C1
16565501,CHEMBL3800436,IC50,>,100000.0,nM,,CHEMBL284,Dipeptidyl peptidase 4,N[C@@H](CC(=O)N1CCN(C(c2ccc(F)cc2)c2ccc(F)cc2)CC1)C(=O)N1Cc2cn[nH]c2C1.O=C(O)C(F)(F)F
16565502,CHEMBL3800132,IC50,>,100000.0,nM,,CHEMBL284,Dipeptidyl peptidase 4,CC[C@@H](C)[C@H](N)C(=O)N1Cc2cn[nH]c2C1.O=C(O)C(F)(F)F
16565503,CHEMBL3798277,IC50,>,100000.0,nM,,CHEMBL284,Dipeptidyl peptidase 4,N[C@@H](CC(=O)N1CCN(C(c2ccc(F)cc2)c2ccc(F)cc2)CC1)C(=O)N1Cc2conc2C1.O=C(O)C(F)(F)F
16565504,CHEMBL3800380,IC50,=,56000.0,nM,4.25,CHEMBL284,Dipeptidyl peptidase 4,CC[C@@H](C)[C@H](N)C(=O)N1Cc2conc2C1.O=C(O)C(F)(F)F
16565505,CHEMBL3797355,IC50,>,100000.0,nM,,CHEMBL284,Dipeptidyl peptidase 4,Cc1nc2c(s1)CN(C(=O)[C@@H](N)CC(=O)N1CCN(C(c3ccc(F)cc3)c3ccc(F)cc3)CC1)C2.O=C(O)C(F)(F)F
16565506,CHEMBL3797536,IC50,>,100000.0,nM,,CHEMBL284,Dipeptidyl peptidase 4,CC[C@@H](C)[C@H](N)C(=O)N1Cc2nc(C)sc2C1.O=C(O)C(F)(F)F
16565507,CHEMBL3797299,IC50,=,790.0,nM,6.10,CHEMBL284,Dipeptidyl peptidase 4,N#C[C@@H]1[C@@H]2C[C@@H]2CN1C(=O)[C@@H](N)CC(=O)N1CCN(C(c2ccc(F)cc2)c2ccc(F)cc2)CC1.O=C(O)C(F)(F)F
16565508,CHEMBL3799074,IC50,=,4000.0,nM,5.40,CHEMBL284,Dipeptidyl peptidase 4,CC[C@@H](C)[C@H](N)C(=O)N1C[C@H]2C[C@H]2[C@H]1C#N.O=C(O)C(F)(F)F
16584366,CHEMBL3804940,IC50,=,8.6,nM,8.07,CHEMBL284,Dipeptidyl peptidase 4,Cc1ccn2nc3c(c2n1)CN([C@@H]1CO[C@H](c2cc(F)c(F)cc2F)[C@@H](N)C1)C3
16584367,CHEMBL3805696,IC50,=,289.0,nM,6.54,CHEMBL284,Dipeptidyl peptidase 4,Cc1ccnc2c3c(nn12)CN([C@@H]1CC[C@H](c2cc(F)c(F)cc2F)[C@@H](N)C1)C3
16584368,CHEMBL3805235,IC50,=,44.0,nM,7.36,CHEMBL284,Dipeptidyl peptidase 4,Cc1ccnc2c3c(nn12)CN([C@@H]1CO[C@H](c2cc(F)c(F)cc2F)[C@@H](N)C1)C3
16584392,CHEMBL3804854,IC50,=,699.0,nM,6.16,CHEMBL284,Dipeptidyl peptidase 4,Cc1ccn2nc3c(c2n1)CN([C@@H]1CC[C@H](c2cc(F)c(F)cc2F)[C@@H](N)C1)C3
16584393,CHEMBL3806164,IC50,=,1170.0,nM,5.93,CHEMBL284,Dipeptidyl peptidase 4,N[C@H]1C[C@H](N2Cc3nn4cccnc4c3C2)CC[C@@H]1c1cc(F)ccc1F
16584394,CHEMBL3806052,IC50,=,0.12,nM,9.92,CHEMBL284,Dipeptidyl peptidase 4,N[C@H]1C[C@@H](N2Cc3nn4nccnc4c3C2)CO[C@@H]1c1cc(F)ccc1F
16584395,CHEMBL3805353,IC50,=,3.5,nM,8.46,CHEMBL284,Dipeptidyl peptidase 4,N[C@H]1C[C@@H](N2Cc3nn4cncnc4c3C2)CO[C@@H]1c1cc(F)ccc1F
16584396,CHEMBL3806310,IC50,=,0.6,nM,9.22,CHEMBL284,Dipeptidyl peptidase 4,Cc1cc(O)nc2c3c(nn12)CN([C@H]1CO[C@H](c2cc(F)c(F)cc2F)[C@@H](N)C1)C3
16584397,CHEMBL3805154,IC50,=,0.5,nM,9.30,CHEMBL284,Dipeptidyl peptidase 4,Cc1cc(O)n2nc3c(c2n1)CN([C@H]1CO[C@H](c2cc(F)c(F)cc2F)[C@@H](N)C1)C3
16584398,CHEMBL3804996,IC50,=,1.9,nM,8.72,CHEMBL284,Dipeptidyl peptidase 4,Cc1cc(C(F)(F)F)nc2c3c(nn12)CN([C@H]1CC[C@H](c2cc(F)c(F)cc2F)[C@@H](N)C1)C3
16584399,CHEMBL3805937,IC50,=,1.4,nM,8.85,CHEMBL284,Dipeptidyl peptidase 4,N[C@H]1C[C@@H](N2Cc3nn4c(C(F)(F)F)ccnc4c3C2)CO[C@@H]1c1cc(F)c(F)cc1F
16584400,CHEMBL3805179,IC50,=,1.1,nM,8.96,CHEMBL284,Dipeptidyl peptidase 4,N[C@H]1C[C@@H](N2Cc3nn4c(C(F)(F)F)ccnc4c3C2)CC[C@@H]1c1cc(F)c(F)cc1F
16584401,CHEMBL3804950,IC50,=,2.9,nM,8.54,CHEMBL284,Dipeptidyl peptidase 4,Cc1ccnc2c3c(nn12)CN([C@H]1CO[C@H](c2cc(F)ccc2F)[C@@H](N)C1)C3
16584402,CHEMBL3806021,IC50,=,0.6,nM,9.22,CHEMBL284,Dipeptidyl peptidase 4,Cc1ccnc2c3c(nn12)CN([C@H]1CO[C@H](c2cc(F)c(F)cc2F)[C@@H](N)C1)C3
16584403,CHEMBL3804994,IC50,=,54.0,nM,7.27,CHEMBL284,Dipeptidyl peptidase 4,Cc1ccnc2c3c(nn12)CN([C@H]1CC[C@H](c2cc(F)c(F)cc2F)[C@@H](N)C1)C3
16584404,CHEMBL3805502,IC50,=,1.5,nM,8.82,CHEMBL284,Dipeptidyl peptidase 4,N[C@H]1C[C@@H](N2Cc3nn4ccc(C(F)(F)F)nc4c3C2)CO[C@@H]1c1cc(F)c(F)cc1F
16584405,CHEMBL3805871,IC50,=,1.1,nM,8.96,CHEMBL284,Dipeptidyl peptidase 4,N[C@H]1C[C@@H](N2Cc3nn4ccc(C(F)(F)F)nc4c3C2)CC[C@@H]1c1cc(F)c(F)cc1F
16584406,CHEMBL3805400,IC50,=,1.5,nM,8.82,CHEMBL284,Dipeptidyl peptidase 4,Cc1ccn2nc3c(c2n1)CN([C@H]1CO[C@H](c2cc(F)ccc2F)[C@@H](N)C1)C3
16584407,CHEMBL3805751,IC50,=,0.5,nM,9.30,CHEMBL284,Dipeptidyl peptidase 4,Cc1ccn2nc3c(c2n1)CN([C@H]1CO[C@H](c2cc(F)c(F)cc2F)[C@@H](N)C1)C3
16584408,CHEMBL3806239,IC50,=,155.0,nM,6.81,CHEMBL284,Dipeptidyl peptidase 4,Cc1ccn2nc3c(c2n1)CN([C@H]1CC[C@H](c2cc(F)c(F)cc2F)[C@@H](N)C1)C3
16584409,CHEMBL3806216,IC50,=,0.7,nM,9.15,CHEMBL284,Dipeptidyl peptidase 4,N[C@H]1C[C@@H](N2Cc3nn4cccnc4c3C2)CO[C@@H]1c1cc(F)ccc1F
16584410,CHEMBL3806003,IC50,=,3.7,nM,8.43,CHEMBL284,Dipeptidyl peptidase 4,N[C@H]1C[C@@H](N2Cc3nn4cccnc4c3C2)CC[C@@H]1c1cc(F)c(F)cc1F
16584411,CHEMBL3806026,IC50,=,7.3,nM,8.14,CHEMBL284,Dipeptidyl peptidase 4,N[C@H]1C[C@@H](N2Cc3nn4cccnc4c3C2)CC[C@@H]1c1cc(F)ccc1F
16584412,CHEMBL3805346,IC50,=,1.7,nM,8.77,CHEMBL284,Dipeptidyl peptidase 4,N[C@H]1C[C@@H](N2Cc3cnc4nc(C5CC5)nn4c3C2)CC[C@@H]1c1cc(F)c(F)cc1F
16584413,CHEMBL3806041,IC50,=,0.24,nM,9.62,CHEMBL284,Dipeptidyl peptidase 4,N[C@H]1C[C@@H](N2Cc3cnc4nnc(C5CC5)n4c3C2)CC[C@@H]1c1cc(F)c(F)cc1F
16584414,CHEMBL3805629,IC50,=,0.23,nM,9.64,CHEMBL284,Dipeptidyl peptidase 4,Cc1nc2ncc3c(n2n1)CN([C@H]1CC[C@H](c2cc(F)c(F)cc2F)[C@@H](N)C1)C3
16584415,CHEMBL3806023,IC50,=,0.56,nM,9.25,CHEMBL284,Dipeptidyl peptidase 4,Cc1nnc2ncc3c(n12)CN([C@H]1CC[C@H](c2cc(F)c(F)cc2F)[C@@H](N)C1)C3
16584416,CHEMBL3806029,IC50,=,0.7,nM,9.15,CHEMBL284,Dipeptidyl peptidase 4,Cc1cc2ncc3c(n2n1)CN([C@H]1CO[C@H](c2cc(F)c(F)cc2F)[C@@H](N)C1)C3
16584417,CHEMBL3805966,IC50,=,0.14,nM,9.85,CHEMBL284,Dipeptidyl peptidase 4,Cc1cc2ncc3c(n2n1)CN([C@H]1CC[C@H](c2cc(F)c(F)cc2F)[C@@H](N)C1)C3
16584418,CHEMBL3806179,IC50,=,16.0,nM,7.80,CHEMBL284,Dipeptidyl peptidase 4,Cc1cc2ncc3c(n2n1)CN([C@@H]1CC[C@H](c2cc(F)ccc2F)[C@@H](N)C1)C3
16584419,CHEMBL3805294,IC50,=,0.7,nM,9.15,CHEMBL284,Dipeptidyl peptidase 4,Cc1cc2ncc3c(n2n1)CN([C@H]1CO[C@H](c2cc(F)ccc2F)[C@@H](N)C1)C3
16584420,CHEMBL3806157,IC50,=,0.6,nM,9.22,CHEMBL284,Dipeptidyl peptidase 4,Cc1cc2ncc3c(n2n1)CN([C@H]1CC[C@H](c2cc(F)ccc2F)[C@@H](N)C1)C3
16584421,CHEMBL3804982,IC50,=,26.0,nM,7.58,CHEMBL284,Dipeptidyl peptidase 4,Cc1cc2nc3c(cn2n1)CN([C@@H]1CC[C@H](c2cc(F)ccc2F)[C@@H](N)C1)C3
16584422,CHEMBL3805226,IC50,=,1.1,nM,8.96,CHEMBL284,Dipeptidyl peptidase 4,Cc1cc2nc3c(cn2n1)CN([C@H]1CC[C@H](c2cc(F)ccc2F)[C@@H](N)C1)C3
16609224,CHEMBL3687982,IC50,=,625.0,nM,6.20,CHEMBL284,Dipeptidyl peptidase 4,CCN1C(=O)Cn2c1nc1nc(N3CCC[C@@H](N)C3)n(Cc3cc(F)ccc3F)c1c2=O
16609225,CHEMBL3687983,IC50,=,11.2,nM,7.95,CHEMBL284,Dipeptidyl peptidase 4,CCN1C(=O)Cn2c1nc1nc(N3CCC[C@@H](N)C3)n(Cc3cc(F)ccc3C(F)(F)F)c1c2=O
16609226,CHEMBL3813856,IC50,=,13.5,nM,7.87,CHEMBL284,Dipeptidyl peptidase 4,CCN1C(=O)Cn2c1nc1nc(N3CCC[C@@H](N)C3)n(Cc3cc(F)ccc3C#N)c1c2=O
16609227,CHEMBL3687979,IC50,=,156.1,nM,6.81,CHEMBL284,Dipeptidyl peptidase 4,CN1C(=O)Cn2c1nc1nc(N3CCC[C@@H](N)C3)n(Cc3cc(F)ccc3F)c1c2=O
16609228,CHEMBL3687977,IC50,=,27.4,nM,7.56,CHEMBL284,Dipeptidyl peptidase 4,CN1C(=O)Cn2c1nc1nc(N3CCC[C@@H](N)C3)n(Cc3cc(F)ccc3C(F)(F)F)c1c2=O
16609229,CHEMBL3687984,IC50,=,1.7,nM,8.77,CHEMBL284,Dipeptidyl peptidase 4,CN1C(=O)Cn2c1nc1nc(N3CCC[C@@H](N)C3)n(Cc3cc(F)ccc3C#N)c1c2=O
16609230,CHEMBL3687978,IC50,=,10.6,nM,7.97,CHEMBL284,Dipeptidyl peptidase 4,CN1C(=O)Cn2c1nc1nc(N3CCC[C@@H](N)C3)n(Cc3ccccc3C#N)c1c2=O
16609231,CHEMBL3687980,IC50,=,123.0,nM,6.91,CHEMBL284,Dipeptidyl peptidase 4,CC#CCn1c(N2CCC[C@@H](N)C2)nc2nc3n(c(=O)c21)CC(=O)N3C
16609232,CHEMBL237500,IC50,=,0.1,nM,10.00,CHEMBL284,Dipeptidyl peptidase 4,CC#CCn1c(N2CCC[C@@H](N)C2)nc2c1c(=O)n(Cc1nc(C)c3ccccc3n1)c(=O)n2C
16609233,CHEMBL376359,IC50,=,7.6,nM,8.12,CHEMBL284,Dipeptidyl peptidase 4,Cn1c(=O)cc(N2CCC[C@@H](N)C2)n(Cc2ccccc2C#N)c1=O
16763207,CHEMBL1422,IC50,=,6.24,nM,8.21,CHEMBL284,Dipeptidyl peptidase 4,N[C@@H](CC(=O)N1CCn2c(nnc2C(F)(F)F)C1)Cc1cc(F)c(F)cc1F
16763210,CHEMBL1422,Kd,=,12.7,nM,7.90,CHEMBL284,Dipeptidyl peptidase 4,N[C@@H](CC(=O)N1CCn2c(nnc2C(F)(F)F)C1)Cc1cc(F)c(F)cc1F
16763211,CHEMBL584162,IC50,=,14130.0,nM,4.85,CHEMBL284,Dipeptidyl peptidase 4,COc1cc([C@H]2Oc3ccc4ccc(=O)oc4c3O[C@@H]2CO)cc(OC)c1O
16763212,CHEMBL3952716,IC50,=,206.71,nM,6.68,CHEMBL284,Dipeptidyl peptidase 4,N[C@@H]1Cc2c(ccc3ccc(=O)oc23)O[C@H]1c1cc(F)c(F)cc1F
16763213,CHEMBL3926320,IC50,=,110.1,nM,6.96,CHEMBL284,Dipeptidyl peptidase 4,N[C@@H]1Cc2c(ccc3ccccc23)O[C@H]1c1cc(F)c(F)cc1F
16763214,CHEMBL3926320,IC50,=,110.1,nM,6.96,CHEMBL284,Dipeptidyl peptidase 4,N[C@@H]1Cc2c(ccc3ccccc23)O[C@H]1c1cc(F)c(F)cc1F
16763215,CHEMBL3928073,IC50,=,60.61,nM,7.22,CHEMBL284,Dipeptidyl peptidase 4,COc1ccc2ccc3c(c2c1)C[C@H](N)[C@@H](c1cc(F)c(F)cc1F)O3
16763216,CHEMBL3919178,IC50,=,216.2,nM,6.67,CHEMBL284,Dipeptidyl peptidase 4,N[C@@H]1Cc2c(ccc3ccc(Br)cc23)O[C@H]1c1cc(F)c(F)cc1F
16763217,CHEMBL3942715,IC50,=,205.2,nM,6.69,CHEMBL284,Dipeptidyl peptidase 4,N#Cc1ccc2ccc3c(c2c1)C[C@@H](N)[C@H](c1cc(F)c(F)cc1F)O3
16763218,CHEMBL3910262,IC50,=,14.6,nM,7.84,CHEMBL284,Dipeptidyl peptidase 4,CS(=O)(=O)c1cccc(-c2ccc3ccc4c(c3c2)C[C@@H](N)[C@H](c2cc(F)c(F)cc2F)O4)c1
16763219,CHEMBL3929146,IC50,=,49.73,nM,7.30,CHEMBL284,Dipeptidyl peptidase 4,COc1ccc2c3c(ccc2c1)O[C@@H](c1cc(F)c(F)cc1F)[C@H](N)C3
16763220,CHEMBL3892233,IC50,=,39.2,nM,7.41,CHEMBL284,Dipeptidyl peptidase 4,N[C@@H]1Cc2c(ccc3cc(Br)ccc23)O[C@H]1c1cc(F)c(F)cc1F
16763221,CHEMBL3920234,IC50,=,8.42,nM,8.07,CHEMBL284,Dipeptidyl peptidase 4,N#Cc1ccc2c3c(ccc2c1)O[C@@H](c1cc(F)c(F)cc1F)[C@H](N)C3
16763222,CHEMBL3950517,IC50,=,17.65,nM,7.75,CHEMBL284,Dipeptidyl peptidase 4,N[C@H]1Cc2c(ccc3cc(C(=O)O)ccc23)O[C@@H]1c1cc(F)c(F)cc1F
16763223,CHEMBL3890161,IC50,=,70.42,nM,7.15,CHEMBL284,Dipeptidyl peptidase 4,N[C@H]1Cc2c(ccc3cc(N4CCOCC4)ccc23)O[C@@H]1c1cc(F)c(F)cc1F
16763224,CHEMBL3959221,IC50,=,10.9,nM,7.96,CHEMBL284,Dipeptidyl peptidase 4,CS(=O)(=O)Nc1ccc2c3c(ccc2c1)O[C@H](c1cc(F)c(F)cc1F)[C@@H](N)C3
16763225,CHEMBL3932825,IC50,=,10.71,nM,7.97,CHEMBL284,Dipeptidyl peptidase 4,CS(=O)(=O)c1ccc2c3c(ccc2c1)O[C@H](c1cc(F)c(F)cc1F)[C@@H](N)C3
16763226,CHEMBL3952691,IC50,=,78.33,nM,7.11,CHEMBL284,Dipeptidyl peptidase 4,COc1ccc2ccc3c(c2c1)C[C@H](N)[C@@H](c1ccc(F)cc1F)O3
16763227,CHEMBL3981442,IC50,=,563.9,nM,6.25,CHEMBL284,Dipeptidyl peptidase 4,COc1ccc2ccc3c(c2c1)C[C@H](N)[C@@H](c1ccccc1F)O3
16763228,CHEMBL3934008,IC50,=,32.64,nM,7.49,CHEMBL284,Dipeptidyl peptidase 4,COc1ccc2ccc3c(c2c1)C[C@H](N)[C@@H](c1cc(F)ccc1F)O3
16763229,CHEMBL3892398,IC50,=,121.56,nM,6.92,CHEMBL284,Dipeptidyl peptidase 4,COc1ccc2ccc3c(c2c1)C[C@H](N)[C@@H](c1cccc(F)c1)O3
16763230,CHEMBL3972474,IC50,=,337.8,nM,6.47,CHEMBL284,Dipeptidyl peptidase 4,COc1ccc2ccc3c(c2c1)C[C@H](N)[C@@H](c1ccccc1Cl)O3
16763231,CHEMBL3928073,IC50,=,14.95,nM,7.83,CHEMBL284,Dipeptidyl peptidase 4,COc1ccc2ccc3c(c2c1)C[C@H](N)[C@@H](c1cc(F)c(F)cc1F)O3
16763232,CHEMBL3955701,IC50,=,2930.0,nM,5.53,CHEMBL284,Dipeptidyl peptidase 4,COc1ccc2ccc3c(c2c1)C[C@@H](N)[C@H](c1cc(F)c(F)cc1F)O3
16763233,CHEMBL3901191,IC50,=,19.64,nM,7.71,CHEMBL284,Dipeptidyl peptidase 4,COc1ccc2c3c(ccc2c1)O[C@H](c1cc(F)c(F)cc1F)[C@@H](N)C3
16763234,CHEMBL3929146,IC50,=,813.44,nM,6.09,CHEMBL284,Dipeptidyl peptidase 4,COc1ccc2c3c(ccc2c1)O[C@@H](c1cc(F)c(F)cc1F)[C@H](N)C3
16763235,CHEMBL3979508,IC50,=,5.17,nM,8.29,CHEMBL284,Dipeptidyl peptidase 4,N[C@H]1Cc2c(ccc3cc(Br)ccc23)O[C@@H]1c1cc(F)c(F)cc1F
16763236,CHEMBL3959221,IC50,=,8.91,nM,8.05,CHEMBL284,Dipeptidyl peptidase 4,CS(=O)(=O)Nc1ccc2c3c(ccc2c1)O[C@H](c1cc(F)c(F)cc1F)[C@@H](N)C3
16763237,CHEMBL3932825,IC50,=,5.8,nM,8.24,CHEMBL284,Dipeptidyl peptidase 4,CS(=O)(=O)c1ccc2c3c(ccc2c1)O[C@H](c1cc(F)c(F)cc1F)[C@@H](N)C3
16763238,CHEMBL3941804,IC50,=,2.06,nM,8.69,CHEMBL284,Dipeptidyl peptidase 4,COc1cc2ccc3c(c2cc1OC)C[C@H](N)[C@@H](c1cc(F)c(F)cc1F)O3
16763242,CHEMBL3941804,Kd,=,2.38,nM,8.62,CHEMBL284,Dipeptidyl peptidase 4,COc1cc2ccc3c(c2cc1OC)C[C@H](N)[C@@H](c1cc(F)c(F)cc1F)O3
16763265,CHEMBL3942843,IC50,=,6.13,nM,8.21,CHEMBL284,Dipeptidyl peptidase 4,COc1cc2c3c(ccc2cc1NS(C)(=O)=O)O[C@H](c1cc(F)c(F)cc1F)[C@@H](N)C3
16763266,CHEMBL3944427,IC50,=,1.9,nM,8.72,CHEMBL284,Dipeptidyl peptidase 4,COc1cc2c3c(ccc2cc1S(C)(=O)=O)O[C@H](c1cc(F)c(F)cc1F)[C@@H](N)C3
16763270,CHEMBL3944427,Kd,=,11.0,nM,7.96,CHEMBL284,Dipeptidyl peptidase 4,COc1cc2c3c(ccc2cc1S(C)(=O)=O)O[C@H](c1cc(F)c(F)cc1F)[C@@H](N)C3
16763284,CHEMBL2105762,IC50,=,2.22,nM,8.65,CHEMBL284,Dipeptidyl peptidase 4,CS(=O)(=O)n1cc2c(n1)CN([C@H]1CO[C@H](c3cc(F)ccc3F)[C@@H](N)C1)C2
16763287,CHEMBL2105762,Kd,=,2.75,nM,8.56,CHEMBL284,Dipeptidyl peptidase 4,CS(=O)(=O)n1cc2c(n1)CN([C@H]1CO[C@H](c3cc(F)ccc3F)[C@@H](N)C1)C2
16763291,CHEMBL3968332,IC50,=,50860.0,nM,4.29,CHEMBL284,Dipeptidyl peptidase 4,Cc1cc(=O)oc2c3c(ccc12)O[C@@H](c1cc(F)c(F)cc1F)[C@@H](N)C3
16763292,CHEMBL3929764,IC50,=,21520.0,nM,4.67,CHEMBL284,Dipeptidyl peptidase 4,Cc1cc(=O)oc2c3c(ccc12)O[C@H](c1cc(F)c(F)cc1F)[C@H](N)C3
16763293,CHEMBL3959577,IC50,=,154.67,nM,6.81,CHEMBL284,Dipeptidyl peptidase 4,Cc1cc(=O)oc2c3c(ccc12)O[C@H](c1cc(F)c(F)cc1F)[C@@H](N)C3
16763294,CHEMBL3959577,IC50,=,165.0,nM,6.78,CHEMBL284,Dipeptidyl peptidase 4,Cc1cc(=O)oc2c3c(ccc12)O[C@H](c1cc(F)c(F)cc1F)[C@@H](N)C3
16763296,CHEMBL3971196,IC50,=,13070.0,nM,4.88,CHEMBL284,Dipeptidyl peptidase 4,Cc1cc(=O)oc2c3c(ccc12)O[C@@H](c1cc(F)c(F)cc1F)[C@H](N)C3
16823197,CHEMBL3945617,IC50,=,800.0,nM,6.10,CHEMBL284,Dipeptidyl peptidase 4,CC#CCn1c(N2CCC[C@@H](N)C2)nc2c1c(=O)n(CCCN1CCC(C(=O)Nc3ccc(C#N)cc3)CC1)c(=O)n2C
16823198,CHEMBL3924059,IC50,=,770.0,nM,6.11,CHEMBL284,Dipeptidyl peptidase 4,CC#CCn1c(N2CCC[C@@H](N)C2)nc2c1c(=O)n(CCCN1CCC(C(=O)Nc3ccc(Br)cc3)CC1)c(=O)n2C
16823199,CHEMBL3896047,IC50,=,360.0,nM,6.44,CHEMBL284,Dipeptidyl peptidase 4,CC#CCn1c(N2CCC[C@@H](N)C2)nc2c1c(=O)n(CCCN1CCC(C(=O)Nc3ccc(Cl)cc3)CC1)c(=O)n2C
16823200,CHEMBL3915044,IC50,=,510.0,nM,6.29,CHEMBL284,Dipeptidyl peptidase 4,CC#CCn1c(N2CCC[C@@H](N)C2)nc2c1c(=O)n(CCCN1CCC(C(=O)Nc3ccc(F)cc3)CC1)c(=O)n2C
16823201,CHEMBL3984849,IC50,=,120.0,nM,6.92,CHEMBL284,Dipeptidyl peptidase 4,CC#CCn1c(N2CCC[C@@H](N)C2)nc2c1c(=O)n(CCCN1CCC(C(=O)Nc3ccc(OC)cc3)CC1)c(=O)n2C
16823202,CHEMBL3898220,IC50,=,300.0,nM,6.52,CHEMBL284,Dipeptidyl peptidase 4,CC#CCn1c(N2CCC[C@@H](N)C2)nc2c1c(=O)n(CCCN1CCC(C(=O)Nc3ccc(C)cc3)CC1)c(=O)n2C
16823203,CHEMBL3976778,IC50,=,220.0,nM,6.66,CHEMBL284,Dipeptidyl peptidase 4,CC#CCn1c(N2CCC[C@@H](N)C2)nc2c1c(=O)n(CCCN1CCC(C(=O)Nc3ccccc3)CC1)c(=O)n2C
16823204,CHEMBL3897118,IC50,=,260.0,nM,6.58,CHEMBL284,Dipeptidyl peptidase 4,CC#CCn1c(N2CCC[C@@H](N)C2)nc2c1c(=O)n(CCCN1CCC(C(=O)N(C)C)CC1)c(=O)n2C
16823205,CHEMBL3968249,IC50,=,280.0,nM,6.55,CHEMBL284,Dipeptidyl peptidase 4,CC#CCn1c(N2CCC[C@@H](N)C2)nc2c1c(=O)n(CCCN1CCC(C(=O)Oc3ccccc3)CC1)c(=O)n2C
16823206,CHEMBL3979866,IC50,=,360.0,nM,6.44,CHEMBL284,Dipeptidyl peptidase 4,CC#CCn1c(N2CCC[C@@H](N)C2)nc2c1c(=O)n(CCCN1CCC(C(=O)OC3CCCCC3)CC1)c(=O)n2C
16823207,CHEMBL3899590,IC50,=,890.0,nM,6.05,CHEMBL284,Dipeptidyl peptidase 4,CC#CCn1c(N2CCC[C@@H](N)C2)nc2c1c(=O)n(CCCN1CCC(C(=O)OC3CCCC3)CC1)c(=O)n2C
16823208,CHEMBL3972227,IC50,=,610.0,nM,6.21,CHEMBL284,Dipeptidyl peptidase 4,CC#CCn1c(N2CCC[C@@H](N)C2)nc2c1c(=O)n(CCCN1CCC(C(=O)OC3CCC3)CC1)c(=O)n2C
16823209,CHEMBL3933623,IC50,=,500.0,nM,6.30,CHEMBL284,Dipeptidyl peptidase 4,CC#CCn1c(N2CCC[C@@H](N)C2)nc2c1c(=O)n(CCCN1CCC(C(=O)OCCC)CC1)c(=O)n2C
16823210,CHEMBL3980269,IC50,=,140.0,nM,6.85,CHEMBL284,Dipeptidyl peptidase 4,CC#CCn1c(N2CCC[C@@H](N)C2)nc2c1c(=O)n(CCCN1CCC(C(=O)OCC)CC1)c(=O)n2C
16823211,CHEMBL3910158,IC50,=,250.0,nM,6.60,CHEMBL284,Dipeptidyl peptidase 4,CC#CCn1c(N2CCC[C@@H](N)C2)nc2c1c(=O)n(CCCN1CCC(C(=O)OC)CC1)c(=O)n2C
16823212,CHEMBL3927979,IC50,=,2600.0,nM,5.58,CHEMBL284,Dipeptidyl peptidase 4,CC#CCn1c(N2CCCNCC2)nc2c1c(=O)n(CCCN1CCC(C(=O)OC(C)C)CC1)c(=O)n2C
16823213,CHEMBL3909049,IC50,=,5400.0,nM,5.27,CHEMBL284,Dipeptidyl peptidase 4,CC#CCn1c(N2CCNCC2)nc2c1c(=O)n(CCCN1CCC(C(=O)OC(C)C)CC1)c(=O)n2C
16823214,CHEMBL1422,IC50,=,17.0,nM,7.77,CHEMBL284,Dipeptidyl peptidase 4,N[C@@H](CC(=O)N1CCn2c(nnc2C(F)(F)F)C1)Cc1cc(F)c(F)cc1F
16823215,CHEMBL3920718,IC50,=,400.0,nM,6.40,CHEMBL284,Dipeptidyl peptidase 4,CC#CCn1c(N2CCC[C@@H](N)C2)nc2c1c(=O)n(CCCCN1CCC(C(=O)OC(C)C)CC1)c(=O)n2C
16823216,CHEMBL3892718,IC50,=,140.0,nM,6.85,CHEMBL284,Dipeptidyl peptidase 4,CC#CCn1c(N2CCC[C@@H](N)C2)nc2c1c(=O)n(CCCN1CCC(C(=O)OC(C)C)CC1)c(=O)n2C
16823217,CHEMBL3929627,IC50,=,760.0,nM,6.12,CHEMBL284,Dipeptidyl peptidase 4,CC#CCn1c(N2CCC[C@@H](N)C2)nc2c1c(=O)n(CCN1CCC(C(=O)OC(C)C)CC1)c(=O)n2C
16823218,CHEMBL3901674,IC50,=,250.0,nM,6.60,CHEMBL284,Dipeptidyl peptidase 4,CC#CCn1c(N2CCC[C@@H](N)C2)nc2c1c(=O)n(CCCCC1CCN(C(=O)OC(C)C)CC1)c(=O)n2C
16823219,CHEMBL3902771,IC50,=,73.0,nM,7.14,CHEMBL284,Dipeptidyl peptidase 4,CC#CCn1c(N2CCC[C@@H](N)C2)nc2c1c(=O)n(CCCC1CCN(C(=O)OC(C)C)CC1)c(=O)n2C
16823220,CHEMBL3973741,IC50,=,950.0,nM,6.02,CHEMBL284,Dipeptidyl peptidase 4,CC#CCn1c(N2CCC[C@@H](N)C2)nc2c1c(=O)n(CCC1CCN(C(=O)OC(C)C)CC1)c(=O)n2C
16823221,CHEMBL3911786,IC50,=,5000.0,nM,5.30,CHEMBL284,Dipeptidyl peptidase 4,CC#CCn1c(N2CCC[C@@H](N)C2)nc2c1c(=O)n(CC1CCN(C(=O)OC(C)C)CC1)c(=O)n2C
17610921,CHEMBL3648425,IC50,=,25400.0,nM,4.59,CHEMBL284,Dipeptidyl peptidase 4,
17610922,CHEMBL4115755,IC50,=,19620.0,nM,4.71,CHEMBL284,Dipeptidyl peptidase 4,
17610923,CHEMBL3648424,IC50,=,12380.0,nM,4.91,CHEMBL284,Dipeptidyl peptidase 4,
17611004,CHEMBL3704833,IC50,=,1.0,nM,9.00,CHEMBL284,Dipeptidyl peptidase 4,N#CC1CCCN1C(=O)CNCC(O)COc1ccccc1
17614739,CHEMBL3645490,IC50,=,2.5,nM,8.60,CHEMBL284,Dipeptidyl peptidase 4,CS(=O)(=O)n1cc2c(n1)CN([C@H]1COC(c3cc(F)ccc3F)[C@@H](N)C1)C2
17614740,CHEMBL3645491,IC50,=,2.2,nM,8.66,CHEMBL284,Dipeptidyl peptidase 4,CS(=O)(=O)n1cc2c(n1)CN([C@H]1COC(c3cc(F)c(F)cc3F)[C@@H](N)C1)C2
17614741,CHEMBL3645496,IC50,=,1.9,nM,8.72,CHEMBL284,Dipeptidyl peptidase 4,N[C@H]1C[C@@H](N2Cc3cn(S(=O)(=O)C4CC4)nc3C2)COC1c1cc(F)c(F)cc1F
17614742,CHEMBL3645493,IC50,=,1.6,nM,8.80,CHEMBL284,Dipeptidyl peptidase 4,N[C@H]1C[C@@H](N2Cc3cn(S(=O)(=O)C4CCCC4)nc3C2)COC1c1cc(F)ccc1F
17614743,CHEMBL3645497,IC50,=,1.0,nM,9.00,CHEMBL284,Dipeptidyl peptidase 4,N[C@H]1C[C@@H](N2Cc3cn(S(=O)(=O)C4CC4)nc3C2)COC1c1cc(F)ccc1F
17614744,CHEMBL3645494,IC50,=,1.3,nM,8.89,CHEMBL284,Dipeptidyl peptidase 4,N[C@H]1C[C@@H](N2Cc3cn(S(=O)(=O)C4CCCC4)nc3C2)COC1c1cc(F)c(F)cc1F
17614745,CHEMBL3645495,IC50,=,1.6,nM,8.80,CHEMBL284,Dipeptidyl peptidase 4,N[C@H]1C[C@@H](N2Cc3cnn(S(=O)(=O)C4CC4)c3C2)COC1c1cc(F)ccc1F
17614746,CHEMBL3645492,IC50,=,2.6,nM,8.59,CHEMBL284,Dipeptidyl peptidase 4,N[C@H]1C[C@@H](N2Cc3cnn(S(=O)(=O)C4CCCC4)c3C2)CO[C@@H]1c1cc(F)ccc1F
17630250,CHEMBL3675618,IC50,=,0.38,nM,9.42,CHEMBL284,Dipeptidyl peptidase 4,CC#CCn1c(N2CCC[C@@H](N)C2)nc2c1C(=O)N(Cc1nc(C)c3ccccc3n1)C1=NCCN12
17630251,CHEMBL3675619,IC50,=,10.0,nM,8.00,CHEMBL284,Dipeptidyl peptidase 4,[C-]#[N+]c1ccc(CN2C(=O)c3c(nc(N4CCC[C@@H](N)C4)n3CC#CC)N3CCN=C23)cc1
17630252,CHEMBL3675620,IC50,=,43.0,nM,7.37,CHEMBL284,Dipeptidyl peptidase 4,Cc1nc(CN2C(=O)c3c(nc(N4CCC[C@@H](N)C4)n3Cc3cc(F)ccc3F)N3CCN=C23)nc2ccccc12
17630253,CHEMBL3675621,IC50,=,99.0,nM,7.00,CHEMBL284,Dipeptidyl peptidase 4,Cc1nc(CN2C(=O)c3c(nc(N4CCC[C@@H](N)C4)n3Cc3cc(F)ccc3C#N)N3CCCN=C23)nc2ccccc12
17630254,CHEMBL3675622,IC50,=,1.3,nM,8.89,CHEMBL284,Dipeptidyl peptidase 4,CC#CCn1c(N2CCC[C@@H](N)C2)nc2c1C(=O)N(Cc1nc(C)c3ccccc3n1)C1=NCCCN12
17630255,CHEMBL3675623,IC50,=,539.0,nM,6.27,CHEMBL284,Dipeptidyl peptidase 4,Cc1nc(CN2C(=O)c3c(nc(N4CCC[C@@H](N)C4)n3C)N3CCN=C23)nc2ccccc12
17630256,CHEMBL3675624,IC50,=,1.6,nM,8.80,CHEMBL284,Dipeptidyl peptidase 4,CC(C)=CCn1c(N2CCC[C@@H](N)C2)nc2c1C(=O)N(Cc1nc(C)c3ccccc3n1)C1=NCCN12
17630257,CHEMBL3675625,IC50,=,19.0,nM,7.72,CHEMBL284,Dipeptidyl peptidase 4,Cc1nc(CN2C(=O)c3c(nc(N4CCC[C@@H](N)C4)n3Cc3cccc(F)c3)N3CCN=C23)nc2ccccc12
17630258,CHEMBL3675626,IC50,=,32.0,nM,7.50,CHEMBL284,Dipeptidyl peptidase 4,Cc1nc(CN2C(=O)c3c(nc(N4CCC[C@@H](N)C4)n3Cc3ccccc3)N3CCN=C23)nc2ccccc12
17630259,CHEMBL3675627,IC50,=,8.0,nM,8.10,CHEMBL284,Dipeptidyl peptidase 4,Cc1nc(CN2C(=O)c3c(nc(N4CCC[C@@H](N)C4)n3CC3CC3)N3CCN=C23)nc2ccccc12
17630260,CHEMBL3675628,IC50,=,39.0,nM,7.41,CHEMBL284,Dipeptidyl peptidase 4,CC#CCn1c(N2CCC[C@@H](N)C2)nc2c1C(=O)N(Cc1ccc(OC)cc1)C1=NCCCN12
17630261,CHEMBL3675629,IC50,=,6113.0,nM,5.21,CHEMBL284,Dipeptidyl peptidase 4,CC#CCn1c(N2CCC[C@@H](N)C2)nc2c1C(=O)NC1=NCCCN12
17630262,CHEMBL3675630,IC50,=,44.0,nM,7.36,CHEMBL284,Dipeptidyl peptidase 4,CC#CCn1c(N2CCC[C@@H](N)C2)nc2c1C(=O)N(Cc1cccc3ccccc13)C1=NCCCN12
17630263,CHEMBL3675631,IC50,=,11.0,nM,7.96,CHEMBL284,Dipeptidyl peptidase 4,CC#CCn1c(N2CCC[C@@H](N)C2)nc2c1C(=O)N(Cc1nccc(C#N)n1)C1=NCCN12
17630264,CHEMBL3675632,IC50,=,9.0,nM,8.05,CHEMBL284,Dipeptidyl peptidase 4,CC#CCn1c(N2CCC[C@@H](N)C2)nc2c1C(=O)N(Cc1ccccc1C#N)C1=NCCN12
17630265,CHEMBL3675633,IC50,=,29.0,nM,7.54,CHEMBL284,Dipeptidyl peptidase 4,Cc1nc(CN2C(=O)c3c(nc(N4CCC[C@@H](N)C4)n3Cc3sccc3F)N3CCN=C23)nc2ccccc12
17630266,CHEMBL3675634,IC50,=,14.0,nM,7.85,CHEMBL284,Dipeptidyl peptidase 4,Cc1nc(CN2C(=O)c3c(nc(N4CCC[C@@H](N)C4)n3CC3CC3(F)F)N3CCN=C23)nc2ccccc12
17630267,CHEMBL3675635,IC50,=,29.0,nM,7.54,CHEMBL284,Dipeptidyl peptidase 4,Cc1nc(CN2C(=O)c3c(nc(N4CCC[C@@H](N)C4)n3CC3CCC3)N3CCN=C23)nc2ccccc12
17630268,CHEMBL3675636,IC50,=,82.0,nM,7.09,CHEMBL284,Dipeptidyl peptidase 4,Cc1nc(CN2C(=O)c3c(nc(N4CCC[C@@H](N)C4)n3Cc3ccccc3C#N)N3CCN=C23)nc2ccccc12
17630269,CHEMBL3675637,IC50,=,1.0,nM,9.00,CHEMBL284,Dipeptidyl peptidase 4,CC#CCn1c(N2CCC[C@@H](N)C2)nc2c1C(=O)N(Cc1nc(C)c3ccccc3n1)C1=N[C@@H](C)CN12
17630579,CHEMBL3680628,IC50,=,6.0,nM,8.22,CHEMBL284,Dipeptidyl peptidase 4,CC#CCn1c(N2CCCC(NC(=O)OC(C)(C)C)C2)nc2c1c(=O)n(Cc1nc(NCc3ccccc3)c3ccccc3n1)c(=O)n2C
17630580,CHEMBL3680629,IC50,=,6.0,nM,8.22,CHEMBL284,Dipeptidyl peptidase 4,CC#CCn1c(N2CCC[C@@H](NC(=O)OC(C)(C)C)C2)nc2c1c(=O)n(Cc1cc(C#N)cc3ccccc13)c(=O)n2C
17630581,CHEMBL3680630,IC50,=,9.0,nM,8.05,CHEMBL284,Dipeptidyl peptidase 4,CC#CCn1c(N2CCC[C@@H](NC(=O)OC(C)(C)C)C2)nc2c1c(=O)n(Cc1nc(-c3ccccc3)nc3ccccc13)c(=O)n2C
17630582,CHEMBL3680631,IC50,=,2.0,nM,8.70,CHEMBL284,Dipeptidyl peptidase 4,CC#CCn1c(N2CCC[C@@H](NC(=O)OC(C)(C)C)C2)nc2c1c(=O)n(Cc1cc(C#N)c3ccccc3n1)c(=O)n2C
17630583,CHEMBL3680632,IC50,=,5.0,nM,8.30,CHEMBL284,Dipeptidyl peptidase 4,CC#CCn1c(N2CCC[C@@H](NC(=O)OC(C)(C)C)C2)nc2c1c(=O)n(CC(=O)c1cccc(OC3CC3)c1)c(=O)n2C
17630584,CHEMBL3680633,IC50,=,2.0,nM,8.70,CHEMBL284,Dipeptidyl peptidase 4,CC#CCn1c(N2CCC[C@@H](NC(=O)OC(C)(C)C)C2)nc2c1c(=O)n(Cc1ccc3nc(C)c(C)nc3c1)c(=O)n2C
17630585,CHEMBL3680634,IC50,=,2.0,nM,8.70,CHEMBL284,Dipeptidyl peptidase 4,CC#CCn1c(N2CCC[C@@H](NC(=O)OC(C)(C)C)C2)nc2c1c(=O)n(CC(=O)c1ccccc1Br)c(=O)n2C
17630586,CHEMBL3680635,IC50,=,2.0,nM,8.70,CHEMBL284,Dipeptidyl peptidase 4,CC#CCn1c(N2CCC[C@@H](NC(=O)OC(C)(C)C)C2)nc2c1c(=O)n(Cc1nc3ccccc3c(C)c1C#N)c(=O)n2C
17630587,CHEMBL3680636,IC50,=,2.0,nM,8.70,CHEMBL284,Dipeptidyl peptidase 4,CC#CCn1c(N2CCC[C@@H](NC(=O)OC(C)(C)C)C2)nc2c1c(=O)n(Cc1nccc(-c3ccccc3)n1)c(=O)n2C
17630588,CHEMBL3680637,IC50,=,3.0,nM,8.52,CHEMBL284,Dipeptidyl peptidase 4,CC#CCn1c(N2CCC[C@@H](NC(=O)OC(C)(C)C)C2)nc2c1c(=O)n(CC(=O)c1ccccc1[N+](=O)[O-])c(=O)n2C
17632174,CHEMBL3694421,IC50,=,6.8,nM,8.17,CHEMBL284,Dipeptidyl peptidase 4,CS(=O)(=O)n1cc2c(n1)CN([C@H]1CNC(c3cc(F)ccc3F)[C@@H](N)C1)C2
17632175,CHEMBL3694422,IC50,=,0.7,nM,9.15,CHEMBL284,Dipeptidyl peptidase 4,N[C@H]1C[C@@H](N2Cc3cn(S(=O)(=O)C4CC4)nc3C2)CNC1c1cc(F)c(F)cc1F
17632176,CHEMBL3694423,IC50,=,4.3,nM,8.37,CHEMBL284,Dipeptidyl peptidase 4,CS(=O)(=O)n1cc2c(n1)CN([C@@H]1C[C@H](N)C(c3cc(F)ccc3F)N(CC(N)=O)C1)C2
17632177,CHEMBL3694424,IC50,=,1.0,nM,9.00,CHEMBL284,Dipeptidyl peptidase 4,N[C@H]1C[C@@H](N2Cc3cn[nH]c3C2)CN(CC(=O)N2CC[C@@H](F)C2)C1c1cc(F)ccc1F
17632178,CHEMBL3697938,IC50,=,0.9,nM,9.05,CHEMBL284,Dipeptidyl peptidase 4,CN1C[C@H](N2Cc3cn(S(C)(=O)=O)nc3C2)C[C@H](N)C1c1cc(F)c(F)cc1F
17632179,CHEMBL3697939,IC50,=,14.5,nM,7.84,CHEMBL284,Dipeptidyl peptidase 4,CS(=O)(=O)n1cc2c(n1)CN([C@@H]1C[C@H](N)C(c3cc(F)ccc3F)N(C(=O)C(F)(F)F)C1)C2
17632180,CHEMBL3697940,IC50,=,1.7,nM,8.77,CHEMBL284,Dipeptidyl peptidase 4,CS(=O)(=O)n1cc2c(n1)CN([C@@H]1C[C@H](N)C(c3cc(F)ccc3F)N(CCO)C1)C2
17632181,CHEMBL3697941,IC50,=,1.6,nM,8.80,CHEMBL284,Dipeptidyl peptidase 4,CS(=O)(=O)n1cc2c(n1)CN([C@@H]1C[C@H](N)C(c3cc(F)ccc3F)N(CC3CC3)C1)C2
17632182,CHEMBL3697942,IC50,=,0.4,nM,9.40,CHEMBL284,Dipeptidyl peptidase 4,C[C@H](F)CN1C[C@H](N2Cc3cn(S(C)(=O)=O)nc3C2)C[C@H](N)C1c1cc(F)ccc1F
17632183,CHEMBL3697943,IC50,=,25.4,nM,7.59,CHEMBL284,Dipeptidyl peptidase 4,N[C@H]1C[C@@H](N2Cc3cn[nH]c3C2)CN(CCN2CCC(F)(F)C2)C1c1cc(F)ccc1F
17632184,CHEMBL3697944,IC50,=,7.1,nM,8.15,CHEMBL284,Dipeptidyl peptidase 4,Cn1cc(CCN2C[C@H](N3Cc4cn[nH]c4C3)C[C@H](N)C2c2cc(F)ccc2F)cn1
17632185,CHEMBL3697945,IC50,=,12.9,nM,7.89,CHEMBL284,Dipeptidyl peptidase 4,N[C@H]1C[C@@H](N2Cc3cn[nH]c3C2)CN(Cc2cnccn2)C1c1cc(F)ccc1F
17632186,CHEMBL3697946,IC50,=,3.0,nM,8.52,CHEMBL284,Dipeptidyl peptidase 4,CS(=O)(=O)n1cc2c(n1)CN([C@@H]1C[C@H](N)C(c3cc(F)ccc3F)N(Cc3cncnc3)C1)C2
17632187,CHEMBL3697947,IC50,=,2.9,nM,8.54,CHEMBL284,Dipeptidyl peptidase 4,N[C@H]1C[C@@H](N2Cc3cn[nH]c3C2)CN(Cc2cn[nH]c2)C1c1cc(F)ccc1F
17632188,CHEMBL3697948,IC50,=,53.3,nM,7.27,CHEMBL284,Dipeptidyl peptidase 4,CS(=O)(=O)N1C[C@@H](N2Cc3cn(S(C)(=O)=O)nc3C2)C[C@H](N)C1c1cc(F)ccc1F
17632189,CHEMBL3697949,IC50,=,3.9,nM,8.41,CHEMBL284,Dipeptidyl peptidase 4,CS(=O)(=O)n1cc2c(n1)CN([C@H]1C[C@H](N)C(c3cc(F)ccc3F)N(Cc3cn[nH]c3)C1)C2
17632190,CHEMBL3697950,IC50,=,24.6,nM,7.61,CHEMBL284,Dipeptidyl peptidase 4,CS(=O)(=O)n1cc2c(n1)CN([C@H]1C[C@H](N)C(c3cc(F)ccc3F)N(Cc3cncc4cccnc34)C1)C2
17652370,CHEMBL3644451,IC50,=,2.3,nM,8.64,CHEMBL284,Dipeptidyl peptidase 4,N[C@H]1C[C@@H](N2Cc3c[nH]nc3C2)CSC1c1cc(F)ccc1F
17652371,CHEMBL3644452,IC50,=,3.4,nM,8.47,CHEMBL284,Dipeptidyl peptidase 4,N[C@H]1C[C@@H](N2Cc3c[nH]nc3C2)CSC1c1cc(F)cc(F)c1F
17652372,CHEMBL3644453,IC50,=,40.0,nM,7.40,CHEMBL284,Dipeptidyl peptidase 4,N[C@H]1C[C@@H](N2Cc3c[nH]nc3C2)C[S+]([O-])C1c1cc(F)cc(F)c1F
17652373,CHEMBL3644453,IC50,=,49.0,nM,7.31,CHEMBL284,Dipeptidyl peptidase 4,N[C@H]1C[C@@H](N2Cc3c[nH]nc3C2)C[S+]([O-])C1c1cc(F)cc(F)c1F
17652374,CHEMBL3644454,IC50,=,119.0,nM,6.92,CHEMBL284,Dipeptidyl peptidase 4,N[C@H]1C[C@@H](N2Cc3c[nH]nc3C2)CS(=O)(=O)C1c1cc(F)cc(F)c1F
17652375,CHEMBL3644455,IC50,=,2.6,nM,8.59,CHEMBL284,Dipeptidyl peptidase 4,CC(C)(O)Cn1cc2c(n1)CN([C@H]1CSC(c3cc(F)cc(F)c3F)[C@@H](N)C1)C2
17652376,CHEMBL3644456,IC50,=,0.5,nM,9.30,CHEMBL284,Dipeptidyl peptidase 4,CS(=O)(=O)n1cc2c(n1)CN([C@H]1CSC(c3cc(F)cc(F)c3F)[C@@H](N)C1)C2
17652377,CHEMBL3644457,IC50,=,1.6,nM,8.80,CHEMBL284,Dipeptidyl peptidase 4,CC(C)(F)Cn1cc2c(n1)CN([C@H]1CSC(c3cc(F)cc(F)c3F)[C@@H](N)C1)C2
17652378,CHEMBL3644458,IC50,=,0.6,nM,9.22,CHEMBL284,Dipeptidyl peptidase 4,CS(=O)(=O)n1cc2c(n1)CN([C@H]1CSC(c3cc(F)ccc3F)[C@@H](N)C1)C2
17652379,CHEMBL3644459,IC50,=,0.17,nM,9.77,CHEMBL284,Dipeptidyl peptidase 4,NC(=O)c1[nH]nc2c1CN([C@H]1CSC(c3cc(F)ccc3F)[C@@H](N)C1)C2
17652380,CHEMBL3644460,IC50,=,0.46,nM,9.34,CHEMBL284,Dipeptidyl peptidase 4,N#Cc1[nH]nc2c1CN([C@H]1CSC(c3cc(F)ccc3F)[C@@H](N)C1)C2
17652381,CHEMBL3644461,IC50,=,1.1,nM,8.96,CHEMBL284,Dipeptidyl peptidase 4,N[C@H]1C[C@@H](N2Cc3nc(C(F)(F)F)[nH]c3C2)CSC1c1cc(F)ccc1F
17652382,CHEMBL3639433,IC50,=,0.7,nM,9.15,CHEMBL284,Dipeptidyl peptidase 4,N[C@H]1C[C@@H](N2Cc3cnc(C(F)(F)F)nc3C2)CSC1c1cc(F)ccc1F
17652383,CHEMBL3644462,IC50,=,0.7,nM,9.15,CHEMBL284,Dipeptidyl peptidase 4,N[C@H]1C[C@@H](N2Cc3nc(-c4ccccc4)[nH]c3C2)CSC1c1cc(F)ccc1F
17652384,CHEMBL3644463,IC50,=,1.7,nM,8.77,CHEMBL284,Dipeptidyl peptidase 4,NC(=O)Cn1cc2c(n1)CN([C@H]1CSC(c3cc(F)cc(F)c3F)[C@@H](N)C1)C2
17652385,CHEMBL3644464,IC50,=,1.5,nM,8.82,CHEMBL284,Dipeptidyl peptidase 4,Cc1nc2c([nH]1)CN([C@H]1CSC(c3cc(F)ccc3F)[C@@H](N)C1)C2
17652386,CHEMBL3644465,IC50,=,8.1,nM,8.09,CHEMBL284,Dipeptidyl peptidase 4,Cc1nc2c(o1)CN([C@H]1CSC(c3cc(F)ccc3F)[C@@H](N)C1)C2
17657787,CHEMBL3650433,IC50,=,5.7,nM,8.24,CHEMBL284,Dipeptidyl peptidase 4,Cn1c2nccc-2c(N2CCC[C@@H](N)C2)n(Cc2cc(F)ccc2C#N)c1=O
17657788,CHEMBL3650440,IC50,=,34.0,nM,7.47,CHEMBL284,Dipeptidyl peptidase 4,Cn1c2nccc-2c(N2CCC[C@@H](N)C2)n(Cc2ccccc2C#N)c1=O
17657789,CHEMBL3650435,IC50,=,1343.0,nM,5.87,CHEMBL284,Dipeptidyl peptidase 4,Cn1c2nccc-2c(N2CCC[C@@H](N)C2)n(Cc2cc(F)ccc2F)c1=O
17657790,CHEMBL3650436,IC50,=,1590.0,nM,5.80,CHEMBL284,Dipeptidyl peptidase 4,Cn1c2nccc-2c(N2CCC[C@@H](N)C2)n(Cc2cccc(F)c2)c1=O
17657791,CHEMBL3650439,IC50,=,5.6,nM,8.25,CHEMBL284,Dipeptidyl peptidase 4,Cn1c2nc(Cl)cc-2c(N2CCC[C@@H](N)C2)n(Cc2cc(F)ccc2C#N)c1=O
17657792,CHEMBL3650434,IC50,=,106.0,nM,6.97,CHEMBL284,Dipeptidyl peptidase 4,Cn1c2ncnc-2c(N2CCC[C@@H](N)C2)n(Cc2ccccc2C#N)c1=O
17657793,CHEMBL3650437,IC50,=,14.0,nM,7.85,CHEMBL284,Dipeptidyl peptidase 4,Cn1c2nc(C#N)cc-2c(N2CCC[C@@H](N)C2)n(Cc2cc(F)ccc2C#N)c1=O
17657794,CHEMBL3650438,IC50,=,104.0,nM,6.98,CHEMBL284,Dipeptidyl peptidase 4,Cc1nc(Cn2c3nccc-3c(N3CCCC(N)C3)n(Cc3cc(F)ccc3C#N)c2=O)nc2ccccc12
17660153,CHEMBL63860,IC50,=,0.26,nM,9.59,CHEMBL284,Dipeptidyl peptidase 4,C[C@H](N)C(=O)N1CCC[C@H]1B(O)O
17660154,CHEMBL3686733,IC50,=,0.35,nM,9.46,CHEMBL284,Dipeptidyl peptidase 4,C[C@H](N)C(=S)N1CCC[C@H]1B(O)O
17660155,CHEMBL365322,IC50,=,3.5,nM,8.46,CHEMBL284,Dipeptidyl peptidase 4,CC(C)[C@H](N)C(=O)N[C@@H](C)B(O)O
17660156,CHEMBL3686734,IC50,=,73.0,nM,7.14,CHEMBL284,Dipeptidyl peptidase 4,CC(C)[C@H](N)C(=S)N[C@@H](C)B(O)O
17660157,CHEMBL3639856,IC50,=,63.0,nM,7.20,CHEMBL284,Dipeptidyl peptidase 4,C[C@H](NC(=O)[C@H](C)N)B(O)O
17660158,CHEMBL3686735,IC50,=,6500.0,nM,5.19,CHEMBL284,Dipeptidyl peptidase 4,C[C@H](NC(=S)[C@H](C)N)B(O)O
17660159,CHEMBL67279,IC50,=,1.7,nM,8.77,CHEMBL284,Dipeptidyl peptidase 4,CC(C)[C@H](N)C(=O)N1CCC[C@H]1B(O)O
17660160,CHEMBL3686736,IC50,=,44.0,nM,7.36,CHEMBL284,Dipeptidyl peptidase 4,CC(C)[C@H](N)C(=S)N1CCC[C@H]1B(O)O
17660161,CHEMBL3686737,IC50,=,1.0,nM,9.00,CHEMBL284,Dipeptidyl peptidase 4,N[C@H](C(=O)N1CCC[C@H]1B(O)O)C1CCCCC1
17660162,CHEMBL3686737,IC50,=,4.0,nM,8.40,CHEMBL284,Dipeptidyl peptidase 4,N[C@H](C(=O)N1CCC[C@H]1B(O)O)C1CCCCC1
17660163,CHEMBL67089,IC50,=,1.0,nM,9.00,CHEMBL284,Dipeptidyl peptidase 4,NCC(=O)N1CCC[C@H]1B(O)O
17660164,CHEMBL3686738,IC50,=,3.0,nM,8.52,CHEMBL284,Dipeptidyl peptidase 4,NCC(=S)N1CCC[C@H]1B(O)O
17660165,CHEMBL3686739,IC50,=,42.0,nM,7.38,CHEMBL284,Dipeptidyl peptidase 4,O=C(CNC12CC3CC(CC(O)(C3)C1)C2)N1CCC[C@H]1B(O)O
17660166,CHEMBL3686740,IC50,=,160.0,nM,6.80,CHEMBL284,Dipeptidyl peptidase 4,OB(O)[C@@H]1CCCN1C(=S)CNC12CC3CC(CC(O)(C3)C1)C2
17660167,CHEMBL3686741,IC50,=,9.5,nM,8.02,CHEMBL284,Dipeptidyl peptidase 4,O=C(CNCc1ccccc1)N1CCC[C@H]1B(O)O
17660168,CHEMBL3686742,IC50,=,24.0,nM,7.62,CHEMBL284,Dipeptidyl peptidase 4,OB(O)[C@@H]1CCCN1C(=S)CNCc1ccccc1
17660169,CHEMBL3686752,IC50,=,200.0,nM,6.70,CHEMBL284,Dipeptidyl peptidase 4,N[C@@H](CC(=O)O)C(=O)N1CCC[C@H]1B(O)O
17660170,CHEMBL3686743,IC50,=,17.0,nM,7.77,CHEMBL284,Dipeptidyl peptidase 4,N[C@@H](CC(=O)O)C(=S)N1CCC[C@H]1B(O)O
17660171,CHEMBL494497,IC50,=,6.0,nM,8.22,CHEMBL284,Dipeptidyl peptidase 4,N[C@@H](CCC(=O)O)C(=O)N1CCC[C@H]1B(O)O
17660172,CHEMBL3686744,IC50,=,4.6,nM,8.34,CHEMBL284,Dipeptidyl peptidase 4,N[C@@H](CCC(=O)O)C(=S)N1CCC[C@H]1B(O)O
17660173,CHEMBL3686745,IC50,=,4.5,nM,8.35,CHEMBL284,Dipeptidyl peptidase 4,CCC[C@H](N)C(=O)N1CCC[C@H]1B(O)O
17660174,CHEMBL3686746,IC50,=,1.6,nM,8.80,CHEMBL284,Dipeptidyl peptidase 4,CCC[C@H](N)C(=S)N1CCC[C@H]1B(O)O
17660175,CHEMBL3686747,IC50,=,2.0,nM,8.70,CHEMBL284,Dipeptidyl peptidase 4,N[C@@H](Cc1c[nH]c2ccccc12)C(=O)N1CCC[C@H]1B(O)O
17660176,CHEMBL3686748,IC50,=,1.6,nM,8.80,CHEMBL284,Dipeptidyl peptidase 4,N[C@@H](Cc1c[nH]c2ccccc12)C(=S)N1CCC[C@H]1B(O)O
17660177,CHEMBL3686749,IC50,=,1.8,nM,8.74,CHEMBL284,Dipeptidyl peptidase 4,N=C(N)NCCC[C@H](N)C(=O)N1CCC[C@H]1B(O)O
17660178,CHEMBL3686750,IC50,=,1.2,nM,8.92,CHEMBL284,Dipeptidyl peptidase 4,N=C(N)NCCC[C@H](N)C(=S)N1CCC[C@H]1B(O)O
17660179,CHEMBL63895,IC50,=,1.1,nM,8.96,CHEMBL284,Dipeptidyl peptidase 4,O=C([C@@H]1CCCN1)N1CCC[C@H]1B(O)O
17660180,CHEMBL3686751,IC50,=,6.4,nM,8.19,CHEMBL284,Dipeptidyl peptidase 4,OB(O)[C@@H]1CCCN1C(=S)[C@@H]1CCCN1
17660181,CHEMBL63860,IC50,=,1400.0,nM,5.85,CHEMBL284,Dipeptidyl peptidase 4,C[C@H](N)C(=O)N1CCC[C@H]1B(O)O
17660182,CHEMBL3686733,IC50,=,20000.0,nM,4.70,CHEMBL284,Dipeptidyl peptidase 4,C[C@H](N)C(=S)N1CCC[C@H]1B(O)O
17660183,CHEMBL365322,IC50,=,9.0,nM,8.05,CHEMBL284,Dipeptidyl peptidase 4,CC(C)[C@H](N)C(=O)N[C@@H](C)B(O)O
17660184,CHEMBL3686734,IC50,=,220.0,nM,6.66,CHEMBL284,Dipeptidyl peptidase 4,CC(C)[C@H](N)C(=S)N[C@@H](C)B(O)O
17660185,CHEMBL3639856,IC50,=,440.0,nM,6.36,CHEMBL284,Dipeptidyl peptidase 4,C[C@H](NC(=O)[C@H](C)N)B(O)O
17660186,CHEMBL3686735,IC50,=,7700.0,nM,5.11,CHEMBL284,Dipeptidyl peptidase 4,C[C@H](NC(=S)[C@H](C)N)B(O)O
17660187,CHEMBL67279,IC50,=,1200.0,nM,5.92,CHEMBL284,Dipeptidyl peptidase 4,CC(C)[C@H](N)C(=O)N1CCC[C@H]1B(O)O
17660188,CHEMBL3686736,IC50,=,5900.0,nM,5.23,CHEMBL284,Dipeptidyl peptidase 4,CC(C)[C@H](N)C(=S)N1CCC[C@H]1B(O)O
17660189,CHEMBL3686737,IC50,=,380.0,nM,6.42,CHEMBL284,Dipeptidyl peptidase 4,N[C@H](C(=O)N1CCC[C@H]1B(O)O)C1CCCCC1
17660190,CHEMBL3686737,IC50,=,9000.0,nM,5.05,CHEMBL284,Dipeptidyl peptidase 4,N[C@H](C(=O)N1CCC[C@H]1B(O)O)C1CCCCC1
17660191,CHEMBL67089,IC50,=,7000.0,nM,5.16,CHEMBL284,Dipeptidyl peptidase 4,NCC(=O)N1CCC[C@H]1B(O)O
17660192,CHEMBL3686738,IC50,=,1900.0,nM,5.72,CHEMBL284,Dipeptidyl peptidase 4,NCC(=S)N1CCC[C@H]1B(O)O
17660193,CHEMBL3686739,IC50,=,72.0,nM,7.14,CHEMBL284,Dipeptidyl peptidase 4,O=C(CNC12CC3CC(CC(O)(C3)C1)C2)N1CCC[C@H]1B(O)O
17660194,CHEMBL3686740,IC50,=,40000.0,nM,4.40,CHEMBL284,Dipeptidyl peptidase 4,OB(O)[C@@H]1CCCN1C(=S)CNC12CC3CC(CC(O)(C3)C1)C2
17660195,CHEMBL3686741,IC50,=,69000.0,nM,4.16,CHEMBL284,Dipeptidyl peptidase 4,O=C(CNCc1ccccc1)N1CCC[C@H]1B(O)O
17660196,CHEMBL3686742,IC50,=,170.0,nM,6.77,CHEMBL284,Dipeptidyl peptidase 4,OB(O)[C@@H]1CCCN1C(=S)CNCc1ccccc1
17660197,CHEMBL63860,IC50,=,35000.0,nM,4.46,CHEMBL284,Dipeptidyl peptidase 4,C[C@H](N)C(=O)N1CCC[C@H]1B(O)O
17660198,CHEMBL3686743,IC50,=,28000.0,nM,4.55,CHEMBL284,Dipeptidyl peptidase 4,N[C@@H](CC(=O)O)C(=S)N1CCC[C@H]1B(O)O
17660199,CHEMBL494497,IC50,=,3000.0,nM,5.52,CHEMBL284,Dipeptidyl peptidase 4,N[C@@H](CCC(=O)O)C(=O)N1CCC[C@H]1B(O)O
17660200,CHEMBL3686744,IC50,=,890.0,nM,6.05,CHEMBL284,Dipeptidyl peptidase 4,N[C@@H](CCC(=O)O)C(=S)N1CCC[C@H]1B(O)O
17660201,CHEMBL3686745,IC50,=,7400.0,nM,5.13,CHEMBL284,Dipeptidyl peptidase 4,CCC[C@H](N)C(=O)N1CCC[C@H]1B(O)O
17660202,CHEMBL3686746,IC50,=,19000.0,nM,4.72,CHEMBL284,Dipeptidyl peptidase 4,CCC[C@H](N)C(=S)N1CCC[C@H]1B(O)O
17660203,CHEMBL3686747,IC50,=,3000.0,nM,5.52,CHEMBL284,Dipeptidyl peptidase 4,N[C@@H](Cc1c[nH]c2ccccc12)C(=O)N1CCC[C@H]1B(O)O
17660204,CHEMBL3686748,IC50,=,700.0,nM,6.16,CHEMBL284,Dipeptidyl peptidase 4,N[C@@H](Cc1c[nH]c2ccccc12)C(=S)N1CCC[C@H]1B(O)O
17660205,CHEMBL3686749,IC50,=,7100.0,nM,5.15,CHEMBL284,Dipeptidyl peptidase 4,N=C(N)NCCC[C@H](N)C(=O)N1CCC[C@H]1B(O)O
17660206,CHEMBL63895,IC50,=,23000.0,nM,4.64,CHEMBL284,Dipeptidyl peptidase 4,O=C([C@@H]1CCCN1)N1CCC[C@H]1B(O)O
17660207,CHEMBL3686751,IC50,=,7000.0,nM,5.16,CHEMBL284,Dipeptidyl peptidase 4,OB(O)[C@@H]1CCCN1C(=S)[C@@H]1CCCN1
17672029,CHEMBL3654418,IC50,=,2.3,nM,8.64,CHEMBL284,Dipeptidyl peptidase 4,CS(=O)(=O)n1cc2c(n1)CN([C@H]1CCO[C@H](c3cc(F)ccc3F)[C@@H](N)C1)C2
17672030,CHEMBL3654419,IC50,=,2.2,nM,8.66,CHEMBL284,Dipeptidyl peptidase 4,N[C@H]1C[C@@H](N2Cc3cnn(-c4ncccn4)c3C2)CCO[C@@H]1c1cc(F)ccc1F
17672031,CHEMBL3654420,IC50,=,3.0,nM,8.52,CHEMBL284,Dipeptidyl peptidase 4,N[C@H]1C[C@@H](N2Cc3cnn(-c4ccccc4)c3C2)CCO[C@@H]1c1cc(F)ccc1F
17672032,CHEMBL3654421,IC50,=,8.5,nM,8.07,CHEMBL284,Dipeptidyl peptidase 4,N#Cc1n[nH]c2c1CN([C@H]1CCO[C@H](c3cc(F)ccc3F)[C@@H](N)C1)C2
17672033,CHEMBL3654422,IC50,=,2.6,nM,8.59,CHEMBL284,Dipeptidyl peptidase 4,NC(=O)c1n[nH]c2c1CN([C@H]1CCO[C@H](c3cc(F)ccc3F)[C@@H](N)C1)C2
17672034,CHEMBL3654423,IC50,=,5.8,nM,8.24,CHEMBL284,Dipeptidyl peptidase 4,N[C@H]1C[C@@H](N2Cc3cn(S(=O)(=O)C4CC4)nc3C2)CCO[C@@H]1c1cc(F)ccc1F
17672035,CHEMBL3654424,IC50,=,0.5,nM,9.30,CHEMBL284,Dipeptidyl peptidase 4,Cc1c2c(nn1S(=O)(=O)C1(C)CC1)CN([C@H]1CCO[C@H](c3cc(F)ccc3F)[C@@H](N)C1)C2
17672036,CHEMBL3654425,IC50,=,4.0,nM,8.40,CHEMBL284,Dipeptidyl peptidase 4,CC1(S(=O)(=O)n2cc3c(n2)CN([C@H]2CCO[C@H](c4cc(F)c(F)cc4F)[C@@H](N)C2)C3)CC1
17672037,CHEMBL3654426,IC50,=,4.1,nM,8.39,CHEMBL284,Dipeptidyl peptidase 4,N[C@H]1C[C@@H](N2Cc3cnc(C4CC4)nc3C2)CCO[C@@H]1c1cc(F)ccc1F
17672038,CHEMBL3654427,IC50,=,14.3,nM,7.84,CHEMBL284,Dipeptidyl peptidase 4,CS(=O)(=O)n1cc2c(n1)CN([C@H]1CCS[C@H](c3cc(F)ccc3F)[C@@H](N)C1)C2
17672039,CHEMBL3654428,IC50,=,21.1,nM,7.68,CHEMBL284,Dipeptidyl peptidase 4,CC(C)(O)Cn1cc2c(n1)CN([C@H]1CCO[C@H](c3cc(F)ccc3F)[C@@H](N)C1)C2
17672040,CHEMBL3654429,IC50,=,5.9,nM,8.23,CHEMBL284,Dipeptidyl peptidase 4,N[C@H]1C[C@@H](N2Cc3cnn(-c4ccc(C(F)(F)F)cn4)c3C2)CCO[C@@H]1c1cc(F)ccc1F
17672041,CHEMBL3654430,IC50,=,8.1,nM,8.09,CHEMBL284,Dipeptidyl peptidase 4,CC1(S(=O)(=O)n2cc3c(n2)CN([C@H]2CCO[C@H](c4cc(F)ccc4F)[C@@H](N)C2)C3)CC1
17672042,CHEMBL3654425,IC50,=,12.6,nM,7.90,CHEMBL284,Dipeptidyl peptidase 4,CC1(S(=O)(=O)n2cc3c(n2)CN([C@H]2CCO[C@H](c4cc(F)c(F)cc4F)[C@@H](N)C2)C3)CC1
17686211,CHEMBL3687984,IC50,=,1.7,nM,8.77,CHEMBL284,Dipeptidyl peptidase 4,CN1C(=O)Cn2c1nc1nc(N3CCC[C@@H](N)C3)n(Cc3cc(F)ccc3C#N)c1c2=O
17686212,CHEMBL3687978,IC50,=,10.6,nM,7.97,CHEMBL284,Dipeptidyl peptidase 4,CN1C(=O)Cn2c1nc1nc(N3CCC[C@@H](N)C3)n(Cc3ccccc3C#N)c1c2=O
17686213,CHEMBL3687979,IC50,=,156.0,nM,6.81,CHEMBL284,Dipeptidyl peptidase 4,CN1C(=O)Cn2c1nc1nc(N3CCC[C@@H](N)C3)n(Cc3cc(F)ccc3F)c1c2=O
17686214,CHEMBL3687977,IC50,=,27.4,nM,7.56,CHEMBL284,Dipeptidyl peptidase 4,CN1C(=O)Cn2c1nc1nc(N3CCC[C@@H](N)C3)n(Cc3cc(F)ccc3C(F)(F)F)c1c2=O
17686215,CHEMBL3687980,IC50,=,123.0,nM,6.91,CHEMBL284,Dipeptidyl peptidase 4,CC#CCn1c(N2CCC[C@@H](N)C2)nc2nc3n(c(=O)c21)CC(=O)N3C
17686216,CHEMBL3687981,IC50,=,13.5,nM,7.87,CHEMBL284,Dipeptidyl peptidase 4,CCN1C(=O)Cn2c1nc1nc(N3CCC[C@@H](NC(=O)OC(C)(C)C)C3)n(Cc3cc(F)ccc3C#N)c1c2=O
17686217,CHEMBL3687982,IC50,=,625.0,nM,6.20,CHEMBL284,Dipeptidyl peptidase 4,CCN1C(=O)Cn2c1nc1nc(N3CCC[C@@H](N)C3)n(Cc3cc(F)ccc3F)c1c2=O
17686218,CHEMBL3687983,IC50,=,11.2,nM,7.95,CHEMBL284,Dipeptidyl peptidase 4,CCN1C(=O)Cn2c1nc1nc(N3CCC[C@@H](N)C3)n(Cc3cc(F)ccc3C(F)(F)F)c1c2=O
17701079,CHEMBL507254,IC50,=,46.0,nM,7.34,CHEMBL284,Dipeptidyl peptidase 4,N#CC1CCCN1C(=O)C(N)C1CCCCC1
17701080,CHEMBL16709,IC50,=,548.0,nM,6.26,CHEMBL284,Dipeptidyl peptidase 4,CC(C)C(N)C(=O)N1CCCC1
17701081,CHEMBL17041,IC50,=,2000.0,nM,5.70,CHEMBL284,Dipeptidyl peptidase 4,CCC(C)C(N)C(=O)N1CCCC1
17701082,CHEMBL3704834,IC50,=,12000.0,nM,4.92,CHEMBL284,Dipeptidyl peptidase 4,O=C(CNCC(O)COc1ccccc1)N1CCCC1
17701083,CHEMBL3704835,IC50,=,8500.0,nM,5.07,CHEMBL284,Dipeptidyl peptidase 4,CC(C)C(NCC(O)COc1ccccc1)C(=O)N1CCCC1
17701084,CHEMBL3704836,IC50,=,33000.0,nM,4.48,CHEMBL284,Dipeptidyl peptidase 4,CCC(C)C(NCC(O)COc1ccccc1)C(=O)N1CCCC1
17712984,CHEMBL4106669,IC50,=,18.5,nM,7.73,CHEMBL284,Dipeptidyl peptidase 4,Cc1ccc(S(=O)(=O)N=S(C)(=O)n2cc3c(n2)CN([C@H]2CO[C@H](c4cc(F)ccc4F)[C@@H](N)C2)C3)cc1
17712985,CHEMBL3931183,IC50,=,34.5,nM,7.46,CHEMBL284,Dipeptidyl peptidase 4,C[C@]1(N2Cc3c[nH]nc3C2)CO[C@H](c2cc(F)ccc2F)[C@@H](N)C1
17712986,CHEMBL3940772,IC50,=,37.0,nM,7.43,CHEMBL284,Dipeptidyl peptidase 4,C[C@]1(N2Cc3cn(S(C)(=O)=O)nc3C2)CO[C@H](c2cc(F)ccc2F)[C@@H](N)C1
17712987,CHEMBL3970322,IC50,=,8.8,nM,8.06,CHEMBL284,Dipeptidyl peptidase 4,C[C@]1(N2Cc3cn(S(=O)(=O)NC(=O)OCc4ccccc4)nc3C2)CO[C@H](c2cc(F)ccc2F)[C@@H](N)C1
17739783,CHEMBL4113723,IC50,=,0.05,nM,10.30,CHEMBL284,Dipeptidyl peptidase 4,CC#CCn1c(N2CCC[C@@H](N)C2)nc2c1c(=O)n(Cc1nc3cc(F)ccc3s1)c(=O)n2C
17739784,CHEMBL4111229,IC50,=,0.1,nM,10.00,CHEMBL284,Dipeptidyl peptidase 4,CC#CCn1c(N2CCC[C@@H](N)C2)nc2c1c(=O)n(Cc1nc3ccccc3s1)c(=O)n2C
17739785,CHEMBL4109453,IC50,=,0.2,nM,9.70,CHEMBL284,Dipeptidyl peptidase 4,CC#CCn1c(N2CCC[C@@H](N)C2)nc2c1c(=O)n(Cc1nc3cc(Cl)ccc3s1)c(=O)n2C
17739786,CHEMBL4113723,IC50,=,0.08,nM,10.10,CHEMBL284,Dipeptidyl peptidase 4,CC#CCn1c(N2CCC[C@@H](N)C2)nc2c1c(=O)n(Cc1nc3cc(F)ccc3s1)c(=O)n2C
17739787,CHEMBL4111229,IC50,=,0.15,nM,9.82,CHEMBL284,Dipeptidyl peptidase 4,CC#CCn1c(N2CCC[C@@H](N)C2)nc2c1c(=O)n(Cc1nc3ccccc3s1)c(=O)n2C
17739788,CHEMBL237500,IC50,=,1.0,nM,9.00,CHEMBL284,Dipeptidyl peptidase 4,CC#CCn1c(N2CCC[C@@H](N)C2)nc2c1c(=O)n(Cc1nc(C)c3ccccc3n1)c(=O)n2C
17749367,CHEMBL3645497,IC50,=,1.0,nM,9.00,CHEMBL284,Dipeptidyl peptidase 4,N[C@H]1C[C@@H](N2Cc3cn(S(=O)(=O)C4CC4)nc3C2)COC1c1cc(F)ccc1F
17749368,CHEMBL3645490,IC50,=,2.5,nM,8.60,CHEMBL284,Dipeptidyl peptidase 4,CS(=O)(=O)n1cc2c(n1)CN([C@H]1COC(c3cc(F)ccc3F)[C@@H](N)C1)C2
17749369,CHEMBL3645491,IC50,=,2.2,nM,8.66,CHEMBL284,Dipeptidyl peptidase 4,CS(=O)(=O)n1cc2c(n1)CN([C@H]1COC(c3cc(F)c(F)cc3F)[C@@H](N)C1)C2
17749370,CHEMBL3645496,IC50,=,1.9,nM,8.72,CHEMBL284,Dipeptidyl peptidase 4,N[C@H]1C[C@@H](N2Cc3cn(S(=O)(=O)C4CC4)nc3C2)COC1c1cc(F)c(F)cc1F
17749371,CHEMBL3645493,IC50,=,1.6,nM,8.80,CHEMBL284,Dipeptidyl peptidase 4,N[C@H]1C[C@@H](N2Cc3cn(S(=O)(=O)C4CCCC4)nc3C2)COC1c1cc(F)ccc1F
17749372,CHEMBL3645494,IC50,=,1.3,nM,8.89,CHEMBL284,Dipeptidyl peptidase 4,N[C@H]1C[C@@H](N2Cc3cn(S(=O)(=O)C4CCCC4)nc3C2)COC1c1cc(F)c(F)cc1F
17749373,CHEMBL3645495,IC50,=,1.6,nM,8.80,CHEMBL284,Dipeptidyl peptidase 4,N[C@H]1C[C@@H](N2Cc3cnn(S(=O)(=O)C4CC4)c3C2)COC1c1cc(F)ccc1F
17749374,CHEMBL3935335,IC50,=,2.6,nM,8.59,CHEMBL284,Dipeptidyl peptidase 4,N[C@H]1C[C@@H](N2Cc3cnn(S(=O)(=O)C4CCCC4)c3C2)COC1c1cc(F)c(F)cc1F
17762283,CHEMBL3924307,IC50,>,1000.0,nM,,CHEMBL284,Dipeptidyl peptidase 4,N[C@H]1CC(N2Cc3c[nH]nc3C2)c2ccccc2[C@@H]1c1cc(F)ccc1F
17762284,CHEMBL3896302,IC50,=,9.0,nM,8.05,CHEMBL284,Dipeptidyl peptidase 4,CS(=O)(=O)n1cc2c(n1)CN([C@@H]1C[C@H](N)[C@@H](c3cc(F)ccc3F)[C@H]3CC13)C2
17762285,CHEMBL3926627,IC50,=,5.4,nM,8.27,CHEMBL284,Dipeptidyl peptidase 4,CS(=O)(=O)n1cc2c(n1)CN([C@@H]1C[C@H](N)[C@@H](c3cc(F)ccc3F)[C@@H]3C[C@@H]31)C2
17763448,CHEMBL3922613,IC50,=,2160.0,nM,5.67,CHEMBL284,Dipeptidyl peptidase 4,CC(C)=CCn1c(N2CCCC(N)C2)nc2c1c(=O)n(C(C)C(=O)c1ccccc1)c(=O)n2C
17763449,CHEMBL3945052,IC50,=,264.0,nM,6.58,CHEMBL284,Dipeptidyl peptidase 4,COCCn1c(=O)c2c(nc(N3CCCC(N)C3)n2Cc2ccccc2C#N)n(C)c1=O
17763450,CHEMBL3913618,IC50,=,16.0,nM,7.80,CHEMBL284,Dipeptidyl peptidase 4,C#CCn1c(=O)n(C)c(=O)c2c1nc(N1CCCC(N)C1)n2Cc1ccccc1C#N
17763451,CHEMBL3913689,IC50,=,32.0,nM,7.50,CHEMBL284,Dipeptidyl peptidase 4,Cn1c(=O)c2c(nc(N3CCCC(N)C3)n2Cc2ccccc2C#N)n(-c2ccccc2)c1=O
17763452,CHEMBL3904065,IC50,=,12.0,nM,7.92,CHEMBL284,Dipeptidyl peptidase 4,CC(C)=CCn1c(N2CCCC(N)C2)nc2c1c(=O)n(Cc1ccc3ccccc3n1)c(=O)n2C
17763453,CHEMBL3934913,IC50,=,4.0,nM,8.40,CHEMBL284,Dipeptidyl peptidase 4,CC(C)=CCn1c(N2CCCC(N)C2)nc2c1c(=O)n(Cc1ncnc3ccccc13)c(=O)n2C
17763454,CHEMBL3942798,IC50,=,9.0,nM,8.05,CHEMBL284,Dipeptidyl peptidase 4,CC(C)=CCn1c(N2CCCC(N)C2)nc2c1c(=O)n(Cc1cc3ccccc3cn1)c(=O)n2C
17763455,CHEMBL3965610,IC50,=,5.0,nM,8.30,CHEMBL284,Dipeptidyl peptidase 4,CC(C)=CCn1c(N2CCCC(N)C2)nc2c1c(=O)n(CC(=O)c1cccc(C(=O)O)c1)c(=O)n2C
17763456,CHEMBL3897624,IC50,=,5.0,nM,8.30,CHEMBL284,Dipeptidyl peptidase 4,CNC(=O)c1cccc(C(=O)Cn2c(=O)c3c(nc(N4CCCC(N)C4)n3CC=C(C)C)n(C)c2=O)c1
17763457,CHEMBL3957746,IC50,=,6.0,nM,8.22,CHEMBL284,Dipeptidyl peptidase 4,CC(C)=CCn1c(N2CCCC(N)C2)nc2c1c(=O)n(CC(=O)c1ccccc1C(=O)N1CCOCC1)c(=O)n2C
17763458,CHEMBL3986470,IC50,=,6.0,nM,8.22,CHEMBL284,Dipeptidyl peptidase 4,CC#CCn1c(N2CCCC(N)C2)nc2c1c(=O)n(Cc1cc(=O)n(C)c3ccccc13)c(=O)n2C
17763459,CHEMBL3985360,IC50,=,9.0,nM,8.05,CHEMBL284,Dipeptidyl peptidase 4,CC#CCn1c(N2CCCC(N)C2)nc2c1c(=O)n(Cc1ccnc3ccccc13)c(=O)n2C
17763460,CHEMBL3912125,IC50,=,250.0,nM,6.60,CHEMBL284,Dipeptidyl peptidase 4,CC(C)=CCn1c(N2CCCC(N)C2)nc2c1c(=O)n(CC(=O)N1CCCCC1)c(=O)n2C
17763461,CHEMBL3974068,IC50,=,22.0,nM,7.66,CHEMBL284,Dipeptidyl peptidase 4,COc1cccc(C(=O)Cn2c(=O)c3c(nc(N4CCCC(N)C4)n3CC=C(C)C)n(C)c2=O)c1OC
17763462,CHEMBL3903110,IC50,=,1.0,nM,9.00,CHEMBL284,Dipeptidyl peptidase 4,CC#CCn1c(N2CCC[C@@H](N)C2)nc2c1c(=O)n(Cc1ncc3ccccc3n1)c(=O)n2C
17763463,CHEMBL3955534,IC50,=,2.0,nM,8.70,CHEMBL284,Dipeptidyl peptidase 4,CC#CCn1c(N2CCC[C@@H](N)C2)nc2c1c(=O)n(CC(=O)c1ccccc1OCC(=O)NCC)c(=O)n2C
17763464,CHEMBL3889902,IC50,=,2.0,nM,8.70,CHEMBL284,Dipeptidyl peptidase 4,C/C=C/Cn1c(N2CCCC(N)C2)nc2c1c(=O)n(CC(=O)c1ccccc1NC(C)=O)c(=O)n2C
17763465,CHEMBL237289,IC50,=,1.0,nM,9.00,CHEMBL284,Dipeptidyl peptidase 4,CC#CCn1c(N2CCC[C@@H](N)C2)nc2c1c(=O)n(CC(=O)c1ccccc1OCC(=O)NC)c(=O)n2C
17763466,CHEMBL3987141,IC50,=,3.0,nM,8.52,CHEMBL284,Dipeptidyl peptidase 4,C/C=C/Cn1c(N2CCCC(N)C2)nc2c1c(=O)n(CC(=O)c1ccccc1NC(=O)C(C)C)c(=O)n2C
17763467,CHEMBL3958450,IC50,=,3.0,nM,8.52,CHEMBL284,Dipeptidyl peptidase 4,C/C=C/Cn1c(N2CCC[C@@H](N)C2)nc2c1c(=O)n(CC(=O)c1ccccc1)c(=O)n2C
17763468,CHEMBL3898310,IC50,=,3.0,nM,8.52,CHEMBL284,Dipeptidyl peptidase 4,CC#CCn1c(N2CCC[C@H](N)C2)nc2c1c(=O)n(Cc1nc(C)cc3ccccc13)c(=O)n2C
17763469,CHEMBL237499,IC50,=,3.0,nM,8.52,CHEMBL284,Dipeptidyl peptidase 4,CC#CCn1c(N2CCC[C@@H](N)C2)nc2c1c(=O)n(Cc1nc(C)cc3ccccc13)c(=O)n2C
17763470,CHEMBL3966199,IC50,=,3.0,nM,8.52,CHEMBL284,Dipeptidyl peptidase 4,CC#CCn1c(N2CCC[C@H](N)C2)nc2c1c(=O)n(Cc1ncc(C)c3ccccc13)c(=O)n2C
17763471,CHEMBL3903787,IC50,=,1.0,nM,9.00,CHEMBL284,Dipeptidyl peptidase 4,CC#CCn1c(N2CCC[C@@H](N)C2)nc2c1c(=O)n(Cc1ncc(C)c3ccccc13)c(=O)n2C
17763472,CHEMBL3974699,IC50,=,3.0,nM,8.52,CHEMBL284,Dipeptidyl peptidase 4,CC#CCn1c(N2CCC[C@@H](N)C2)nc2c1c(=O)n(CC(=O)c1cccc3c1OCCO3)c(=O)n2C
17763473,CHEMBL3912809,IC50,=,13.0,nM,7.89,CHEMBL284,Dipeptidyl peptidase 4,CC#CCn1c(N2CCC[C@H](N)C2)nc2c1c(=O)n(Cc1ccc(OC)c3ccccc13)c(=O)n2C
17763474,CHEMBL3986074,IC50,=,8.0,nM,8.10,CHEMBL284,Dipeptidyl peptidase 4,CC#CCn1c(N2CCC[C@@H](N)C2)nc2c1c(=O)n(Cc1ccc(OC)c3ccccc13)c(=O)n2C
17763475,CHEMBL3979864,IC50,=,4.0,nM,8.40,CHEMBL284,Dipeptidyl peptidase 4,CC#CCn1c(N2CCC[C@@H](N)C2)nc2c1c(=O)n(CC(=O)c1cccc3c1OCO3)c(=O)n2C
17763476,CHEMBL237500,IC50,=,1.0,nM,9.00,CHEMBL284,Dipeptidyl peptidase 4,CC#CCn1c(N2CCC[C@@H](N)C2)nc2c1c(=O)n(Cc1nc(C)c3ccccc3n1)c(=O)n2C
17763477,CHEMBL3950914,IC50,=,4.0,nM,8.40,CHEMBL284,Dipeptidyl peptidase 4,C/C=C/Cn1c(N2CCC[C@H](N)C2)nc2c1c(=O)n(CC(=O)c1ccccc1NC(=O)C(C)C)c(=O)n2C
17763478,CHEMBL3965981,IC50,=,1.0,nM,9.00,CHEMBL284,Dipeptidyl peptidase 4,C/C=C/Cn1c(N2CCC[C@@H](N)C2)nc2c1c(=O)n(CC(=O)c1ccccc1OCC(=O)NC)c(=O)n2C
17763479,CHEMBL3893759,IC50,=,1.0,nM,9.00,CHEMBL284,Dipeptidyl peptidase 4,C/C=C/Cn1c(N2CCC[C@H](N)C2)nc2c1c(=O)n(CC(=O)c1ccccc1OCC(=O)NC)c(=O)n2C
17763480,CHEMBL3903674,IC50,=,3.0,nM,8.52,CHEMBL284,Dipeptidyl peptidase 4,CC#CCn1c(N2CCC[C@@H](N)C2)nc2c1c(=O)n(CC(=O)c1ccccc1NC(=O)C(C)C)c(=O)n2C
17763481,CHEMBL3926493,IC50,=,4.0,nM,8.40,CHEMBL284,Dipeptidyl peptidase 4,C/C=C/Cn1c(N2CCC[C@@H](N)C2)nc2c1c(=O)n(CC(=O)c1ccccc1NC(=O)C(C)C)c(=O)n2C
17763482,CHEMBL3981831,IC50,=,3.0,nM,8.52,CHEMBL284,Dipeptidyl peptidase 4,CC#CCn1c(N2CCC[C@@H](N)C2)nc2c1c(=O)n(Cc1ccc(C#N)c3ccccc13)c(=O)n2C
17763483,CHEMBL3953094,IC50,=,4.0,nM,8.40,CHEMBL284,Dipeptidyl peptidase 4,CC#CCn1c(N2CCC[C@@H](N)C2)nc2c1c(=O)n(Cc1nc(-c3ccccc3)c3ccccc3n1)c(=O)n2C
17763484,CHEMBL3938646,IC50,=,2.0,nM,8.70,CHEMBL284,Dipeptidyl peptidase 4,CC#CCn1c(N2CCC[C@@H](N)C2)nc2c1c(=O)n(Cc1cc(C)c3nccnc3c1)c(=O)n2C
17763485,CHEMBL3957200,IC50,=,12.0,nM,7.92,CHEMBL284,Dipeptidyl peptidase 4,CC#CCn1c(N2CCC[C@@H](N)C2)nc2c1c(=O)n(Cc1ccc(F)c3ccccc13)c(=O)n2C
17763486,CHEMBL3958670,IC50,=,8.0,nM,8.10,CHEMBL284,Dipeptidyl peptidase 4,CC#CCn1c(N2CCC[C@@H](N)C2)nc2c1c(=O)n(C/C=C/c1c(F)c(F)c(F)c(F)c1F)c(=O)n2C
17763487,CHEMBL3931178,IC50,=,13.0,nM,7.89,CHEMBL284,Dipeptidyl peptidase 4,CC#CCn1c(N2CCC[C@@H](N)C2)nc2c1c(=O)n(Cc1nc(C(F)(F)F)cc3ccccc13)c(=O)n2C
17763488,CHEMBL3917354,IC50,=,6.0,nM,8.22,CHEMBL284,Dipeptidyl peptidase 4,CC#CCn1c(N2CCC[C@@H](N)C2)nc2c1c(=O)n(Cc1nc(C(F)F)cc3ccccc13)c(=O)n2C
17763489,CHEMBL3948679,IC50,=,6.0,nM,8.22,CHEMBL284,Dipeptidyl peptidase 4,CC#CCn1c(N2CCC[C@@H](N)C2)nc2c1c(=O)n(CC(=O)c1ccccc1-c1ccccc1)c(=O)n2C
17763490,CHEMBL3911930,IC50,=,5.0,nM,8.30,CHEMBL284,Dipeptidyl peptidase 4,CC#CCn1c(N2CCC[C@@H](N)C2)nc2c1c(=O)n(Cc1nc(C)cc3ccccc13)c(=O)n2C1CC1
17763491,CHEMBL3939916,IC50,=,3.0,nM,8.52,CHEMBL284,Dipeptidyl peptidase 4,CC#CCn1c(N2CCC[C@@H](N)C2)nc2c1c(=O)n(CC(=O)c1cccc(OC)c1)c(=O)n2C
17763492,CHEMBL3938789,IC50,=,11.0,nM,7.96,CHEMBL284,Dipeptidyl peptidase 4,Cc1cc2ccccc2c(Cn2c(=O)c3c(nc(N4CCC[C@@H](N)C4)n3Cc3ccccc3Cl)n(C)c2=O)n1
17763493,CHEMBL3962719,IC50,=,14.0,nM,7.85,CHEMBL284,Dipeptidyl peptidase 4,Cc1cc2ccccc2c(Cn2c(=O)c3c(nc(N4CCC[C@@H](N)C4)n3Cc3ccccc3Br)n(C)c2=O)n1
17772826,CHEMBL2022530,IC50,>,100000.0,nM,,CHEMBL284,Dipeptidyl peptidase 4,N#C[C@@H]1CC(F)(F)CN1C(=O)CNC(=O)c1cccc2ccccc12
17772827,CHEMBL3913191,IC50,>,100000.0,nM,,CHEMBL284,Dipeptidyl peptidase 4,N#CC1CCCN1C(=O)CNC(=O)c1cccc2ccccc12
17772828,CHEMBL3937692,IC50,>,100000.0,nM,,CHEMBL284,Dipeptidyl peptidase 4,N#C[C@@H]1CCCN1C(=O)CNC(=O)c1cnc2ccccc2c1
17772829,CHEMBL3896942,IC50,>,100000.0,nM,,CHEMBL284,Dipeptidyl peptidase 4,N#CC1CCCN1C(=O)CNC(=O)c1cc2ccccc2[nH]1
17772830,CHEMBL3984057,IC50,>,100000.0,nM,,CHEMBL284,Dipeptidyl peptidase 4,N#CC1CCCN1C(=O)CNC(=O)c1c[nH]c2ccccc12
17772831,CHEMBL2385280,IC50,>,100000.0,nM,,CHEMBL284,Dipeptidyl peptidase 4,N#C[C@@H]1CCCN1C(=O)CNC(=O)c1cccc2cccnc12
17772832,CHEMBL2385277,IC50,>,100000.0,nM,,CHEMBL284,Dipeptidyl peptidase 4,N#C[C@@H]1CCCN1C(=O)CNC(=O)c1cccc2ncccc12
17772833,CHEMBL3914236,IC50,>,100000.0,nM,,CHEMBL284,Dipeptidyl peptidase 4,N#CC1CCCN1C(=O)CNC(=O)c1cncc2ccccc12
17772834,CHEMBL2385281,IC50,>,100000.0,nM,,CHEMBL284,Dipeptidyl peptidase 4,N#C[C@@H]1CCCN1C(=O)CNC(=O)c1ccnc2ccccc12
17772835,CHEMBL3920977,IC50,>,100000.0,nM,,CHEMBL284,Dipeptidyl peptidase 4,N#CC1CCCN1C(=O)CNC(=O)c1ccnc2ccccc12
17772836,CHEMBL3934376,IC50,>,100000.0,nM,,CHEMBL284,Dipeptidyl peptidase 4,N#CC1CCCN1C(=O)CNC(=O)c1cccc2cnccc12
17772837,CHEMBL3233842,IC50,>,100000.0,nM,,CHEMBL284,Dipeptidyl peptidase 4,N#C[C@@H]1CC(F)(F)CN1C(=O)CNC(=O)c1ccnc2ccccc12
17772838,CHEMBL2385281,IC50,>,100000.0,nM,,CHEMBL284,Dipeptidyl peptidase 4,N#C[C@@H]1CCCN1C(=O)CNC(=O)c1ccnc2ccccc12
17772839,CHEMBL2385293,IC50,>,100000.0,nM,,CHEMBL284,Dipeptidyl peptidase 4,Cc1cc(C(=O)NCC(=O)N2CCC[C@H]2C#N)c2ccccc2n1
17772840,CHEMBL3233554,IC50,>,100000.0,nM,,CHEMBL284,Dipeptidyl peptidase 4,N#C[C@@H]1CCCN1C(=O)CNC(=O)c1ccncc1
17772841,CHEMBL2385294,IC50,>,100000.0,nM,,CHEMBL284,Dipeptidyl peptidase 4,Cc1nc2ccccc2c(C(=O)NCC(=O)N2CCC[C@H]2C#N)c1O
17772842,CHEMBL2385270,IC50,>,100000.0,nM,,CHEMBL284,Dipeptidyl peptidase 4,N#C[C@@H]1CCCN1C(=O)CNC(=O)c1ccnc2ccc(F)cc12
17772843,CHEMBL2385301,IC50,>,100000.0,nM,,CHEMBL284,Dipeptidyl peptidase 4,N#C[C@@H]1CCCN1C(=O)CNC(=O)c1ccnc2ccc(Cl)cc12
17772844,CHEMBL2385302,IC50,>,100000.0,nM,,CHEMBL284,Dipeptidyl peptidase 4,N#C[C@@H]1CCCN1C(=O)CNC(=O)c1ccnc2ccc(OC(F)(F)F)cc12
17772845,CHEMBL2385274,IC50,>,100000.0,nM,,CHEMBL284,Dipeptidyl peptidase 4,N#C[C@@H]1CCCN1C(=O)CNC(=O)c1ccnc2c(Cl)cccc12
17772846,CHEMBL2385275,IC50,>,100000.0,nM,,CHEMBL284,Dipeptidyl peptidase 4,N#C[C@@H]1CCCN1C(=O)CNC(=O)c1ccnc2c(Br)cccc12
17772847,CHEMBL2385271,IC50,>,100000.0,nM,,CHEMBL284,Dipeptidyl peptidase 4,COc1ccc2nccc(C(=O)NCC(=O)N3CCC[C@H]3C#N)c2c1
17772848,CHEMBL2385273,IC50,>,100000.0,nM,,CHEMBL284,Dipeptidyl peptidase 4,N#C[C@@H]1CCCN1C(=O)CNC(=O)c1ccnc2cc(Br)ccc12
17772849,CHEMBL2385272,IC50,>,100000.0,nM,,CHEMBL284,Dipeptidyl peptidase 4,N#C[C@@H]1CCCN1C(=O)CNC(=O)c1ccnc2cc(Cl)ccc12
17772850,CHEMBL3233558,IC50,>,100000.0,nM,,CHEMBL284,Dipeptidyl peptidase 4,N#C[C@@H]1CCCN1C(=O)CNC(=O)c1ccnc(-c2ccccc2)c1
17772851,CHEMBL3233559,IC50,>,100000.0,nM,,CHEMBL284,Dipeptidyl peptidase 4,COc1ccc(-c2cc(C(=O)NCC(=O)N3CCC[C@H]3C#N)ccn2)cc1OC
17772852,CHEMBL3233560,IC50,>,100000.0,nM,,CHEMBL284,Dipeptidyl peptidase 4,N#Cc1ccc(-c2cc(C(=O)NCC(=O)N3CCC[C@H]3C#N)ccn2)cc1
17772853,CHEMBL3233564,IC50,>,100000.0,nM,,CHEMBL284,Dipeptidyl peptidase 4,Cn1cncc1C(=O)NCC(=O)N1CCC[C@H]1C#N
17772854,CHEMBL3233568,IC50,>,100000.0,nM,,CHEMBL284,Dipeptidyl peptidase 4,Cc1ncsc1C(=O)NCC(=O)N1CCC[C@H]1C#N
17772855,CHEMBL3233569,IC50,>,100000.0,nM,,CHEMBL284,Dipeptidyl peptidase 4,Cc1ncoc1C(=O)NCC(=O)N1CCC[C@H]1C#N
17772856,CHEMBL3233562,IC50,>,100000.0,nM,,CHEMBL284,Dipeptidyl peptidase 4,N#C[C@@H]1CCCN1C(=O)CNC(=O)C1CCNCC1
17772857,CHEMBL2385299,IC50,>,100000.0,nM,,CHEMBL284,Dipeptidyl peptidase 4,N#C[C@@H]1CCCN1C(=O)CNC(=O)c1ccnc2cccc(Cl)c12
17772858,CHEMBL2385300,IC50,>,100000.0,nM,,CHEMBL284,Dipeptidyl peptidase 4,N#C[C@@H]1CCCN1C(=O)CNC(=O)c1ccnc2cccc(Br)c12
17772859,CHEMBL3233835,IC50,>,100000.0,nM,,CHEMBL284,Dipeptidyl peptidase 4,Cc1cccc2nccc(C(=O)NCC(=O)N3CCC[C@H]3C#N)c12
17772860,CHEMBL3233843,IC50,=,19000.0,nM,4.72,CHEMBL284,Dipeptidyl peptidase 4,COc1ccc2nccc(C(=O)NCC(=O)N3CC(F)(F)C[C@H]3C#N)c2c1
17772861,CHEMBL3233838,IC50,>,100000.0,nM,,CHEMBL284,Dipeptidyl peptidase 4,N#C[C@@H]1CCCN1C(=O)CNC(=O)c1ccnc2cccc(-c3ccccc3)c12
17772862,CHEMBL3233837,IC50,>,100000.0,nM,,CHEMBL284,Dipeptidyl peptidase 4,N#C[C@@H]1CCCN1C(=O)CNC(=O)c1ccnc2cc(Nc3ccccc3)ccc12
17772863,CHEMBL3233836,IC50,>,100000.0,nM,,CHEMBL284,Dipeptidyl peptidase 4,N#C[C@@H]1CCCN1C(=O)CNC(=O)c1ccnc2cc(-c3ccccc3)ccc12
17772864,CHEMBL3900683,IC50,>,100000.0,nM,,CHEMBL284,Dipeptidyl peptidase 4,[C-]#[N+][C@@H]1CCCN1C(=O)CNC(=O)c1ccnc2cc(C)ccc12
17772865,CHEMBL3233574,IC50,>,100000.0,nM,,CHEMBL284,Dipeptidyl peptidase 4,COc1ccc(-c2nc3c(C(=O)NCC(=O)N4CCC[C@H]4C#N)ccnc3[nH]2)cc1
17772866,CHEMBL3929674,IC50,>,100000.0,nM,,CHEMBL284,Dipeptidyl peptidase 4,N#C[C@@H]1CCCN1C(=O)CNC(=O)C1=CC=NC2=NC=CC12
17772867,CHEMBL3233575,IC50,>,100000.0,nM,,CHEMBL284,Dipeptidyl peptidase 4,N#C[C@@H]1CCCN1C(=O)CNC(=O)c1ccnc2ncnn12
17772868,CHEMBL3233538,IC50,>,100000.0,nM,,CHEMBL284,Dipeptidyl peptidase 4,N#C[C@@H]1CCCN1C(=O)[C@@H](CO)NC(=O)c1ccnc2ccccc12
17772869,CHEMBL3233539,IC50,>,100000.0,nM,,CHEMBL284,Dipeptidyl peptidase 4,C[C@@H](NC(=O)c1ccnc2ccccc12)C(=O)N1CCC[C@H]1C#N
17772870,CHEMBL3233833,IC50,>,100000.0,nM,,CHEMBL284,Dipeptidyl peptidase 4,N#C[C@@H]1CCCN1C(=O)CNC(=O)c1ccnc2cnccc12
17772871,CHEMBL3233561,IC50,>,100000.0,nM,,CHEMBL284,Dipeptidyl peptidase 4,N#C[C@@H]1CCCN1C(=O)CNC(=O)Cc1ccncc1
17772872,CHEMBL3233567,IC50,>,100000.0,nM,,CHEMBL284,Dipeptidyl peptidase 4,N#C[C@@H]1CCCN1C(=O)CNC(=O)Cc1c[nH]cn1
17772873,CHEMBL3233565,IC50,>,100000.0,nM,,CHEMBL284,Dipeptidyl peptidase 4,N#C[C@@H]1CCCN1C(=O)CNC(=O)c1cnn[nH]1
17772874,CHEMBL3233566,IC50,>,100000.0,nM,,CHEMBL284,Dipeptidyl peptidase 4,N#C[C@@H]1CCCN1C(=O)CNC(=O)c1nc[nH]n1
17772875,CHEMBL2385298,IC50,>,100000.0,nM,,CHEMBL284,Dipeptidyl peptidase 4,N#C[C@@H]1CCCN1C(=O)CNC(=O)c1c(O)cnc2ccccc12
18057404,CHEMBL1650443,IC50,=,1.3,nM,8.89,CHEMBL284,Dipeptidyl peptidase 4,Cn1c(=O)cc(N2CCC[C@@H](N)C2)n(Cc2cc(F)ccc2C#N)c1=O
18057405,CHEMBL376359,IC50,=,5.3,nM,8.28,CHEMBL284,Dipeptidyl peptidase 4,Cn1c(=O)cc(N2CCC[C@@H](N)C2)n(Cc2ccccc2C#N)c1=O
18097714,CHEMBL577,IC50,>,100000.0,nM,,CHEMBL284,Dipeptidyl peptidase 4,C[C@H](N[C@@H](CCc1ccccc1)C(=O)O)C(=O)N1CCC[C@H]1C(=O)O
18097715,CHEMBL1422,IC50,=,20.0,nM,7.70,CHEMBL284,Dipeptidyl peptidase 4,N[C@@H](CC(=O)N1CCn2c(nnc2C(F)(F)F)C1)Cc1cc(F)c(F)cc1F
18097716,CHEMBL4067185,IC50,=,255.0,nM,6.59,CHEMBL284,Dipeptidyl peptidase 4,C[C@H](N[C@@H](CCc1ccccc1)C(=O)O)C(=O)N1C[C@@H](NC(=O)C[C@H](N)Cc2cc(F)c(F)cc2F)C[C@H]1C(=O)O
18097717,CHEMBL4086264,IC50,=,57.0,nM,7.24,CHEMBL284,Dipeptidyl peptidase 4,CC[C@H](N[C@@H](CCc1ccccc1)C(=O)O)C(=O)N1C[C@@H](NC(=O)C[C@H](N)Cc2cc(F)c(F)cc2F)C[C@H]1C(=O)O
18097718,CHEMBL4078112,IC50,=,67.0,nM,7.17,CHEMBL284,Dipeptidyl peptidase 4,CCC[C@H](N[C@@H](CCc1ccccc1)C(=O)O)C(=O)N1C[C@@H](NC(=O)C[C@H](N)Cc2cc(F)c(F)cc2F)C[C@H]1C(=O)O
18097719,CHEMBL4090635,IC50,=,102.0,nM,6.99,CHEMBL284,Dipeptidyl peptidase 4,CCCC[C@H](N[C@@H](CCc1ccccc1)C(=O)O)C(=O)N1C[C@@H](NC(=O)C[C@H](N)Cc2cc(F)c(F)cc2F)C[C@H]1C(=O)O
18164868,CHEMBL4081713,IC50,=,29.0,nM,7.54,CHEMBL284,Dipeptidyl peptidase 4,Cc1ccc(-c2c(CN)c(CC(C)C)nc(C)c2C(=O)OCc2ccccc2C(=O)O)cc1.Cl.Cl
18164869,CHEMBL4059789,IC50,=,80.0,nM,7.10,CHEMBL284,Dipeptidyl peptidase 4,Cc1ccc(-c2c(CN)c(CC(C)C)nc(C)c2C(=O)OC[C@H]2CC[C@H](C(=O)O)CC2)cc1.Cl.Cl
18164870,CHEMBL4071166,IC50,=,470.0,nM,6.33,CHEMBL284,Dipeptidyl peptidase 4,Cc1ccc(-c2c(CN)c(CC(C)C)nc(C)c2C(=O)OCCCC(=O)O)cc1.Cl.Cl
18164871,CHEMBL4098218,IC50,=,2.6,nM,8.59,CHEMBL284,Dipeptidyl peptidase 4,Cc1ccc(-c2c(CCc3nc(C(=O)O)cs3)c(C)nc(CC(C)C)c2CN)cc1.Cl.Cl
18164872,CHEMBL4097306,IC50,=,5.5,nM,8.26,CHEMBL284,Dipeptidyl peptidase 4,Cc1ccc(-c2c(/C=C/c3nc(C(=O)O)cs3)c(C)nc(CC(C)C)c2CN)cc1.Cl.Cl
18164873,CHEMBL1614729,IC50,=,22.0,nM,7.66,CHEMBL284,Dipeptidyl peptidase 4,Cc1ccc(-c2c(CN)c(CC(C)C)nc(C)c2C(=O)O)cc1
18164874,CHEMBL4089584,IC50,=,220.0,nM,6.66,CHEMBL284,Dipeptidyl peptidase 4,Cc1ccc(-c2c(CN)n(CC(C)C)c(=O)c3ccc(OCC(N)=O)cc23)cc1
18164875,CHEMBL4068446,IC50,=,0.38,nM,9.42,CHEMBL284,Dipeptidyl peptidase 4,Cc1ccc(-c2c(CN)c(CC(C)C)nc3ccc(-c4nc(C(=O)O)cs4)cc23)cc1.Cl.Cl
18164876,CHEMBL4085490,IC50,=,28.0,nM,7.55,CHEMBL284,Dipeptidyl peptidase 4,Cc1ccc(-c2c(CN)c(CC(C)C)nc3ccc(-c4ccc(C(=O)O)o4)cc23)cc1.Cl.Cl
18164877,CHEMBL4078049,IC50,=,6.8,nM,8.17,CHEMBL284,Dipeptidyl peptidase 4,Cc1ccc(-c2c(CN)c(CC(C)C)nc3ccc(OCCCCCC(=O)O)cc23)cc1.Cl.Cl
18164878,CHEMBL4098936,IC50,=,4.6,nM,8.34,CHEMBL284,Dipeptidyl peptidase 4,Cc1ccc(-c2c(CN)c(CC(C)C)nc3ccc(OCCCCC(=O)O)cc23)cc1.Cl.Cl
18164879,CHEMBL4071958,IC50,=,17.0,nM,7.77,CHEMBL284,Dipeptidyl peptidase 4,Cc1ccc(-c2c(CN)c(CC(C)C)nc3ccc(OCCCC(=O)O)cc23)cc1.Cl.Cl
18164880,CHEMBL4075351,IC50,=,29.0,nM,7.54,CHEMBL284,Dipeptidyl peptidase 4,Cc1ccc(-c2c(CN)c(CC(C)C)nc3ccc(OCCC(=O)O)cc23)cc1.Cl.Cl
18164881,CHEMBL4082445,IC50,=,140.0,nM,6.85,CHEMBL284,Dipeptidyl peptidase 4,Cc1ccc(-c2c(CN)c(CC(C)C)nc3ccc(OCC(=O)O)cc23)cc1.Cl.Cl
18164888,CHEMBL4064424,IC50,=,720.0,nM,6.14,CHEMBL284,Dipeptidyl peptidase 4,NCc1c(Cc2ccccc2)nc2ccc(OCC(N)=O)cc2c1-c1ccccc1
18164889,CHEMBL4085958,IC50,=,250.0,nM,6.60,CHEMBL284,Dipeptidyl peptidase 4,CC(C)(C)Cc1nc2ccc(OCC(N)=O)cc2c(-c2ccccc2)c1CN
18164890,CHEMBL1809262,IC50,=,270.0,nM,6.57,CHEMBL284,Dipeptidyl peptidase 4,CC(C)Cc1nc2ccc(OCC(N)=O)cc2c(-c2ccccc2)c1CN
18164891,CHEMBL4072939,IC50,=,540.0,nM,6.27,CHEMBL284,Dipeptidyl peptidase 4,CCCCCc1nc2ccc(OCC(N)=O)cc2c(-c2ccccc2)c1CN
18164892,CHEMBL4083433,IC50,=,620.0,nM,6.21,CHEMBL284,Dipeptidyl peptidase 4,CCCCc1nc2ccc(OCC(N)=O)cc2c(-c2ccccc2)c1CN
18164893,CHEMBL4101425,IC50,=,510.0,nM,6.29,CHEMBL284,Dipeptidyl peptidase 4,CCCc1nc2ccc(OCC(N)=O)cc2c(-c2ccccc2)c1CN
18164894,CHEMBL4092983,IC50,=,170.0,nM,6.77,CHEMBL284,Dipeptidyl peptidase 4,CC(C)Cc1nc2ccc(C(N)=O)cc2c(-c2ccccc2)c1CN
18164895,CHEMBL4072218,IC50,=,630.0,nM,6.20,CHEMBL284,Dipeptidyl peptidase 4,CC(C)Cc1nc2ccc(Br)cc2c(-c2ccccc2)c1CN
18164896,CHEMBL4105034,IC50,=,470.0,nM,6.33,CHEMBL284,Dipeptidyl peptidase 4,CC(C)Cn1c(CN)c(-c2ccccc2)c2cc(C(N)=O)cnc2c1=O.Cl.Cl
18164897,CHEMBL4087191,IC50,=,1200.0,nM,5.92,CHEMBL284,Dipeptidyl peptidase 4,CC(C)Cn1c(CN)c(-c2ccccc2)c2cc(Br)cnc2c1=O
18164898,CHEMBL1852708,IC50,=,360.0,nM,6.44,CHEMBL284,Dipeptidyl peptidase 4,CC(C)Cn1c(CN)c(-c2ccccc2)c2cc(C(N)=O)ccc2c1=O
18164899,CHEMBL4079304,IC50,=,1200.0,nM,5.92,CHEMBL284,Dipeptidyl peptidase 4,CC(C)Cn1c(CN)c(-c2ccccc2)c2cc(Br)ccc2c1=O
18164900,CHEMBL4089615,IC50,=,8.5,nM,8.07,CHEMBL284,Dipeptidyl peptidase 4,Cc1ccc(-c2c(CCc3nc(C(N)=O)cs3)c(C)nc(CC(C)C)c2CN)cc1.Cl.Cl
18164901,CHEMBL4068477,IC50,=,2.1,nM,8.68,CHEMBL284,Dipeptidyl peptidase 4,Cc1ccc(-c2c(-c3nc(C(N)=O)cs3)cnc(CC(C)C)c2CN)cc1.Cl.Cl
18164902,CHEMBL4081741,IC50,=,13.0,nM,7.89,CHEMBL284,Dipeptidyl peptidase 4,Cc1ccc(-c2c(CN)c(CC(C)C)nc3ccc(OCCCCC(N)=O)cc23)cc1
18164903,CHEMBL4059815,IC50,=,7.2,nM,8.14,CHEMBL284,Dipeptidyl peptidase 4,Cc1ccc(-c2c(COCc3ccc(C(=O)O)cc3)c(C)nc(CC(C)C)c2CN)cc1.Cl.Cl
18164904,CHEMBL4100667,IC50,=,17.0,nM,7.77,CHEMBL284,Dipeptidyl peptidase 4,Cc1ccc(-c2c(CN)c(CC(C)C)nc(C)c2C(=O)OCc2ccc(C(=O)O)cc2)cc1.Cl.Cl
18164905,CHEMBL4082680,IC50,=,87.0,nM,7.06,CHEMBL284,Dipeptidyl peptidase 4,Cc1ccc(-c2c(CN)c(CC(C)C)nc(C)c2C(=O)OCc2cccc(C(=O)O)c2)cc1.Cl.Cl
18164906,CHEMBL4096274,IC50,=,8.7,nM,8.06,CHEMBL284,Dipeptidyl peptidase 4,CC(=O)c1csc(-c2cnc(CC(C)C)c(CN)c2-c2ccc(C)cc2)n1.Cl.Cl
18245798,CHEMBL3425747,IC50,=,28.0,nM,7.55,CHEMBL284,Dipeptidyl peptidase 4,N[C@@H](CC(=O)N1CC[C@@H]2[C@@H](CCc3nnc(C(F)(F)F)n32)C1)Cc1cc(F)c(F)cc1F
18245799,CHEMBL3425748,IC50,=,145.0,nM,6.84,CHEMBL284,Dipeptidyl peptidase 4,N[C@@H](CC(=O)N1CC[C@@H]2[C@H](CCc3nnc(C(F)(F)F)n32)C1)Cc1cc(F)c(F)cc1F
18245800,CHEMBL4066703,IC50,=,70.0,nM,7.16,CHEMBL284,Dipeptidyl peptidase 4,N[C@@H](CC(=O)N1CC[C@H]2[C@H](CCc3nnc(C(F)(F)F)n32)C1)Cc1cc(F)c(F)cc1F
18245801,CHEMBL4077696,IC50,=,537.0,nM,6.27,CHEMBL284,Dipeptidyl peptidase 4,N[C@@H](CC(=O)N1CC[C@H]2[C@@H](CCc3nnc(C(F)(F)F)n32)C1)Cc1cc(F)c(F)cc1F
18245802,CHEMBL4063983,IC50,=,28.0,nM,7.55,CHEMBL284,Dipeptidyl peptidase 4,Cc1nnc2n1[C@@H]1CCN(C(=O)C[C@H](N)Cc3cc(F)c(F)cc3F)C[C@@H]1CC2.Cl
18245803,CHEMBL4085550,IC50,=,31.8,nM,7.50,CHEMBL284,Dipeptidyl peptidase 4,CC(C)c1nnc2n1[C@@H]1CCN(C(=O)C[C@H](N)Cc3cc(F)c(F)cc3F)C[C@@H]1CC2.Cl
18245804,CHEMBL4077174,IC50,=,123.3,nM,6.91,CHEMBL284,Dipeptidyl peptidase 4,Cl.N[C@@H](CC(=O)N1CC[C@@H]2[C@@H](CCc3nnc(Cc4ccccc4)n32)C1)Cc1cc(F)c(F)cc1F
18245805,CHEMBL4093298,IC50,=,139.0,nM,6.86,CHEMBL284,Dipeptidyl peptidase 4,CCOc1cccc(-c2nnc3n2[C@@H]2CCN(C(=O)C[C@H](N)Cc4cc(F)c(F)cc4F)C[C@@H]2CC3)n1.Cl
18245806,CHEMBL4062977,IC50,=,43.4,nM,7.36,CHEMBL284,Dipeptidyl peptidase 4,Cl.N[C@@H](CC(=O)N1CC[C@@H]2[C@@H](CCc3nnc(-c4ccccn4)n32)C1)Cc1cc(F)c(F)cc1F
18245807,CHEMBL4090906,IC50,=,60.0,nM,7.22,CHEMBL284,Dipeptidyl peptidase 4,Cl.N[C@@H](CC(=O)N1CC[C@@H]2[C@@H](CCc3nnc(-c4cnccn4)n32)C1)Cc1cc(F)c(F)cc1F
18245808,CHEMBL4071607,IC50,=,50.2,nM,7.30,CHEMBL284,Dipeptidyl peptidase 4,Cc1nc(-c2nnc3n2[C@@H]2CCN(C(=O)C[C@H](N)Cc4cc(F)c(F)cc4F)C[C@@H]2CC3)cs1.Cl
18245809,CHEMBL4098632,IC50,=,151.7,nM,6.82,CHEMBL284,Dipeptidyl peptidase 4,CC(C)c1nnc2n1[C@@H]1CCN(C(=O)C[C@H](N)Cc3cc(F)c(F)cc3F)C[C@H]1CC2.Cl
18245810,CHEMBL393336,IC50,=,22.0,nM,7.66,CHEMBL284,Dipeptidyl peptidase 4,N[C@@H](CC(=O)N1CCn2c(nnc2C(F)(F)F)C1)Cc1cc(F)c(F)cc1F.O=P(O)(O)O
18245811,CHEMBL3425747,IC50,=,27.54,nM,7.56,CHEMBL284,Dipeptidyl peptidase 4,N[C@@H](CC(=O)N1CC[C@@H]2[C@@H](CCc3nnc(C(F)(F)F)n32)C1)Cc1cc(F)c(F)cc1F
18245812,CHEMBL4063983,IC50,=,27.54,nM,7.56,CHEMBL284,Dipeptidyl peptidase 4,Cc1nnc2n1[C@@H]1CCN(C(=O)C[C@H](N)Cc3cc(F)c(F)cc3F)C[C@@H]1CC2.Cl
18245813,CHEMBL4085550,IC50,=,32.36,nM,7.49,CHEMBL284,Dipeptidyl peptidase 4,CC(C)c1nnc2n1[C@@H]1CCN(C(=O)C[C@H](N)Cc3cc(F)c(F)cc3F)C[C@@H]1CC2.Cl
18245814,CHEMBL393336,IC50,=,21.88,nM,7.66,CHEMBL284,Dipeptidyl peptidase 4,N[C@@H](CC(=O)N1CCn2c(nnc2C(F)(F)F)C1)Cc1cc(F)c(F)cc1F.O=P(O)(O)O
18293682,CHEMBL1422,IC50,=,37.96,nM,7.42,CHEMBL284,Dipeptidyl peptidase 4,N[C@@H](CC(=O)N1CCn2c(nnc2C(F)(F)F)C1)Cc1cc(F)c(F)cc1F
18293683,CHEMBL4128601,IC50,=,65.36,nM,7.18,CHEMBL284,Dipeptidyl peptidase 4,N#Cc1ccc(F)cc1Cn1c(N2CCC[C@@H](N)C2)cc(=O)n(Cc2cc(F)cc(F)c2)c1=O
18293684,CHEMBL4129968,IC50,=,188.7,nM,6.72,CHEMBL284,Dipeptidyl peptidase 4,Cc1cc(C)cc(Cn2c(=O)cc(N3CCC[C@@H](N)C3)n(Cc3cc(F)ccc3C#N)c2=O)c1
18293685,CHEMBL4128052,IC50,=,64.47,nM,7.19,CHEMBL284,Dipeptidyl peptidase 4,COc1ccc(Cn2c(=O)cc(N3CCC[C@@H](N)C3)n(Cc3cc(F)ccc3C#N)c2=O)cc1OC
18314051,CHEMBL383705,IC50,=,5400.0,nM,5.27,CHEMBL284,Dipeptidyl peptidase 4,CC(C)[C@H](N)C(=O)N1CCCC1
18314052,CHEMBL98408,IC50,=,1700.0,nM,5.77,CHEMBL284,Dipeptidyl peptidase 4,CC[C@H](C)[C@H](N)C(=O)N1CCSC1
18314053,CHEMBL4176189,IC50,=,22.0,nM,7.66,CHEMBL284,Dipeptidyl peptidase 4,CC(C)[C@H](N)C(=O)N1CCCC1B(O)O
18314054,CHEMBL142703,IC50,=,120.0,nM,6.92,CHEMBL284,Dipeptidyl peptidase 4,N#C[C@@H]1CCCN1C(=O)CNC12CC3CC(CC(O)(C3)C1)C2
18314055,CHEMBL1422,IC50,=,40.0,nM,7.40,CHEMBL284,Dipeptidyl peptidase 4,N[C@@H](CC(=O)N1CCn2c(nnc2C(F)(F)F)C1)Cc1cc(F)c(F)cc1F
18314056,CHEMBL98869,IC50,=,165000.0,nM,,CHEMBL284,Dipeptidyl peptidase 4,N[C@@H](CCNCc1ccc(Cl)cc1)C(=O)N1CCCCC1
18314057,CHEMBL397070,IC50,=,90000.0,nM,4.05,CHEMBL284,Dipeptidyl peptidase 4,CC[C@@H](C)[C@H](N)C(=O)N1Cc2ccccc2C1
18314058,CHEMBL237500,IC50,=,2.0,nM,8.70,CHEMBL284,Dipeptidyl peptidase 4,CC#CCn1c(N2CCC[C@@H](N)C2)nc2c1c(=O)n(Cc1nc(C)c3ccccc3n1)c(=O)n2C
18357658,CHEMBL4165788,IC50,>,100.0,nM,,CHEMBL284,Dipeptidyl peptidase 4,N#Cc1ccc(N2CCOCC2)cc1Cn1c(N2CCC[C@@H](N)C2)nc2cc[nH]c2c1=O
18357659,CHEMBL4173013,IC50,>,100.0,nM,,CHEMBL284,Dipeptidyl peptidase 4,CN(C)c1ccc(C#N)c(Cn2c(N3CCC[C@@H](N)C3)nc3cc[nH]c3c2=O)c1
18357660,CHEMBL4162340,IC50,=,2.3,nM,8.64,CHEMBL284,Dipeptidyl peptidase 4,N#Cc1ccc(F)cc1Cn1c(N2CCC[C@@H](N)C2)nc2cc[nH]c2c1=O
18357661,CHEMBL4169618,IC50,=,2.4,nM,8.62,CHEMBL284,Dipeptidyl peptidase 4,N#Cc1ccc(F)cc1Cn1c(N2CCC[C@@H](N)C2)nc2[nH]ccc2c1=O
18357662,CHEMBL4177478,IC50,=,6.8,nM,8.17,CHEMBL284,Dipeptidyl peptidase 4,N#Cc1ccc(F)cc1Cn1c(N2CCC[C@@H](N)C2)nc2scnc2c1=O
18357663,CHEMBL4174924,IC50,=,15.3,nM,7.82,CHEMBL284,Dipeptidyl peptidase 4,Cn1cnc2nc(N3CCC[C@@H](N)C3)n(Cc3cc(F)ccc3C#N)c(=O)c21
18357664,CHEMBL1650443,IC50,=,1.43,nM,8.85,CHEMBL284,Dipeptidyl peptidase 4,Cn1c(=O)cc(N2CCC[C@@H](N)C2)n(Cc2cc(F)ccc2C#N)c1=O
18357665,CHEMBL4169403,IC50,=,0.79,nM,9.10,CHEMBL284,Dipeptidyl peptidase 4,N#Cc1ccc(F)cc1Cn1c(N2CCC[C@@H](N)C2)nc2c(Br)c[nH]c2c1=O
18357666,CHEMBL4161474,IC50,=,1.67,nM,8.78,CHEMBL284,Dipeptidyl peptidase 4,N#Cc1ccc(F)cc1Cn1c(N2CCC[C@@H](N)C2)nc2c(Br)c(Br)[nH]c2c1=O
18357667,CHEMBL4172793,IC50,=,0.77,nM,9.11,CHEMBL284,Dipeptidyl peptidase 4,N#Cc1ccc(F)cc1Cn1c(N2CCC[C@@H](N)C2)nc2c(F)c[nH]c2c1=O
18357668,CHEMBL4164893,IC50,=,1.25,nM,8.90,CHEMBL284,Dipeptidyl peptidase 4,N#Cc1ccc(F)cc1Cn1c(N2CCC[C@@H](N)C2)nc2c(F)c(F)[nH]c2c1=O
18357669,CHEMBL4162532,IC50,=,18.0,nM,7.75,CHEMBL284,Dipeptidyl peptidase 4,CS(=O)(=O)n1ccc2nc(N3CCC[C@@H](N)C3)n(Cc3cc(F)ccc3C#N)c(=O)c21
18357670,CHEMBL4173215,IC50,=,26.6,nM,7.58,CHEMBL284,Dipeptidyl peptidase 4,N#Cc1ccc(F)cc1Cn1c(N2CCC[C@@H](N)C2)nc2ccn(Cc3cc(F)ccc3C#N)c2c1=O
18357671,CHEMBL4165967,IC50,=,0.76,nM,9.12,CHEMBL284,Dipeptidyl peptidase 4,N#Cc1ccc(F)cc1Cn1c(N2CCC[C@@H](N)C2)nc2c(-c3ccsc3)c[nH]c2c1=O
18357672,CHEMBL4176578,IC50,=,0.54,nM,9.27,CHEMBL284,Dipeptidyl peptidase 4,N#Cc1ccc(F)cc1Cn1c(N2CCC[C@@H](N)C2)nc2c(-c3cccs3)c[nH]c2c1=O
18357673,CHEMBL4164470,IC50,=,0.54,nM,9.27,CHEMBL284,Dipeptidyl peptidase 4,N#Cc1ccc(F)cc1Cn1c(N2CCC[C@@H](N)C2)nc2c(-c3ccc(F)cc3)c[nH]c2c1=O
18357674,CHEMBL4175111,IC50,=,0.72,nM,9.14,CHEMBL284,Dipeptidyl peptidase 4,CS(=O)(=O)c1ccc(-c2c[nH]c3c(=O)n(Cc4cc(F)ccc4C#N)c(N4CCC[C@@H](N)C4)nc23)cc1
18357675,CHEMBL4161924,IC50,=,1.58,nM,8.80,CHEMBL284,Dipeptidyl peptidase 4,CS(=O)(=O)c1ccccc1-c1c[nH]c2c(=O)n(Cc3cc(F)ccc3C#N)c(N3CCC[C@@H](N)C3)nc12
18357676,CHEMBL4169845,IC50,=,0.61,nM,9.21,CHEMBL284,Dipeptidyl peptidase 4,CS(=O)(=O)c1cccc(-c2c[nH]c3c(=O)n(Cc4cc(F)ccc4C#N)c(N4CCC[C@@H](N)C4)nc23)c1
18357677,CHEMBL4165359,IC50,=,1.69,nM,8.77,CHEMBL284,Dipeptidyl peptidase 4,CC(C)S(=O)(=O)c1ccc(-c2c[nH]c3c(=O)n(Cc4cc(F)ccc4C#N)c(N4CCC[C@@H](N)C4)nc23)cc1
18357678,CHEMBL4173272,IC50,=,1.61,nM,8.79,CHEMBL284,Dipeptidyl peptidase 4,N#Cc1ccc(F)cc1Cn1c(N2CCC[C@@H](N)C2)nc2c(-c3ccc(S(N)(=O)=O)cc3)c[nH]c2c1=O
18357679,CHEMBL4173673,IC50,=,1.45,nM,8.84,CHEMBL284,Dipeptidyl peptidase 4,CS(=O)(=O)c1ccc(-c2c[nH]c3c(=O)n(Cc4cc(F)ccc4C#N)c(N4CCC[C@@H](N)C4)nc23)cc1F
18357680,CHEMBL4162971,IC50,=,0.77,nM,9.11,CHEMBL284,Dipeptidyl peptidase 4,CS(=O)(=O)c1ccc(-c2c[nH]c3c(=O)n(Cc4cc(F)ccc4C#N)c(N4CCC[C@@H](N)C4)nc23)c(F)c1
18357685,CHEMBL4162340,Ki,=,2.9,nM,8.54,CHEMBL284,Dipeptidyl peptidase 4,N#Cc1ccc(F)cc1Cn1c(N2CCC[C@@H](N)C2)nc2cc[nH]c2c1=O
18357686,CHEMBL1650443,Ki,=,5.1,nM,8.29,CHEMBL284,Dipeptidyl peptidase 4,Cn1c(=O)cc(N2CCC[C@@H](N)C2)n(Cc2cc(F)ccc2C#N)c1=O
18493689,CHEMBL4205581,IC50,=,49.0,nM,7.31,CHEMBL284,Dipeptidyl peptidase 4,N#Cc1ccccc1Cc1c(Cl)nc2ccnn2c1N1CCC[C@@H](N)C1
18493690,CHEMBL4216792,IC50,=,10400.0,nM,4.98,CHEMBL284,Dipeptidyl peptidase 4,CCOC(=O)c1ccc(Cn2c(N3CCC[C@@H](N)C3)cc(=O)n3nccc23)cc1
18493691,CHEMBL4217326,IC50,=,17200.0,nM,4.76,CHEMBL284,Dipeptidyl peptidase 4,O=c1cc(N2CCNCC2)n(Cc2ccc([N+](=O)[O-])cc2)c2ccnn12
18493692,CHEMBL4212367,IC50,=,11500.0,nM,4.94,CHEMBL284,Dipeptidyl peptidase 4,N[C@@H]1CCCN(c2cc(=O)n3nccc3n2Cc2ccc([N+](=O)[O-])cc2)C1
18493693,CHEMBL4212894,IC50,=,400.0,nM,6.40,CHEMBL284,Dipeptidyl peptidase 4,Cc1ccc(Cn2c(N3CCNCC3)cc(=O)n3nccc23)cc1
18493694,CHEMBL4207996,IC50,=,2000.0,nM,5.70,CHEMBL284,Dipeptidyl peptidase 4,Cc1ccc(Cn2c(N3CCC[C@@H](N)C3)cc(=O)n3nccc23)cc1
18493695,CHEMBL4208513,IC50,=,2500.0,nM,5.60,CHEMBL284,Dipeptidyl peptidase 4,O=c1cc(N2CCNCC2)n(Cc2ccccc2)c2ccnn12
18493696,CHEMBL4203639,IC50,=,46500.0,nM,4.33,CHEMBL284,Dipeptidyl peptidase 4,N[C@@H]1CCCN(c2cc(=O)n3nccc3n2Cc2ccccc2)C1
18493697,CHEMBL4204176,IC50,=,80.0,nM,7.10,CHEMBL284,Dipeptidyl peptidase 4,N#Cc1ccccc1Cn1c(N2CCNCC2)cc(=O)n2nccc12
18493698,CHEMBL4213950,IC50,=,1200.0,nM,5.92,CHEMBL284,Dipeptidyl peptidase 4,O=c1cc(N2CCNCC2)n(Cc2ccccc2[N+](=O)[O-])c2ccnn12
18493699,CHEMBL4210635,IC50,=,21500.0,nM,4.67,CHEMBL284,Dipeptidyl peptidase 4,N[C@@H]1CCCN(c2cc(=O)n3nccc3n2Cc2ccccc2F)C1
18493700,CHEMBL4205100,IC50,=,59900.0,nM,4.22,CHEMBL284,Dipeptidyl peptidase 4,N[C@@H]1CCCN(c2cc(=O)n3nccc3n2Cc2ccc(C(=O)O)cc2)C1
18493701,CHEMBL4215849,IC50,=,1300.0,nM,5.89,CHEMBL284,Dipeptidyl peptidase 4,N#Cc1ccccc1Cn1c(N2CCC[C@@H](N)C2)cc(=O)n2nccc12
18493702,CHEMBL376359,IC50,=,4.0,nM,8.40,CHEMBL284,Dipeptidyl peptidase 4,Cn1c(=O)cc(N2CCC[C@@H](N)C2)n(Cc2ccccc2C#N)c1=O
18662254,CHEMBL91777,IC50,=,65690.0,nM,4.18,CHEMBL284,Dipeptidyl peptidase 4,CC(C)[C@H](N)C(=O)N[C@@H](Cc1c[nH]c2ccccc12)C(=O)O
18662261,CHEMBL288114,IC50,=,4650.0,nM,5.33,CHEMBL284,Dipeptidyl peptidase 4,O=C(O)c1cc(O)c(O)c(O)c1
18662262,CHEMBL297453,IC50,=,10210.0,nM,4.99,CHEMBL284,Dipeptidyl peptidase 4,O=C(O[C@@H]1Cc2c(O)cc(O)cc2O[C@@H]1c1cc(O)c(O)c(O)c1)c1cc(O)c(O)c(O)c1
18662263,CHEMBL257839,IC50,=,420.0,nM,6.38,CHEMBL284,Dipeptidyl peptidase 4,OC[C@H]1O[C@@H](Oc2cc3c(O)cc(O)cc3[o+]c2-c2ccc(O)c(O)c2)[C@H](O)[C@@H](O)[C@@H]1O
18662264,CHEMBL2165586,IC50,=,10360.0,nM,4.99,CHEMBL284,Dipeptidyl peptidase 4,C[C@@H]1O[C@@H](OC[C@H]2O[C@@H](Oc3cc(O)c4c(c3)O[C@H](c3ccc(O)c(O)c3)CC4=O)[C@H](O)[C@@H](O)[C@@H]2O)[C@H](O)[C@H](O)[C@H]1O
18662265,CHEMBL592005,IC50,=,1410.0,nM,5.85,CHEMBL284,Dipeptidyl peptidase 4,COc1cc(-c2[o+]c3cc(O)cc(O)c3cc2O)cc(OC)c1O.[Cl-]
18662266,CHEMBL145,IC50,=,3370.0,nM,5.47,CHEMBL284,Dipeptidyl peptidase 4,O=C(O)/C=C/c1ccc(O)c(O)c1
18662267,CHEMBL511367,IC50,=,1410.0,nM,5.85,CHEMBL284,Dipeptidyl peptidase 4,Oc1cc(O)c2cc(O)c(-c3ccc(O)c(O)c3)[o+]c2c1.[Cl-]
18662268,CHEMBL165,IC50,=,0.6,nM,9.22,CHEMBL284,Dipeptidyl peptidase 4,Oc1ccc(/C=C/c2cc(O)cc(O)c2)cc1
18662269,CHEMBL44,IC50,=,480.0,nM,6.32,CHEMBL284,Dipeptidyl peptidase 4,O=c1c(-c2ccc(O)cc2)coc2cc(O)cc(O)c12
18662270,CHEMBL150,IC50,=,490.0,nM,6.31,CHEMBL284,Dipeptidyl peptidase 4,O=c1c(O)c(-c2ccc(O)cc2)oc2cc(O)cc(O)c12
18662271,CHEMBL9352,IC50,=,240.0,nM,6.62,CHEMBL284,Dipeptidyl peptidase 4,O=C1C[C@@H](c2ccc(O)cc2)Oc2cc(O)cc(O)c21
18662272,CHEMBL399121,IC50,=,280.0,nM,6.55,CHEMBL284,Dipeptidyl peptidase 4,COc1ccc([C@@H]2CC(=O)c3c(O)cc(O)cc3O2)cc1O
18662273,CHEMBL275638,IC50,=,170.0,nM,6.77,CHEMBL284,Dipeptidyl peptidase 4,O=c1cc(-c2ccccc2)oc2ccccc12
18662274,CHEMBL50,IC50,=,2920.0,nM,5.54,CHEMBL284,Dipeptidyl peptidase 4,O=c1c(O)c(-c2ccc(O)c(O)c2)oc2cc(O)cc(O)c12
18662275,CHEMBL28,IC50,=,140.0,nM,6.85,CHEMBL284,Dipeptidyl peptidase 4,O=c1cc(-c2ccc(O)cc2)oc2cc(O)cc(O)c12
18662276,CHEMBL151,IC50,=,120.0,nM,6.92,CHEMBL284,Dipeptidyl peptidase 4,O=c1cc(-c2ccc(O)c(O)c2)oc2cc(O)cc(O)c12
18662277,CHEMBL214381,IC50,=,4210.0,nM,5.38,CHEMBL284,Dipeptidyl peptidase 4,CC[C@H](C)[C@H](N)C(=O)N1CCC[C@H]1C(=O)N[C@H](C(=O)O)[C@@H](C)CC
18662278,CHEMBL4246951,IC50,=,28050.0,nM,4.55,CHEMBL284,Dipeptidyl peptidase 4,Brc1nc2n(n1)CC(c1cc3ccccc3o1)=NN2
18662279,CHEMBL4247480,IC50,=,1.12,nM,8.95,CHEMBL284,Dipeptidyl peptidase 4,Cc1ccc2nc(CNc3nc(C)cs3)n(/N=C/c3ccc(O)cc3)c(=O)c2c1
18662280,CHEMBL4238698,IC50,=,1.22,nM,8.91,CHEMBL284,Dipeptidyl peptidase 4,Cc1csc(NC2c3cc(I)ccc3N=C(c3ccccc3)N2/N=C/c2cccc([N+](=O)[O-])c2)n1
18662281,CHEMBL4242883,IC50,=,1.62,nM,8.79,CHEMBL284,Dipeptidyl peptidase 4,COc1ccc(/C=N/N2C(c3ccccc3)=Nc3ccc(I)cc3C2Nc2nccs2)cc1
18662282,CHEMBL4249193,IC50,=,1.33,nM,8.88,CHEMBL284,Dipeptidyl peptidase 4,O=[N+]([O-])c1cccc(/C=N/N2C(c3ccccc3)=Nc3ccccc3C2Nc2nccs2)c1
18662283,CHEMBL4239107,IC50,=,0.76,nM,9.12,CHEMBL284,Dipeptidyl peptidase 4,O=[N+]([O-])c1cccc(/C=N/N2C(c3ccccc3)=Nc3ccc(I)cc3C2Nc2nccs2)c1
18662284,CHEMBL4250492,IC50,=,14.0,nM,7.85,CHEMBL284,Dipeptidyl peptidase 4,N[C@@H](CCn1cc(-c2ccncc2)nn1)Cc1cc(F)c(F)cc1F
18662285,CHEMBL1422,IC50,=,7.8,nM,8.11,CHEMBL284,Dipeptidyl peptidase 4,N[C@@H](CC(=O)N1CCn2c(nnc2C(F)(F)F)C1)Cc1cc(F)c(F)cc1F
18662286,CHEMBL4246674,IC50,=,19.6,nM,7.71,CHEMBL284,Dipeptidyl peptidase 4,CC(C)=CCn1c(N2CCCC(N)C2)nc2c1c(=O)n(Cc1ccccc1C#N)c(=O)n2C
18662287,CHEMBL4246222,IC50,=,232.8,nM,6.63,CHEMBL284,Dipeptidyl peptidase 4,NCc1c(-c2ccc(Cl)cc2Cl)n(C[SH](=O)=O)c2ccccc12
18662289,CHEMBL4241283,IC50,=,3.4,nM,8.47,CHEMBL284,Dipeptidyl peptidase 4,CC(C)(C)[C@H](N)C(=O)N1CCSCC1
18662290,CHEMBL4250956,IC50,=,6.29,nM,8.20,CHEMBL284,Dipeptidyl peptidase 4,CC(C)C[C@H](N)C(=O)N1CCSCC1
18662291,CHEMBL4241366,IC50,=,6.93,nM,8.16,CHEMBL284,Dipeptidyl peptidase 4,CCC(C)[C@H](N)C(=O)N1CCSCC1
18662292,CHEMBL1976036,IC50,=,3440.0,nM,5.46,CHEMBL284,Dipeptidyl peptidase 4,O=C(N/N=C/c1cccc2ccccc12)c1[nH]nc2c1CCCC2
18662293,CHEMBL4247286,IC50,=,2120.0,nM,5.67,CHEMBL284,Dipeptidyl peptidase 4,O=C(N/N=C/c1c(O)ccc2ccccc12)c1n[nH]c2c1CCCC2
18662294,CHEMBL4250558,IC50,=,94.82,nM,7.02,CHEMBL284,Dipeptidyl peptidase 4,O=C(CNC(=O)C1CCCN(S(=O)(=O)c2ccccc2)C1)Nc1ccc(Cl)cc1
18662295,CHEMBL4245414,IC50,=,3730.0,nM,5.43,CHEMBL284,Dipeptidyl peptidase 4,O=C(CN1CCN(c2ccnc3cc(Cl)ccc23)CC1)N1CCCC1
18662296,CHEMBL4241199,IC50,=,720.0,nM,6.14,CHEMBL284,Dipeptidyl peptidase 4,COC(=O)c1cn([C@@H]2CN[C@H](C(=O)N3CCC(F)(F)C3)C2)nn1
18662297,CHEMBL4249750,IC50,=,660.0,nM,6.18,CHEMBL284,Dipeptidyl peptidase 4,O=C([C@@H]1C[C@H](n2cc(-c3ccccc3)nn2)CN1)N1CCC(F)(F)C1
18662298,CHEMBL4240687,IC50,=,1320.0,nM,5.88,CHEMBL284,Dipeptidyl peptidase 4,Cc1cc(-c2cn([C@@H]3CN[C@H](C(=O)N4CCC(F)(F)C4)C3)nn2)ccc1F
18672851,CHEMBL4247814,IC50,=,1270.0,nM,5.90,CHEMBL284,Dipeptidyl peptidase 4,CC1(C)[C@@H]2CC[C@@]1(C)[C@H](NCC(=O)N1CCC[C@H]1C#N)C2
18672852,CHEMBL4242321,IC50,=,1780.0,nM,5.75,CHEMBL284,Dipeptidyl peptidase 4,CC1(C)[C@H]2CC[C@]1(C)[C@@H](NCC(=O)N1CCC[C@H]1C#N)C2
18672853,CHEMBL4238169,IC50,=,15780.0,nM,4.80,CHEMBL284,Dipeptidyl peptidase 4,CC1(C)[C@H]2CC[C@]1(C)C(=O)[C@H]2NCC(=O)N1CCC[C@H]1C#N
18672854,CHEMBL4238607,IC50,=,7580.0,nM,5.12,CHEMBL284,Dipeptidyl peptidase 4,CC1(C)[C@H]2CC[C@]1(C)[C@@H](O)[C@H]2NCC(=O)N1CCC[C@H]1C#N
18672855,CHEMBL4248813,IC50,,,,,CHEMBL284,Dipeptidyl peptidase 4,N#C[C@@H]1CCCN1C(=O)CN1C[C@H]2C[C@H](C1)c1cccc(=O)n1C2
18672856,CHEMBL4249104,IC50,,,,,CHEMBL284,Dipeptidyl peptidase 4,N#C[C@@H]1CCCN1C(=O)CN1C[C@H]2C[C@H](C1)c1c(Cl)ccc(=O)n1C2
18672857,CHEMBL4244834,IC50,,,,,CHEMBL284,Dipeptidyl peptidase 4,N#C[C@@H]1CCCN1C(=O)CN1C[C@H]2C[C@H](C1)c1c(Br)cc(Br)c(=O)n1C2
18672858,CHEMBL4242826,IC50,,,,,CHEMBL284,Dipeptidyl peptidase 4,N#C[C@@H]1CCCN1C(=O)CN1C[C@H]2C[C@H](C1)c1c(Cl)cc(Cl)c(=O)n1C2
18672859,CHEMBL4239608,IC50,,,,,CHEMBL284,Dipeptidyl peptidase 4,N#C[C@@H]1CCCN1C(=O)CN1C[C@H]2C[C@H](C1)c1ccc([N+](=O)[O-])c(=O)n1C2
18896723,CHEMBL4555157,IC50,>,100000.0,nM,,CHEMBL284,Dipeptidyl peptidase 4,CCCCNc1nc2scnn2c(=O)c1[N+](=O)[O-]
18896724,CHEMBL4554062,IC50,=,68510.0,nM,4.16,CHEMBL284,Dipeptidyl peptidase 4,CC(C)CNc1nc2scnn2c(=O)c1[N+](=O)[O-]
18896725,CHEMBL4540237,IC50,>,100000.0,nM,,CHEMBL284,Dipeptidyl peptidase 4,CC(C)(C)Nc1nc2scnn2c(=O)c1[N+](=O)[O-]
18896726,CHEMBL4582763,IC50,>,100000.0,nM,,CHEMBL284,Dipeptidyl peptidase 4,CCCNc1nc2scnn2c(=O)c1[N+](=O)[O-]
18896727,CHEMBL4535561,IC50,=,76170.0,nM,4.12,CHEMBL284,Dipeptidyl peptidase 4,CC(C)Nc1nc2scnn2c(=O)c1[N+](=O)[O-]
18896728,CHEMBL4557028,IC50,>,100000.0,nM,,CHEMBL284,Dipeptidyl peptidase 4,CC(=O)OCCNc1nc2scnn2c(=O)c1[N+](=O)[O-]
18896729,CHEMBL4471409,IC50,>,100000.0,nM,,CHEMBL284,Dipeptidyl peptidase 4,CC(=O)OCCCNc1nc2scnn2c(=O)c1[N+](=O)[O-]
18896730,CHEMBL4448038,IC50,>,100000.0,nM,,CHEMBL284,Dipeptidyl peptidase 4,CC(=O)OCCCCNc1nc2scnn2c(=O)c1[N+](=O)[O-]
18896731,CHEMBL4525051,IC50,=,121300.0,nM,,CHEMBL284,Dipeptidyl peptidase 4,O=c1c([N+](=O)[O-])c(NCCO)nc2scnn12
18896732,CHEMBL4435578,IC50,>,100000.0,nM,,CHEMBL284,Dipeptidyl peptidase 4,O=c1c([N+](=O)[O-])c(NCCCO)nc2scnn12
18896733,CHEMBL4567960,IC50,>,100000.0,nM,,CHEMBL284,Dipeptidyl peptidase 4,O=c1c([N+](=O)[O-])c(NCCCCO)nc2scnn12
18896734,CHEMBL4571225,IC50,=,55870.0,nM,4.25,CHEMBL284,Dipeptidyl peptidase 4,O=c1c([N+](=O)[O-])c(NCCc2ccc(Cl)cc2)nc2scnn12
18896735,CHEMBL4463269,IC50,>,100000.0,nM,,CHEMBL284,Dipeptidyl peptidase 4,O=c1c([N+](=O)[O-])c(NCCc2ccc(O)cc2)nc2scnn12
18896736,CHEMBL4466627,IC50,>,100000.0,nM,,CHEMBL284,Dipeptidyl peptidase 4,O=c1c([N+](=O)[O-])c(NCC(O)CO)nc2scnn12
18896737,CHEMBL4563602,IC50,>,100000.0,nM,,CHEMBL284,Dipeptidyl peptidase 4,CC1(C)OCC(CNc2nc3scnn3c(=O)c2[N+](=O)[O-])O1
18896738,CHEMBL142703,IC50,=,15.0,nM,7.82,CHEMBL284,Dipeptidyl peptidase 4,N#C[C@@H]1CCCN1C(=O)CNC12CC3CC(CC(O)(C3)C1)C2
18896739,CHEMBL225304,IC50,,,,,CHEMBL284,Dipeptidyl peptidase 4,N=C(N)NN
18896740,CHEMBL595,IC50,,,,,CHEMBL284,Dipeptidyl peptidase 4,CCc1ccc(CCOc2ccc(CC3SC(=O)NC3=O)cc2)nc1
18896741,CHEMBL33864,IC50,,,,,CHEMBL284,Dipeptidyl peptidase 4,O=C(O)CCCCC1CCSS1
18934792,CHEMBL1422,IC50,=,120.0,nM,6.92,CHEMBL284,Dipeptidyl peptidase 4,N[C@@H](CC(=O)N1CCn2c(nnc2C(F)(F)F)C1)Cc1cc(F)c(F)cc1F
18934793,CHEMBL4516388,IC50,=,223.0,nM,6.65,CHEMBL284,Dipeptidyl peptidase 4,O=C(CCCCCO)N[C@@H](CC(=O)N1CCn2c(nnc2C(F)(F)F)C1)Cc1cc(F)c(F)cc1F
18934794,CHEMBL4464592,IC50,=,226.0,nM,6.65,CHEMBL284,Dipeptidyl peptidase 4,O=C(CCCCO)N[C@@H](CC(=O)N1CCn2c(nnc2C(F)(F)F)C1)Cc1cc(F)c(F)cc1F
18934795,CHEMBL4458307,IC50,=,208.0,nM,6.68,CHEMBL284,Dipeptidyl peptidase 4,O=C(CCCO)N[C@@H](CC(=O)N1CCn2c(nnc2C(F)(F)F)C1)Cc1cc(F)c(F)cc1F
18934796,CHEMBL4537702,IC50,=,217.0,nM,6.66,CHEMBL284,Dipeptidyl peptidase 4,O=C(CO)N[C@@H](CC(=O)N1CCn2c(nnc2C(F)(F)F)C1)Cc1cc(F)c(F)cc1F
18934797,CHEMBL4524414,IC50,=,60.0,nM,7.22,CHEMBL284,Dipeptidyl peptidase 4,O=C(CCCCCO[N+](=O)[O-])N[C@@H](CC(=O)N1CCn2c(nnc2C(F)(F)F)C1)Cc1cc(F)c(F)cc1F
18934798,CHEMBL4577865,IC50,=,170.0,nM,6.77,CHEMBL284,Dipeptidyl peptidase 4,O=C(CCCCO[N+](=O)[O-])N[C@@H](CC(=O)N1CCn2c(nnc2C(F)(F)F)C1)Cc1cc(F)c(F)cc1F
18934799,CHEMBL4437841,IC50,=,197.0,nM,6.71,CHEMBL284,Dipeptidyl peptidase 4,O=C(CCCO[N+](=O)[O-])N[C@@H](CC(=O)N1CCn2c(nnc2C(F)(F)F)C1)Cc1cc(F)c(F)cc1F
18934800,CHEMBL4434648,IC50,=,190.0,nM,6.72,CHEMBL284,Dipeptidyl peptidase 4,O=C(CO[N+](=O)[O-])N[C@@H](CC(=O)N1CCn2c(nnc2C(F)(F)F)C1)Cc1cc(F)c(F)cc1F
18971668,CHEMBL67279,IC50,=,22.0,nM,7.66,CHEMBL284,Dipeptidyl peptidase 4,CC(C)[C@H](N)C(=O)N1CCC[C@H]1B(O)O
19097413,CHEMBL4535549,IC50,=,3830000.0,nM,,CHEMBL284,Dipeptidyl peptidase 4,CC[C@H](C)[C@H](NC(=O)[C@H](CC(C)C)NC(=O)[C@@H]1CCCN1C(=O)[C@H](CC(C)C)NC(=O)[C@@H]1CCCN1C(=O)[C@@H](NC(=O)CN)[C@@H](C)CC)C(=O)O
19099006,CHEMBL4446618,IC50,=,2.19,nM,8.66,CHEMBL284,Dipeptidyl peptidase 4,CC#CCn1c(N2CCC[C@@H](N)C2)cc(=O)n(Cc2cccc(F)c2C(=O)O)c1=O
19099007,CHEMBL4452518,IC50,=,1.98,nM,8.70,CHEMBL284,Dipeptidyl peptidase 4,CC#CCn1c(N2CCC[C@@H](N)C2)nc2c1c(=O)n(Cc1ccccc1C(=O)O)c(=O)n2C
19099008,CHEMBL4441220,IC50,=,10.21,nM,7.99,CHEMBL284,Dipeptidyl peptidase 4,CC#CCn1c(N2CCC[C@@H](N)C2)nc2c1c(=O)n(Cc1cccc(F)c1C(=O)O)c(=O)n2C
19099009,CHEMBL4528994,IC50,=,2.35,nM,8.63,CHEMBL284,Dipeptidyl peptidase 4,CC#CCn1c(N2CCC[C@@H](N)C2)nc2c1c(=O)n(Cc1ccc(F)cc1C(=O)O)c(=O)n2C
19099010,CHEMBL4458949,IC50,=,3.9,nM,8.41,CHEMBL284,Dipeptidyl peptidase 4,CC#CCn1c(N2CCC[C@@H](N)C2)nc2c1c(=O)n(Cc1c(Cl)cccc1C(=O)O)c(=O)n2C
19099011,CHEMBL4465482,IC50,=,0.18,nM,9.74,CHEMBL284,Dipeptidyl peptidase 4,CC#CCn1c(N2CCC[C@@H](N)C2)nc2c1c(=O)n(Cc1cc(Cl)ccc1C(=O)O)c(=O)n2C
19099012,CHEMBL4448186,IC50,=,0.1,nM,10.00,CHEMBL284,Dipeptidyl peptidase 4,CC#CCn1c(N2CCC[C@@H](N)C2)nc2c1c(=O)n(Cc1ccc(Cl)cc1C(=O)O)c(=O)n2C
19099013,CHEMBL4544024,IC50,=,1.05,nM,8.98,CHEMBL284,Dipeptidyl peptidase 4,CC#CCn1c(N2CCC[C@@H](N)C2)nc2c1c(=O)n(Cc1c(Br)cccc1C(=O)O)c(=O)n2C
19099014,CHEMBL4536341,IC50,=,0.72,nM,9.14,CHEMBL284,Dipeptidyl peptidase 4,CC#CCn1c(N2CCC[C@@H](N)C2)nc2c1c(=O)n(Cc1cc(Br)ccc1C(=O)O)c(=O)n2C
19099015,CHEMBL4461587,IC50,=,0.22,nM,9.66,CHEMBL284,Dipeptidyl peptidase 4,CC#CCn1c(N2CCC[C@@H](N)C2)nc2c1c(=O)n(Cc1ccc(Br)cc1C(=O)O)c(=O)n2C
19099016,CHEMBL4458832,IC50,=,5.99,nM,8.22,CHEMBL284,Dipeptidyl peptidase 4,CC#CCn1c(N2CCC[C@@H](N)C2)nc2c1c(=O)n(Cc1c(OC)cccc1C(=O)O)c(=O)n2C
19099017,CHEMBL4588692,IC50,=,0.44,nM,9.36,CHEMBL284,Dipeptidyl peptidase 4,CC#CCn1c(N2CCC[C@@H](N)C2)nc2c1c(=O)n(Cc1cc(OC)ccc1C(=O)O)c(=O)n2C
19099018,CHEMBL4464069,IC50,=,2.43,nM,8.61,CHEMBL284,Dipeptidyl peptidase 4,CC#CCn1c(N2CCC[C@@H](N)C2)nc2c1c(=O)n(Cc1cc(C#N)ccc1C(=O)O)c(=O)n2C
19099019,CHEMBL4435383,IC50,=,2.91,nM,8.54,CHEMBL284,Dipeptidyl peptidase 4,CC#CCn1c(N2CCC[C@@H](N)C2)nc2c1c(=O)n(Cc1ccccc1C(=O)OC)c(=O)n2C
19099020,CHEMBL4590999,IC50,=,5.06,nM,8.30,CHEMBL284,Dipeptidyl peptidase 4,CC#CCn1c(N2CCC[C@@H](N)C2)nc2c1c(=O)n(Cc1cccc(F)c1C(=O)OC)c(=O)n2C
19099021,CHEMBL4465448,IC50,=,50.9,nM,7.29,CHEMBL284,Dipeptidyl peptidase 4,CC#CCn1c(N2CCC[C@@H](N)C2)nc2c1c(=O)n(Cc1c(Cl)cccc1C(=O)OC)c(=O)n2C
19099022,CHEMBL4458152,IC50,=,5.61,nM,8.25,CHEMBL284,Dipeptidyl peptidase 4,CC#CCn1c(N2CCC[C@@H](N)C2)nc2c1c(=O)n(Cc1cc(Cl)ccc1C(=O)OC)c(=O)n2C
19099023,CHEMBL4567320,IC50,=,20.48,nM,7.69,CHEMBL284,Dipeptidyl peptidase 4,CC#CCn1c(N2CCC[C@@H](N)C2)nc2c1c(=O)n(Cc1ccc(Cl)cc1C(=O)OC)c(=O)n2C
19099024,CHEMBL4468590,IC50,=,74.43,nM,7.13,CHEMBL284,Dipeptidyl peptidase 4,CC#CCn1c(N2CCC[C@@H](N)C2)nc2c1c(=O)n(Cc1ccc(Cl)cc1C(=O)OCC)c(=O)n2C
19099025,CHEMBL4465374,IC50,=,22.09,nM,7.66,CHEMBL284,Dipeptidyl peptidase 4,CC#CCn1c(N2CCC[C@@H](N)C2)nc2c1c(=O)n(Cc1ccc(Br)cc1C(=O)OC)c(=O)n2C
19099026,CHEMBL4528149,IC50,=,85.48,nM,7.07,CHEMBL284,Dipeptidyl peptidase 4,CC#CCn1c(N2CCC[C@@H](N)C2)nc2c1c(=O)n(Cc1ccc(Br)cc1C(=O)OCC)c(=O)n2C
19099027,CHEMBL376359,IC50,=,4.46,nM,8.35,CHEMBL284,Dipeptidyl peptidase 4,Cn1c(=O)cc(N2CCC[C@@H](N)C2)n(Cc2ccccc2C#N)c1=O
19149767,CHEMBL4454091,Ki,=,34.19,nM,7.47,CHEMBL284,Dipeptidyl peptidase 4,CCOC(=O)N1CCN(c2ccc3nnc(-c4cccc(C)c4)n3n2)CC1
19149768,CHEMBL4578869,Ki,=,341.6,nM,6.47,CHEMBL284,Dipeptidyl peptidase 4,Cc1cccc(-c2nnc3ccc(N4CCN(S(C)(=O)=O)CC4)nn23)c1
19149769,CHEMBL4529301,Ki,=,13.07,nM,7.88,CHEMBL284,Dipeptidyl peptidase 4,Cc1cccc(-c2nnc3ccc(N4CCN(C(=O)c5ccccc5)CC4)nn23)c1
19149770,CHEMBL4572703,Ki,=,103.7,nM,6.98,CHEMBL284,Dipeptidyl peptidase 4,Cc1cccc(-c2nnc3ccc(N4CCN(CCN)CC4)nn23)c1
19149771,CHEMBL4470557,Ki,=,180.8,nM,6.74,CHEMBL284,Dipeptidyl peptidase 4,Cc1cccc(-c2nnc3ccc(N4CCN(Cc5ccccc5)C(C(=O)O)C4)nn23)c1
19149772,CHEMBL4552003,Ki,=,941.2,nM,6.03,CHEMBL284,Dipeptidyl peptidase 4,Cc1cccc(-c2nnc3ccc(N4CCN(C(=O)OC(C)(C)C)C(Cc5ccccc5)C4)nn23)c1
19149773,CHEMBL4547171,Ki,=,71.87,nM,7.14,CHEMBL284,Dipeptidyl peptidase 4,Cc1cccc(-c2nnc3ccc(N4CCN(Cc5ccc(F)cc5)CC4)nn23)c1
19149774,CHEMBL4447400,Ki,=,217.9,nM,6.66,CHEMBL284,Dipeptidyl peptidase 4,Cc1cccc(-c2nnc3ccc(N4CCN(CCOCCO)CC4)nn23)c1
19149775,CHEMBL4460852,Ki,=,20.29,nM,7.69,CHEMBL284,Dipeptidyl peptidase 4,Cc1cccc(-c2nnc3ccc(N4CCN(C(c5ccccc5)c5ccccc5)CC4)nn23)c1
19149776,CHEMBL4451410,Ki,=,152.8,nM,6.82,CHEMBL284,Dipeptidyl peptidase 4,Cc1cccc(-c2nnc3ccc(N4CCN(Cc5ccccc5)CC4)nn23)c1
19149777,CHEMBL4527400,Ki,=,380.1,nM,6.42,CHEMBL284,Dipeptidyl peptidase 4,CC(=O)N1CCN(c2ccc3nnc(-c4cccc(C)c4)n3n2)CC1
19149778,CHEMBL4547637,Ki,=,412.2,nM,6.38,CHEMBL284,Dipeptidyl peptidase 4,COc1ccc(N2CCN(c3ccc4nnc(-c5cccc(C)c5)n4n3)CC2)cc1
19149784,CHEMBL4454091,IC50,=,0.75,nM,9.12,CHEMBL284,Dipeptidyl peptidase 4,CCOC(=O)N1CCN(c2ccc3nnc(-c4cccc(C)c4)n3n2)CC1
19149785,CHEMBL4529301,IC50,=,2.25,nM,8.65,CHEMBL284,Dipeptidyl peptidase 4,Cc1cccc(-c2nnc3ccc(N4CCN(C(=O)c5ccccc5)CC4)nn23)c1
19149786,CHEMBL4547171,IC50,=,2.0,nM,8.70,CHEMBL284,Dipeptidyl peptidase 4,Cc1cccc(-c2nnc3ccc(N4CCN(Cc5ccc(F)cc5)CC4)nn23)c1
19149787,CHEMBL4460852,IC50,=,1.75,nM,8.76,CHEMBL284,Dipeptidyl peptidase 4,Cc1cccc(-c2nnc3ccc(N4CCN(C(c5ccccc5)c5ccccc5)CC4)nn23)c1
19149788,CHEMBL237500,IC50,=,1.25,nM,8.90,CHEMBL284,Dipeptidyl peptidase 4,CC#CCn1c(N2CCC[C@@H](N)C2)nc2c1c(=O)n(Cc1nc(C)c3ccccc3n1)c(=O)n2C
19301460,CHEMBL4436620,IC50,=,74.6,nM,7.13,CHEMBL284,Dipeptidyl peptidase 4,CC#CCn1c(N2CCC[C@@H](N)C2)cc(=O)n(Cc2ccccc2C(=O)OC)c1=O
19301461,CHEMBL4530011,IC50,=,56.6,nM,7.25,CHEMBL284,Dipeptidyl peptidase 4,CC#CCn1c(N2CCC[C@@H](N)C2)cc(=O)n(Cc2ccccc2CC(=O)OC)c1=O
19301462,CHEMBL4538597,IC50,=,7.5,nM,8.12,CHEMBL284,Dipeptidyl peptidase 4,CC#CCn1c(N2CCC[C@@H](N)C2)cc(=O)n(Cc2ccccc2C(=O)O)c1=O
19301463,CHEMBL4468423,IC50,=,89.8,nM,7.05,CHEMBL284,Dipeptidyl peptidase 4,CC#CCn1c(N2CCC[C@@H](N)C2)cc(=O)n(Cc2ccccc2CC(=O)O)c1=O
19301464,CHEMBL4581624,IC50,,,,,CHEMBL284,Dipeptidyl peptidase 4,CC#CCn1c(N2CCC[C@@H](N)C2)cc(=O)n(Cc2ccccc2C(=O)NCC(=O)OC)c1=O
19301465,CHEMBL4440121,IC50,,,,,CHEMBL284,Dipeptidyl peptidase 4,CC#CCn1c(N2CCC[C@@H](N)C2)cc(=O)n(Cc2ccccc2C(=O)N2CCC[C@H]2C(=O)OC)c1=O
19301466,CHEMBL4540469,IC50,,,,,CHEMBL284,Dipeptidyl peptidase 4,CC#CCn1c(N2CCC[C@@H](N)C2)cc(=O)n(Cc2ccccc2C(=O)N[C@@H](C)C(=O)OC)c1=O
19301467,CHEMBL4437931,IC50,,,,,CHEMBL284,Dipeptidyl peptidase 4,CC#CCn1c(N2CCC[C@@H](N)C2)cc(=O)n(Cc2ccccc2C(=O)NCC(=O)O)c1=O
19301468,CHEMBL4571572,IC50,,,,,CHEMBL284,Dipeptidyl peptidase 4,CC#CCn1c(N2CCC[C@@H](N)C2)cc(=O)n(Cc2ccccc2C(=O)N2CCC[C@H]2C(=O)O)c1=O
19301469,CHEMBL4559809,IC50,,,,,CHEMBL284,Dipeptidyl peptidase 4,CC#CCn1c(N2CCC[C@@H](N)C2)cc(=O)n(Cc2ccccc2C(=O)N(C)C)c1=O
19301470,CHEMBL4585574,IC50,,,,,CHEMBL284,Dipeptidyl peptidase 4,CC#CCn1c(N2CCC[C@@H](N)C2)cc(=O)n(Cc2ccccc2C(=O)NCC)c1=O
19301471,CHEMBL4537845,IC50,,,,,CHEMBL284,Dipeptidyl peptidase 4,CC#CCn1c(N2CCC[C@@H](N)C2)cc(=O)n(Cc2ccccc2C(=O)NC(C)(C)C)c1=O
19301472,CHEMBL376359,IC50,=,2.7,nM,8.57,CHEMBL284,Dipeptidyl peptidase 4,Cn1c(=O)cc(N2CCC[C@@H](N)C2)n(Cc2ccccc2C#N)c1=O
19301473,CHEMBL1422,IC50,=,6.9,nM,8.16,CHEMBL284,Dipeptidyl peptidase 4,N[C@@H](CC(=O)N1CCn2c(nnc2C(F)(F)F)C1)Cc1cc(F)c(F)cc1F
19301474,CHEMBL4438210,IC50,=,7.6,nM,8.12,CHEMBL284,Dipeptidyl peptidase 4,CC#CCn1c(N2CCC[C@@H](N)C2)cc(=O)n(Cc2ccc(F)cc2C(=O)O)c1=O
19301475,CHEMBL4446618,IC50,=,1.7,nM,8.77,CHEMBL284,Dipeptidyl peptidase 4,CC#CCn1c(N2CCC[C@@H](N)C2)cc(=O)n(Cc2cccc(F)c2C(=O)O)c1=O
19301476,CHEMBL4562685,IC50,=,3.9,nM,8.41,CHEMBL284,Dipeptidyl peptidase 4,CC#CCn1c(N2CCC[C@@H](N)C2)cc(=O)n(Cc2ccc(Cl)cc2C(=O)O)c1=O
19301477,CHEMBL4527363,IC50,=,4.6,nM,8.34,CHEMBL284,Dipeptidyl peptidase 4,CC#CCn1c(N2CCC[C@@H](N)C2)cc(=O)n(Cc2ccc(Br)cc2C(=O)O)c1=O
19301478,CHEMBL4558007,IC50,=,2.5,nM,8.60,CHEMBL284,Dipeptidyl peptidase 4,CC#CCn1c(N2CCC[C@@H](N)C2)cc(=O)n(Cc2cc(Br)ccc2C(=O)O)c1=O
19301479,CHEMBL4581959,IC50,=,4.0,nM,8.40,CHEMBL284,Dipeptidyl peptidase 4,CC#CCn1c(N2CCC[C@@H](N)C2)cc(=O)n(Cc2cc(OC)ccc2C(=O)O)c1=O
19301480,CHEMBL4516959,IC50,=,3.5,nM,8.46,CHEMBL284,Dipeptidyl peptidase 4,CC#CCn1c(N2CCC[C@@H](N)C2)cc(=O)n(Cc2cc(C#N)ccc2C(=O)O)c1=O
19301481,CHEMBL4453917,IC50,=,93.2,nM,7.03,CHEMBL284,Dipeptidyl peptidase 4,CC#CCn1c(N2CCC[C@@H](N)C2)cc(=O)n(Cc2cccc(F)c2C(=O)OC)c1=O
19301482,CHEMBL4445783,IC50,=,395.0,nM,6.40,CHEMBL284,Dipeptidyl peptidase 4,CC#CCn1c(N2CCC[C@@H](N)C2)cc(=O)n(Cc2cc(Br)ccc2C(=O)OC)c1=O
19301483,CHEMBL142703,IC50,,,,,CHEMBL284,Dipeptidyl peptidase 4,N#C[C@@H]1CCCN1C(=O)CNC12CC3CC(CC(O)(C3)C1)C2
19439488,CHEMBL4557196,IC50,=,4376.0,nM,5.36,CHEMBL284,Dipeptidyl peptidase 4,CC#CCn1c(N2CCC[C@@H](N)C2)nc2c1c(=O)nc1n2CCCN1Cc1nc(C)c2ccccc2n1
19439489,CHEMBL4465057,IC50,=,790.0,nM,6.10,CHEMBL284,Dipeptidyl peptidase 4,CC#CCn1c(N2CCC[C@@H](N)C2)nc2c1c(=O)nc1n2CCCN1Cc1ccc(OC)cc1
19439490,CHEMBL4537708,IC50,=,483.0,nM,6.32,CHEMBL284,Dipeptidyl peptidase 4,CC#CCn1c(N2CCC[C@@H](N)C2)nc2c1c(=O)nc1n2CCCN1Cc1cccc2ccccc12
19439491,CHEMBL4443493,IC50,>,10000.0,nM,,CHEMBL284,Dipeptidyl peptidase 4,CC#CCn1c(N2CCC[C@@H](N)C2)nc2c1c(=O)nc1n2CCCN1CCCc1ccccc1
19439492,CHEMBL4591675,IC50,=,421.0,nM,6.38,CHEMBL284,Dipeptidyl peptidase 4,CC#CCn1c(N2CCC[C@@H](N)C2)nc2c1c(=O)nc1n2CCCN1CC(=O)c1ccccc1
19439493,CHEMBL3675622,IC50,=,1.28,nM,8.89,CHEMBL284,Dipeptidyl peptidase 4,CC#CCn1c(N2CCC[C@@H](N)C2)nc2c1C(=O)N(Cc1nc(C)c3ccccc3n1)C1=NCCCN12
19439494,CHEMBL3675628,IC50,=,38.6,nM,7.41,CHEMBL284,Dipeptidyl peptidase 4,CC#CCn1c(N2CCC[C@@H](N)C2)nc2c1C(=O)N(Cc1ccc(OC)cc1)C1=NCCCN12
19439495,CHEMBL3675630,IC50,=,44.3,nM,7.35,CHEMBL284,Dipeptidyl peptidase 4,CC#CCn1c(N2CCC[C@@H](N)C2)nc2c1C(=O)N(Cc1cccc3ccccc13)C1=NCCCN12
19439496,CHEMBL4549857,IC50,>,10000.0,nM,,CHEMBL284,Dipeptidyl peptidase 4,CC#CCn1c(N2CCC[C@@H](N)C2)nc2c1C(=O)N(CCCc1ccccc1)C1=NCCCN12
19439497,CHEMBL3675629,IC50,=,6113.0,nM,5.21,CHEMBL284,Dipeptidyl peptidase 4,CC#CCn1c(N2CCC[C@@H](N)C2)nc2c1C(=O)NC1=NCCCN12
19439498,CHEMBL3675618,IC50,=,0.42,nM,9.38,CHEMBL284,Dipeptidyl peptidase 4,CC#CCn1c(N2CCC[C@@H](N)C2)nc2c1C(=O)N(Cc1nc(C)c3ccccc3n1)C1=NCCN12
19439499,CHEMBL3675623,IC50,=,539.0,nM,6.27,CHEMBL284,Dipeptidyl peptidase 4,Cc1nc(CN2C(=O)c3c(nc(N4CCC[C@@H](N)C4)n3C)N3CCN=C23)nc2ccccc12
19439500,CHEMBL4443070,IC50,=,538.0,nM,6.27,CHEMBL284,Dipeptidyl peptidase 4,Cc1nc(CN2C(=O)c3c(nc(N4CCC[C@@H](N)C4)n3CC#N)N3CCN=C23)nc2ccccc12
19439501,CHEMBL3675627,IC50,=,8.15,nM,8.09,CHEMBL284,Dipeptidyl peptidase 4,Cc1nc(CN2C(=O)c3c(nc(N4CCC[C@@H](N)C4)n3CC3CC3)N3CCN=C23)nc2ccccc12
19439502,CHEMBL3675634,IC50,=,14.1,nM,7.85,CHEMBL284,Dipeptidyl peptidase 4,Cc1nc(CN2C(=O)c3c(nc(N4CCC[C@@H](N)C4)n3CC3CC3(F)F)N3CCN=C23)nc2ccccc12
19439503,CHEMBL3675635,IC50,=,29.2,nM,7.54,CHEMBL284,Dipeptidyl peptidase 4,Cc1nc(CN2C(=O)c3c(nc(N4CCC[C@@H](N)C4)n3CC3CCC3)N3CCN=C23)nc2ccccc12
19439504,CHEMBL3675624,IC50,=,1.61,nM,8.79,CHEMBL284,Dipeptidyl peptidase 4,CC(C)=CCn1c(N2CCC[C@@H](N)C2)nc2c1C(=O)N(Cc1nc(C)c3ccccc3n1)C1=NCCN12
19439505,CHEMBL4464819,IC50,=,4.41,nM,8.36,CHEMBL284,Dipeptidyl peptidase 4,Cc1nc(CN2C(=O)c3c(nc(N4CCC[C@@H](N)C4)n3CC(=O)C3CC3)N3CCN=C23)nc2ccccc12
19439506,CHEMBL3675626,IC50,=,32.0,nM,7.50,CHEMBL284,Dipeptidyl peptidase 4,Cc1nc(CN2C(=O)c3c(nc(N4CCC[C@@H](N)C4)n3Cc3ccccc3)N3CCN=C23)nc2ccccc12
19439507,CHEMBL3675625,IC50,=,19.3,nM,7.71,CHEMBL284,Dipeptidyl peptidase 4,Cc1nc(CN2C(=O)c3c(nc(N4CCC[C@@H](N)C4)n3Cc3cccc(F)c3)N3CCN=C23)nc2ccccc12
19439508,CHEMBL3675620,IC50,=,43.5,nM,7.36,CHEMBL284,Dipeptidyl peptidase 4,Cc1nc(CN2C(=O)c3c(nc(N4CCC[C@@H](N)C4)n3Cc3cc(F)ccc3F)N3CCN=C23)nc2ccccc12
19439509,CHEMBL3675636,IC50,=,82.2,nM,7.08,CHEMBL284,Dipeptidyl peptidase 4,Cc1nc(CN2C(=O)c3c(nc(N4CCC[C@@H](N)C4)n3Cc3ccccc3C#N)N3CCN=C23)nc2ccccc12
19439510,CHEMBL4563476,IC50,=,28.7,nM,7.54,CHEMBL284,Dipeptidyl peptidase 4,Cc1nc(CN2C(=O)c3c(nc(N4CCC[C@@H](N)C4)n3Cc3cc(F)cs3)N3CCN=C23)nc2ccccc12
19439511,CHEMBL3675632,IC50,=,9.31,nM,8.03,CHEMBL284,Dipeptidyl peptidase 4,CC#CCn1c(N2CCC[C@@H](N)C2)nc2c1C(=O)N(Cc1ccccc1C#N)C1=NCCN12
19439512,CHEMBL4516443,IC50,=,11.2,nM,7.95,CHEMBL284,Dipeptidyl peptidase 4,CC#CCn1c(N2CCC[C@@H](N)C2)nc2c1C(=O)N(Cc1cccc(C#N)c1)C1=NCCN12
19439513,CHEMBL4568895,IC50,=,10.0,nM,8.00,CHEMBL284,Dipeptidyl peptidase 4,CC#CCn1c(N2CCC[C@@H](N)C2)nc2c1C(=O)N(Cc1ccc(C#N)cc1)C1=NCCN12
19442620,CHEMBL142703,IC50,=,95.0,nM,7.02,CHEMBL284,Dipeptidyl peptidase 4,N#C[C@@H]1CCCN1C(=O)CNC12CC3CC(CC(O)(C3)C1)C2
19442621,CHEMBL376359,IC50,=,7.0,nM,8.15,CHEMBL284,Dipeptidyl peptidase 4,Cn1c(=O)cc(N2CCC[C@@H](N)C2)n(Cc2ccccc2C#N)c1=O
19442622,CHEMBL237500,IC50,=,1.0,nM,9.00,CHEMBL284,Dipeptidyl peptidase 4,CC#CCn1c(N2CCC[C@@H](N)C2)nc2c1c(=O)n(Cc1nc(C)c3ccccc3n1)c(=O)n2C
19442623,CHEMBL4456228,IC50,=,3900.0,nM,5.41,CHEMBL284,Dipeptidyl peptidase 4,O=c1[nH]c(=O)c2c(nc(N3CCNCC3)n2Cc2ccccc2)[nH]1
19442624,CHEMBL399216,IC50,=,82.0,nM,7.09,CHEMBL284,Dipeptidyl peptidase 4,Cn1c(=O)c2c(nc(N3CCCC(N)C3)n2Cc2ccccc2)n(C)c1=O
19442625,CHEMBL237067,IC50,=,5.0,nM,8.30,CHEMBL284,Dipeptidyl peptidase 4,CC(C)=CCn1c(N2CCC[C@H](N)C2)nc2c1c(=O)n(CC(=O)c1ccccc1)c(=O)n2C
19442627,CHEMBL1422,Kd,=,5.3,nM,8.28,CHEMBL284,Dipeptidyl peptidase 4,N[C@@H](CC(=O)N1CCn2c(nnc2C(F)(F)F)C1)Cc1cc(F)c(F)cc1F
19442628,CHEMBL2147777,Kd,=,0.41,nM,9.39,CHEMBL284,Dipeptidyl peptidase 4,Cc1cc(N2CCN([C@@H]3CN[C@H](C(=O)N4CCSC4)C3)CC2)n(-c2ccccc2)n1
19442629,CHEMBL142703,Kd,=,2.4,nM,8.62,CHEMBL284,Dipeptidyl peptidase 4,N#C[C@@H]1CCCN1C(=O)CNC12CC3CC(CC(O)(C3)C1)C2
19442630,CHEMBL385517,Kd,=,0.3,nM,9.52,CHEMBL284,Dipeptidyl peptidase 4,N#C[C@@H]1C[C@@H]2C[C@@H]2N1C(=O)[C@@H](N)C12CC3CC(CC(O)(C3)C1)C2
19442631,CHEMBL376359,Kd,=,2.4,nM,8.62,CHEMBL284,Dipeptidyl peptidase 4,Cn1c(=O)cc(N2CCC[C@@H](N)C2)n(Cc2ccccc2C#N)c1=O
19442632,CHEMBL237500,Kd,=,0.0066,nM,,CHEMBL284,Dipeptidyl peptidase 4,CC#CCn1c(N2CCC[C@@H](N)C2)nc2c1c(=O)n(Cc1nc(C)c3ccccc3n1)c(=O)n2C
19442633,CHEMBL4456228,Kd,=,806.0,nM,6.09,CHEMBL284,Dipeptidyl peptidase 4,O=c1[nH]c(=O)c2c(nc(N3CCNCC3)n2Cc2ccccc2)[nH]1
19442634,CHEMBL399216,Kd,=,13.2,nM,7.88,CHEMBL284,Dipeptidyl peptidase 4,Cn1c(=O)c2c(nc(N3CCCC(N)C3)n2Cc2ccccc2)n(C)c1=O
19442635,CHEMBL237067,Kd,=,0.42,nM,9.38,CHEMBL284,Dipeptidyl peptidase 4,CC(C)=CCn1c(N2CCC[C@H](N)C2)nc2c1c(=O)n(CC(=O)c1ccccc1)c(=O)n2C
19442663,CHEMBL1422,Kd,=,13.5,nM,7.87,CHEMBL284,Dipeptidyl peptidase 4,N[C@@H](CC(=O)N1CCn2c(nnc2C(F)(F)F)C1)Cc1cc(F)c(F)cc1F
19442664,CHEMBL2147777,Kd,=,11.9,nM,7.92,CHEMBL284,Dipeptidyl peptidase 4,Cc1cc(N2CCN([C@@H]3CN[C@H](C(=O)N4CCSC4)C3)CC2)n(-c2ccccc2)n1
19442665,CHEMBL142703,Kd,=,10.7,nM,7.97,CHEMBL284,Dipeptidyl peptidase 4,N#C[C@@H]1CCCN1C(=O)CNC12CC3CC(CC(O)(C3)C1)C2
19442666,CHEMBL385517,Kd,=,15.9,nM,7.80,CHEMBL284,Dipeptidyl peptidase 4,N#C[C@@H]1C[C@@H]2C[C@@H]2N1C(=O)[C@@H](N)C12CC3CC(CC(O)(C3)C1)C2
19442667,CHEMBL376359,Kd,=,28.5,nM,7.54,CHEMBL284,Dipeptidyl peptidase 4,Cn1c(=O)cc(N2CCC[C@@H](N)C2)n(Cc2ccccc2C#N)c1=O
19442668,CHEMBL237500,Kd,=,5.3,nM,8.28,CHEMBL284,Dipeptidyl peptidase 4,CC#CCn1c(N2CCC[C@@H](N)C2)nc2c1c(=O)n(Cc1nc(C)c3ccccc3n1)c(=O)n2C
19442669,CHEMBL4456228,Kd,=,246.0,nM,6.61,CHEMBL284,Dipeptidyl peptidase 4,O=c1[nH]c(=O)c2c(nc(N3CCNCC3)n2Cc2ccccc2)[nH]1
19442670,CHEMBL399216,Kd,=,18.6,nM,7.73,CHEMBL284,Dipeptidyl peptidase 4,Cn1c(=O)c2c(nc(N3CCCC(N)C3)n2Cc2ccccc2)n(C)c1=O
19442671,CHEMBL237067,Kd,=,9.2,nM,8.04,CHEMBL284,Dipeptidyl peptidase 4,CC(C)=CCn1c(N2CCC[C@H](N)C2)nc2c1c(=O)n(CC(=O)c1ccccc1)c(=O)n2C
19483872,CHEMBL2105762,Kd,=,2.75,nM,8.56,CHEMBL284,Dipeptidyl peptidase 4,CS(=O)(=O)n1cc2c(n1)CN([C@H]1CO[C@H](c3cc(F)ccc3F)[C@@H](N)C1)C2
19483873,CHEMBL1422,Kd,=,12.7,nM,7.90,CHEMBL284,Dipeptidyl peptidase 4,N[C@@H](CC(=O)N1CCn2c(nnc2C(F)(F)F)C1)Cc1cc(F)c(F)cc1F
19483874,CHEMBL4550812,Kd,=,0.177,nM,9.75,CHEMBL284,Dipeptidyl peptidase 4,COc1cc2c3c(ccc2cc1C#N)O[C@H](c1cc(F)c(F)cc1F)[C@@H](N)C3
19483875,CHEMBL3941804,Kd,=,2.38,nM,8.62,CHEMBL284,Dipeptidyl peptidase 4,COc1cc2ccc3c(c2cc1OC)C[C@H](N)[C@@H](c1cc(F)c(F)cc1F)O3
20653408,CHEMBL4635648,IC50,>,1000.0,nM,,CHEMBL284,Dipeptidyl peptidase 4,CS(=O)(=O)n1cc2c(n1)CN([C@H]1C[C@H](N)[C@@H](c3cc(F)ccc3F)O[C@@H]1C(F)(F)F)C2
20653409,CHEMBL4633377,IC50,>,1000.0,nM,,CHEMBL284,Dipeptidyl peptidase 4,CS(=O)(=O)n1cc2c(n1)CN([C@@H]1C[C@H](N)[C@@H](c3cc(F)ccc3F)O[C@H]1C(F)(F)F)C2
20653410,CHEMBL4643841,IC50,>,1000.0,nM,,CHEMBL284,Dipeptidyl peptidase 4,CS(=O)(=O)n1cc2c(n1)CN([C@H]1C[C@H](N)[C@@H](c3cc(F)ccc3F)O[C@H]1C(F)(F)F)C2
20653411,CHEMBL4635433,IC50,=,48.9,nM,7.31,CHEMBL284,Dipeptidyl peptidase 4,N[C@H]1C[C@@H](N2CCC(F)(F)C2)[C@@H](C(F)(F)F)O[C@@H]1c1cc(F)ccc1F
20653412,CHEMBL4640183,IC50,=,18.2,nM,7.74,CHEMBL284,Dipeptidyl peptidase 4,N[C@H]1C[C@@H](N2Cc3c[nH]nc3C2)[C@@H](C(F)(F)F)O[C@@H]1c1cc(F)ccc1F
20653413,CHEMBL4634272,IC50,=,20.6,nM,7.69,CHEMBL284,Dipeptidyl peptidase 4,CCOC(=O)c1nc2c(n1C)CN([C@@H]1C[C@H](N)[C@@H](c3cc(F)ccc3F)O[C@@H]1C(F)(F)F)C2
20653414,CHEMBL4644314,IC50,=,7.1,nM,8.15,CHEMBL284,Dipeptidyl peptidase 4,Cn1c(C(N)=O)nc2c1CN([C@@H]1C[C@H](N)[C@@H](c3cc(F)ccc3F)O[C@@H]1C(F)(F)F)C2
20653415,CHEMBL4641763,IC50,=,3.9,nM,8.41,CHEMBL284,Dipeptidyl peptidase 4,CS(=O)(=O)n1cc2c(n1)CN([C@@H]1C[C@H](N)[C@@H](c3cc(F)c(F)cc3F)O[C@@H]1C(F)(F)F)C2
20653416,CHEMBL4634474,IC50,=,26.5,nM,7.58,CHEMBL284,Dipeptidyl peptidase 4,N[C@H]1C[C@@H](N2Cc3cn(S(=O)(=O)C4CCCC4)nc3C2)[C@@H](C(F)(F)F)O[C@@H]1c1cc(F)ccc1F
20653417,CHEMBL4636223,IC50,=,11.7,nM,7.93,CHEMBL284,Dipeptidyl peptidase 4,N[C@H]1C[C@@H](N2Cc3cn(S(=O)(=O)C4CC4)nc3C2)[C@@H](C(F)(F)F)O[C@@H]1c1cc(F)ccc1F
20653418,CHEMBL4649110,IC50,=,60.0,nM,7.22,CHEMBL284,Dipeptidyl peptidase 4,CCS(=O)(=O)n1cc2c(n1)CN([C@@H]1C[C@H](N)[C@@H](c3cc(F)ccc3F)O[C@@H]1C(F)(F)F)C2
20653419,CHEMBL4646510,IC50,=,4.2,nM,8.38,CHEMBL284,Dipeptidyl peptidase 4,CS(=O)(=O)n1cc2c(n1)CN([C@@H]1C[C@H](N)[C@@H](c3cc(F)ccc3F)O[C@@H]1C(F)(F)F)C2
20653420,CHEMBL4640418,IC50,=,22.1,nM,7.66,CHEMBL284,Dipeptidyl peptidase 4,CS(=O)(=O)n1cc2c(n1)CN([C@H]1CO[C@H](c3cc(F)ccc3F)[C@@H](N)[C@H]1F)C2
20653421,CHEMBL2105762,IC50,=,3.1,nM,8.51,CHEMBL284,Dipeptidyl peptidase 4,CS(=O)(=O)n1cc2c(n1)CN([C@H]1CO[C@H](c3cc(F)ccc3F)[C@@H](N)C1)C2
20680783,CHEMBL4641140,IC50,=,2.8,nM,8.55,CHEMBL284,Dipeptidyl peptidase 4,Cc1ccc(NS(=O)(=O)c2ccc3c(c2)CCCC3)cc1
20680787,CHEMBL4636081,IC50,=,28.62,nM,7.54,CHEMBL284,Dipeptidyl peptidase 4,CC#CCn1c(N2CCC[C@@H](N)C2)cc(=O)n(Cc2cn(CC(=O)N(C)C)nn2)c1=O
20680788,CHEMBL4246951,IC50,=,28050.0,nM,4.55,CHEMBL284,Dipeptidyl peptidase 4,Brc1nc2n(n1)CC(c1cc3ccccc3o1)=NN2
20680791,CHEMBL4647761,IC50,=,5.78,nM,8.24,CHEMBL284,Dipeptidyl peptidase 4,CC#CCn1c(N2CCC[C@H](N)C2)cc(=O)n(Cc2nc(C)c3cc(C)ccc3n2)c1=O
20680793,CHEMBL4642801,IC50,=,6.0,nM,8.22,CHEMBL284,Dipeptidyl peptidase 4,N[C@@H]1CN(c2ncc(Oc3c[nH]nc3C3=CCC(F)(F)CC3)cn2)C[C@@H]1c1cc(F)c(F)cc1F
20680794,CHEMBL4649180,IC50,=,2.07,nM,8.68,CHEMBL284,Dipeptidyl peptidase 4,CC#CCN1C(N2CCC[C@H](N)C2)=NC2C1C(=O)N(C(C)c1nc(C)c3ccccc3n1)C(=O)N2C
20680795,CHEMBL4632896,IC50,=,2.72,nM,8.56,CHEMBL284,Dipeptidyl peptidase 4,CCOC(=O)c1c(C(C)C)cc(C(C)C)c(C(=O)OCC)c1-c1cc2ccc(-c3ccc4c(C)cccc4c3)cc2[nH]1
20680796,CHEMBL4638480,IC50,=,0.76,nM,9.12,CHEMBL284,Dipeptidyl peptidase 4,O=[N+]([O-])c1cccc(/C=N/N2C(c3ccccc3)=Nc3ccc(I)cc3C2NC2NC=CS2)c1
20680797,CHEMBL1683571,IC50,=,23.0,nM,7.64,CHEMBL284,Dipeptidyl peptidase 4,N[C@H]1CN(c2ncnc(N3CCC(F)(F)C3)n2)C[C@@H]1N1CC(F)(F)CCC1=O
20680798,CHEMBL4647956,IC50,=,247.0,nM,6.61,CHEMBL284,Dipeptidyl peptidase 4,Cl.N#C[C@@H]1CCCN1C(=O)[C@@H](N)Cc1ccc(-c2cn(C3CC3)nn2)cc1
20680799,CHEMBL4638352,IC50,=,12.0,nM,7.92,CHEMBL284,Dipeptidyl peptidase 4,N#C[C@@H]1CCCN1C(=O)CN(C(=O)CCCCCl)C12CC3CC(CC(O)(C3)C1)C2
20680800,CHEMBL142703,IC50,=,3500.0,nM,,CHEMBL284,Dipeptidyl peptidase 4,N#C[C@@H]1CCCN1C(=O)CNC12CC3CC(CC(O)(C3)C1)C2
22463724,CHEMBL4761281,IC50,=,230.0,nM,6.64,CHEMBL284,Dipeptidyl peptidase 4,CC#CCn1c(N2CCC[C@@H](N)C2)nc2c1c(=O)n(CCCN1CCC(c3nc(-c4ccccc4)no3)CC1)c(=O)n2C
22463725,CHEMBL4762199,IC50,=,47.0,nM,7.33,CHEMBL284,Dipeptidyl peptidase 4,CC#CCn1c(N2CCC[C@@H](N)C2)nc2c1c(=O)n(CCCN1CCC(n3cc(-c4ccccc4)nn3)CC1)c(=O)n2C
22463726,CHEMBL4743350,IC50,=,190.0,nM,6.72,CHEMBL284,Dipeptidyl peptidase 4,CC#CCn1c(N2CCC[C@@H](N)C2)nc2c1c(=O)n(CCCN1CCC(c3nc(-c4ccccc4)cs3)CC1)c(=O)n2C
22463727,CHEMBL4744389,IC50,=,44.0,nM,7.36,CHEMBL284,Dipeptidyl peptidase 4,CC#CCn1c(N2CCC[C@@H](N)C2)nc2c1c(=O)n(CCCN1CCC(c3nc(-c4ccccc4)c[nH]3)CC1)c(=O)n2C
22463728,CHEMBL4750433,IC50,=,120.0,nM,6.92,CHEMBL284,Dipeptidyl peptidase 4,CC#CCn1c(N2CCC[C@@H](N)C2)nc2c1c(=O)n(CCCN1CCC(c3ncc(-c4ccccc4)o3)CC1)c(=O)n2C
22463729,CHEMBL4783756,IC50,=,190.0,nM,6.72,CHEMBL284,Dipeptidyl peptidase 4,CC#CCn1c(N2CCC[C@@H](N)C2)nc2c1c(=O)n(CCCN1CCC(c3cc(-c4ccccc4)on3)CC1)c(=O)n2C
22463730,CHEMBL4796411,IC50,=,270.0,nM,6.57,CHEMBL284,Dipeptidyl peptidase 4,CC#CCn1c(N2CCC[C@@H](N)C2)nc2c1c(=O)n(CCCN1CCC(c3nnnn3-c3ccccc3)CC1)c(=O)n2C
22463731,CHEMBL4784857,IC50,=,40.0,nM,7.40,CHEMBL284,Dipeptidyl peptidase 4,CC#CCn1c(N2CCC[C@@H](N)C2)nc2c1c(=O)n(CCCN1CCN(c3nc(-c4ccccc4)no3)CC1)c(=O)n2C
22463732,CHEMBL4795875,IC50,=,360.0,nM,6.44,CHEMBL284,Dipeptidyl peptidase 4,CC#CCn1c(N2CCC[C@@H](N)C2)nc2c1c(=O)n(CCCN1CCN(c3nc(-c4ccccc4)ns3)CC1)c(=O)n2C
22463733,CHEMBL4742337,IC50,=,76.0,nM,7.12,CHEMBL284,Dipeptidyl peptidase 4,CC#CCn1c(N2CCC[C@@H](N)C2)nc2c1c(=O)n(CCCN1CCN(c3nnc(-c4ccccc4)[nH]3)CC1)c(=O)n2C
22463734,CHEMBL4799779,IC50,=,83.0,nM,7.08,CHEMBL284,Dipeptidyl peptidase 4,CC#CCn1c(N2CCC[C@@H](N)C2)nc2c1c(=O)n(CCCN1CCN(c3cc(C)nn3-c3ccccc3)CC1)c(=O)n2C
22463735,CHEMBL4740282,IC50,=,59.0,nM,7.23,CHEMBL284,Dipeptidyl peptidase 4,CC#CCn1c(N2CCC[C@@H](N)C2)nc2c1c(=O)n(CCCN1CCN(c3nc(-c4ccccc4)cs3)CC1)c(=O)n2C
22463736,CHEMBL4782382,IC50,=,680.0,nM,6.17,CHEMBL284,Dipeptidyl peptidase 4,CC#CCn1c(N2CCC[C@@H](N)C2)nc2c1c(=O)n(CCCN1CCN(c3noc(-c4ccccc4)n3)CC1)c(=O)n2C
22463737,CHEMBL1422,IC50,=,8.4,nM,8.08,CHEMBL284,Dipeptidyl peptidase 4,N[C@@H](CC(=O)N1CCn2c(nnc2C(F)(F)F)C1)Cc1cc(F)c(F)cc1F
22463738,CHEMBL4785060,IC50,=,660.0,nM,6.18,CHEMBL284,Dipeptidyl peptidase 4,CC#CCn1c(N2CCC[C@@H](N)C2)nc2c1c(=O)n(CCCN1CCN(c3ncc(C)cn3)CC1)c(=O)n2C
22463739,CHEMBL4745258,IC50,=,610.0,nM,6.21,CHEMBL284,Dipeptidyl peptidase 4,CC#CCn1c(N2CCC[C@@H](N)C2)nc2c1c(=O)n(CCCN1CCN(c3ncc(CC)cn3)CC1)c(=O)n2C
22463740,CHEMBL4776485,IC50,=,590.0,nM,6.23,CHEMBL284,Dipeptidyl peptidase 4,CC#CCn1c(N2CCC[C@@H](N)C2)nc2c1c(=O)n(CCCN1CCN(c3ncc(CCC)cn3)CC1)c(=O)n2C
22463741,CHEMBL4764779,IC50,=,430.0,nM,6.37,CHEMBL284,Dipeptidyl peptidase 4,CC#CCn1c(N2CCC[C@@H](N)C2)nc2c1c(=O)n(CCCN1CCN(c3ncc(OC)cn3)CC1)c(=O)n2C
22463742,CHEMBL4749117,IC50,=,350.0,nM,6.46,CHEMBL284,Dipeptidyl peptidase 4,CC#CCn1c(N2CCC[C@@H](N)C2)nc2c1c(=O)n(CCCN1CCN(c3ncc(F)cn3)CC1)c(=O)n2C
22463743,CHEMBL4751384,IC50,=,740.0,nM,6.13,CHEMBL284,Dipeptidyl peptidase 4,CC#CCn1c(N2CCC[C@@H](N)C2)nc2c1c(=O)n(CCCN1CCN(c3ncc(C(F)(F)F)cn3)CC1)c(=O)n2C
22483370,CHEMBL4750352,IC50,=,143.0,nM,6.84,CHEMBL284,Dipeptidyl peptidase 4,N[C@@H](CCn1cc(-c2ccccn2)nn1)Cc1cc(F)c(F)cc1F
22483371,CHEMBL4790735,IC50,=,28.0,nM,7.55,CHEMBL284,Dipeptidyl peptidase 4,N[C@@H](CCn1cc(-c2cccnc2)nn1)Cc1cc(F)c(F)cc1F
22483372,CHEMBL4250492,IC50,=,14.0,nM,7.85,CHEMBL284,Dipeptidyl peptidase 4,N[C@@H](CCn1cc(-c2ccncc2)nn1)Cc1cc(F)c(F)cc1F
22483373,CHEMBL4792546,IC50,=,254.0,nM,6.59,CHEMBL284,Dipeptidyl peptidase 4,N[C@@H](CCn1ccnn1)Cc1cc(F)c(F)cc1F
22483374,CHEMBL4747721,IC50,=,133.0,nM,6.88,CHEMBL284,Dipeptidyl peptidase 4,Cc1cn(CC[C@H](N)Cc2cc(F)c(F)cc2F)nn1
22483375,CHEMBL4789426,IC50,=,121.0,nM,6.92,CHEMBL284,Dipeptidyl peptidase 4,CC(C)(C)c1cn(CC[C@H](N)Cc2cc(F)c(F)cc2F)nn1
22483376,CHEMBL4790799,IC50,=,305.0,nM,6.52,CHEMBL284,Dipeptidyl peptidase 4,N[C@@H](Cc1cn(-c2cccnc2)nn1)Cc1cc(F)c(F)cc1F
22483377,CHEMBL4763110,IC50,=,427.0,nM,6.37,CHEMBL284,Dipeptidyl peptidase 4,N[C@@H](Cc1cn(-c2ccncc2)nn1)Cc1cc(F)c(F)cc1F
22483378,CHEMBL4745231,IC50,=,265.0,nM,6.58,CHEMBL284,Dipeptidyl peptidase 4,N[C@@H](Cc1cn(-c2cccc3ncccc23)nn1)Cc1cc(F)c(F)cc1F
22483379,CHEMBL4798357,IC50,=,780.0,nM,6.11,CHEMBL284,Dipeptidyl peptidase 4,N[C@@H](Cc1cn(-c2ccc3ncccc3c2)nn1)Cc1cc(F)c(F)cc1F
22483380,CHEMBL1422,IC50,=,7.8,nM,8.11,CHEMBL284,Dipeptidyl peptidase 4,N[C@@H](CC(=O)N1CCn2c(nnc2C(F)(F)F)C1)Cc1cc(F)c(F)cc1F
22791975,CHEMBL3931183,IC50,=,34.0,nM,7.47,CHEMBL284,Dipeptidyl peptidase 4,C[C@]1(N2Cc3c[nH]nc3C2)CO[C@H](c2cc(F)ccc2F)[C@@H](N)C1
22791976,CHEMBL3940772,IC50,=,37.0,nM,7.43,CHEMBL284,Dipeptidyl peptidase 4,C[C@]1(N2Cc3cn(S(C)(=O)=O)nc3C2)CO[C@H](c2cc(F)ccc2F)[C@@H](N)C1
22791977,CHEMBL4746458,IC50,=,8.8,nM,8.06,CHEMBL284,Dipeptidyl peptidase 4,N[C@H]1C[C@@H](N2Cc3cn(S(=O)(=O)NC(=O)c4ccccc4)nc3C2)CO[C@@H]1c1cc(F)ccc1F
22791978,CHEMBL4776573,IC50,=,18.0,nM,7.75,CHEMBL284,Dipeptidyl peptidase 4,CS(=O)(=NS(=O)(=O)c1ccccc1)n1cc2c(n1)CN([C@H]1CO[C@H](c3cc(F)ccc3F)[C@@H](N)C1)C2
22800175,CHEMBL4798053,IC50,=,1200.0,nM,5.92,CHEMBL284,Dipeptidyl peptidase 4,Cc1ccc(Nc2cc(N3CCC[C@@H](N)C3)nc3ccnn23)c(N)c1
22800176,CHEMBL4787437,IC50,=,9100.0,nM,5.04,CHEMBL284,Dipeptidyl peptidase 4,Cc1ccc(Nc2cc(N3CCC[C@@H](N)C3)nc3ccnn23)c(C)c1
22800177,CHEMBL4751895,IC50,=,25300.0,nM,4.60,CHEMBL284,Dipeptidyl peptidase 4,N[C@@H]1CCCN(c2cc(Nc3ccccc3Cl)n3nccc3n2)C1
22800178,CHEMBL4760965,IC50,=,17700.0,nM,4.75,CHEMBL284,Dipeptidyl peptidase 4,N[C@@H]1CCCN(c2cc(Nc3ccc(F)cc3F)n3nccc3n2)C1
22800179,CHEMBL4753503,IC50,=,22200.0,nM,4.65,CHEMBL284,Dipeptidyl peptidase 4,N[C@@H]1CCCN(c2cc(Nc3ccc(Cl)cc3Cl)n3nccc3n2)C1
22800180,CHEMBL4745889,IC50,=,11700.0,nM,4.93,CHEMBL284,Dipeptidyl peptidase 4,N[C@@H]1CCCN(c2cc(Nc3ccccc3[N+](=O)[O-])n3nccc3n2)C1
22800181,CHEMBL4794198,IC50,>,100000.0,nM,,CHEMBL284,Dipeptidyl peptidase 4,CN(c1ccccc1)c1cc(N2CCC[C@@H](N)C2)nc2ccnn12
22800182,CHEMBL4743490,IC50,=,300.0,nM,6.52,CHEMBL284,Dipeptidyl peptidase 4,N[C@@H]1CCCN(c2cc(NCc3ccccc3)n3nccc3n2)C1
22800183,CHEMBL4763718,IC50,=,7900.0,nM,5.10,CHEMBL284,Dipeptidyl peptidase 4,N[C@@H]1CCCN(c2cc(NCc3ccc(O)cc3)n3nccc3n2)C1
22800184,CHEMBL4791597,IC50,=,5700.0,nM,5.24,CHEMBL284,Dipeptidyl peptidase 4,N[C@@H]1CCCN(c2cc(NCc3ccc(Cl)cc3Cl)n3nccc3n2)C1
22800185,CHEMBL4754343,IC50,=,1100.0,nM,5.96,CHEMBL284,Dipeptidyl peptidase 4,N[C@@H]1CCCN(c2cc(NCCc3ccc(Cl)cc3Cl)n3nccc3n2)C1
22800186,CHEMBL4743516,IC50,=,8100.0,nM,5.09,CHEMBL284,Dipeptidyl peptidase 4,Cc1ccnc(Nc2cc(N3CCC[C@@H](N)C3)nc3ccnn23)c1
22800187,CHEMBL4786137,IC50,=,14400.0,nM,4.84,CHEMBL284,Dipeptidyl peptidase 4,N[C@@H]1CCCN(c2cc(Nc3cc(F)ccn3)n3nccc3n2)C1
22800188,CHEMBL4794801,IC50,=,2400.0,nM,5.62,CHEMBL284,Dipeptidyl peptidase 4,N[C@@H]1CCCN(c2cc(Nc3cc(Cl)ccn3)n3nccc3n2)C1
22800189,CHEMBL4779718,IC50,=,31800.0,nM,4.50,CHEMBL284,Dipeptidyl peptidase 4,N[C@@H]1CCCN(c2cc(Nc3cc[nH]n3)n3nccc3n2)C1
22800190,CHEMBL4764894,IC50,=,800.0,nM,6.10,CHEMBL284,Dipeptidyl peptidase 4,Cc1ccc(Nc2cc(N3CCNCC3)nc3ccnn23)c(N)c1
22800191,CHEMBL4752835,IC50,=,1600.0,nM,5.80,CHEMBL284,Dipeptidyl peptidase 4,Cc1ccc(Nc2cc(N3CCNCC3)nc3ccnn23)c(C)c1
22800192,CHEMBL4782865,IC50,=,23600.0,nM,4.63,CHEMBL284,Dipeptidyl peptidase 4,Clc1ccccc1Nc1cc(N2CCNCC2)nc2ccnn12
22800193,CHEMBL4798418,IC50,=,400.0,nM,6.40,CHEMBL284,Dipeptidyl peptidase 4,Fc1ccc(Nc2cc(N3CCNCC3)nc3ccnn23)c(F)c1
22800194,CHEMBL4749086,IC50,=,3500.0,nM,5.46,CHEMBL284,Dipeptidyl peptidase 4,O=[N+]([O-])c1ccccc1Nc1cc(N2CCNCC2)nc2ccnn12
22800195,CHEMBL4776878,IC50,=,80500.0,nM,4.09,CHEMBL284,Dipeptidyl peptidase 4,CN(c1ccccc1)c1cc(N2CCNCC2)nc2ccnn12
22800196,CHEMBL4765147,IC50,=,470.0,nM,6.33,CHEMBL284,Dipeptidyl peptidase 4,Clc1ccc(Nc2cc(N3CCNCC3)nc3ccnn23)c(Cl)c1
22800197,CHEMBL4764120,IC50,=,89.0,nM,7.05,CHEMBL284,Dipeptidyl peptidase 4,Clc1ccc(CCNc2cc(N3CCNCC3)nc3ccnn23)c(Cl)c1
22800198,CHEMBL4784434,IC50,=,2.0,nM,8.70,CHEMBL284,Dipeptidyl peptidase 4,Fc1ccc(CNc2cc(N3CCNCC3)nc3ccnn23)c(F)c1
22800199,CHEMBL4754461,IC50,=,2800.0,nM,5.55,CHEMBL284,Dipeptidyl peptidase 4,Cc1ccnc(Nc2cc(N3CCNCC3)nc3ccnn23)c1
22800200,CHEMBL4751103,IC50,>,100000.0,nM,,CHEMBL284,Dipeptidyl peptidase 4,c1cc2nc(N3CCOCC3)cc(Nc3cc[nH]n3)n2n1
22800201,CHEMBL4799877,IC50,>,100000.0,nM,,CHEMBL284,Dipeptidyl peptidase 4,CC(C)(C)Nc1cc(NC(C)(C)C)n2nccc2n1
22800202,CHEMBL376359,IC50,=,4.0,nM,8.40,CHEMBL284,Dipeptidyl peptidase 4,Cn1c(=O)cc(N2CCC[C@@H](N)C2)n(Cc2ccccc2C#N)c1=O
22812736,CHEMBL67279,IC50,=,22.0,nM,7.66,CHEMBL284,Dipeptidyl peptidase 4,CC(C)[C@H](N)C(=O)N1CCC[C@H]1B(O)O
22812737,CHEMBL4747683,IC50,=,2.0,nM,8.70,CHEMBL284,Dipeptidyl peptidase 4,CC#CCn1c(N2CCC[C@@H](N)C2)nc2c1c(=O)n(CC1=NC3C=CC=CC3C(C)=N1)c(=O)n2C
22812738,CHEMBL2333026,IC50,>,100000.0,nM,,CHEMBL284,Dipeptidyl peptidase 4,C[C@@H](NC(=O)c1ccncc1)C(=O)N1CCC[C@H]1B(O)O
22812739,CHEMBL3233842,IC50,>,100000.0,nM,,CHEMBL284,Dipeptidyl peptidase 4,N#C[C@@H]1CC(F)(F)CN1C(=O)CNC(=O)c1ccnc2ccccc12
22812740,CHEMBL4740030,IC50,>,100000.0,nM,,CHEMBL284,Dipeptidyl peptidase 4,N#C[C@@H]1CC(F)(F)CN1C(=O)CNC(=O)c1csc(-c2ccc(C(F)(F)F)cc2)n1
22812741,CHEMBL4762435,IC50,>,100000.0,nM,,CHEMBL284,Dipeptidyl peptidase 4,N#C[C@@H]1CC(F)(F)CN1C(=O)CNC(=O)c1csc(-c2ccc(Cl)cc2C(F)(F)F)n1
22812742,CHEMBL4789754,IC50,>,100000.0,nM,,CHEMBL284,Dipeptidyl peptidase 4,N#C[C@@H]1CC(F)(F)CN1C(=O)CNC(=O)c1csc(Cc2ccc(Cl)cc2)n1
22812743,CHEMBL4751873,IC50,=,200.0,nM,6.70,CHEMBL284,Dipeptidyl peptidase 4,N#C[C@@H]1CC(F)(F)CN1C(=O)CNC(=O)c1csc(Cc2ccccc2Br)n1
22812744,CHEMBL4755802,IC50,=,52020.0,nM,4.28,CHEMBL284,Dipeptidyl peptidase 4,N#C[C@@H]1CC(F)(F)CN1C(=O)CNC(=O)c1csc(Cc2cccc(Br)c2)n1
22812745,CHEMBL4746868,IC50,>,100000.0,nM,,CHEMBL284,Dipeptidyl peptidase 4,N#C[C@@H]1CC(F)(F)CN1C(=O)CNC(=O)c1csc(Cc2ccc(Br)cc2)n1
22812746,CHEMBL4758377,IC50,>,100000.0,nM,,CHEMBL284,Dipeptidyl peptidase 4,N#C[C@@H]1CC(F)(F)CN1C(=O)CNC(=O)c1csc(Cc2ccccc2I)n1
22812747,CHEMBL4748328,IC50,>,100000.0,nM,,CHEMBL284,Dipeptidyl peptidase 4,COc1ccc(Cc2nc(C(=O)NCC(=O)N3CC(F)(F)C[C@H]3C#N)cs2)cc1
22812748,CHEMBL4750058,IC50,>,100000.0,nM,,CHEMBL284,Dipeptidyl peptidase 4,N#C[C@@H]1CC(F)(F)CN1C(=O)CNC(=O)c1csc(Cc2ccccc2-c2ccc3ccccc3c2)n1
22812749,CHEMBL4786982,IC50,>,100000.0,nM,,CHEMBL284,Dipeptidyl peptidase 4,N#C[C@@H]1CC(F)(F)CN1C(=O)CNC(=O)c1csc(Cc2ccc(Cl)c(Cl)c2)n1
22812750,CHEMBL4762591,IC50,>,100000.0,nM,,CHEMBL284,Dipeptidyl peptidase 4,N#C[C@@H]1CC(F)(F)CN1C(=O)CNC(=O)c1csc(Cc2ccc(Cl)cc2Cl)n1
22812751,CHEMBL4792518,IC50,>,100000.0,nM,,CHEMBL284,Dipeptidyl peptidase 4,N#C[C@@H]1CC(F)(F)CN1C(=O)CNC(=O)c1csc(Cc2cc(Cl)ccc2Cl)n1
22812752,CHEMBL4748332,IC50,>,100000.0,nM,,CHEMBL284,Dipeptidyl peptidase 4,N#C[C@@H]1CC(F)(F)CN1C(=O)CNC(=O)c1csc(Cc2ccc(F)c(F)c2)n1
22812753,CHEMBL4785892,IC50,>,100000.0,nM,,CHEMBL284,Dipeptidyl peptidase 4,N#C[C@@H]1CC(F)(F)CN1C(=O)CNC(=O)c1csc(Cc2ccc(F)cc2Cl)n1
22812754,CHEMBL4779526,IC50,=,68850.0,nM,4.16,CHEMBL284,Dipeptidyl peptidase 4,Cc1ccc(Cc2nc(C(=O)NCC(=O)N3CC(F)(F)C[C@H]3C#N)cs2)cc1
22812755,CHEMBL4744633,IC50,>,100000.0,nM,,CHEMBL284,Dipeptidyl peptidase 4,N#C[C@@H]1CC(F)(F)CN1C(=O)CNC(=O)c1csc(Cc2ccc(OC(F)(F)F)cc2)n1
22812756,CHEMBL4799823,IC50,>,100000.0,nM,,CHEMBL284,Dipeptidyl peptidase 4,N#Cc1ccc(Cc2nc(C(=O)NCC(=O)N3CC(F)(F)C[C@H]3C#N)cs2)cc1
22812757,CHEMBL4753316,IC50,>,100000.0,nM,,CHEMBL284,Dipeptidyl peptidase 4,N#Cc1ccc(-c2ccc(Cc3nc(C(=O)NCC(=O)N4CC(F)(F)C[C@H]4C#N)cs3)cc2)cc1
22812758,CHEMBL4743815,IC50,>,100000.0,nM,,CHEMBL284,Dipeptidyl peptidase 4,N#C[C@@H]1CC(F)(F)CN1C(=O)CNC(=O)c1csc(Cc2ccc(-c3ccc(Cl)cc3)cc2)n1
22812759,CHEMBL4762306,IC50,>,100000.0,nM,,CHEMBL284,Dipeptidyl peptidase 4,CSc1ccc(Cc2nc(C(=O)NCC(=O)N3CC(F)(F)C[C@H]3C#N)cs2)cc1
22812760,CHEMBL4748662,IC50,=,4120.0,nM,5.38,CHEMBL284,Dipeptidyl peptidase 4,C[S+]([O-])c1ccc(Cc2nc(C(=O)NCC(=O)N3CC(F)(F)C[C@H]3C#N)cs2)cc1
22812761,CHEMBL4797479,IC50,=,10110.0,nM,5.00,CHEMBL284,Dipeptidyl peptidase 4,CS(=O)(=O)c1ccc(Cc2nc(C(=O)NCC(=O)N3CC(F)(F)C[C@H]3C#N)cs2)cc1
22812762,CHEMBL4742308,IC50,>,100000.0,nM,,CHEMBL284,Dipeptidyl peptidase 4,N#C[C@@H]1CC(F)(F)CN1C(=O)CNC(=O)c1csc(Cc2ccc(-n3cccn3)cc2)n1
22812763,CHEMBL4761499,IC50,=,18710.0,nM,4.73,CHEMBL284,Dipeptidyl peptidase 4,N#C[C@@H]1CC(F)(F)CN1C(=O)CNC(=O)c1csc(Cc2ccc(-n3cncn3)cc2)n1
22812764,CHEMBL4743736,IC50,>,100000.0,nM,,CHEMBL284,Dipeptidyl peptidase 4,N#C[C@@H]1CC(F)(F)CN1C(=O)CNC(=O)c1csc(CCCc2ccc(Cl)c(Cl)c2)n1
22812765,CHEMBL4781018,IC50,=,82530.0,nM,4.08,CHEMBL284,Dipeptidyl peptidase 4,N#Cc1ccc(CCCc2nc(C(=O)NCC(=O)N3CC(F)(F)C[C@H]3C#N)cs2)cc1
22812766,CHEMBL4746891,IC50,>,100000.0,nM,,CHEMBL284,Dipeptidyl peptidase 4,N#C[C@@H]1CC(F)(F)CN1C(=O)CNC(=O)c1csc(CSc2ccc(Cl)c(Cl)c2)n1
22812767,CHEMBL4780357,IC50,>,100000.0,nM,,CHEMBL284,Dipeptidyl peptidase 4,Cc1ccc(SCc2nc(C(=O)NCC(=O)N3CC(F)(F)C[C@H]3C#N)cs2)cc1
22812768,CHEMBL4748680,IC50,=,44560.0,nM,4.35,CHEMBL284,Dipeptidyl peptidase 4,N#Cc1ccc(SCc2nc(C(=O)NCC(=O)N3CC(F)(F)C[C@H]3C#N)cs2)cc1
22812769,CHEMBL4776967,IC50,>,100000.0,nM,,CHEMBL284,Dipeptidyl peptidase 4,N#C[C@@H]1CC(F)(F)CN1C(=O)CNC(=O)c1csc(CSc2ccc(C(F)(F)F)cc2)n1
22812770,CHEMBL4791505,IC50,>,100000.0,nM,,CHEMBL284,Dipeptidyl peptidase 4,N#C[C@@H]1CC(F)(F)CN1C(=O)CNC(=O)c1csc(CS(=O)(=O)c2ccc(Cl)c(Cl)c2)n1
22812771,CHEMBL4789965,IC50,=,76790.0,nM,4.12,CHEMBL284,Dipeptidyl peptidase 4,N#Cc1ccc(S(=O)(=O)Cc2nc(C(=O)NCC(=O)N3CC(F)(F)C[C@H]3C#N)cs2)cc1
22812772,CHEMBL4758299,IC50,>,100000.0,nM,,CHEMBL284,Dipeptidyl peptidase 4,N#C[C@@H]1CC(F)(F)CN1C(=O)CNC(=O)c1csc(CS(=O)(=O)c2ccc(C(F)(F)F)cc2)n1
22812773,CHEMBL4759201,IC50,>,100000.0,nM,,CHEMBL284,Dipeptidyl peptidase 4,Cc1ccc(S(=O)(=O)Cc2nc(C(=O)NCC(=O)N3CC(F)(F)C[C@H]3C#N)cs2)cc1
22812774,CHEMBL4754490,IC50,>,100000.0,nM,,CHEMBL284,Dipeptidyl peptidase 4,N#C[C@@H]1CC(F)(F)CN1C(=O)CNC(=O)c1csc(COc2ccc(Cl)c(Cl)c2)n1
22812775,CHEMBL4747575,IC50,>,100000.0,nM,,CHEMBL284,Dipeptidyl peptidase 4,N#Cc1ccc(OCc2nc(C(=O)NCC(=O)N3CC(F)(F)C[C@H]3C#N)cs2)cc1
23270331,CHEMBL4854306,IC50,>,30000.0,nM,,CHEMBL284,Dipeptidyl peptidase 4,Cc1ccc(Cl)cc1N1CCN(C(=O)CCC2(C3CC3)NC(=O)NC2=O)CC1
23270332,CHEMBL4873384,IC50,>,30000.0,nM,,CHEMBL284,Dipeptidyl peptidase 4,O=C1NC(=O)[C@@H](CCC(=O)N2CCN(c3cc(Cl)cc(Cl)c3)CC2)N1
23297201,CHEMBL2425883,IC50,=,106.3,nM,6.97,CHEMBL284,Dipeptidyl peptidase 4,CC#CCn1c(N2CCC[C@@H](N)C2)cc(=O)n(Cc2ccccc2)c1=O
23297202,CHEMBL4853464,IC50,=,18.2,nM,7.74,CHEMBL284,Dipeptidyl peptidase 4,N#Cc1ccccc1Cn1c(N2CCC[C@@H](N)C2)cc(=O)n(Cc2ccccc2)c1=O
23297203,CHEMBL4862579,IC50,=,9.2,nM,8.04,CHEMBL284,Dipeptidyl peptidase 4,CC#CCn1c(N2CCC[C@@H](N)C2)cc(=O)n(Cc2ccc(C(=O)OC)cc2)c1=O
23297204,CHEMBL4870762,IC50,,,,,CHEMBL284,Dipeptidyl peptidase 4,COC(=O)c1ccccc1Cn1c(=O)cc(N2CCC[C@@H](N)C2)n(Cc2ccccc2C#N)c1=O
23297205,CHEMBL4856604,IC50,=,15.0,nM,7.82,CHEMBL284,Dipeptidyl peptidase 4,COC(=O)c1cccc(Cn2c(=O)cc(N3CCC[C@@H](N)C3)n(Cc3ccccc3C#N)c2=O)c1
23297206,CHEMBL4864734,IC50,=,20.2,nM,7.70,CHEMBL284,Dipeptidyl peptidase 4,COC(=O)c1ccc(Cn2c(=O)cc(N3CCC[C@@H](N)C3)n(Cc3ccccc3C#N)c2=O)cc1
23297207,CHEMBL4848899,IC50,,,,,CHEMBL284,Dipeptidyl peptidase 4,CC#CCn1c(N2CCC[C@@H](N)C2)cc(=O)n(Cc2ccc(C(=O)O)cc2)c1=O
23297208,CHEMBL4855159,IC50,,,,,CHEMBL284,Dipeptidyl peptidase 4,N#Cc1ccccc1Cn1c(N2CCC[C@@H](N)C2)cc(=O)n(Cc2ccccc2C(=O)O)c1=O
23297209,CHEMBL4860647,IC50,,,,,CHEMBL284,Dipeptidyl peptidase 4,N#Cc1ccccc1Cn1c(N2CCC[C@@H](N)C2)cc(=O)n(Cc2cccc(C(=O)O)c2)c1=O
23297210,CHEMBL4857608,IC50,,,,,CHEMBL284,Dipeptidyl peptidase 4,N#Cc1ccccc1Cn1c(N2CCC[C@@H](N)C2)cc(=O)n(Cc2ccc(C(=O)O)cc2)c1=O
23297211,CHEMBL376359,IC50,=,3.1,nM,8.51,CHEMBL284,Dipeptidyl peptidase 4,Cn1c(=O)cc(N2CCC[C@@H](N)C2)n(Cc2ccccc2C#N)c1=O
23297212,CHEMBL4874467,IC50,=,9.1,nM,8.04,CHEMBL284,Dipeptidyl peptidase 4,CC#CCn1c(N2CCC[C@@H](N)C2)cc(=O)n(Cc2cccc(C(=O)NCC(=O)OC)c2)c1=O
23297213,CHEMBL4868921,IC50,,,,,CHEMBL284,Dipeptidyl peptidase 4,CC#CCn1c(N2CCC[C@@H](N)C2)cc(=O)n(Cc2cccc(C(=O)N3CCC[C@H]3C(=O)OC)c2)c1=O
23297214,CHEMBL4867117,IC50,=,47.6,nM,7.32,CHEMBL284,Dipeptidyl peptidase 4,CC#CCn1c(N2CCC[C@@H](N)C2)cc(=O)n(Cc2cccc(C(=O)N3CCC[C@@H]3C(=O)OC)c2)c1=O
23297215,CHEMBL4858093,IC50,=,23.7,nM,7.62,CHEMBL284,Dipeptidyl peptidase 4,CC#CCn1c(N2CCC[C@@H](N)C2)cc(=O)n(Cc2cccc(C(=O)N[C@@H](C)C(=O)OC)c2)c1=O
23297216,CHEMBL4869930,IC50,=,6.9,nM,8.16,CHEMBL284,Dipeptidyl peptidase 4,CC#CCn1c(N2CCC[C@@H](N)C2)cc(=O)n(Cc2cccc(C(=O)NCC(=O)O)c2)c1=O
23297217,CHEMBL4859630,IC50,=,34.6,nM,7.46,CHEMBL284,Dipeptidyl peptidase 4,CC#CCn1c(N2CCC[C@@H](N)C2)cc(=O)n(Cc2cccc(C(=O)N3CCC[C@H]3C(=O)O)c2)c1=O
23297218,CHEMBL4871197,IC50,=,19.1,nM,7.72,CHEMBL284,Dipeptidyl peptidase 4,CC#CCn1c(N2CCC[C@@H](N)C2)cc(=O)n(Cc2cccc(C(=O)N3CCC[C@@H]3C(=O)O)c2)c1=O
23297219,CHEMBL4858682,IC50,=,9.1,nM,8.04,CHEMBL284,Dipeptidyl peptidase 4,CC#CCn1c(N2CCC[C@@H](N)C2)cc(=O)n(Cc2cccc(C(=O)N[C@@H](C)C(=O)O)c2)c1=O
23297220,CHEMBL4876933,IC50,>,1000.0,nM,,CHEMBL284,Dipeptidyl peptidase 4,CC#CCn1c(N2CCC[C@@H](N)C2)cc(=O)n(Cc2cccc(C(=O)O)c2F)c1=O
23297221,CHEMBL4863102,IC50,=,1.0,nM,9.00,CHEMBL284,Dipeptidyl peptidase 4,CC#CCn1c(N2CCC[C@@H](N)C2)cc(=O)n(Cc2ccc(F)c(C(=O)O)c2)c1=O
23297222,CHEMBL4857729,IC50,=,2.8,nM,8.55,CHEMBL284,Dipeptidyl peptidase 4,CC#CCn1c(N2CCC[C@@H](N)C2)cc(=O)n(Cc2cc(C(=O)O)ccc2F)c1=O
23297223,CHEMBL4875769,IC50,>,1000.0,nM,,CHEMBL284,Dipeptidyl peptidase 4,CC#CCn1c(N2CCC[C@@H](N)C2)cc(=O)n(Cc2cccc(C(=O)O)c2Br)c1=O
23297224,CHEMBL4856337,IC50,=,0.8,nM,9.10,CHEMBL284,Dipeptidyl peptidase 4,CC#CCn1c(N2CCC[C@@H](N)C2)cc(=O)n(Cc2ccc(Br)c(C(=O)O)c2)c1=O
23297225,CHEMBL4860737,IC50,=,4.9,nM,8.31,CHEMBL284,Dipeptidyl peptidase 4,CC#CCn1c(N2CCC[C@@H](N)C2)cc(=O)n(Cc2cc(Br)cc(C(=O)O)c2)c1=O
23297226,CHEMBL4873862,IC50,=,13.0,nM,7.89,CHEMBL284,Dipeptidyl peptidase 4,CC#CCn1c(N2CCC[C@@H](N)C2)cc(=O)n(Cc2cc(C(=O)O)ccc2Br)c1=O
23297227,CHEMBL4865204,IC50,=,1.0,nM,9.00,CHEMBL284,Dipeptidyl peptidase 4,CC#CCn1c(N2CCC[C@@H](N)C2)cc(=O)n(Cc2ccc(Cl)c(C(=O)O)c2)c1=O
23297228,CHEMBL4871141,IC50,=,7.0,nM,8.15,CHEMBL284,Dipeptidyl peptidase 4,CC#CCn1c(N2CCC[C@@H](N)C2)cc(=O)n(Cc2cccc(C(=O)OC)c2F)c1=O
23297229,CHEMBL4846335,IC50,=,1.6,nM,8.80,CHEMBL284,Dipeptidyl peptidase 4,CC#CCn1c(N2CCC[C@@H](N)C2)cc(=O)n(Cc2ccc(F)c(C(=O)OC)c2)c1=O
23297230,CHEMBL4876894,IC50,=,4.3,nM,8.37,CHEMBL284,Dipeptidyl peptidase 4,CC#CCn1c(N2CCC[C@@H](N)C2)cc(=O)n(Cc2cc(C(=O)OC)ccc2F)c1=O
23297231,CHEMBL4852700,IC50,=,4.5,nM,8.35,CHEMBL284,Dipeptidyl peptidase 4,CC#CCn1c(N2CCC[C@@H](N)C2)cc(=O)n(Cc2cccc(C(=O)OC)c2Br)c1=O
23297232,CHEMBL4851477,IC50,=,1.3,nM,8.89,CHEMBL284,Dipeptidyl peptidase 4,CC#CCn1c(N2CCC[C@@H](N)C2)cc(=O)n(Cc2ccc(Br)c(C(=O)OC)c2)c1=O
23297233,CHEMBL4863369,IC50,=,1.3,nM,8.89,CHEMBL284,Dipeptidyl peptidase 4,CC#CCn1c(N2CCC[C@@H](N)C2)cc(=O)n(Cc2cc(Br)cc(C(=O)OC)c2)c1=O
23297234,CHEMBL4856255,IC50,=,2.6,nM,8.59,CHEMBL284,Dipeptidyl peptidase 4,CC#CCn1c(N2CCC[C@@H](N)C2)cc(=O)n(Cc2cc(C(=O)OC)ccc2Br)c1=O
23297235,CHEMBL4845890,IC50,=,1.1,nM,8.96,CHEMBL284,Dipeptidyl peptidase 4,CC#CCn1c(N2CCC[C@@H](N)C2)cc(=O)n(Cc2ccc(Cl)c(C(=O)OC)c2)c1=O
23297236,CHEMBL142703,IC50,,,,,CHEMBL284,Dipeptidyl peptidase 4,N#C[C@@H]1CCCN1C(=O)CNC12CC3CC(CC(O)(C3)C1)C2
23308662,CHEMBL2385281,IC50,>,4000.0,nM,,CHEMBL284,Dipeptidyl peptidase 4,N#C[C@@H]1CCCN1C(=O)CNC(=O)c1ccnc2ccccc12
23308663,CHEMBL3233842,IC50,>,1000.0,nM,,CHEMBL284,Dipeptidyl peptidase 4,N#C[C@@H]1CC(F)(F)CN1C(=O)CNC(=O)c1ccnc2ccccc12
23308664,CHEMBL4877950,IC50,>,4000.0,nM,,CHEMBL284,Dipeptidyl peptidase 4,COc1ccc(CNC(=O)C(=O)[C@@H]2CCCN2C(=O)CNC(=O)c2ccnc3ccccc23)cc1OC
23308665,CHEMBL4864133,IC50,>,3000.0,nM,,CHEMBL284,Dipeptidyl peptidase 4,O=C(NCc1ccc(F)cc1)C(=O)[C@@H]1CCCN1C(=O)CNC(=O)c1ccnc2ccccc12
23308666,CHEMBL4859756,IC50,>,4000.0,nM,,CHEMBL284,Dipeptidyl peptidase 4,Cc1ccc(CNC(=O)C(=O)[C@@H]2CCCN2C(=O)CNC(=O)c2ccnc3ccccc23)c(C)c1
23308667,CHEMBL4853661,IC50,>,4000.0,nM,,CHEMBL284,Dipeptidyl peptidase 4,COc1ccc(CCNC(=O)C(=O)[C@@H]2CCCN2C(=O)CNC(=O)c2ccnc3ccccc23)cc1OC
23308668,CHEMBL4855449,IC50,>,4000.0,nM,,CHEMBL284,Dipeptidyl peptidase 4,CCCCCNC(=O)C(=O)[C@@H]1CCCN1C(=O)CNC(=O)c1ccnc2ccccc12
23308669,CHEMBL4878759,IC50,>,3000.0,nM,,CHEMBL284,Dipeptidyl peptidase 4,CC(C)(C)OC(=O)CNC(=O)C(=O)[C@@H]1CCCN1C(=O)CNC(=O)c1ccnc2ccccc12
23308670,CHEMBL4868869,IC50,>,4000.0,nM,,CHEMBL284,Dipeptidyl peptidase 4,O=C(NCC(=O)N1CCOCC1)C(=O)[C@@H]1CCCN1C(=O)CNC(=O)c1ccnc2ccccc12
23308671,CHEMBL4871602,IC50,>,4000.0,nM,,CHEMBL284,Dipeptidyl peptidase 4,CC(C)(C)NC(=O)CNC(=O)C(=O)[C@@H]1CCCN1C(=O)CNC(=O)c1ccnc2ccccc12
23308672,CHEMBL4854865,IC50,>,4000.0,nM,,CHEMBL284,Dipeptidyl peptidase 4,COC(=O)[C@H](Cc1ccccc1)NC(=O)CNC(=O)C(=O)[C@@H]1CCCN1C(=O)CNC(=O)c1ccnc2ccccc12
23308673,CHEMBL4864489,IC50,>,4000.0,nM,,CHEMBL284,Dipeptidyl peptidase 4,COC(=O)[C@H](CCC(=O)O)NC(=O)CNC(=O)C(=O)[C@@H]1CCCN1C(=O)CNC(=O)c1ccnc2ccccc12
23308674,CHEMBL4876026,IC50,>,4000.0,nM,,CHEMBL284,Dipeptidyl peptidase 4,COC(=O)[C@H](CCCCNC(=O)OCc1ccccc1)NC(=O)CNC(=O)C(=O)[C@@H]1CCCN1C(=O)CNC(=O)c1ccnc2ccccc12
24689241,CHEMBL4296719,IC50,=,25.0,nM,7.60,CHEMBL284,Dipeptidyl peptidase 4,O=C(CN[C@@H]1CCNC1)N1CCC[C@H]1B(O)O
24689243,CHEMBL67279,Ki,=,0.18,nM,9.74,CHEMBL284,Dipeptidyl peptidase 4,CC(C)[C@H](N)C(=O)N1CCC[C@H]1B(O)O
24719097,CHEMBL5171860,IC50,>,700000.0,nM,,CHEMBL284,Dipeptidyl peptidase 4,Cl.NS(=O)(=O)c1ccc(OCCNCC2COc3ccccc3O2)cc1
24719098,CHEMBL5201114,IC50,>,700000.0,nM,,CHEMBL284,Dipeptidyl peptidase 4,CNS(=O)(=O)c1ccc(OCCNCC2COc3ccccc3O2)cc1.Cl
24719099,CHEMBL5191609,IC50,>,700000.0,nM,,CHEMBL284,Dipeptidyl peptidase 4,CCNS(=O)(=O)c1ccc(OCCNCC2COc3ccccc3O2)cc1.Cl
24719100,CHEMBL5193118,IC50,>,700000.0,nM,,CHEMBL284,Dipeptidyl peptidase 4,CN(C)S(=O)(=O)c1ccc(OCCNCC2COc3ccccc3O2)cc1.Cl
24719101,CHEMBL5184240,IC50,>,700000.0,nM,,CHEMBL284,Dipeptidyl peptidase 4,CC(C)S(=O)(=O)Nc1ccc(OCCNCC2COc3ccccc3O2)cc1.Cl
24719102,CHEMBL5194237,IC50,=,300200.0,nM,,CHEMBL284,Dipeptidyl peptidase 4,CS(=O)(=O)Nc1ccc(OCCNCC2COc3ccccc3O2)cc1.Cl
24719103,CHEMBL5203377,IC50,>,700000.0,nM,,CHEMBL284,Dipeptidyl peptidase 4,CCS(=O)(=O)Nc1ccc(OCCNCC2COc3ccccc3O2)cc1.Cl
24719104,CHEMBL5176469,IC50,=,326600.0,nM,,CHEMBL284,Dipeptidyl peptidase 4,CC(C)CS(=O)(=O)Nc1ccc(OCCNCC2COc3ccccc3O2)cc1.Cl
24719105,CHEMBL5191973,IC50,=,669300.0,nM,,CHEMBL284,Dipeptidyl peptidase 4,[N-]=[N+]=NC(CCOc1ccc(S(N)(=O)=O)cc1)C1COc2ccccc2O1
24719106,CHEMBL5206696,IC50,=,326600.0,nM,,CHEMBL284,Dipeptidyl peptidase 4,COc1cc(S(N)(=O)=O)ccc1OCCC(N=[N+]=[N-])C1COc2ccccc2O1
24719107,CHEMBL5198237,IC50,=,33.2,nM,7.48,CHEMBL284,Dipeptidyl peptidase 4,COc1cc(S(N)(=O)=O)cc(OC)c1OCCC(N=[N+]=[N-])C1COc2ccccc2O1
24719108,CHEMBL5177166,IC50,=,49.0,nM,7.31,CHEMBL284,Dipeptidyl peptidase 4,NC(CCOc1ccc(S(N)(=O)=O)cc1)C1COc2ccccc2O1
24719109,CHEMBL5193531,IC50,=,57440.0,nM,4.24,CHEMBL284,Dipeptidyl peptidase 4,COc1cc(S(N)(=O)=O)ccc1OCCC(N)C1COc2ccccc2O1
24719110,CHEMBL5205289,IC50,=,28.3,nM,7.55,CHEMBL284,Dipeptidyl peptidase 4,COc1cc(S(N)(=O)=O)cc(OC)c1OCCC(N)C1COc2ccccc2O1
24719111,CHEMBL25554,IC50,>,700000.0,nM,,CHEMBL284,Dipeptidyl peptidase 4,COc1cccc(OC)c1OCCNCC1COc2ccccc2O1
24719112,CHEMBL1422,IC50,=,8.8,nM,8.06,CHEMBL284,Dipeptidyl peptidase 4,N[C@@H](CC(=O)N1CCn2c(nnc2C(F)(F)F)C1)Cc1cc(F)c(F)cc1F
24719113,CHEMBL20,IC50,,,,,CHEMBL284,Dipeptidyl peptidase 4,CC(=O)Nc1nnc(S(N)(=O)=O)s1
24868516,CHEMBL67279,IC50,=,22.0,nM,7.66,CHEMBL284,Dipeptidyl peptidase 4,CC(C)[C@H](N)C(=O)N1CCC[C@H]1B(O)O
24868517,CHEMBL189620,IC50,>,100.0,nM,,CHEMBL284,Dipeptidyl peptidase 4,N#C[C@@H]1CCCN1C(=O)[C@@H]1CCCN1C(=O)CCCc1ccccc1
24868518,CHEMBL387444,Ki,=,9080.0,nM,5.04,CHEMBL284,Dipeptidyl peptidase 4,O=C(NCC(=O)N1CCC[C@H]1B(O)O)C1CCCCC1
24868519,CHEMBL1243126,IC50,>,50000.0,nM,,CHEMBL284,Dipeptidyl peptidase 4,N#C[C@@H]1C[C@H](F)CN1C(=O)[C@@H]1C[C@@H](CC(=O)N2Cc3ccccc3C2)C(=O)N1
24868520,CHEMBL2022530,Ki,>,100000.0,nM,,CHEMBL284,Dipeptidyl peptidase 4,N#C[C@@H]1CC(F)(F)CN1C(=O)CNC(=O)c1cccc2ccccc12
24868521,CHEMBL142703,IC50,=,120.0,nM,6.92,CHEMBL284,Dipeptidyl peptidase 4,N#C[C@@H]1CCCN1C(=O)CNC12CC3CC(CC(O)(C3)C1)C2
24872437,CHEMBL1929396,IC50,=,3.3,nM,8.48,CHEMBL284,Dipeptidyl peptidase 4,Cc1cc2ncc(C(=O)NCC(C)(C)NCC(=O)N3CCC[C@H]3C#N)cn2n1
24956783,CHEMBL3617968,IC50,>,30000.0,nM,,CHEMBL284,Dipeptidyl peptidase 4,CC(=O)C1=C(C)N(c2cccc(C(F)(F)F)c2)C(=O)N[C@@H]1c1ccc(C#N)nc1
24959144,CHEMBL237500,IC50,=,1.0,nM,9.00,CHEMBL284,Dipeptidyl peptidase 4,CC#CCn1c(N2CCC[C@@H](N)C2)nc2c1c(=O)n(Cc1nc(C)c3ccccc3n1)c(=O)n2C
24967450,CHEMBL5220594,IC50,=,0.16,nM,9.80,CHEMBL284,Dipeptidyl peptidase 4,C=COC(=O)[C@@H]1CCCN1C(=O)[C@H](CCCCNC(=O)OC(C)(C)C)NC(=O)OC(C)(C)C
24967451,CHEMBL5219996,IC50,=,171.0,nM,6.77,CHEMBL284,Dipeptidyl peptidase 4,CC(C)(C)OC(=O)NCCCC[C@H](NC(=O)OC(C)(C)C)C(=O)N1CCC[C@H]1C(=O)O/C=C/c1ccccc1
24967452,CHEMBL5219532,IC50,=,0.37,nM,9.43,CHEMBL284,Dipeptidyl peptidase 4,CC(C)=CCC/C(C)=C/OC(=O)[C@@H]1CCCN1C(=O)[C@H](CCCCNC(=O)OC(C)(C)C)NC(=O)OC(C)(C)C
24967453,CHEMBL5219761,IC50,=,6.39,nM,8.19,CHEMBL284,Dipeptidyl peptidase 4,C/C=C/OC(=O)[C@@H]1CCCN1C(=O)[C@H](CCCCNC(=O)OC(C)(C)C)NC(=O)OC(C)(C)C
24967454,CHEMBL5220613,IC50,=,0.14,nM,9.85,CHEMBL284,Dipeptidyl peptidase 4,CCOC(=O)/C=C/OC(=O)[C@@H]1CCCN1C(=O)[C@H](CCCCNC(=O)OC(C)(C)C)NC(=O)OC(C)(C)C
24967455,CHEMBL5220657,IC50,=,0.13,nM,9.89,CHEMBL284,Dipeptidyl peptidase 4,C=COC(=O)[C@@H]1CCCN1C(=O)[C@@H](N)CCCCN
24967456,CHEMBL5220750,IC50,=,0.27,nM,9.57,CHEMBL284,Dipeptidyl peptidase 4,NCCCC[C@H](N)C(=O)N1CCC[C@H]1C(=O)O/C=C/c1ccccc1
24967457,CHEMBL5220348,IC50,=,15.3,nM,7.82,CHEMBL284,Dipeptidyl peptidase 4,CC(C)=CCC/C(C)=C/OC(=O)[C@@H]1CCCN1C(=O)[C@@H](N)CCCCN
24967458,CHEMBL5218500,IC50,=,0.75,nM,9.12,CHEMBL284,Dipeptidyl peptidase 4,C/C=C/OC(=O)[C@@H]1CCCN1C(=O)[C@@H](N)CCCCN
24967459,CHEMBL5220053,IC50,=,24.7,nM,7.61,CHEMBL284,Dipeptidyl peptidase 4,C=COC(=O)[C@@H]1CCCN1C(=O)CNC(=O)OC(C)(C)C
24967460,CHEMBL5219939,IC50,=,0.26,nM,9.59,CHEMBL284,Dipeptidyl peptidase 4,CC(C)(C)OC(=O)NCC(=O)N1CCC[C@H]1C(=O)O/C=C/c1ccccc1
24967461,CHEMBL5220415,IC50,=,5.9,nM,8.23,CHEMBL284,Dipeptidyl peptidase 4,CCOC(=O)/C=C/OC(=O)[C@@H]1CCCN1C(=O)CNC(=O)OC(C)(C)C
24967462,CHEMBL5219299,IC50,=,0.28,nM,9.55,CHEMBL284,Dipeptidyl peptidase 4,C=COC(=O)[C@@H]1CCCN1C(=O)CN
24967463,CHEMBL5219451,IC50,=,0.28,nM,9.55,CHEMBL284,Dipeptidyl peptidase 4,NCC(=O)N1CCC[C@H]1C(=O)O/C=C/c1ccccc1
24967464,CHEMBL5219735,IC50,=,1.17,nM,8.93,CHEMBL284,Dipeptidyl peptidase 4,CCOC(=O)/C=C/OC(=O)[C@@H]1CCCN1C(=O)CN
24967465,CHEMBL5220474,IC50,=,0.46,nM,9.34,CHEMBL284,Dipeptidyl peptidase 4,COC(=O)[C@@H]1CCCN1C(=O)[C@H](Cc1ccccc1)NC(=O)OCc1ccccc1
24967466,CHEMBL5219966,IC50,=,10.2,nM,7.99,CHEMBL284,Dipeptidyl peptidase 4,COC(=O)C(Cc1ccccc1)NC(=O)[C@@H]1CCCN1C(=O)[C@H](Cc1ccccc1)NC(=O)OCc1ccccc1
24967467,CHEMBL3185489,IC50,=,18.5,nM,7.73,CHEMBL284,Dipeptidyl peptidase 4,NC(CC(=O)N1CCn2c(nnc2C(F)(F)F)C1)Cc1cc(F)c(F)cc1F
24967492,CHEMBL3185489,IC50,=,18.0,nM,7.75,CHEMBL284,Dipeptidyl peptidase 4,NC(CC(=O)N1CCn2c(nnc2C(F)(F)F)C1)Cc1cc(F)c(F)cc1F
24967493,CHEMBL142703,IC50,=,34.0,nM,7.47,CHEMBL284,Dipeptidyl peptidase 4,N#C[C@@H]1CCCN1C(=O)CNC12CC3CC(CC(O)(C3)C1)C2
24967494,CHEMBL385517,IC50,=,1.5,nM,8.82,CHEMBL284,Dipeptidyl peptidase 4,N#C[C@@H]1C[C@@H]2C[C@@H]2N1C(=O)[C@@H](N)C12CC3CC(CC(O)(C3)C1)C2
24967495,CHEMBL237500,IC50,=,0.4,nM,9.40,CHEMBL284,Dipeptidyl peptidase 4,CC#CCn1c(N2CCC[C@@H](N)C2)nc2c1c(=O)n(Cc1nc(C)c3ccccc3n1)c(=O)n2C
24967496,CHEMBL376359,IC50,=,7.5,nM,8.12,CHEMBL284,Dipeptidyl peptidase 4,Cn1c(=O)cc(N2CCC[C@@H](N)C2)n(Cc2ccccc2C#N)c1=O
24989598,CHEMBL5267798,IC50,=,0.3,nM,9.52,CHEMBL284,Dipeptidyl peptidase 4,CC(C)[C@H](Nc1ccc(CNC(=O)[C@@H]2CSCN2C(=O)C[C@H](N)Cc2cc(F)ccc2F)cc1)C(=O)O
24989599,CHEMBL5287917,IC50,=,0.48,nM,9.32,CHEMBL284,Dipeptidyl peptidase 4,CC(C)[C@H](Nc1ccc(CNC(=O)[C@@H]2CCCN2C(=O)C[C@H](N)Cc2cc(F)ccc2F)cc1)C(=O)O
24995360,CHEMBL376359,IC50,=,7.0,nM,8.15,CHEMBL284,Dipeptidyl peptidase 4,Cn1c(=O)cc(N2CCC[C@@H](N)C2)n(Cc2ccccc2C#N)c1=O
25031954,CHEMBL5280972,IC50,=,53960.0,nM,4.27,CHEMBL284,Dipeptidyl peptidase 4,CCOC(=O)c1n[nH]c2c(C(=O)OCC)cnn2c1=O.[NaH]
25031955,CHEMBL5285907,IC50,=,48130.0,nM,4.32,CHEMBL284,Dipeptidyl peptidase 4,CCOC(=O)c1cnn2c(=O)c(C(=O)NC(C)(C)C)n[nH]c12.[NaH]
25031956,CHEMBL5284943,IC50,=,61090.0,nM,4.21,CHEMBL284,Dipeptidyl peptidase 4,N#Cc1cnn2c(=O)c([N+](=O)[O-])n[nH]c12.[NaH]
25031957,CHEMBL5273757,IC50,=,63560.0,nM,4.20,CHEMBL284,Dipeptidyl peptidase 4,N/C(=N\O)c1cnn2c(=O)c([N+](=O)[O-])n[nH]c12.[NaH]
25031958,CHEMBL5285955,IC50,=,620000.0,nM,,CHEMBL284,Dipeptidyl peptidase 4,CCOC(=O)c1cnn2c(=O)c([N+](=O)[O-])n[nH]c12.[NaH]
25040334,CHEMBL5276430,Ki,=,5.53,nM,8.26,CHEMBL284,Dipeptidyl peptidase 4,N[C@H]1C[C@@H](N2CC3=C(C2)CS(=O)(=O)C3)CO[C@@H]1c1cc(F)ccc1F
25040339,CHEMBL5291433,IC50,=,6250.0,nM,5.20,CHEMBL284,Dipeptidyl peptidase 4,NNc1nc(NN)nc(N2C(=O)CSC2=O)n1
25040340,CHEMBL5275453,IC50,=,2.32,nM,8.63,CHEMBL284,Dipeptidyl peptidase 4,O=C(CNc1nc(Nc2ccc(S(=O)(=O)Nc3nccs3)cc2)nc(N2CCOCC2)n1)Nc1ccc(F)cc1
25040367,CHEMBL5270313,IC50,=,1.7,nM,8.77,CHEMBL284,Dipeptidyl peptidase 4,CC#CCN1C(N2CCC[C@@H](NC(=O)OC(C)(C)C)C2)=NC2N=C3N(C)C(=O)CN3C(=O)C21
25040368,CHEMBL5278252,IC50,=,0.5,nM,9.30,CHEMBL284,Dipeptidyl peptidase 4,CC#CCn1c(N2CCC[C@@H](N)C2)nc2c(C)c(=O)n(Cc3nc(C)c4c(F)cccc4n3)c(=O)n21
25040369,CHEMBL5278621,IC50,=,0.7,nM,9.15,CHEMBL284,Dipeptidyl peptidase 4,CC#CCn1c(N2CCC[C@@H](N)C2)nc2c(C)c(=O)n(Cc3nc(C)c4c(Cl)cccc4n3)c(=O)n21
25040370,CHEMBL5289102,IC50,=,5.78,nM,8.24,CHEMBL284,Dipeptidyl peptidase 4,CC#CCn1c(N2CCC[C@@H](N)C2)cc(=O)n(Cc2nc(C)c3cc(C)ccc3n2)c1=O
25040371,CHEMBL5269668,IC50,=,0.09,nM,10.05,CHEMBL284,Dipeptidyl peptidase 4,CC#CCN1C(N2CCC[C@@H](N)C2)=NC2C1C(=O)N(Cc1cccnc1C#N)C(=O)N2Cc1cccnc1C#N
25040597,CHEMBL142703,IC50,=,70.0,nM,7.16,CHEMBL284,Dipeptidyl peptidase 4,N#C[C@@H]1CCCN1C(=O)CNC12CC3CC(CC(O)(C3)C1)C2
25050372,CHEMBL1186023,IC50,=,0.48,nM,9.32,CHEMBL284,Dipeptidyl peptidase 4,CC(C)[C@H](Oc1ccc(CNC(=O)[C@@H]2CCCN2C(=O)C[C@H](N)Cc2cc(F)ccc2F)cc1)C(=O)O
25050490,CHEMBL2086591,IC50,=,31.0,nM,7.51,CHEMBL284,Dipeptidyl peptidase 4,N#Cc1ccc(C(=O)NCCC(=O)N2CCC[C@H]2C(N)=O)cc1
25050491,CHEMBL2086592,IC50,=,28.0,nM,7.55,CHEMBL284,Dipeptidyl peptidase 4,NC(=O)[C@@H]1CCCN1C(=O)CCNC(=O)c1ccc(C(F)(F)F)cc1
25050492,CHEMBL2086599,IC50,=,26.0,nM,7.58,CHEMBL284,Dipeptidyl peptidase 4,N#Cc1ccc(C(=O)NCCCC(=O)N2CCC[C@H]2C(N)=O)cc1
25050493,CHEMBL2086600,IC50,=,19.0,nM,7.72,CHEMBL284,Dipeptidyl peptidase 4,NC(=O)[C@@H]1CCCN1C(=O)CCCNC(=O)c1ccc(C(F)(F)F)cc1
25050494,CHEMBL2086607,IC50,=,34.0,nM,7.47,CHEMBL284,Dipeptidyl peptidase 4,N#Cc1ccc(C(=O)Nc2ccc(C(=O)N3CCC[C@H]3C(N)=O)cc2)cc1
25050495,CHEMBL2086608,IC50,=,31.0,nM,7.51,CHEMBL284,Dipeptidyl peptidase 4,NC(=O)[C@@H]1CCCN1C(=O)c1ccc(NC(=O)c2ccc(C(F)(F)F)cc2)cc1
25050496,CHEMBL2086613,IC50,=,2.3,nM,8.64,CHEMBL284,Dipeptidyl peptidase 4,N#Cc1ccc(C(=O)NCCCC(=O)N2CCC[C@H]2C#N)cc1
25050497,CHEMBL2086614,IC50,=,3.8,nM,8.42,CHEMBL284,Dipeptidyl peptidase 4,N#C[C@@H]1CCCN1C(=O)CCCNC(=O)c1ccc(C(F)(F)F)cc1
25050498,CHEMBL3093916,IC50,=,18.0,nM,7.75,CHEMBL284,Dipeptidyl peptidase 4,N#C[C@@H]1CCCN1C(=O)[C@@H](N)Cc1ccccc1F
25050499,CHEMBL3093918,IC50,=,11.0,nM,7.96,CHEMBL284,Dipeptidyl peptidase 4,N#C[C@@H]1CCCN1C(=O)[C@@H](N)Cc1ccc(F)cc1
25050500,CHEMBL3093920,IC50,=,17.0,nM,7.77,CHEMBL284,Dipeptidyl peptidase 4,COc1ccc(C[C@H](N)C(=O)N2CCC[C@H]2C#N)cc1
25050501,CHEMBL3093925,IC50,=,4.0,nM,8.40,CHEMBL284,Dipeptidyl peptidase 4,N#C[C@@H]1CCCN1C(=O)[C@@H](N)Cc1ccc(Cl)cc1
25050502,CHEMBL3093896,IC50,=,4.0,nM,8.40,CHEMBL284,Dipeptidyl peptidase 4,N#C[C@@H]1CCCN1C(=O)[C@@H](N)Cc1ccc(Br)cc1
25050503,CHEMBL3093902,IC50,=,17.0,nM,7.77,CHEMBL284,Dipeptidyl peptidase 4,N#C[C@@H]1C[C@H](F)CN1C(=O)[C@@H](N)Cc1ccccc1
25050504,CHEMBL5267474,IC50,=,3.0,nM,8.52,CHEMBL284,Dipeptidyl peptidase 4,N#C[C@@H]1C[C@H](F)CN1C(=O)[C@@H](N)Cc1ccccc1F
25050505,CHEMBL5279581,IC50,=,4.0,nM,8.40,CHEMBL284,Dipeptidyl peptidase 4,N#C[C@@H]1C[C@H](F)CN1C(=O)[C@@H](N)Cc1cccc(F)c1
25050506,CHEMBL3093903,IC50,=,5.0,nM,8.30,CHEMBL284,Dipeptidyl peptidase 4,N#C[C@@H]1C[C@H](F)CN1C(=O)[C@@H](N)Cc1ccc(F)cc1
25050507,CHEMBL3093905,IC50,=,5.0,nM,8.30,CHEMBL284,Dipeptidyl peptidase 4,COc1ccc(C[C@H](N)C(=O)N2C[C@@H](F)C[C@H]2C#N)cc1
25050508,CHEMBL5270099,IC50,=,6.0,nM,8.22,CHEMBL284,Dipeptidyl peptidase 4,N#C[C@@H]1C[C@H](F)CN1C(=O)[C@@H](N)Cc1ccc(N)cc1
25050509,CHEMBL5274564,IC50,=,6.0,nM,8.22,CHEMBL284,Dipeptidyl peptidase 4,N#C[C@@H]1C[C@H](F)CN1C(=O)[C@@H](N)Cc1ccc(Cl)cc1
25050510,CHEMBL5272450,IC50,=,17.0,nM,7.77,CHEMBL284,Dipeptidyl peptidase 4,N#C[C@@H]1C[C@H](F)CN1C(=O)[C@@H](N)Cc1ccc(Br)cc1
25050511,CHEMBL5288458,IC50,=,40.0,nM,7.40,CHEMBL284,Dipeptidyl peptidase 4,N#C[C@@H]1C[C@H](F)CN1C(=O)[C@@H](N)Cc1ccc(Cl)cc1Cl
25050512,CHEMBL5280469,IC50,=,50.0,nM,7.30,CHEMBL284,Dipeptidyl peptidase 4,N#C[C@@H]1C[C@H](F)CN1C(=O)[C@@H](N)Cc1cc(Cl)c(Cl)cc1Cl
25050513,CHEMBL5269848,IC50,=,10.0,nM,8.00,CHEMBL284,Dipeptidyl peptidase 4,N#C[C@@H]1[C@@H]2CCC[C@@H]2CN1C(=O)[C@@H](N)Cc1cc(F)c(F)cc1F
25050514,CHEMBL5285902,IC50,=,5.0,nM,8.30,CHEMBL284,Dipeptidyl peptidase 4,N#C[C@@H]1C[C@H](c2cccs2)CN1C(=O)[C@@H](N)CF
25050515,CHEMBL5275487,IC50,=,4.0,nM,8.40,CHEMBL284,Dipeptidyl peptidase 4,N#C[C@@H]1C[C@H](c2cscn2)CN1C(=O)[C@@H](N)CF
25050516,CHEMBL5266321,IC50,=,10.0,nM,8.00,CHEMBL284,Dipeptidyl peptidase 4,N#C[C@@H]1C[C@H](c2ccc3c(c2Br)OCO3)CN1C(=O)[C@@H](N)CF
25050517,CHEMBL1422,IC50,=,20.0,nM,7.70,CHEMBL284,Dipeptidyl peptidase 4,N[C@@H](CC(=O)N1CCn2c(nnc2C(F)(F)F)C1)Cc1cc(F)c(F)cc1F
25050518,CHEMBL5282739,IC50,=,247.0,nM,6.61,CHEMBL284,Dipeptidyl peptidase 4,N#C[C@@H]1CCCN1C(=O)C[C@@H](N)Cc1ccc(-c2cn(C3CC3)nn2)cc1
25050519,CHEMBL5268023,IC50,=,863.0,nM,6.06,CHEMBL284,Dipeptidyl peptidase 4,N#C[C@@H]1CCCN1C(=O)C[C@@H](N)Cc1ccc(-c2cn(C3CCCCC3)nn2)cc1
25050520,CHEMBL5266542,IC50,=,265.0,nM,6.58,CHEMBL284,Dipeptidyl peptidase 4,Cn1cc(-c2ccc(C[C@H](N)CC(=O)N3CCC[C@H]3C#N)cc2)nn1
25050521,CHEMBL5276287,IC50,=,3.79,nM,8.42,CHEMBL284,Dipeptidyl peptidase 4,N#CC1CCCN1C(=O)[C@@H](N)Cc1ccc(-c2cn(Cc3ccc(F)cc3)nn2)cc1
25050522,CHEMBL493543,IC50,=,2.0,nM,8.70,CHEMBL284,Dipeptidyl peptidase 4,N#C[C@@H]1CCCN1C(=O)[C@@H](N)CCC(=O)N1Cc2ccccc2C1
25050523,CHEMBL522002,IC50,=,298.0,nM,6.53,CHEMBL284,Dipeptidyl peptidase 4,N#C[C@@H]1CCCN1C(=O)[C@@H](N)CC(=O)N1Cc2ccccc2C1
25050524,CHEMBL5283569,IC50,=,90.0,nM,7.05,CHEMBL284,Dipeptidyl peptidase 4,O=C(CNC(=O)C1CCCN(S(=O)(=O)c2ccccc2)C1)Nc1ccc(F)cc1
25050525,CHEMBL475662,IC50,=,8.0,nM,8.10,CHEMBL284,Dipeptidyl peptidase 4,C[C@H](CC(=O)N1CCn2c(nnc2C(F)(F)F)C1)[C@H](N)C(=O)N1CCC[C@H]1C#N.O=C(O)C(F)(F)F
25050526,CHEMBL5266987,IC50,=,14.0,nM,7.85,CHEMBL284,Dipeptidyl peptidase 4,CO[C@@H]1CCCN1C(=O)CC(C)(C)[C@H](N)C(=O)N1CCC[C@H]1C#N.O=C(O)C(F)(F)F
25050527,CHEMBL5279548,IC50,=,27.0,nM,7.57,CHEMBL284,Dipeptidyl peptidase 4,N#C[C@@H]1C[C@H]2[C@H](CC2(F)F)N1C(=O)[C@@H](N)C12CC3CC(CC(O)(C3)C1)C2
25050528,CHEMBL5274894,IC50,=,12.0,nM,7.92,CHEMBL284,Dipeptidyl peptidase 4,N#C[C@@H]1CCCN1C(=O)CNC1C[C@H]2CC(O)C[C@H]2C1
25050529,CHEMBL5273881,IC50,=,8.0,nM,8.10,CHEMBL284,Dipeptidyl peptidase 4,COC1C[C@@H]2C[C@H](NCC(=O)N3CCC[C@H]3C#N)C[C@@H]2C1
25050530,CHEMBL1085269,IC50,=,9.0,nM,8.05,CHEMBL284,Dipeptidyl peptidase 4,CN(C)C(=O)N1C[C@H]2C[C@@H](NCC(=O)N3CCC[C@H]3C#N)C[C@H]2C1
25050531,CHEMBL1083287,IC50,=,13.0,nM,7.89,CHEMBL284,Dipeptidyl peptidase 4,CN(C)C(=O)N1C[C@@H]2C[C@](C)(NCC(=O)N3CCC[C@H]3C#N)C[C@@H]2C1
25050532,CHEMBL1083588,IC50,=,13.0,nM,7.89,CHEMBL284,Dipeptidyl peptidase 4,CN(C)C(=O)N1C[C@@H]2C[C@@](C)(NCC(=O)N3CCC[C@H]3C#N)C[C@@H]2C1
25050533,CHEMBL175872,IC50,=,139.0,nM,6.86,CHEMBL284,Dipeptidyl peptidase 4,N[C@@H](CC(=O)N1CCNC[C@H]1Cc1ccccc1)Cc1ccccc1F
25050534,CHEMBL5266197,IC50,=,4.3,nM,8.37,CHEMBL284,Dipeptidyl peptidase 4,CC1c2nnc(C(F)(F)F)n2CCN1C(=O)C[C@H](N)Cc1cc(F)c(F)cc1F.Cl
25050536,CHEMBL4204176,IC50,=,80.0,nM,7.10,CHEMBL284,Dipeptidyl peptidase 4,N#Cc1ccccc1Cn1c(N2CCNCC2)cc(=O)n2nccc12
25050537,CHEMBL5285297,IC50,=,150.0,nM,6.82,CHEMBL284,Dipeptidyl peptidase 4,COc1ccc(-c2cn(CC[C@H](N)Cc3cc(F)c(F)cc3F)nn2)cc1
25050538,CHEMBL5290009,IC50,=,150.0,nM,6.82,CHEMBL284,Dipeptidyl peptidase 4,N[C@@H](CCn1cc(-c2ccccc2)nn1)Cc1cc(F)c(F)cc1F
25050539,CHEMBL5290055,IC50,=,150.0,nM,6.82,CHEMBL284,Dipeptidyl peptidase 4,N[C@@H](CCn1cc(CO)nn1)Cc1cc(F)c(F)cc1F
25050540,CHEMBL5282009,IC50,=,150.0,nM,6.82,CHEMBL284,Dipeptidyl peptidase 4,Cc1ccc(-c2cn(CC[C@H](N)Cc3cc(F)c(F)cc3F)nn2)cc1
25050541,CHEMBL5277626,IC50,=,150.0,nM,6.82,CHEMBL284,Dipeptidyl peptidase 4,Cn1ccnc1-c1cn(CC[C@H](N)Cc2cc(F)c(F)cc2F)nn1
25050542,CHEMBL5267229,IC50,=,150.0,nM,6.82,CHEMBL284,Dipeptidyl peptidase 4,N[C@@H](CCn1cc(C2CCCCC2)nn1)Cc1cc(F)c(F)cc1F
25050543,CHEMBL5288509,IC50,=,150.0,nM,6.82,CHEMBL284,Dipeptidyl peptidase 4,N[C@@H](CCn1cc(C(=O)O)nn1)Cc1cc(F)c(F)cc1F
25050544,CHEMBL5267534,IC50,=,150.0,nM,6.82,CHEMBL284,Dipeptidyl peptidase 4,COc1ccc(-c2cnnn2CC[C@H](N)Cc2cc(F)c(F)cc2F)cc1
25050545,CHEMBL5282933,IC50,=,31.0,nM,7.51,CHEMBL284,Dipeptidyl peptidase 4,N[C@@H](CCNC(=O)N1CCn2c(nnc2C(F)(F)F)C1)Cc1cc(F)c(F)cc1F
25050546,CHEMBL5279910,IC50,=,0.7,nM,9.15,CHEMBL284,Dipeptidyl peptidase 4,CS(=O)(=O)n1ncc2c1CN([C@H]1CO[C@H](c3cc(F)ccc3F)[C@@H](N)C1)C2
25050547,CHEMBL5268418,IC50,=,0.7,nM,9.15,CHEMBL284,Dipeptidyl peptidase 4,N[C@H]1C[C@@H](N2Cc3cnn(S(=O)(=O)C(F)(F)F)c3C2)CO[C@@H]1c1cc(F)ccc1F
25050548,CHEMBL5273218,IC50,=,0.7,nM,9.15,CHEMBL284,Dipeptidyl peptidase 4,CCS(=O)(=O)n1ncc2c1CN([C@H]1CO[C@H](c3cc(F)ccc3F)[C@@H](N)C1)C2
25050549,CHEMBL5275162,IC50,=,0.7,nM,9.15,CHEMBL284,Dipeptidyl peptidase 4,CCCS(=O)(=O)n1ncc2c1CN([C@H]1CO[C@H](c3cc(F)ccc3F)[C@@H](N)C1)C2
25050550,CHEMBL5277064,IC50,=,0.7,nM,9.15,CHEMBL284,Dipeptidyl peptidase 4,CC(C)S(=O)(=O)n1ncc2c1CN([C@H]1CO[C@H](c3cc(F)ccc3F)[C@@H](N)C1)C2
25050551,CHEMBL3736190,IC50,=,0.7,nM,9.15,CHEMBL284,Dipeptidyl peptidase 4,N[C@H]1C[C@@H](N2Cc3cnn(S(=O)(=O)C4CC4)c3C2)CO[C@@H]1c1cc(F)ccc1F
25050552,CHEMBL3645492,IC50,=,0.7,nM,9.15,CHEMBL284,Dipeptidyl peptidase 4,N[C@H]1C[C@@H](N2Cc3cnn(S(=O)(=O)C4CCCC4)c3C2)CO[C@@H]1c1cc(F)ccc1F
25050553,CHEMBL5267753,IC50,=,0.7,nM,9.15,CHEMBL284,Dipeptidyl peptidase 4,Cn1ccnc1S(=O)(=O)n1ncc2c1CN([C@H]1CO[C@H](c3cc(F)ccc3F)[C@@H](N)C1)C2
25050554,CHEMBL5283277,IC50,=,0.7,nM,9.15,CHEMBL284,Dipeptidyl peptidase 4,N[C@H]1C[C@@H](N2Cc3cnn(S(=O)(=O)c4ccccc4)c3C2)CO[C@@H]1c1cc(F)ccc1F
25050555,CHEMBL5276887,IC50,=,0.7,nM,9.15,CHEMBL284,Dipeptidyl peptidase 4,N[C@H]1C[C@@H](N2Cc3cnn(S(=O)(=O)c4ccc(C(F)(F)F)cc4)c3C2)CO[C@@H]1c1cc(F)ccc1F
25050556,CHEMBL3735329,IC50,=,0.7,nM,9.15,CHEMBL284,Dipeptidyl peptidase 4,N[C@H]1C[C@@H](N2Cc3cn(S(=O)(=O)C4CC4)nc3C2)CO[C@@H]1c1cc(F)ccc1F
25050557,CHEMBL3736085,IC50,=,0.7,nM,9.15,CHEMBL284,Dipeptidyl peptidase 4,N[C@H]1C[C@@H](N2Cc3cn(S(=O)(=O)C4CCCC4)nc3C2)CO[C@@H]1c1cc(F)ccc1F
25050558,CHEMBL3736423,IC50,=,0.7,nM,9.15,CHEMBL284,Dipeptidyl peptidase 4,Cn1cnc(S(=O)(=O)n2cc3c(n2)CN([C@H]2CO[C@H](c4cc(F)ccc4F)[C@@H](N)C2)C3)c1
25050559,CHEMBL3959577,IC50,=,155.0,nM,6.81,CHEMBL284,Dipeptidyl peptidase 4,Cc1cc(=O)oc2c3c(ccc12)O[C@H](c1cc(F)c(F)cc1F)[C@@H](N)C3
25050560,CHEMBL5274971,IC50,=,320.0,nM,6.50,CHEMBL284,Dipeptidyl peptidase 4,Cn1c(=O)n(CC(=O)N2CCC(N)CC2)c(=O)c2sc(N)nc21
25050561,CHEMBL5270627,IC50,=,489.0,nM,6.31,CHEMBL284,Dipeptidyl peptidase 4,Cn1c(=O)n(CC(=O)N2CCN(c3ccc(Cl)cc3)CC2)c(=O)c2sc(N)nc21
25050562,CHEMBL5268865,IC50,=,329.0,nM,6.48,CHEMBL284,Dipeptidyl peptidase 4,Cn1c(=O)n(CC(=O)N2CCN(c3ccccn3)CC2)c(=O)c2sc(N)nc21
25050563,CHEMBL5270959,IC50,=,320.0,nM,6.50,CHEMBL284,Dipeptidyl peptidase 4,Cn1c(=O)n(CC(=O)N2CCN(c3ncccn3)CC2)c(=O)c2sc(N)nc21
25050564,CHEMBL184624,IC50,=,3700.0,nM,5.43,CHEMBL284,Dipeptidyl peptidase 4,N[C@@H](CC(=O)N1CCNCC1)Cc1ccccc1F
25050565,CHEMBL376359,IC50,=,4.0,nM,8.40,CHEMBL284,Dipeptidyl peptidase 4,Cn1c(=O)cc(N2CCC[C@@H](N)C2)n(Cc2ccccc2C#N)c1=O
25050566,CHEMBL5277490,IC50,=,1.33,nM,8.88,CHEMBL284,Dipeptidyl peptidase 4,C#CCn1c(N2CCC[C@H](N)C2)nc2c1c(=O)n(Cc1nc(C)c3ccccc3n1)c(=O)n2C
25050567,CHEMBL5289336,IC50,=,33500.0,nM,4.47,CHEMBL284,Dipeptidyl peptidase 4,O=C(O)Cc1ccccc1C(=O)Nc1ccc(S(=O)(=O)Nc2ncccn2)cc1
25050568,CHEMBL430,IC50,=,2700.0,nM,5.57,CHEMBL284,Dipeptidyl peptidase 4,CO/N=C1\CN(c2nc3c(cc2F)c(=O)c(C(=O)O)cn3C2CC2)CC1CN
25050569,CHEMBL5277115,IC50,=,10100.0,nM,5.00,CHEMBL284,Dipeptidyl peptidase 4,Cc1c(C(=O)CS(=O)(=O)c2ccccc2)c(=O)n(-c2ccccc2)n1C
25050570,CHEMBL5274711,IC50,=,112.0,nM,6.95,CHEMBL284,Dipeptidyl peptidase 4,Cc1c(-c2c(S(=O)(=O)c3ccccc3)cnc3ncnn23)c(=O)n(-c2ccccc2)n1C
25050571,CHEMBL5275234,IC50,=,14.0,nM,7.85,CHEMBL284,Dipeptidyl peptidase 4,Cc1c(-c2c(S(=O)(=O)c3ccccc3)cnc3nnnn23)c(=O)n(-c2ccccc2)n1C
25050572,CHEMBL5290399,IC50,<,15.0,nM,,CHEMBL284,Dipeptidyl peptidase 4,Cc1c(-c2cc(S(=O)(=O)c3ccccc3)n[nH]2)c(=O)n(C)n1C
25050573,CHEMBL4246951,IC50,=,28500.0,nM,4.54,CHEMBL284,Dipeptidyl peptidase 4,Brc1nc2n(n1)CC(c1cc3ccccc3o1)=NN2
25050575,CHEMBL5271401,IC50,=,2.32,nM,8.63,CHEMBL284,Dipeptidyl peptidase 4,O=C(CNc1nc(Nc2ccc(S(=O)(=O)Nc3cncs3)cc2)nc(N2CCOCC2)n1)Nc1ccc(F)cc1
25050576,CHEMBL376359,IC50,=,2.56,nM,8.59,CHEMBL284,Dipeptidyl peptidase 4,Cn1c(=O)cc(N2CCC[C@@H](N)C2)n(Cc2ccccc2C#N)c1=O
25050577,CHEMBL5276961,IC50,=,1100000000.0,nM,,CHEMBL284,Dipeptidyl peptidase 4,COc1ccc(S(=O)(=O)Nc2nc(N3CCOCC3)nc(N3CCOCC3)n2)cc1
25050608,CHEMBL5285764,IC50,=,620.0,nM,6.21,CHEMBL284,Dipeptidyl peptidase 4,O=C([C@H]1CC[C@@H](n2cc(-c3ccccc3O)nn2)C1)N1CCC(F)(F)C1
25050609,CHEMBL5278390,IC50,=,660.0,nM,6.18,CHEMBL284,Dipeptidyl peptidase 4,O=C([C@H]1CC[C@@H](n2cc(-c3ccc(-c4ccccc4)cc3)nn2)C1)N1CCC(F)(F)C1
25050610,CHEMBL5274068,IC50,=,720.0,nM,6.14,CHEMBL284,Dipeptidyl peptidase 4,COC(=O)c1cn([C@@H]2CC[C@H](C(=O)N3CCC(F)(F)C3)C2)nn1
25050664,CHEMBL5274129,IC50,=,0.87,nM,9.06,CHEMBL284,Dipeptidyl peptidase 4,N[C@@H](CC(=O)N1CCC[C@H]1CNC(=O)c1cccnc1)[C@H]1CCc2cc(F)c(F)cc21
25050665,CHEMBL5272644,IC50,=,1.06,nM,8.97,CHEMBL284,Dipeptidyl peptidase 4,CS(=O)(=O)c1cccc(C(=O)NC[C@@H]2CCCN2C(=O)C[C@H](N)[C@H]2CCc3cc(F)c(F)cc32)c1
25050666,CHEMBL5276657,IC50,=,0.87,nM,9.06,CHEMBL284,Dipeptidyl peptidase 4,N[C@@H](CC(=O)N1CCC[C@H]1CNC(=O)c1cccc(S(N)(=O)=O)c1)[C@H]1CCc2cc(F)c(F)cc21
25050667,CHEMBL5265910,IC50,=,0.87,nM,9.06,CHEMBL284,Dipeptidyl peptidase 4,N[C@@H](CC(=O)N1CCC[C@H]1CNC(=O)c1ccc(F)c(S(N)(=O)=O)c1)[C@H]1CCc2cc(F)c(F)cc21
25050668,CHEMBL5269746,IC50,=,0.87,nM,9.06,CHEMBL284,Dipeptidyl peptidase 4,N[C@@H](CC(=O)N1CCC[C@H]1CNC(=O)c1cc(S(N)(=O)=O)c(F)cc1F)[C@H]1CCc2cc(F)c(F)cc21
25050669,CHEMBL5277828,IC50,=,0.87,nM,9.06,CHEMBL284,Dipeptidyl peptidase 4,CCN(CC)S(=O)(=O)c1cccc(C(=O)NC[C@@H]2CCCN2C(=O)C[C@H](N)[C@H]2CCc3cc(F)c(F)cc32)c1
25050670,CHEMBL5269884,IC50,=,0.87,nM,9.06,CHEMBL284,Dipeptidyl peptidase 4,CCN(CC)S(=O)(=O)c1cc(C(=O)NC[C@@H]2CCCN2C(=O)C[C@H](N)[C@H]2CCc3cc(F)c(F)cc32)ccc1F
25050671,CHEMBL5273793,IC50,=,0.87,nM,9.06,CHEMBL284,Dipeptidyl peptidase 4,CCN(CC)S(=O)(=O)c1cc(C(=O)NC[C@@H]2CCCN2C(=O)C[C@H](N)[C@H]2CCc3cc(F)c(F)cc32)c(F)cc1F
25050672,CHEMBL5275046,IC50,=,1.1,nM,8.96,CHEMBL284,Dipeptidyl peptidase 4,CN1CCN(S(=O)(=O)c2cccc(C(=O)NC[C@@H]3CCCN3C(=O)C[C@H](N)[C@H]3CCc4cc(F)c(F)cc43)c2)CC1
25050673,CHEMBL5276298,IC50,=,0.87,nM,9.06,CHEMBL284,Dipeptidyl peptidase 4,N[C@@H](CC(=O)N1CCC[C@H]1CNC(=O)c1cc(S(=O)(=O)N2CCCCC2)c(F)cc1F)[C@H]1CCc2cc(F)c(F)cc21
25050674,CHEMBL5289339,IC50,=,0.87,nM,9.06,CHEMBL284,Dipeptidyl peptidase 4,N[C@@H](CC(=O)N1CCC[C@H]1CNC(=O)c1cc(S(=O)(=O)N2CCOCC2)c(F)cc1F)[C@H]1CCc2cc(F)c(F)cc21
25050675,CHEMBL5279474,IC50,=,0.87,nM,9.06,CHEMBL284,Dipeptidyl peptidase 4,N[C@@H](CC(=O)N1CCC[C@H]1CNC(=O)c1cc(S(=O)(=O)N2CCC2)c(F)cc1F)[C@H]1CCc2cc(F)c(F)cc21
25050676,CHEMBL1422,IC50,=,0.87,nM,9.06,CHEMBL284,Dipeptidyl peptidase 4,N[C@@H](CC(=O)N1CCn2c(nnc2C(F)(F)F)C1)Cc1cc(F)c(F)cc1F
25050684,CHEMBL4242416,IC50,=,64.0,nM,7.19,CHEMBL284,Dipeptidyl peptidase 4,CC#CCn1c(N2CCC[C@@H](N)C2)cc(=O)n(Cc2cn(CCC(=O)OC)nn2)c1=O
25050685,CHEMBL5287906,IC50,=,185.0,nM,6.73,CHEMBL284,Dipeptidyl peptidase 4,CC#CCn1c(N2CCC[C@@H](N)C2)cc(=O)n(Cc2cn(-c3ccccc3)nn2)c1=O
25050686,CHEMBL5283810,IC50,=,12.45,nM,7.91,CHEMBL284,Dipeptidyl peptidase 4,CC#CCn1c(N2CCC[C@@H](N)C2)cc(=O)n(Cc2cn(CCC(=O)O)nn2)c1=O
25050687,CHEMBL5289984,IC50,=,9.56,nM,8.02,CHEMBL284,Dipeptidyl peptidase 4,CC#CCn1c(N2CCC[C@@H](N)C2)cc(=O)n(Cc2cn(C/C=C/C(=O)O)nn2)c1=O
25050688,CHEMBL4636081,IC50,=,28.62,nM,7.54,CHEMBL284,Dipeptidyl peptidase 4,CC#CCn1c(N2CCC[C@@H](N)C2)cc(=O)n(Cc2cn(CC(=O)N(C)C)nn2)c1=O
25050689,CHEMBL376359,IC50,=,6.85,nM,8.16,CHEMBL284,Dipeptidyl peptidase 4,Cn1c(=O)cc(N2CCC[C@@H](N)C2)n(Cc2ccccc2C#N)c1=O
25050690,CHEMBL237500,IC50,=,1.25,nM,8.90,CHEMBL284,Dipeptidyl peptidase 4,CC#CCn1c(N2CCC[C@@H](N)C2)nc2c1c(=O)n(Cc1nc(C)c3ccccc3n1)c(=O)n2C
25050702,CHEMBL4538597,IC50,=,7.5,nM,8.12,CHEMBL284,Dipeptidyl peptidase 4,CC#CCn1c(N2CCC[C@@H](N)C2)cc(=O)n(Cc2ccccc2C(=O)O)c1=O
25050703,CHEMBL4446618,IC50,=,1.7,nM,8.77,CHEMBL284,Dipeptidyl peptidase 4,CC#CCn1c(N2CCC[C@@H](N)C2)cc(=O)n(Cc2cccc(F)c2C(=O)O)c1=O
25050704,CHEMBL376359,IC50,=,2.7,nM,8.57,CHEMBL284,Dipeptidyl peptidase 4,Cn1c(=O)cc(N2CCC[C@@H](N)C2)n(Cc2ccccc2C#N)c1=O
25050705,CHEMBL4453917,IC50,=,93.2,nM,7.03,CHEMBL284,Dipeptidyl peptidase 4,CC#CCn1c(N2CCC[C@@H](N)C2)cc(=O)n(Cc2cccc(F)c2C(=O)OC)c1=O
25050706,CHEMBL5275484,IC50,=,395.0,nM,6.40,CHEMBL284,Dipeptidyl peptidase 4,CC#CCn1c(N2CCC[C@@H](N)C2)cc(=O)n(Cc2ccc(Br)cc2C(=O)OC)c1=O
25050707,CHEMBL5286666,IC50,=,3.6,nM,8.44,CHEMBL284,Dipeptidyl peptidase 4,CC#CCn1c(N2CCC[C@@H](N)C2)cc(=O)n(Cc2cccc(C(=O)NC)c2)c1=O
25050708,CHEMBL5268983,IC50,=,4.6,nM,8.34,CHEMBL284,Dipeptidyl peptidase 4,CC#CCn1c(N2CCC[C@@H](N)C2)cc(=O)n(Cc2cccc(C(=O)NCC)c2)c1=O
25050709,CHEMBL5279728,IC50,=,1.6,nM,8.80,CHEMBL284,Dipeptidyl peptidase 4,CC#CCn1c(N2CCC[C@@H](N)C2)cc(=O)n(Cc2ccc(Cl)c(C(=O)N(C)C)c2)c1=O
25050710,CHEMBL376359,IC50,=,2.6,nM,8.59,CHEMBL284,Dipeptidyl peptidase 4,Cn1c(=O)cc(N2CCC[C@@H](N)C2)n(Cc2ccccc2C#N)c1=O
25050711,CHEMBL5285191,IC50,=,3160.0,nM,5.50,CHEMBL284,Dipeptidyl peptidase 4,C[C@H]1CCN(C(=O)CNc2cc3cc(-c4ccccc4)c(-c4ccccc4)cc3oc2=O)C1
25050723,CHEMBL4239107,IC50,=,0.76,nM,9.12,CHEMBL284,Dipeptidyl peptidase 4,O=[N+]([O-])c1cccc(/C=N/N2C(c3ccccc3)=Nc3ccc(I)cc3C2Nc2nccs2)c1
25050724,CHEMBL5288974,IC50,=,1.12,nM,8.95,CHEMBL284,Dipeptidyl peptidase 4,Cc1ccc2cc(CNc3nc(C)cs3)n(/N=C/c3ccc(O)cc3)c(=O)c2c1
25050735,CHEMBL5289049,IC50,=,130.0,nM,6.89,CHEMBL284,Dipeptidyl peptidase 4,NCc1c(-c2ccc(Cl)cc2Cl)nc2ccccn12
25050736,CHEMBL5265966,IC50,=,290.0,nM,6.54,CHEMBL284,Dipeptidyl peptidase 4,Cc1ccccc1-c1nc2ccccn2c1CN
25050745,CHEMBL1209853,Ki,=,6000.0,nM,,CHEMBL284,Dipeptidyl peptidase 4,Cc1nc2nc(-c3ccccc3)cn2c(-c2ccc(Cl)cc2Cl)c1CN
25050746,CHEMBL1208900,Ki,=,5600.0,nM,,CHEMBL284,Dipeptidyl peptidase 4,COc1ccc(-c2cn3c(-c4ccc(Cl)cc4Cl)c(CN)c(C)nc3n2)cc1
25050754,CHEMBL376359,IC50,=,23.0,nM,7.64,CHEMBL284,Dipeptidyl peptidase 4,Cn1c(=O)cc(N2CCC[C@@H](N)C2)n(Cc2ccccc2C#N)c1=O
25446663,CHEMBL5414025,IC50,=,280320.0,nM,,CHEMBL284,Dipeptidyl peptidase 4,CCOC(=O)C1=C(C)NC(C)=C(C(=O)OCC)C1c1cccc2c1OCO2
25446664,CHEMBL1422,IC50,=,18.0,nM,7.75,CHEMBL284,Dipeptidyl peptidase 4,N[C@@H](CC(=O)N1CCn2c(nnc2C(F)(F)F)C1)Cc1cc(F)c(F)cc1F
25491580,CHEMBL5430588,IC50,=,260.5,nM,6.58,CHEMBL284,Dipeptidyl peptidase 4,Nc1nc(NC2=NC(c3ccccc3)=CC(c3ccccc3)O2)nc(N2CCOCC2)n1
25491581,CHEMBL5435689,IC50,=,8.3,nM,8.08,CHEMBL284,Dipeptidyl peptidase 4,Nc1nc(NC2=NC(c3ccccc3)=CC(c3ccccc3[N+](=O)[O-])O2)nc(N2CCOCC2)n1
25491582,CHEMBL5399740,IC50,=,4.2,nM,8.38,CHEMBL284,Dipeptidyl peptidase 4,Nc1nc(NC2=NC(c3ccccc3)=CC(c3cccc([N+](=O)[O-])c3)O2)nc(N2CCOCC2)n1
25491583,CHEMBL5405820,IC50,=,4.9,nM,8.31,CHEMBL284,Dipeptidyl peptidase 4,Nc1nc(NC2=NC(c3ccccc3)=CC(c3ccc([N+](=O)[O-])cc3)O2)nc(N2CCOCC2)n1
25491584,CHEMBL5433150,IC50,=,23.8,nM,7.62,CHEMBL284,Dipeptidyl peptidase 4,Nc1nc(NC2=NC(c3ccccc3)=CC(c3ccccc3O)O2)nc(N2CCOCC2)n1
25491585,CHEMBL5402568,IC50,=,22.1,nM,7.66,CHEMBL284,Dipeptidyl peptidase 4,Nc1nc(NC2=NC(c3ccccc3)=CC(c3cccc(O)c3)O2)nc(N2CCOCC2)n1
25491586,CHEMBL5435542,IC50,=,22.4,nM,7.65,CHEMBL284,Dipeptidyl peptidase 4,Nc1nc(NC2=NC(c3ccccc3)=CC(c3ccc(O)cc3)O2)nc(N2CCOCC2)n1
25491587,CHEMBL5424840,IC50,=,52.1,nM,7.28,CHEMBL284,Dipeptidyl peptidase 4,Nc1nc(NC2=NC(c3ccccc3)=CC(c3ccccc3Cl)O2)nc(N2CCOCC2)n1
25491588,CHEMBL5414427,IC50,=,32.3,nM,7.49,CHEMBL284,Dipeptidyl peptidase 4,Nc1nc(NC2=NC(c3ccccc3)=CC(c3cccc(Cl)c3)O2)nc(N2CCOCC2)n1
25491589,CHEMBL5424574,IC50,=,34.5,nM,7.46,CHEMBL284,Dipeptidyl peptidase 4,Nc1nc(NC2=NC(c3ccccc3)=CC(c3ccc(Cl)cc3)O2)nc(N2CCOCC2)n1
25491590,CHEMBL5409066,IC50,=,132.5,nM,6.88,CHEMBL284,Dipeptidyl peptidase 4,Cc1ccccc1C1C=C(c2ccccc2)N=C(Nc2nc(N)nc(N3CCOCC3)n2)O1
25491591,CHEMBL5418532,IC50,=,78.2,nM,7.11,CHEMBL284,Dipeptidyl peptidase 4,Cc1cccc(C2C=C(c3ccccc3)N=C(Nc3nc(N)nc(N4CCOCC4)n3)O2)c1
25491592,CHEMBL5414816,IC50,=,90.4,nM,7.04,CHEMBL284,Dipeptidyl peptidase 4,Cc1ccc(C2C=C(c3ccccc3)N=C(Nc3nc(N)nc(N4CCOCC4)n3)O2)cc1
25491593,CHEMBL376359,IC50,=,8.02,nM,8.10,CHEMBL284,Dipeptidyl peptidase 4,Cn1c(=O)cc(N2CCC[C@@H](N)C2)n(Cc2ccccc2C#N)c1=O
25620437,CHEMBL139702,IC50,=,30390.0,nM,4.52,CHEMBL284,Dipeptidyl peptidase 4,C=CC(C)(C)c1cc(/C=C/C(=O)c2ccc(O)cc2)c(OC)cc1O
25620438,CHEMBL5416545,IC50,=,7160.0,nM,5.14,CHEMBL284,Dipeptidyl peptidase 4,COc1cc(O)c(Cl)cc1/C=C/C(=O)c1ccc(O)cc1
25620439,CHEMBL1778898,IC50,=,16390.0,nM,4.79,CHEMBL284,Dipeptidyl peptidase 4,COc1cc(O)c(Br)cc1/C=C/C(=O)c1ccc(O)cc1
25620440,CHEMBL5397277,IC50,=,11040.0,nM,4.96,CHEMBL284,Dipeptidyl peptidase 4,COc1ccc(C(=O)/C=C/c2cc(Cl)c(O)cc2OC)cc1
25620441,CHEMBL5405870,IC50,=,21170.0,nM,4.67,CHEMBL284,Dipeptidyl peptidase 4,CCOc1ccc(C(=O)/C=C/c2cc(Cl)c(O)cc2OC)cc1
25620442,CHEMBL5424118,IC50,=,11380.0,nM,4.94,CHEMBL284,Dipeptidyl peptidase 4,CCCOc1ccc(C(=O)/C=C/c2cc(Cl)c(O)cc2OC)cc1
25620443,CHEMBL5410220,IC50,=,42940.0,nM,4.37,CHEMBL284,Dipeptidyl peptidase 4,CCCCOc1ccc(C(=O)/C=C/c2cc(Cl)c(O)cc2OC)cc1
25620444,CHEMBL1778899,IC50,=,34000.0,nM,4.47,CHEMBL284,Dipeptidyl peptidase 4,COc1ccc(C(=O)/C=C/c2cc(Br)c(O)cc2OC)cc1
25620445,CHEMBL5408749,IC50,=,34950.0,nM,4.46,CHEMBL284,Dipeptidyl peptidase 4,CCOc1ccc(C(=O)/C=C/c2cc(Br)c(O)cc2OC)cc1
25620446,CHEMBL5412386,IC50,=,26460.0,nM,4.58,CHEMBL284,Dipeptidyl peptidase 4,CCCOc1ccc(C(=O)/C=C/c2cc(Br)c(O)cc2OC)cc1
25620447,CHEMBL1778901,IC50,>,100000.0,nM,,CHEMBL284,Dipeptidyl peptidase 4,CCCCOc1ccc(C(=O)/C=C/c2cc(Br)c(O)cc2OC)cc1
25620448,CHEMBL5429047,IC50,=,9870.0,nM,5.01,CHEMBL284,Dipeptidyl peptidase 4,COc1cc(O)c(Cl)cc1/C=C/C(=O)c1ccc(Br)cc1
25620449,CHEMBL5414115,IC50,=,12580.0,nM,4.90,CHEMBL284,Dipeptidyl peptidase 4,COc1cc(O)c(Cl)cc1/C=C/C(=O)c1ccc(C(F)(F)F)cc1
25620450,CHEMBL5423189,IC50,=,49220.0,nM,4.31,CHEMBL284,Dipeptidyl peptidase 4,COc1cc(OC)c(/C=C/C(=O)c2ccc(O)cc2)cc1Cl
25620451,CHEMBL5410710,IC50,>,100000.0,nM,,CHEMBL284,Dipeptidyl peptidase 4,COc1ccc(C(=O)/C=C/c2cc(Cl)c(OC)cc2OC)cc1
25620452,CHEMBL5439710,IC50,>,100000.0,nM,,CHEMBL284,Dipeptidyl peptidase 4,CCOc1ccc(C(=O)/C=C/c2cc(Cl)c(OC)cc2OC)cc1
25620453,CHEMBL5426741,IC50,>,100000.0,nM,,CHEMBL284,Dipeptidyl peptidase 4,CCCOc1ccc(C(=O)/C=C/c2cc(Cl)c(OC)cc2OC)cc1
25620454,CHEMBL5422010,IC50,=,6430.0,nM,5.19,CHEMBL284,Dipeptidyl peptidase 4,COc1cc(O)c(Cl)cc1/C=C/C(=O)c1cccc(O)c1
25620455,CHEMBL5404677,IC50,=,8860.0,nM,5.05,CHEMBL284,Dipeptidyl peptidase 4,COc1cc(O)c(Cl)cc1/C=C/C(=O)c1ccc(O)c(O)c1
25620456,CHEMBL5413637,IC50,=,9090.0,nM,5.04,CHEMBL284,Dipeptidyl peptidase 4,COc1ccc(C(=O)/C=C/c2cc(Cl)c(O)cc2OC)cc1O
25620457,CHEMBL5411710,IC50,=,31950.0,nM,4.50,CHEMBL284,Dipeptidyl peptidase 4,COc1cc(C(=O)/C=C/c2cc(Cl)c(O)cc2OC)ccc1O
25620458,CHEMBL5398811,IC50,=,15120.0,nM,4.82,CHEMBL284,Dipeptidyl peptidase 4,COc1cc(O)c(Cl)cc1/C=C/C(=O)c1ccc(O)c(C)c1
25620459,CHEMBL5407794,IC50,=,4270.0,nM,5.37,CHEMBL284,Dipeptidyl peptidase 4,COc1cc(O)c(Cl)cc1/C=C/C(=O)c1ccc(O)c([N+](=O)[O-])c1
25620460,CHEMBL150,IC50,=,6670.0,nM,5.18,CHEMBL284,Dipeptidyl peptidase 4,O=c1c(O)c(-c2ccc(O)cc2)oc2cc(O)cc(O)c12
25620461,CHEMBL5416545,Ki,=,6570.0,nM,5.18,CHEMBL284,Dipeptidyl peptidase 4,COc1cc(O)c(Cl)cc1/C=C/C(=O)c1ccc(O)cc1
25620462,CHEMBL5429047,Ki,=,3180.0,nM,5.50,CHEMBL284,Dipeptidyl peptidase 4,COc1cc(O)c(Cl)cc1/C=C/C(=O)c1ccc(Br)cc1
25620463,CHEMBL5422010,Ki,=,17350.0,nM,4.76,CHEMBL284,Dipeptidyl peptidase 4,COc1cc(O)c(Cl)cc1/C=C/C(=O)c1cccc(O)c1
25620464,CHEMBL5404677,Ki,=,11100.0,nM,4.96,CHEMBL284,Dipeptidyl peptidase 4,COc1cc(O)c(Cl)cc1/C=C/C(=O)c1ccc(O)c(O)c1
25620465,CHEMBL5413637,Ki,=,23060.0,nM,4.64,CHEMBL284,Dipeptidyl peptidase 4,COc1ccc(C(=O)/C=C/c2cc(Cl)c(O)cc2OC)cc1O
25620466,CHEMBL5407794,Ki,=,960.0,nM,6.02,CHEMBL284,Dipeptidyl peptidase 4,COc1cc(O)c(Cl)cc1/C=C/C(=O)c1ccc(O)c([N+](=O)[O-])c1
25620467,CHEMBL150,Ki,=,14430.0,nM,4.84,CHEMBL284,Dipeptidyl peptidase 4,O=c1c(O)c(-c2ccc(O)cc2)oc2cc(O)cc(O)c12
25620478,CHEMBL5407794,IC50,=,4870.0,nM,5.31,CHEMBL284,Dipeptidyl peptidase 4,COc1cc(O)c(Cl)cc1/C=C/C(=O)c1ccc(O)c([N+](=O)[O-])c1
25636087,CHEMBL142703,IC50,=,3.5,nM,8.46,CHEMBL284,Dipeptidyl peptidase 4,N#C[C@@H]1CCCN1C(=O)CNC12CC3CC(CC(O)(C3)C1)C2
25636090,CHEMBL77538,IC50,=,22.0,nM,7.66,CHEMBL284,Dipeptidyl peptidase 4,N#Cc1ccc(NCCNCC(=O)N2CCC[C@H]2C#N)nc1
25636092,CHEMBL307636,IC50,=,2.0,nM,8.70,CHEMBL284,Dipeptidyl peptidase 4,N#C[C@@H]1CCCN1C(=O)[C@@H](N)C1CCCCC1
25636093,CHEMBL383705,Ki,=,2000.0,nM,5.70,CHEMBL284,Dipeptidyl peptidase 4,CC(C)[C@H](N)C(=O)N1CCCC1
25636094,CHEMBL235133,IC50,=,3900.0,nM,5.41,CHEMBL284,Dipeptidyl peptidase 4,Cn1c(=O)[nH]c(=O)c2c1nc(N1CCNCC1)n2Cc1ccccc1
25636095,CHEMBL1235760,IC50,=,2000.0,nM,5.70,CHEMBL284,Dipeptidyl peptidase 4,Cn1c(=O)c2c(nc(N3CCNCC3)n2Cc2ccccc2Cl)n(C)c1=O
25636096,CHEMBL37980,IC50,=,10000.0,nM,5.00,CHEMBL284,Dipeptidyl peptidase 4,NCc1c(N)nc(-c2ccccc2)nc1-c1ccc2c(c1)OCO2
25636097,CHEMBL184636,IC50,=,19.0,nM,7.72,CHEMBL284,Dipeptidyl peptidase 4,N[C@@H](CC(=O)N1CCNC[C@H]1Cc1ccccc1)Cc1cc(F)c(F)cc1F
25636098,CHEMBL5432172,IC50,=,4.0,nM,8.40,CHEMBL284,Dipeptidyl peptidase 4,N#C[C@@H]1CCCN1C(=O)CNC12CC3CC(CC(C3)C1)C2
25636099,CHEMBL183207,IC50,=,14.0,nM,7.85,CHEMBL284,Dipeptidyl peptidase 4,CS(=O)(=O)Nc1cccc(NC(=O)CN2CCN(C(=O)C[C@H](N)Cc3ccccc3F)[C@H](Cc3ccccc3)C2)c1
25636100,CHEMBL184040,IC50,=,134.0,nM,6.87,CHEMBL284,Dipeptidyl peptidase 4,CS(=O)(=O)Nc1cccc(NC(=O)CN2CCN(C(=O)C[C@H](N)Cc3ccccc3)C(Cc3ccccc3)C2)c1
25636101,CHEMBL184738,IC50,=,1900.0,nM,5.72,CHEMBL284,Dipeptidyl peptidase 4,N[C@@H](CC(=O)N1CCC[C@H]1C(=O)NCc1cc(Cl)ccc1OCC(=O)NC1CC1)Cc1ccccc1
25636102,CHEMBL186032,IC50,=,11000.0,nM,4.96,CHEMBL284,Dipeptidyl peptidase 4,CS(=O)(=O)Nc1cccc(NC(=O)CN2CCN(C[C@@H](N)Cc3ccccc3)C(Cc3ccccc3)C2)c1
25636103,CHEMBL5408495,IC50,=,2.2,nM,8.66,CHEMBL284,Dipeptidyl peptidase 4,Cc1nnc(N2CCC[C@@H](N)C2)n(Cc2cc(F)ccc2C#N)c1=O
25636104,CHEMBL184262,IC50,=,3000.0,nM,5.52,CHEMBL284,Dipeptidyl peptidase 4,N[C@@H](CC(=O)N1CCSC1)Cc1ccccc1
25636105,CHEMBL363319,IC50,=,119.0,nM,6.92,CHEMBL284,Dipeptidyl peptidase 4,N[C@@H](CC(=O)N1CCSC1)Cc1cc(F)c(F)cc1F
25636106,CHEMBL4297435,IC50,=,12.0,nM,7.92,CHEMBL284,Dipeptidyl peptidase 4,COC(=O)c1nc(C(F)(F)F)n2c1CN(C(=O)C[C@H](N)Cc1cc(F)c(F)cc1F)CC2
25636107,CHEMBL5418259,IC50,=,2.5,nM,8.60,CHEMBL284,Dipeptidyl peptidase 4,N[C@H]1C[C@@H](N2Cc3nn4c(C(F)(F)F)cc(C(F)(F)F)nc4c3C2)CO[C@@H]1c1cc(F)ccc1F
25636108,CHEMBL237500,IC50,=,1.0,nM,9.00,CHEMBL284,Dipeptidyl peptidase 4,CC#CCn1c(N2CCC[C@@H](N)C2)nc2c1c(=O)n(Cc1nc(C)c3ccccc3n1)c(=O)n2C
25636109,CHEMBL1422,IC50,=,18.0,nM,7.75,CHEMBL284,Dipeptidyl peptidase 4,N[C@@H](CC(=O)N1CCn2c(nnc2C(F)(F)F)C1)Cc1cc(F)c(F)cc1F
25636110,CHEMBL376359,IC50,=,7.0,nM,8.15,CHEMBL284,Dipeptidyl peptidase 4,Cn1c(=O)cc(N2CCC[C@@H](N)C2)n(Cc2ccccc2C#N)c1=O
25636113,CHEMBL2105762,IC50,=,1.6,nM,8.80,CHEMBL284,Dipeptidyl peptidase 4,CS(=O)(=O)n1cc2c(n1)CN([C@H]1CO[C@H](c3cc(F)ccc3F)[C@@H](N)C1)C2
25636124,CHEMBL5398220,Ki,=,7.0,nM,8.15,CHEMBL284,Dipeptidyl peptidase 4,CC(C)(C)[C@H](N)C(=O)N1[C@H](C#N)C[C@@H]2C[C@@H]21
25636125,CHEMBL5430453,IC50,=,3.4,nM,8.47,CHEMBL284,Dipeptidyl peptidase 4,Cc1ccc2c(c1)CN(C(=O)CC(C)(C)NCC(=O)N1CCC[C@H]1C#N)C2
25636128,CHEMBL4113723,IC50,=,1.4,nM,8.85,CHEMBL284,Dipeptidyl peptidase 4,CC#CCn1c(N2CCC[C@@H](N)C2)nc2c1c(=O)n(Cc1nc3cc(F)ccc3s1)c(=O)n2C
25636132,CHEMBL5434074,IC50,=,0.22,nM,9.66,CHEMBL284,Dipeptidyl peptidase 4,N#Cc1ccc(F)cc1Cn1c(N2CCC[C@@H](N)C2)nc2cc(-c3cccnc3)sc2c1=O
25636142,CHEMBL5276430,Ki,=,5.5,nM,8.26,CHEMBL284,Dipeptidyl peptidase 4,N[C@H]1C[C@@H](N2CC3=C(C2)CS(=O)(=O)C3)CO[C@@H]1c1cc(F)ccc1F
25636151,CHEMBL385517,IC50,=,1.5,nM,8.82,CHEMBL284,Dipeptidyl peptidase 4,N#C[C@@H]1C[C@@H]2C[C@@H]2N1C(=O)[C@@H](N)C12CC3CC(CC(O)(C3)C1)C2
25636152,CHEMBL142703,IC50,=,34.0,nM,7.47,CHEMBL284,Dipeptidyl peptidase 4,N#C[C@@H]1CCCN1C(=O)CNC12CC3CC(CC(O)(C3)C1)C2
25636153,CHEMBL1422,IC50,=,18.0,nM,7.75,CHEMBL284,Dipeptidyl peptidase 4,N[C@@H](CC(=O)N1CCn2c(nnc2C(F)(F)F)C1)Cc1cc(F)c(F)cc1F
25636154,CHEMBL237500,IC50,=,0.14,nM,9.85,CHEMBL284,Dipeptidyl peptidase 4,CC#CCn1c(N2CCC[C@@H](N)C2)nc2c1c(=O)n(Cc1nc(C)c3ccccc3n1)c(=O)n2C
25636155,CHEMBL376359,IC50,=,7.5,nM,8.12,CHEMBL284,Dipeptidyl peptidase 4,Cn1c(=O)cc(N2CCC[C@@H](N)C2)n(Cc2ccccc2C#N)c1=O
25636156,CHEMBL2105762,IC50,=,1.6,nM,8.80,CHEMBL284,Dipeptidyl peptidase 4,CS(=O)(=O)n1cc2c(n1)CN([C@H]1CO[C@H](c3cc(F)ccc3F)[C@@H](N)C1)C2
25636157,CHEMBL1422,IC50,=,16.0,nM,7.80,CHEMBL284,Dipeptidyl peptidase 4,N[C@@H](CC(=O)N1CCn2c(nnc2C(F)(F)F)C1)Cc1cc(F)c(F)cc1F
25636158,CHEMBL376359,IC50,=,5.3,nM,8.28,CHEMBL284,Dipeptidyl peptidase 4,Cn1c(=O)cc(N2CCC[C@@H](N)C2)n(Cc2ccccc2C#N)c1=O
25636159,CHEMBL1650443,IC50,=,1.3,nM,8.89,CHEMBL284,Dipeptidyl peptidase 4,Cn1c(=O)cc(N2CCC[C@@H](N)C2)n(Cc2cc(F)ccc2C#N)c1=O
25636160,CHEMBL142703,IC50,=,24000.0,nM,4.62,CHEMBL284,Dipeptidyl peptidase 4,N#C[C@@H]1CCCN1C(=O)CNC12CC3CC(CC(O)(C3)C1)C2
25636161,CHEMBL1422,IC50,=,12000.0,nM,,CHEMBL284,Dipeptidyl peptidase 4,N[C@@H](CC(=O)N1CCn2c(nnc2C(F)(F)F)C1)Cc1cc(F)c(F)cc1F
25636162,CHEMBL376359,IC50,=,6900.0,nM,,CHEMBL284,Dipeptidyl peptidase 4,Cn1c(=O)cc(N2CCC[C@@H](N)C2)n(Cc2ccccc2C#N)c1=O
25636163,CHEMBL385517,IC50,=,50.0,nM,7.30,CHEMBL284,Dipeptidyl peptidase 4,N#C[C@@H]1C[C@@H]2C[C@@H]2N1C(=O)[C@@H](N)C12CC3CC(CC(O)(C3)C1)C2
25636164,CHEMBL142703,IC50,=,62.0,nM,7.21,CHEMBL284,Dipeptidyl peptidase 4,N#C[C@@H]1CCCN1C(=O)CNC12CC3CC(CC(O)(C3)C1)C2
25636165,CHEMBL1422,IC50,=,19.0,nM,7.72,CHEMBL284,Dipeptidyl peptidase 4,N[C@@H](CC(=O)N1CCn2c(nnc2C(F)(F)F)C1)Cc1cc(F)c(F)cc1F
25636166,CHEMBL237500,IC50,=,1.0,nM,9.00,CHEMBL284,Dipeptidyl peptidase 4,CC#CCn1c(N2CCC[C@@H](N)C2)nc2c1c(=O)n(Cc1nc(C)c3ccccc3n1)c(=O)n2C
25636167,CHEMBL376359,IC50,=,24.0,nM,7.62,CHEMBL284,Dipeptidyl peptidase 4,Cn1c(=O)cc(N2CCC[C@@H](N)C2)n(Cc2ccccc2C#N)c1=O
25636168,CHEMBL1650443,IC50,=,5.4,nM,8.27,CHEMBL284,Dipeptidyl peptidase 4,Cn1c(=O)cc(N2CCC[C@@H](N)C2)n(Cc2cc(F)ccc2C#N)c1=O
25636174,CHEMBL385517,Ki,=,1.3,nM,8.89,CHEMBL284,Dipeptidyl peptidase 4,N#C[C@@H]1C[C@@H]2C[C@@H]2N1C(=O)[C@@H](N)C12CC3CC(CC(O)(C3)C1)C2
25636175,CHEMBL3350936,Ki,=,2.6,nM,8.59,CHEMBL284,Dipeptidyl peptidase 4,N#C[C@@H]1C[C@@H]2C[C@@H]2N1C(=O)[C@@H](N)C12CC3CC(O)(CC(O)(C3)C1)C2
25636176,CHEMBL142703,Ki,=,13.0,nM,7.89,CHEMBL284,Dipeptidyl peptidase 4,N#C[C@@H]1CCCN1C(=O)CNC12CC3CC(CC(O)(C3)C1)C2
25636177,CHEMBL1422,Ki,=,18.0,nM,7.75,CHEMBL284,Dipeptidyl peptidase 4,N[C@@H](CC(=O)N1CCn2c(nnc2C(F)(F)F)C1)Cc1cc(F)c(F)cc1F
25636194,CHEMBL1650443,Ki,=,1.5,nM,8.82,CHEMBL284,Dipeptidyl peptidase 4,Cn1c(=O)cc(N2CCC[C@@H](N)C2)n(Cc2cc(F)ccc2C#N)c1=O
25642624,CHEMBL5397234,IC50,>,10000.0,nM,,CHEMBL284,Dipeptidyl peptidase 4,NC12CC3CC(C1)CC(NCC(=O)N1Cc4ccccc4C1)(C3)C2.O=C(O)C(F)(F)F.O=C(O)C(F)(F)F
25642625,CHEMBL5433274,IC50,>,10000.0,nM,,CHEMBL284,Dipeptidyl peptidase 4,NC12CC3CC(C1)CC(NCC(=O)N1Cc4ccc(F)cc4C1)(C3)C2
25642626,CHEMBL5396828,IC50,>,10000.0,nM,,CHEMBL284,Dipeptidyl peptidase 4,CC(C)[C@H](NC12CC3CC(CC(N)(C3)C1)C2)C(=O)N1Cc2ccccc2C1
25642627,CHEMBL5414516,IC50,>,10000.0,nM,,CHEMBL284,Dipeptidyl peptidase 4,CCCCNC12CC3CC(C1)CC(NCC(=O)N1Cc4ccccc4C1)(C3)C2
25642628,CHEMBL5429724,IC50,>,10000.0,nM,,CHEMBL284,Dipeptidyl peptidase 4,N#CCCCCNC12CC3CC(C1)CC(NCC(=O)N1Cc4ccccc4C1)(C3)C2
25642629,CHEMBL5438345,IC50,>,10000.0,nM,,CHEMBL284,Dipeptidyl peptidase 4,N#Cc1cccc(CNC23CC4CC(CC(NCC(=O)N5Cc6ccccc6C5)(C4)C2)C3)c1
25642630,CHEMBL5402025,IC50,>,10000.0,nM,,CHEMBL284,Dipeptidyl peptidase 4,O=C(CNC12CC3CC(C1)CC(NCC(=O)N1Cc4ccccc4C1)(C3)C2)N1Cc2ccccc2C1
25642631,CHEMBL5438329,IC50,>,10000.0,nM,,CHEMBL284,Dipeptidyl peptidase 4,CCCCNC(=O)OC12CC3CC(CC(NCC(=O)N4Cc5ccccc5C4)(C3)C1)C2
25642632,CHEMBL5402378,IC50,>,10000.0,nM,,CHEMBL284,Dipeptidyl peptidase 4,CC(C)CCNC(=O)OC12CC3CC(CC(NCC(=O)N4Cc5ccccc5C4)(C3)C1)C2
25642633,CHEMBL5410346,IC50,>,10000.0,nM,,CHEMBL284,Dipeptidyl peptidase 4,CCC(C)(C)NC(=O)OC12CC3CC(CC(NCC(=O)N4Cc5ccccc5C4)(C3)C1)C2
25642634,CHEMBL5426720,IC50,>,10000.0,nM,,CHEMBL284,Dipeptidyl peptidase 4,CC(C)(C)NC(=O)OC12CC3CC(CC(NCC(=O)N4Cc5ccccc5C4)(C3)C1)C2
25642635,CHEMBL5403301,IC50,>,10000.0,nM,,CHEMBL284,Dipeptidyl peptidase 4,O=C(NCCF)OC12CC3CC(CC(NCC(=O)N4Cc5ccccc5C4)(C3)C1)C2
25642636,CHEMBL5431503,IC50,>,10000.0,nM,,CHEMBL284,Dipeptidyl peptidase 4,[N-]=[N+]=NCCCNC(=O)OC12CC3CC(CC(NCC(=O)N4Cc5ccccc5C4)(C3)C1)C2
25642637,CHEMBL5431471,IC50,>,10000.0,nM,,CHEMBL284,Dipeptidyl peptidase 4,O=C(NCCCCO)OC12CC3CC(CC(NCC(=O)N4Cc5ccccc5C4)(C3)C1)C2
25642638,CHEMBL5405991,IC50,>,10000.0,nM,,CHEMBL284,Dipeptidyl peptidase 4,O=C(N[C@H]1CC[C@H](O)CC1)OC12CC3CC(CC(NCC(=O)N4Cc5ccccc5C4)(C3)C1)C2
25642639,CHEMBL5423126,IC50,>,10000.0,nM,,CHEMBL284,Dipeptidyl peptidase 4,NCCNC(=O)OC12CC3CC(CC(NCC(=O)N4Cc5ccccc5C4)(C3)C1)C2
25642640,CHEMBL5439059,IC50,>,10000.0,nM,,CHEMBL284,Dipeptidyl peptidase 4,NCCCCNC(=O)OC12CC3CC(CC(NCC(=O)N4Cc5ccccc5C4)(C3)C1)C2
25642641,CHEMBL5408738,IC50,>,10000.0,nM,,CHEMBL284,Dipeptidyl peptidase 4,NCCCN1CCN(CCCNC(=O)OC23CC4CC(CC(NCC(=O)N5Cc6ccccc6C5)(C4)C2)C3)CC1
25642642,CHEMBL5399929,IC50,>,10000.0,nM,,CHEMBL284,Dipeptidyl peptidase 4,O=C(CNC12CC3CC(C1)CC(OC(=O)N1CCNCC1)(C3)C2)N1Cc2ccccc2C1
25642643,CHEMBL5404995,IC50,>,10000.0,nM,,CHEMBL284,Dipeptidyl peptidase 4,O=C(NCc1ccccc1)OC12CC3CC(CC(NCC(=O)N4Cc5ccccc5C4)(C3)C1)C2
25642644,CHEMBL5401877,IC50,>,10000.0,nM,,CHEMBL284,Dipeptidyl peptidase 4,O=C(NCc1ccc(F)cc1F)OC12CC3CC(CC(NCC(=O)N4Cc5ccccc5C4)(C3)C1)C2
25642645,CHEMBL5438110,IC50,>,10000.0,nM,,CHEMBL284,Dipeptidyl peptidase 4,O=C(NCc1ccncc1)OC12CC3CC(CC(NCC(=O)N4Cc5ccccc5C4)(C3)C1)C2
25642646,CHEMBL5423199,IC50,>,10000.0,nM,,CHEMBL284,Dipeptidyl peptidase 4,O=C(NCc1ccccn1)OC12CC3CC(CC(NCC(=O)N4Cc5ccccc5C4)(C3)C1)C2
25642647,CHEMBL5438248,IC50,>,10000.0,nM,,CHEMBL284,Dipeptidyl peptidase 4,O=C(NCCc1ccccc1)OC12CC3CC(CC(NCC(=O)N4Cc5ccccc5C4)(C3)C1)C2
25642648,CHEMBL5422425,IC50,>,10000.0,nM,,CHEMBL284,Dipeptidyl peptidase 4,O=C(NCCCc1ccccc1)OC12CC3CC(CC(NCC(=O)N4Cc5ccccc5C4)(C3)C1)C2
25642649,CHEMBL5406353,IC50,>,10000.0,nM,,CHEMBL284,Dipeptidyl peptidase 4,O=C(NC(c1ccccc1)c1ccccc1)OC12CC3CC(CC(NCC(=O)N4Cc5ccccc5C4)(C3)C1)C2
25642650,CHEMBL5408720,IC50,>,10000.0,nM,,CHEMBL284,Dipeptidyl peptidase 4,O=C(NC(c1ccc(F)cc1)c1ccc(F)cc1)OC12CC3CC(CC(NCC(=O)N4Cc5ccccc5C4)(C3)C1)C2
25642651,CHEMBL5408398,IC50,>,10000.0,nM,,CHEMBL284,Dipeptidyl peptidase 4,O=C(NC12CC3CC(CC(C3)C1)C2)OC12CC3CC(CC(NCC(=O)N4Cc5ccccc5C4)(C3)C1)C2
25642652,CHEMBL5394582,IC50,>,10000.0,nM,,CHEMBL284,Dipeptidyl peptidase 4,O=C(NC12CC3CC(CC(O)(C3)C1)C2)OC12CC3CC(CC(NCC(=O)N4Cc5ccccc5C4)(C3)C1)C2.O=CO
25642653,CHEMBL5399390,IC50,>,10000.0,nM,,CHEMBL284,Dipeptidyl peptidase 4,Cl.Cl.NC12CC3CC(C1)CC(NC(=O)OC14CC5CC(CC(NCC(=O)N6Cc7ccccc7C6)(C5)C1)C4)(C3)C2
25642654,CHEMBL5434105,IC50,>,10000.0,nM,,CHEMBL284,Dipeptidyl peptidase 4,O=C(NC12CC3CC(C1)CC(OCc1ccc(F)cc1F)(C3)C2)OC12CC3CC(CC(NCC(=O)N4Cc5ccccc5C4)(C3)C1)C2
25642655,CHEMBL5400483,IC50,>,10000.0,nM,,CHEMBL284,Dipeptidyl peptidase 4,O=C(NC12CC3CC(CC(NCC(=O)N4Cc5ccccc5C4)(C3)C1)C2)OCC1c2ccccc2-c2ccccc21
25642656,CHEMBL5425283,IC50,>,10000.0,nM,,CHEMBL284,Dipeptidyl peptidase 4,CC(C)(OC(=O)NC12CC3CC(CC(NCC(=O)N4Cc5ccccc5C4)(C3)C1)C2)C(Cl)(Cl)Cl
25642657,CHEMBL5399745,IC50,>,10000.0,nM,,CHEMBL284,Dipeptidyl peptidase 4,CC(C)(C)OC(=O)NC12CC3CC(CC(NCC(=O)N4Cc5ccccc5C4)(C3)C1)C2
25642658,CHEMBL5421476,IC50,>,10000.0,nM,,CHEMBL284,Dipeptidyl peptidase 4,CC(C)(C)OC(=O)NC12CC3CC(CC(NCC(=O)N4Cc5ccc(F)cc5C4)(C3)C1)C2
25642659,CHEMBL5402430,IC50,>,10000.0,nM,,CHEMBL284,Dipeptidyl peptidase 4,CC(C)(C)OC(=O)NC12CC3CC(CC(NCC(=O)N4Cc5cc(F)c(F)cc5C4)(C3)C1)C2
25642660,CHEMBL5402264,IC50,>,10000.0,nM,,CHEMBL284,Dipeptidyl peptidase 4,CC(C)[C@H](NC12CC3CC(CC(NC(=O)OC(C)(C)C)(C3)C1)C2)C(=O)N1Cc2ccccc2C1
25642661,CHEMBL5427056,IC50,>,10000.0,nM,,CHEMBL284,Dipeptidyl peptidase 4,CC(C)(C)COC(=O)NC12CC3CC(CC(NCC(=O)N4Cc5ccccc5C4)(C3)C1)C2
25642662,CHEMBL5409197,IC50,>,10000.0,nM,,CHEMBL284,Dipeptidyl peptidase 4,O=C(NC12CC3CC(CC(NCC(=O)N4Cc5ccccc5C4)(C3)C1)C2)OCC(Cl)(Cl)Cl
25642663,CHEMBL5403872,IC50,>,10000.0,nM,,CHEMBL284,Dipeptidyl peptidase 4,CC(C)(C)NC(=O)NC12CC3CC(CC(NCC(=O)N4Cc5ccccc5C4)(C3)C1)C2
25642664,CHEMBL5398643,IC50,>,10000.0,nM,,CHEMBL284,Dipeptidyl peptidase 4,CC(C)(C)NC(=O)NC12CC3CC(CC(NCC(=O)N4Cc5ccc(F)cc5C4)(C3)C1)C2
25642665,CHEMBL5407990,IC50,>,10000.0,nM,,CHEMBL284,Dipeptidyl peptidase 4,CC(C)(C)NC(=O)NC12CC3CC(CC(NCC(=O)N4Cc5cc(F)c(F)cc5C4)(C3)C1)C2
25642666,CHEMBL5400525,IC50,>,10000.0,nM,,CHEMBL284,Dipeptidyl peptidase 4,O=C(NC12CC3CC(CC(C3)C1)C2)NC12CC3CC(CC(NCC(=O)N4Cc5ccccc5C4)(C3)C1)C2
25642667,CHEMBL5437013,IC50,>,10000.0,nM,,CHEMBL284,Dipeptidyl peptidase 4,O=C(NCc1ccccc1)NC12CC3CC(CC(NCC(=O)N4Cc5ccccc5C4)(C3)C1)C2
25642668,CHEMBL5429638,IC50,>,10000.0,nM,,CHEMBL284,Dipeptidyl peptidase 4,CC(C)(C)C(=O)NC12CC3CC(CC(NCC(=O)N4Cc5ccccc5C4)(C3)C1)C2
25642669,CHEMBL5438620,IC50,>,10000.0,nM,,CHEMBL284,Dipeptidyl peptidase 4,O=C(CNC12CC3CC(C1)CC(NC(=O)C14CC5CC(CC(C5)C1)C4)(C3)C2)N1Cc2ccccc2C1
25642670,CHEMBL5431284,IC50,>,10000.0,nM,,CHEMBL284,Dipeptidyl peptidase 4,O=C(CNC12CC3CC(C1)CC(NC(=O)C14CC5CC(CC(C5)C1)C4)(C3)C2)N1Cc2ccc(F)cc2C1
25642671,CHEMBL5425364,IC50,>,10000.0,nM,,CHEMBL284,Dipeptidyl peptidase 4,O=C(CC12CC3CC(CC(O)(C3)C1)C2)NC12CC3CC(CC(NCC(=O)N4Cc5ccccc5C4)(C3)C1)C2
25642672,CHEMBL5401924,IC50,>,10000.0,nM,,CHEMBL284,Dipeptidyl peptidase 4,N#Cc1ccc(CCC(=O)NC23CC4CC(CC(NCC(=O)N5Cc6ccccc6C5)(C4)C2)C3)cc1
25642673,CHEMBL5398362,IC50,>,10000.0,nM,,CHEMBL284,Dipeptidyl peptidase 4,CC(C)(C)OC(=O)N[C@@H](Cc1ccccc1)C(=O)NC12CC3CC(CC(NCC(=O)N4Cc5ccccc5C4)(C3)C1)C2
25642824,CHEMBL5425473,IC50,=,3500.0,nM,5.46,CHEMBL284,Dipeptidyl peptidase 4,N[C@H](C(=O)N1Cc2ccccc2C1)C1CCC(O)CC1
25642825,CHEMBL142703,IC50,=,10.0,nM,8.00,CHEMBL284,Dipeptidyl peptidase 4,N#C[C@@H]1CCCN1C(=O)CNC12CC3CC(CC(O)(C3)C1)C2
25642826,CHEMBL5440616,IC50,>,10000.0,nM,,CHEMBL284,Dipeptidyl peptidase 4,CCCCOC12CC3CC(CC(NCC(=O)N4Cc5ccccc5C4)(C3)C1)C2
25832291,CHEMBL5523593,IC50,=,440.0,nM,6.36,CHEMBL284,Dipeptidyl peptidase 4,O=C(NC12CC3CC(CC(NCC(=O)N4Cc5ccc(F)cc5C4)(C3)C1)C2)OCCOCCNc1ccc([N+](=O)[O-])c2nonc12
25832292,CHEMBL5527979,IC50,=,1700.0,nM,5.77,CHEMBL284,Dipeptidyl peptidase 4,O=C(NC12CC3CC(CC(NCC(=O)N4Cc5cc(F)c(F)cc5C4)(C3)C1)C2)OCCOCCNc1ccc([N+](=O)[O-])c2nonc12
25832293,CHEMBL5559023,IC50,>,10000.0,nM,,CHEMBL284,Dipeptidyl peptidase 4,CN(C)c1cccc2c(S(=O)(=O)NCCOCCOC(=O)NC34CC5CC(CC(NCC(=O)N6Cc7ccc(F)cc7C6)(C5)C3)C4)cccc12
25832294,CHEMBL5555335,IC50,>,10000.0,nM,,CHEMBL284,Dipeptidyl peptidase 4,CN(C)c1cccc2c(S(=O)(=O)NCCOCCOC(=O)NC34CC5CC(CC(NCC(=O)N6Cc7cc(F)c(F)cc7C6)(C5)C3)C4)cccc12
25832295,CHEMBL5558252,IC50,>,10000.0,nM,,CHEMBL284,Dipeptidyl peptidase 4,CC[N+]1=C(/C=C/C=C2/N(CCCCCC(=O)NC34CC5CC(CC(NCC(=O)N6Cc7cc(F)c(F)cc7C6)(C5)C3)C4)c3ccc(S(=O)(=O)O)cc3C2(C)C)C(C)(C)c2cc(S(=O)(=O)[O-])ccc21
25832296,CHEMBL5558218,IC50,>,10000.0,nM,,CHEMBL284,Dipeptidyl peptidase 4,O=C(CCCCC1SCC2NC(=O)NC21)NCCOCCOC(=O)NC12CC3CC(CC(NCC(=O)N4Cc5ccc(F)cc5C4)(C3)C1)C2
25832297,CHEMBL5505931,IC50,>,10000.0,nM,,CHEMBL284,Dipeptidyl peptidase 4,O=C(CCCCC1SCC2NC(=O)NC21)NCCOCCNC(=O)NC12CC3CC(CC(NCC(=O)N4Cc5ccc(F)cc5C4)(C3)C1)C2
25832298,CHEMBL5542622,IC50,>,10000.0,nM,,CHEMBL284,Dipeptidyl peptidase 4,O=C(CCCCC1SCC2NC(=O)NC21)NCCOCCOCCNC(=O)NC12CC3CC(CC(NCC(=O)N4Cc5ccc(F)cc5C4)(C3)C1)C2
25832299,CHEMBL5555956,IC50,>,10000.0,nM,,CHEMBL284,Dipeptidyl peptidase 4,O=C(CCCCC1SCC2NC(=O)NC21)NCCOCCOC(=O)NC12CC3CC(CC(NCC(=O)N4Cc5cc(F)c(F)cc5C4)(C3)C1)C2
25832300,CHEMBL5558204,IC50,>,10000.0,nM,,CHEMBL284,Dipeptidyl peptidase 4,O=C(CCCCC1SCC2NC(=O)NC21)NCCOCCNC(=O)NC12CC3CC(CC(NCC(=O)N4Cc5cc(F)c(F)cc5C4)(C3)C1)C2
25832301,CHEMBL5558846,IC50,>,10000.0,nM,,CHEMBL284,Dipeptidyl peptidase 4,O=C(CCCCC1SCC2NC(=O)NC21)NCCOCCOCCNC(=O)NC12CC3CC(CC(NCC(=O)N4Cc5cc(F)c(F)cc5C4)(C3)C1)C2
25919209,CHEMBL5555832,IC50,>,100000.0,nM,,CHEMBL284,Dipeptidyl peptidase 4,CN1CCN(C(=O)c2cc(Br)cc([N+](=O)[O-])c2N[C@@H]2CCCC[C@@H]2NC(=O)c2cc(=O)[nH]c3c(F)cccc23)CC1
25986874,CHEMBL5562853,IC50,>,10000.0,nM,,CHEMBL284,Dipeptidyl peptidase 4,COC(CF)COc1ccc2nccc(C(=O)NCC(=O)N3CC(F)(F)C[C@H]3C#N)c2c1
25986875,CHEMBL5590792,IC50,>,10000.0,nM,,CHEMBL284,Dipeptidyl peptidase 4,N#C[C@@H]1CC(F)(F)CN1C(=O)CNC(=O)c1ccnc2ccc(OCC(O)CF)cc12
25986876,CHEMBL5569691,IC50,>,10000.0,nM,,CHEMBL284,Dipeptidyl peptidase 4,CC1(C)O[C@@H](CF)[C@H](COc2ccc3nccc(C(=O)NCC(=O)N4CC(F)(F)C[C@H]4C#N)c3c2)O1
25986877,CHEMBL5566659,IC50,>,10000.0,nM,,CHEMBL284,Dipeptidyl peptidase 4,N#C[C@@H]1CC(F)(F)CN1C(=O)CNC(=O)c1ccnc2ccc(OC[C@H](O)[C@@H](O)CF)cc12
25986878,CHEMBL5566777,IC50,>,10000.0,nM,,CHEMBL284,Dipeptidyl peptidase 4,C[N+](C)(CF)CCCOc1ccc2nccc(C(=O)NCC(=O)N3CC(F)(F)C[C@H]3C#N)c2c1.O=S(=O)([O-])c1ccccc1
25986992,CHEMBL3233842,IC50,>,10000.0,nM,,CHEMBL284,Dipeptidyl peptidase 4,N#C[C@@H]1CC(F)(F)CN1C(=O)CNC(=O)c1ccnc2ccccc12
25986993,CHEMBL5572035,IC50,,,,,CHEMBL284,Dipeptidyl peptidase 4,CN(CC(=O)O)C1(CCCCNCCNc2c(NCCCCOc3ccc4nccc(C(=O)NCC(=O)N5CC(F)(F)C[C@H]5C#N)c4c3)c(=O)c2=O)CN(CC(=O)O)CCN(CC(=O)O)C1
25986994,CHEMBL5569730,IC50,,,,,CHEMBL284,Dipeptidyl peptidase 4,N#C[C@@H]1CC(F)(F)CN1C(=O)CNC(=O)c1ccnc2ccc(OCCCN3CCN(C(=O)CN4CCN(CC(=O)O)CCN(CC(=O)O)CCN(CC(=O)O)CC4)CC3)cc12
26036392,CHEMBL1201174,IC50,=,9.0,nM,8.05,CHEMBL284,Dipeptidyl peptidase 4,N[C@@H](CC(=O)N1CCn2c(nnc2C(F)(F)F)C1)Cc1cc(F)c(F)cc1F.O.O=P(O)(O)O
26036393,CHEMBL237500,IC50,=,1.0,nM,9.00,CHEMBL284,Dipeptidyl peptidase 4,CC#CCn1c(N2CCC[C@@H](N)C2)nc2c1c(=O)n(Cc1nc(C)c3ccccc3n1)c(=O)n2C
26036394,CHEMBL2105754,IC50,=,4.0,nM,8.40,CHEMBL284,Dipeptidyl peptidase 4,Cn1c(=O)cc(N2CCC[C@@H](N)C2)n(Cc2cc(F)ccc2C#N)c1=O.O=C(O)CCC(=O)O
26036395,CHEMBL5597715,IC50,=,2.27,nM,8.64,CHEMBL284,Dipeptidyl peptidase 4,Cc1nnc(N2CCC[C@@H](N)C2)n(Cc2cc(F)ccc2C#N)c1=O.O=C(O)c1ccccc1
26036396,CHEMBL4646510,IC50,=,4.18,nM,8.38,CHEMBL284,Dipeptidyl peptidase 4,CS(=O)(=O)n1cc2c(n1)CN([C@@H]1C[C@H](N)[C@@H](c3cc(F)ccc3F)O[C@@H]1C(F)(F)F)C2
26036398,CHEMBL2103745,Ki,=,0.6,nM,9.22,CHEMBL284,Dipeptidyl peptidase 4,N#C[C@@H]1C[C@@H]2C[C@@H]2N1C(=O)[C@@H](N)C12CC3CC(CC(O)(C3)C1)C2.O
26036399,CHEMBL5598215,IC50,=,10.3,nM,7.99,CHEMBL284,Dipeptidyl peptidase 4,N[C@@H](CC(=O)N1CCc2c(nc(C(F)(F)F)nc2C(F)(F)F)C1)CN1CC(F)(F)CCC1=O.N[C@@H](CC(=O)N1CCc2c(nc(C(F)(F)F)nc2C(F)(F)F)C1)CN1CC(F)(F)CCC1=O.O.O.O.O=C(O)[C@H](O)[C@@H](O)C(=O)O.O=C(O)[C@H](O)[C@@H](O)C(=O)O
26036400,CHEMBL5596356,IC50,=,1.0,nM,9.00,CHEMBL284,Dipeptidyl peptidase 4,Br.Cc1cc(N2CCN([C@@H]3CN[C@H](C(=O)N4CCSC4)C3)CC2)n(-c2ccccc2)n1.O
26050013,CHEMBL5598430,IC50,>,10000.0,nM,,CHEMBL284,Dipeptidyl peptidase 4,Cn1c(=O)c2c(nc(S(C)(=O)=O)n2C)n(CC#Cc2cccc(NC(=O)CN3CCN(c4ccc5c(c4)C(=O)N(C4CCC(=O)NC4=O)C5=O)CC3)c2)c1=O
26141918,CHEMBL5630729,IC50,=,90.0,nM,7.05,CHEMBL284,Dipeptidyl peptidase 4,COc1cc(/C=C2\SC(=O)N(C(=O)CN3CCOCC3)C2=O)ccc1O
26141922,CHEMBL5630847,IC50,=,16210.0,nM,4.79,CHEMBL284,Dipeptidyl peptidase 4,CS(=O)(=O)N1CCN(CC(=O)N2C(=O)S/C(=C\c3ccc([N+](=O)[O-])cc3)C2=O)CC1
26141923,CHEMBL5630820,IC50,=,8030.0,nM,5.09,CHEMBL284,Dipeptidyl peptidase 4,O=C(CN1CCN(S(=O)(=O)c2ccccc2)CC1)N1C(=O)S/C(=C\c2ccc([N+](=O)[O-])cc2)C1=O
26141924,CHEMBL5630400,IC50,=,34340.0,nM,4.46,CHEMBL284,Dipeptidyl peptidase 4,O=C(CN1CCn2c(nnc2C(F)(F)F)C1)N1C(=O)S/C(=C\c2ccc([N+](=O)[O-])cc2)C1=O
26141925,CHEMBL5630282,IC50,=,14940.0,nM,4.83,CHEMBL284,Dipeptidyl peptidase 4,CS(=O)(=O)n1cc2c(n1)CN(CC(=O)N1C(=O)S/C(=C\c3ccc([N+](=O)[O-])cc3)C1=O)C2
26141926,CHEMBL5624477,IC50,=,3070.0,nM,5.51,CHEMBL284,Dipeptidyl peptidase 4,O=C1c2ccccc2C(=O)N1CC(=O)N1C(=O)S/C(=C\c2ccc([N+](=O)[O-])cc2)C1=O
26141927,CHEMBL5624654,IC50,=,2130.0,nM,5.67,CHEMBL284,Dipeptidyl peptidase 4,CS(=O)(=O)N1CCN(CC(=O)N2C(=O)S/C(=C\c3ccc(F)c(F)c3)C2=O)CC1
26141928,CHEMBL5630679,IC50,=,6270.0,nM,5.20,CHEMBL284,Dipeptidyl peptidase 4,O=C(CN1CCN(S(=O)(=O)c2ccccc2)CC1)N1C(=O)S/C(=C\c2ccc(F)c(F)c2)C1=O
26141929,CHEMBL5629890,IC50,=,1220.0,nM,5.91,CHEMBL284,Dipeptidyl peptidase 4,O=C(CN1CCn2c(nnc2C(F)(F)F)C1)N1C(=O)S/C(=C\c2ccc(F)c(F)c2)C1=O
26141930,CHEMBL5624938,IC50,=,2770.0,nM,5.56,CHEMBL284,Dipeptidyl peptidase 4,CS(=O)(=O)n1cc2c(n1)CN(CC(=O)N1C(=O)S/C(=C\c3ccc(F)c(F)c3)C1=O)C2
26141931,CHEMBL5630880,IC50,=,8010.0,nM,5.10,CHEMBL284,Dipeptidyl peptidase 4,O=C1c2ccccc2C(=O)N1CC(=O)N1C(=O)S/C(=C\c2ccc(F)c(F)c2)C1=O
26141932,CHEMBL5630180,IC50,=,220.0,nM,6.66,CHEMBL284,Dipeptidyl peptidase 4,CS(=O)(=O)N1CCN(CC(=O)N2C(=O)S/C(=C\c3ccc(OCc4ccccc4)cc3)C2=O)CC1
26141933,CHEMBL5624515,IC50,=,126.0,nM,6.90,CHEMBL284,Dipeptidyl peptidase 4,O=C(CN1CCN(S(=O)(=O)c2ccccc2)CC1)N1C(=O)S/C(=C\c2ccc(OCc3ccccc3)cc2)C1=O
26141934,CHEMBL5630566,IC50,=,118.0,nM,6.93,CHEMBL284,Dipeptidyl peptidase 4,O=C(CN1CCn2c(nnc2C(F)(F)F)C1)N1C(=O)S/C(=C\c2ccc(OCc3ccccc3)cc2)C1=O
26141935,CHEMBL5631021,IC50,=,90.0,nM,7.05,CHEMBL284,Dipeptidyl peptidase 4,CS(=O)(=O)n1cc2c(n1)CN(CC(=O)N1C(=O)S/C(=C\c3ccc(OCc4ccccc4)cc3)C1=O)C2
26141936,CHEMBL5624847,IC50,=,83.0,nM,7.08,CHEMBL284,Dipeptidyl peptidase 4,O=C1c2ccccc2C(=O)N1CC(=O)N1C(=O)S/C(=C\c2ccc(OCc3ccccc3)cc2)C1=O
26141937,CHEMBL5624539,IC50,=,428.0,nM,6.37,CHEMBL284,Dipeptidyl peptidase 4,CS(=O)(=O)N1CCN(CC(=O)N2C(=O)S/C(=C\c3ccc(NC(=O)c4cc(O)c(O)c(O)c4)cc3)C2=O)CC1
26141938,CHEMBL5624476,IC50,=,169.0,nM,6.77,CHEMBL284,Dipeptidyl peptidase 4,O=C(Nc1ccc(/C=C2\SC(=O)N(C(=O)CN3CCN(S(=O)(=O)c4ccccc4)CC3)C2=O)cc1)c1cc(O)c(O)c(O)c1
26141939,CHEMBL5631075,IC50,=,67.0,nM,7.17,CHEMBL284,Dipeptidyl peptidase 4,O=C(Nc1ccc(/C=C2\SC(=O)N(C(=O)CN3CCn4c(nnc4C(F)(F)F)C3)C2=O)cc1)c1cc(O)c(O)c(O)c1
26141940,CHEMBL5630676,IC50,=,36.0,nM,7.44,CHEMBL284,Dipeptidyl peptidase 4,CS(=O)(=O)n1cc2c(n1)CN(CC(=O)N1C(=O)S/C(=C\c3ccc(NC(=O)c4cc(O)c(O)c(O)c4)cc3)C1=O)C2
26141941,CHEMBL5624535,IC50,=,90.0,nM,7.05,CHEMBL284,Dipeptidyl peptidase 4,O=C(Nc1ccc(/C=C2\SC(=O)N(C(=O)CN3C(=O)c4ccccc4C3=O)C2=O)cc1)c1cc(O)c(O)c(O)c1
26141942,CHEMBL1422,IC50,=,8.0,nM,8.10,CHEMBL284,Dipeptidyl peptidase 4,N[C@@H](CC(=O)N1CCn2c(nnc2C(F)(F)F)C1)Cc1cc(F)c(F)cc1F
26229129,CHEMBL3617968,IC50,>,30000.0,nM,,CHEMBL284,Dipeptidyl peptidase 4,CC(=O)C1=C(C)N(c2cccc(C(F)(F)F)c2)C(=O)N[C@@H]1c1ccc(C#N)nc1
26229130,CHEMBL3617973,IC50,>,30000.0,nM,,CHEMBL284,Dipeptidyl peptidase 4,CC1=C(C#N)[C@@H](c2ccc(C#N)cc2S(C)(=O)=O)N(C)C(=O)N1c1cccc(C(F)(F)F)c1
26768915,CHEMBL3922613,IC50,=,2160.0,nM,5.67,CHEMBL284,Dipeptidyl peptidase 4,CC(C)=CCn1c(N2CCCC(N)C2)nc2c1c(=O)n(C(C)C(=O)c1ccccc1)c(=O)n2C
26768918,CHEMBL3945052,IC50,=,264.0,nM,6.58,CHEMBL284,Dipeptidyl peptidase 4,COCCn1c(=O)c2c(nc(N3CCCC(N)C3)n2Cc2ccccc2C#N)n(C)c1=O
26768921,CHEMBL3913618,IC50,=,16.0,nM,7.80,CHEMBL284,Dipeptidyl peptidase 4,C#CCn1c(=O)n(C)c(=O)c2c1nc(N1CCCC(N)C1)n2Cc1ccccc1C#N
26768924,CHEMBL3913689,IC50,=,32.0,nM,7.50,CHEMBL284,Dipeptidyl peptidase 4,Cn1c(=O)c2c(nc(N3CCCC(N)C3)n2Cc2ccccc2C#N)n(-c2ccccc2)c1=O
26768927,CHEMBL3904065,IC50,=,12.0,nM,7.92,CHEMBL284,Dipeptidyl peptidase 4,CC(C)=CCn1c(N2CCCC(N)C2)nc2c1c(=O)n(Cc1ccc3ccccc3n1)c(=O)n2C
26768930,CHEMBL3934913,IC50,=,4.0,nM,8.40,CHEMBL284,Dipeptidyl peptidase 4,CC(C)=CCn1c(N2CCCC(N)C2)nc2c1c(=O)n(Cc1ncnc3ccccc13)c(=O)n2C
26768933,CHEMBL3942798,IC50,=,9.0,nM,8.05,CHEMBL284,Dipeptidyl peptidase 4,CC(C)=CCn1c(N2CCCC(N)C2)nc2c1c(=O)n(Cc1cc3ccccc3cn1)c(=O)n2C
26768936,CHEMBL3965610,IC50,=,5.0,nM,8.30,CHEMBL284,Dipeptidyl peptidase 4,CC(C)=CCn1c(N2CCCC(N)C2)nc2c1c(=O)n(CC(=O)c1cccc(C(=O)O)c1)c(=O)n2C
26768939,CHEMBL3897624,IC50,=,5.0,nM,8.30,CHEMBL284,Dipeptidyl peptidase 4,CNC(=O)c1cccc(C(=O)Cn2c(=O)c3c(nc(N4CCCC(N)C4)n3CC=C(C)C)n(C)c2=O)c1
26768942,CHEMBL3957746,IC50,=,6.0,nM,8.22,CHEMBL284,Dipeptidyl peptidase 4,CC(C)=CCn1c(N2CCCC(N)C2)nc2c1c(=O)n(CC(=O)c1ccccc1C(=O)N1CCOCC1)c(=O)n2C
26768945,CHEMBL3986470,IC50,=,6.0,nM,8.22,CHEMBL284,Dipeptidyl peptidase 4,CC#CCn1c(N2CCCC(N)C2)nc2c1c(=O)n(Cc1cc(=O)n(C)c3ccccc13)c(=O)n2C
26768948,CHEMBL3985360,IC50,=,9.0,nM,8.05,CHEMBL284,Dipeptidyl peptidase 4,CC#CCn1c(N2CCCC(N)C2)nc2c1c(=O)n(Cc1ccnc3ccccc13)c(=O)n2C
26768951,CHEMBL3912125,IC50,=,250.0,nM,6.60,CHEMBL284,Dipeptidyl peptidase 4,CC(C)=CCn1c(N2CCCC(N)C2)nc2c1c(=O)n(CC(=O)N1CCCCC1)c(=O)n2C
26768954,CHEMBL3974068,IC50,=,22.0,nM,7.66,CHEMBL284,Dipeptidyl peptidase 4,COc1cccc(C(=O)Cn2c(=O)c3c(nc(N4CCCC(N)C4)n3CC=C(C)C)n(C)c2=O)c1OC
26768957,CHEMBL3903110,IC50,=,1.0,nM,9.00,CHEMBL284,Dipeptidyl peptidase 4,CC#CCn1c(N2CCC[C@@H](N)C2)nc2c1c(=O)n(Cc1ncc3ccccc3n1)c(=O)n2C
26768960,CHEMBL3955534,IC50,=,2.0,nM,8.70,CHEMBL284,Dipeptidyl peptidase 4,CC#CCn1c(N2CCC[C@@H](N)C2)nc2c1c(=O)n(CC(=O)c1ccccc1OCC(=O)NCC)c(=O)n2C
26768963,CHEMBL3889902,IC50,=,2.0,nM,8.70,CHEMBL284,Dipeptidyl peptidase 4,C/C=C/Cn1c(N2CCCC(N)C2)nc2c1c(=O)n(CC(=O)c1ccccc1NC(C)=O)c(=O)n2C
26768966,CHEMBL237289,IC50,=,1.0,nM,9.00,CHEMBL284,Dipeptidyl peptidase 4,CC#CCn1c(N2CCC[C@@H](N)C2)nc2c1c(=O)n(CC(=O)c1ccccc1OCC(=O)NC)c(=O)n2C
26768969,CHEMBL3987141,IC50,=,3.0,nM,8.52,CHEMBL284,Dipeptidyl peptidase 4,C/C=C/Cn1c(N2CCCC(N)C2)nc2c1c(=O)n(CC(=O)c1ccccc1NC(=O)C(C)C)c(=O)n2C
26768972,CHEMBL3958450,IC50,=,3.0,nM,8.52,CHEMBL284,Dipeptidyl peptidase 4,C/C=C/Cn1c(N2CCC[C@@H](N)C2)nc2c1c(=O)n(CC(=O)c1ccccc1)c(=O)n2C
26768975,CHEMBL3898310,IC50,=,3.0,nM,8.52,CHEMBL284,Dipeptidyl peptidase 4,CC#CCn1c(N2CCC[C@H](N)C2)nc2c1c(=O)n(Cc1nc(C)cc3ccccc13)c(=O)n2C
26768978,CHEMBL237499,IC50,=,3.0,nM,8.52,CHEMBL284,Dipeptidyl peptidase 4,CC#CCn1c(N2CCC[C@@H](N)C2)nc2c1c(=O)n(Cc1nc(C)cc3ccccc13)c(=O)n2C
26768981,CHEMBL3966199,IC50,=,3.0,nM,8.52,CHEMBL284,Dipeptidyl peptidase 4,CC#CCn1c(N2CCC[C@H](N)C2)nc2c1c(=O)n(Cc1ncc(C)c3ccccc13)c(=O)n2C
26768984,CHEMBL3903787,IC50,=,1.0,nM,9.00,CHEMBL284,Dipeptidyl peptidase 4,CC#CCn1c(N2CCC[C@@H](N)C2)nc2c1c(=O)n(Cc1ncc(C)c3ccccc13)c(=O)n2C
26768987,CHEMBL3974699,IC50,=,3.0,nM,8.52,CHEMBL284,Dipeptidyl peptidase 4,CC#CCn1c(N2CCC[C@@H](N)C2)nc2c1c(=O)n(CC(=O)c1cccc3c1OCCO3)c(=O)n2C
26768990,CHEMBL3912809,IC50,=,13.0,nM,7.89,CHEMBL284,Dipeptidyl peptidase 4,CC#CCn1c(N2CCC[C@H](N)C2)nc2c1c(=O)n(Cc1ccc(OC)c3ccccc13)c(=O)n2C
26768993,CHEMBL3986074,IC50,=,8.0,nM,8.10,CHEMBL284,Dipeptidyl peptidase 4,CC#CCn1c(N2CCC[C@@H](N)C2)nc2c1c(=O)n(Cc1ccc(OC)c3ccccc13)c(=O)n2C
26768996,CHEMBL3979864,IC50,=,4.0,nM,8.40,CHEMBL284,Dipeptidyl peptidase 4,CC#CCn1c(N2CCC[C@@H](N)C2)nc2c1c(=O)n(CC(=O)c1cccc3c1OCO3)c(=O)n2C
26768999,CHEMBL237500,IC50,=,1.0,nM,9.00,CHEMBL284,Dipeptidyl peptidase 4,CC#CCn1c(N2CCC[C@@H](N)C2)nc2c1c(=O)n(Cc1nc(C)c3ccccc3n1)c(=O)n2C
26769002,CHEMBL3950914,IC50,=,4.0,nM,8.40,CHEMBL284,Dipeptidyl peptidase 4,C/C=C/Cn1c(N2CCC[C@H](N)C2)nc2c1c(=O)n(CC(=O)c1ccccc1NC(=O)C(C)C)c(=O)n2C
26769005,CHEMBL3965981,IC50,=,1.0,nM,9.00,CHEMBL284,Dipeptidyl peptidase 4,C/C=C/Cn1c(N2CCC[C@@H](N)C2)nc2c1c(=O)n(CC(=O)c1ccccc1OCC(=O)NC)c(=O)n2C
26769008,CHEMBL3893759,IC50,=,1.0,nM,9.00,CHEMBL284,Dipeptidyl peptidase 4,C/C=C/Cn1c(N2CCC[C@H](N)C2)nc2c1c(=O)n(CC(=O)c1ccccc1OCC(=O)NC)c(=O)n2C
26769011,CHEMBL3903674,IC50,=,3.0,nM,8.52,CHEMBL284,Dipeptidyl peptidase 4,CC#CCn1c(N2CCC[C@@H](N)C2)nc2c1c(=O)n(CC(=O)c1ccccc1NC(=O)C(C)C)c(=O)n2C
26769014,CHEMBL3926493,IC50,=,4.0,nM,8.40,CHEMBL284,Dipeptidyl peptidase 4,C/C=C/Cn1c(N2CCC[C@@H](N)C2)nc2c1c(=O)n(CC(=O)c1ccccc1NC(=O)C(C)C)c(=O)n2C
26769017,CHEMBL3981831,IC50,=,3.0,nM,8.52,CHEMBL284,Dipeptidyl peptidase 4,CC#CCn1c(N2CCC[C@@H](N)C2)nc2c1c(=O)n(Cc1ccc(C#N)c3ccccc13)c(=O)n2C
26769020,CHEMBL3953094,IC50,=,4.0,nM,8.40,CHEMBL284,Dipeptidyl peptidase 4,CC#CCn1c(N2CCC[C@@H](N)C2)nc2c1c(=O)n(Cc1nc(-c3ccccc3)c3ccccc3n1)c(=O)n2C
26769023,CHEMBL3938646,IC50,=,2.0,nM,8.70,CHEMBL284,Dipeptidyl peptidase 4,CC#CCn1c(N2CCC[C@@H](N)C2)nc2c1c(=O)n(Cc1cc(C)c3nccnc3c1)c(=O)n2C
26769026,CHEMBL3957200,IC50,=,12.0,nM,7.92,CHEMBL284,Dipeptidyl peptidase 4,CC#CCn1c(N2CCC[C@@H](N)C2)nc2c1c(=O)n(Cc1ccc(F)c3ccccc13)c(=O)n2C
26769029,CHEMBL3958670,IC50,=,8.0,nM,8.10,CHEMBL284,Dipeptidyl peptidase 4,CC#CCn1c(N2CCC[C@@H](N)C2)nc2c1c(=O)n(C/C=C/c1c(F)c(F)c(F)c(F)c1F)c(=O)n2C
26769032,CHEMBL3931178,IC50,=,13.0,nM,7.89,CHEMBL284,Dipeptidyl peptidase 4,CC#CCn1c(N2CCC[C@@H](N)C2)nc2c1c(=O)n(Cc1nc(C(F)(F)F)cc3ccccc13)c(=O)n2C
26769035,CHEMBL3917354,IC50,=,6.0,nM,8.22,CHEMBL284,Dipeptidyl peptidase 4,CC#CCn1c(N2CCC[C@@H](N)C2)nc2c1c(=O)n(Cc1nc(C(F)F)cc3ccccc13)c(=O)n2C
26769038,CHEMBL6033013,IC50,=,6.0,nM,8.22,CHEMBL284,Dipeptidyl peptidase 4,CC#CCn1c(N2CCCC(N)C2)nc2c1c(=O)n(Cc1nc(-c3ccccc3)c3ccccc3n1)c(=O)n2C1CC1
26769041,CHEMBL3911930,IC50,=,5.0,nM,8.30,CHEMBL284,Dipeptidyl peptidase 4,CC#CCn1c(N2CCC[C@@H](N)C2)nc2c1c(=O)n(Cc1nc(C)cc3ccccc13)c(=O)n2C1CC1
26769044,CHEMBL3939916,IC50,=,3.0,nM,8.52,CHEMBL284,Dipeptidyl peptidase 4,CC#CCn1c(N2CCC[C@@H](N)C2)nc2c1c(=O)n(CC(=O)c1cccc(OC)c1)c(=O)n2C
26769047,CHEMBL3938789,IC50,=,11.0,nM,7.96,CHEMBL284,Dipeptidyl peptidase 4,Cc1cc2ccccc2c(Cn2c(=O)c3c(nc(N4CCC[C@@H](N)C4)n3Cc3ccccc3Cl)n(C)c2=O)n1
26769050,CHEMBL3962719,IC50,=,14.0,nM,7.85,CHEMBL284,Dipeptidyl peptidase 4,Cc1cc2ccccc2c(Cn2c(=O)c3c(nc(N4CCC[C@@H](N)C4)n3Cc3ccccc3Br)n(C)c2=O)n1
27085580,CHEMBL2105762,IC50,=,4.2,nM,8.38,CHEMBL284,Dipeptidyl peptidase 4,CS(=O)(=O)n1cc2c(n1)CN([C@H]1CO[C@H](c3cc(F)ccc3F)[C@@H](N)C1)C2
27085583,CHEMBL5891902,IC50,=,4.4,nM,8.36,CHEMBL284,Dipeptidyl peptidase 4,N[C@H]1C[C@@H](N2Cc3nn4c(c3C2)CCCS4(=O)=O)CO[C@@H]1c1cc(F)ccc1F
27085586,CHEMBL5790948,IC50,=,5.1,nM,8.29,CHEMBL284,Dipeptidyl peptidase 4,Cc1nn(S(C)(=O)=O)c2c1CN([C@H]1CO[C@H](c3cc(F)ccc3F)[C@@H](N)C1)C2
27085589,CHEMBL6043018,IC50,=,18.2,nM,7.74,CHEMBL284,Dipeptidyl peptidase 4,N[C@H]1C[C@@H](N2Cc3cc(C(=O)O)sc3C2)CO[C@@H]1c1cc(F)ccc1F
27085592,CHEMBL5828032,IC50,=,2.6,nM,8.59,CHEMBL284,Dipeptidyl peptidase 4,CS(=O)(=O)c1ccc2c(c1)CN([C@H]1CO[C@H](c3cc(F)ccc3F)[C@@H](N)C1)C2
27085595,CHEMBL5791601,IC50,=,6.5,nM,8.19,CHEMBL284,Dipeptidyl peptidase 4,N[C@H]1C[C@@H](N2Cc3ccc(Br)cc3C2)CO[C@@H]1c1cc(F)ccc1F
27085598,CHEMBL5763347,IC50,=,3.8,nM,8.42,CHEMBL284,Dipeptidyl peptidase 4,N[C@H]1C[C@@H](N2Cc3ccc(S(N)(=O)=O)cc3C2)CO[C@@H]1c1cc(F)ccc1F
27085601,CHEMBL5894572,IC50,=,3.2,nM,8.49,CHEMBL284,Dipeptidyl peptidase 4,N[C@H]1C[C@@H](N2Cc3ccc(S(=O)(=O)C4CC4)cc3C2)CO[C@@H]1c1cc(F)ccc1F
27336578,CHEMBL3922613,IC50,=,2160.0,nM,5.67,CHEMBL284,Dipeptidyl peptidase 4,CC(C)=CCn1c(N2CCCC(N)C2)nc2c1c(=O)n(C(C)C(=O)c1ccccc1)c(=O)n2C
27336581,CHEMBL3945052,IC50,=,264.0,nM,6.58,CHEMBL284,Dipeptidyl peptidase 4,COCCn1c(=O)c2c(nc(N3CCCC(N)C3)n2Cc2ccccc2C#N)n(C)c1=O
27336584,CHEMBL3913618,IC50,=,16.0,nM,7.80,CHEMBL284,Dipeptidyl peptidase 4,C#CCn1c(=O)n(C)c(=O)c2c1nc(N1CCCC(N)C1)n2Cc1ccccc1C#N
27336587,CHEMBL3913689,IC50,=,32.0,nM,7.50,CHEMBL284,Dipeptidyl peptidase 4,Cn1c(=O)c2c(nc(N3CCCC(N)C3)n2Cc2ccccc2C#N)n(-c2ccccc2)c1=O
27336590,CHEMBL3904065,IC50,=,12.0,nM,7.92,CHEMBL284,Dipeptidyl peptidase 4,CC(C)=CCn1c(N2CCCC(N)C2)nc2c1c(=O)n(Cc1ccc3ccccc3n1)c(=O)n2C
27336593,CHEMBL3934913,IC50,=,4.0,nM,8.40,CHEMBL284,Dipeptidyl peptidase 4,CC(C)=CCn1c(N2CCCC(N)C2)nc2c1c(=O)n(Cc1ncnc3ccccc13)c(=O)n2C
27336596,CHEMBL3942798,IC50,=,9.0,nM,8.05,CHEMBL284,Dipeptidyl peptidase 4,CC(C)=CCn1c(N2CCCC(N)C2)nc2c1c(=O)n(Cc1cc3ccccc3cn1)c(=O)n2C
27336599,CHEMBL3965610,IC50,=,5.0,nM,8.30,CHEMBL284,Dipeptidyl peptidase 4,CC(C)=CCn1c(N2CCCC(N)C2)nc2c1c(=O)n(CC(=O)c1cccc(C(=O)O)c1)c(=O)n2C
27336602,CHEMBL3897624,IC50,=,5.0,nM,8.30,CHEMBL284,Dipeptidyl peptidase 4,CNC(=O)c1cccc(C(=O)Cn2c(=O)c3c(nc(N4CCCC(N)C4)n3CC=C(C)C)n(C)c2=O)c1
27336605,CHEMBL3957746,IC50,=,6.0,nM,8.22,CHEMBL284,Dipeptidyl peptidase 4,CC(C)=CCn1c(N2CCCC(N)C2)nc2c1c(=O)n(CC(=O)c1ccccc1C(=O)N1CCOCC1)c(=O)n2C
27336608,CHEMBL3986470,IC50,=,6.0,nM,8.22,CHEMBL284,Dipeptidyl peptidase 4,CC#CCn1c(N2CCCC(N)C2)nc2c1c(=O)n(Cc1cc(=O)n(C)c3ccccc13)c(=O)n2C
27336611,CHEMBL3985360,IC50,=,9.0,nM,8.05,CHEMBL284,Dipeptidyl peptidase 4,CC#CCn1c(N2CCCC(N)C2)nc2c1c(=O)n(Cc1ccnc3ccccc13)c(=O)n2C
27336614,CHEMBL3912125,IC50,=,250.0,nM,6.60,CHEMBL284,Dipeptidyl peptidase 4,CC(C)=CCn1c(N2CCCC(N)C2)nc2c1c(=O)n(CC(=O)N1CCCCC1)c(=O)n2C
27336617,CHEMBL3974068,IC50,=,22.0,nM,7.66,CHEMBL284,Dipeptidyl peptidase 4,COc1cccc(C(=O)Cn2c(=O)c3c(nc(N4CCCC(N)C4)n3CC=C(C)C)n(C)c2=O)c1OC
27336620,CHEMBL3903110,IC50,=,1.0,nM,9.00,CHEMBL284,Dipeptidyl peptidase 4,CC#CCn1c(N2CCC[C@@H](N)C2)nc2c1c(=O)n(Cc1ncc3ccccc3n1)c(=O)n2C
27336623,CHEMBL3955534,IC50,=,2.0,nM,8.70,CHEMBL284,Dipeptidyl peptidase 4,CC#CCn1c(N2CCC[C@@H](N)C2)nc2c1c(=O)n(CC(=O)c1ccccc1OCC(=O)NCC)c(=O)n2C
27336626,CHEMBL3889902,IC50,=,2.0,nM,8.70,CHEMBL284,Dipeptidyl peptidase 4,C/C=C/Cn1c(N2CCCC(N)C2)nc2c1c(=O)n(CC(=O)c1ccccc1NC(C)=O)c(=O)n2C
27336629,CHEMBL237289,IC50,=,1.0,nM,9.00,CHEMBL284,Dipeptidyl peptidase 4,CC#CCn1c(N2CCC[C@@H](N)C2)nc2c1c(=O)n(CC(=O)c1ccccc1OCC(=O)NC)c(=O)n2C
27336632,CHEMBL3987141,IC50,=,3.0,nM,8.52,CHEMBL284,Dipeptidyl peptidase 4,C/C=C/Cn1c(N2CCCC(N)C2)nc2c1c(=O)n(CC(=O)c1ccccc1NC(=O)C(C)C)c(=O)n2C
27336635,CHEMBL3958450,IC50,=,3.0,nM,8.52,CHEMBL284,Dipeptidyl peptidase 4,C/C=C/Cn1c(N2CCC[C@@H](N)C2)nc2c1c(=O)n(CC(=O)c1ccccc1)c(=O)n2C
27336638,CHEMBL3898310,IC50,=,3.0,nM,8.52,CHEMBL284,Dipeptidyl peptidase 4,CC#CCn1c(N2CCC[C@H](N)C2)nc2c1c(=O)n(Cc1nc(C)cc3ccccc13)c(=O)n2C
27336641,CHEMBL237499,IC50,=,3.0,nM,8.52,CHEMBL284,Dipeptidyl peptidase 4,CC#CCn1c(N2CCC[C@@H](N)C2)nc2c1c(=O)n(Cc1nc(C)cc3ccccc13)c(=O)n2C
27336644,CHEMBL3966199,IC50,=,3.0,nM,8.52,CHEMBL284,Dipeptidyl peptidase 4,CC#CCn1c(N2CCC[C@H](N)C2)nc2c1c(=O)n(Cc1ncc(C)c3ccccc13)c(=O)n2C
27336647,CHEMBL3903787,IC50,=,1.0,nM,9.00,CHEMBL284,Dipeptidyl peptidase 4,CC#CCn1c(N2CCC[C@@H](N)C2)nc2c1c(=O)n(Cc1ncc(C)c3ccccc13)c(=O)n2C
27336650,CHEMBL3974699,IC50,=,3.0,nM,8.52,CHEMBL284,Dipeptidyl peptidase 4,CC#CCn1c(N2CCC[C@@H](N)C2)nc2c1c(=O)n(CC(=O)c1cccc3c1OCCO3)c(=O)n2C
27336653,CHEMBL3912809,IC50,=,13.0,nM,7.89,CHEMBL284,Dipeptidyl peptidase 4,CC#CCn1c(N2CCC[C@H](N)C2)nc2c1c(=O)n(Cc1ccc(OC)c3ccccc13)c(=O)n2C
27336656,CHEMBL3986074,IC50,=,8.0,nM,8.10,CHEMBL284,Dipeptidyl peptidase 4,CC#CCn1c(N2CCC[C@@H](N)C2)nc2c1c(=O)n(Cc1ccc(OC)c3ccccc13)c(=O)n2C
27336659,CHEMBL3979864,IC50,=,4.0,nM,8.40,CHEMBL284,Dipeptidyl peptidase 4,CC#CCn1c(N2CCC[C@@H](N)C2)nc2c1c(=O)n(CC(=O)c1cccc3c1OCO3)c(=O)n2C
27336662,CHEMBL237500,IC50,=,1.0,nM,9.00,CHEMBL284,Dipeptidyl peptidase 4,CC#CCn1c(N2CCC[C@@H](N)C2)nc2c1c(=O)n(Cc1nc(C)c3ccccc3n1)c(=O)n2C
27336665,CHEMBL5939140,IC50,=,4.0,nM,8.40,CHEMBL284,Dipeptidyl peptidase 4,CC=CCn1c(N2CCC[C@H](N)C2)nc2c1c(=O)n(CC(=O)c1ccccc1NC(=O)C(C)C)c(=O)n2C
27336668,CHEMBL3965981,IC50,=,1.0,nM,9.00,CHEMBL284,Dipeptidyl peptidase 4,C/C=C/Cn1c(N2CCC[C@@H](N)C2)nc2c1c(=O)n(CC(=O)c1ccccc1OCC(=O)NC)c(=O)n2C
27336671,CHEMBL3893759,IC50,=,1.0,nM,9.00,CHEMBL284,Dipeptidyl peptidase 4,C/C=C/Cn1c(N2CCC[C@H](N)C2)nc2c1c(=O)n(CC(=O)c1ccccc1OCC(=O)NC)c(=O)n2C
27336674,CHEMBL3903674,IC50,=,3.0,nM,8.52,CHEMBL284,Dipeptidyl peptidase 4,CC#CCn1c(N2CCC[C@@H](N)C2)nc2c1c(=O)n(CC(=O)c1ccccc1NC(=O)C(C)C)c(=O)n2C
27336677,CHEMBL3926493,IC50,=,4.0,nM,8.40,CHEMBL284,Dipeptidyl peptidase 4,C/C=C/Cn1c(N2CCC[C@@H](N)C2)nc2c1c(=O)n(CC(=O)c1ccccc1NC(=O)C(C)C)c(=O)n2C
27336680,CHEMBL3981831,IC50,=,3.0,nM,8.52,CHEMBL284,Dipeptidyl peptidase 4,CC#CCn1c(N2CCC[C@@H](N)C2)nc2c1c(=O)n(Cc1ccc(C#N)c3ccccc13)c(=O)n2C
27336683,CHEMBL3953094,IC50,=,4.0,nM,8.40,CHEMBL284,Dipeptidyl peptidase 4,CC#CCn1c(N2CCC[C@@H](N)C2)nc2c1c(=O)n(Cc1nc(-c3ccccc3)c3ccccc3n1)c(=O)n2C
27336686,CHEMBL3938646,IC50,=,2.0,nM,8.70,CHEMBL284,Dipeptidyl peptidase 4,CC#CCn1c(N2CCC[C@@H](N)C2)nc2c1c(=O)n(Cc1cc(C)c3nccnc3c1)c(=O)n2C
27336689,CHEMBL3957200,IC50,=,12.0,nM,7.92,CHEMBL284,Dipeptidyl peptidase 4,CC#CCn1c(N2CCC[C@@H](N)C2)nc2c1c(=O)n(Cc1ccc(F)c3ccccc13)c(=O)n2C
27336692,CHEMBL3958670,IC50,=,8.0,nM,8.10,CHEMBL284,Dipeptidyl peptidase 4,CC#CCn1c(N2CCC[C@@H](N)C2)nc2c1c(=O)n(C/C=C/c1c(F)c(F)c(F)c(F)c1F)c(=O)n2C
27336695,CHEMBL3931178,IC50,=,13.0,nM,7.89,CHEMBL284,Dipeptidyl peptidase 4,CC#CCn1c(N2CCC[C@@H](N)C2)nc2c1c(=O)n(Cc1nc(C(F)(F)F)cc3ccccc13)c(=O)n2C
27336698,CHEMBL3917354,IC50,=,6.0,nM,8.22,CHEMBL284,Dipeptidyl peptidase 4,CC#CCn1c(N2CCC[C@@H](N)C2)nc2c1c(=O)n(Cc1nc(C(F)F)cc3ccccc13)c(=O)n2C
27336701,CHEMBL3948679,IC50,=,6.0,nM,8.22,CHEMBL284,Dipeptidyl peptidase 4,CC#CCn1c(N2CCC[C@@H](N)C2)nc2c1c(=O)n(CC(=O)c1ccccc1-c1ccccc1)c(=O)n2C
27336704,CHEMBL3911930,IC50,=,5.0,nM,8.30,CHEMBL284,Dipeptidyl peptidase 4,CC#CCn1c(N2CCC[C@@H](N)C2)nc2c1c(=O)n(Cc1nc(C)cc3ccccc13)c(=O)n2C1CC1
27336707,CHEMBL3939916,IC50,=,3.0,nM,8.52,CHEMBL284,Dipeptidyl peptidase 4,CC#CCn1c(N2CCC[C@@H](N)C2)nc2c1c(=O)n(CC(=O)c1cccc(OC)c1)c(=O)n2C
27336710,CHEMBL3938789,IC50,=,11.0,nM,7.96,CHEMBL284,Dipeptidyl peptidase 4,Cc1cc2ccccc2c(Cn2c(=O)c3c(nc(N4CCC[C@@H](N)C4)n3Cc3ccccc3Cl)n(C)c2=O)n1
27336713,CHEMBL3962719,IC50,=,14.0,nM,7.85,CHEMBL284,Dipeptidyl peptidase 4,Cc1cc2ccccc2c(Cn2c(=O)c3c(nc(N4CCC[C@@H](N)C4)n3Cc3ccccc3Br)n(C)c2=O)n1
27715985,CHEMBL6057823,IC50,=,0.21,nM,9.68,CHEMBL284,Dipeptidyl peptidase 4,CC#CCn1c(N2CCC[C@@H](N)C2)nc2c1c(=O)n(Cc1cccc(F)c1C#N)c(=O)n2C
27715988,CHEMBL5896005,IC50,=,2.1,nM,8.68,CHEMBL284,Dipeptidyl peptidase 4,CC#CCn1c(N2CCC[C@@H](N)C2)nc2c1c(=O)n(Cc1cc(F)c(F)cc1C#N)c(=O)n2C
27715991,CHEMBL5914058,IC50,=,0.08,nM,10.10,CHEMBL284,Dipeptidyl peptidase 4,CC#CCn1c(N2CCC[C@@H](N)C2)nc2c1c(=O)n(Cc1nccnc1C#N)c(=O)n2C
27715994,CHEMBL5834108,IC50,=,4.8,nM,8.32,CHEMBL284,Dipeptidyl peptidase 4,CC#CCn1c(N2CCC[C@@H](N)C2)nc2c1c(=O)n(Cc1ncccc1C(=O)OC)c(=O)n2C
27715997,CHEMBL237500,IC50,=,0.21,nM,9.68,CHEMBL284,Dipeptidyl peptidase 4,CC#CCn1c(N2CCC[C@@H](N)C2)nc2c1c(=O)n(Cc1nc(C)c3ccccc3n1)c(=O)n2C
27811388,CHEMBL6051249,IC50,=,3320.0,nM,5.48,CHEMBL284,Dipeptidyl peptidase 4,NC1Cc2c(O)cccc2OC1c1cc(F)c(F)cc1F
27811391,CHEMBL6011250,IC50,=,207.0,nM,6.68,CHEMBL284,Dipeptidyl peptidase 4,NC1Cc2c(ccc3ccc(=O)oc23)OC1c1cc(F)c(F)cc1F
27811394,CHEMBL3959577,IC50,=,154.0,nM,6.81,CHEMBL284,Dipeptidyl peptidase 4,Cc1cc(=O)oc2c3c(ccc12)O[C@H](c1cc(F)c(F)cc1F)[C@@H](N)C3
27811397,CHEMBL5756206,IC50,=,283.0,nM,6.55,CHEMBL284,Dipeptidyl peptidase 4,NC1Cc2cc(O)ccc2OC1c1cc(F)c(F)cc1F
27811400,CHEMBL3928073,IC50,=,15.0,nM,7.82,CHEMBL284,Dipeptidyl peptidase 4,COc1ccc2ccc3c(c2c1)C[C@H](N)[C@@H](c1cc(F)c(F)cc1F)O3
27811403,CHEMBL3901191,IC50,=,20.0,nM,7.70,CHEMBL284,Dipeptidyl peptidase 4,COc1ccc2c3c(ccc2c1)O[C@H](c1cc(F)c(F)cc1F)[C@@H](N)C3
27811406,CHEMBL3979508,IC50,=,39.0,nM,7.41,CHEMBL284,Dipeptidyl peptidase 4,N[C@H]1Cc2c(ccc3cc(Br)ccc23)O[C@@H]1c1cc(F)c(F)cc1F
27811409,CHEMBL6013719,IC50,=,216.0,nM,6.67,CHEMBL284,Dipeptidyl peptidase 4,NC1Cc2c(ccc3ccc(Br)cc23)OC1c1cc(F)c(F)cc1F
27811412,CHEMBL5944167,IC50,=,9.17,nM,8.04,CHEMBL284,Dipeptidyl peptidase 4,N#Cc1ccc2c3c(ccc2c1)O[C@H](c1cc(F)c(F)cc1F)[C@@H](N)C3
27811415,CHEMBL5857197,IC50,=,18.0,nM,7.75,CHEMBL284,Dipeptidyl peptidase 4,NC1Cc2c(ccc3cc(OC=O)ccc23)OC1c1cc(F)c(F)cc1F
27811418,CHEMBL6033078,IC50,=,205.0,nM,6.69,CHEMBL284,Dipeptidyl peptidase 4,N#Cc1ccc2ccc3c(c2c1)CC(N)C(c1cc(F)c(F)cc1F)O3
27811421,CHEMBL5914704,IC50,=,4.0,nM,8.40,CHEMBL284,Dipeptidyl peptidase 4,COc1cc2ccc3c(c2cc1OC)C[C@H](N)C(c1cc(F)c(F)cc1F)O3
27811424,CHEMBL5750623,IC50,=,169.0,nM,6.77,CHEMBL284,Dipeptidyl peptidase 4,CS(=O)(=O)c1ccc(-c2ccc3ccc4c(c3c2)CC(N)C(c2cc(F)c(F)cc2F)O4)cc1
27811427,CHEMBL5980526,IC50,=,74.0,nM,7.13,CHEMBL284,Dipeptidyl peptidase 4,N[C@H]1Cc2c(ccc3ccc(-c4cccc(C[SH](=O)=O)c4)cc23)O[C@@H]1c1cc(F)c(F)cc1F
27811430,CHEMBL5829004,IC50,=,110.0,nM,6.96,CHEMBL284,Dipeptidyl peptidase 4,NC1Cc2c(ccc3ccccc23)OC1c1cc(F)c(F)cc1F
27811433,CHEMBL1422,IC50,=,14.0,nM,7.85,CHEMBL284,Dipeptidyl peptidase 4,N[C@@H](CC(=O)N1CCn2c(nnc2C(F)(F)F)C1)Cc1cc(F)c(F)cc1F
27811436,CHEMBL2105762,IC50,=,2.0,nM,8.70,CHEMBL284,Dipeptidyl peptidase 4,CS(=O)(=O)n1cc2c(n1)CN([C@H]1CO[C@H](c3cc(F)ccc3F)[C@@H](N)C1)C2
27811439,CHEMBL5882105,IC50,=,11.0,nM,7.96,CHEMBL284,Dipeptidyl peptidase 4,CS(=O)(=O)Nc1ccc2c3c(ccc2c1)OC(c1cc(F)c(F)cc1F)C(N)C3
27811442,CHEMBL3932825,IC50,=,6.0,nM,8.22,CHEMBL284,Dipeptidyl peptidase 4,CS(=O)(=O)c1ccc2c3c(ccc2c1)O[C@H](c1cc(F)c(F)cc1F)[C@@H](N)C3
27811445,CHEMBL5749167,IC50,=,70.0,nM,7.16,CHEMBL284,Dipeptidyl peptidase 4,NC1Cc2c(ccc3cc(N4CCOCC4)ccc23)OC1c1cc(F)c(F)cc1F
27811448,CHEMBL3944427,IC50,=,2.0,nM,8.70,CHEMBL284,Dipeptidyl peptidase 4,COc1cc2c3c(ccc2cc1S(C)(=O)=O)O[C@H](c1cc(F)c(F)cc1F)[C@@H](N)C3
27811451,CHEMBL3942843,IC50,=,30.0,nM,7.52,CHEMBL284,Dipeptidyl peptidase 4,COc1cc2c3c(ccc2cc1NS(C)(=O)=O)O[C@H](c1cc(F)c(F)cc1F)[C@@H](N)C3
27811454,CHEMBL4550812,IC50,=,2.0,nM,8.70,CHEMBL284,Dipeptidyl peptidase 4,COc1cc2c3c(ccc2cc1C#N)O[C@H](c1cc(F)c(F)cc1F)[C@@H](N)C3
27811457,CHEMBL5958101,IC50,=,564.0,nM,6.25,CHEMBL284,Dipeptidyl peptidase 4,COc1ccc2ccc3c(c2c1)CC(N)C(c1ccccc1F)O3
27811460,CHEMBL5814595,IC50,=,800.0,nM,6.10,CHEMBL284,Dipeptidyl peptidase 4,COc1ccc2ccc3c(c2c1)CC(N)C(c1ccc(F)cc1)O3
27811463,CHEMBL5786497,IC50,=,78.0,nM,7.11,CHEMBL284,Dipeptidyl peptidase 4,COc1ccc2ccc3c(c2c1)CC(N)C(c1ccc(F)cc1F)O3
27811466,CHEMBL5976169,IC50,=,33.0,nM,7.48,CHEMBL284,Dipeptidyl peptidase 4,COc1ccc2ccc3c(c2c1)CC(N)C(c1cc(F)ccc1F)O3
27811469,CHEMBL5916381,IC50,=,338.0,nM,6.47,CHEMBL284,Dipeptidyl peptidase 4,COc1ccc2ccc3c(c2c1)CC(N)C(c1ccccc1Cl)O3
27811472,CHEMBL5902002,IC50,=,678.0,nM,6.17,CHEMBL284,Dipeptidyl peptidase 4,COc1ccc2ccc3c(c2c1)CC(N)C(c1ccc(Cl)cc1Cl)O3
27811475,CHEMBL5826806,IC50,=,56.0,nM,7.25,CHEMBL284,Dipeptidyl peptidase 4,COc1cc2ccc3c(c2cc1OC)CC(N)C(c1ccc(F)cc1F)O3
27811478,CHEMBL5964811,IC50,=,254.0,nM,6.59,CHEMBL284,Dipeptidyl peptidase 4,COc1cc2ccc3c(c2cc1OC)CC(N)C(c1ccccc1)O3
27811481,CHEMBL6057630,IC50,=,55.0,nM,7.26,CHEMBL284,Dipeptidyl peptidase 4,COc1cc2ccc3c(c2cc1OC)CC(N)C(c1ccc(Cl)cc1Cl)O3
28152422,CHEMBL5888255,IC50,=,2.98,nM,8.53,CHEMBL284,Dipeptidyl peptidase 4,N[C@H]1C[C@@H](N2Cc3ccc(N4CCC(O)(C(=O)NCc5cc(F)cc(F)c5F)C4=O)cc3C2)CO[C@@H]1c1cc(F)ccc1F
28152434,CHEMBL6000557,IC50,=,3.67,nM,8.44,CHEMBL284,Dipeptidyl peptidase 4,N[C@H]1C[C@@H](N2Cc3ccc(N4CCC(O)(C(=O)NCc5cccc(F)c5F)C4=O)cc3C2)CO[C@@H]1c1cc(F)ccc1F
28152446,CHEMBL5881243,IC50,=,16.4,nM,7.79,CHEMBL284,Dipeptidyl peptidase 4,N[C@H]1C[C@@H](N2CCN(c3ncc(N4CCC(O)(C(=O)NCc5cccc(F)c5F)C4=O)cn3)CC2)CO[C@@H]1c1cc(F)ccc1F
28152458,CHEMBL5964362,IC50,=,16.5,nM,7.78,CHEMBL284,Dipeptidyl peptidase 4,N[C@H]1C[C@@H](N2CCN(c3ncc(N4CCC(O)(C(=O)NCc5cc(F)cc(F)c5F)C4=O)cn3)CC2)CO[C@@H]1c1cc(F)ccc1F
28152470,CHEMBL5903124,IC50,=,17.5,nM,7.76,CHEMBL284,Dipeptidyl peptidase 4,N[C@H]1C[C@@H](N2CCN(c3ccc(N4CC[C@](O)(C(=O)NCc5cc(F)cc(Cl)c5)C4=O)cn3)CC2)CO[C@@H]1c1cc(F)ccc1F
28152482,CHEMBL5859631,IC50,=,1.91,nM,8.72,CHEMBL284,Dipeptidyl peptidase 4,N[C@H]1C[C@@H](n2cc(N3CCC(O)(C(=O)NCc4cc(Cl)cc(Cl)c4)C3=O)cn2)CO[C@@H]1c1cc(F)ccc1F
28152494,CHEMBL5968543,IC50,=,1.88,nM,8.73,CHEMBL284,Dipeptidyl peptidase 4,N[C@H]1C[C@@H](n2cc(N3CCC(O)(C(=O)NCc4cc(Cl)cc(Cl)c4F)C3=O)cn2)CO[C@@H]1c1cc(F)ccc1F
28152506,CHEMBL5993878,IC50,=,1.67,nM,8.78,CHEMBL284,Dipeptidyl peptidase 4,N[C@H]1C[C@@H](n2ncc(N3CC[C@](O)(C(=O)NCc4cc(F)cc(Cl)c4)C3=O)n2)CO[C@@H]1c1cc(F)ccc1F
28152518,CHEMBL5998893,IC50,=,2.71,nM,8.57,CHEMBL284,Dipeptidyl peptidase 4,N[C@H]1C[C@@H](n2ncc(N3CCC(O)(C(=O)NCc4cccc(F)c4F)C3=O)n2)CO[C@@H]1c1cc(F)ccc1F
28152530,CHEMBL5818540,IC50,=,2.96,nM,8.53,CHEMBL284,Dipeptidyl peptidase 4,N[C@H]1C[C@@H](n2ncc(N3CCC(O)(C(=O)NCc4cc(F)cc(F)c4F)C3=O)n2)CO[C@@H]1c1cc(F)ccc1F
28152542,CHEMBL5756218,IC50,<,1.52,nM,,CHEMBL284,Dipeptidyl peptidase 4,N[C@H]1C[C@@H](n2ncc(N3CCC(O)(C(=O)NCc4cc(Cl)cc(Cl)c4F)C3=O)n2)CO[C@@H]1c1cc(F)ccc1F
28152554,CHEMBL6054858,IC50,=,3.43,nM,8.46,CHEMBL284,Dipeptidyl peptidase 4,N[C@H]1C[C@@H](n2ccc(N3CC[C@](O)(C(=O)NCc4cc(F)cc(Cl)c4)C3=O)n2)CO[C@@H]1c1cc(F)ccc1F
28152566,CHEMBL5914544,IC50,=,3.27,nM,8.48,CHEMBL284,Dipeptidyl peptidase 4,N[C@H]1C[C@@H](n2ccc(N3CCC(O)(C(=O)NCc4cc(Cl)cc(Cl)c4F)C3=O)n2)CO[C@@H]1c1cc(F)ccc1F
28152578,CHEMBL5858632,IC50,=,7.56,nM,8.12,CHEMBL284,Dipeptidyl peptidase 4,N[C@H]1C[C@@H](n2ccc(N3CCC(O)(C(=O)NCc4cc(F)cc(F)c4F)C3=O)n2)CO[C@@H]1c1cc(F)ccc1F
28152590,CHEMBL5961410,IC50,=,6.23,nM,8.21,CHEMBL284,Dipeptidyl peptidase 4,N[C@H]1C[C@@H](n2ccc(N3CCC(O)(C(=O)NCc4cc(F)cc(F)c4)C3=O)n2)CO[C@@H]1c1cc(F)ccc1F
28152602,CHEMBL5884216,IC50,=,6.76,nM,8.17,CHEMBL284,Dipeptidyl peptidase 4,N[C@H]1C[C@@H](n2ccc(N3CCC(O)(C(=O)NCc4cccc(F)c4)C3=O)n2)CO[C@@H]1c1cc(F)ccc1F
28152614,CHEMBL5861052,IC50,=,14.7,nM,7.83,CHEMBL284,Dipeptidyl peptidase 4,N[C@H]1C[C@@H](N2CC=C(c3ncc(N4CC[C@](O)(C(=O)NCc5cc(F)cc(Cl)c5)C4=O)cn3)CC2)CO[C@@H]1c1cc(F)ccc1F
28230539,CHEMBL5870057,IC50,=,0.21,nM,9.68,CHEMBL284,Dipeptidyl peptidase 4,C[C@H](NC(=O)c1cccc(Cl)c1)C(=O)N1CCn2c(nnc2C(F)(F)F)C1
28230542,CHEMBL5759838,IC50,=,1.84,nM,8.73,CHEMBL284,Dipeptidyl peptidase 4,O=C(CN1CCn2c(nnc2C(F)(F)F)C1)NC1CCCCC1
28230545,CHEMBL5951803,IC50,=,0.18,nM,9.74,CHEMBL284,Dipeptidyl peptidase 4,N#Cc1cccc(NC(=O)CN2CCn3c(nnc3C(F)(F)F)C2)c1
28459820,CHEMBL63406,IC50,=,1600.0,nM,5.80,CHEMBL284,Dipeptidyl peptidase 4,CC(C)(C)[C@H](N)C(=O)N1CCC[C@H]1B(O)O
28459841,CHEMBL67279,IC50,=,700.0,nM,6.16,CHEMBL284,Dipeptidyl peptidase 4,CC(C)[C@H](N)C(=O)N1CCC[C@H]1B(O)O
28459862,CHEMBL6059875,IC50,=,6400.0,nM,5.19,CHEMBL284,Dipeptidyl peptidase 4,N[C@H](C(=O)N1CCC[C@H]1B(O)O)C12CC3CC(CC(C3)C1)C2
28459883,CHEMBL6020304,IC50,=,6000.0,nM,5.22,CHEMBL284,Dipeptidyl peptidase 4,N[C@H](C(=O)N1CCC[C@H]1B(O)O)C12CC3CC(CC(Cl)(C3)C1)C2
28459904,CHEMBL5981431,IC50,=,2800.0,nM,5.55,CHEMBL284,Dipeptidyl peptidase 4,CC1([C@H](N)C(=O)N2CCC[C@H]2B(O)O)CCCCC1
28459925,CHEMBL1790483,IC50,=,1200.0,nM,5.92,CHEMBL284,Dipeptidyl peptidase 4,CC[C@H](C)[C@H](N)C(=O)N1CCC[C@H]1B(O)O
28459946,CHEMBL5824868,IC50,=,2000.0,nM,5.70,CHEMBL284,Dipeptidyl peptidase 4,CC[C@@H](C)[C@H](N)C(=O)N1CCC[C@H]1B(O)O
28459967,CHEMBL3686737,IC50,=,1200.0,nM,5.92,CHEMBL284,Dipeptidyl peptidase 4,N[C@H](C(=O)N1CCC[C@H]1B(O)O)C1CCCCC1
28459988,CHEMBL5968328,IC50,=,2900.0,nM,5.54,CHEMBL284,Dipeptidyl peptidase 4,CC1([C@H](N)C(=O)N2CCC[C@H]2B(O)O)CCCC1
28460009,CHEMBL6004569,IC50,=,12000.0,nM,4.92,CHEMBL284,Dipeptidyl peptidase 4,CC(C)(F)[C@H](N)C(=O)N1CCC[C@H]1B(O)O
28460030,CHEMBL63860,IC50,=,500.0,nM,6.30,CHEMBL284,Dipeptidyl peptidase 4,C[C@H](N)C(=O)N1CCC[C@H]1B(O)O
28460051,CHEMBL5804725,IC50,=,900.0,nM,6.05,CHEMBL284,Dipeptidyl peptidase 4,CN(CB(O)O)C(=O)[C@@H](N)CCC(=O)O
28460072,CHEMBL3686733,IC50,=,200.0,nM,6.70,CHEMBL284,Dipeptidyl peptidase 4,C[C@H](N)C(=S)N1CCC[C@H]1B(O)O
28460093,CHEMBL3686736,IC50,=,800.0,nM,6.10,CHEMBL284,Dipeptidyl peptidase 4,CC(C)[C@H](N)C(=S)N1CCC[C@H]1B(O)O
28460111,CHEMBL5848496,IC50,=,500.0,nM,6.30,CHEMBL284,Dipeptidyl peptidase 4,CC1(C)CN[C@@H]1C(=O)N1CCC[C@H]1B(O)O
28460132,CHEMBL502153,IC50,=,7900000.0,nM,,CHEMBL284,Dipeptidyl peptidase 4,CC[C@@H](C)[C@H](N)C(=O)N1Cc2ccc(F)cc2C1
28460153,CHEMBL1814633,IC50,=,1000000.0,nM,,CHEMBL284,Dipeptidyl peptidase 4,N[C@@H](CC(=O)N1CCN(C(c2ccc(F)cc2)c2ccc(F)cc2)CC1)C(=O)N1Cc2ccccc2C1
28460171,CHEMBL63860,IC50,=,500.0,nM,6.30,CHEMBL284,Dipeptidyl peptidase 4,C[C@H](N)C(=O)N1CCC[C@H]1B(O)O
28460189,CHEMBL5925037,IC50,=,22000.0,nM,4.66,CHEMBL284,Dipeptidyl peptidase 4,N[C@H](C(=O)N1CCC[C@H]1B(O)O)C1(C(F)(F)F)CC1
28460207,CHEMBL66032,IC50,=,900.0,nM,6.05,CHEMBL284,Dipeptidyl peptidase 4,CC[C@H](N)C(=O)N1CCC[C@H]1B(O)O
28460228,CHEMBL5957037,IC50,=,7200.0,nM,5.14,CHEMBL284,Dipeptidyl peptidase 4,N[C@H](C(=O)N1CCC[C@H]1B(O)O)C12CC3CC(CC(O)(C3)C1)C2
28460249,CHEMBL5855171,IC50,=,830000.0,nM,,CHEMBL284,Dipeptidyl peptidase 4,CC[C@@H](C)[C@H](N)C(=O)N1Cc2ccccc2[C@H]1B(O)O
28460267,CHEMBL5790536,IC50,=,22000.0,nM,4.66,CHEMBL284,Dipeptidyl peptidase 4,CC[C@H](C)[C@H](N)C(=O)N1Cc2ccccc2[C@H]1B(O)O
28460279,CHEMBL440021,IC50,=,1375000.0,nM,,CHEMBL284,Dipeptidyl peptidase 4,N[C@H](C(=O)N1Cc2ccccc2C1)C1CCCCC1
28460291,CHEMBL5918829,IC50,=,1000000.0,nM,,CHEMBL284,Dipeptidyl peptidase 4,N[C@@H](CC(=O)N1CCN(C(c2ccc(F)cc2)c2ccc(F)cc2)CC1)C(=O)N1Cc2ccccc2[C@H]1B(O)O
28460309,CHEMBL5760702,IC50,>,100000000.0,nM,,CHEMBL284,Dipeptidyl peptidase 4,N[C@H](C(=O)N1Cc2ccc(F)cc2C1)C1CCCCC1
28460327,CHEMBL6014994,IC50,>,100000000.0,nM,,CHEMBL284,Dipeptidyl peptidase 4,NC(=O)C[C@H](N)C(=O)N1Cc2ccc(F)cc2C1
28460345,CHEMBL5968423,IC50,=,54760000.0,nM,,CHEMBL284,Dipeptidyl peptidase 4,CN(C)C(=O)C[C@H](N)C(=O)N1Cc2ccc(F)cc2C1
28460363,CHEMBL6039540,IC50,=,2070000.0,nM,,CHEMBL284,Dipeptidyl peptidase 4,CC1([C@H](N)C(=O)N2Cc3ccc(F)cc3C2)CCCCC1
28460384,CHEMBL5837755,IC50,=,20270000.0,nM,,CHEMBL284,Dipeptidyl peptidase 4,CC(C)[C@H](N)C(=O)N1Cc2ccc(F)cc2[C@H]1B(O)O
28460402,CHEMBL5745532,IC50,=,9818000.0,nM,,CHEMBL284,Dipeptidyl peptidase 4,CC(C)(C)[C@H](N)C(=O)N1Cc2ccc(F)cc2[C@H]1B(O)O
28460423,CHEMBL5766821,IC50,=,60270000.0,nM,,CHEMBL284,Dipeptidyl peptidase 4,O=C([C@@H]1CCCCN1)N1Cc2ccc(F)cc2C1
28460441,CHEMBL6059646,IC50,>,100000000.0,nM,,CHEMBL284,Dipeptidyl peptidase 4,NCCCC[C@H](N)C(=O)N1Cc2ccc(F)cc2C1
28460459,CHEMBL5768759,IC50,=,4426000.0,nM,,CHEMBL284,Dipeptidyl peptidase 4,N[C@H](C(=O)N1Cc2ccc(F)cc2C1)C1CCCC1
28460480,CHEMBL5791516,IC50,=,472000.0,nM,,CHEMBL284,Dipeptidyl peptidase 4,NC1(C(=O)N2Cc3ccc(F)cc3C2)CCNCC1
28460498,CHEMBL5925489,IC50,>,100000000.0,nM,,CHEMBL284,Dipeptidyl peptidase 4,NC1(C(=O)N2Cc3ccccc3C2)CCNCC1
28460516,CHEMBL5994541,IC50,>,100000000.0,nM,,CHEMBL284,Dipeptidyl peptidase 4,NC1(C(=O)N2CCSC2)CCNCC1
28460534,CHEMBL67279,IC50,=,21000000.0,nM,,CHEMBL284,Dipeptidyl peptidase 4,CC(C)[C@H](N)C(=O)N1CCC[C@H]1B(O)O
28460552,CHEMBL5892398,IC50,=,2000.0,nM,5.70,CHEMBL284,Dipeptidyl peptidase 4,CC(C)[C@H](N)C(=O)N1C[C@H](O)C[C@H]1B(O)O
28460570,CHEMBL6055810,IC50,=,9000.0,nM,5.05,CHEMBL284,Dipeptidyl peptidase 4,CC(C)[C@H](N)C(=O)N1C[C@@H](O)C[C@H]1B(O)O
28460588,CHEMBL5817549,IC50,=,92000.0,nM,4.04,CHEMBL284,Dipeptidyl peptidase 4,CC1(C)CCCN[C@@H]1C(=O)N1CCC[C@H]1B(O)O
28460606,CHEMBL5980162,IC50,=,4500.0,nM,5.35,CHEMBL284,Dipeptidyl peptidase 4,CC(C)[C@H](N)C(=O)N1CCC[C@H]1C(=O)CO
28460624,CHEMBL5778991,IC50,=,1400.0,nM,5.85,CHEMBL284,Dipeptidyl peptidase 4,CC1(C)CCN[C@@H]1C(=O)N1CCC[C@H]1B(O)O
28460645,CHEMBL5809136,IC50,=,1400.0,nM,5.85,CHEMBL284,Dipeptidyl peptidase 4,CC1([C@H](N)C(=O)N2CCC[C@H]2B(O)O)CC1
28460666,CHEMBL63652,IC50,=,2000.0,nM,5.70,CHEMBL284,Dipeptidyl peptidase 4,N[C@@H](Cc1ccccc1)C(=O)N1CCC[C@H]1B(O)O
28460687,CHEMBL63698,IC50,=,1600.0,nM,5.80,CHEMBL284,Dipeptidyl peptidase 4,CC(C)C[C@H](N)C(=O)N1CCC[C@H]1B(O)O
28460708,CHEMBL63726,IC50,=,1300.0,nM,5.89,CHEMBL284,Dipeptidyl peptidase 4,NCCCC[C@H](N)C(=O)N1CCC[C@H]1B(O)O
28460729,CHEMBL63895,IC50,=,1300.0,nM,5.89,CHEMBL284,Dipeptidyl peptidase 4,O=C([C@@H]1CCCN1)N1CCC[C@H]1B(O)O
28460750,CHEMBL494497,IC50,=,1100.0,nM,5.96,CHEMBL284,Dipeptidyl peptidase 4,N[C@@H](CCC(=O)O)C(=O)N1CCC[C@H]1B(O)O
28460771,CHEMBL363250,IC50,=,1300.0,nM,5.89,CHEMBL284,Dipeptidyl peptidase 4,CC(C)(C)[C@H](N)C(=O)N1CCC[C@H]1C#N
28460792,CHEMBL5993643,IC50,=,9300.0,nM,5.03,CHEMBL284,Dipeptidyl peptidase 4,N[C@H](C(=O)N1CCC[C@H]1B(O)O)C12CC3CC(CC(F)(C3)C1)C2
28854179,CHEMBL67279,IC50,>,10000.0,nM,,CHEMBL284,Dipeptidyl peptidase 4,CC(C)[C@H](N)C(=O)N1CCC[C@H]1B(O)O
28854200,CHEMBL3233842,IC50,<,1000.0,nM,,CHEMBL284,Dipeptidyl peptidase 4,N#C[C@@H]1CC(F)(F)CN1C(=O)CNC(=O)c1ccnc2ccccc12
28854221,CHEMBL6057192,IC50,>,10000.0,nM,,CHEMBL284,Dipeptidyl peptidase 4,N#C[C@@H]1CC(F)(F)CN1C(=O)CNC(=O)c1ccnc2ccc(-c3ccc(Cl)cc3)cc12
28854239,CHEMBL3233842,IC50,<,1000.0,nM,,CHEMBL284,Dipeptidyl peptidase 4,N#C[C@@H]1CC(F)(F)CN1C(=O)CNC(=O)c1ccnc2ccccc12
28854251,CHEMBL67279,IC50,>,10000.0,nM,,CHEMBL284,Dipeptidyl peptidase 4,CC(C)[C@H](N)C(=O)N1CCC[C@H]1B(O)O
28854263,CHEMBL5922105,IC50,<,1000.0,nM,,CHEMBL284,Dipeptidyl peptidase 4,N#C[C@@H]1CC(F)(F)CN1C(=O)CNC(=O)c1ccnc2ccc(-c3ccccc3)cc12
28854275,CHEMBL6057192,IC50,<,1000.0,nM,,CHEMBL284,Dipeptidyl peptidase 4,N#C[C@@H]1CC(F)(F)CN1C(=O)CNC(=O)c1ccnc2ccc(-c3ccc(Cl)cc3)cc12
28854287,CHEMBL5893114,IC50,=,5500.0,nM,5.26,CHEMBL284,Dipeptidyl peptidase 4,N#C[C@@H]1CC(F)(F)CN1C(=O)CNC(=O)c1ccnc2ccc(-c3ccc4cc(Cl)ccc4c3)cc12
28854299,CHEMBL5963560,IC50,<,1000.0,nM,,CHEMBL284,Dipeptidyl peptidase 4,Cc1noc(C)c1-c1ccc2nccc(C(=O)NCC(=O)N3CC(F)(F)C[C@H]3C#N)c2c1
28854311,CHEMBL5989557,IC50,<,1000.0,nM,,CHEMBL284,Dipeptidyl peptidase 4,N#C[C@@H]1CC(F)(F)CN1C(=O)CNC(=O)c1ccnc2ccc(-c3cccnc3)cc12
28854323,CHEMBL5910743,IC50,<,1000.0,nM,,CHEMBL284,Dipeptidyl peptidase 4,N#C[C@@H]1CC(F)(F)CN1C(=O)CNC(=O)c1ccnc2ccc(-c3ccncc3)cc12
28854335,CHEMBL5774844,IC50,<,1000.0,nM,,CHEMBL284,Dipeptidyl peptidase 4,CC(C)(C)c1ccc(-c2ccc3nccc(C(=O)NCC(=O)N4CC(F)(F)C[C@H]4C#N)c3c2)cc1
28854347,CHEMBL5863326,IC50,=,5500.0,nM,5.26,CHEMBL284,Dipeptidyl peptidase 4,Cn1ccc2cc(-c3ccc4nccc(C(=O)NCC(=O)N5CC(F)(F)C[C@H]5C#N)c4c3)ccc21
28854359,CHEMBL5811431,IC50,<,1000.0,nM,,CHEMBL284,Dipeptidyl peptidase 4,N#C[C@@H]1CC(F)(F)CN1C(=O)CNC(=O)c1ccnc2ccc(-c3ccc4[nH]ccc4c3)cc12
28854371,CHEMBL5940064,IC50,<,1000.0,nM,,CHEMBL284,Dipeptidyl peptidase 4,Cn1cc(-c2ccc3nccc(C(=O)NCC(=O)N4CC(F)(F)C[C@H]4C#N)c3c2)cn1
28854383,CHEMBL6061339,IC50,=,5500.0,nM,5.26,CHEMBL284,Dipeptidyl peptidase 4,N#C[C@@H]1CC(F)(F)CN1C(=O)CNC(=O)c1ccnc2ccc(-c3cnn(C4CC4)c3)cc12
28854395,CHEMBL5863092,IC50,<,1000.0,nM,,CHEMBL284,Dipeptidyl peptidase 4,N#C[C@@H]1CC(F)(F)CN1C(=O)CNC(=O)c1ccnc2ccc(-c3ccc4c(c3)CCN4)cc12
28854407,CHEMBL6009198,IC50,<,1000.0,nM,,CHEMBL284,Dipeptidyl peptidase 4,CC(C)C/C=C/c1ccc2nccc(C(=O)NCC(=O)N3CC(F)(F)C[C@H]3C#N)c2c1
28854419,CHEMBL5768485,IC50,<,1000.0,nM,,CHEMBL284,Dipeptidyl peptidase 4,N#C[C@@H]1CC(F)(F)CN1C(=O)CNC(=O)c1ccnc2ccc(/C=C/c3ccccc3)cc12
28854431,CHEMBL5806862,IC50,<,1000.0,nM,,CHEMBL284,Dipeptidyl peptidase 4,CN(C)c1ccc2cc(-c3ccc4nccc(C(=O)NCC(=O)N5CC(F)(F)C[C@H]5C#N)c4c3)ccc2c1
28854443,CHEMBL5795763,IC50,=,5500.0,nM,5.26,CHEMBL284,Dipeptidyl peptidase 4,N#C[C@@H]1CC(F)(F)CN1C(=O)CNC(=O)c1ccnc2ccc(-c3ccc4c(c3)CCC(=O)N4)cc12
28854455,CHEMBL5921279,IC50,<,1000.0,nM,,CHEMBL284,Dipeptidyl peptidase 4,N#C[C@@H]1CC(F)(F)CN1C(=O)CNC(=O)c1ccnc2ccc(-c3ccc(=O)[nH]c3)cc12
28854467,CHEMBL5792963,IC50,>,10000.0,nM,,CHEMBL284,Dipeptidyl peptidase 4,N#C[C@@H]1CC(F)(F)CN1C(=O)CNC(=O)c1ccnc2ccc(-c3ccc4c(c3)CCNC4=O)cc12
28854479,CHEMBL5996478,IC50,=,5500.0,nM,5.26,CHEMBL284,Dipeptidyl peptidase 4,N#C[C@@H]1CC(F)(F)CN1C(=O)CNC(=O)c1ccnc2ccc(/C=C/c3ccncc3)cc12
28854491,CHEMBL5869718,IC50,<,1000.0,nM,,CHEMBL284,Dipeptidyl peptidase 4,N#C[C@@H]1CC(F)(F)CN1C(=O)CNC(=O)c1ccnc2ccc(/C=C/c3cccnc3)cc12
28854503,CHEMBL6020708,IC50,<,1000.0,nM,,CHEMBL284,Dipeptidyl peptidase 4,N#C[C@@H]1CC(F)(F)CN1C(=O)CNC(=O)c1ccnc2ccc(/C=C/c3ccccn3)cc12
28854515,CHEMBL5960859,IC50,<,1000.0,nM,,CHEMBL284,Dipeptidyl peptidase 4,COC(=O)/C=C/c1ccc2nccc(C(=O)NCC(=O)N3CC(F)(F)C[C@H]3C#N)c2c1
28854542,CHEMBL5843264,IC50,<,1000.0,nM,,CHEMBL284,Dipeptidyl peptidase 4,C[C@@H](NC(=O)c1ccnc2ccc(-c3ccc(Cl)cc3)cc12)C(=O)N1CC(F)(F)C[C@H]1C#N
28854551,CHEMBL6041231,IC50,<,1000.0,nM,,CHEMBL284,Dipeptidyl peptidase 4,C[C@H](NC(=O)c1ccnc2ccc(-c3ccc(Cl)cc3)cc12)C(=O)N1CC(F)(F)C[C@H]1C#N
28854560,CHEMBL5877353,IC50,<,1000.0,nM,,CHEMBL284,Dipeptidyl peptidase 4,CC(C)[C@@H](NC(=O)c1ccnc2ccc(-c3ccc(Cl)cc3)cc12)C(=O)N1CC(F)(F)C[C@H]1C#N
28854569,CHEMBL5874851,IC50,=,5500.0,nM,5.26,CHEMBL284,Dipeptidyl peptidase 4,CC(C)[C@H](NC(=O)c1ccnc2ccc(-c3ccc(Cl)cc3)cc12)C(=O)N1CC(F)(F)C[C@H]1C#N
28854581,CHEMBL5857344,IC50,=,5500.0,nM,5.26,CHEMBL284,Dipeptidyl peptidase 4,COc1ccc(-c2ccc3nccc(C(=O)NCC(=O)N4CC(F)(F)C[C@H]4C#N)c3c2)cc1
28854593,CHEMBL5965812,IC50,<,1000.0,nM,,CHEMBL284,Dipeptidyl peptidase 4,N#C[C@@H]1CC(F)(F)CN1C(=O)CNC(=O)c1ccnc2ccc(-c3ccc(OC(F)(F)F)cc3)cc12
28854605,CHEMBL5824381,IC50,<,1000.0,nM,,CHEMBL284,Dipeptidyl peptidase 4,CN1CCN(Cc2ccc(-c3ccc4nccc(C(=O)NCC(=O)N5CC(F)(F)C[C@H]5C#N)c4c3)cc2)CC1
28854635,CHEMBL5993572,IC50,<,1000.0,nM,,CHEMBL284,Dipeptidyl peptidase 4,COCCOc1ccc(-c2ccc3nccc(C(=O)NCC(=O)N4CC(F)(F)C[C@H]4C#N)c3c2)cn1
28854656,CHEMBL5794619,IC50,<,1000.0,nM,,CHEMBL284,Dipeptidyl peptidase 4,CC(=O)Nc1ccc(-c2ccc3nccc(C(=O)NCC(=O)N4CC(F)(F)C[C@H]4C#N)c3c2)cc1
28854668,CHEMBL6008762,IC50,<,1000.0,nM,,CHEMBL284,Dipeptidyl peptidase 4,CC(=O)Nc1cccc(-c2ccc3nccc(C(=O)NCC(=O)N4CC(F)(F)C[C@H]4C#N)c3c2)c1
28854680,CHEMBL5879869,IC50,<,1000.0,nM,,CHEMBL284,Dipeptidyl peptidase 4,CC(=O)Nc1ccccc1-c1ccc2nccc(C(=O)NCC(=O)N3CC(F)(F)C[C@H]3C#N)c2c1
28854692,CHEMBL5912775,IC50,<,1000.0,nM,,CHEMBL284,Dipeptidyl peptidase 4,CNC(=O)c1ccc(-c2ccc3nccc(C(=O)NCC(=O)N4CC(F)(F)C[C@H]4C#N)c3c2)cc1
28854710,CHEMBL6002644,IC50,<,1000.0,nM,,CHEMBL284,Dipeptidyl peptidase 4,CNC(=O)c1cccc(-c2ccc3nccc(C(=O)NCC(=O)N4CC(F)(F)C[C@H]4C#N)c3c2)c1
28854728,CHEMBL5864124,IC50,>,10000.0,nM,,CHEMBL284,Dipeptidyl peptidase 4,N#C[C@@H]1CC(F)(F)CN1C(=O)CNC(=O)c1ccnc2ccc(-c3ccc4c(c3)CNC4=O)cc12
28854752,CHEMBL5764368,IC50,=,5500.0,nM,5.26,CHEMBL284,Dipeptidyl peptidase 4,N#C[C@@H]1CC(F)(F)CN1C(=O)CNC(=O)c1ccnc2ccc(-c3ccc4c(c3)C(=O)NCC4)cc12
28854761,CHEMBL5778299,IC50,<,1000.0,nM,,CHEMBL284,Dipeptidyl peptidase 4,N#C[C@@H]1CC(F)(F)CN1C(=O)CNC(=O)c1ccnc2ccc(-c3cccc4c3CCC(=O)N4)cc12
28854773,CHEMBL5810438,IC50,<,1000.0,nM,,CHEMBL284,Dipeptidyl peptidase 4,N#C[C@@H]1CC(F)(F)CN1C(=O)CNC(=O)c1ccnc2ccc(-c3cccc4c3CCNC4=O)cc12
28854785,CHEMBL5964389,IC50,<,1000.0,nM,,CHEMBL284,Dipeptidyl peptidase 4,CN1C(=O)CCc2cc(-c3ccc4nccc(C(=O)NCC(=O)N5CC(F)(F)C[C@H]5C#N)c4c3)ccc21
28854794,CHEMBL5843472,IC50,=,5500.0,nM,5.26,CHEMBL284,Dipeptidyl peptidase 4,CN1CCc2cc(-c3ccc4nccc(C(=O)NCC(=O)N5CC(F)(F)C[C@H]5C#N)c4c3)ccc2C1=O
28854803,CHEMBL6029701,IC50,>,10000.0,nM,,CHEMBL284,Dipeptidyl peptidase 4,N#C[C@@H]1CC(F)(F)CN1C(=O)CNC(=O)c1ccnc2ccc(/C=C/c3ccc4[nH]ncc4c3)cc12
28854812,CHEMBL5963388,IC50,=,5500.0,nM,5.26,CHEMBL284,Dipeptidyl peptidase 4,N#C[C@@H]1CC(F)(F)CN1C(=O)CNC(=O)c1ccnc2ccc(-c3ccc4c(c3)CCCN4)cc12
28854821,CHEMBL6061748,IC50,<,1000.0,nM,,CHEMBL284,Dipeptidyl peptidase 4,N#C[C@@H]1CC(F)(F)CN1C(=O)CNC(=O)c1ccnc2ccc(-c3ccc4c(c3)CCNC4)cc12
28854833,CHEMBL6034496,IC50,<,1000.0,nM,,CHEMBL284,Dipeptidyl peptidase 4,N#C[C@@H]1CC(F)(F)CN1C(=O)CNC(=O)c1ccnc2ccc(/C=C/c3ccc4c(c3)CCN4)cc12
28854842,CHEMBL5858334,IC50,<,1000.0,nM,,CHEMBL284,Dipeptidyl peptidase 4,CNC(=O)c1ccc(-c2ccc3nccc(C(=O)NCC(=O)N4CC(F)(F)C[C@H]4C#N)c3c2)cc1F
28854854,CHEMBL5822886,IC50,<,1000.0,nM,,CHEMBL284,Dipeptidyl peptidase 4,C[C@@H](NC(=O)c1ccncc1-c1ccccc1)C(=O)N1CC(F)(F)C[C@H]1C#N
28854866,CHEMBL5947027,IC50,<,1000.0,nM,,CHEMBL284,Dipeptidyl peptidase 4,C[C@H](NC(=O)c1ccncc1-c1ccccc1)C(=O)N1CC(F)(F)C[C@H]1C#N
28908281,CHEMBL63406,IC50,=,1.6,nM,,CHEMBL284,Dipeptidyl peptidase 4,CC(C)(C)[C@H](N)C(=O)N1CCC[C@H]1B(O)O
28908302,CHEMBL67279,IC50,=,0.7,nM,,CHEMBL284,Dipeptidyl peptidase 4,CC(C)[C@H](N)C(=O)N1CCC[C@H]1B(O)O
28908323,CHEMBL6059875,IC50,=,6.4,nM,,CHEMBL284,Dipeptidyl peptidase 4,N[C@H](C(=O)N1CCC[C@H]1B(O)O)C12CC3CC(CC(C3)C1)C2
28908344,CHEMBL6020304,IC50,=,6.0,nM,,CHEMBL284,Dipeptidyl peptidase 4,N[C@H](C(=O)N1CCC[C@H]1B(O)O)C12CC3CC(CC(Cl)(C3)C1)C2
28908365,CHEMBL5981431,IC50,=,2.8,nM,,CHEMBL284,Dipeptidyl peptidase 4,CC1([C@H](N)C(=O)N2CCC[C@H]2B(O)O)CCCCC1
28908386,CHEMBL1790483,IC50,=,1.2,nM,,CHEMBL284,Dipeptidyl peptidase 4,CC[C@H](C)[C@H](N)C(=O)N1CCC[C@H]1B(O)O
28908407,CHEMBL5824868,IC50,=,2.0,nM,,CHEMBL284,Dipeptidyl peptidase 4,CC[C@@H](C)[C@H](N)C(=O)N1CCC[C@H]1B(O)O
28908428,CHEMBL3686737,IC50,=,1.2,nM,,CHEMBL284,Dipeptidyl peptidase 4,N[C@H](C(=O)N1CCC[C@H]1B(O)O)C1CCCCC1
28908449,CHEMBL5968328,IC50,=,2.9,nM,,CHEMBL284,Dipeptidyl peptidase 4,CC1([C@H](N)C(=O)N2CCC[C@H]2B(O)O)CCCC1
28908470,CHEMBL6004569,IC50,=,12.0,nM,,CHEMBL284,Dipeptidyl peptidase 4,CC(C)(F)[C@H](N)C(=O)N1CCC[C@H]1B(O)O
28908491,CHEMBL63860,IC50,=,0.5,nM,,CHEMBL284,Dipeptidyl peptidase 4,C[C@H](N)C(=O)N1CCC[C@H]1B(O)O
28908512,CHEMBL5804725,IC50,=,0.9,nM,,CHEMBL284,Dipeptidyl peptidase 4,CN(CB(O)O)C(=O)[C@@H](N)CCC(=O)O
28908533,CHEMBL3686733,IC50,=,0.2,nM,,CHEMBL284,Dipeptidyl peptidase 4,C[C@H](N)C(=S)N1CCC[C@H]1B(O)O
28908554,CHEMBL3686736,IC50,=,0.8,nM,,CHEMBL284,Dipeptidyl peptidase 4,CC(C)[C@H](N)C(=S)N1CCC[C@H]1B(O)O
28908572,CHEMBL5848496,IC50,=,0.5,nM,,CHEMBL284,Dipeptidyl peptidase 4,CC1(C)CN[C@@H]1C(=O)N1CCC[C@H]1B(O)O
28908593,CHEMBL6014809,IC50,=,7900.0,nM,5.10,CHEMBL284,Dipeptidyl peptidase 4,CC[C@@H](C)C(N)C(=O)N1Cc2ccc(F)cc2C1
28908614,CHEMBL1814633,IC50,=,1000.0,nM,,CHEMBL284,Dipeptidyl peptidase 4,N[C@@H](CC(=O)N1CCN(C(c2ccc(F)cc2)c2ccc(F)cc2)CC1)C(=O)N1Cc2ccccc2C1
28908632,CHEMBL63860,IC50,=,0.5,nM,,CHEMBL284,Dipeptidyl peptidase 4,C[C@H](N)C(=O)N1CCC[C@H]1B(O)O
28908650,CHEMBL5925037,IC50,=,22.0,nM,7.66,CHEMBL284,Dipeptidyl peptidase 4,N[C@H](C(=O)N1CCC[C@H]1B(O)O)C1(C(F)(F)F)CC1
28908668,CHEMBL66032,IC50,=,0.9,nM,,CHEMBL284,Dipeptidyl peptidase 4,CC[C@H](N)C(=O)N1CCC[C@H]1B(O)O
28908689,CHEMBL5957037,IC50,=,7.2,nM,,CHEMBL284,Dipeptidyl peptidase 4,N[C@H](C(=O)N1CCC[C@H]1B(O)O)C12CC3CC(CC(O)(C3)C1)C2
28908710,CHEMBL5855171,IC50,=,830.0,nM,,CHEMBL284,Dipeptidyl peptidase 4,CC[C@@H](C)[C@H](N)C(=O)N1Cc2ccccc2[C@H]1B(O)O
28908728,CHEMBL5790536,IC50,=,22.0,nM,7.66,CHEMBL284,Dipeptidyl peptidase 4,CC[C@H](C)[C@H](N)C(=O)N1Cc2ccccc2[C@H]1B(O)O
28908740,CHEMBL440021,IC50,=,1375.0,nM,,CHEMBL284,Dipeptidyl peptidase 4,N[C@H](C(=O)N1Cc2ccccc2C1)C1CCCCC1
28908752,CHEMBL5918829,IC50,=,1000.0,nM,,CHEMBL284,Dipeptidyl peptidase 4,N[C@@H](CC(=O)N1CCN(C(c2ccc(F)cc2)c2ccc(F)cc2)CC1)C(=O)N1Cc2ccccc2[C@H]1B(O)O
28908770,CHEMBL5760702,IC50,>,100000.0,nM,,CHEMBL284,Dipeptidyl peptidase 4,N[C@H](C(=O)N1Cc2ccc(F)cc2C1)C1CCCCC1
28908788,CHEMBL6014994,IC50,>,100000.0,nM,,CHEMBL284,Dipeptidyl peptidase 4,NC(=O)C[C@H](N)C(=O)N1Cc2ccc(F)cc2C1
28908806,CHEMBL5968423,IC50,=,54760.0,nM,,CHEMBL284,Dipeptidyl peptidase 4,CN(C)C(=O)C[C@H](N)C(=O)N1Cc2ccc(F)cc2C1
28908824,CHEMBL6039540,IC50,=,2070.0,nM,5.68,CHEMBL284,Dipeptidyl peptidase 4,CC1([C@H](N)C(=O)N2Cc3ccc(F)cc3C2)CCCCC1
28908845,CHEMBL5874480,IC50,=,20270.0,nM,4.69,CHEMBL284,Dipeptidyl peptidase 4,CC(C)[C@H](N)C(=O)N1Cc2ccc(F)cc2C1
28908863,CHEMBL6060914,IC50,=,9818.0,nM,5.01,CHEMBL284,Dipeptidyl peptidase 4,CC(C)(C)[C@H](N)C(=O)N1Cc2ccc(F)cc2C1
28908884,CHEMBL5766821,IC50,=,60270.0,nM,,CHEMBL284,Dipeptidyl peptidase 4,O=C([C@@H]1CCCCN1)N1Cc2ccc(F)cc2C1
28908902,CHEMBL6059646,IC50,>,100000.0,nM,,CHEMBL284,Dipeptidyl peptidase 4,NCCCC[C@H](N)C(=O)N1Cc2ccc(F)cc2C1
28908920,CHEMBL5768759,IC50,=,4426.0,nM,5.35,CHEMBL284,Dipeptidyl peptidase 4,N[C@H](C(=O)N1Cc2ccc(F)cc2C1)C1CCCC1
28908941,CHEMBL5791516,IC50,=,472.0,nM,6.33,CHEMBL284,Dipeptidyl peptidase 4,NC1(C(=O)N2Cc3ccc(F)cc3C2)CCNCC1
28908959,CHEMBL5925489,IC50,>,100000.0,nM,,CHEMBL284,Dipeptidyl peptidase 4,NC1(C(=O)N2Cc3ccccc3C2)CCNCC1
28908977,CHEMBL5994541,IC50,>,100000.0,nM,,CHEMBL284,Dipeptidyl peptidase 4,NC1(C(=O)N2CCSC2)CCNCC1
28908995,CHEMBL5846428,IC50,=,21000.0,nM,4.68,CHEMBL284,Dipeptidyl peptidase 4,CC(C)[C@@H](C(=O)N1CCC[C@H]1B(O)O)N(C)C
28909013,CHEMBL5892398,IC50,=,2.0,nM,,CHEMBL284,Dipeptidyl peptidase 4,CC(C)[C@H](N)C(=O)N1C[C@H](O)C[C@H]1B(O)O
28909031,CHEMBL6055810,IC50,=,9.0,nM,,CHEMBL284,Dipeptidyl peptidase 4,CC(C)[C@H](N)C(=O)N1C[C@@H](O)C[C@H]1B(O)O
28909049,CHEMBL5817549,IC50,=,92.0,nM,,CHEMBL284,Dipeptidyl peptidase 4,CC1(C)CCCN[C@@H]1C(=O)N1CCC[C@H]1B(O)O
28909067,CHEMBL5980162,IC50,=,4.5,nM,,CHEMBL284,Dipeptidyl peptidase 4,CC(C)[C@H](N)C(=O)N1CCC[C@H]1C(=O)CO
28909085,CHEMBL5778991,IC50,=,1.4,nM,,CHEMBL284,Dipeptidyl peptidase 4,CC1(C)CCN[C@@H]1C(=O)N1CCC[C@H]1B(O)O
28909106,CHEMBL5809136,IC50,=,1.4,nM,,CHEMBL284,Dipeptidyl peptidase 4,CC1([C@H](N)C(=O)N2CCC[C@H]2B(O)O)CC1
28909127,CHEMBL63652,IC50,=,2.0,nM,,CHEMBL284,Dipeptidyl peptidase 4,N[C@@H](Cc1ccccc1)C(=O)N1CCC[C@H]1B(O)O
28909148,CHEMBL63698,IC50,=,1.6,nM,,CHEMBL284,Dipeptidyl peptidase 4,CC(C)C[C@H](N)C(=O)N1CCC[C@H]1B(O)O
28909169,CHEMBL63726,IC50,=,1.3,nM,,CHEMBL284,Dipeptidyl peptidase 4,NCCCC[C@H](N)C(=O)N1CCC[C@H]1B(O)O
28909190,CHEMBL63895,IC50,=,1.3,nM,,CHEMBL284,Dipeptidyl peptidase 4,O=C([C@@H]1CCCN1)N1CCC[C@H]1B(O)O
28909211,CHEMBL494497,IC50,=,1.1,nM,,CHEMBL284,Dipeptidyl peptidase 4,N[C@@H](CCC(=O)O)C(=O)N1CCC[C@H]1B(O)O
28909232,CHEMBL363250,IC50,=,1.3,nM,,CHEMBL284,Dipeptidyl peptidase 4,CC(C)(C)[C@H](N)C(=O)N1CCC[C@H]1C#N
28909253,CHEMBL5993643,IC50,=,9.3,nM,,CHEMBL284,Dipeptidyl peptidase 4,N[C@H](C(=O)N1CCC[C@H]1B(O)O)C12CC3CC(CC(F)(C3)C1)C2
28946783,CHEMBL6059875,IC50,=,6.4,nM,,CHEMBL284,Dipeptidyl peptidase 4,N[C@H](C(=O)N1CCC[C@H]1B(O)O)C12CC3CC(CC(C3)C1)C2
28946804,CHEMBL6020304,IC50,=,6.0,nM,,CHEMBL284,Dipeptidyl peptidase 4,N[C@H](C(=O)N1CCC[C@H]1B(O)O)C12CC3CC(CC(Cl)(C3)C1)C2
28946825,CHEMBL5981431,IC50,=,2.8,nM,,CHEMBL284,Dipeptidyl peptidase 4,CC1([C@H](N)C(=O)N2CCC[C@H]2B(O)O)CCCCC1
28946846,CHEMBL5968328,IC50,=,2.9,nM,,CHEMBL284,Dipeptidyl peptidase 4,CC1([C@H](N)C(=O)N2CCC[C@H]2B(O)O)CCCC1
28946867,CHEMBL6004569,IC50,=,12.0,nM,,CHEMBL284,Dipeptidyl peptidase 4,CC(C)(F)[C@H](N)C(=O)N1CCC[C@H]1B(O)O
28946888,CHEMBL5848496,IC50,=,0.5,nM,,CHEMBL284,Dipeptidyl peptidase 4,CC1(C)CN[C@@H]1C(=O)N1CCC[C@H]1B(O)O
28946909,CHEMBL5925037,IC50,=,22.0,nM,7.66,CHEMBL284,Dipeptidyl peptidase 4,N[C@H](C(=O)N1CCC[C@H]1B(O)O)C1(C(F)(F)F)CC1
28946927,CHEMBL5957037,IC50,=,7.2,nM,,CHEMBL284,Dipeptidyl peptidase 4,N[C@H](C(=O)N1CCC[C@H]1B(O)O)C12CC3CC(CC(O)(C3)C1)C2
28946948,CHEMBL6039540,IC50,=,2070.0,nM,5.68,CHEMBL284,Dipeptidyl peptidase 4,CC1([C@H](N)C(=O)N2Cc3ccc(F)cc3C2)CCCCC1
28946969,CHEMBL5817549,IC50,=,92.0,nM,,CHEMBL284,Dipeptidyl peptidase 4,CC1(C)CCCN[C@@H]1C(=O)N1CCC[C@H]1B(O)O
28946987,CHEMBL5778991,IC50,=,1.4,nM,,CHEMBL284,Dipeptidyl peptidase 4,CC1(C)CCN[C@@H]1C(=O)N1CCC[C@H]1B(O)O
28947008,CHEMBL5809136,IC50,=,1.4,nM,,CHEMBL284,Dipeptidyl peptidase 4,CC1([C@H](N)C(=O)N2CCC[C@H]2B(O)O)CC1
28947029,CHEMBL5993643,IC50,=,9.3,nM,,CHEMBL284,Dipeptidyl peptidase 4,N[C@H](C(=O)N1CCC[C@H]1B(O)O)C12CC3CC(CC(F)(C3)C1)C2
29091128,CHEMBL1894963,IC50,=,15.66,nM,7.80,CHEMBL284,Dipeptidyl peptidase 4,Cn1c(=O)c2c(nc(N3CCOCC3)n2Cc2ccccc2)n(C)c1=O
29091129,CHEMBL6133644,IC50,=,16.38,nM,7.79,CHEMBL284,Dipeptidyl peptidase 4,Cn1c(=O)c2c(nc(Oc3ccc([N+](=O)[O-])cc3)n2CC(=O)c2ccc(-c3ccccc3)cc2)n(C)c1=O
29091130,CHEMBL6148404,IC50,=,16.97,nM,7.77,CHEMBL284,Dipeptidyl peptidase 4,Cn1c(=O)c2c(nc(N3CCOCC3)n2Cc2ccc(F)cc2)n(C)c1=O
29091131,CHEMBL6147781,IC50,=,28.45,nM,7.55,CHEMBL284,Dipeptidyl peptidase 4,Cn1c(=O)c2c(nc(Oc3ccc4ccc(=O)oc4c3)n2CC(=O)c2ccc(-c3ccccc3)cc2)n(C)c1=O
29091132,CHEMBL6160472,IC50,=,22.48,nM,7.65,CHEMBL284,Dipeptidyl peptidase 4,Cn1c(=O)c2c(nc(Oc3ccc([N+](=O)[O-])cc3)n2Cc2ccc(Cl)cc2Cl)n(C)c1=O
29091133,CHEMBL6091879,IC50,=,19.07,nM,7.72,CHEMBL284,Dipeptidyl peptidase 4,Cn1c(=O)c2c(nc(Oc3ccc(Br)cc3)n2CC(=O)c2ccc(-c3ccccc3)cc2)n(C)c1=O
29091134,CHEMBL6146956,IC50,=,16.9,nM,7.77,CHEMBL284,Dipeptidyl peptidase 4,Cn1c(=O)c2c(nc(Oc3ccc(C=O)cc3)n2Cc2ccc(Cl)cc2Cl)n(C)c1=O
29091135,CHEMBL6146627,IC50,=,20.41,nM,7.69,CHEMBL284,Dipeptidyl peptidase 4,Cn1c(=O)c2c(nc(Oc3ccc(C=O)cc3)n2Cc2ccc(F)cc2)n(C)c1=O
29091136,CHEMBL5411258,IC50,=,27.91,nM,7.55,CHEMBL284,Dipeptidyl peptidase 4,COc1cccc(Cn2c(N3CCOCC3)nc3c2c(=O)n(C)c(=O)n3C)c1
29091137,CHEMBL6133561,IC50,=,27.71,nM,7.56,CHEMBL284,Dipeptidyl peptidase 4,Cn1c(=O)c2c(nc(N3CCOCC3)n2Cc2cccc([N+](=O)[O-])c2)n(C)c1=O
29091138,CHEMBL6143955,IC50,=,16.16,nM,7.79,CHEMBL284,Dipeptidyl peptidase 4,C=CCn1c(Oc2ccc([N+](=O)[O-])cc2)nc2c1c(=O)n(Cc1nc(C)c3ccccc3n1)c(=O)n2C
29091139,CHEMBL6102689,IC50,=,23.23,nM,7.63,CHEMBL284,Dipeptidyl peptidase 4,C=CCn1c(=O)c2c(ncn2Cc2ccc(C#N)cc2)n(Cc2ccccc2)c1=O
29091140,CHEMBL6150022,IC50,=,16.71,nM,7.78,CHEMBL284,Dipeptidyl peptidase 4,Cn1c(=O)n(Cc2ccccc2)c(=O)c2c1nc(Oc1ccc([N+](=O)[O-])cc1)n2Cc1ccc(C#N)cc1
29091141,CHEMBL6132632,IC50,=,18.69,nM,7.73,CHEMBL284,Dipeptidyl peptidase 4,Cn1c(=O)[nH]c(=O)c2c1nc(Oc1ccc([N+](=O)[O-])cc1)n2Cc1ccc(C#N)cc1
29091142,CHEMBL6091758,IC50,=,26.45,nM,7.58,CHEMBL284,Dipeptidyl peptidase 4,Cc1ccc(Cn2cnc3c2c(=O)n(Cc2ccc(C#N)cc2)c(=O)n3C)cc1
29091143,CHEMBL6133793,IC50,=,26.2,nM,7.58,CHEMBL284,Dipeptidyl peptidase 4,Cn1c(=O)[nH]c(=O)c2c1nc(N1CCOCC1)n2Cc1ccc(Cl)cc1
29091144,CHEMBL237500,IC50,=,15.37,nM,7.81,CHEMBL284,Dipeptidyl peptidase 4,CC#CCn1c(N2CCC[C@@H](N)C2)nc2c1c(=O)n(Cc1nc(C)c3ccccc3n1)c(=O)n2C
29093871,CHEMBL6160148,IC50,=,5.52,nM,8.26,CHEMBL284,Dipeptidyl peptidase 4,CC(=O)OC[C@H]1O[C@@H](NC(=S)Nc2nc(-c3ccccc3)cc(-c3ccc(Br)cc3)n2)[C@H](OC(C)=O)[C@@H](OC(C)=O)[C@@H]1OC(C)=O
29093872,CHEMBL6133106,IC50,=,45.23,nM,7.34,CHEMBL284,Dipeptidyl peptidase 4,CC(=O)OC[C@H]1O[C@@H](NC(=S)Nc2nc(-c3ccc(F)cc3)cc(-c3ccc(Br)cc3)n2)[C@H](OC(C)=O)[C@@H](OC(C)=O)[C@@H]1OC(C)=O
29093873,CHEMBL6120725,IC50,=,12.78,nM,7.89,CHEMBL284,Dipeptidyl peptidase 4,CC(=O)OC[C@H]1O[C@@H](NC(=S)Nc2nc(-c3ccc(Cl)cc3)cc(-c3ccc(Br)cc3)n2)[C@H](OC(C)=O)[C@@H](OC(C)=O)[C@@H]1OC(C)=O
29093874,CHEMBL6142024,IC50,=,17.31,nM,7.76,CHEMBL284,Dipeptidyl peptidase 4,CC(=O)OC[C@H]1O[C@@H](NC(=S)Nc2nc(-c3ccc(Br)cc3)cc(-c3cccc(Cl)c3)n2)[C@H](OC(C)=O)[C@@H](OC(C)=O)[C@@H]1OC(C)=O
29093875,CHEMBL6103211,IC50,=,41.57,nM,7.38,CHEMBL284,Dipeptidyl peptidase 4,CC(=O)OC[C@H]1O[C@@H](NC(=S)Nc2nc(-c3ccc(Br)cc3)cc(-c3ccccc3Cl)n2)[C@H](OC(C)=O)[C@@H](OC(C)=O)[C@@H]1OC(C)=O
29093876,CHEMBL6161198,IC50,=,2.23,nM,8.65,CHEMBL284,Dipeptidyl peptidase 4,CC(=O)OC[C@H]1O[C@@H](NC(=S)Nc2nc(-c3ccc(Br)cc3)cc(-c3ccc(Br)cc3)n2)[C@H](OC(C)=O)[C@@H](OC(C)=O)[C@@H]1OC(C)=O
29093877,CHEMBL6148292,IC50,=,3.62,nM,8.44,CHEMBL284,Dipeptidyl peptidase 4,CC(=O)OC[C@H]1O[C@@H](NC(=S)Nc2nc(-c3ccc(C)cc3)cc(-c3ccc(Br)cc3)n2)[C@H](OC(C)=O)[C@@H](OC(C)=O)[C@@H]1OC(C)=O
29093878,CHEMBL6132720,IC50,=,8.19,nM,8.09,CHEMBL284,Dipeptidyl peptidase 4,CC(=O)OC[C@H]1O[C@@H](NC(=S)Nc2nc(-c3ccc(Br)cc3)cc(-c3ccc(C(C)C)cc3)n2)[C@H](OC(C)=O)[C@@H](OC(C)=O)[C@@H]1OC(C)=O
29093879,CHEMBL6103417,IC50,=,35.71,nM,7.45,CHEMBL284,Dipeptidyl peptidase 4,COc1ccc(-c2cc(-c3ccc(Br)cc3)nc(NC(=S)N[C@@H]3O[C@H](COC(C)=O)[C@@H](OC(C)=O)[C@H](OC(C)=O)[C@H]3OC(C)=O)n2)cc1
29093880,CHEMBL6146407,IC50,=,25.71,nM,7.59,CHEMBL284,Dipeptidyl peptidase 4,COc1cccc(-c2cc(-c3ccc(Br)cc3)nc(NC(=S)N[C@@H]3O[C@H](COC(C)=O)[C@@H](OC(C)=O)[C@H](OC(C)=O)[C@H]3OC(C)=O)n2)c1
29093881,CHEMBL6102893,IC50,=,24.32,nM,7.61,CHEMBL284,Dipeptidyl peptidase 4,COc1ccccc1-c1cc(-c2ccc(Br)cc2)nc(NC(=S)N[C@@H]2O[C@H](COC(C)=O)[C@@H](OC(C)=O)[C@H](OC(C)=O)[C@H]2OC(C)=O)n1
29093882,CHEMBL6146824,IC50,=,64.27,nM,7.19,CHEMBL284,Dipeptidyl peptidase 4,CC(=O)OC[C@H]1O[C@@H](NC(=S)Nc2nc(-c3ccc(Br)cc3)cc(-c3ccc(N(C)C)cc3)n2)[C@H](OC(C)=O)[C@@H](OC(C)=O)[C@@H]1OC(C)=O
29093883,CHEMBL376359,IC50,=,2.13,nM,8.67,CHEMBL284,Dipeptidyl peptidase 4,Cn1c(=O)cc(N2CCC[C@@H](N)C2)n(Cc2ccccc2C#N)c1=O
29093899,CHEMBL6161198,Ki,=,12570.0,nM,4.90,CHEMBL284,Dipeptidyl peptidase 4,CC(=O)OC[C@H]1O[C@@H](NC(=S)Nc2nc(-c3ccc(Br)cc3)cc(-c3ccc(Br)cc3)n2)[C@H](OC(C)=O)[C@@H](OC(C)=O)[C@@H]1OC(C)=O
29093912,CHEMBL376359,IC50,=,5.71,nM,8.24,CHEMBL284,Dipeptidyl peptidase 4,Cn1c(=O)cc(N2CCC[C@@H](N)C2)n(Cc2ccccc2C#N)c1=O
29093913,CHEMBL6164548,IC50,=,0.51,nM,9.29,CHEMBL284,Dipeptidyl peptidase 4,O=C(SC1=NC(c2ccc(Cl)cc2)=CC(c2ccc([N+](=O)[O-])cc2)N1)c1ccccc1CN1C(=O)c2ccccc2C1=O
29093917,CHEMBL376359,IC50,=,2.5,nM,8.60,CHEMBL284,Dipeptidyl peptidase 4,Cn1c(=O)cc(N2CCC[C@@H](N)C2)n(Cc2ccccc2C#N)c1=O
29093918,CHEMBL6142483,IC50,=,2.9,nM,8.54,CHEMBL284,Dipeptidyl peptidase 4,Nc1nc(NC2=NC(c3ccccc3)=CC(c3cccc([N+](=O)[O-])c3)N2)nc(N2CCOCC2)n1
29106213,CHEMBL363250,Ki,=,8.0,nM,8.10,CHEMBL284,Dipeptidyl peptidase 4,CC(C)(C)[C@H](N)C(=O)N1CCC[C@H]1C#N
29106214,CHEMBL5398220,Ki,=,7.0,nM,8.15,CHEMBL284,Dipeptidyl peptidase 4,CC(C)(C)[C@H](N)C(=O)N1[C@H](C#N)C[C@@H]2C[C@@H]21
29106215,CHEMBL385517,Ki,=,0.6,nM,9.22,CHEMBL284,Dipeptidyl peptidase 4,N#C[C@@H]1C[C@@H]2C[C@@H]2N1C(=O)[C@@H](N)C12CC3CC(CC(O)(C3)C1)C2
29106216,CHEMBL3678911,Ki,=,6.0,nM,8.22,CHEMBL284,Dipeptidyl peptidase 4,C[C@H](NC(=O)[C@@H]1C[C@H]2C[C@H]2N1C(=O)Cn1nc(C(N)=O)c2ccncc21)c1cccc(Cl)c1F
29167073,CHEMBL6132970,IC50,>,10000.0,nM,,CHEMBL284,Dipeptidyl peptidase 4,CCN(C)C(=O)Oc1ccc(C(=O)N2CCC(Cc3ccccc3)CC2)cc1OC
29231826,CHEMBL6162422,IC50,=,2546.0,nM,5.59,CHEMBL284,Dipeptidyl peptidase 4,CC1=C(CC(=O)N2CCn3c(nnc3C(F)(F)F)C2)C(C)NC(=O)N1
29231827,CHEMBL6160468,IC50,=,1033.0,nM,5.99,CHEMBL284,Dipeptidyl peptidase 4,CC1=C(CC(=O)N2CCCC2C#N)C(C)NC(=O)N1
29231828,CHEMBL6167214,IC50,=,1193.0,nM,5.92,CHEMBL284,Dipeptidyl peptidase 4,CC1=C(CC(=O)N2CCCC(N)C2)C(C)NC(=O)N1
29231829,CHEMBL6170772,IC50,=,942.0,nM,6.03,CHEMBL284,Dipeptidyl peptidase 4,CC1=C(CC(=O)N2Cc3cn(S(C)(=O)=O)nc3C2)C(C)NC(=O)N1
29231830,CHEMBL6142442,IC50,=,1061.0,nM,5.97,CHEMBL284,Dipeptidyl peptidase 4,CC1=C(CC(=O)N2CCn3c(nnc3C(F)(F)F)C2)C(c2ccc(F)c(F)c2)NC(=O)N1
29231831,CHEMBL6167712,IC50,=,266.0,nM,6.58,CHEMBL284,Dipeptidyl peptidase 4,CC1=C(CC(=O)N2CCCC2C#N)C(c2ccc(F)c(F)c2)NC(=O)N1
29231832,CHEMBL6167668,IC50,=,1037.0,nM,5.98,CHEMBL284,Dipeptidyl peptidase 4,CC1=C(CC(=O)N2CCCC(N)C2)C(c2ccc(F)c(F)c2)NC(=O)N1
29231833,CHEMBL6148637,IC50,=,478.0,nM,6.32,CHEMBL284,Dipeptidyl peptidase 4,CC1=C(CC(=O)N2Cc3cn(S(C)(=O)=O)nc3C2)C(c2ccc(F)c(F)c2)NC(=O)N1
29231834,CHEMBL6162166,IC50,=,226.0,nM,6.65,CHEMBL284,Dipeptidyl peptidase 4,Cc1nc(N2CCn3c(nnc3C(F)(F)F)C2)nc(C)c1CC(=O)O
29231835,CHEMBL6164601,IC50,=,1229.0,nM,5.91,CHEMBL284,Dipeptidyl peptidase 4,Cc1nc(N2CCCC2C#N)nc(C)c1CC(=O)O
29231836,CHEMBL6162308,IC50,=,1401.0,nM,5.85,CHEMBL284,Dipeptidyl peptidase 4,Cc1nc(N2CCCC(N)C2)nc(C)c1CC(=O)O
29231837,CHEMBL6171671,IC50,=,769.0,nM,6.11,CHEMBL284,Dipeptidyl peptidase 4,Cc1nc(N2Cc3cn(S(C)(=O)=O)nc3C2)nc(C)c1CC(=O)O
29231838,CHEMBL6162868,IC50,=,116.0,nM,6.94,CHEMBL284,Dipeptidyl peptidase 4,CC1=C(C(=O)O)C(c2ccc(F)c(F)c2)N=C(N)N1C(=O)CN1CCn2c(nnc2C(F)(F)F)C1
29231839,CHEMBL6164012,IC50,=,390.0,nM,6.41,CHEMBL284,Dipeptidyl peptidase 4,CC1=C(C(=O)O)C(c2ccc(F)c(F)c2)N=C(N)N1C(=O)CN1CCCC1C#N
29231840,CHEMBL6169485,IC50,=,90.0,nM,7.05,CHEMBL284,Dipeptidyl peptidase 4,CC1=C(C(=O)O)C(c2ccc(F)c(F)c2)N=C(N)N1C(=O)CN1CCCC(N)C1
29231841,CHEMBL6164347,IC50,=,2.0,nM,8.70,CHEMBL284,Dipeptidyl peptidase 4,CC1=C(C(=O)O)C(c2ccc(F)c(F)c2)N=C(N)N1C(=O)CN1Cc2cn(S(C)(=O)=O)nc2C1
29231842,CHEMBL6173511,IC50,=,85.0,nM,7.07,CHEMBL284,Dipeptidyl peptidase 4,CC1=C([N+](=O)[O-])C(c2ccc(F)c(F)c2)N=C(N)N1C(=O)CN1CCn2c(nnc2C(F)(F)F)C1
29231843,CHEMBL6170809,IC50,=,710.0,nM,6.15,CHEMBL284,Dipeptidyl peptidase 4,CC1=C([N+](=O)[O-])C(c2ccc(F)c(F)c2)N=C(N)N1C(=O)CN1CCCC1C#N
29231844,CHEMBL6147355,IC50,=,821.0,nM,6.09,CHEMBL284,Dipeptidyl peptidase 4,CC1=C([N+](=O)[O-])C(c2ccc(F)c(F)c2)N=C(N)N1C(=O)CN1CCCC(N)C1
29231845,CHEMBL6134099,IC50,=,55.0,nM,7.26,CHEMBL284,Dipeptidyl peptidase 4,CC1=C([N+](=O)[O-])C(c2ccc(F)c(F)c2)N=C(N)N1C(=O)CN1Cc2cn(S(C)(=O)=O)nc2C1
29231846,CHEMBL6146224,IC50,=,2542.0,nM,5.59,CHEMBL284,Dipeptidyl peptidase 4,CC1=C([N+](=O)[O-])C(c2ccc(F)c(F)c2)N=C(N)N1C(=O)CN1CCC[C@H]1C(=O)O
29231847,CHEMBL6168838,IC50,=,1064.0,nM,5.97,CHEMBL284,Dipeptidyl peptidase 4,CC1=C(C(=O)O)C(c2ccc(F)c(F)c2)N=C(N)N1C(=O)CN1CCC[C@H]1C(=O)O
29231848,CHEMBL1422,IC50,=,8.0,nM,8.10,CHEMBL284,Dipeptidyl peptidase 4,N[C@@H](CC(=O)N1CCn2c(nnc2C(F)(F)F)C1)Cc1cc(F)c(F)cc1F
29316306,CHEMBL6192039,IC50,=,340.0,nM,6.47,CHEMBL284,Dipeptidyl peptidase 4,Cc1cc(C[C@@H](N)Cn2nncc2CO)c(F)cc1F
29316307,CHEMBL5285297,IC50,=,190.0,nM,6.72,CHEMBL284,Dipeptidyl peptidase 4,COc1ccc(-c2cn(CC[C@H](N)Cc3cc(F)c(F)cc3F)nn2)cc1
29316308,CHEMBL6191350,IC50,=,340.0,nM,6.47,CHEMBL284,Dipeptidyl peptidase 4,COc1ccc(-c2cnnn2CC[C@H](N)Cc2cc(C)c(F)cc2F)cc1
29316309,CHEMBL6188802,IC50,=,340.0,nM,6.47,CHEMBL284,Dipeptidyl peptidase 4,Cc1cc(C[C@@H](N)Cn2nncc2-c2ccccc2)c(F)cc1F
29316310,CHEMBL6190034,IC50,=,190.0,nM,6.72,CHEMBL284,Dipeptidyl peptidase 4,N[C@H](Cc1cc(F)c(F)cc1F)Cn1cc(-c2ccccc2)nn1
29316311,CHEMBL6189534,IC50,=,340.0,nM,6.47,CHEMBL284,Dipeptidyl peptidase 4,COc1ccc(-c2cnnn2C[C@H](N)Cc2cc(C)c(F)cc2F)cc1
29316312,CHEMBL6190892,IC50,=,190.0,nM,6.72,CHEMBL284,Dipeptidyl peptidase 4,N[C@H](Cc1cc(F)c(F)cc1F)Cn1cc(CO)nn1
29316313,CHEMBL6192284,IC50,=,190.0,nM,6.72,CHEMBL284,Dipeptidyl peptidase 4,COc1ccc(-c2cn(C[C@H](N)Cc3cc(F)c(F)cc3F)nn2)cc1
