activity_id,molecule_chembl_id,standard_type,standard_relation,standard_value,standard_units,pchembl_value,target_chembl_id,target_pref_name,canonical_smiles,pIC50,MW,LogP,HBD,HBA
105501,CHEMBL93558,IC50,=,217000.0,nM,,CHEMBL284,Dipeptidyl peptidase 4,N[C@@H](CC1CCCCC1)C(=O)N1CCCCC1,3.6635402661514704,238.37499999999994,2.2966000000000006,1,2
106644,CHEMBL443622,IC50,=,41000.0,nM,4.39,CHEMBL284,Dipeptidyl peptidase 4,C[C@H](N)C(=O)N1CCCC1,4.3872161432802645,142.20199999999997,-0.04400000000000004,1,2
106647,CHEMBL403882,IC50,=,15000.0,nM,4.82,CHEMBL284,Dipeptidyl peptidase 4,O=C([C@@H]1CCCN1)N1CCCC1,4.823908740944319,168.23999999999998,0.3608,1,2
106650,CHEMBL328655,IC50,>,500000.0,nM,,CHEMBL284,Dipeptidyl peptidase 4,S=C(C1CCCN1)N1CCCC1,3.3010299956639813,184.30799999999996,1.1616,1,2
108924,CHEMBL328795,IC50,=,188000.0,nM,,CHEMBL284,Dipeptidyl peptidase 4,NC(=O)CC(N)C(=O)N1CCCC1,3.72584215073632,185.22699999999995,-1.1885000000000001,2,3
111620,CHEMBL97674,IC50,=,247000.0,nM,,CHEMBL284,Dipeptidyl peptidase 4,NCCCCC(N)C(=O)N1CCCCC1,3.607303046740334,213.32499999999993,0.45520000000000027,2,3
111673,CHEMBL317126,IC50,=,14000.0,nM,4.85,CHEMBL284,Dipeptidyl peptidase 4,NC(Cc1ccc(O)cc1)C(=O)N1CCCC1,4.853871964321762,234.29899999999992,0.8843999999999999,2,3
113099,CHEMBL383705,IC50,=,4000.0,nM,5.4,CHEMBL284,Dipeptidyl peptidase 4,CC(C)[C@H](N)C(=O)N1CCCC1,5.3979400086720375,170.25599999999994,0.5920999999999998,1,2
114354,CHEMBL93505,IC50,>,1000000.0,nM,,CHEMBL284,Dipeptidyl peptidase 4,NCC[C@H](N)C(=O)N1CCCCC1,3.0,185.27099999999993,-0.32499999999999996,2,3
115473,CHEMBL329171,IC50,>,500000.0,nM,,CHEMBL284,Dipeptidyl peptidase 4,NCCCC(N)C(=O)N1CCCCC1,3.3010299956639813,199.29799999999992,0.0651000000000006,2,3
116880,CHEMBL94955,IC50,=,134900.0,nM,,CHEMBL284,Dipeptidyl peptidase 4,NCCCCC(NC(=O)OCc1ccccc1)C(=O)N1CCCCC1,3.8699880503280957,347.45900000000023,2.4229000000000003,2,4
119349,CHEMBL97180,IC50,=,213000.0,nM,,CHEMBL284,Dipeptidyl peptidase 4,NC(Cc1c[nH]cn1)C(=O)N1CCCCC1,3.6716203965612624,222.29199999999992,0.29199999999999915,2,3
121780,CHEMBL98008,IC50,=,17000.0,nM,4.77,CHEMBL284,Dipeptidyl peptidase 4,N[C@@H](CC1CCCCC1)C(=O)N1CCCC1,4.769551078621726,224.34799999999996,1.9064999999999999,1,2
127132,CHEMBL97025,IC50,>,1000000.0,nM,,CHEMBL284,Dipeptidyl peptidase 4,NCC(=O)N1CCCC1,3.0,128.17499999999998,-0.4325000000000001,1,2
127135,CHEMBL317944,IC50,=,23210.0,nM,4.63,CHEMBL284,Dipeptidyl peptidase 4,NC(Cc1c[nH]cn1)C(=O)N1CCCC1,4.6343248595440825,208.26499999999993,-0.09810000000000074,2,3
128208,CHEMBL93507,IC50,=,67000.0,nM,4.17,CHEMBL284,Dipeptidyl peptidase 4,CCC(C)C(N)C(=O)N1CCCCC1,4.173925197299174,198.30999999999992,1.3722999999999999,1,2
129486,CHEMBL93931,IC50,=,21000.0,nM,4.68,CHEMBL284,Dipeptidyl peptidase 4,NC(Cc1ccccc1)C(=O)N1CCCC1,4.6777807052660805,218.2999999999999,1.1787999999999998,1,2
134515,CHEMBL97064,IC50,=,190000.0,nM,,CHEMBL284,Dipeptidyl peptidase 4,NC(CO)C(=O)N1CCCC1,3.721246399047171,158.20099999999996,-1.0716,2,3
140459,CHEMBL503274,IC50,=,4000.0,nM,5.4,CHEMBL284,Dipeptidyl peptidase 4,CC[C@H](C)[C@H](N)C(=O)N1CCCC1,5.3979400086720375,184.28299999999993,0.9821999999999999,1,2
140462,CHEMBL499101,IC50,=,122000.0,nM,,CHEMBL284,Dipeptidyl peptidase 4,N[C@@H](CC(=O)O)C(=O)N1CCCC1,3.9136401693252516,186.21099999999993,-0.5892000000000004,2,3
141671,CHEMBL328694,IC50,=,39000.0,nM,4.41,CHEMBL284,Dipeptidyl peptidase 4,NCCCCC(N)C(=O)N1CCCC1,4.4089353929735005,199.29799999999994,0.0651000000000006,2,3
144184,CHEMBL317537,IC50,>,1000000.0,nM,,CHEMBL284,Dipeptidyl peptidase 4,NC[C@H](N)C(=O)N1CCCCC1,3.0,171.24399999999994,-0.7151000000000001,2,3
148822,CHEMBL305170,IC50,=,116000.0,nM,,CHEMBL284,Dipeptidyl peptidase 4,CC(C)[C@@H](N)C(=O)N1CCC[C@H]1B(O)O,3.9355420107730814,214.07399999999998,-1.0272999999999988,3,4
148825,CHEMBL1790478,IC50,=,190.0,nM,6.72,CHEMBL284,Dipeptidyl peptidase 4,C[C@@H](O)[C@H](N)C(=O)N1CCC[C@H]1B(O)O,6.721246399047171,216.046,-2.302499999999998,4,5
149953,CHEMBL66032,IC50,=,11.0,nM,7.96,CHEMBL284,Dipeptidyl peptidase 4,CC[C@H](N)C(=O)N1CCC[C@H]1B(O)O,7.958607314841775,200.047,-1.2732999999999988,3,4
149954,CHEMBL63726,IC50,=,95.0,nM,7.02,CHEMBL284,Dipeptidyl peptidase 4,NCCCC[C@H](N)C(=O)N1CCC[C@H]1B(O)O,7.022276394711152,243.11599999999999,-1.5542999999999976,4,5
153638,CHEMBL303131,IC50,=,17000.0,nM,4.77,CHEMBL284,Dipeptidyl peptidase 4,N[C@@H](Cc1c[nH]cn1)C(=O)N1CCC[C@H]1B(O)O,4.769551078621726,252.08299999999997,-1.7174999999999991,4,5
154815,CHEMBL292342,IC50,=,250.0,nM,6.6,CHEMBL284,Dipeptidyl peptidase 4,O=C([C@@H]1CCN1)N1CCC[C@H]1B(O)O,6.6020599913279625,198.03100000000003,-1.6486999999999996,3,4
158513,CHEMBL63698,IC50,=,44.0,nM,7.36,CHEMBL284,Dipeptidyl peptidase 4,CC(C)C[C@H](N)C(=O)N1CCC[C@H]1B(O)O,7.356547323513812,228.10099999999997,-0.637199999999999,3,4
158514,CHEMBL291428,IC50,=,63.0,nM,7.2,CHEMBL284,Dipeptidyl peptidase 4,N[C@H](C(=O)N1CCC[C@H]1B(O)O)c1ccccc1,7.200659450546418,248.09100000000004,-0.31059999999999977,3,4
159693,CHEMBL66189,IC50,=,30000.0,nM,4.52,CHEMBL284,Dipeptidyl peptidase 4,CC(C)(N)C(=O)N1CCC[C@H]1B(O)O,4.522878745280337,200.047,-1.2732999999999988,3,4
165758,CHEMBL1790483,IC50,=,25.0,nM,7.6,CHEMBL284,Dipeptidyl peptidase 4,CC[C@H](C)[C@H](N)C(=O)N1CCC[C@H]1B(O)O,7.6020599913279625,228.10099999999997,-0.637199999999999,3,4
168408,CHEMBL67279,IC50,=,26.0,nM,7.58,CHEMBL284,Dipeptidyl peptidase 4,CC(C)[C@H](N)C(=O)N1CCC[C@H]1B(O)O,7.585026652029182,214.07399999999998,-1.0272999999999988,3,4
168411,CHEMBL63860,IC50,=,15.0,nM,7.82,CHEMBL284,Dipeptidyl peptidase 4,C[C@H](N)C(=O)N1CCC[C@H]1B(O)O,7.823908740944319,186.02,-1.663399999999999,3,4
172023,CHEMBL67089,IC50,=,16000.0,nM,4.8,CHEMBL284,Dipeptidyl peptidase 4,NCC(=O)N1CCC[C@H]1B(O)O,4.795880017344075,171.993,-2.051899999999999,3,4
173235,CHEMBL65406,IC50,=,4000.0,nM,5.4,CHEMBL284,Dipeptidyl peptidase 4,CC(C)[C@@H](N)C(=O)N1CCC[C@@H]1B(O)O,5.3979400086720375,214.07399999999998,-1.0272999999999988,3,4
173238,CHEMBL304007,IC50,=,32.0,nM,7.5,CHEMBL284,Dipeptidyl peptidase 4,N[C@@H](Cc1ccc(O)cc1)C(=O)N1CCC[C@H]1B(O)O,7.494850021680094,278.11699999999996,-0.7350000000000002,4,5
176780,CHEMBL63652,IC50,=,70.0,nM,7.16,CHEMBL284,Dipeptidyl peptidase 4,N[C@@H](Cc1ccccc1)C(=O)N1CCC[C@H]1B(O)O,7.154901959985743,262.11799999999994,-0.4406,3,4
178094,CHEMBL63406,IC50,=,60.0,nM,7.22,CHEMBL284,Dipeptidyl peptidase 4,CC(C)(C)[C@H](N)C(=O)N1CCC[C@H]1B(O)O,7.221848749616356,228.10099999999997,-0.637199999999999,3,4
180579,CHEMBL63895,IC50,=,20.0,nM,7.7,CHEMBL284,Dipeptidyl peptidase 4,O=C([C@@H]1CCCN1)N1CCC[C@H]1B(O)O,7.698970004336019,212.05800000000002,-1.2585999999999988,3,4
266951,CHEMBL276884,IC50,=,9100000.0,nM,,CHEMBL284,Dipeptidyl peptidase 4,Cl.O=C(C1CCCN1)N1CCCC1P(=O)(OCC(F)(F)F)OCC(F)(F)F,2.0409586076789066,448.72800000000007,3.4596000000000027,1,5
270838,CHEMBL1182947,IC50,=,32000.0,nM,4.5,CHEMBL284,Dipeptidyl peptidase 4,O=C([C@@H]1CCCN1)N1CCCC1P(=O)(Oc1ccccc1)Oc1ccccc1,4.494850021680094,400.4150000000001,4.038000000000003,1,5
272162,CHEMBL273694,IC50,>,10000.0,nM,,CHEMBL284,Dipeptidyl peptidase 4,Cl.O=C([C@@H]1CCCN1)N1CCCC1P(=O)(Oc1ccccc1)Oc1ccccc1,5.0,436.8760000000001,4.459800000000003,1,5
272163,CHEMBL265344,IC50,=,400.0,nM,6.4,CHEMBL284,Dipeptidyl peptidase 4,CC(=O)Nc1ccc(OP(=O)(Oc2ccc(NC(C)=O)cc2)C2CCCN2C(=O)C2CCCN2)cc1.Cl,6.3979400086720375,550.9800000000004,4.376600000000003,3,7
273306,CHEMBL9237,IC50,=,47000.0,nM,4.33,CHEMBL284,Dipeptidyl peptidase 4,COP(=O)(Oc1ccccc1-c1ccccc1O)C1CCCN1C(=O)[C@@H]1CCCN1.Cl,4.327902142064283,466.9020000000003,4.3998000000000035,2,6
275679,CHEMBL9724,IC50,=,31000.0,nM,4.51,CHEMBL284,Dipeptidyl peptidase 4,Cl.O=C([C@@H]1CCCN1)N1CCCC1P1(=O)Oc2ccccc2-c2ccccc2O1,4.508638306165727,434.8600000000001,4.4402000000000035,1,5
277073,CHEMBL9561,IC50,=,22000.0,nM,4.66,CHEMBL284,Dipeptidyl peptidase 4,COc1ccc(OP(=O)(Oc2ccc(OC)cc2)C2CCCN2C(=O)C2CCCN2)cc1.Cl,4.657577319177793,496.9280000000003,4.477000000000004,1,7
277076,CHEMBL9238,IC50,=,36.0,nM,7.44,CHEMBL284,Dipeptidyl peptidase 4,COC(=O)CCNC(=O)c1ccc(OP(=O)(Oc2ccc(C(=O)NCCC(=O)OC)cc2)C2CCCN2C(=O)C2CCCN2)cc1.Cl,7.443697499232712,695.1060000000001,3.0456000000000016,3,11
282949,CHEMBL9512,IC50,=,500.0,nM,6.3,CHEMBL284,Dipeptidyl peptidase 4,Cl.NCC(=O)Nc1ccc(OP(=O)(Oc2ccc(NC(=O)CN)cc2)C2CCCN2C(=O)C2CCCN2)cc1,6.301029995663981,581.0100000000002,2.2542,5,9
282952,CHEMBL269209,IC50,=,600.0,nM,6.22,CHEMBL284,Dipeptidyl peptidase 4,C[C@H](N)C(=O)Nc1ccc(OP(=O)(Oc2ccc(NC(=O)[C@@H](C)N)cc2)C2CCCN2C(=O)C2CCCN2)cc1.Cl,6.221848749616356,609.0640000000002,3.0312000000000006,5,9
286460,CHEMBL273851,IC50,=,5000.0,nM,5.3,CHEMBL284,Dipeptidyl peptidase 4,Cl.O=C([C@H]1CCCN1)N1CCCC1P(=O)(Oc1ccccc1)Oc1ccccc1,5.301029995663981,436.8760000000001,4.459800000000003,1,5
288920,CHEMBL268012,IC50,=,1800000.0,nM,,CHEMBL284,Dipeptidyl peptidase 4,Cl.O=C(C1CCCN1)N1CCCC1P(=O)(OCC(Cl)(Cl)Cl)OCC(Cl)(Cl)Cl,2.744727494896694,547.4580000000001,5.075400000000003,1,5
290166,CHEMBL9295,IC50,=,30.0,nM,7.52,CHEMBL284,Dipeptidyl peptidase 4,CCCNC(=O)c1ccc(OP(=O)(Oc2ccc(C(=O)NCCC)cc2)C2CCCN2C(=O)C2CCCN2)cc1.Cl,7.522878745280337,607.0880000000003,4.739400000000005,3,7
291262,CHEMBL269757,IC50,=,700.0,nM,6.16,CHEMBL284,Dipeptidyl peptidase 4,Cl.O=C(CNC(=O)c1ccccc1)Nc1ccc(OP(=O)(Oc2ccc(NC(=O)CNC(=O)c3ccccc3)cc2)C2CCCN2C(=O)C2CCCN2)cc1,6.154901959985743,789.2259999999999,5.196800000000004,5,9
292601,CHEMBL9263,IC50,=,800.0,nM,6.1,CHEMBL284,Dipeptidyl peptidase 4,CC(=O)Nc1cccc(OP(=O)(Oc2cccc(NC(C)=O)c2)C2CCCN2C(=O)C2CCCN2)c1.Cl,6.096910013008056,550.9800000000004,4.3766000000000025,3,7
296408,CHEMBL9433,IC50,=,400.0,nM,6.4,CHEMBL284,Dipeptidyl peptidase 4,CS(=O)(=O)Nc1ccc(OP(=O)(Oc2ccc(NS(C)(=O)=O)cc2)C2CCCN2C(=O)C2CCCN2)cc1.Cl,6.3979400086720375,623.0900000000001,3.202800000000001,3,9
297734,CHEMBL9565,IC50,=,190000.0,nM,,CHEMBL284,Dipeptidyl peptidase 4,Cl.O=C(C1CCCN1)N1CCCC1P(=O)(Oc1ccc(O)cc1)Oc1ccc(O)cc1,3.721246399047171,468.87400000000014,3.871000000000002,3,7
297737,CHEMBL268527,IC50,=,1400.0,nM,5.85,CHEMBL284,Dipeptidyl peptidase 4,COC(=O)C(Cc1ccc(OP(=O)(Oc2ccc(CC(NC(C)=O)C(=O)OC)cc2)C2CCCN2C(=O)C2CCCN2)cc1)NC(C)=O.Cl,5.853871964321762,723.1600000000001,2.900200000000001,3,11
298915,CHEMBL9408,IC50,=,16.0,nM,7.8,CHEMBL284,Dipeptidyl peptidase 4,COC(=O)c1ccc(OP(=O)(Oc2ccc(C(=O)OC)cc2)C2CCCN2C(=O)C2CCCN2)cc1.Cl,7.795880017344075,552.9480000000004,4.033000000000003,1,9
301601,CHEMBL430281,IC50,=,2300.0,nM,5.64,CHEMBL284,Dipeptidyl peptidase 4,Cl.NC(=O)Nc1cccc(OP(=O)(OC2=CC=CC(NC(N)=O)C2)C2CCCN2C(=O)C2CCCN2)c1,5.638272163982407,554.9720000000002,2.7687,5,7
301604,CHEMBL274829,IC50,=,23.0,nM,7.64,CHEMBL284,Dipeptidyl peptidase 4,CCOC(=O)CNC(=O)c1ccc(OP(=O)(Oc2ccc(C(=O)NCC(=O)OCC)cc2)C2CCCN2C(=O)C2CCCN2)cc1.Cl,7.638272163982407,695.1060000000001,3.0456000000000016,3,11
302763,CHEMBL9527,IC50,=,5000.0,nM,5.3,CHEMBL284,Dipeptidyl peptidase 4,Cl.O=C(C1CCCN1)N1CCCC1P(=O)(Oc1ccc(NN2CCCC2)cc1)Oc1ccc(NN2CCCC2)cc1,5.301029995663981,605.12,5.305200000000005,3,9
304307,CHEMBL278393,IC50,=,320.0,nM,6.5,CHEMBL284,Dipeptidyl peptidase 4,N[C@H](C(=O)N1CCCC1)C1CCCCC1,6.494850021680094,210.32099999999994,1.516399999999999,1,2
305623,CHEMBL98408,IC50,=,420.0,nM,6.38,CHEMBL284,Dipeptidyl peptidase 4,CC[C@H](C)[C@H](N)C(=O)N1CCSC1,6.376750709602099,202.32299999999995,0.8927000000000002,1,3
306963,CHEMBL1682974,IC50,=,33.0,nM,7.48,CHEMBL284,Dipeptidyl peptidase 4,N[C@H](C(=O)N1CCSC1)[C@H]1CC[C@H](NC(=O)c2ccc(OC(F)(F)F)cc2)CC1,7.481486060122112,431.48000000000013,2.7340000000000018,2,5
308219,CHEMBL22359,IC50,=,53.0,nM,7.28,CHEMBL284,Dipeptidyl peptidase 4,N[C@H](C(=O)N1CCSC1)[C@H]1CC[C@H](NC(=O)c2ccc(F)c(F)c2)CC1,7.275724130399211,383.4640000000001,2.1136,2,4
308225,CHEMBL22679,IC50,=,94.0,nM,7.03,CHEMBL284,Dipeptidyl peptidase 4,N[C@H](C(=O)N1CCCC1)[C@H]1CC[C@H](NC(=O)OCc2ccccc2)CC1,7.026872146400302,359.4700000000001,2.4213000000000005,2,4
309669,CHEMBL3084936,IC50,=,24.0,nM,7.62,CHEMBL284,Dipeptidyl peptidase 4,N#Cc1cccc(S(=O)(=O)N[C@H]2CC[C@H]([C@H](N)C(=O)N3CCSC3)CC2)c1,7.619788758288394,408.54900000000026,1.2555799999999997,2,6
309671,CHEMBL3084942,IC50,=,18.0,nM,7.75,CHEMBL284,Dipeptidyl peptidase 4,N[C@H](C(=O)N1CCSC1)[C@H]1CC[C@H](NS(=O)(=O)c2ccc3ccccc3c2)CC1,7.7447274948966935,433.5990000000002,2.5371000000000006,2,5
309673,CHEMBL3084949,IC50,=,15.0,nM,7.82,CHEMBL284,Dipeptidyl peptidase 4,N[C@H](C(=O)N1CCSC1)[C@H]1CC[C@H](NC(=O)c2cccc3ccccc23)CC1,7.823908740944319,397.54400000000015,2.9886000000000017,2,4
309679,CHEMBL3084939,IC50,=,35.0,nM,7.46,CHEMBL284,Dipeptidyl peptidase 4,N[C@H](C(=O)N1CCSC1)[C@H]1CC[C@H](NC(=O)Nc2ccc(F)c(F)c2)CC1,7.455931955649724,398.4790000000001,2.5053,3,4
310881,CHEMBL3084935,IC50,=,23.0,nM,7.64,CHEMBL284,Dipeptidyl peptidase 4,N[C@H](C(=O)N1CCSC1)[C@H]1CC[C@H](NS(=O)(=O)c2ccc(I)cc2)CC1,7.638272163982407,509.4350000000002,1.9884999999999995,2,5
310883,CHEMBL3084943,IC50,=,24.0,nM,7.62,CHEMBL284,Dipeptidyl peptidase 4,N[C@H](C(=O)N1CCSC1)[C@H]1CC[C@H](NS(=O)(=O)c2ccc(F)c(F)c2F)CC1,7.619788758288394,437.5090000000002,1.8011999999999995,2,5
312313,CHEMBL3084954,IC50,=,17.0,nM,7.77,CHEMBL284,Dipeptidyl peptidase 4,N[C@H](C(=O)N1CCSC1)[C@H]1CC[C@H](NC(=O)Nc2ccc(Cl)c(Cl)c2)CC1,7.769551078621726,431.3890000000001,3.533900000000002,3,4
314912,CHEMBL3084937,IC50,=,7.5,nM,8.12,CHEMBL284,Dipeptidyl peptidase 4,CN(C)C(=O)Nc1ccc(S(=O)(=O)N[C@H]2CC[C@H]([C@H](N)C(=O)N3CCSC3)CC2)cc1,8.1249387366083,469.6330000000003,1.477400000000001,3,6
318589,CHEMBL3084938,IC50,=,26.0,nM,7.58,CHEMBL284,Dipeptidyl peptidase 4,CN(C)C(=O)Nc1ccc(S(=O)(=O)N[C@H]2CC[C@H]([C@H](N)C(=O)N3CCCC3)CC2)cc1,7.585026652029182,451.59300000000036,1.5669000000000008,3,5
319705,CHEMBL25437,IC50,=,88.0,nM,7.06,CHEMBL284,Dipeptidyl peptidase 4,N[C@H](C(=O)N1CCCC1)[C@H]1CC[C@H](NS(=O)(=O)c2ccc(F)cc2F)CC1,7.055517327849832,401.47900000000016,1.7515999999999994,2,4
320945,CHEMBL278558,IC50,=,190.0,nM,6.72,CHEMBL284,Dipeptidyl peptidase 4,N[C@H](C(=O)N1CCCC1)[C@H]1CC[C@H](NC(=O)c2ccc(F)c(F)c2)CC1,6.721246399047171,365.4240000000001,2.2031,2,3
322177,CHEMBL23176,IC50,=,25.0,nM,7.6,CHEMBL284,Dipeptidyl peptidase 4,N[C@H](C(=O)N1CCSC1)[C@H]1CC[C@H](NC(=O)OCc2ccccc2)CC1,7.6020599913279625,377.51000000000016,2.3318000000000003,2,5
323637,CHEMBL3084940,IC50,=,64.0,nM,7.19,CHEMBL284,Dipeptidyl peptidase 4,N[C@H](C(=O)N1CCCC1)[C@H]1CC[C@H](NC(=O)c2cncc3ccccc23)CC1,7.1938200260161125,380.49200000000013,2.4731000000000005,2,4
324718,CHEMBL3084946,IC50,=,38.0,nM,7.42,CHEMBL284,Dipeptidyl peptidase 4,N[C@H](C(=O)N1CCSC1)[C@H]1CC[C@H](NC(=O)c2ccc(Cl)c(Cl)c2)CC1,7.42021640338319,416.37400000000014,3.1422000000000017,2,4
325933,CHEMBL142703,IC50,=,34.0,nM,7.47,CHEMBL284,Dipeptidyl peptidase 4,N#C[C@@H]1CCCN1C(=O)CNC12CC3CC(CC(O)(C3)C1)C2,7.468521082957745,303.4060000000001,1.1742799999999989,2,4
325935,CHEMBL3084947,IC50,=,33.0,nM,7.48,CHEMBL284,Dipeptidyl peptidase 4,N[C@H](C(=O)N1CCSC1)[C@H]1CC[C@H](NC(=O)c2ccc(I)cc2)CC1,7.481486060122112,473.3800000000001,2.4400000000000004,2,4
327148,CHEMBL77538,IC50,=,22.0,nM,7.66,CHEMBL284,Dipeptidyl peptidase 4,N#Cc1ccc(NCCNCC(=O)N2CCC[C@H]2C#N)nc1,7.657577319177793,298.34999999999997,0.46935999999999933,2,6
327150,CHEMBL3084952,IC50,=,17.0,nM,7.77,CHEMBL284,Dipeptidyl peptidase 4,N[C@H](C(=O)N1CCSC1)[C@H]1CC[C@H](NC(=O)OCc2cccc3ccccc23)CC1,7.769551078621726,427.5700000000002,3.485000000000002,2,5
331193,CHEMBL3084956,IC50,=,9.0,nM,8.05,CHEMBL284,Dipeptidyl peptidase 4,N[C@H](C(=O)N1CCSC1)[C@H]1CC[C@H](NC(=O)c2cnc3ccccc3c2)CC1,8.045757490560675,398.53200000000015,2.3836000000000004,2,5
331195,CHEMBL23979,IC50,=,89.0,nM,7.05,CHEMBL284,Dipeptidyl peptidase 4,N[C@H](C(=O)N1CCCC1)[C@H]1CC[C@H](NS(=O)(=O)c2ccc(OC(F)(F)F)cc2)CC1,7.050609993355087,449.4950000000002,2.372,2,5
334012,CHEMBL3084948,IC50,=,21.0,nM,7.68,CHEMBL284,Dipeptidyl peptidase 4,N[C@H](C(=O)N1CCSC1)[C@H]1CC[C@H](NC(=O)c2ccc3ccccc3c2)CC1,7.6777807052660805,397.54400000000015,2.9886000000000017,2,4
335217,CHEMBL3084955,IC50,=,55.0,nM,7.26,CHEMBL284,Dipeptidyl peptidase 4,N[C@H](C(=O)N1CCSC1)[C@H]1CC[C@H](NC(=O)Nc2ccc(OC(F)(F)F)cc2)CC1,7.259637310505756,446.4950000000001,3.125700000000001,3,5
335219,CHEMBL3084941,IC50,=,98.0,nM,7.01,CHEMBL284,Dipeptidyl peptidase 4,N[C@H](C(=O)N1CCCC1)[C@H]1CC[C@H](NS(=O)(=O)c2ccc(F)c(F)c2F)CC1,7.008773924307505,419.46900000000016,1.8906999999999992,2,4
335221,CHEMBL497992,IC50,=,2.6,nM,8.59,CHEMBL284,Dipeptidyl peptidase 4,N[C@H](C(=O)N1CCCC1)[C@H]1CC[C@H](NS(=O)(=O)c2ccc(NS(=O)(=O)CC(F)(F)F)cc2)CC1,8.585026652029182,526.6030000000001,1.7773999999999994,3,6
336424,CHEMBL3084953,IC50,=,10.0,nM,8.0,CHEMBL284,Dipeptidyl peptidase 4,N[C@H](C(=O)N1CCSC1)[C@H]1CC[C@H](NC(=O)Nc2ccc(I)cc2)CC1,8.0,488.3950000000001,2.8317000000000014,3,4
337683,CHEMBL3084944,IC50,=,46.0,nM,7.34,CHEMBL284,Dipeptidyl peptidase 4,N[C@H](C(=O)N1CCCC1)[C@H]1CC[C@H](NC(=O)c2cccc3ccccc23)CC1,7.337242168318426,379.50400000000013,3.078100000000002,2,3
341675,CHEMBL25211,IC50,=,22.0,nM,7.66,CHEMBL284,Dipeptidyl peptidase 4,N[C@H](C(=O)N1CCSC1)[C@H]1CC[C@H](NS(=O)(=O)c2ccc(OC(F)(F)F)cc2)CC1,7.657577319177793,467.5350000000002,2.2824999999999998,2,6
341681,CHEMBL3084951,IC50,=,20.0,nM,7.7,CHEMBL284,Dipeptidyl peptidase 4,N[C@H](C(=O)N1CCSC1)[C@H]1CC[C@H](NC(=O)OCc2ccc3ccccc3c2)CC1,7.698970004336019,427.5700000000002,3.485000000000002,2,5
344023,CHEMBL3084945,IC50,=,2700.0,nM,5.57,CHEMBL284,Dipeptidyl peptidase 4,N[C@H](C(=O)N1CCSC1)[C@H]1CC[C@H](N)CC1,5.568636235841013,243.37599999999995,0.36409999999999976,2,4
344025,CHEMBL3084950,IC50,=,29.0,nM,7.54,CHEMBL284,Dipeptidyl peptidase 4,N[C@H](C(=O)N1CCSC1)[C@H]1CC[C@H](NC(=O)OCc2ccc(Cl)c(Cl)c2)CC1,7.5376020021010435,446.4000000000002,3.638600000000003,2,5
431858,CHEMBL544475,IC50,=,3400.0,nM,5.47,CHEMBL284,Dipeptidyl peptidase 4,CCOC(=O)c1cnc(CN)c2cc(OC)c(OC)cc12.Cl,5.468521082957745,326.78000000000003,2.309200000000001,1,6
431859,CHEMBL543539,IC50,=,948000.0,nM,,CHEMBL284,Dipeptidyl peptidase 4,CCOC(=O)c1cnc(CN(C)C)c2cc(OC)c(OC)cc12.Cl,3.0231916626619335,354.834,2.912100000000002,0,6
431860,CHEMBL543057,IC50,=,277000.0,nM,,CHEMBL284,Dipeptidyl peptidase 4,COc1cc2c(C=O)cnc(CN)c2cc1OC.Cl,3.5575202309355514,282.7269999999999,1.9449999999999998,1,5
434431,CHEMBL554880,IC50,=,31800.0,nM,4.5,CHEMBL284,Dipeptidyl peptidase 4,COc1cc2c(CO)cnc(CN)c2cc1OC.Cl,4.497572880015567,284.74299999999994,1.6247999999999998,2,5
438306,CHEMBL539758,IC50,=,51400.0,nM,4.29,CHEMBL284,Dipeptidyl peptidase 4,CCCNC(=O)c1cnc(CN)c2cc(OC)c(OC)cc12.Cl,4.289036881004725,339.82300000000004,2.2723,2,5
440903,CHEMBL553407,IC50,=,2300.0,nM,5.64,CHEMBL284,Dipeptidyl peptidase 4,CCOC(=O)Nc1cnc(CN)c2cc(OC)c(OC)cc12.Cl,5.638272163982407,341.795,2.700900000000001,2,6
443617,CHEMBL544474,IC50,=,207000.0,nM,,CHEMBL284,Dipeptidyl peptidase 4,CCOC(=O)c1cnc(CN)c2ccc(OC)cc12.Cl,3.684029654543082,296.75399999999996,2.3006000000000006,1,5
443618,CHEMBL544717,IC50,=,4700.0,nM,5.33,CHEMBL284,Dipeptidyl peptidase 4,CCOC(=O)c1cnc(CN)c2cc(OC)c(OCC)cc12.Cl,5.327902142064283,340.8070000000001,2.6993000000000014,1,6
443980,CHEMBL307636,IC50,=,2.0,nM,8.7,CHEMBL284,Dipeptidyl peptidase 4,N#C[C@@H]1CCCN1C(=O)[C@@H](N)C1CCCCC1,8.698970004336019,235.33099999999996,1.408579999999999,1,3
447741,CHEMBL543062,IC50,=,8400.0,nM,5.08,CHEMBL284,Dipeptidyl peptidase 4,CCCOc1cc2c(CN)ncc(C(=O)OCC)c2cc1OC.Cl,5.075720713938118,354.834,3.0894000000000017,1,6
447742,CHEMBL554957,IC50,=,103000.0,nM,,CHEMBL284,Dipeptidyl peptidase 4,COc1cc2c(C(=O)O)cnc(CN)c2cc1OC.Cl,3.9871627752948275,298.72599999999994,1.8306999999999998,2,5
450326,CHEMBL289580,IC50,=,746000.0,nM,,CHEMBL284,Dipeptidyl peptidase 4,CCOC(=O)c1cnc(CCN)c2cc(OC)c(OC)cc12.O=C(O)C(F)(F)F,3.1272611725273314,418.36800000000005,2.5632,2,7
450327,CHEMBL544950,IC50,=,2400.0,nM,5.62,CHEMBL284,Dipeptidyl peptidase 4,CCOC(=O)c1cnc(CN)c2c(OC)ccc(OC)c12.Cl,5.619788758288394,326.78000000000003,2.309200000000001,1,6
451597,CHEMBL288207,IC50,=,52600.0,nM,4.28,CHEMBL284,Dipeptidyl peptidase 4,CCOC(=O)CCc1cnc(CN)c2cc(OC)c(OC)cc12.O=C(O)C(F)(F)F,4.279014255846261,432.3950000000001,2.8397000000000006,2,7
454219,CHEMBL554683,IC50,=,6700.0,nM,5.17,CHEMBL284,Dipeptidyl peptidase 4,CCOC(=O)c1cnc(CN)c2cc(OCC)c(OC)cc12.Cl,5.173925197299174,340.80699999999996,2.6993000000000014,1,6
459398,CHEMBL554882,IC50,=,170000.0,nM,,CHEMBL284,Dipeptidyl peptidase 4,COc1cc2c(C(N)=O)cnc(CN)c2cc1OC.Cl,3.769551078621726,297.742,1.2314,2,5
460743,CHEMBL41114,IC50,=,18000.0,nM,4.75,CHEMBL284,Dipeptidyl peptidase 4,CCOC(=O)/C=C/c1cnc(CN)c2cc(OC)c(OC)cc12.O=C(O)C(F)(F)F,4.7447274948966935,430.3790000000001,2.920300000000001,2,7
460744,CHEMBL554682,IC50,=,731000.0,nM,,CHEMBL284,Dipeptidyl peptidase 4,CCOC(=O)c1cnc(CNC)c2cc(OC)c(OC)cc12.Cl,3.1360826230421397,340.8070000000001,2.569900000000001,1,6
462020,CHEMBL544478,IC50,=,14000.0,nM,4.85,CHEMBL284,Dipeptidyl peptidase 4,CCOC(=O)c1cnc(CN)c2cc(O)c(OC)cc12.Cl,4.853871964321762,312.753,2.0062,2,6
465901,CHEMBL544241,IC50,=,17000.0,nM,4.77,CHEMBL284,Dipeptidyl peptidase 4,CCOC(=O)Cc1cnc(CN)c2cc(OC)c(OC)cc12.Cl,4.769551078621726,340.80699999999996,2.2381000000000006,1,6
467213,CHEMBL539500,IC50,=,18000.0,nM,4.75,CHEMBL284,Dipeptidyl peptidase 4,CCOC(=O)c1cnc(CN)c2cc(OC)c(OC)c(OC)c12.Cl,4.7447274948966935,356.8060000000001,2.3178000000000005,1,7
468572,CHEMBL555560,IC50,=,320.0,nM,6.5,CHEMBL284,Dipeptidyl peptidase 4,CCOC(=O)c1cnc(CN)c2c(OC)cc(OC)cc12.Cl,6.494850021680094,326.78000000000003,2.309200000000001,1,6
470429,CHEMBL77539,IC50,=,8.0,nM,8.1,CHEMBL284,Dipeptidyl peptidase 4,N#C[C@@H]1CCCN1C(=O)CNCCNc1ccc([N+](=O)[O-])cn1,8.096910013008056,318.33700000000005,0.5058799999999997,2,7
471409,CHEMBL539243,IC50,=,1100.0,nM,5.96,CHEMBL284,Dipeptidyl peptidase 4,CCOC(=O)c1cnc(CN)c2c(OC)c(OC)c(OC)cc12.Cl,5.958607314841775,356.806,2.3178000000000005,1,7
473917,CHEMBL283880,IC50,=,23.4,ug.mL-1,,CHEMBL284,Dipeptidyl peptidase 4,Cc1cccc(C)c1N1C(=O)c2ccc(N)cc2C1=O,7.6307841425898575,266.3,2.6862400000000006,1,3
473923,CHEMBL151999,IC50,=,12.0,ug.mL-1,,CHEMBL284,Dipeptidyl peptidase 4,CC(C)c1cccc(C(C)C)c1N1C(=O)c2c(F)c(F)c(F)c(F)c2C1=S,7.920818753952375,395.421,5.825700000000003,0,2
478635,CHEMBL313952,IC50,=,21.3,ug.mL-1,,CHEMBL284,Dipeptidyl peptidase 4,CC(C)c1cccc(C(C)C)c1N1C(=O)c2ccc(O)cc2C1=O,7.671620396561262,323.392,4.439600000000004,1,3
483596,CHEMBL153236,IC50,>,100.0,ug.mL-1,,CHEMBL284,Dipeptidyl peptidase 4,CSc1ccccc1N1C(=O)c2cccc([N+](=O)[O-])c2C1=O,7.0,314.32200000000006,3.117300000000002,0,5
487078,CHEMBL315471,IC50,=,16.0,ug.mL-1,,CHEMBL284,Dipeptidyl peptidase 4,Cc1cccc(C)c1N1C(=O)c2cccc(N)c2C1=O,7.795880017344075,266.3,2.6862399999999997,1,3
488322,CHEMBL88474,IC50,=,14.1,ug.mL-1,,CHEMBL284,Dipeptidyl peptidase 4,CC(C)c1cccc(C(C)C)c1N1C(=O)c2cccc(O)c2C1=O,7.85078088734462,323.39200000000005,4.439600000000004,1,3
491846,CHEMBL152529,IC50,>,100.0,ug.mL-1,,CHEMBL284,Dipeptidyl peptidase 4,Cc1cccc(C)c1N1C(=O)c2cccc([N+](=O)[O-])c2C1=O,7.0,296.2820000000001,3.012240000000002,0,4
495325,CHEMBL90558,IC50,=,81.0,ug.mL-1,,CHEMBL284,Dipeptidyl peptidase 4,CC(C)c1cccc(C(C)C)c1N1C(=O)c2ccc(N)cc2C1=O,7.0915149811213505,322.408,4.316200000000003,1,3
497495,CHEMBL8916,IC50,>,100.0,ug.mL-1,,CHEMBL284,Dipeptidyl peptidase 4,Cc1cccc(C)c1N1C(=O)c2ccccc2C1=O,7.0,251.285,3.1040400000000012,0,2
498638,CHEMBL277841,IC50,>,100.0,ug.mL-1,,CHEMBL284,Dipeptidyl peptidase 4,Cc1cccc(C)c1N1C(=O)c2cccc(O)c2C1=O,7.0,267.284,2.8096400000000012,1,3
499970,CHEMBL90616,IC50,>,100.0,ug.mL-1,,CHEMBL284,Dipeptidyl peptidase 4,CC(C)c1cccc(C(C)C)c1N1C(=O)c2cccc([N+](=O)[O-])c2C1=O,7.0,352.3900000000001,4.642200000000004,0,4
499989,CHEMBL345319,IC50,=,64.4,ug.mL-1,,CHEMBL284,Dipeptidyl peptidase 4,CSc1ccccc1N1C(=O)c2cccc(O)c2C1=O,7.1911141326401875,285.324,2.914700000000002,1,4
499995,CHEMBL29292,IC50,>,100.0,ug.mL-1,,CHEMBL284,Dipeptidyl peptidase 4,CC(C)C[C@H](NC(=O)[C@@H](O)[C@H](N)Cc1ccccc1)C(=O)O,7.0,308.37800000000004,0.5328000000000004,4,4
501288,CHEMBL113918,IC50,>,100.0,ug.mL-1,,CHEMBL284,Dipeptidyl peptidase 4,Cc1cccc(C)c1N1C(=O)c2ccc([N+](=O)[O-])cc2C1=O,7.0,296.28200000000004,3.012240000000001,0,4
503777,CHEMBL88953,IC50,=,12.8,ug.mL-1,,CHEMBL284,Dipeptidyl peptidase 4,CCc1cccc(CC)c1N1C(=O)c2ccc(O)cc2C1=O,7.892790030352131,295.338,3.3176000000000014,1,3
504870,CHEMBL89081,IC50,>,100.0,ug.mL-1,,CHEMBL284,Dipeptidyl peptidase 4,CC(C)c1cccc(C(C)C)c1N1C(=O)c2ccccc2C1=O,7.0,307.39300000000003,4.734000000000004,0,2
506071,CHEMBL329471,IC50,=,18.7,ug.mL-1,,CHEMBL284,Dipeptidyl peptidase 4,CC(C)c1cccc(C(C)C)c1N1C(=O)c2ccccc2C1=S,7.728158393463501,323.461,5.269300000000005,0,2
506077,CHEMBL151461,IC50,=,18.7,ug.mL-1,,CHEMBL284,Dipeptidyl peptidase 4,O=C(C1CCC[C@H]1B(O)O)[C@@H]1CCCN1,7.728158393463501,211.07,-0.04940000000000028,3,4
507333,CHEMBL91130,IC50,>,100.0,ug.mL-1,,CHEMBL284,Dipeptidyl peptidase 4,CC(C)c1cccc(C(C)C)c1N1C(=O)c2ccc([N+](=O)[O-])cc2C1=O,7.0,352.39000000000004,4.642200000000004,0,4
509849,CHEMBL153096,IC50,=,12.8,ug.mL-1,,CHEMBL284,Dipeptidyl peptidase 4,CCc1cccc(CC)c1N1C(=O)c2cccc(O)c2C1=O,7.892790030352131,295.338,3.3176000000000028,1,3
509855,CHEMBL424612,IC50,=,19.8,ug.mL-1,,CHEMBL284,Dipeptidyl peptidase 4,Cc1cccc(C)c1N1C(=O)c2ccc(O)cc2C1=O,7.703334809738469,267.284,2.809640000000001,1,3
510947,CHEMBL153037,IC50,=,15.1,ug.mL-1,,CHEMBL284,Dipeptidyl peptidase 4,CC(C)c1cccc(C(C)C)c1N1C(=S)c2c(F)c(F)c(F)c(F)c2C1=S,7.82102305270683,411.48900000000003,6.361000000000003,0,2
553346,CHEMBL169758,IC50,=,660.0,nM,6.18,CHEMBL284,Dipeptidyl peptidase 4,N[C@H](C(=O)N1CCCC1)[C@H]1CC[C@@H](OC(=O)Nc2ccc(I)cc2)C1,6.180456064458132,457.31200000000007,2.958100000000001,2,4
553350,CHEMBL168986,IC50,=,130.0,nM,6.89,CHEMBL284,Dipeptidyl peptidase 4,CS(=O)(=O)c1ccc(S(=O)(=O)N[C@H]2CC[C@H]([C@H](N)C(=O)N3CCCC3)C2)cc1,6.886056647693163,429.5640000000003,0.48680000000000123,2,6
555724,CHEMBL366751,IC50,=,550.0,nM,6.26,CHEMBL284,Dipeptidyl peptidase 4,N[C@H](C(=O)N1CCCC1)[C@H]1CC[C@@H](NS(=O)(=O)c2ccc(OC(F)(F)F)cc2)C1,6.259637310505756,435.46800000000013,1.9818999999999993,2,5
555728,CHEMBL172276,IC50,=,670.0,nM,6.17,CHEMBL284,Dipeptidyl peptidase 4,N[C@H](C(=O)N1CCCC1)[C@@H]1CC[C@H](OC(=O)Nc2ccc(I)cc2)C1,6.173925197299173,457.31200000000007,2.958100000000001,2,4
555732,CHEMBL171033,IC50,=,83.0,nM,7.08,CHEMBL284,Dipeptidyl peptidase 4,COc1ccc(NC(=O)O[C@@H]2CCC[C@H]([C@H](N)C(=O)N3CCSC3)C2)cc1,7.080921907623926,393.5090000000002,2.6627,2,6
555736,CHEMBL439836,IC50,=,71.0,nM,7.15,CHEMBL284,Dipeptidyl peptidase 4,CS(=O)(=O)NCCS(=O)(=O)N[C@@H]1CC[C@@H]([C@H](N)C(=O)N2CCCC2)C1,7.1487416512809245,396.5350000000003,-1.4265999999999954,3,6
556901,CHEMBL352343,IC50,=,280.0,nM,6.55,CHEMBL284,Dipeptidyl peptidase 4,N[C@H](C(=O)N1CCSC1)[C@H]1CC[C@@H](OC(=O)Nc2ccc(Cl)c(Cl)c2)C1,6.552841968657781,418.3460000000001,3.570800000000002,2,5
556905,CHEMBL169962,IC50,=,110.0,nM,6.96,CHEMBL284,Dipeptidyl peptidase 4,N[C@H](C(=O)N1CCCC1)[C@@H]1CC[C@@H](NS(=O)(=O)c2ccc(C(=O)O)cc2)C1,6.958607314841775,395.48100000000017,0.7815000000000005,3,5
559352,CHEMBL352737,IC50,=,480.0,nM,6.32,CHEMBL284,Dipeptidyl peptidase 4,COc1ccc(NC(=O)O[C@H]2CCC[C@H]([C@H](N)C(=O)N3CCCC3)C2)cc1,6.318758762624412,375.4690000000002,2.7522,2,5
560504,CHEMBL368156,IC50,=,840.0,nM,6.08,CHEMBL284,Dipeptidyl peptidase 4,N[C@H](C(=O)N1CCCC1)[C@H]1CC[C@H](O)C1,6.075720713938118,212.29299999999998,0.09709999999999958,2,3
561472,CHEMBL171437,IC50,=,72.0,nM,7.14,CHEMBL284,Dipeptidyl peptidase 4,N[C@H](C(=O)N1CCCC1)[C@H]1CC[C@H](NS(=O)(=O)c2ccc(C(=O)O)cc2)C1,7.142667503568732,395.48100000000017,0.7815000000000005,3,5
562735,CHEMBL433732,IC50,=,420.0,nM,6.38,CHEMBL284,Dipeptidyl peptidase 4,CS(=O)(=O)c1ccc(S(=O)(=O)N[C@H]2CC[C@@H]([C@H](N)C(=O)N3CCCC3)C2)cc1,6.376750709602099,429.5640000000003,0.48680000000000123,2,6
565044,CHEMBL354576,IC50,=,110.0,nM,6.96,CHEMBL284,Dipeptidyl peptidase 4,N[C@H](C(=O)N1CCCC1)[C@H]1CC[C@@H](NC(=O)Nc2cccc3ccccc23)C1,6.958607314841775,380.49200000000013,3.0797000000000008,3,3
565048,CHEMBL168866,IC50,=,170.0,nM,6.77,CHEMBL284,Dipeptidyl peptidase 4,N[C@H](C(=O)N1CCCC1)[C@@H]1CC[C@@H](NS(=O)(=O)c2ccc(OC(F)(F)F)cc2)C1,6.769551078621726,435.46800000000013,1.9818999999999993,2,5
566179,CHEMBL172631,IC50,=,210.0,nM,6.68,CHEMBL284,Dipeptidyl peptidase 4,N[C@H](C(=O)N1CCSC1)[C@H]1CC[C@@H](OC(=O)Nc2cccc(F)c2)C1,6.6777807052660805,367.446,2.4031000000000002,2,5
570039,CHEMBL171430,IC50,=,1700.0,nM,5.77,CHEMBL284,Dipeptidyl peptidase 4,N[C@@H](C(=O)N1CCSC1)[C@H]1CC[C@@H](OC(=O)Nc2cccc3ccccc23)C1,5.769551078621726,399.5160000000001,3.417200000000001,2,5
570043,CHEMBL169204,IC50,=,13.0,nM,7.89,CHEMBL284,Dipeptidyl peptidase 4,CS(=O)(=O)c1ccc(S(=O)(=O)N[C@@H]2CC[C@@H]([C@H](N)C(=O)N3CCCC3)C2)cc1,7.886056647693163,429.5640000000003,0.48680000000000123,2,6
570047,CHEMBL355203,IC50,=,180.0,nM,6.75,CHEMBL284,Dipeptidyl peptidase 4,COc1ccc(NC(=O)O[C@@H]2CCC[C@H]([C@H](N)C(=O)N3CCCC3)C2)cc1,6.7447274948966935,375.4690000000002,2.7522,2,5
571347,CHEMBL171342,IC50,=,83.0,nM,7.08,CHEMBL284,Dipeptidyl peptidase 4,N[C@H](C(=O)N1CCCC1)[C@H]1CC[C@H](NS(=O)(=O)c2ccc(S(N)(=O)=O)cc2)C1,7.080921907623926,430.5520000000002,-0.2692999999999979,3,6
571351,CHEMBL354936,IC50,=,110.0,nM,6.96,CHEMBL284,Dipeptidyl peptidase 4,CN(C)S(=O)(=O)c1ccc(S(=O)(=O)N[C@H]2CC[C@H]([C@H](N)C(=O)N3CCCC3)C2)cc1,6.958607314841775,458.6060000000004,0.33360000000000234,2,6
572554,CHEMBL169812,IC50,=,230.0,nM,6.64,CHEMBL284,Dipeptidyl peptidase 4,N[C@H](C(=O)N1CCCC1)[C@H]1CC[C@@H](NC(=O)c2cccc3ccccc23)C1,6.638272163982407,365.4770000000001,2.6880000000000006,2,3
572558,CHEMBL172624,IC50,=,1200.0,nM,5.92,CHEMBL284,Dipeptidyl peptidase 4,N[C@@H](C(=O)N1CCSC1)[C@H]1CC[C@@H](OC(=O)Nc2cccc(F)c2)C1,5.920818753952375,367.446,2.4031000000000002,2,5
572562,CHEMBL355716,IC50,=,270.0,nM,6.57,CHEMBL284,Dipeptidyl peptidase 4,COc1ccc(NC(=O)O[C@H]2CC[C@H]([C@H](N)C(=O)N3CCCC3)C2)cc1,6.568636235841013,361.4420000000002,2.3621,2,5
573776,CHEMBL353840,IC50,=,47.0,nM,7.33,CHEMBL284,Dipeptidyl peptidase 4,N[C@H](C(=O)N1CCSC1)[C@H]1CC[C@H](NC(=O)c2cccc3ccccc23)C1,7.327902142064283,383.5170000000001,2.5985000000000005,2,4
574920,CHEMBL169179,IC50,=,46.0,nM,7.34,CHEMBL284,Dipeptidyl peptidase 4,N[C@H](C(=O)N1CCCC1)[C@@H]1CC[C@@H](NS(=O)(=O)c2ccc(S(N)(=O)=O)cc2)C1,7.337242168318426,430.5520000000002,-0.2692999999999979,3,6
576145,CHEMBL172730,IC50,=,3900.0,nM,5.41,CHEMBL284,Dipeptidyl peptidase 4,N[C@H](C(=O)N1CCCC1)[C@H]1CC[C@@H](OC(=O)Nc2ccccc2-c2ccccc2)C1,5.4089353929735005,407.5140000000001,4.020500000000002,2,4
576149,CHEMBL168281,IC50,=,220.0,nM,6.66,CHEMBL284,Dipeptidyl peptidase 4,N[C@H](C(=O)N1CCCC1)[C@H]1CC[C@H](NS(=O)(=O)c2ccc(S(=O)(=O)C(F)(F)F)cc2)C1,6.657577319177793,483.53400000000016,1.3767999999999996,2,6
577507,CHEMBL171609,IC50,=,440.0,nM,6.36,CHEMBL284,Dipeptidyl peptidase 4,N[C@H](C(=O)N1CCCC1)[C@@H]1CC[C@H](NC(=O)Nc2cccc3ccccc23)C1,6.356547323513812,380.49200000000013,3.0797000000000008,3,3
577511,CHEMBL352632,IC50,=,870.0,nM,6.06,CHEMBL284,Dipeptidyl peptidase 4,CO[C@@H]1CCC[C@H]([C@H](N)C(=O)N2CCCC2)C1,6.060480747381382,240.34699999999992,1.1413,1,3
578735,CHEMBL355248,IC50,=,150.0,nM,6.82,CHEMBL284,Dipeptidyl peptidase 4,CS(=O)(=O)c1ccccc1S(=O)(=O)N[C@H]1CC[C@H]([C@H](N)C(=O)N2CCCC2)C1,6.823908740944319,429.5640000000004,0.48680000000000123,2,6
578739,CHEMBL170051,IC50,=,330.0,nM,6.48,CHEMBL284,Dipeptidyl peptidase 4,N[C@H](C(=O)N1CCCC1)[C@H]1CCC[C@H](OC(=O)Nc2ccc(I)cc2)C1,6.481486060122113,471.33900000000006,3.348200000000001,2,4
579989,CHEMBL171733,IC50,=,110.0,nM,6.96,CHEMBL284,Dipeptidyl peptidase 4,N[C@H](C(=O)N1CCCC1)[C@H]1CCC[C@@H](OC(=O)Nc2ccc(I)cc2)C1,6.958607314841775,471.33900000000006,3.348200000000001,2,4
579993,CHEMBL355051,IC50,=,290.0,nM,6.54,CHEMBL284,Dipeptidyl peptidase 4,N[C@H](C(=O)N1CCCC1)[C@H]1CCC[C@H](O)C1,6.5376020021010435,226.31999999999996,0.487199999999999,2,3
579997,CHEMBL433533,IC50,=,420.0,nM,6.38,CHEMBL284,Dipeptidyl peptidase 4,COc1ccc(NC(=O)O[C@H]2CCC[C@H]([C@H](N)C(=O)N3CCSC3)C2)cc1,6.376750709602099,393.5090000000002,2.6627,2,6
581025,CHEMBL171290,IC50,=,250.0,nM,6.6,CHEMBL284,Dipeptidyl peptidase 4,N[C@H](C(=O)N1CCCC1)[C@@H]1CC[C@H](NS(=O)(=O)c2ccc(S(N)(=O)=O)cc2)C1,6.6020599913279625,430.5520000000002,-0.2692999999999979,3,6
582253,CHEMBL355244,IC50,=,4600.0,nM,5.34,CHEMBL284,Dipeptidyl peptidase 4,N[C@H](C(=O)N1CCCC1)[C@H]1CC[C@@H](O)C1,5.337242168318426,212.29299999999998,0.09709999999999958,2,3
582257,CHEMBL352354,IC50,=,240.0,nM,6.62,CHEMBL284,Dipeptidyl peptidase 4,COc1ccc(NC(=O)O[C@@H]2CC[C@H]([C@H](N)C(=O)N3CCSC3)C2)cc1,6.619788758288394,379.48200000000014,2.2725999999999997,2,6
583468,CHEMBL352402,IC50,=,110.0,nM,6.96,CHEMBL284,Dipeptidyl peptidase 4,N[C@H](C(=O)N1CCCC1)[C@@H]1CC[C@@H](OC(=O)Nc2ccc(I)cc2)C1,6.958607314841775,457.31200000000007,2.958100000000001,2,4
584771,CHEMBL352520,IC50,=,43.0,nM,7.37,CHEMBL284,Dipeptidyl peptidase 4,N[C@H](C(=O)N1CCSC1)[C@H]1CC[C@H](NC(=O)Nc2cccc3ccccc23)C1,7.366531544420414,398.5320000000001,2.9902000000000006,3,4
586038,CHEMBL172057,IC50,=,180.0,nM,6.75,CHEMBL284,Dipeptidyl peptidase 4,N[C@H](C(=O)N1CCCC1)[C@H]1CC[C@H](OC(=O)Nc2ccc(I)cc2)C1,6.7447274948966935,457.31200000000007,2.958100000000001,2,4
588536,CHEMBL353590,IC50,=,1100.0,nM,5.96,CHEMBL284,Dipeptidyl peptidase 4,COc1ccc(NC(=O)O[C@@H]2CC[C@H]([C@H](N)C(=O)N3CCCC3)C2)cc1,5.958607314841775,361.4420000000002,2.3621,2,5
588540,CHEMBL355479,IC50,=,94.0,nM,7.03,CHEMBL284,Dipeptidyl peptidase 4,N[C@H](C(=O)N1CCCC1)[C@@H]1CC[C@@H](NC(=O)Nc2cccc3ccccc23)C1,7.026872146400302,380.49200000000013,3.0797000000000008,3,3
589781,CHEMBL352548,IC50,=,95.0,nM,7.02,CHEMBL284,Dipeptidyl peptidase 4,CS(=O)(=O)NCCS(=O)(=O)N[C@H]1CC[C@H]([C@H](N)C(=O)N2CCCC2)C1,7.022276394711152,396.5350000000003,-1.4265999999999954,3,6
671629,CHEMBL22310,IC50,=,48.0,nM,7.32,CHEMBL284,Dipeptidyl peptidase 4,N[C@H](C(=O)N1CC[C@H](F)C1)[C@H]1CC[C@H](NS(=O)(=O)c2ccc(F)cc2F)CC1,7.318758762624412,419.46900000000016,1.6995999999999991,2,4
672809,CHEMBL22545,IC50,=,830.0,nM,6.08,CHEMBL284,Dipeptidyl peptidase 4,N[C@H](C(=O)N1C[C@H](F)[C@@H](F)C1)[C@H]1CC[C@H](NC(=O)OCc2ccccc2)CC1,6.080921907623926,395.4500000000002,2.3173000000000004,2,4
674220,CHEMBL23223,IC50,=,89.0,nM,7.05,CHEMBL284,Dipeptidyl peptidase 4,N[C@H](C(=O)N1CCSC1)C1CCCCC1,7.050609993355087,228.36099999999993,1.4268999999999994,1,3
675584,CHEMBL23051,IC50,=,270.0,nM,6.57,CHEMBL284,Dipeptidyl peptidase 4,N[C@H](C(=O)N1C[C@@H](F)[C@H](F)C1)[C@H]1CC[C@H](NS(=O)(=O)c2ccc(OC(F)(F)F)cc2)CC1,6.568636235841013,485.4750000000002,2.268,2,5
678255,CHEMBL23880,IC50,=,210.0,nM,6.68,CHEMBL284,Dipeptidyl peptidase 4,N[C@H](C(=O)N1CC[C@H](F)C1)[C@H]1CC[C@H](NC(=O)c2ccccc2C(F)(F)F)CC1,6.6777807052660805,415.4310000000001,2.891700000000002,2,3
679295,CHEMBL416008,IC50,=,360.0,nM,6.44,CHEMBL284,Dipeptidyl peptidase 4,N[C@H](C(=O)N1C[C@@H](F)[C@H](F)C1)[C@H]1CC[C@H](NC(=O)OCc2ccccc2)CC1,6.443697499232712,395.4500000000002,2.3173000000000004,2,4
679297,CHEMBL281561,IC50,=,75.0,nM,7.12,CHEMBL284,Dipeptidyl peptidase 4,N[C@H](C(=O)N1CC[C@@H](F)C1)[C@H]1CC[C@H](NS(=O)(=O)c2ccc(OC(F)(F)F)cc2)CC1,7.1249387366083,467.4850000000002,2.3199999999999994,2,5
679300,CHEMBL283309,IC50,=,58.0,nM,7.24,CHEMBL284,Dipeptidyl peptidase 4,N[C@H](C(=O)N1CC[C@@H](F)C1)[C@H]1CC[C@H](NS(=O)(=O)c2ccc(F)cc2F)CC1,7.236572006437063,419.46900000000016,1.6995999999999991,2,4
683561,CHEMBL280658,IC50,=,73.0,nM,7.14,CHEMBL284,Dipeptidyl peptidase 4,N[C@H](C(=O)N1CCC(F)(F)C1)C1CCCCC1,7.136677139879544,246.3009999999999,1.7615999999999994,1,2
685040,CHEMBL283368,IC50,=,67.0,nM,7.17,CHEMBL284,Dipeptidyl peptidase 4,N[C@H](C(=O)N1CCSC1)[C@H]1CC[C@H](NC(=O)c2ccccc2C(F)(F)F)CC1,7.173925197299173,415.4810000000001,2.8542000000000014,2,4
685045,CHEMBL277693,IC50,=,88.0,nM,7.06,CHEMBL284,Dipeptidyl peptidase 4,N[C@H](C(=O)N1CC[C@@H](F)C1)[C@H]1CC[C@H](NC(=O)OCc2ccccc2)CC1,7.055517327849832,377.46000000000015,2.3693,2,4
686322,CHEMBL281178,IC50,=,35.0,nM,7.46,CHEMBL284,Dipeptidyl peptidase 4,N[C@H](C(=O)N1CC[C@H](F)C1)[C@H]1CC[C@H](NS(=O)(=O)c2ccc(OC(F)(F)F)cc2)CC1,7.455931955649724,467.4850000000002,2.3199999999999994,2,5
694013,CHEMBL23110,IC50,=,55.0,nM,7.26,CHEMBL284,Dipeptidyl peptidase 4,N[C@H](C(=O)N1CCC(F)(F)C1)[C@H]1CC[C@H](NC(=O)c2ccc(F)c(F)c2)CC1,7.259637310505756,401.4040000000001,2.4483000000000006,2,3
694016,CHEMBL23879,IC50,=,250.0,nM,6.6,CHEMBL284,Dipeptidyl peptidase 4,N[C@H](C(=O)N1CC[C@@H](F)C1)[C@H]1CC[C@H](NC(=O)c2ccccc2C(F)(F)F)CC1,6.6020599913279625,415.4310000000001,2.891700000000002,2,3
694018,CHEMBL277193,IC50,=,250.0,nM,6.6,CHEMBL284,Dipeptidyl peptidase 4,N[C@H](C(=O)N1C[C@@H](F)[C@H](F)C1)[C@H]1CC[C@H](NS(=O)(=O)c2ccc(F)cc2F)CC1,6.6020599913279625,437.4590000000002,1.6475999999999997,2,4
699829,CHEMBL23981,IC50,=,340.0,nM,6.47,CHEMBL284,Dipeptidyl peptidase 4,N[C@H](C(=O)N1CC[C@@H](F)C1)C1CCCCC1,6.468521082957745,228.31099999999992,1.4643999999999993,1,2
702335,CHEMBL279944,IC50,=,27.0,nM,7.57,CHEMBL284,Dipeptidyl peptidase 4,N[C@H](C(=O)N1CCC(F)(F)C1)[C@H]1CC[C@H](NC(=O)OCc2ccccc2)CC1,7.568636235841013,395.45000000000016,2.6665,2,4
702338,CHEMBL431885,IC50,=,870.0,nM,6.06,CHEMBL284,Dipeptidyl peptidase 4,N[C@H](C(=O)N1C[C@H](F)[C@@H](F)C1)[C@H]1CC[C@H](NS(=O)(=O)c2ccc(OC(F)(F)F)cc2)CC1,6.060480747381382,485.4750000000002,2.268,2,5
703648,CHEMBL23660,IC50,=,54.0,nM,7.27,CHEMBL284,Dipeptidyl peptidase 4,N[C@H](C(=O)N1CC[C@H](F)C1)[C@H]1CC[C@H](NC(=O)c2ccc(F)c(F)c2)CC1,7.267606240177032,383.4140000000001,2.1510999999999996,2,3
706252,CHEMBL23924,IC50,=,110.0,nM,6.96,CHEMBL284,Dipeptidyl peptidase 4,N[C@H](C(=O)N1CC[C@@H](F)C1)[C@H]1CC[C@H](NC(=O)c2ccc(F)c(F)c2)CC1,6.958607314841775,383.4140000000001,2.1510999999999996,2,3
706255,CHEMBL423108,IC50,=,23.0,nM,7.64,CHEMBL284,Dipeptidyl peptidase 4,N[C@H](C(=O)N1CCC(F)(F)C1)[C@H]1CC[C@H](NS(=O)(=O)c2ccc(OC(F)(F)F)cc2)CC1,7.638272163982407,485.4750000000002,2.6172000000000004,2,5
708829,CHEMBL277635,IC50,=,70.0,nM,7.16,CHEMBL284,Dipeptidyl peptidase 4,N[C@H](C(=O)N1CCC(F)(F)C1)[C@H]1CC[C@H](NC(=O)c2ccccc2C(F)(F)F)CC1,7.154901959985743,433.4210000000001,3.188900000000001,2,3
710210,CHEMBL22294,IC50,=,21.0,nM,7.68,CHEMBL284,Dipeptidyl peptidase 4,N[C@H](C(=O)N1CCC(F)(F)C1)[C@H]1CC[C@H](NS(=O)(=O)c2ccc(F)cc2F)CC1,7.6777807052660805,437.4590000000002,1.9967999999999995,2,4
711472,CHEMBL23891,IC50,=,56.0,nM,7.25,CHEMBL284,Dipeptidyl peptidase 4,N[C@H](C(=O)N1CC[C@H](F)C1)[C@H]1CC[C@H](NC(=O)OCc2ccccc2)CC1,7.251811972993799,377.46000000000015,2.3693,2,4
712808,CHEMBL22511,IC50,=,170.0,nM,6.77,CHEMBL284,Dipeptidyl peptidase 4,N[C@H](C(=O)N1CC[C@H](F)C1)C1CCCCC1,6.769551078621726,228.31099999999992,1.4643999999999993,1,2
714042,CHEMBL289562,IC50,=,42000.0,nM,4.38,CHEMBL284,Dipeptidyl peptidase 4,NCc1c(N)nc(-c2ccccc2)nc1-c1ccccc1,4.376750709602099,276.343,2.8515000000000015,2,4
716188,CHEMBL357606,IC50,=,1700.0,nM,5.77,CHEMBL284,Dipeptidyl peptidase 4,CCC(C)C(N)C(=O)N1CCSC1,5.769551078621726,202.32299999999995,0.8927000000000002,1,3
716408,CHEMBL37229,IC50,=,1500.0,nM,5.82,CHEMBL284,Dipeptidyl peptidase 4,COc1ccccc1-c1nc(-c2ccccc2)nc(N)c1CN,5.823908740944319,306.3690000000001,2.8601,2,5
717762,CHEMBL37536,IC50,=,47.0,nM,7.33,CHEMBL284,Dipeptidyl peptidase 4,NCc1c(N)nc(-c2ccccc2F)nc1-c1ccc(Cl)cc1Cl,7.327902142064283,363.22300000000007,4.297400000000001,2,4
718743,CHEMBL147314,IC50,=,250000.0,nM,,CHEMBL284,Dipeptidyl peptidase 4,CCCCC(N)C(=O)N1CCCCC1,3.6020599913279625,198.30999999999992,1.5163999999999995,1,2
718995,CHEMBL37654,IC50,=,130.0,nM,6.89,CHEMBL284,Dipeptidyl peptidase 4,NCc1c(N)nc(-c2cccc(C(F)(F)F)c2)nc1-c1ccc(Cl)cc1Cl,6.886056647693163,413.23000000000013,5.177100000000002,2,4
719828,CHEMBL148261,IC50,=,3500.0,nM,5.46,CHEMBL284,Dipeptidyl peptidase 4,CCC(C)C(N)C(=O)N1CCC(F)C1,5.455931955649724,202.27299999999994,0.9302,1,2
720080,CHEMBL34764,IC50,=,180.0,nM,6.75,CHEMBL284,Dipeptidyl peptidase 4,NCc1c(N)nc(-c2ccc(C(F)(F)F)cc2)nc1-c1ccc(Cl)cc1Cl,6.7447274948966935,413.23000000000013,5.177100000000002,2,4
720861,CHEMBL149498,IC50,>,1000000.0,nM,,CHEMBL284,Dipeptidyl peptidase 4,NCCCCC(N)C(=O)N1CCCCCC1,3.0,227.35199999999992,0.8452999999999999,2,3
720867,CHEMBL148955,IC50,=,318000.0,nM,,CHEMBL284,Dipeptidyl peptidase 4,NCCCCC(N)C(=O)N1CCSC1,3.4975728800155674,217.33799999999997,-0.02439999999999931,2,4
721092,CHEMBL287534,IC50,=,20000.0,nM,4.7,CHEMBL284,Dipeptidyl peptidase 4,Cc1cccc(-c2nc(-c3ccccc3)nc(N)c2CN)c1,4.698970004336019,290.37000000000006,3.1599199999999996,2,4
721958,CHEMBL358358,IC50,=,107000.0,nM,,CHEMBL284,Dipeptidyl peptidase 4,CCC(C)C(N)C(=O)N1CCC(N=[N+]=[N-])C1,3.9706162223147903,225.29599999999996,1.271,1,3
722184,CHEMBL34603,IC50,=,1400.0,nM,5.85,CHEMBL284,Dipeptidyl peptidase 4,NCc1c(N)nc(-c2ccccc2)nc1-c1ccc(Cl)cc1,5.853871964321762,310.788,3.504900000000002,2,4
723371,CHEMBL36333,IC50,=,2500.0,nM,5.6,CHEMBL284,Dipeptidyl peptidase 4,NCc1c(N)nc(-c2ccccc2)nc1-c1ccccc1Cl,5.6020599913279625,310.788,3.504900000000002,2,4
723372,CHEMBL35451,IC50,=,40000.0,nM,4.4,CHEMBL284,Dipeptidyl peptidase 4,NCc1c(N)nc(-c2ccccc2)nc1-c1cccc(F)c1,4.3979400086720375,294.333,2.9906000000000015,2,4
724577,CHEMBL289399,IC50,=,170000.0,nM,,CHEMBL284,Dipeptidyl peptidase 4,NCc1c(N)nc(-c2ccccc2)nc1-c1cccc(C(F)(F)F)c1,3.769551078621726,344.34000000000003,3.870300000000002,2,4
725441,CHEMBL146437,IC50,>,500000.0,nM,,CHEMBL284,Dipeptidyl peptidase 4,CCC(C)C(N)C(=O)N(CC)CC,3.3010299956639813,186.29899999999995,1.2282,1,2
725444,CHEMBL146995,IC50,=,67000.0,nM,4.17,CHEMBL284,Dipeptidyl peptidase 4,NC(CO)C(=O)N1CCCCC1,4.173925197299174,172.22799999999995,-0.6815000000000004,2,3
725750,CHEMBL38165,IC50,=,1000.0,nM,6.0,CHEMBL284,Dipeptidyl peptidase 4,Cc1ccc(-c2nc(-c3ccccc3)nc(N)c2CN)cc1,6.0,290.37,3.1599200000000005,2,4
726750,CHEMBL148142,IC50,>,1000000.0,nM,,CHEMBL284,Dipeptidyl peptidase 4,CCC(C)C(N)C(=O)NC1CCCC1,3.0,198.30999999999995,1.4185999999999996,2,2
726753,CHEMBL148392,IC50,>,1000000.0,nM,,CHEMBL284,Dipeptidyl peptidase 4,NCCC(N)C(=O)N1CCNCC1,3.0,186.25899999999996,-1.905699999999998,3,4
727009,CHEMBL288171,IC50,=,14000.0,nM,4.85,CHEMBL284,Dipeptidyl peptidase 4,NCc1c(N)nc(-c2ccccc2)nc1-c1ccccc1C(F)(F)F,4.853871964321762,344.34000000000003,3.870300000000002,2,4
728057,CHEMBL148026,IC50,>,500000.0,nM,,CHEMBL284,Dipeptidyl peptidase 4,CCC(C)C(N)C(=O)N1CCC(OC(=O)c2ccccc2)C1,3.3010299956639813,304.39,1.8176999999999999,1,4
728060,CHEMBL147923,IC50,>,1000000.0,nM,,CHEMBL284,Dipeptidyl peptidase 4,NCCC(N)C(=O)N1CCCCC1,3.0,185.27099999999993,-0.32499999999999996,2,3
728063,CHEMBL146877,IC50,=,151000.0,nM,,CHEMBL284,Dipeptidyl peptidase 4,N#C[C@@H]1CCCCN1C(=O)C(N)CCN,3.8210230527068307,210.28099999999998,-0.43281999999999815,2,4
728267,CHEMBL34842,IC50,=,0.2,nM,9.7,CHEMBL284,Dipeptidyl peptidase 4,NCc1c(N)nc(-c2ccc(F)cc2)nc1-c1ccc(Cl)cc1Cl,9.698970004336019,363.22300000000007,4.297400000000001,2,4
729159,CHEMBL434886,IC50,=,167000.0,nM,,CHEMBL284,Dipeptidyl peptidase 4,CCC(C)C(N)C(=O)N(C)CC,3.7772835288524167,172.27199999999996,0.8381,1,2
729162,CHEMBL146509,IC50,>,1000000.0,nM,,CHEMBL284,Dipeptidyl peptidase 4,NCCCC[C@@H](N)C(=S)N1CCCCC1,3.0,229.39299999999994,1.2560000000000007,2,3
729165,CHEMBL319514,IC50,=,200.0,nM,6.7,CHEMBL284,Dipeptidyl peptidase 4,C[C@H](N)C(=O)N1CCC[C@H]1C#N,6.698970004336019,167.212,-0.15182000000000007,1,3
729422,CHEMBL37289,IC50,=,100.0,nM,7.0,CHEMBL284,Dipeptidyl peptidase 4,COc1ccc(-c2nc(N)c(CN)c(-c3ccc(Cl)cc3Cl)n2)cc1,7.0,375.25900000000007,4.166900000000002,2,5
730305,CHEMBL359211,IC50,>,500000.0,nM,,CHEMBL284,Dipeptidyl peptidase 4,NCCCCC(N)C(=O)N1CC=CCC1,3.3010299956639813,211.30899999999997,0.23120000000000052,2,3
730308,CHEMBL144226,IC50,>,1000000.0,nM,,CHEMBL284,Dipeptidyl peptidase 4,[N-]=[N+]=NC1CCN(C(=O)C(N)CCCCN)C1,3.0,240.31099999999995,0.3539000000000002,2,4
730314,CHEMBL343616,IC50,>,1000000.0,nM,,CHEMBL284,Dipeptidyl peptidase 4,NCCC(N)C(=O)N1CCOCC1,3.0,187.24299999999994,-1.4786999999999992,2,4
730496,CHEMBL34062,IC50,=,0.1,nM,10.0,CHEMBL284,Dipeptidyl peptidase 4,COc1cc(OC)cc(-c2nc(N)c(CN)c(-c3ccc(Cl)cc3Cl)n2)c1,10.0,405.285,4.175500000000001,2,6
730517,CHEMBL37980,IC50,=,10000.0,nM,5.0,CHEMBL284,Dipeptidyl peptidase 4,NCc1c(N)nc(-c2ccccc2)nc1-c1ccc2c(c1)OCO2,5.0,320.35200000000015,2.5802000000000005,2,6
731658,CHEMBL277390,IC50,=,12.0,nM,7.92,CHEMBL284,Dipeptidyl peptidase 4,C[S+](C)Cc1ccc2cc1C(=O)NCC(=O)NCC(=O)NCCCC[C@H](N)C(=O)N1CCC[C@H]1C(=O)N2.O=C(O)C(F)(F)F.O=C([O-])C(F)(F)F,7.920818753952375,760.7110000000007,-0.6006999999999889,6,9
731729,CHEMBL37687,IC50,=,53.0,nM,7.28,CHEMBL284,Dipeptidyl peptidase 4,NCc1c(N)nc(-c2ccc(Cl)cc2)nc1-c1ccc(Cl)cc1Cl,7.275724130399211,379.6780000000001,4.811700000000002,2,4
731798,CHEMBL37960,IC50,=,3.0,nM,8.52,CHEMBL284,Dipeptidyl peptidase 4,NCc1c(N)nc(-c2ccc(F)c(F)c2)nc1-c1ccc(Cl)cc1Cl,8.522878745280337,381.2130000000001,4.436500000000001,2,4
732555,CHEMBL147583,IC50,>,1000000.0,nM,,CHEMBL284,Dipeptidyl peptidase 4,NCC(N)C(=O)N1CCCCC1,3.0,171.24399999999994,-0.7151000000000001,2,3
733806,CHEMBL461912,IC50,=,320.0,nM,6.5,CHEMBL284,Dipeptidyl peptidase 4,N#C[C@@H]1CCCN1C(=O)[C@@H](N)CCCCN,6.494850021680094,224.30799999999996,-0.042719999999999314,2,4
734130,CHEMBL416787,IC50,=,31000.0,nM,4.51,CHEMBL284,Dipeptidyl peptidase 4,NCc1c(N)nc(-c2ccccc2)nc1-c1cccc(Cl)c1,4.508638306165727,310.788,3.504900000000002,2,4
735220,CHEMBL67680,IC50,=,30.0,nM,7.52,CHEMBL284,Dipeptidyl peptidase 4,CCCCCCCC[S+](CCCCCCCC)Cc1ccc2cc1C(=O)NCC(=O)NCC(=O)NCCCC[C@H](N)C(=O)N1CCC[C@H]1C(=O)N2.O=C(O)C(F)(F)F.O=C([O-])C(F)(F)F,7.522878745280337,957.0889999999998,4.860700000000007,6,9
735314,CHEMBL36666,IC50,=,0.2,nM,9.7,CHEMBL284,Dipeptidyl peptidase 4,NCc1c(N)nc(-c2cccc(F)c2)nc1-c1ccc(Cl)cc1Cl,9.698970004336019,363.22300000000007,4.297400000000001,2,4
736395,CHEMBL148127,IC50,=,374000.0,nM,,CHEMBL284,Dipeptidyl peptidase 4,CCC(C)C(N)C(=O)N1CCCCCC1,3.4271283977995197,212.3369999999999,1.7623999999999995,1,2
736398,CHEMBL356207,IC50,=,289000.0,nM,,CHEMBL284,Dipeptidyl peptidase 4,NCCC(N)C(=O)N1CCSC1,3.5391021572434522,189.28399999999996,-0.8045999999999995,2,4
737808,CHEMBL148025,IC50,=,217000.0,nM,,CHEMBL284,Dipeptidyl peptidase 4,NC(C(=O)N1CCCCC1)C1CCCCC1,3.6635402661514704,224.34799999999993,1.906499999999999,1,2
738098,CHEMBL287847,IC50,=,14000.0,nM,4.85,CHEMBL284,Dipeptidyl peptidase 4,NCc1c(N)nc(-c2ccccc2)nc1-c1ccccc1F,4.853871964321762,294.333,2.9906000000000015,2,4
738099,CHEMBL37655,IC50,=,240.0,nM,6.62,CHEMBL284,Dipeptidyl peptidase 4,NCc1c(N)nc(-c2cccc(Cl)c2)nc1-c1ccc(Cl)cc1Cl,6.619788758288394,379.6780000000001,4.811700000000002,2,4
739035,CHEMBL346877,IC50,=,50400.0,nM,4.3,CHEMBL284,Dipeptidyl peptidase 4,CCC(C)C(N)C(=O)N1CCC1,4.297569463554475,170.25599999999994,0.5921,1,2
739041,CHEMBL146190,IC50,=,229000.0,nM,,CHEMBL284,Dipeptidyl peptidase 4,CCCC(N)C(=O)N1CCCCC1,3.640164517660112,184.28299999999993,1.1262999999999999,1,2
739047,CHEMBL356055,IC50,>,1000000.0,nM,,CHEMBL284,Dipeptidyl peptidase 4,NCCC[C@H](N)C(=S)N1CCCCC1,3.0,215.36599999999993,0.8659000000000006,2,3
739267,CHEMBL37748,IC50,=,340.0,nM,6.47,CHEMBL284,Dipeptidyl peptidase 4,COc1cccc(-c2nc(N)c(CN)c(-c3ccc(Cl)cc3Cl)n2)c1,6.468521082957745,375.25900000000007,4.166900000000002,2,5
740209,CHEMBL148002,IC50,=,360000.0,nM,,CHEMBL284,Dipeptidyl peptidase 4,CCC(C)C(N)C(=O)N(C)C,3.4436974992327127,158.24499999999998,0.448,1,2
740215,CHEMBL145813,IC50,=,51000.0,nM,4.29,CHEMBL284,Dipeptidyl peptidase 4,N#CC1CCCCN1C(=O)C(N)CCCCN,4.292429823902063,238.33499999999995,0.347380000000001,2,4
741648,CHEMBL344507,IC50,>,125000.0,nM,,CHEMBL284,Dipeptidyl peptidase 4,O=C(CNC1CCCC1)NC(c1ccccc1)P(=O)(Oc1ccccc1)Oc1ccccc1,3.9030899869919438,464.50200000000024,5.684700000000005,2,5
741858,CHEMBL1160335,IC50,=,1500.0,nM,5.82,CHEMBL284,Dipeptidyl peptidase 4,CC(=O)OCc1ccc2cc1C(=O)NCC(=O)NCC(=O)NCCCC[C@H](N)C(=O)N1CCC[C@H]1C(=O)N2.O=C(O)C(F)(F)F,5.823908740944319,644.6040000000006,-0.21409999999999202,6,9
741860,CHEMBL305759,IC50,=,10000.0,nM,5.0,CHEMBL284,Dipeptidyl peptidase 4,N[C@H]1CCCCNC(=O)CNC(=O)CNC(=O)c2cc(ccc2COc2ccccc2)NC(=O)[C@@H]2CCCN2C1=O,5.0,564.6430000000001,0.6685000000000028,5,7
741951,CHEMBL36282,IC50,=,47000.0,nM,4.33,CHEMBL284,Dipeptidyl peptidase 4,COc1ccc(-c2nc(-c3ccccc3)nc(N)c2CN)cc1,4.327902142064283,306.3690000000001,2.8601,2,5
741952,CHEMBL35000,IC50,=,1100.0,nM,5.96,CHEMBL284,Dipeptidyl peptidase 4,NCc1c(N)nc(-c2ccccc2)nc1-c1ccc(C(F)(F)F)cc1,5.958607314841775,344.34000000000003,3.870300000000002,2,4
743059,CHEMBL343650,IC50,=,377000.0,nM,,CHEMBL284,Dipeptidyl peptidase 4,CCCN(C)C(=O)C(N)C(C)CC,3.423658649794207,186.29899999999995,1.2281999999999995,1,2
743295,CHEMBL37645,IC50,=,1750.0,nM,5.76,CHEMBL284,Dipeptidyl peptidase 4,Cc1ccccc1-c1nc(N)c(CN)c(-c2ccc(Cl)cc2Cl)n1,5.756961951313706,359.26000000000005,4.466720000000002,2,4
743296,CHEMBL35116,IC50,=,0.9,nM,9.05,CHEMBL284,Dipeptidyl peptidase 4,Cc1cccc(-c2nc(N)c(CN)c(-c3ccc(Cl)cc3Cl)n2)c1,9.045757490560675,359.26000000000005,4.466720000000002,2,4
744387,CHEMBL343907,IC50,>,500000.0,nM,,CHEMBL284,Dipeptidyl peptidase 4,O=C(C1CCCS1)N1CCCC1,3.3010299956639813,185.29199999999997,1.5044,0,2
744541,CHEMBL302602,IC50,=,3.0,nM,8.52,CHEMBL284,Dipeptidyl peptidase 4,C[S+](C)Cc1ccc2cc1C(=O)NCC(=O)NCC(=O)NCC(=O)NCC(=O)NCCCC[C@H](N)C(=O)N1CCC[C@H]1C(=O)N2.O=C(O)C(F)(F)F.O=C([O-])C(F)(F)F,8.522878745280337,874.8150000000004,-2.3682999999999996,8,11
744615,CHEMBL290620,IC50,=,80000.0,nM,4.1,CHEMBL284,Dipeptidyl peptidase 4,COc1cccc(-c2nc(-c3ccccc3)nc(N)c2CN)c1,4.096910013008056,306.3690000000001,2.8601,2,5
745645,CHEMBL148285,IC50,=,250000.0,nM,,CHEMBL284,Dipeptidyl peptidase 4,CCC(N)C(=O)N1CCCCC1,3.6020599913279625,170.25599999999994,0.7361999999999997,1,2
745932,CHEMBL34779,IC50,=,350.0,nM,6.46,CHEMBL284,Dipeptidyl peptidase 4,COc1ccccc1-c1nc(N)c(CN)c(-c2ccc(Cl)cc2Cl)n1,6.455931955649724,375.25900000000007,4.166900000000001,2,5
746819,CHEMBL348246,IC50,=,500000.0,nM,,CHEMBL284,Dipeptidyl peptidase 4,NCCCCC(N)C(=O)N1CCC1,3.3010299956639813,185.27099999999996,-0.32499999999999907,2,3
747134,CHEMBL34972,IC50,=,90.0,nM,7.05,CHEMBL284,Dipeptidyl peptidase 4,Cc1ccc(-c2nc(N)c(CN)c(-c3ccc(Cl)cc3Cl)n2)cc1,7.045757490560675,359.26000000000005,4.466720000000001,2,4
748208,CHEMBL147691,IC50,=,93000.0,nM,4.03,CHEMBL284,Dipeptidyl peptidase 4,CCC(C)C(N)C(=O)N1CCC(O)C1,4.031517051446065,200.28199999999995,-0.046999999999999875,2,3
748211,CHEMBL144027,IC50,=,500000.0,nM,,CHEMBL284,Dipeptidyl peptidase 4,NCCCCC(N)C(=O)N1CCC(O)C1,3.3010299956639813,215.29699999999997,-0.964099999999998,3,4
748476,CHEMBL36020,IC50,=,10.0,nM,8.0,CHEMBL284,Dipeptidyl peptidase 4,NCc1c(N)nc(-c2ccccc2)nc1-c1ccc(Cl)cc1Cl,8.0,345.23300000000006,4.158300000000002,2,4
749442,CHEMBL461506,IC50,=,247000.0,nM,,CHEMBL284,Dipeptidyl peptidase 4,NCCCC[C@H](N)C(=O)N1CCCCC1,3.607303046740334,213.32499999999993,0.45520000000000027,2,3
749655,CHEMBL35016,IC50,=,1500.0,nM,5.82,CHEMBL284,Dipeptidyl peptidase 4,Cc1ccccc1-c1nc(-c2ccccc2)nc(N)c1CN,5.823908740944319,290.3700000000001,3.1599200000000005,2,4
750576,CHEMBL444537,IC50,=,52000.0,nM,4.28,CHEMBL284,Dipeptidyl peptidase 4,CCC(C)C(N)C(=O)N1CC=CCC1,4.2839966563652006,196.29399999999995,1.1483,1,2
750579,CHEMBL145855,IC50,>,1000000.0,nM,,CHEMBL284,Dipeptidyl peptidase 4,NCCCCC(N)C(=O)N1CCC(OC(=O)c2ccccc2)C1,3.0,319.40500000000003,0.9006000000000005,2,5
750582,CHEMBL145862,IC50,=,18100.0,nM,4.74,CHEMBL284,Dipeptidyl peptidase 4,NC(N)=NCCCC(N)C(=O)N1CCCCC1,4.7423214251308154,241.3389999999999,-0.6201999999999992,3,3
750591,CHEMBL148461,IC50,>,1000000.0,nM,,CHEMBL284,Dipeptidyl peptidase 4,NCC[C@H](N)C(=S)N1CCCCC1,3.0,201.33899999999994,0.4757999999999998,2,3
750594,CHEMBL148954,IC50,=,81000.0,nM,4.09,CHEMBL284,Dipeptidyl peptidase 4,NCCCC(N)C(=O)N1CCSC1,4.0915149811213505,203.31099999999995,-0.414499999999999,2,4
750779,CHEMBL67679,IC50,=,20.0,nM,7.7,CHEMBL284,Dipeptidyl peptidase 4,CCCC[S+](CCCC)Cc1ccc2cc1C(=O)NCC(=O)NCC(=O)NCCCC[C@H](N)C(=O)N1CCC[C@H]1C(=O)N2.O=C(O)C(F)(F)F.O=C([O-])C(F)(F)F,7.698970004336019,844.8730000000004,1.7399000000000087,6,9
750855,CHEMBL286301,IC50,=,18000.0,nM,4.75,CHEMBL284,Dipeptidyl peptidase 4,NCc1c(N)nc(-c2ccccc2)nc1-c1ccc(F)cc1,4.7447274948966935,294.333,2.9906000000000015,2,4
753006,CHEMBL146450,IC50,>>,1000000.0,nM,,CHEMBL284,Dipeptidyl peptidase 4,NCC[C@@H](N)C(=O)N1CCCCC1,3.0,185.27099999999993,-0.32499999999999996,2,3
828426,CHEMBL329909,IC50,=,163.0,nM,6.79,CHEMBL284,Dipeptidyl peptidase 4,N#C[C@@H]1CCCN1C(=O)CNCCNc1ncccn1,6.787812395596042,274.32800000000003,-0.0073199999999992715,2,6
828427,CHEMBL96229,IC50,=,24200.0,nM,4.62,CHEMBL284,Dipeptidyl peptidase 4,O=C(CNC12C[C@H]3C[C@@H](C1)C[C@@H](C2)C3)N1CCC1,4.616184634019569,248.36999999999992,1.7770999999999997,1,2
828428,CHEMBL3084822,IC50,=,70.0,nM,7.16,CHEMBL284,Dipeptidyl peptidase 4,CC(=O)O[C@@]12C[C@@H]3C[C@@H](C[C@](NCC(=O)N4CCC[C@H]4C#N)(C3)C1)C2,7.154901959985743,345.44300000000015,1.7450799999999997,1,5
829594,CHEMBL316832,IC50,=,598.0,nM,6.22,CHEMBL284,Dipeptidyl peptidase 4,N#C[C@@H]1CCCN1C(=O)CNCC12C[C@H]3C[C@@H](C1)C[C@@H](C2)C3,6.223298816011589,301.4340000000001,2.3069799999999994,1,3
830764,CHEMBL94597,IC50,=,298.0,nM,6.53,CHEMBL284,Dipeptidyl peptidase 4,N#C[C@@H]1CCCN1C(=O)CNCCNc1ccccc1,6.525783735923745,272.35200000000003,1.2026799999999997,2,4
830765,CHEMBL330670,IC50,=,444.0,nM,6.35,CHEMBL284,Dipeptidyl peptidase 4,CCNCC(=O)N1CCC[C@H]1C#N,6.35261702988538,181.23899999999998,0.11047999999999991,1,3
830766,CHEMBL94147,IC50,=,291.0,nM,6.54,CHEMBL284,Dipeptidyl peptidase 4,CCCCCCCNCC(=O)N1CCC[C@H]1C#N,6.536107011014093,251.37399999999997,2.06098,1,3
830767,CHEMBL94908,IC50,=,105.0,nM,6.98,CHEMBL284,Dipeptidyl peptidase 4,CCC(C)(C)NCC(=O)N1CCC[C@H]1C#N,6.978810700930062,223.31999999999996,1.2791799999999998,1,3
830768,CHEMBL327264,IC50,=,377.0,nM,6.42,CHEMBL284,Dipeptidyl peptidase 4,N#C[C@@H]1CCCN1C(=O)CNCCC(c1ccccc1)c1ccccc1,6.423658649794207,347.46200000000005,3.312780000000002,1,3
831882,CHEMBL94046,IC50,=,18700.0,nM,4.73,CHEMBL284,Dipeptidyl peptidase 4,N#C[C@H]1CCCN1C(=O)CCNCCNc1ccc([N+](=O)[O-])cn1,4.728158393463501,332.3640000000001,0.8959799999999997,2,7
831883,CHEMBL93847,IC50,=,338.0,nM,6.47,CHEMBL284,Dipeptidyl peptidase 4,N#C[C@@H]1CCCN1C(=O)CNC1CCCCCCCCCCC1,6.471083299722345,319.49300000000017,3.763880000000002,1,3
831884,CHEMBL96607,IC50,=,372.0,nM,6.43,CHEMBL284,Dipeptidyl peptidase 4,CC(N)(CO)C(O)NCC(=O)N1CCC[C@H]1C#N,6.429457060118103,256.3059999999999,-1.881319999999999,4,6
831885,CHEMBL96942,IC50,=,305.0,nM,6.52,CHEMBL284,Dipeptidyl peptidase 4,N#C[C@@H]1CCCN1C(=O)CNCCc1ccccc1,6.515700160653214,257.337,1.3332799999999996,1,3
831886,CHEMBL3084816,IC50,=,7.0,nM,8.15,CHEMBL284,Dipeptidyl peptidase 4,N#C[C@@H]1CCCN1C(=O)CN[C@H]1CC[C@H](Nc2ccc(C(F)(F)F)cn2)CC1,8.154901959985743,395.42900000000014,2.9276800000000014,2,5
831887,CHEMBL328613,IC50,=,26100.0,nM,4.58,CHEMBL284,Dipeptidyl peptidase 4,O=C(CNC12C[C@H]3C[C@@H](C1)C[C@@H](C2)C3)N1CCc2ccccc2C1,4.583359492661719,324.468,3.1297000000000015,1,2
832925,CHEMBL313423,IC50,=,9610.0,nM,5.02,CHEMBL284,Dipeptidyl peptidase 4,CN[C@H](C(=O)N1CCC[C@H]1C#N)C(C)C,5.017276612331455,209.293,0.7449799999999995,1,3
832926,CHEMBL3084814,IC50,=,17.0,nM,7.77,CHEMBL284,Dipeptidyl peptidase 4,C[C@]12C[C@@H]3C[C@](C)(C1)C[C@](NCC(=O)N1CCC[C@H]1C#N)(C3)C2,7.769551078621726,315.46100000000007,2.8395800000000007,1,3
835423,CHEMBL96748,IC50,=,192.0,nM,6.72,CHEMBL284,Dipeptidyl peptidase 4,CC(C)NCC(=O)N1CCC[C@H]1C#N,6.716698771296451,195.26599999999996,0.49897999999999954,1,3
835424,CHEMBL96160,IC50,=,266.0,nM,6.58,CHEMBL284,Dipeptidyl peptidase 4,CCCCCNCC(=O)N1CCC[C@H]1C#N,6.575118363368933,223.31999999999996,1.2807799999999996,1,3
835425,CHEMBL96299,IC50,=,346.0,nM,6.46,CHEMBL284,Dipeptidyl peptidase 4,N#C[C@@H]1CCCN1C(=O)CNCCCCCO,6.460923901207224,239.31899999999996,0.2531799999999998,2,4
836546,CHEMBL328994,IC50,=,133.0,nM,6.88,CHEMBL284,Dipeptidyl peptidase 4,N#C[C@@H]1CCCN1C(=O)CNC1Cc2ccccc2C1,6.876148359032914,269.34800000000007,1.2579799999999994,1,3
836547,CHEMBL96113,IC50,>,1000000.0,nM,,CHEMBL284,Dipeptidyl peptidase 4,N#C[C@@H]1CCCN1C(=O)CNc1nc2ccccc2[nH]1,3.0,269.308,1.48938,2,4
837821,CHEMBL93354,IC50,=,36.0,nM,7.44,CHEMBL284,Dipeptidyl peptidase 4,N#C[C@@H]1CCCN1C(=O)CNCCNc1ccc(Cl)cn1,7.443697499232712,307.785,1.2510799999999997,2,5
837822,CHEMBL96071,IC50,=,242.0,nM,6.62,CHEMBL284,Dipeptidyl peptidase 4,CC1(C)C2CC(CNCC(=O)N3CCC[C@H]3C#N)CC1C2,6.616184634019569,289.42300000000006,2.1628799999999995,1,3
837823,CHEMBL328794,IC50,=,228.0,nM,6.64,CHEMBL284,Dipeptidyl peptidase 4,N#C[C@@H]1CCCN1C(=O)CNC1CCN(c2nc3ccccc3s2)CC1,6.642065152999546,369.49400000000014,2.36928,1,6
839038,CHEMBL96395,IC50,=,434000.0,nM,,CHEMBL284,Dipeptidyl peptidase 4,N#Cc1ccc(NCCNCC(=O)N2CCC[C@H]2C(N)=O)nc1,3.362510270487489,316.365,-0.5689199999999996,3,6
839039,CHEMBL330373,IC50,=,15.0,nM,7.82,CHEMBL284,Dipeptidyl peptidase 4,N#C[C@@H]1CCCN1C(=O)CNC1CC2CCC1C2,7.823908740944319,247.34199999999998,1.2791799999999993,1,3
839040,CHEMBL318511,IC50,=,52600.0,nM,4.28,CHEMBL284,Dipeptidyl peptidase 4,O=C(CNC12C[C@H]3C[C@@H](C1)C[C@@H](C2)C3)N1CCCCC1,4.279014255846261,276.424,2.5573000000000006,1,2
841574,CHEMBL321509,IC50,=,635.0,nM,6.2,CHEMBL284,Dipeptidyl peptidase 4,N#C[C@@H]1CCCN1C(=O)CNCCOc1ccccc1,6.197226274708024,273.336,1.1695799999999996,1,4
841575,CHEMBL96666,IC50,=,2.0,nM,8.7,CHEMBL284,Dipeptidyl peptidase 4,CC(C)[C@H](N)C(=O)N1CCC[C@H]1C#N,8.698970004336019,195.26599999999996,0.4842799999999999,1,3
841576,CHEMBL322904,IC50,>,500000.0,nM,,CHEMBL284,Dipeptidyl peptidase 4,N#C[C@@H]1CCCN1C(=O)CCC1CCCCC1,3.3010299956639813,234.34299999999993,2.861480000000001,0,2
842721,CHEMBL95088,IC50,=,26.0,nM,7.58,CHEMBL284,Dipeptidyl peptidase 4,N#C[C@@H]1CCCN1C(=O)CNC1(CO)CCCC1,7.585026652029182,251.32999999999996,0.39567999999999937,2,4
842722,CHEMBL3084820,IC50,=,10.0,nM,8.0,CHEMBL284,Dipeptidyl peptidase 4,N#C[C@@H]1CCCN1C(=O)CN[C@H]1CC[C@H](Nc2nc3ccccc3s2)CC1,8.0,383.5210000000002,3.1235800000000014,2,6
842723,CHEMBL3084826,IC50,=,477000.0,nM,,CHEMBL284,Dipeptidyl peptidase 4,O=C(O)[C@@H]1CCCN1C(=O)CN[C@]12C[C@@H]3C[C@@H](C[C@@](O)(C3)C1)C2,3.321481620959886,322.40500000000014,0.7352999999999994,3,4
843894,CHEMBL329282,IC50,=,989.0,nM,6.0,CHEMBL284,Dipeptidyl peptidase 4,N#C[C@@H]1CCCN1C(=O)CNCCNc1ncccc1C(F)(F)F,6.004803708402821,341.33700000000005,1.6164800000000004,2,5
843895,CHEMBL96891,IC50,=,109000.0,nM,,CHEMBL284,Dipeptidyl peptidase 4,CC(C)C(NCC(=O)N1CCC[C@H]1C#N)C(C)C,3.962573502059376,251.37399999999997,1.7711799999999993,1,3
843896,CHEMBL319798,IC50,=,23.0,nM,7.64,CHEMBL284,Dipeptidyl peptidase 4,N#C[C@@H]1CCCN1C(=O)CNC1CCN(C(=O)C2CCCCC2)CC1,7.638272163982407,346.4750000000003,1.6618799999999994,1,4
843897,CHEMBL96892,IC50,=,13.0,nM,7.89,CHEMBL284,Dipeptidyl peptidase 4,N#C[C@@H]1CCCN1C(=O)CNC1[C@H]2C[C@@H]3C[C@@H](C[C@H]1C3)C2,7.886056647693163,287.4070000000001,1.9152799999999992,1,3
845176,CHEMBL92028,IC50,=,104.0,nM,6.98,CHEMBL284,Dipeptidyl peptidase 4,N#C[C@@H]1CCCN1C(=O)CNC1(CO)CCCCC1,6.982966660701219,265.35699999999997,0.7857799999999994,2,4
845177,CHEMBL96453,IC50,=,988.0,nM,6.0,CHEMBL284,Dipeptidyl peptidase 4,N#C[C@@H]1CCCN1C(=O)CNCc1ccccc1,6.005243055412372,243.31000000000003,1.2907799999999994,1,3
845178,CHEMBL3084819,IC50,=,18.0,nM,7.75,CHEMBL284,Dipeptidyl peptidase 4,N#C[C@@H]1CCCN1C(=O)CN[C@H]1CC[C@H](NC(=O)C2CCCCC2)CC1,7.7447274948966935,360.5020000000003,2.098279999999999,2,4
846338,CHEMBL330623,IC50,=,18600.0,nM,4.73,CHEMBL284,Dipeptidyl peptidase 4,N#C[C@@H]1CCCN1C(=O)[C@@H](NC1CCCCC1)C1CCCCC1,4.730487055782084,317.4770000000002,3.372180000000002,1,3
846339,CHEMBL96593,IC50,=,53.0,nM,7.28,CHEMBL284,Dipeptidyl peptidase 4,N#C[C@@H]1CCCN1C(=O)CNC1CCCCCCC1,7.275724130399211,263.385,2.203479999999999,1,3
846340,CHEMBL96491,IC50,=,282.0,nM,6.55,CHEMBL284,Dipeptidyl peptidase 4,CCCCCCNCC(=O)N1CCC[C@H]1C#N,6.549750891680639,237.34699999999998,1.67088,1,3
846341,CHEMBL3084821,IC50,=,14.0,nM,7.85,CHEMBL284,Dipeptidyl peptidase 4,N#C[C@@H]1CCCN1C(=O)CN[C@H]1CC[C@H](Oc2ccc(Cl)cc2)CC1,7.853871964321762,361.87300000000016,3.1341800000000015,1,4
847450,CHEMBL92710,IC50,=,256.0,nM,6.59,CHEMBL284,Dipeptidyl peptidase 4,CCC(CO)NCC(=O)N1CCC[C@H]1C#N,6.59176003468815,225.29199999999997,-0.1385200000000002,2,4
847451,CHEMBL3084817,IC50,=,64.0,nM,7.19,CHEMBL284,Dipeptidyl peptidase 4,N#C[C@@H]1CCCN1C(=O)CN[C@]12C[C@H]3C[C@@H](C1)C[C@](OC(=O)NC1CCCCC1)(C3)C2,7.1938200260161125,428.57700000000034,3.2408800000000006,2,5
848675,CHEMBL94312,IC50,=,80.0,nM,7.1,CHEMBL284,Dipeptidyl peptidase 4,N#C[C@@H]1CCCN1C(=O)CNC1CCC1,7.096910013008056,207.277,0.6430799999999994,1,3
848676,CHEMBL319080,IC50,=,3.0,nM,8.52,CHEMBL284,Dipeptidyl peptidase 4,N#C[C@@H]1CCCN1C(=O)CNC12C[C@H]3C[C@@H](C1)C[C@@H](C2)C3,8.522878745280337,287.40700000000004,2.059379999999999,1,3
848677,CHEMBL3084824,IC50,=,149.0,nM,6.83,CHEMBL284,Dipeptidyl peptidase 4,COc1ccc(NC(=O)O[C@@]23C[C@@H]4C[C@@H](C[C@](NCC(=O)N5CCC[C@H]5C#N)(C4)C2)C3)cc1,6.826813731587726,452.55500000000035,3.439280000000002,2,6
848678,CHEMBL3084818,IC50,=,183.0,nM,6.74,CHEMBL284,Dipeptidyl peptidase 4,CC(C)N(C(=O)O[C@@]12C[C@@H]3C[C@@H](C[C@](NCC(=O)N4CCC[C@H]4C#N)(C3)C1)C2)C(C)C,6.73754891026957,430.5930000000003,3.437380000000002,1,5
849806,CHEMBL330426,IC50,=,296.0,nM,6.53,CHEMBL284,Dipeptidyl peptidase 4,N#C[C@@H]1CCCN1C(=O)CNC1CCN(c2ccc(C(F)(F)F)cn2)CC1,6.528708288941061,381.4020000000001,2.17338,1,5
850959,CHEMBL96890,IC50,=,491.0,nM,6.31,CHEMBL284,Dipeptidyl peptidase 4,N#C[C@@H]1CCCN1C(=O)CNCCCc1ccccc1,6.308918507877031,271.364,1.7233799999999997,1,3
850960,CHEMBL323130,IC50,=,63.0,nM,7.2,CHEMBL284,Dipeptidyl peptidase 4,N#C[C@@H]1CCCN1C(=O)CNC1CCCCCC1,7.200659450546418,249.35799999999995,1.813379999999999,1,3
850961,CHEMBL3084811,IC50,=,3.5,nM,8.46,CHEMBL284,Dipeptidyl peptidase 4,N#C[C@@H]1CCCN1C(=O)CN[C@]12C[C@@H]3C[C@@H](C[C@@](O)(C3)C1)C2,8.455931955649724,303.4060000000001,1.1742799999999989,2,4
852081,CHEMBL93034,IC50,=,7000.0,nM,5.16,CHEMBL284,Dipeptidyl peptidase 4,O=C(CNC12C[C@H]3C[C@@H](C1)C[C@@H](C2)C3)N1CCCC1,5.154901959985743,262.39699999999993,2.1672000000000002,1,2
853114,CHEMBL330326,IC50,=,398.0,nM,6.4,CHEMBL284,Dipeptidyl peptidase 4,CCC(CC)NCC(=O)N1CCC[C@H]1C#N,6.400116927926312,223.31999999999996,1.2791799999999998,1,3
853115,CHEMBL96908,IC50,=,24.0,nM,7.62,CHEMBL284,Dipeptidyl peptidase 4,CC(C)(Cc1ccccc1)NCC(=O)N1CCC[C@H]1C#N,7.619788758288394,285.39099999999996,2.11188,1,3
853116,CHEMBL327166,IC50,=,29.0,nM,7.54,CHEMBL284,Dipeptidyl peptidase 4,CC(C)(CNc1ccc(C#N)cn1)NCC(=O)N1CCC[C@H]1C#N,7.5376020021010435,326.4040000000001,1.2479599999999995,2,6
854332,CHEMBL96459,IC50,=,16.0,nM,7.8,CHEMBL284,Dipeptidyl peptidase 4,CC1C(NCC(=O)N2CCC[C@H]2C#N)CC2CC1C2(C)C,7.795880017344075,289.42300000000006,2.1612799999999996,1,3
856538,CHEMBL330717,IC50,=,83.0,nM,7.08,CHEMBL284,Dipeptidyl peptidase 4,N#C[C@@H]1CCCN1C(=O)CNCCNc1ccc(C(F)(F)F)cn1,7.080921907623926,341.337,1.6164799999999997,2,5
856539,CHEMBL431425,IC50,=,64.0,nM,7.19,CHEMBL284,Dipeptidyl peptidase 4,N#C[C@@H]1CCCN1C(=O)CNC1CCCCC1,7.1938200260161125,235.33099999999996,1.4232799999999992,1,3
856540,CHEMBL96080,IC50,=,612.0,nM,6.21,CHEMBL284,Dipeptidyl peptidase 4,N#C[C@@H]1CCCN1C(=O)CNC1CC1,6.213248577854439,193.25,0.2529799999999996,1,3
856541,CHEMBL317787,IC50,=,261.0,nM,6.58,CHEMBL284,Dipeptidyl peptidase 4,CCCCNCC(=O)N1CCC[C@H]1C#N,6.583359492661719,209.29299999999995,0.8906799999999997,1,3
856542,CHEMBL94647,IC50,=,466.0,nM,6.33,CHEMBL284,Dipeptidyl peptidase 4,CC(C)(C)CCNCC(=O)N1CCC[C@H]1C#N,6.33161408331,237.34699999999998,1.5267799999999996,1,3
856543,CHEMBL323129,IC50,=,218.0,nM,6.66,CHEMBL284,Dipeptidyl peptidase 4,CC(C)(N)C(O)NCC(=O)N1CCC[C@H]1C#N,6.661543506395395,240.30699999999996,-0.8537199999999989,3,5
857650,CHEMBL322903,IC50,=,1170.0,nM,5.93,CHEMBL284,Dipeptidyl peptidase 4,N#Cc1ccc(NCCNCC(=O)N2CCC[C@@H]2C#N)nc1,5.931814138253839,298.34999999999997,0.46935999999999933,2,6
858930,CHEMBL318612,IC50,=,103000.0,nM,,CHEMBL284,Dipeptidyl peptidase 4,CN(CC(=O)N1CCC[C@H]1C#N)C1CCCCC1,3.9871627752948275,249.35799999999995,1.7654799999999995,0,3
858931,CHEMBL3084823,IC50,=,62.0,nM,7.21,CHEMBL284,Dipeptidyl peptidase 4,N#C[C@@H]1CCCN1C(=O)CN[C@]12C[C@H]3C[C@@H](C1)C[C@](OC(=O)Nc1ccccc1)(C3)C2,7.2076083105017466,422.52900000000017,3.4306800000000006,2,5
860082,CHEMBL3084815,IC50,=,5.0,nM,8.3,CHEMBL284,Dipeptidyl peptidase 4,N#Cc1ccc(N[C@H]2CC[C@H](NCC(=O)N3CCC[C@H]3C#N)CC2)nc1,8.301029995663981,352.4420000000001,1.7805599999999993,2,6
860083,CHEMBL317331,IC50,>,1000000.0,nM,,CHEMBL284,Dipeptidyl peptidase 4,O=C(CNC12C[C@H]3C[C@@H](C1)C[C@@H](C2)C3)N1CCC(O)C1,3.0,278.39599999999996,1.1379999999999995,2,3
860084,CHEMBL3084813,IC50,=,931000.0,nM,,CHEMBL284,Dipeptidyl peptidase 4,NC(=O)[C@@H]1CCCN1C(=O)CN[C@]12C[C@@H]3C[C@@H](C[C@@](O)(C3)C1)C2,3.0310503190186573,321.4210000000001,0.13600000000000012,3,4
860085,CHEMBL3084825,IC50,=,22.0,nM,7.66,CHEMBL284,Dipeptidyl peptidase 4,CC(C)(C)NC(=O)O[C@@]12C[C@@H]3C[C@@H](C[C@](NCC(=O)N4CCC[C@H]4C#N)(C3)C1)C2,7.657577319177793,402.53900000000027,2.7066800000000013,2,5
861103,CHEMBL92711,IC50,=,33.0,nM,7.48,CHEMBL284,Dipeptidyl peptidase 4,N#C[C@@H]1CCCN1C(=O)CNCCNc1ccccn1,7.481486060122112,273.34000000000003,0.5976799999999995,2,5
861104,CHEMBL96183,IC50,=,3000.0,nM,5.52,CHEMBL284,Dipeptidyl peptidase 4,O=C(CNCCNc1ccc([N+](=O)[O-])cn1)N1CCSC1,5.522878745280337,311.3670000000001,0.5241999999999998,2,7
861105,CHEMBL95089,IC50,=,54.0,nM,7.27,CHEMBL284,Dipeptidyl peptidase 4,N#C[C@@H]1CCCN1C(=O)CNC1CCCC1,7.267606240177032,221.30399999999997,1.0331799999999993,1,3
861106,CHEMBL94630,IC50,=,123.0,nM,6.91,CHEMBL284,Dipeptidyl peptidase 4,CC(C)(C)CC(C)(C)NCC(=O)N1CCC[C@H]1C#N,6.910094888560602,265.40099999999995,2.3053800000000004,1,3
862264,CHEMBL318775,IC50,=,102.0,nM,6.99,CHEMBL284,Dipeptidyl peptidase 4,N#Cc1ccc(NCCCNCC(=O)N2CCC[C@H]2C#N)nc1,6.991399828238082,312.37699999999995,0.8594599999999992,2,6
862265,CHEMBL321724,IC50,=,1540.0,nM,5.81,CHEMBL284,Dipeptidyl peptidase 4,N#Cc1ccc(NCCN2CC(=O)N3CCC[C@H]3C2=N)nc1,5.812479279163537,298.34999999999997,0.6490499999999997,2,5
862266,CHEMBL96577,IC50,=,436.0,nM,6.36,CHEMBL284,Dipeptidyl peptidase 4,N#C[C@@H]1CCCN1C(=O)CNCc1cccc2ccccc12,6.360513510731414,293.37000000000006,2.44398,1,3
863470,CHEMBL96814,IC50,=,7400.0,nM,5.13,CHEMBL284,Dipeptidyl peptidase 4,O=C(CNCCNc1ccc([N+](=O)[O-])cn1)N1CCCC1,5.130768280269024,293.3270000000001,0.6136999999999995,2,6
863471,CHEMBL320143,IC50,=,475.0,nM,6.32,CHEMBL284,Dipeptidyl peptidase 4,CCCNCC(=O)N1CCC[C@H]1C#N,6.323306390375134,195.26599999999996,0.5005799999999998,1,3
864833,CHEMBL96937,IC50,=,35.0,nM,7.46,CHEMBL284,Dipeptidyl peptidase 4,CC(C)(C)NCC(=O)N1CCC[C@H]1C#N,7.455931955649724,209.29299999999995,0.8890799999999999,1,3
864834,CHEMBL329581,IC50,=,109000.0,nM,,CHEMBL284,Dipeptidyl peptidase 4,CC(N)(CNCC(=O)N1CCC[C@H]1C#N)C(=O)O,3.962573502059376,254.28999999999994,-1.1074199999999987,3,5
864835,CHEMBL3084812,IC50,=,7.0,nM,8.15,CHEMBL284,Dipeptidyl peptidase 4,CC[C@@]12C[C@H]3C[C@@H](C1)C[C@@](NCC(=O)N1CCC[C@H]1C#N)(C3)C2,8.154901959985743,315.46100000000007,2.8395800000000007,1,3
947409,CHEMBL330600,IC50,=,132000.0,nM,,CHEMBL284,Dipeptidyl peptidase 4,N#Cc1cccc(CNCC[C@H](N)C(=O)N2CCCCC2)c1,3.87942606879415,300.40600000000006,1.3777799999999998,2,4
947412,CHEMBL98801,IC50,=,196000.0,nM,,CHEMBL284,Dipeptidyl peptidase 4,CN(CC[C@H](N)C(=O)N1CCCCC1)Cc1ccc(Cl)cc1,3.707743928643524,323.86799999999994,2.5017000000000005,1,3
948682,CHEMBL98415,IC50,=,250000.0,nM,,CHEMBL284,Dipeptidyl peptidase 4,N[C@@H](CCNc1ccccc1)C(=O)N1CCCCC1,3.6020599913279625,261.36899999999997,1.8283999999999994,2,3
948685,CHEMBL440325,IC50,=,518000.0,nM,,CHEMBL284,Dipeptidyl peptidase 4,CC(=O)NCC[C@H](N)C(=O)N1CCCCC1,3.285670240254767,227.30799999999994,-0.14759999999999973,2,3
950016,CHEMBL98148,IC50,>,500000.0,nM,,CHEMBL284,Dipeptidyl peptidase 4,CC1CCN(C(=O)[C@@H](N)CCNCc2ccc(Cl)cc2)CC1,3.3010299956639813,323.86800000000005,2.405500000000001,2,3
951286,CHEMBL98423,IC50,=,278000.0,nM,,CHEMBL284,Dipeptidyl peptidase 4,N[C@@H](CCNCc1cccs1)C(=O)N1CCCCC1,3.555955204081924,281.425,1.5675999999999992,2,4
952664,CHEMBL100715,IC50,>>,1000000.0,nM,,CHEMBL284,Dipeptidyl peptidase 4,NCC[C@H](NCc1ccccc1)C(=O)N1CCCCC1,3.0,275.396,1.5060999999999996,2,3
953953,CHEMBL98860,IC50,=,179000.0,nM,,CHEMBL284,Dipeptidyl peptidase 4,N[C@@H](CCNCc1ccc2ccccc2c1)C(=O)N1CCCCC1,3.7471469690201067,325.4560000000002,2.659300000000001,2,3
953956,CHEMBL99506,IC50,=,70000.0,nM,4.16,CHEMBL284,Dipeptidyl peptidase 4,N[C@@H](CCNCc1ccc(Cl)cc1)C(=O)N1CCC(F)CC1,4.154901959985743,327.8310000000001,2.1074999999999995,2,3
955307,CHEMBL99111,IC50,=,125000.0,nM,,CHEMBL284,Dipeptidyl peptidase 4,N[C@@H](CCNCc1ccncc1)C(=O)N1CCCCC1,3.9030899869919438,276.384,0.9010999999999993,2,4
955310,CHEMBL319350,IC50,=,13000.0,nM,4.89,CHEMBL284,Dipeptidyl peptidase 4,N#CC1CCCCN1C(=O)[C@@H](N)CCNCc1ccc(Cl)cc1,4.886056647693163,334.851,2.05168,2,4
956652,CHEMBL418979,IC50,>,500000.0,nM,,CHEMBL284,Dipeptidyl peptidase 4,N[C@@H](CCNCc1ccccc1OCc1ccccc1)C(=O)N1CCCCC1,3.3010299956639813,381.52000000000027,3.0851000000000015,2,4
957931,CHEMBL100370,IC50,=,148000.0,nM,,CHEMBL284,Dipeptidyl peptidase 4,N[C@@H](CCNCc1ccc(Cl)cc1)C(=O)N1CC=CCC1,3.8297382846050425,307.82500000000005,1.9354999999999998,2,3
959189,CHEMBL99047,IC50,=,417000.0,nM,,CHEMBL284,Dipeptidyl peptidase 4,COc1ccc(CNCC[C@H](N)C(=O)N2CCCCC2)cc1,3.3798639450262424,305.422,1.5146999999999995,2,4
959192,CHEMBL98097,IC50,>,1000000.0,nM,,CHEMBL284,Dipeptidyl peptidase 4,N[C@@H](CCNC1CCCCC1)C(=O)N1CCCCC1,3.0,267.4169999999999,1.638599999999999,2,3
959195,CHEMBL97970,IC50,=,266000.0,nM,,CHEMBL284,Dipeptidyl peptidase 4,N[C@@H](CCN(Cc1ccccc1)Cc1ccccc1)C(=O)N1CCCCC1,3.575118363368933,365.52100000000024,3.418700000000002,1,3
962858,CHEMBL328197,IC50,=,64000.0,nM,4.19,CHEMBL284,Dipeptidyl peptidase 4,N[C@@H](CCNC1CCNCC1)C(=O)N1CCCCC1,4.1938200260161125,268.4049999999999,0.05790000000000117,3,4
964169,CHEMBL415317,IC50,>,1000000.0,nM,,CHEMBL284,Dipeptidyl peptidase 4,N[C@@H](CCNCc1ccc(Cl)cc1)C(=O)N1CCC(O)CC1,3.0,325.8400000000001,1.1302999999999992,3,4
966812,CHEMBL320672,IC50,=,151000.0,nM,,CHEMBL284,Dipeptidyl peptidase 4,N#C[C@@H]1CCCCN1C(=O)[C@@H](N)CCN,3.8210230527068307,210.28099999999998,-0.43281999999999815,2,4
966815,CHEMBL316487,IC50,=,56000.0,nM,4.25,CHEMBL284,Dipeptidyl peptidase 4,N[C@@H](CCNc1ncccc1[N+](=O)[O-])C(=O)N1CCCCC1,4.251811972993799,307.3540000000001,1.1315999999999988,2,6
966818,CHEMBL418788,IC50,=,205000.0,nM,,CHEMBL284,Dipeptidyl peptidase 4,N#Cc1ccc(NCC[C@H](N)C(=O)N2CCCCC2)nc1,3.688246138944246,287.36699999999996,1.0950799999999994,2,5
966821,CHEMBL101656,IC50,>>,1000000.0,nM,,CHEMBL284,Dipeptidyl peptidase 4,NCC[C@H](N=C(N)N)C(=O)N1CCCCC1,3.0,227.31199999999995,-1.0102999999999993,3,3
966824,CHEMBL99936,IC50,>,1000000.0,nM,,CHEMBL284,Dipeptidyl peptidase 4,N[C@@H](CCNCc1ccc(Cl)cc1)C(=O)N1CCCC(O)C1,3.0,325.8400000000001,1.1302999999999992,3,4
968122,CHEMBL98647,IC50,>,500000.0,nM,,CHEMBL284,Dipeptidyl peptidase 4,COc1ccccc1CNCC[C@H](N)C(=O)N1CCCCC1,3.3010299956639813,305.4220000000001,1.5146999999999995,2,4
969299,CHEMBL317950,IC50,>,500000.0,nM,,CHEMBL284,Dipeptidyl peptidase 4,CC1CCCN(C(=O)[C@@H](N)CCNCc2ccc(Cl)cc2)C1,3.3010299956639813,323.86800000000005,2.405500000000001,2,3
970571,CHEMBL99263,IC50,=,247000.0,nM,,CHEMBL284,Dipeptidyl peptidase 4,N[C@@H](CCNCc1ccccc1)C(=O)N1CCCCC1,3.607303046740334,275.396,1.506099999999999,2,3
970574,CHEMBL98060,IC50,=,500000.0,nM,,CHEMBL284,Dipeptidyl peptidase 4,N[C@@H](CCNCc1ccc(Cl)cc1)C(=O)N1CCCC(F)C1,3.3010299956639813,327.8310000000001,2.1074999999999995,2,3
973138,CHEMBL97884,IC50,=,301000.0,nM,,CHEMBL284,Dipeptidyl peptidase 4,N[C@@H](CCNCc1cccc2ccccc12)C(=O)N1CCCCC1,3.5214335044061564,325.4560000000002,2.6593,2,3
974372,CHEMBL98762,IC50,=,345000.0,nM,,CHEMBL284,Dipeptidyl peptidase 4,N[C@@H](CCNCc1ccccc1Cl)C(=O)N1CCCCC1,3.462180904926726,309.8410000000001,2.1594999999999995,2,3
975600,CHEMBL97977,IC50,=,496000.0,nM,,CHEMBL284,Dipeptidyl peptidase 4,N[C@@H](CCNCC1CCCCC1)C(=O)N1CCCCC1,3.3045183235098023,281.44399999999996,1.8861999999999988,2,3
976863,CHEMBL99247,IC50,=,192000.0,nM,,CHEMBL284,Dipeptidyl peptidase 4,N[C@@H](CCNCc1ccc(OCc2ccccc2)cc1)C(=O)N1CCCCC1,3.7166987712964503,381.52000000000027,3.0851000000000006,2,4
979167,CHEMBL98869,IC50,=,165000.0,nM,,CHEMBL284,Dipeptidyl peptidase 4,N[C@@H](CCNCc1ccc(Cl)cc1)C(=O)N1CCCCC1,3.7825160557860937,309.8410000000001,2.1594999999999995,2,3
979170,CHEMBL329314,IC50,=,68000.0,nM,4.17,CHEMBL284,Dipeptidyl peptidase 4,N#CC1CCCCN1C(=O)[C@@H](N)CCNCc1ccccc1,4.167491087293763,300.406,1.3982800000000002,2,4
980610,CHEMBL430661,IC50,>,500000.0,nM,,CHEMBL284,Dipeptidyl peptidase 4,N[C@@H](CCNCCCc1ccccc1)C(=O)N1CCCCC1,3.3010299956639813,303.45000000000016,1.938699999999999,2,3
980613,CHEMBL319583,IC50,>,500000.0,nM,,CHEMBL284,Dipeptidyl peptidase 4,CN[C@@H](CCNCc1ccc(Cl)cc1)C(=O)N1CCCCC1,3.3010299956639813,323.8680000000002,2.4202000000000004,2,3
980616,CHEMBL318670,IC50,=,418000.0,nM,,CHEMBL284,Dipeptidyl peptidase 4,N[C@@H](CCNC(=O)c1ccccc1)C(=O)N1CCCCC1,3.378823718224965,289.3790000000001,1.1462999999999992,2,3
981843,CHEMBL317312,IC50,=,188000.0,nM,,CHEMBL284,Dipeptidyl peptidase 4,N[C@@H](CCNCCc1ccccc1)C(=O)N1CCCCC1,3.72584215073632,289.4230000000001,1.5485999999999986,2,3
984365,CHEMBL327499,IC50,=,250000.0,nM,,CHEMBL284,Dipeptidyl peptidase 4,COc1cccc(CNCC[C@H](N)C(=O)N2CCCCC2)c1,3.6020599913279625,305.4220000000001,1.5146999999999995,2,4
984368,CHEMBL99260,IC50,>,500000.0,nM,,CHEMBL284,Dipeptidyl peptidase 4,COc1ccc(CNCC[C@H](N)C(=O)N2CCCCC2)c(OC)c1,3.3010299956639813,335.4480000000001,1.5232999999999999,2,5
984371,CHEMBL329966,IC50,>,125000.0,nM,,CHEMBL284,Dipeptidyl peptidase 4,N[C@@H](CCN(Cc1ccc(Cl)cc1)Cc1ccc(Cl)cc1)C(=O)N1CCCCC1,3.9030899869919438,434.4110000000003,4.725500000000004,1,3
984374,CHEMBL101401,IC50,=,545000.0,nM,,CHEMBL284,Dipeptidyl peptidase 4,NC(N)=NCC[C@H](N)C(=O)N1CCCCC1,3.2636034977233574,227.31199999999993,-1.0102999999999993,3,3
985566,CHEMBL317949,IC50,=,186000.0,nM,,CHEMBL284,Dipeptidyl peptidase 4,N[C@@H](CCNCc1cccc(Cl)c1)C(=O)N1CCCCC1,3.7304870557820835,309.8410000000001,2.1594999999999995,2,3
985569,CHEMBL318212,IC50,>>,1000000.0,nM,,CHEMBL284,Dipeptidyl peptidase 4,NCC[C@H](NC1CCNCC1)C(=O)N1CCCCC1,3.0,268.4049999999999,0.05790000000000117,3,4
985572,CHEMBL319520,IC50,>,500000.0,nM,,CHEMBL284,Dipeptidyl peptidase 4,CC1CCCCN1C(=O)[C@@H](N)CCNCc1ccc(Cl)cc1,3.3010299956639813,323.86800000000005,2.548000000000001,2,3
1144336,CHEMBL91366,IC50,>,100.0,ug.mL-1,,CHEMBL284,Dipeptidyl peptidase 4,Cc1cccc(C)c1N1C(=O)Cc2ccccc2C1=O,7.0,265.312,3.0329400000000017,0,2
1144338,CHEMBL89630,IC50,>,100.0,ug.mL-1,,CHEMBL284,Dipeptidyl peptidase 4,Cc1ccc(N2C(=O)Cc3ccccc3C2=O)c(C)c1,7.0,265.312,3.0329400000000017,0,2
1148261,CHEMBL432044,IC50,>,100.0,ug.mL-1,,CHEMBL284,Dipeptidyl peptidase 4,O=C1Cc2ccccc2C(=O)N1c1ccccc1,7.0,237.25799999999998,2.4161,0,2
1149476,CHEMBL87161,IC50,>,100.0,ug.mL-1,,CHEMBL284,Dipeptidyl peptidase 4,CCc1ccccc1N1C(=O)Cc2ccccc2C1=O,7.0,265.31199999999995,2.9785000000000013,0,2
1150719,CHEMBL88811,IC50,>,100.0,ug.mL-1,,CHEMBL284,Dipeptidyl peptidase 4,COc1ccccc1N1C(=O)Cc2ccccc2C1=O,7.0,267.284,2.4247000000000005,0,3
1151872,CHEMBL89450,IC50,>,100.0,ug.mL-1,,CHEMBL284,Dipeptidyl peptidase 4,CSc1ccccc1N1C(=O)Cc2ccccc2C1=O,7.0,283.352,3.1380000000000017,0,3
1153110,CHEMBL86373,IC50,>,100.0,ug.mL-1,,CHEMBL284,Dipeptidyl peptidase 4,CC(C)c1ccccc1N1C(=O)Cc2ccccc2C1=O,7.0,279.339,3.539500000000002,0,2
1155832,CHEMBL442758,IC50,>,100.0,ug.mL-1,,CHEMBL284,Dipeptidyl peptidase 4,Cc1ccc(C)c(N2C(=O)Cc3ccccc3C2=O)c1,7.0,265.312,3.0329400000000017,0,2
1157155,CHEMBL89026,IC50,>,100.0,ug.mL-1,,CHEMBL284,Dipeptidyl peptidase 4,Cc1cccc(N2C(=O)Cc3ccccc3C2=O)c1C,7.0,265.312,3.0329400000000017,0,2
1158308,CHEMBL308333,IC50,>,100.0,ug.mL-1,,CHEMBL284,Dipeptidyl peptidase 4,CCCCC[C@H](CC(=O)NO)C(=O)N[C@H](C(=O)N1CCC[C@H]1CO)C(C)C,7.0,385.5050000000002,1.2025000000000012,4,5
1163851,CHEMBL316290,IC50,>,100.0,ug.mL-1,,CHEMBL284,Dipeptidyl peptidase 4,CC(C)c1ccc(N2C(=O)Cc3ccccc3C2=O)cc1,7.0,279.33899999999994,3.539500000000002,0,2
1167922,CHEMBL315938,IC50,>,100.0,ug.mL-1,,CHEMBL284,Dipeptidyl peptidase 4,CC(C)c1cccc(C(C)C)c1N1C(=O)Cc2ccccc2C1=O,7.0,321.42,4.662900000000004,0,2
1167924,CHEMBL315662,IC50,>,100.0,ug.mL-1,,CHEMBL284,Dipeptidyl peptidase 4,O=C1Cc2ccccc2C(=O)N1c1c(Cl)cccc1Cl,7.0,306.148,3.722900000000002,0,2
1170424,CHEMBL88645,IC50,>,100.0,ug.mL-1,,CHEMBL284,Dipeptidyl peptidase 4,CCc1cccc(CC)c1N1C(=O)Cc2ccccc2C1=O,7.0,293.36600000000004,3.5409000000000024,0,2
1171540,CHEMBL88338,IC50,>,100.0,ug.mL-1,,CHEMBL284,Dipeptidyl peptidase 4,CCc1cccc(CC)c1N1C(=O)c2ccc([N+](=O)[O-])cc2C1=O,7.0,324.33600000000007,3.5202000000000027,0,4
1171912,CHEMBL37260,IC50,=,5700.0,nM,5.24,CHEMBL284,Dipeptidyl peptidase 4,N[C@@H](Cc1c[nH]c2ccccc12)C(=O)N1Cc2ccccc2C[C@H]1C(=O)O,5.2441251443275085,363.4170000000001,2.0758,3,3
1174573,CHEMBL290598,IC50,=,7000.0,nM,5.16,CHEMBL284,Dipeptidyl peptidase 4,N[C@@H](Cc1c[nH]c2ccccc12)C(=O)N1Cc2ccccc2C[C@H]1C(=O)N[C@@H](CCC(=O)O)C(=O)O,5.154901959985743,492.53200000000027,1.4253999999999998,5,5
1177016,CHEMBL8783,IC50,>,100.0,ug.mL-1,,CHEMBL284,Dipeptidyl peptidase 4,Cc1cc(C)cc(N2C(=O)Cc3ccccc3C2=O)c1,7.0,265.31199999999995,3.0329400000000017,0,2
1177340,CHEMBL432081,IC50,=,7900.0,nM,5.1,CHEMBL284,Dipeptidyl peptidase 4,N[C@@H](Cc1c[nH]c2ccccc12)C(=O)N1Cc2ccccc2C[C@H]1C(=O)N[C@@H](CO)C(=O)O,5.102372908709558,450.4950000000002,0.5529000000000002,5,5
1178240,CHEMBL86597,IC50,>,100.0,ug.mL-1,,CHEMBL284,Dipeptidyl peptidase 4,CCc1cccc(CC)c1N1C(=O)c2ccccc2C1=O,7.0,279.339,3.6120000000000028,0,2
1403117,CHEMBL366345,IC50,>,250000.0,nM,,CHEMBL284,Dipeptidyl peptidase 4,FC(CNC1CCN(Cc2ccccc2)CC1)=C1CCCCC1,3.6020599913279625,316.46400000000017,4.428300000000005,1,2
1403119,CHEMBL176202,IC50,>,125000.0,nM,,CHEMBL284,Dipeptidyl peptidase 4,CN1CCC(NCC(F)=C2CCCCC2)CC1,3.9030899869919438,240.3659999999999,2.8579000000000017,1,2
1403121,CHEMBL175988,IC50,>,1000000.0,nM,,CHEMBL284,Dipeptidyl peptidase 4,CN(C)CCCNCC(F)=C1CCCCC1,3.0,228.35499999999993,2.7154000000000007,1,2
1403123,CHEMBL176121,IC50,>,1000000.0,nM,,CHEMBL284,Dipeptidyl peptidase 4,C(CNC1CCCCC1)=C1CCCC1,3.0,193.33399999999997,3.4091000000000022,1,1
1403125,CHEMBL177472,IC50,>,1000000.0,nM,,CHEMBL284,Dipeptidyl peptidase 4,C(CNCc1ccccc1)=C1CCCC1,3.0,201.31299999999993,3.276600000000002,1,1
1403127,CHEMBL177823,IC50,>,250000.0,nM,,CHEMBL284,Dipeptidyl peptidase 4,C(CNCc1ccc2c(c1)OCO2)=C1CCCC1,3.6020599913279625,245.32199999999992,3.005300000000002,1,3
1403129,CHEMBL177735,IC50,>,1000000.0,nM,,CHEMBL284,Dipeptidyl peptidase 4,C1CCC(NCCN2CCCC2)CC1,3.0,196.33799999999994,2.0044999999999993,1,2
1403131,CHEMBL175708,IC50,>,1000000.0,nM,,CHEMBL284,Dipeptidyl peptidase 4,c1ccc(CNCCN2CCCC2)cc1,3.0,204.31699999999998,1.8719999999999999,1,2
1403133,CHEMBL175764,IC50,>,250000.0,nM,,CHEMBL284,Dipeptidyl peptidase 4,c1cc2c(cc1CNCCN1CCCC1)OCO2,3.6020599913279625,248.3259999999999,1.6006999999999996,1,4
1403137,CHEMBL177746,IC50,=,148000.0,nM,,CHEMBL284,Dipeptidyl peptidase 4,O=C(CNC1CCCCC1)N1CCCC1,3.8297382846050425,210.32099999999994,1.5310999999999997,1,2
1403139,CHEMBL175260,IC50,=,1000000.0,nM,,CHEMBL284,Dipeptidyl peptidase 4,O=C(CNCc1ccccc1)N1CCCC1,3.0,218.29999999999995,1.3986,1,2
1403141,CHEMBL177644,IC50,>,1000000.0,nM,,CHEMBL284,Dipeptidyl peptidase 4,O=C(CNCc1ccc2c(c1)OCO2)N1CCCC1,3.0,262.30899999999997,1.1273,1,4
1403143,CHEMBL177696,IC50,>,1000000.0,nM,,CHEMBL284,Dipeptidyl peptidase 4,O=C(CNC1CCCCC1)N1CCCCC1,3.0,224.34799999999993,1.9211999999999998,1,2
1403145,CHEMBL176262,IC50,>,1000000.0,nM,,CHEMBL284,Dipeptidyl peptidase 4,O=C(CNCc1ccccc1)N1CCCCC1,3.0,232.32699999999994,1.7887000000000002,1,2
1403147,CHEMBL368869,IC50,>,1000000.0,nM,,CHEMBL284,Dipeptidyl peptidase 4,O=C(CNCc1ccc2c(c1)OCO2)N1CCCCC1,3.0,276.336,1.5173999999999999,1,4
1403149,CHEMBL177632,IC50,>,1000000.0,nM,,CHEMBL284,Dipeptidyl peptidase 4,O=C(NC1CCN(Cc2ccccc2)CC1)N1CCCCC1,3.0,301.4340000000002,2.8465000000000016,1,2
1403151,CHEMBL178843,IC50,>,1000000.0,nM,,CHEMBL284,Dipeptidyl peptidase 4,S=C(CNC1CCCCC1)C1CCCC1,3.0,225.4009999999999,3.4688000000000025,1,2
1403153,CHEMBL178844,IC50,>,1000000.0,nM,,CHEMBL284,Dipeptidyl peptidase 4,S=C(CNCc1ccccc1)C1CCCC1,3.0,233.37999999999994,3.3363000000000023,1,2
1403155,CHEMBL178433,IC50,>,1000000.0,nM,,CHEMBL284,Dipeptidyl peptidase 4,S=C(CNCc1ccc2c(c1)OCO2)C1CCCC1,3.0,277.389,3.0650000000000013,1,4
1403158,CHEMBL175977,IC50,>,1000000.0,nM,,CHEMBL284,Dipeptidyl peptidase 4,S=C(CNC1CCCCC1)N1CCCCC1,3.0,240.41599999999988,2.7220000000000013,1,2
1403160,CHEMBL175629,IC50,>,1000000.0,nM,,CHEMBL284,Dipeptidyl peptidase 4,S=C(CNCc1ccccc1)N1CCCCC1,3.0,248.39499999999992,2.589500000000001,1,2
1403162,CHEMBL176062,IC50,>,1000000.0,nM,,CHEMBL284,Dipeptidyl peptidase 4,S=C(CNCc1ccc2c(c1)OCO2)N1CCCCC1,3.0,292.40400000000005,2.3182,1,4
1403164,CHEMBL177265,IC50,>,500000.0,nM,,CHEMBL284,Dipeptidyl peptidase 4,N#CC1CCC/C1=C(/F)CNCCc1ccccc1,3.3010299956639813,258.34,3.365980000000002,1,2
1403166,CHEMBL177980,IC50,=,12000.0,nM,4.92,CHEMBL284,Dipeptidyl peptidase 4,N#CC1CCC/C1=C(/F)CNC12CC3CC(CC(C3)C1)C2,4.920818753952375,288.4100000000001,4.092080000000003,1,2
1403168,CHEMBL173824,IC50,>,1000000.0,nM,,CHEMBL284,Dipeptidyl peptidase 4,N#CC1CCC/C1=C(/F)CNCc1ccc(F)cc1,3.0,262.303,3.4625800000000018,1,2
1403170,CHEMBL366856,IC50,>,1000000.0,nM,,CHEMBL284,Dipeptidyl peptidase 4,N#CC1CCC/C1=C(\F)CNCCc1ccccc1,3.0,258.34,3.365980000000002,1,2
1403172,CHEMBL180514,IC50,=,15000.0,nM,4.82,CHEMBL284,Dipeptidyl peptidase 4,N#CC1CCC/C1=C(\F)CNC12CC3CC(CC(C3)C1)C2,4.823908740944319,288.4100000000001,4.092080000000003,1,2
1403174,CHEMBL175966,IC50,>,500000.0,nM,,CHEMBL284,Dipeptidyl peptidase 4,N#CC1CCC/C1=C(\F)CNCc1ccc(F)cc1,3.3010299956639813,262.303,3.4625800000000018,1,2
1403176,CHEMBL175034,IC50,=,2130.0,nM,5.67,CHEMBL284,Dipeptidyl peptidase 4,N#C[C@@H]1CCCC1C(=O)CNCCc1ccccc1,5.671620396561262,256.349,2.327680000000001,1,3
1403179,CHEMBL179771,IC50,=,350.0,nM,6.46,CHEMBL284,Dipeptidyl peptidase 4,N#C[C@@H]1CCCC1C(=O)CNC12CC3CC(CC(C3)C1)C2,6.455931955649724,286.4190000000001,3.0537800000000015,1,3
1403181,CHEMBL179687,IC50,=,3700.0,nM,5.43,CHEMBL284,Dipeptidyl peptidase 4,N#C[C@@H]1CCCC1C(=O)CNCc1ccc(F)cc1,5.431798275933005,260.31199999999995,2.4242800000000004,1,3
1405712,CHEMBL177180,IC50,>,1000000.0,nM,,CHEMBL284,Dipeptidyl peptidase 4,FC(CNC1CCCCC1)=C1CCCC1,3.0,211.32399999999993,3.7063000000000033,1,1
1405714,CHEMBL367660,IC50,>,1000000.0,nM,,CHEMBL284,Dipeptidyl peptidase 4,FC(CNCc1ccccc1)=C1CCCC1,3.0,219.30299999999994,3.573800000000003,1,1
1405718,CHEMBL368716,IC50,>,1000000.0,nM,,CHEMBL284,Dipeptidyl peptidase 4,COc1ccc(CNCC(F)=C2CCCC2)cc1,3.0,249.32899999999995,3.5824000000000025,1,2
1405720,CHEMBL179248,IC50,>,1000000.0,nM,,CHEMBL284,Dipeptidyl peptidase 4,FC(CNCc1ccc(F)cc1)=C1CCCC1,3.0,237.29299999999992,3.712900000000003,1,1
1405836,CHEMBL176138,IC50,>,1000000.0,nM,,CHEMBL284,Dipeptidyl peptidase 4,FC(CNCCc1ccccn1)=C1CCCC1,3.0,234.31799999999996,3.011300000000001,1,2
1405838,CHEMBL176096,IC50,>,1000000.0,nM,,CHEMBL284,Dipeptidyl peptidase 4,FC(CNCCc1ccccc1)=C1CCCC1,3.0,233.32999999999996,3.6163000000000025,1,1
1405840,CHEMBL359843,IC50,>,250000.0,nM,,CHEMBL284,Dipeptidyl peptidase 4,FC(CNC1CCN(Cc2ccccc2)CC1)=C1CCCC1,3.6020599913279625,302.4370000000001,4.038200000000003,1,2
1405842,CHEMBL179028,IC50,>,1000000.0,nM,,CHEMBL284,Dipeptidyl peptidase 4,CN(C)CCCNCC(F)=C1CCCC1,3.0,214.32799999999995,2.3253000000000004,1,2
1405844,CHEMBL275472,IC50,>,500000.0,nM,,CHEMBL284,Dipeptidyl peptidase 4,FC(CNC1CCCCC1)=C1CCCCC1,3.3010299956639813,225.3509999999999,4.096400000000004,1,1
1405846,CHEMBL178975,IC50,>,250000.0,nM,,CHEMBL284,Dipeptidyl peptidase 4,FC(CNC12CC3CC(CC(C3)C1)C2)=C1CCCCC1,3.6020599913279625,277.42699999999996,4.732500000000005,1,1
1405848,CHEMBL175442,IC50,>,250000.0,nM,,CHEMBL284,Dipeptidyl peptidase 4,FC(CNc1ccccc1)=C1CCCCC1,3.6020599913279625,219.3029999999999,4.286200000000003,1,1
1405850,CHEMBL176211,IC50,>,1000000.0,nM,,CHEMBL284,Dipeptidyl peptidase 4,FC(CNCc1ccccc1)=C1CCCCC1,3.0,233.32999999999993,3.9639000000000033,1,1
1405854,CHEMBL180424,IC50,>,250000.0,nM,,CHEMBL284,Dipeptidyl peptidase 4,COc1ccc(CNCC(F)=C2CCCCC2)cc1,3.6020599913279625,263.35599999999994,3.972500000000003,1,2
1405856,CHEMBL179382,IC50,>,250000.0,nM,,CHEMBL284,Dipeptidyl peptidase 4,FC(CNCc1ccc2c(c1)OCO2)=C1CCCCC1,3.6020599913279625,277.339,3.6926000000000023,1,3
1405858,CHEMBL361154,IC50,>,250000.0,nM,,CHEMBL284,Dipeptidyl peptidase 4,FC(CNCc1ccc(F)cc1)=C1CCCCC1,3.6020599913279625,251.3199999999999,4.103000000000003,1,1
1405860,CHEMBL179423,IC50,>,125000.0,nM,,CHEMBL284,Dipeptidyl peptidase 4,FC(CNCc1cccc(C(F)(F)F)c1)=C1CCCCC1,3.9030899869919438,301.3270000000001,4.982700000000003,1,1
1405862,CHEMBL175900,IC50,>,1000000.0,nM,,CHEMBL284,Dipeptidyl peptidase 4,FC(CNCCc1ccccc1)=C1CCCCC1,3.0,247.35699999999994,4.006400000000004,1,1
1405864,CHEMBL176944,IC50,>,1000000.0,nM,,CHEMBL284,Dipeptidyl peptidase 4,FC(CNC1CCNCC1)=C1CCCCC1,3.0,226.3389999999999,2.5157000000000007,2,2
1411934,CHEMBL537625,IC50,=,455.0,nM,6.34,CHEMBL284,Dipeptidyl peptidase 4,Cl.N[C@@H](CC(=O)N1CCn2cnnc2C1)Cc1ccc(F)c(F)c1,6.341988603342887,357.79200000000003,1.2803999999999995,1,4
1411938,CHEMBL537844,IC50,=,231.0,nM,6.64,CHEMBL284,Dipeptidyl peptidase 4,CCc1nnc2n1CCN(C(=O)C[C@H](N)Cc1ccc(F)c(F)c1)C2.Cl,6.636388020107856,385.84600000000006,1.8428,1,4
1412054,CHEMBL558196,IC50,=,128.0,nM,6.89,CHEMBL284,Dipeptidyl peptidase 4,Cl.N[C@@H](CC(=O)N1CCn2c(nnc2C(F)(F)F)C1)Cc1ccc(F)c(F)c1,6.892790030352131,425.7890000000001,2.299200000000001,1,4
1412063,CHEMBL537400,IC50,=,27.0,nM,7.57,CHEMBL284,Dipeptidyl peptidase 4,Cl.N[C@@H](CC(=O)N1CCn2c(nnc2C(F)(F)F)C1)Cc1cc(F)ccc1F,7.568636235841013,425.7890000000001,2.2992,1,4
1412072,CHEMBL539077,IC50,=,18.0,nM,7.75,CHEMBL284,Dipeptidyl peptidase 4,Cl.N[C@@H](CC(=O)N1CCn2c(nnc2C(F)(F)F)C1)Cc1cc(F)c(F)cc1F,7.7447274948966935,443.7790000000001,2.438300000000001,1,4
1412194,CHEMBL557187,IC50,=,68.0,nM,7.17,CHEMBL284,Dipeptidyl peptidase 4,Cl.N[C@@H](CC(=O)N1CCn2cnnc2C1)Cc1cc(F)c(F)cc1F,7.167491087293763,375.78200000000004,1.4194999999999998,1,4
1412204,CHEMBL558585,IC50,=,71.0,nM,7.15,CHEMBL284,Dipeptidyl peptidase 4,Cl.N[C@@H](CC(=O)N1CCn2c(nnc2C(F)(F)C(F)(F)F)C1)Cc1cc(F)c(F)cc1F,7.1487416512809245,493.7860000000001,3.0736000000000017,1,4
1412213,CHEMBL559011,IC50,=,103.0,nM,6.99,CHEMBL284,Dipeptidyl peptidase 4,Cl.N[C@@H](CC(=O)N1CCn2c(nnc2C(F)(F)C(F)(F)F)C1)Cc1cc(F)ccc1F,6.987162775294828,475.7960000000001,2.9345000000000017,1,4
1412315,CHEMBL175872,IC50,=,139.0,nM,6.86,CHEMBL284,Dipeptidyl peptidase 4,N[C@@H](CC(=O)N1CCNC[C@H]1Cc1ccccc1)Cc1ccccc1F,6.856985199745905,355.4570000000001,2.1287000000000003,2,3
1412316,CHEMBL366549,IC50,=,3100.0,nM,5.51,CHEMBL284,Dipeptidyl peptidase 4,N[C@@H](CC(=O)N1CCNCC1)Cc1ccc(F)c(F)c1,5.508638306165727,283.32199999999995,0.6564999999999996,2,3
1428995,CHEMBL440021,IC50,=,15000.0,nM,4.82,CHEMBL284,Dipeptidyl peptidase 4,N[C@H](C(=O)N1Cc2ccccc2C1)C1CCCCC1,4.823908740944319,258.36499999999995,2.4364,1,2
1428998,CHEMBL179845,IC50,>,100000.0,nM,,CHEMBL284,Dipeptidyl peptidase 4,NC(CC(=O)N1CCc2ccccc2C1)C(=O)N1Cc2ccccc2C1,4.0,349.43400000000014,1.831099999999999,1,3
1429001,CHEMBL361107,IC50,>,100000.0,nM,,CHEMBL284,Dipeptidyl peptidase 4,COc1cc2c(cc1OC)CN(C(=O)CC(N)C(=O)N1Cc3ccccc3C1)CC2,4.0,409.4860000000002,1.8482999999999996,1,5
1429004,CHEMBL367368,IC50,>,100000.0,nM,,CHEMBL284,Dipeptidyl peptidase 4,NC(CC(=O)N1CCN(C(c2ccc(F)cc2)c2ccc(F)cc2)CC1)C(=O)N1Cc2ccccc2C1,4.0,504.58100000000036,3.4582000000000024,1,4
1430611,CHEMBL179289,IC50,=,63.0,nM,7.2,CHEMBL284,Dipeptidyl peptidase 4,N#C[C@@H]1CCCN1C(=O)[C@@H](N)CC(=O)N1CCc2ccccc2C1,7.200659450546418,326.40000000000003,0.80328,1,4
1430614,CHEMBL362018,IC50,=,274.0,nM,6.56,CHEMBL284,Dipeptidyl peptidase 4,N#C[C@@H]1CCCN1C(=O)[C@@H](N)CC(=O)N1CCN(C(c2ccc(F)cc2)c2ccc(F)cc2)CC1,6.562249437179612,481.5470000000002,2.4303800000000004,1,5
1430617,CHEMBL361235,IC50,>,100000.0,nM,,CHEMBL284,Dipeptidyl peptidase 4,N[C@H](C(=O)N1CCc2ccccc2C1)C1CCCCC1,4.0,272.39200000000005,2.4789000000000003,1,2
1430620,CHEMBL361551,IC50,>,100000.0,nM,,CHEMBL284,Dipeptidyl peptidase 4,N#C[C@@H]1Cc2ccccc2CN1C(=O)[C@@H](N)C1CCCCC1,4.0,297.40200000000004,2.37108,1,3
1430623,CHEMBL361758,IC50,>,100000.0,nM,,CHEMBL284,Dipeptidyl peptidase 4,N[C@H](C(=O)N1CCc2ccccc2C1)c1ccccc1,4.0,266.344,2.2713,1,2
1431029,CHEMBL180664,IC50,>,100000.0,nM,,CHEMBL284,Dipeptidyl peptidase 4,Fc1ccc(N2CCc3ccccc3C2)cc1F,4.0,245.27200000000002,3.5275000000000025,0,1
1431033,CHEMBL179996,IC50,>,100000.0,nM,,CHEMBL284,Dipeptidyl peptidase 4,O=C([C@@H]1CCCN1)N1CCc2ccccc2C1,4.0,230.311,1.3232999999999995,1,2
1431036,CHEMBL180000,IC50,=,13000.0,nM,4.89,CHEMBL284,Dipeptidyl peptidase 4,N#C[C@@H]1Cc2ccccc2CN1C(=O)[C@@H](N)Cc1c[nH]c2ccccc12,4.886056647693163,344.418,2.514780000000001,2,3
1431039,CHEMBL361863,IC50,=,31000.0,nM,4.51,CHEMBL284,Dipeptidyl peptidase 4,N[C@H](C(=O)N1CCCCC1)C1CCCCC1,4.508638306165727,224.34799999999993,1.906499999999999,1,2
1444889,CHEMBL184262,IC50,=,3000.0,nM,5.52,CHEMBL284,Dipeptidyl peptidase 4,N[C@@H](CC(=O)N1CCSC1)Cc1ccccc1,5.522878745280337,250.367,1.4793999999999996,1,3
1444891,CHEMBL364780,IC50,>,100000.0,nM,,CHEMBL284,Dipeptidyl peptidase 4,N[C@@H](CC(=O)N1CCSC1)c1ccccc1,4.0,236.34,1.6093999999999997,1,3
1444892,CHEMBL362364,IC50,=,16480.0,nM,4.78,CHEMBL284,Dipeptidyl peptidase 4,N[C@H](CCc1ccccc1)CC(=O)N1CCSC1,4.783042792638903,264.39399999999995,1.8695,1,3
1444893,CHEMBL185020,IC50,=,39640.0,nM,4.4,CHEMBL284,Dipeptidyl peptidase 4,N[C@@H](CC(=O)N1CCSC1)Cc1ccccn1,4.401866354186763,251.355,0.8743999999999994,1,4
1444894,CHEMBL185332,IC50,=,44860.0,nM,4.35,CHEMBL284,Dipeptidyl peptidase 4,N[C@@H](CC(=O)N1CCSC1)Cc1cccnc1,4.348140730753051,251.355,0.8743999999999994,1,4
1444895,CHEMBL183947,IC50,=,51000.0,nM,4.29,CHEMBL284,Dipeptidyl peptidase 4,N[C@@H](CC(=O)N1CCSC1)Cc1ccncc1,4.292429823902063,251.355,0.8743999999999994,1,4
1444896,CHEMBL183517,IC50,=,5700.0,nM,5.24,CHEMBL284,Dipeptidyl peptidase 4,N[C@@H](CC(=O)N1CCSC1)Cc1ccsc1,5.2441251443275085,256.39599999999996,1.5408999999999997,1,4
1444897,CHEMBL181239,IC50,=,46910.0,nM,4.33,CHEMBL284,Dipeptidyl peptidase 4,N[C@@H](CC(=O)N1CCSC1)Cc1ccoc1,4.328734567052842,240.32799999999997,1.0723999999999996,1,4
1444898,CHEMBL182168,IC50,=,27470.0,nM,4.56,CHEMBL284,Dipeptidyl peptidase 4,N[C@@H](CC(=O)N1CCSC1)CC1CCCC1,4.561141340579438,242.38799999999992,1.8169999999999993,1,3
1444899,CHEMBL362140,IC50,=,33000.0,nM,4.48,CHEMBL284,Dipeptidyl peptidase 4,N[C@@H](CC(=O)N1CCSC1)CC1CCCCC1,4.481486060122113,256.4149999999999,2.2070999999999996,1,3
1447094,CHEMBL184572,IC50,=,80.0,nM,7.1,CHEMBL284,Dipeptidyl peptidase 4,CCC(C)[C@@H](N)C(=O)N1N=CCC1C#N,7.096910013008056,208.265,0.47007999999999994,1,4
1447110,CHEMBL184651,IC50,=,410.0,nM,6.39,CHEMBL284,Dipeptidyl peptidase 4,N#Cc1ccc(NCCNCC(=O)N2N=CCC2C#N)nc1,6.3872161432802645,297.322,0.06505999999999945,2,7
1447212,CHEMBL185222,IC50,=,2620.0,nM,5.58,CHEMBL284,Dipeptidyl peptidase 4,N#Cc1ccc(NCCNCC(=O)N2N=CC[C@@H]2C#N)nc1,5.581698708680254,297.322,0.06505999999999945,2,7
1447613,CHEMBL363542,IC50,=,200.0,nM,6.7,CHEMBL284,Dipeptidyl peptidase 4,N#Cc1ccc(NCCNCC(=O)N2N=CC[C@H]2C#N)nc1,6.698970004336019,297.322,0.06505999999999945,2,7
1449086,CHEMBL186611,IC50,=,1040.0,nM,5.98,CHEMBL284,Dipeptidyl peptidase 4,N[C@@H](CC(=O)N1CCCC[C@H]1Cc1ccccc1)Cc1ccccc1F,5.982966660701219,354.4690000000001,3.7094000000000014,1,2
1449088,CHEMBL184624,IC50,=,3700.0,nM,5.43,CHEMBL284,Dipeptidyl peptidase 4,N[C@@H](CC(=O)N1CCNCC1)Cc1ccccc1F,5.431798275933005,265.332,0.5174000000000001,2,3
1449090,CHEMBL264551,IC50,=,1600.0,nM,5.8,CHEMBL284,Dipeptidyl peptidase 4,C[C@@H]1CNCCN1C(=O)C[C@H](N)Cc1ccccc1F,5.795880017344075,279.359,0.9059000000000003,2,3
1449092,CHEMBL360488,IC50,=,922.0,nM,6.04,CHEMBL284,Dipeptidyl peptidase 4,CC(C)[C@@H]1CNCCN1C(=O)C[C@H](N)Cc1ccccc1F,6.035269078946371,307.413,1.5420000000000011,2,3
1449094,CHEMBL182861,IC50,=,610.0,nM,6.21,CHEMBL284,Dipeptidyl peptidase 4,N[C@@H](CC(=O)N1CCNC[C@H]1c1ccc(F)cc1)Cc1ccccc1F,6.214670164989233,359.4200000000001,2.3978,2,3
1449096,CHEMBL185482,IC50,=,143.0,nM,6.84,CHEMBL284,Dipeptidyl peptidase 4,N[C@@H](CC(=O)N1CCNC[C@H]1Cc1cscn1)Cc1ccccc1F,6.844663962534939,362.4740000000001,1.5852000000000004,2,5
1449098,CHEMBL184808,IC50,=,155.0,nM,6.81,CHEMBL284,Dipeptidyl peptidase 4,N[C@@H](CC(=O)N1CCNC[C@H]1Cc1cccnc1)Cc1ccccc1F,6.809668301829708,356.4450000000001,1.5237000000000007,2,4
1449100,CHEMBL184902,IC50,=,166.0,nM,6.78,CHEMBL284,Dipeptidyl peptidase 4,N[C@@H](CC(=O)N1CCNC[C@H]1Cc1ccc(F)cc1)Cc1ccccc1F,6.779891911959945,373.44700000000006,2.2678000000000003,2,3
1449103,CHEMBL369738,IC50,=,51.0,nM,7.29,CHEMBL284,Dipeptidyl peptidase 4,N[C@@H](CC(=O)N1CCNC[C@H]1Cc1ccccc1)Cc1cc(F)ccc1F,7.292429823902063,373.4470000000001,2.2678000000000003,2,3
1449105,CHEMBL184636,IC50,=,19.0,nM,7.72,CHEMBL284,Dipeptidyl peptidase 4,N[C@@H](CC(=O)N1CCNC[C@H]1Cc1ccccc1)Cc1cc(F)c(F)cc1F,7.721246399047171,391.4370000000001,2.406900000000001,2,3
1449254,CHEMBL186877,IC50,=,0.1,nM,10.0,CHEMBL284,Dipeptidyl peptidase 4,COc1cc(OC)cc(-c2nc(-c3ccc(Cl)cc3Cl)c(CN(C)C)c(N(C)C)n2)c1,10.0,461.3930000000002,5.262200000000005,0,6
1449255,CHEMBL184738,IC50,=,1900.0,nM,5.72,CHEMBL284,Dipeptidyl peptidase 4,N[C@@H](CC(=O)N1CCC[C@H]1C(=O)NCc1cc(Cl)ccc1OCC(=O)NC1CC1)Cc1ccccc1,5.721246399047171,513.0380000000004,2.5647,3,5
1449883,CHEMBL187118,IC50,=,931.0,nM,6.03,CHEMBL284,Dipeptidyl peptidase 4,N[C@@H](CC(=O)N1CCSC1)Cc1ccccc1F,6.031050319018657,268.35699999999997,1.6184999999999996,1,3
1449885,CHEMBL185351,IC50,=,981.0,nM,6.01,CHEMBL284,Dipeptidyl peptidase 4,Cc1ccccc1C[C@@H](N)CC(=O)N1CCSC1,6.008330992620052,264.39399999999995,1.7878200000000002,1,3
1449887,CHEMBL185121,IC50,=,2519.0,nM,5.6,CHEMBL284,Dipeptidyl peptidase 4,N#Cc1ccccc1C[C@@H](N)CC(=O)N1CCSC1,5.598771832501887,275.37699999999995,1.35108,1,4
1450279,CHEMBL185601,IC50,=,2263.0,nM,5.64,CHEMBL284,Dipeptidyl peptidase 4,N[C@@H](CC(=O)N1CCSC1)Cc1ccccc1C(F)(F)F,5.645315446045271,318.364,2.4982000000000006,1,3
1450281,CHEMBL182544,IC50,=,2026.0,nM,5.69,CHEMBL284,Dipeptidyl peptidase 4,N[C@@H](CC(=O)N1CCSC1)Cc1cccc(F)c1,5.693360558975739,268.35699999999997,1.6184999999999998,1,3
1450283,CHEMBL405786,IC50,=,8951.0,nM,5.05,CHEMBL284,Dipeptidyl peptidase 4,N#Cc1cccc(C[C@@H](N)CC(=O)N2CCSC2)c1,5.0481284428716355,275.37699999999995,1.3510800000000003,1,4
1450285,CHEMBL185538,IC50,=,3611.0,nM,5.44,CHEMBL284,Dipeptidyl peptidase 4,N[C@@H](CC(=O)N1CCSC1)Cc1cccc(C(F)(F)F)c1,5.442372511573173,318.364,2.4982000000000006,1,3
1450287,CHEMBL363879,IC50,=,3279.0,nM,5.48,CHEMBL284,Dipeptidyl peptidase 4,N[C@@H](CC(=O)N1CCSC1)Cc1ccc(F)cc1,5.484258583330635,268.35699999999997,1.6184999999999998,1,3
1450289,CHEMBL184442,IC50,=,3028.0,nM,5.52,CHEMBL284,Dipeptidyl peptidase 4,N[C@@H](CC(=O)N1CCSC1)Cc1ccc(Cl)cc1,5.518844129171965,284.812,2.1327999999999996,1,3
1450291,CHEMBL366278,IC50,=,10700.0,nM,4.97,CHEMBL284,Dipeptidyl peptidase 4,N[C@@H](CC(=O)N1CCSC1)Cc1ccc(I)cc1,4.97061622231479,376.263,2.0839999999999996,1,3
1450293,CHEMBL184259,IC50,=,7688.0,nM,5.11,CHEMBL284,Dipeptidyl peptidase 4,N[C@@H](CC(=O)N1CCSC1)Cc1ccc(C(F)(F)F)cc1,5.114186625339511,318.364,2.4982000000000006,1,3
1450295,CHEMBL365066,IC50,=,14860.0,nM,4.83,CHEMBL284,Dipeptidyl peptidase 4,N#Cc1ccc(C[C@@H](N)CC(=O)N2CCSC2)cc1,4.827981190575444,275.37699999999995,1.35108,1,4
1450390,CHEMBL184937,IC50,=,1552.0,nM,5.81,CHEMBL284,Dipeptidyl peptidase 4,N[C@@H](CC(=O)N1CCSC1)Cc1ccc([N+](=O)[O-])cc1,5.809108283077831,295.364,1.3876,1,5
1450392,CHEMBL184986,IC50,=,1700.0,nM,5.77,CHEMBL284,Dipeptidyl peptidase 4,N[C@@H](CC(=O)N1CCSC1)Cc1ccc(F)c(F)c1,5.769551078621726,286.347,1.7575999999999998,1,3
1450394,CHEMBL184961,IC50,=,9400.0,nM,5.03,CHEMBL284,Dipeptidyl peptidase 4,N[C@@H](CC(=O)N1CCSC1)Cc1cccc(F)c1F,5.026872146400302,286.347,1.7575999999999996,1,3
1450396,CHEMBL184912,IC50,=,589.0,nM,6.23,CHEMBL284,Dipeptidyl peptidase 4,N[C@@H](CC(=O)N1CCSC1)Cc1ccc(F)cc1F,6.229884705212898,286.347,1.7575999999999998,1,3
1450398,CHEMBL433572,IC50,=,270.0,nM,6.57,CHEMBL284,Dipeptidyl peptidase 4,N[C@@H](CC(=O)N1CCSC1)Cc1cc(F)ccc1F,6.568636235841013,286.347,1.7576,1,3
1450406,CHEMBL360396,IC50,=,8476.0,nM,5.07,CHEMBL284,Dipeptidyl peptidase 4,N[C@@H](CC(=O)N1CCSC1)Cc1c(F)cccc1F,5.071809051961243,286.347,1.7575999999999998,1,3
1450408,CHEMBL184928,IC50,=,2026.0,nM,5.69,CHEMBL284,Dipeptidyl peptidase 4,N[C@@H](CC(=O)N1CCSC1)Cc1ccc(Cl)c(Cl)c1,5.693360558975739,319.25700000000006,2.786200000000001,1,3
1450410,CHEMBL363319,IC50,=,119.0,nM,6.92,CHEMBL284,Dipeptidyl peptidase 4,N[C@@H](CC(=O)N1CCSC1)Cc1cc(F)c(F)cc1F,6.924453038607469,304.337,1.8967,1,3
1450811,CHEMBL186032,IC50,=,11000.0,nM,4.96,CHEMBL284,Dipeptidyl peptidase 4,CS(=O)(=O)Nc1cccc(NC(=O)CN2CCN(C[C@@H](N)Cc3ccccc3)C(Cc3ccccc3)C2)c1,4.958607314841775,535.7140000000003,2.7955000000000023,3,6
1450812,CHEMBL184040,IC50,=,134.0,nM,6.87,CHEMBL284,Dipeptidyl peptidase 4,CS(=O)(=O)Nc1cccc(NC(=O)CN2CCN(C(=O)C[C@H](N)Cc3ccccc3)C(Cc3ccccc3)C2)c1,6.872895201635193,563.7240000000003,2.712200000000003,3,6
1450814,CHEMBL263946,IC50,=,44.0,nM,7.36,CHEMBL284,Dipeptidyl peptidase 4,CS(=O)(=O)Nc1cccc(NC(=O)CN2CCN(C(=O)C[C@H](N)Cc3ccc(F)c(F)c3)C(Cc3ccccc3)C2)c1,7.356547323513812,599.7040000000003,2.990400000000002,3,6
1450816,CHEMBL187293,IC50,=,34.0,nM,7.47,CHEMBL284,Dipeptidyl peptidase 4,CS(=O)(=O)Nc1cccc(NC(=O)CN2CCN(C(=O)C[C@H](N)Cc3ccccc3F)C(Cc3ccccc3)C2)c1,7.468521082957745,581.7140000000003,2.851300000000003,3,6
1450818,CHEMBL365414,IC50,=,35000.0,nM,4.46,CHEMBL284,Dipeptidyl peptidase 4,CS(=O)(=O)Nc1cccc(NC(=O)CN2CCN(C(=O)C[C@@H](N)Cc3ccccc3)C(Cc3ccccc3)C2)c1,4.455931955649724,563.7240000000003,2.712200000000003,3,6
1450820,CHEMBL184672,IC50,=,36000.0,nM,4.44,CHEMBL284,Dipeptidyl peptidase 4,CS(=O)(=O)Nc1cccc(NC(=O)CN2CCN(C(=O)C[C@@H](N)Cc3ccc(F)c(F)c3)C(Cc3ccccc3)C2)c1,4.443697499232712,599.7040000000003,2.990400000000002,3,6
1450822,CHEMBL362538,IC50,=,19000.0,nM,4.72,CHEMBL284,Dipeptidyl peptidase 4,CS(=O)(=O)Nc1cccc(NC(=O)CN2CCN(C(=O)C[C@@H](N)Cc3ccccc3F)C(Cc3ccccc3)C2)c1,4.721246399047171,581.7140000000003,2.851300000000003,3,6
1450824,CHEMBL360425,IC50,=,30.0,nM,7.52,CHEMBL284,Dipeptidyl peptidase 4,CS(=O)(=O)Nc1cccc(NC(=O)CN2CCN(C(=O)C[C@H](N)Cc3ccc(F)c(F)c3)[C@H](Cc3ccccc3)C2)c1,7.522878745280337,599.7040000000003,2.990400000000002,3,6
1450826,CHEMBL183207,IC50,=,14.0,nM,7.85,CHEMBL284,Dipeptidyl peptidase 4,CS(=O)(=O)Nc1cccc(NC(=O)CN2CCN(C(=O)C[C@H](N)Cc3ccccc3F)[C@H](Cc3ccccc3)C2)c1,7.853871964321762,581.7140000000003,2.851300000000003,3,6
1450830,CHEMBL360167,IC50,=,1100.0,nM,5.96,CHEMBL284,Dipeptidyl peptidase 4,CS(=O)(=O)Nc1cccc(NC(=O)CN2CCN(C(=O)C[C@H](N)Cc3ccc(F)c(F)c3)[C@@H](Cc3ccccc3)C2)c1,5.958607314841775,599.7040000000003,2.990400000000002,3,6
1450931,CHEMBL364385,IC50,=,690.0,nM,6.16,CHEMBL284,Dipeptidyl peptidase 4,CS(=O)(=O)Nc1cccc(NC(=O)CN2CCN(C(=O)C[C@H](N)Cc3ccccc3F)[C@@H](Cc3ccccc3)C2)c1,6.161150909262744,581.7140000000003,2.851300000000003,3,6
1450933,CHEMBL184380,IC50,=,405.0,nM,6.39,CHEMBL284,Dipeptidyl peptidase 4,N[C@@H](CC(=O)N1CCN(Cc2ccccc2)C[C@H]1Cc1ccccc1)Cc1ccccc1F,6.392544976785332,445.5820000000002,4.041300000000003,1,3
1450935,CHEMBL185067,IC50,=,114.0,nM,6.94,CHEMBL284,Dipeptidyl peptidase 4,NC(=O)CN1CCN(C(=O)C[C@H](N)Cc2ccccc2F)[C@H](Cc2ccccc2)C1,6.943095148663527,412.5090000000001,1.3264000000000022,2,4
1450937,CHEMBL184071,IC50,=,225.0,nM,6.65,CHEMBL284,Dipeptidyl peptidase 4,CN1CCN(C(=O)C[C@H](N)Cc2ccccc2F)[C@H](Cc2ccccc2)C1,6.647817481888637,369.4840000000001,2.4709000000000003,1,3
1450941,CHEMBL186610,IC50,=,108.0,nM,6.97,CHEMBL284,Dipeptidyl peptidase 4,N[C@@H](CC(=O)N1CCOC[C@H]1Cc1ccccc1)Cc1ccccc1F,6.966576244513051,356.4410000000001,2.5557000000000007,1,3
1451031,CHEMBL366290,IC50,=,0.3,nM,9.52,CHEMBL284,Dipeptidyl peptidase 4,CC(C)[C@H](Oc1ccc(CNC(=O)[C@@H]2CSCN2C(=O)CC(N)Cc2cc(F)ccc2F)cc1)C(=O)O.O=C(O)C(F)(F)F,9.522878745280337,649.6350000000004,3.563900000000001,4,7
1451032,CHEMBL183418,IC50,=,7200.0,nM,5.14,CHEMBL284,Dipeptidyl peptidase 4,CC(C)[C@@H](Oc1ccc(CNC(=O)[C@@H]2CCCN2C(=O)C(N)C2CCCCC2)cc1)C(=O)O.O=C(O)C(F)(F)F,5.142667503568732,573.6090000000005,3.3227,4,6
1451414,CHEMBL186649,IC50,=,1900.0,nM,5.72,CHEMBL284,Dipeptidyl peptidase 4,NC(CC(=O)N1CCC[C@H]1C(=O)NCc1cc(Cl)ccc1OCC(=O)NC1CC1)Cc1ccccc1,5.721246399047171,513.0380000000004,2.5647,3,5
1451881,CHEMBL365875,IC50,=,3600.0,nM,5.44,CHEMBL284,Dipeptidyl peptidase 4,NC(C(=O)N1CCC[C@H]1C(=O)NCc1ccccc1C(=O)O)C1CCCCC1.O=C(O)C(F)(F)F,5.443697499232712,501.50200000000035,2.5328999999999997,4,5
1451882,CHEMBL365834,IC50,=,3300.0,nM,5.48,CHEMBL284,Dipeptidyl peptidase 4,NC(C(=O)N1CCC[C@H]1C(=O)NCc1cccc(C(=O)O)c1)C1CCCCC1.O=C(O)C(F)(F)F,5.481486060122113,501.5020000000003,2.5328999999999997,4,5
1451883,CHEMBL187699,IC50,=,4200.0,nM,5.38,CHEMBL284,Dipeptidyl peptidase 4,NC(C(=O)N1CCC[C@H]1C(=O)NCc1ccc(C(=O)O)cc1)C1CCCCC1.O=C(O)C(F)(F)F,5.376750709602099,501.5020000000003,2.5328999999999997,4,5
1451884,CHEMBL183098,IC50,=,1200.0,nM,5.92,CHEMBL284,Dipeptidyl peptidase 4,NC(CC(=O)N1CCC[C@H]1C(=O)NCc1ccccc1C(=O)O)Cc1ccccc1.O=C(O)C(F)(F)F,5.920818753952375,523.5080000000003,2.5854,4,5
1451885,CHEMBL184593,IC50,=,1200.0,nM,5.92,CHEMBL284,Dipeptidyl peptidase 4,NC(CC(=O)N1CCC[C@H]1C(=O)NCc1cccc(C(=O)O)c1)Cc1ccccc1.O=C(O)C(F)(F)F,5.920818753952375,523.5080000000003,2.5854,4,5
1451886,CHEMBL425347,IC50,=,510.0,nM,6.29,CHEMBL284,Dipeptidyl peptidase 4,NC(CC(=O)N1CCC[C@H]1C(=O)NCc1ccc(C(=O)O)cc1)Cc1ccccc1.O=C(O)C(F)(F)F,6.292429823902063,523.5080000000003,2.5854,4,5
1451887,CHEMBL182223,IC50,=,75.0,nM,7.12,CHEMBL284,Dipeptidyl peptidase 4,NC(CC(=O)N1CCC[C@H]1C(=O)NCc1ccc(C(=O)O)cc1)Cc1ccc(F)c(F)c1.O=C(O)C(F)(F)F,7.1249387366083,559.4880000000004,2.863600000000001,4,5
1452002,CHEMBL366049,IC50,=,54.0,nM,7.27,CHEMBL284,Dipeptidyl peptidase 4,NC(CC(=O)N1CCC[C@H]1C(=O)NCc1ccc(C(=O)O)cc1)Cc1ccccc1F.O=C(O)C(F)(F)F,7.267606240177032,541.4980000000003,2.724500000000001,4,5
1452003,CHEMBL186596,IC50,=,539.0,nM,6.27,CHEMBL284,Dipeptidyl peptidase 4,NC(CC(=O)N1CCC[C@H]1C(=O)NCc1ccccc1)Cc1ccccc1F.O=C(O)C(F)(F)F,6.268411234813262,497.48900000000015,3.026300000000001,3,4
1452004,CHEMBL435882,IC50,=,721.0,nM,6.14,CHEMBL284,Dipeptidyl peptidase 4,NC(CC(=O)N1CCC[C@H]1C(=O)NCc1ccc(C(F)(F)F)cc1)Cc1ccccc1F.O=C(O)C(F)(F)F,6.142064735280571,565.4860000000003,4.045100000000002,3,4
1452016,CHEMBL185244,IC50,=,170.0,nM,6.77,CHEMBL284,Dipeptidyl peptidase 4,COC(=O)Cc1ccc(CNC(=O)[C@@H]2CCCN2C(=O)CC(N)Cc2ccccc2F)cc1.O=C(O)C(F)(F)F,6.769551078621726,569.5520000000004,2.7418000000000005,3,6
1452017,CHEMBL184346,IC50,=,39.0,nM,7.41,CHEMBL284,Dipeptidyl peptidase 4,NC(CC(=O)N1CCC[C@H]1C(=O)NCCCCc1nn[nH]n1)Cc1ccccc1F.O=C(O)C(F)(F)F,7.4089353929735005,531.5110000000002,1.3621000000000003,4,7
1452400,CHEMBL361263,IC50,=,1640.0,nM,5.79,CHEMBL284,Dipeptidyl peptidase 4,NC(CC(=O)N1CCC[C@H]1C(=O)NCCCCc1c[nH]cn1)Cc1ccccc1F.O=C(O)C(F)(F)F,5.785156151952302,529.5350000000001,2.5721,4,5
1452401,CHEMBL186787,IC50,=,118.0,nM,6.93,CHEMBL284,Dipeptidyl peptidase 4,NC(CC(=O)N1CCC[C@H]1C(=O)NCc1ccc(OCC(=O)O)cc1)Cc1ccccc1F.O=C(O)C(F)(F)F,6.928117992693875,571.5240000000005,2.489700000000001,4,6
1452402,CHEMBL183736,IC50,=,18.0,nM,7.75,CHEMBL284,Dipeptidyl peptidase 4,CC(Oc1ccc(CNC(=O)[C@@H]2CCCN2C(=O)CC(N)Cc2ccccc2F)cc1)C(=O)O.O=C(O)C(F)(F)F,7.7447274948966935,585.5510000000004,2.8781999999999996,4,6
1452403,CHEMBL365010,IC50,=,7.1,nM,8.15,CHEMBL284,Dipeptidyl peptidase 4,CCC(Oc1ccc(CNC(=O)[C@@H]2CCCN2C(=O)CC(N)Cc2ccccc2F)cc1)C(=O)O.O=C(O)C(F)(F)F,8.148741651280925,599.5780000000004,3.268300000000001,4,6
1452404,CHEMBL365836,IC50,=,10.0,nM,8.0,CHEMBL284,Dipeptidyl peptidase 4,CCCC(Oc1ccc(CNC(=O)[C@@H]2CCCN2C(=O)CC(N)Cc2ccccc2F)cc1)C(=O)O.O=C(O)C(F)(F)F,8.0,613.6050000000004,3.658400000000001,4,6
1452405,CHEMBL365837,IC50,=,3.7,nM,8.43,CHEMBL284,Dipeptidyl peptidase 4,CC(C)C(Oc1ccc(CNC(=O)[C@@H]2CCCN2C(=O)CC(N)Cc2ccccc2F)cc1)C(=O)O.O=C(O)C(F)(F)F,8.431798275933005,613.6050000000004,3.5143000000000013,4,6
1452406,CHEMBL365838,IC50,=,5.1,nM,8.29,CHEMBL284,Dipeptidyl peptidase 4,CCCCC(Oc1ccc(CNC(=O)[C@@H]2CCCN2C(=O)CC(N)Cc2ccccc2F)cc1)C(=O)O.O=C(O)C(F)(F)F,8.292429823902063,627.6320000000004,4.048500000000001,4,6
1452407,CHEMBL187963,IC50,=,82.0,nM,7.09,CHEMBL284,Dipeptidyl peptidase 4,C[C@@H](Oc1ccc(CNC(=O)[C@@H]2CCCN2C(=O)CC(N)Cc2ccccc2F)cc1)C(=O)O.O=C(O)C(F)(F)F,7.086186147616283,585.5510000000004,2.8781999999999996,4,6
1452408,CHEMBL366286,IC50,=,12.0,nM,7.92,CHEMBL284,Dipeptidyl peptidase 4,C[C@H](Oc1ccc(CNC(=O)[C@@H]2CCCN2C(=O)CC(N)Cc2ccccc2F)cc1)C(=O)O.O=C(O)C(F)(F)F,7.920818753952375,585.5510000000004,2.8781999999999996,4,6
1452409,CHEMBL365231,IC50,=,13.0,nM,7.89,CHEMBL284,Dipeptidyl peptidase 4,CC(C)[C@@H](Oc1ccc(CNC(=O)[C@@H]2CCCN2C(=O)CC(N)Cc2ccccc2F)cc1)C(=O)O.O=C(O)C(F)(F)F,7.886056647693163,613.6050000000004,3.5143000000000013,4,6
1452410,CHEMBL364100,IC50,=,1.8,nM,8.74,CHEMBL284,Dipeptidyl peptidase 4,CC(C)[C@H](Oc1ccc(CNC(=O)[C@@H]2CCCN2C(=O)CC(N)Cc2ccccc2F)cc1)C(=O)O.O=C(O)C(F)(F)F,8.744727494896694,613.6050000000004,3.5143000000000013,4,6
1452411,CHEMBL364101,IC50,=,18.0,nM,7.75,CHEMBL284,Dipeptidyl peptidase 4,CC(C)[C@@H](Oc1ccc(CNC(=O)[C@@H]2CCCN2C(=O)CC(N)Cc2ccccc2)cc1)C(=O)O.O=C(O)C(F)(F)F,7.7447274948966935,595.6150000000004,3.3752000000000004,4,6
1452412,CHEMBL364102,IC50,=,0.48,nM,9.32,CHEMBL284,Dipeptidyl peptidase 4,CC(C)[C@@H](Oc1ccc(CNC(=O)[C@@H]2CCCN2C(=O)CC(N)Cc2cc(F)ccc2F)cc1)C(=O)O.O=C(O)C(F)(F)F,9.318758762624412,631.5950000000004,3.6534000000000004,4,6
1452524,CHEMBL364103,IC50,=,1.6,nM,8.8,CHEMBL284,Dipeptidyl peptidase 4,CC(C)[C@@H](Oc1ccc(CNC(=O)[C@@H]2CCCN2C(=O)CC(N)Cc2cc(F)c(F)cc2F)cc1)C(=O)O.O=C(O)C(F)(F)F,8.795880017344075,649.5850000000004,3.7925000000000013,4,6
1452527,CHEMBL183289,IC50,=,8.2,nM,8.09,CHEMBL284,Dipeptidyl peptidase 4,CC(C)[C@@H](Oc1ccc(CNC(=O)[C@@H]2CCCN2C(=O)CC(N)Cc2c(F)c(F)c(F)c(F)c2F)cc1)C(=O)O.O=C(O)C(F)(F)F,8.086186147616283,685.5650000000004,4.070700000000001,4,6
1452918,CHEMBL364140,IC50,=,0.83,nM,9.08,CHEMBL284,Dipeptidyl peptidase 4,CC(C)[C@@H](Oc1ccc(CNC(=O)[C@@H]2CCCN2C(=O)CC(N)Cc2ccc(C(F)(F)F)cc2F)cc1)C(=O)O.O=C(O)C(F)(F)F,9.080921907623926,681.6020000000004,4.533100000000003,4,6
1452919,CHEMBL184177,IC50,=,9.5,nM,8.02,CHEMBL284,Dipeptidyl peptidase 4,CC(C)[C@@H](Oc1ccc(CNC(=O)[C@@H]2CCCN2C(=O)CC(N)Cc2cc(F)c(C(F)(F)F)cc2F)cc1)C(=O)O.O=C(O)C(F)(F)F,8.022276394711152,699.5920000000004,4.672200000000003,4,6
1452920,CHEMBL366047,IC50,=,33.0,nM,7.48,CHEMBL284,Dipeptidyl peptidase 4,Cc1ccc(F)cc1CC(N)CC(=O)N1CCC[C@H]1C(=O)NCc1ccc(O[C@@H](C(=O)O)C(C)C)cc1.O=C(O)C(F)(F)F,7.481486060122112,627.6320000000004,3.8227200000000012,4,6
1452921,CHEMBL366048,IC50,=,1.7,nM,8.77,CHEMBL284,Dipeptidyl peptidase 4,CC(C)[C@@H](Oc1ccc(CNC(=O)[C@@H]2CCCN2C(=O)CC(N)Cc2ccc(F)cc2Cl)cc1)C(=O)O.O=C(O)C(F)(F)F,8.769551078621726,648.0500000000004,4.167700000000002,4,6
1452922,CHEMBL184527,IC50,=,1.6,nM,8.8,CHEMBL284,Dipeptidyl peptidase 4,CC(C)[C@@H](Oc1ccc(CNC(=O)[C@@H]2CCCN2C(=O)CC(N)Cc2cc(Cl)ccc2F)cc1)C(=O)O.O=C(O)C(F)(F)F,8.795880017344075,648.0500000000004,4.167700000000002,4,6
1452923,CHEMBL184630,IC50,=,12.0,nM,7.92,CHEMBL284,Dipeptidyl peptidase 4,CC(C)[C@@H](Oc1ccc(CNC(=O)[C@@H]2CCCN2C(=O)CC(N)Cc2cc(C(F)(F)F)ccc2F)cc1)C(=O)O.O=C(O)C(F)(F)F,7.920818753952375,681.6020000000004,4.533100000000003,4,6
1452924,CHEMBL365280,IC50,=,295.0,nM,6.53,CHEMBL284,Dipeptidyl peptidase 4,CC(C)[C@@H](Oc1ccc(CNC(=O)[C@@H]2CCCN2C(=O)CC(N)Cc2cccc(OC(F)(F)F)c2)cc1)C(=O)O.O=C(O)C(F)(F)F,6.530177984021837,679.6110000000004,4.273800000000002,4,7
1452925,CHEMBL451492,IC50,=,161.0,nM,6.79,CHEMBL284,Dipeptidyl peptidase 4,NC(CC(=O)N1CSC[C@H]1C(=O)NCc1ccc(CC(=O)O)cc1)Cc1ccccc1.O=C(O)C(F)(F)F,6.79317412396815,555.5750000000004,2.424800000000001,4,6
1452926,CHEMBL186482,IC50,=,87.0,nM,7.06,CHEMBL284,Dipeptidyl peptidase 4,COC(=O)Cc1ccc(CNC(=O)[C@@H]2CSCN2C(=O)CC(N)Cc2ccccc2F)cc1.O=C(O)C(F)(F)F,7.060480747381382,587.5920000000004,2.652300000000001,3,7
1452939,CHEMBL183060,IC50,=,37.0,nM,7.43,CHEMBL284,Dipeptidyl peptidase 4,NC(CC(=O)N1CSC[C@H]1C(=O)NCc1ccc(CC(=O)O)cc1)Cc1ccccc1F.O=C(O)C(F)(F)F,7.431798275933005,573.5650000000004,2.563900000000001,4,6
1463620,CHEMBL186566,IC50,=,4.0,nM,8.4,CHEMBL284,Dipeptidyl peptidase 4,COc1ccc2c(c1)CN[C@H](C(=O)N1CCC[C@H]1C#N)C2,8.397940008672037,285.34700000000004,1.2240799999999996,1,4
1463624,CHEMBL365000,IC50,=,5.0,nM,8.3,CHEMBL284,Dipeptidyl peptidase 4,CC(C)=CCn1c(N2CCCC(N)C2)nc2c1c(=O)n(CC(=O)c1ccccc1)c(=O)n2C,8.301029995663981,450.54300000000023,1.6732999999999996,1,6
1463625,CHEMBL186406,IC50,=,320.0,nM,6.5,CHEMBL284,Dipeptidyl peptidase 4,CCOC(=O)c1cnc(CN)c2c(OC)cc(OC)cc12,6.494850021680094,290.319,1.8874,1,6
1463626,CHEMBL186308,IC50,=,250.0,nM,6.6,CHEMBL284,Dipeptidyl peptidase 4,CC(=O)Nc1ccc2c(=O)n(CC(C)C)c(CN)c(-c3ccccc3)c2c1,6.6020599913279625,363.461,3.741600000000002,2,3
1463629,CHEMBL363250,IC50,=,7.0,nM,8.15,CHEMBL284,Dipeptidyl peptidase 4,CC(C)(C)[C@H](N)C(=O)N1CCC[C@H]1C#N,8.154901959985743,209.29299999999995,0.8743799999999998,1,3
1479733,CHEMBL189645,IC50,=,980.0,nM,6.01,CHEMBL284,Dipeptidyl peptidase 4,N[C@@H](Cc1ccc(-c2ccc(F)cc2)cc1)C(=O)N1CC[C@H](F)C1.O=C(O)C(F)(F)F,6.008773924307505,444.40000000000015,3.566200000000002,2,3
1479737,CHEMBL189881,IC50,=,64.0,nM,7.19,CHEMBL284,Dipeptidyl peptidase 4,C[C@@H](c1ccc(-c2ccc(F)cc2)cc1)[C@H](N)C(=O)N1CC[C@H](F)C1.O=C(O)C(F)(F)F,7.1938200260161125,458.4270000000002,4.127200000000003,2,3
1479853,CHEMBL365567,IC50,=,390.0,nM,6.41,CHEMBL284,Dipeptidyl peptidase 4,N[C@H](C(=O)N1CC[C@H](F)C1)[C@@H](CO)c1ccc(-c2ccc(F)cc2)cc1.O=C(O)C(F)(F)F,6.4089353929735005,474.42600000000004,3.0996000000000015,3,4
1479857,CHEMBL189046,IC50,=,1600.0,nM,5.8,CHEMBL284,Dipeptidyl peptidase 4,CN(C)C[C@@H](c1ccc(-c2ccc(F)cc2)cc1)[C@H](N)C(=O)N1CC[C@H](F)C1.O=C(O)C(F)(F)F,5.795880017344075,501.4960000000002,3.6689000000000007,2,4
1479861,CHEMBL190031,IC50,=,3500.0,nM,5.46,CHEMBL284,Dipeptidyl peptidase 4,N[C@H](C(=O)N1CC[C@H](F)C1)[C@@H](CN1CCCC1)c1ccc(-c2ccc(F)cc2)cc1.O=C(O)C(F)(F)F,5.455931955649724,527.5340000000001,4.203100000000003,2,4
1479865,CHEMBL191327,IC50,=,6.6,nM,8.18,CHEMBL284,Dipeptidyl peptidase 4,N[C@H](C(=O)N1CC[C@H](F)C1)[C@@H](C(=O)O)c1ccc(-c2ccc(F)cc2)cc1.O=C(O)C(F)(F)F,8.18045606445813,488.4090000000001,3.191900000000002,3,4
1479872,CHEMBL372004,IC50,=,220.0,nM,6.66,CHEMBL284,Dipeptidyl peptidase 4,COC(=O)[C@@H](c1ccc(-c2ccc(F)cc2)cc1)[C@H](N)C(=O)N1CC[C@H](F)C1.O=C(O)C(F)(F)F,6.657577319177793,502.43600000000026,3.2803000000000013,2,5
1479876,CHEMBL191208,IC50,=,110.0,nM,6.96,CHEMBL284,Dipeptidyl peptidase 4,NC(=O)[C@@H](c1ccc(-c2ccc(F)cc2)cc1)[C@H](N)C(=O)N1CC[C@H](F)C1.O=C(O)C(F)(F)F,6.958607314841775,487.42500000000024,2.5926,3,4
1479880,CHEMBL190752,IC50,=,37.0,nM,7.43,CHEMBL284,Dipeptidyl peptidase 4,CNC(=O)[C@@H](c1ccc(-c2ccc(F)cc2)cc1)[C@H](N)C(=O)N1CC[C@H](F)C1.O=C(O)C(F)(F)F,7.431798275933005,501.4520000000002,2.853300000000001,3,4
1479893,CHEMBL191067,IC50,=,12.0,nM,7.92,CHEMBL284,Dipeptidyl peptidase 4,CN(C)C(=O)[C@@H](c1ccc(-c2ccc(F)cc2)cc1)[C@H](N)C(=O)N1CC[C@H](F)C1.O=C(O)C(F)(F)F,7.920818753952375,515.4790000000003,3.195500000000002,2,4
1480024,CHEMBL359581,IC50,=,192.0,nM,6.72,CHEMBL284,Dipeptidyl peptidase 4,N[C@H](C(=O)N1CC[C@H](F)C1)[C@@H](Cn1cnnn1)c1ccc(-c2ccc(F)cc2)cc1.O=C(O)C(F)(F)F,6.716698771296451,526.4660000000001,2.7940000000000005,2,6
1480028,CHEMBL189067,IC50,=,110.0,nM,6.96,CHEMBL284,Dipeptidyl peptidase 4,CCNC(=O)[C@@H](c1ccc(-c2ccc(F)cc2)cc1)[C@H](N)C(=O)N1CC[C@H](F)C1.O=C(O)C(F)(F)F,6.958607314841775,515.4790000000003,3.243400000000001,3,4
1480032,CHEMBL188643,IC50,=,99.0,nM,7.0,CHEMBL284,Dipeptidyl peptidase 4,CC(C)NC(=O)[C@@H](c1ccc(-c2ccc(F)cc2)cc1)[C@H](N)C(=O)N1CC[C@H](F)C1.O=C(O)C(F)(F)F,7.00436480540245,529.5060000000003,3.631900000000001,3,4
1480036,CHEMBL190788,IC50,=,71.0,nM,7.15,CHEMBL284,Dipeptidyl peptidase 4,N[C@H](C(=O)N1CC[C@H](F)C1)[C@@H](C(=O)NC1CC1)c1ccc(-c2ccc(F)cc2)cc1.O=C(O)C(F)(F)F,7.1487416512809245,527.4900000000001,3.3859000000000012,3,4
1480040,CHEMBL190593,IC50,=,94.0,nM,7.03,CHEMBL284,Dipeptidyl peptidase 4,N[C@H](C(=O)N1CC[C@H](F)C1)[C@@H](C(=O)NCCO)c1ccc(-c2ccc(F)cc2)cc1.O=C(O)C(F)(F)F,7.026872146400302,531.4780000000002,2.2157999999999993,4,5
1480044,CHEMBL188444,IC50,=,11.0,nM,7.96,CHEMBL284,Dipeptidyl peptidase 4,N[C@H](C(=O)N1CC[C@H](F)C1)[C@@H](C(=O)Nn1cnnn1)c1ccc(-c2ccc(F)cc2)cc1.O=C(O)C(F)(F)F,7.958607314841775,555.4640000000003,1.8640999999999996,3,7
1480051,CHEMBL425558,IC50,=,20.0,nM,7.7,CHEMBL284,Dipeptidyl peptidase 4,CCN(C)C(=O)[C@@H](c1ccc(-c2ccc(F)cc2)cc1)[C@H](N)C(=O)N1CC[C@H](F)C1.O=C(O)C(F)(F)F,7.698970004336019,529.5060000000003,3.5856000000000012,2,4
1480167,CHEMBL364939,IC50,=,59.0,nM,7.23,CHEMBL284,Dipeptidyl peptidase 4,CCN(CC)C(=O)[C@@H](c1ccc(-c2ccc(F)cc2)cc1)[C@H](N)C(=O)N1CC[C@H](F)C1.O=C(O)C(F)(F)F,7.229147988357855,543.5330000000004,3.9757000000000016,2,4
1480171,CHEMBL188043,IC50,=,44.0,nM,7.36,CHEMBL284,Dipeptidyl peptidase 4,N[C@H](C(=O)N1CC[C@H](F)C1)[C@@H](C(=O)N1CCC1)c1ccc(-c2ccc(F)cc2)cc1.O=C(O)C(F)(F)F,7.356547323513812,527.4900000000001,3.339600000000001,2,4
1480178,CHEMBL191258,IC50,=,9.2,nM,8.04,CHEMBL284,Dipeptidyl peptidase 4,N[C@H](C(=O)N1CC[C@H](F)C1)[C@@H](C(=O)N1CCCC1)c1ccc(-c2ccc(F)cc2)cc1.O=C(O)C(F)(F)F,8.036212172654444,541.5170000000002,3.729700000000002,2,4
1480185,CHEMBL370755,IC50,=,45.0,nM,7.35,CHEMBL284,Dipeptidyl peptidase 4,CON(C)C(=O)[C@@H](c1ccc(-c2ccc(F)cc2)cc1)[C@H](N)C(=O)N1CC[C@H](F)C1.O=C(O)C(F)(F)F,7.346787486224656,531.4780000000003,3.1271000000000013,2,5
1480189,CHEMBL371588,IC50,=,67.0,nM,7.17,CHEMBL284,Dipeptidyl peptidase 4,CN(C)NC(=O)[C@@H](c1ccc(-c2ccc(F)cc2)cc1)[C@H](N)C(=O)N1CC[C@H](F)C1.O=C(O)C(F)(F)F,7.173925197299173,530.4940000000003,2.7001,3,5
1480193,CHEMBL370509,IC50,=,100.0,nM,7.0,CHEMBL284,Dipeptidyl peptidase 4,CN(C)C(=O)[C@@H](c1ccc(-c2ccc(F)cc2)cc1)[C@H](N)C(=O)N1CCC1.O=C(O)C(F)(F)F,7.0,483.4620000000002,2.857400000000001,2,4
1480197,CHEMBL363115,IC50,=,17.0,nM,7.77,CHEMBL284,Dipeptidyl peptidase 4,CN(C)C(=O)[C@@H](c1ccc(-c2ccc(F)cc2)cc1)[C@H](N)C(=O)N1CC(F)C1.O=C(O)C(F)(F)F,7.769551078621726,501.45200000000017,2.8054000000000006,2,4
1480201,CHEMBL364355,IC50,=,29.0,nM,7.54,CHEMBL284,Dipeptidyl peptidase 4,CN(C)C(=O)[C@@H](c1ccc(-c2ccc(F)cc2)cc1)[C@H](N)C(=O)N1CC(F)(F)C1.O=C(O)C(F)(F)F,7.5376020021010435,519.4420000000002,3.1026000000000007,2,4
1480205,CHEMBL190466,IC50,=,7.5,nM,8.12,CHEMBL284,Dipeptidyl peptidase 4,CN(C)C(=O)[C@@H](c1ccc(-c2ccc(F)cc2)cc1)[C@H](N)C(=O)N1CCCC1.O=C(O)C(F)(F)F,8.1249387366083,497.48900000000026,3.2475000000000014,2,4
1480324,CHEMBL372486,IC50,=,30.0,nM,7.52,CHEMBL284,Dipeptidyl peptidase 4,CN(C)C(=O)[C@@H](c1ccc(-c2ccc(F)cc2)cc1)[C@H](N)C(=O)N1CC[C@@H](F)C1.O=C(O)C(F)(F)F,7.522878745280337,515.4790000000003,3.195500000000002,2,4
1480328,CHEMBL191337,IC50,=,27.0,nM,7.57,CHEMBL284,Dipeptidyl peptidase 4,CN(C)C(=O)[C@@H](c1ccc(-c2ccc(F)cc2)cc1)[C@H](N)C(=O)N1CCC(F)(F)C1.O=C(O)C(F)(F)F,7.568636235841013,533.4690000000003,3.492700000000001,2,4
1480332,CHEMBL190863,IC50,=,9.1,nM,8.04,CHEMBL284,Dipeptidyl peptidase 4,CN(C)C(=O)[C@@H](c1ccc(-c2ccc(F)cc2)cc1)[C@H](N)C(=O)N1CCSC1.O=C(O)C(F)(F)F,8.040958607678906,515.5290000000002,3.1580000000000013,2,5
1480339,CHEMBL365967,IC50,=,230.0,nM,6.64,CHEMBL284,Dipeptidyl peptidase 4,CN(C)C(=O)[C@@H](c1ccc(-c2ccc(F)cc2)cc1)[C@H](N)C(=O)N1CCS(=O)(=O)C1.O=C(O)C(F)(F)F,6.638272163982407,547.5270000000004,1.8396,2,6
1480343,CHEMBL189055,IC50,=,3.3,nM,8.48,CHEMBL284,Dipeptidyl peptidase 4,CN(C)C(=O)[C@@H](c1ccc(-c2ccc(F)cc2)cc1)[C@H](N)C(=O)N1CCC[C@H]1C#N.O=C(O)C(F)(F)F,8.481486060122112,522.4990000000003,3.139680000000001,2,5
1480347,CHEMBL190923,IC50,=,550.0,nM,6.26,CHEMBL284,Dipeptidyl peptidase 4,CN(C)C(=O)[C@@H](c1ccc(-c2ccc(F)cc2)cc1)[C@H](N)C(=O)N1CCCCC1.O=C(O)C(F)(F)F,6.259637310505756,511.5160000000003,3.6376000000000017,2,4
1480351,CHEMBL371347,IC50,=,520.0,nM,6.28,CHEMBL284,Dipeptidyl peptidase 4,CN(C)C(=O)[C@@H](c1ccc(-c2ccc(F)cc2)cc1)[C@H](N)C(=O)N1CCOCC1.O=C(O)C(F)(F)F,6.2839966563652006,513.4880000000003,2.4838999999999993,2,5
1480355,CHEMBL188096,IC50,=,13.0,nM,7.89,CHEMBL284,Dipeptidyl peptidase 4,CN(C)C(=O)[C@@H](c1ccc(-c2ccc(F)cc2F)cc1)[C@H](N)C(=O)N1CC[C@H](F)C1.O=C(O)C(F)(F)F,7.886056647693163,533.4690000000003,3.334600000000001,2,4
1480359,CHEMBL190217,IC50,=,21.0,nM,7.68,CHEMBL284,Dipeptidyl peptidase 4,CN(C)C(=O)[C@@H](c1ccc(-c2ccc(F)c(F)c2)cc1)[C@H](N)C(=O)N1CC[C@H](F)C1.O=C(O)C(F)(F)F,7.6777807052660805,533.4690000000003,3.334600000000001,2,4
1480363,CHEMBL191486,IC50,=,56.0,nM,7.25,CHEMBL284,Dipeptidyl peptidase 4,CN(C)C(=O)[C@@H](c1ccc(-c2cc(F)ccc2F)cc1)[C@H](N)C(=O)N1CC[C@H](F)C1.O=C(O)C(F)(F)F,7.251811972993799,533.4690000000003,3.334600000000001,2,4
1480367,CHEMBL190269,IC50,=,43.0,nM,7.37,CHEMBL284,Dipeptidyl peptidase 4,CN(C)C(=O)[C@@H](c1ccc(-c2cccc(C#N)c2)cc1)[C@H](N)C(=O)N1CC[C@H](F)C1.O=C(O)C(F)(F)F,7.366531544420414,522.4990000000003,2.9280800000000005,2,5
1480489,CHEMBL191473,IC50,=,2.2,nM,8.66,CHEMBL284,Dipeptidyl peptidase 4,CN(C)C(=O)[C@@H](c1ccc(-c2cccc(-n3cnnn3)c2)cc1)[C@H](N)C(=O)N1CC[C@H](F)C1.O=C(O)C(F)(F)F,8.657577319177793,565.5280000000004,2.0320999999999994,2,7
1480496,CHEMBL370677,IC50,=,21.0,nM,7.68,CHEMBL284,Dipeptidyl peptidase 4,CN(C)C(=O)[C@@H](c1ccc(-c2cccc(S(C)(=O)=O)c2)cc1)[C@H](N)C(=O)N1CC[C@H](F)C1.O=C(O)C(F)(F)F,7.6777807052660805,575.5810000000005,2.4599,2,6
1480503,CHEMBL541919,IC50,=,19.0,nM,7.72,CHEMBL284,Dipeptidyl peptidase 4,CN(C)C(=O)[C@@H](c1ccc(-c2cccc(-[n+]3ccccc3)c2)cc1)[C@H](N)C(=O)N1CC[C@H](F)C1.O=C([O-])C(F)(F)F,7.721246399047171,574.5750000000004,1.9983999999999997,1,5
1480507,CHEMBL552503,IC50,=,20.0,nM,7.7,CHEMBL284,Dipeptidyl peptidase 4,CN(C)C(=O)[C@@H](c1ccc(-c2ccc(-[n+]3ccccc3)cc2)cc1)[C@H](N)C(=O)N1CC[C@H](F)C1.O=C([O-])C(F)(F)F,7.698970004336019,574.5750000000004,1.9983999999999997,1,5
1485682,CHEMBL369883,IC50,=,63.0,nM,7.2,CHEMBL284,Dipeptidyl peptidase 4,COc1cc2c(cc1OC)CN(C(=O)C[C@H](N)C(=O)N1CCC[C@H]1C#N)CC2,7.200659450546418,386.4520000000002,0.8204800000000008,1,6
1485712,CHEMBL193105,IC50,=,45.0,nM,7.35,CHEMBL284,Dipeptidyl peptidase 4,COc1cc2c(cc1OC)C(CCO)N(C(=O)C[C@H](N)C(=O)N1CCC[C@H]1C#N)CC2,7.346787486224656,430.5050000000003,0.7439800000000014,2,7
1485714,CHEMBL192116,IC50,=,47.0,nM,7.33,CHEMBL284,Dipeptidyl peptidase 4,COc1cc2c(cc1OC)C(C(C)C)N(C(=O)C[C@H](N)C(=O)N1CCC[C@H]1C#N)CC2,7.327902142064283,428.5330000000003,2.0175799999999997,1,6
1485949,CHEMBL373148,IC50,=,73.0,nM,7.14,CHEMBL284,Dipeptidyl peptidase 4,COc1cc2c(cc1OC)C(C(C)(C)C)N(C(=O)C[C@H](N)C(=O)N1CCC[C@H]1C#N)CC2,7.136677139879544,442.56000000000034,2.40768,1,6
1485951,CHEMBL193202,IC50,=,72.0,nM,7.14,CHEMBL284,Dipeptidyl peptidase 4,COc1ccc2c(c1)CCN(C(=O)C[C@H](N)C(=O)N1CCC[C@H]1C#N)C2C(C)(C)C,7.142667503568732,412.5340000000002,2.3990800000000005,1,5
1485953,CHEMBL191866,IC50,=,195.0,nM,6.71,CHEMBL284,Dipeptidyl peptidase 4,COc1ccc2c(c1)C(C(C)(C)C)N(C(=O)C[C@H](N)C(=O)N1CCC[C@H]1C#N)CC2,6.709965388637482,412.5340000000003,2.3990800000000005,1,5
1485971,CHEMBL364922,IC50,=,87.0,nM,7.06,CHEMBL284,Dipeptidyl peptidase 4,N#Cc1ccc[n+](N2CCN(C(=O)C[C@H](N)C(=O)N3CCC[C@H]3C#N)CC2)c1,7.060480747381382,382.4480000000002,-1.1420399999999968,1,6
1485973,CHEMBL190029,IC50,=,123.0,nM,6.91,CHEMBL284,Dipeptidyl peptidase 4,N#C[C@@H]1CCCN1C(=O)[C@@H](N)CC(=O)N1CCN(C(=O)c2ccccc2)CC1,6.910094888560602,383.45200000000017,0.20298000000000216,1,5
1485975,CHEMBL365113,IC50,=,238.0,nM,6.62,CHEMBL284,Dipeptidyl peptidase 4,N#C[C@@H]1CCCN1C(=O)[C@@H](N)CC(=O)NCc1ccccc1,6.623423042943488,300.362,0.5347800000000005,2,4
1485985,CHEMBL190183,IC50,=,97.0,nM,7.01,CHEMBL284,Dipeptidyl peptidase 4,COc1cc2c(cc1OC)C(Cc1ccccc1)N(C(=O)C[C@H](N)C(=O)N1CCC[C@H]1C#N)CC2,7.013228265733755,476.5770000000004,2.60428,1,6
1488473,CHEMBL191274,IC50,=,212.0,nM,6.67,CHEMBL284,Dipeptidyl peptidase 4,CC(C)C(NC(=O)C[C@H](N)C(=O)N1CCC[C@H]1C#N)c1ccccc1,6.673664139071248,342.443,1.7318800000000005,2,4
1488475,CHEMBL189220,IC50,=,251.0,nM,6.6,CHEMBL284,Dipeptidyl peptidase 4,CC(C)(C)C(NC(=O)C[C@H](N)C(=O)N1CCC[C@H]1C#N)c1ccccc1,6.600326278518962,356.47,2.1219800000000006,2,4
1488477,CHEMBL191577,IC50,=,116.0,nM,6.94,CHEMBL284,Dipeptidyl peptidase 4,COc1ccc(CCNC(=O)C[C@H](N)C(=O)N2CCC[C@H]2C#N)cc1OC,6.935542010773082,374.44100000000014,0.5944800000000017,2,6
1488577,CHEMBL359759,IC50,=,252.0,nM,6.6,CHEMBL284,Dipeptidyl peptidase 4,N#C[C@@H]1CCCN1C(=O)[C@@H](N)CC(=O)NC(Cc1ccccc1)c1ccccc1,6.598599459218456,390.4870000000001,2.3185800000000008,2,4
1488600,CHEMBL192733,IC50,=,182.0,nM,6.74,CHEMBL284,Dipeptidyl peptidase 4,COCC(Cc1ccccc1)NC(=O)C[C@H](N)C(=O)N1CCC[C@H]1C#N,6.739928612014925,358.4420000000002,0.5922800000000016,2,5
1488602,CHEMBL193106,IC50,=,305.0,nM,6.52,CHEMBL284,Dipeptidyl peptidase 4,CC(C)C(Cc1ccccc1)NC(=O)C[C@H](N)C(=O)N1CCC[C@H]1C#N,6.515700160653214,356.47000000000014,1.6018800000000004,2,4
1489233,CHEMBL189258,IC50,=,140.0,nM,6.85,CHEMBL284,Dipeptidyl peptidase 4,CCC(NC(=O)C[C@H](N)C(=O)N1CCC[C@H]1C#N)c1ccccc1,6.853871964321762,328.416,1.4858800000000005,2,4
1495788,CHEMBL193168,IC50,=,6.7,nM,8.17,CHEMBL284,Dipeptidyl peptidase 4,N#C[C@@H]1CCCN1C(=O)[C@@H]1C[C@H](NS(=O)(=O)c2ccccc2)CN1,8.173925197299173,348.42800000000005,0.2099800000000001,2,5
1495793,CHEMBL195063,IC50,=,0.33,nM,9.48,CHEMBL284,Dipeptidyl peptidase 4,COc1ccc(N[C@@H]2CN[C@H](C(=O)N3CCC[C@H]3C#N)C2)cc1,9.481486060122112,314.389,1.3521799999999997,2,5
1495795,CHEMBL433811,IC50,=,0.28,nM,9.55,CHEMBL284,Dipeptidyl peptidase 4,COc1ccc(N[C@@H]2CN[C@H](C(=O)N3CCC[C@H]3C#N)C2)cc1OC,9.55284196865778,344.4150000000001,1.3607799999999999,2,6
1495797,CHEMBL371143,IC50,=,0.19,nM,9.72,CHEMBL284,Dipeptidyl peptidase 4,N#Cc1ccc(N[C@@H]2CN[C@H](C(=O)N3CCC[C@H]3C#N)C2)cc1,9.721246399047171,309.373,1.2152599999999991,2,5
1495799,CHEMBL370540,IC50,=,0.18,nM,9.74,CHEMBL284,Dipeptidyl peptidase 4,N#C[C@@H]1CCCN1C(=O)[C@@H]1C[C@H](Nc2ccc([N+](=O)[O-])cc2)CN1,9.744727494896694,329.3600000000001,1.2517799999999994,2,6
1495801,CHEMBL370046,IC50,=,0.13,nM,9.89,CHEMBL284,Dipeptidyl peptidase 4,N#Cc1ccc(N[C@@H]2CN[C@H](C(=O)N3CCC[C@H]3C#N)C2)cc1C#N,9.886056647693163,334.38300000000004,1.0869399999999991,2,6
1495803,CHEMBL194717,IC50,=,0.13,nM,9.89,CHEMBL284,Dipeptidyl peptidase 4,N#Cc1ccc(N[C@@H]2CN[C@H](C(=O)N3CCC[C@H]3C#N)C2)cc1Cl,9.886056647693163,343.818,1.868659999999999,2,5
1495811,CHEMBL191775,IC50,=,460.0,nM,6.34,CHEMBL284,Dipeptidyl peptidase 4,CC[C@@H](C)[C@H](N)C(=O)N1CCSC1,6.337242168318426,202.32299999999995,0.8927000000000002,1,3
1495814,CHEMBL192983,IC50,=,968.0,nM,6.01,CHEMBL284,Dipeptidyl peptidase 4,C[C@@H](c1ccccc1)[C@H](N)C(=O)N1CCSC1,6.014124642691606,250.3669999999999,1.6502999999999999,1,3
1495820,CHEMBL362973,IC50,=,1400.0,nM,5.85,CHEMBL284,Dipeptidyl peptidase 4,C[C@@H](c1ccccc1)[C@H](N)C(=O)N1CC[C@H](F)C1.O=C(O)C(F)(F)F,5.853871964321762,364.33899999999994,2.3211,2,3
1495824,CHEMBL362976,IC50,=,1100.0,nM,5.96,CHEMBL284,Dipeptidyl peptidase 4,C[C@@H](c1ccccc1F)[C@H](N)C(=O)N1CC[C@H](F)C1.O=C(O)C(F)(F)F,5.958607314841775,382.329,2.4602000000000004,2,3
1495914,CHEMBL370734,IC50,=,480.0,nM,6.32,CHEMBL284,Dipeptidyl peptidase 4,C[C@@H](c1ccc(Cl)cc1F)[C@H](N)C(=O)N1CC[C@H](F)C1.O=C(O)C(F)(F)F,6.318758762624412,416.77400000000006,3.1136000000000017,2,3
1495918,CHEMBL195862,IC50,=,4200.0,nM,5.38,CHEMBL284,Dipeptidyl peptidase 4,C[C@@H](c1ccc(F)cc1Cl)[C@H](N)C(=O)N1CC[C@H](F)C1.O=C(O)C(F)(F)F,5.376750709602099,416.77400000000006,3.1136000000000017,2,3
1495922,CHEMBL191652,IC50,=,54000.0,nM,4.27,CHEMBL284,Dipeptidyl peptidase 4,C[C@@H](c1ccc(F)cc1C(F)(F)F)[C@H](N)C(=O)N1CC[C@H](F)C1.O=C(O)C(F)(F)F,4.267606240177032,450.32600000000014,3.479000000000002,2,3
1495926,CHEMBL191823,IC50,=,3700.0,nM,5.43,CHEMBL284,Dipeptidyl peptidase 4,C[C@@H](c1cccc(F)c1)[C@H](N)C(=O)N1CC[C@H](F)C1.O=C(O)C(F)(F)F,5.431798275933005,382.329,2.4602000000000004,2,3
1495930,CHEMBL192781,IC50,=,1100.0,nM,5.96,CHEMBL284,Dipeptidyl peptidase 4,C[C@@H](c1cccc(Cl)c1)[C@H](N)C(=O)N1CC[C@H](F)C1.O=C(O)C(F)(F)F,5.958607314841775,398.78400000000005,2.974500000000001,2,3
1495934,CHEMBL195270,IC50,=,3700.0,nM,5.43,CHEMBL284,Dipeptidyl peptidase 4,C[C@@H](c1cc(F)cc(F)c1)[C@H](N)C(=O)N1CC[C@H](F)C1.O=C(O)C(F)(F)F,5.431798275933005,400.3190000000001,2.5993000000000004,2,3
1495938,CHEMBL366173,IC50,=,1100.0,nM,5.96,CHEMBL284,Dipeptidyl peptidase 4,C[C@@H](c1ccc(F)c(F)c1)[C@H](N)C(=O)N1CC[C@H](F)C1.O=C(O)C(F)(F)F,5.958607314841775,400.3190000000001,2.5993000000000004,2,3
1495943,CHEMBL364093,IC50,=,2800.0,nM,5.55,CHEMBL284,Dipeptidyl peptidase 4,C[C@@H](c1ccc(F)c(Cl)c1)[C@H](N)C(=O)N1CC[C@H](F)C1.O=C(O)C(F)(F)F,5.552841968657781,416.77400000000006,3.1136000000000026,2,3
1495950,CHEMBL365575,IC50,=,280.0,nM,6.55,CHEMBL284,Dipeptidyl peptidase 4,C[C@@H](c1ccc(F)cc1)[C@H](N)C(=O)N1CC[C@H](F)C1.O=C(O)C(F)(F)F,6.552841968657781,382.329,2.4602000000000004,2,3
1496042,CHEMBL191354,IC50,=,250.0,nM,6.6,CHEMBL284,Dipeptidyl peptidase 4,C[C@@H](c1ccc(Br)cc1)[C@H](N)C(=O)N1CC[C@H](F)C1.O=C(O)C(F)(F)F,6.6020599913279625,443.2350000000001,3.0836000000000015,2,3
1496046,CHEMBL190454,IC50,=,170.0,nM,6.77,CHEMBL284,Dipeptidyl peptidase 4,C[C@@H](c1ccc(Cl)cc1)[C@H](N)C(=O)N1CC[C@H](F)C1.O=C(O)C(F)(F)F,6.769551078621726,398.78400000000005,2.974500000000001,2,3
1496050,CHEMBL192365,IC50,=,360.0,nM,6.44,CHEMBL284,Dipeptidyl peptidase 4,CSc1ccc([C@H](C)[C@H](N)C(=O)N2CC[C@H](F)C2)cc1.O=C(O)C(F)(F)F,6.443697499232712,410.43300000000005,3.043000000000001,2,4
1496054,CHEMBL194489,IC50,=,600.0,nM,6.22,CHEMBL284,Dipeptidyl peptidase 4,C[C@@H](c1ccc(C(F)(F)F)cc1)[C@H](N)C(=O)N1CC[C@H](F)C1.O=C(O)C(F)(F)F,6.221848749616356,432.3360000000001,3.339900000000002,2,3
1496058,CHEMBL370079,IC50,=,3600.0,nM,5.44,CHEMBL284,Dipeptidyl peptidase 4,C[C@@H](c1ccc(S(C)(=O)=O)cc1)[C@H](N)C(=O)N1CC[C@H](F)C1.O=C(O)C(F)(F)F,5.443697499232712,442.43100000000015,1.7246000000000004,2,5
1496062,CHEMBL369888,IC50,=,770.0,nM,6.11,CHEMBL284,Dipeptidyl peptidase 4,COc1ccc([C@H](C)[C@H](N)C(=O)N2CC[C@H](F)C2)cc1.O=C(O)C(F)(F)F,6.113509274827518,394.36499999999995,2.3297,2,4
1496066,CHEMBL191933,IC50,=,120.0,nM,6.92,CHEMBL284,Dipeptidyl peptidase 4,C[C@@H](c1ccc(-c2ccccc2)cc1)[C@H](N)C(=O)N1CC[C@H](F)C1.O=C(O)C(F)(F)F,6.920818753952375,440.4370000000002,3.988100000000002,2,3
1496070,CHEMBL365996,IC50,=,2000.0,nM,5.7,CHEMBL284,Dipeptidyl peptidase 4,C[C@@H](c1ccc(-c2ccccc2)c(F)c1)[C@H](N)C(=O)N1CC[C@H](F)C1.O=C(O)C(F)(F)F,5.698970004336019,458.4270000000002,4.127200000000002,2,3
1496074,CHEMBL362930,IC50,=,7900.0,nM,5.1,CHEMBL284,Dipeptidyl peptidase 4,C[C@@H](c1ccc(N2CCCCC2)cc1)[C@H](N)C(=O)N1CC[C@H](F)C1.O=C(O)C(F)(F)F,5.102372908709558,447.4730000000001,3.3114000000000017,2,4
1496174,CHEMBL552788,IC50,=,1700.0,nM,5.77,CHEMBL284,Dipeptidyl peptidase 4,C[C@@H](c1ccc(C(=O)[n+]2ccc[nH]2)cc1)[C@H](N)C(=O)N1CC[C@H](F)C1.O=C([O-])C(F)(F)F,5.769551078621726,458.41200000000026,0.2905000000000011,2,5
1496178,CHEMBL192396,IC50,=,1500.0,nM,5.82,CHEMBL284,Dipeptidyl peptidase 4,C[C@@H](c1ccc(-c2nccs2)cc1)[C@H](N)C(=O)N1CC[C@H](F)C1.O=C(O)C(F)(F)F,5.823908740944319,447.4540000000002,3.444600000000001,2,5
1496182,CHEMBL191858,IC50,=,240.0,nM,6.62,CHEMBL284,Dipeptidyl peptidase 4,C[C@@H](c1ccc(-c2ccccn2)cc1)[C@H](N)C(=O)N1CC[C@H](F)C1.O=C(O)C(F)(F)F,6.619788758288394,441.4250000000002,3.3831000000000007,2,4
1496186,CHEMBL195205,IC50,=,110.0,nM,6.96,CHEMBL284,Dipeptidyl peptidase 4,C[C@@H](c1ccc(-c2cccnc2)cc1)[C@H](N)C(=O)N1CC[C@H](F)C1.O=C(O)C(F)(F)F,6.958607314841775,441.4250000000002,3.3831000000000007,2,4
1496190,CHEMBL371846,IC50,=,110.0,nM,6.96,CHEMBL284,Dipeptidyl peptidase 4,C[C@@H](c1ccc(-c2ccncc2)cc1)[C@H](N)C(=O)N1CC[C@H](F)C1.O=C(O)C(F)(F)F,6.958607314841775,441.4250000000001,3.3831000000000007,2,4
1496194,CHEMBL192449,IC50,=,580.0,nM,6.24,CHEMBL284,Dipeptidyl peptidase 4,C[C@@H](c1ccc(-c2cncnc2)cc1)[C@H](N)C(=O)N1CC[C@H](F)C1.O=C(O)C(F)(F)F,6.236572006437063,442.4130000000002,2.7781000000000002,2,5
1496198,CHEMBL370240,IC50,=,100.0,nM,7.0,CHEMBL284,Dipeptidyl peptidase 4,C[C@@H](c1ccc(-c2ccccc2F)cc1)[C@H](N)C(=O)N1CC[C@H](F)C1.O=C(O)C(F)(F)F,7.0,458.4270000000002,4.127200000000002,2,3
1496202,CHEMBL191769,IC50,=,86.0,nM,7.07,CHEMBL284,Dipeptidyl peptidase 4,C[C@@H](c1ccc(-c2ccccc2Cl)cc1)[C@H](N)C(=O)N1CC[C@H](F)C1.O=C(O)C(F)(F)F,7.0655015487564325,474.88200000000023,4.641500000000003,2,3
1496206,CHEMBL365953,IC50,=,110.0,nM,6.96,CHEMBL284,Dipeptidyl peptidase 4,COc1ccccc1-c1ccc([C@H](C)[C@H](N)C(=O)N2CC[C@H](F)C2)cc1.O=C(O)C(F)(F)F,6.958607314841775,470.46300000000014,3.9967000000000015,2,4
1496210,CHEMBL425375,IC50,=,130.0,nM,6.89,CHEMBL284,Dipeptidyl peptidase 4,C[C@@H](c1ccc(-c2ccccc2C(F)(F)F)cc1)[C@H](N)C(=O)N1CC[C@H](F)C1.O=C(O)C(F)(F)F,6.886056647693163,508.4340000000002,5.006900000000004,2,3
1496316,CHEMBL372472,IC50,=,150.0,nM,6.82,CHEMBL284,Dipeptidyl peptidase 4,Cc1ccccc1-c1ccc([C@H](C)[C@H](N)C(=O)N2CC[C@H](F)C2)cc1.O=C(O)C(F)(F)F,6.823908740944319,454.4640000000001,4.296520000000002,2,3
1496320,CHEMBL192425,IC50,=,75.0,nM,7.12,CHEMBL284,Dipeptidyl peptidase 4,CCOC(=O)c1cccc(-c2ccc([C@H](C)[C@H](N)C(=O)N3CC[C@H](F)C3)cc2)c1.O=C(O)C(F)(F)F,7.1249387366083,512.5000000000002,4.164800000000002,2,5
1496324,CHEMBL263326,IC50,=,150.0,nM,6.82,CHEMBL284,Dipeptidyl peptidase 4,C[C@@H](c1ccc(-c2cccc(NS(C)(=O)=O)c2)cc1)[C@H](N)C(=O)N1CC[C@H](F)C1.O=C(O)C(F)(F)F,6.823908740944319,533.5440000000003,3.3596000000000013,3,5
1496328,CHEMBL195755,IC50,=,56.0,nM,7.25,CHEMBL284,Dipeptidyl peptidase 4,C[C@@H](c1ccc(-c2cccc(C(=O)O)c2)cc1)[C@H](N)C(=O)N1CC[C@H](F)C1.O=C(O)C(F)(F)F,7.251811972993799,484.4460000000002,3.686300000000001,3,4
1496336,CHEMBL365780,IC50,=,110.0,nM,6.96,CHEMBL284,Dipeptidyl peptidase 4,C[C@@H](c1ccc(-c2cccc(S(C)(=O)=O)c2)cc1)[C@H](N)C(=O)N1CC[C@H](F)C1.O=C(O)C(F)(F)F,6.958607314841775,518.5290000000002,3.3916000000000013,2,5
1496340,CHEMBL366031,IC50,=,140.0,nM,6.85,CHEMBL284,Dipeptidyl peptidase 4,C[C@@H](c1ccc(-c2cccc(S(N)(=O)=O)c2)cc1)[C@H](N)C(=O)N1CC[C@H](F)C1.O=C(O)C(F)(F)F,6.853871964321762,519.5170000000003,2.6355000000000004,3,5
1496344,CHEMBL192117,IC50,=,27.0,nM,7.57,CHEMBL284,Dipeptidyl peptidase 4,C[C@@H](c1ccc(-c2cccc(NS(=O)(=O)C(F)(F)F)c2)cc1)[C@H](N)C(=O)N1CC[C@H](F)C1.O=C(O)C(F)(F)F,7.568636235841013,587.5140000000004,4.249600000000003,3,5
1496348,CHEMBL192421,IC50,=,100.0,nM,7.0,CHEMBL284,Dipeptidyl peptidase 4,C[C@@H](c1ccc(-c2cccc(C(N)=O)c2)cc1)[C@H](N)C(=O)N1CC[C@H](F)C1.O=C(O)C(F)(F)F,7.0,483.4620000000002,3.0870000000000006,3,4
1497096,CHEMBL192980,IC50,=,510.0,nM,6.29,CHEMBL284,Dipeptidyl peptidase 4,C[C@@H](c1ccc(-c2ccc(C(F)(F)F)cc2)cc1)[C@H](N)C(=O)N1CC[C@H](F)C1.O=C(O)C(F)(F)F,6.292429823902063,508.4340000000002,5.006900000000004,2,3
1497809,CHEMBL195420,IC50,=,0.25,nM,9.6,CHEMBL284,Dipeptidyl peptidase 4,N#Cc1ccc(N[C@@H]2CN[C@H](C(=O)N3CCC[C@H]3C#N)C2)nc1,9.602059991327963,310.361,0.6102599999999991,2,6
1497811,CHEMBL192165,IC50,=,6.6,nM,8.18,CHEMBL284,Dipeptidyl peptidase 4,N#Cc1ccc(N[C@H]2CN[C@H](C(=O)N3CCC[C@H]3C#N)C2)nc1,8.18045606445813,310.361,0.6102599999999991,2,6
1497822,CHEMBL381626,IC50,=,2.9,nM,8.54,CHEMBL284,Dipeptidyl peptidase 4,N#C[C@@H]1CCCN1C(=O)[C@@H]1CCCN1,8.537602002101044,193.25,0.2529799999999998,1,3
1497826,CHEMBL191699,IC50,=,9.7,nM,8.01,CHEMBL284,Dipeptidyl peptidase 4,N#C[C@@H]1CCCN1C(=O)[C@@H]1C[C@H](N)CN1,8.013228265733755,208.26500000000001,-0.8098199999999987,2,4
1497828,CHEMBL192882,IC50,=,3.0,nM,8.52,CHEMBL284,Dipeptidyl peptidase 4,N#C[C@@H]1CCCN1C(=O)[C@@H]1C[C@H](NC2CCCCC2)CN1,8.522878745280337,290.41100000000006,1.1537799999999996,2,4
1497830,CHEMBL195335,IC50,=,0.53,nM,9.28,CHEMBL284,Dipeptidyl peptidase 4,N#C[C@@H]1CCCN1C(=O)[C@@H]1C[C@H](Nc2ccccc2)CN1,9.275724130399212,284.36300000000006,1.3435799999999996,2,4
1497832,CHEMBL195804,IC50,=,4.6,nM,8.34,CHEMBL284,Dipeptidyl peptidase 4,N#C[C@@H]1CCCN1C(=O)[C@@H]1C[C@H](NCc2ccccc2)CN1,8.337242168318426,298.39000000000004,1.0212799999999995,2,4
1497834,CHEMBL194993,IC50,=,1.9,nM,8.72,CHEMBL284,Dipeptidyl peptidase 4,N#C[C@@H]1CCCN1C(=O)[C@@H]1C[C@H](NCCc2ccccc2)CN1,8.721246399047171,312.41700000000003,1.063779999999999,2,4
1497836,CHEMBL539939,IC50,=,5.5,nM,8.26,CHEMBL284,Dipeptidyl peptidase 4,N#C[C@@H]1CCCN1C(=O)[C@@H]1C[C@H](NC(=O)c2ccccc2)CN1,8.259637310505756,312.37300000000005,0.6614799999999995,2,4
1497838,CHEMBL371585,IC50,=,1.5,nM,8.82,CHEMBL284,Dipeptidyl peptidase 4,N#C[C@@H]1CCCN1C(=O)[C@@H]1C[C@H](NC(=O)Nc2ccccc2)CN1,8.823908740944319,327.3880000000001,1.05318,3,4
1500100,CHEMBL195905,IC50,=,95.0,nM,7.02,CHEMBL284,Dipeptidyl peptidase 4,C[C@@H](c1ccc(-c2cccc(-c3n[nH]c(O)n3)c2)cc1)[C@H](N)C(=O)N1CC[C@H](F)C1.O=C(O)C(F)(F)F,7.022276394711152,523.4870000000003,3.4788000000000006,4,6
1500121,CHEMBL364057,IC50,=,110.0,nM,6.96,CHEMBL284,Dipeptidyl peptidase 4,C[C@@H](c1ccc(-c2cccc(-c3c[nH]c(O)n3)c2)cc1)[C@H](N)C(=O)N1CC[C@H](F)C1.O=C(O)C(F)(F)F,6.958607314841775,522.4990000000003,4.083800000000002,4,5
1500378,CHEMBL190979,IC50,=,98.0,nM,7.01,CHEMBL284,Dipeptidyl peptidase 4,C[C@@H](c1ccc(-c2cccc(-c3nc[nH]n3)c2)cc1)[C@H](N)C(=O)N1CC[C@H](F)C1.O=C(O)C(F)(F)F,7.008773924307505,507.4880000000003,3.773200000000001,3,5
1500382,CHEMBL370033,IC50,=,140.0,nM,6.85,CHEMBL284,Dipeptidyl peptidase 4,C[C@@H](c1ccc(-c2cccc(-c3noc(C4CC4)n3)c2)cc1)[C@H](N)C(=O)N1CC[C@H](F)C1.O=C(O)C(F)(F)F,6.853871964321762,548.5370000000003,4.915500000000004,2,6
1500759,CHEMBL195378,IC50,=,6.0,nM,8.22,CHEMBL284,Dipeptidyl peptidase 4,C[C@@H](c1ccc(-c2cccc(-c3nn[nH]n3)c2)cc1)[C@H](N)C(=O)N1CC[C@H](F)C1.O=C(O)C(F)(F)F,8.221848749616356,508.4760000000003,3.1682000000000006,3,6
1500770,CHEMBL370072,IC50,=,3.0,nM,8.52,CHEMBL284,Dipeptidyl peptidase 4,C[C@@H](c1ccc(-c2cccc(-c3noc(O)n3)c2)cc1)[C@H](N)C(=O)N1CC[C@H](F)C1.O=C(O)C(F)(F)F,8.522878745280337,524.4710000000002,3.7437000000000014,3,7
1500970,CHEMBL195443,IC50,=,130.0,nM,6.89,CHEMBL284,Dipeptidyl peptidase 4,COc1ccc(-c2ccc([C@H](C)[C@H](N)C(=O)N3CC[C@H](F)C3)cc2)cc1.O=C(O)C(F)(F)F,6.886056647693163,470.4630000000001,3.9967000000000024,2,4
1500974,CHEMBL191514,IC50,=,390.0,nM,6.41,CHEMBL284,Dipeptidyl peptidase 4,Cc1ccc(-c2ccc([C@H](C)[C@H](N)C(=O)N3CC[C@H](F)C3)cc2)cc1.O=C(O)C(F)(F)F,6.4089353929735005,454.46400000000006,4.296520000000003,2,3
1501222,CHEMBL193887,IC50,=,710.0,nM,6.15,CHEMBL284,Dipeptidyl peptidase 4,C[C@@H](c1ccc(-c2ccc(NS(C)(=O)=O)cc2)cc1)[C@H](N)C(=O)N1CC[C@H](F)C1.O=C(O)C(F)(F)F,6.1487416512809245,533.5440000000003,3.3596000000000013,3,5
1501226,CHEMBL363175,IC50,=,440.0,nM,6.36,CHEMBL284,Dipeptidyl peptidase 4,CCOC(=O)c1ccc(-c2ccc([C@H](C)[C@H](N)C(=O)N3CC[C@H](F)C3)cc2)cc1.O=C(O)C(F)(F)F,6.356547323513812,512.5000000000002,4.164800000000002,2,5
1501481,CHEMBL191906,IC50,=,370.0,nM,6.43,CHEMBL284,Dipeptidyl peptidase 4,C[C@@H](c1ccc(-c2ccc(C(=O)O)cc2)cc1)[C@H](N)C(=O)N1CC[C@H](F)C1.O=C(O)C(F)(F)F,6.431798275933005,484.4460000000002,3.686300000000001,3,4
1501485,CHEMBL194437,IC50,=,420.0,nM,6.38,CHEMBL284,Dipeptidyl peptidase 4,C[C@@H](c1ccc(-c2ccc(S(C)(=O)=O)cc2)cc1)[C@H](N)C(=O)N1CC[C@H](F)C1.O=C(O)C(F)(F)F,6.376750709602099,518.5290000000002,3.3916000000000013,2,5
1501501,CHEMBL191812,IC50,=,240.0,nM,6.62,CHEMBL284,Dipeptidyl peptidase 4,C[C@@H](c1ccc(-c2cc(F)cc(F)c2)cc1)[C@H](N)C(=O)N1CC[C@H](F)C1.O=C(O)C(F)(F)F,6.619788758288394,476.4170000000002,4.266300000000004,2,3
1501750,CHEMBL278729,IC50,=,150.0,nM,6.82,CHEMBL284,Dipeptidyl peptidase 4,C[C@@H](c1ccc(-c2cc(F)ccc2F)cc1)[C@H](N)C(=O)N1CC[C@H](F)C1.O=C(O)C(F)(F)F,6.823908740944319,476.4170000000002,4.266300000000003,2,3
1501769,CHEMBL195173,IC50,=,60.0,nM,7.22,CHEMBL284,Dipeptidyl peptidase 4,C[C@@H](c1ccc(-c2ccc(F)c(F)c2)cc1)[C@H](N)C(=O)N1CC[C@H](F)C1.O=C(O)C(F)(F)F,7.221848749616356,476.4170000000002,4.266300000000003,2,3
1502020,CHEMBL363584,IC50,=,37.0,nM,7.43,CHEMBL284,Dipeptidyl peptidase 4,C[C@@H](c1ccc(-c2ccc(F)cc2F)cc1)[C@H](N)C(=O)N1CC[C@H](F)C1.O=C(O)C(F)(F)F,7.431798275933005,476.4170000000002,4.266300000000003,2,3
1502038,CHEMBL195739,IC50,=,140.0,nM,6.85,CHEMBL284,Dipeptidyl peptidase 4,C[C@@H](c1ccc(-c2cccc(-n3cnnn3)c2)cc1)[C@H](N)C(=O)N1CC[C@H](F)C1.O=C(O)C(F)(F)F,6.853871964321762,508.4760000000003,2.9638,2,6
1502055,CHEMBL195667,IC50,=,69.0,nM,7.16,CHEMBL284,Dipeptidyl peptidase 4,C[C@@H](c1ccc(-c2cccc(-c3nnco3)c2)cc1)[C@H](N)C(=O)N1CC[C@H](F)C1.O=C(O)C(F)(F)F,7.161150909262744,508.47200000000026,4.038100000000002,2,6
1519561,CHEMBL426469,IC50,=,250.0,nM,6.6,CHEMBL284,Dipeptidyl peptidase 4,Cc1[nH]nc2c1CN(C(=O)C[C@H](N)Cc1cc(F)ccc1F)CC2,6.6020599913279625,334.37000000000006,1.8411199999999999,2,3
1519565,CHEMBL197413,IC50,=,110.0,nM,6.96,CHEMBL284,Dipeptidyl peptidase 4,N[C@@H](CC(=O)N1CCc2n[nH]c(C(F)(F)F)c2C1)Cc1cc(F)ccc1F,6.958607314841775,388.3400000000001,2.5515000000000008,2,3
1519569,CHEMBL195721,IC50,=,130.0,nM,6.89,CHEMBL284,Dipeptidyl peptidase 4,Cn1nc(C(F)(F)F)c2c1CCN(C(=O)C[C@H](N)Cc1cc(F)ccc1F)C2,6.886056647693163,402.36700000000013,2.5619000000000014,1,3
1519573,CHEMBL191805,IC50,=,150.0,nM,6.82,CHEMBL284,Dipeptidyl peptidase 4,Cn1nc2c(c1C(F)(F)F)CN(C(=O)C[C@H](N)Cc1cc(F)ccc1F)CC2,6.823908740944319,402.36700000000013,2.5619000000000014,1,3
1519577,CHEMBL196010,IC50,=,180.0,nM,6.75,CHEMBL284,Dipeptidyl peptidase 4,N[C@@H](CC(=O)N1CCc2c(c(C(F)(F)F)nn2CC(F)(F)F)C1)Cc1cc(F)ccc1F,6.7447274948966935,470.36400000000015,3.587200000000003,1,3
1519581,CHEMBL194979,IC50,=,150.0,nM,6.82,CHEMBL284,Dipeptidyl peptidase 4,N[C@@H](CC(=O)N1CCc2nn(CC(F)(F)F)c(C(F)(F)F)c2C1)Cc1cc(F)ccc1F,6.823908740944319,470.3640000000001,3.587200000000002,1,3
1519585,CHEMBL193885,IC50,=,350.0,nM,6.46,CHEMBL284,Dipeptidyl peptidase 4,Cc1nn(-c2ccc(F)cc2)c2c1CN(C(=O)C[C@H](N)Cc1cc(F)ccc1F)CC2,6.455931955649724,428.4580000000002,3.442820000000002,1,3
1519704,CHEMBL196114,IC50,=,160.0,nM,6.8,CHEMBL284,Dipeptidyl peptidase 4,Cc1c2c(nn1-c1ccc(F)cc1)CCN(C(=O)C[C@H](N)Cc1cc(F)ccc1F)C2,6.795880017344075,428.4580000000002,3.442820000000001,1,3
1519708,CHEMBL370269,IC50,=,160.0,nM,6.8,CHEMBL284,Dipeptidyl peptidase 4,N[C@@H](CC(=O)N1CCc2n[nH]c(C(F)(F)C(F)(F)F)c2C1)Cc1cc(F)ccc1F,6.795880017344075,438.34700000000015,3.1868000000000016,2,3
1519712,CHEMBL369894,IC50,=,220.0,nM,6.66,CHEMBL284,Dipeptidyl peptidase 4,Cn1nc(C(F)(F)C(F)(F)F)c2c1CCN(C(=O)C[C@H](N)Cc1cc(F)ccc1F)C2,6.657577319177793,452.3740000000002,3.1972000000000023,1,3
1519717,CHEMBL366166,IC50,=,300.0,nM,6.52,CHEMBL284,Dipeptidyl peptidase 4,Cn1nc2c(c1C(F)(F)C(F)(F)F)CN(C(=O)C[C@H](N)Cc1cc(F)ccc1F)CC2,6.522878745280337,452.3740000000002,3.1972000000000023,1,3
1519721,CHEMBL373268,IC50,=,270.0,nM,6.57,CHEMBL284,Dipeptidyl peptidase 4,N[C@@H](CC(=O)N1CCc2n[nH]c(-c3ccc(F)cc3)c2C1)Cc1cc(F)ccc1F,6.568636235841013,414.43100000000015,3.3388000000000018,2,3
1519725,CHEMBL193802,IC50,=,780.0,nM,6.11,CHEMBL284,Dipeptidyl peptidase 4,Cn1nc(-c2ccc(F)cc2)c2c1CCN(C(=O)C[C@H](N)Cc1cc(F)ccc1F)C2,6.107905397309519,428.4580000000002,3.3492000000000015,1,3
1519729,CHEMBL197301,IC50,=,150.0,nM,6.82,CHEMBL284,Dipeptidyl peptidase 4,Cn1nc2c(c1-c1ccc(F)cc1)CN(C(=O)C[C@H](N)Cc1cc(F)ccc1F)CC2,6.823908740944319,428.45800000000014,3.3492000000000015,1,3
1519733,CHEMBL363606,IC50,=,130.0,nM,6.89,CHEMBL284,Dipeptidyl peptidase 4,N[C@@H](CC(=O)N1CCc2noc(C(F)(F)F)c2C1)Cc1cc(F)ccc1F,6.886056647693163,389.32400000000007,2.8164000000000016,1,4
1519737,CHEMBL197300,IC50,=,39.0,nM,7.41,CHEMBL284,Dipeptidyl peptidase 4,N[C@@H](CC(=O)N1CCc2c(n[nH]c2C(F)(F)F)C1)Cc1cc(F)ccc1F,7.4089353929735005,388.34000000000015,2.5515000000000008,2,3
1519741,CHEMBL196938,IC50,=,72.0,nM,7.14,CHEMBL284,Dipeptidyl peptidase 4,Cn1nc(C(F)(F)F)c2c1CN(C(=O)C[C@H](N)Cc1cc(F)ccc1F)CC2,7.142667503568732,402.3670000000002,2.5619000000000014,1,3
1519855,CHEMBL371521,IC50,=,130.0,nM,6.89,CHEMBL284,Dipeptidyl peptidase 4,Cn1nc2c(c1C(F)(F)F)CCN(C(=O)C[C@H](N)Cc1cc(F)ccc1F)C2,6.886056647693163,402.36700000000013,2.5619000000000014,1,3
1519859,CHEMBL425905,IC50,=,160.0,nM,6.8,CHEMBL284,Dipeptidyl peptidase 4,N[C@@H](CC(=O)N1CCc2c(C3CC3)n[nH]c2C1)Cc1cc(F)ccc1F,6.795880017344075,360.408,2.4101,2,3
1519863,CHEMBL195984,IC50,=,85.0,nM,7.07,CHEMBL284,Dipeptidyl peptidase 4,N[C@@H](CC(=O)N1CCc2c(noc2C(F)(F)F)C1)Cc1cc(F)ccc1F,7.070581074285707,389.3240000000001,2.8164000000000007,1,4
1519868,CHEMBL364461,IC50,=,590.0,nM,6.23,CHEMBL284,Dipeptidyl peptidase 4,N[C@@H](CC(=O)N1CCCc2n[nH]c(C(F)(F)F)c21)Cc1cc(F)ccc1F,6.229147988357855,388.3400000000001,2.9460000000000006,2,3
1519872,CHEMBL196333,IC50,=,480.0,nM,6.32,CHEMBL284,Dipeptidyl peptidase 4,Cc1nc2c(s1)CN(C(=O)C[C@H](N)Cc1cc(F)ccc1F)CC2,6.318758762624412,351.4220000000001,2.5745200000000006,1,4
1519876,CHEMBL426649,IC50,=,310.0,nM,6.51,CHEMBL284,Dipeptidyl peptidase 4,N[C@@H](CC(=O)N1CCc2nc(C(F)(F)F)sc2C1)Cc1cc(F)ccc1F,6.508638306165727,405.3920000000001,3.284900000000002,1,4
1519880,CHEMBL195547,IC50,=,360.0,nM,6.44,CHEMBL284,Dipeptidyl peptidase 4,N[C@@H](CC(=O)N1CCc2nc(-c3ccc(F)cc3)sc2C1)Cc1cc(F)ccc1F,6.443697499232712,431.4830000000002,4.072200000000003,1,4
1519884,CHEMBL197352,IC50,=,260.0,nM,6.58,CHEMBL284,Dipeptidyl peptidase 4,N[C@@H](CC(=O)N1CCc2nc(-c3ccc(C(F)(F)F)cc3)sc2C1)Cc1cc(F)ccc1F,6.585026652029182,481.4900000000002,4.951900000000004,1,4
1519888,CHEMBL425200,IC50,=,380.0,nM,6.42,CHEMBL284,Dipeptidyl peptidase 4,CSc1ccc(-c2nc3c(s2)CN(C(=O)C[C@H](N)Cc2cc(F)ccc2F)CC3)cc1,6.42021640338319,459.58700000000016,4.655000000000003,1,5
1519892,CHEMBL372078,IC50,=,130.0,nM,6.89,CHEMBL284,Dipeptidyl peptidase 4,CS(=O)(=O)c1ccc(-c2nc3c(s2)CN(C(=O)C[C@H](N)Cc2cc(F)ccc2F)CC3)cc1,6.886056647693163,491.58500000000026,3.3366000000000025,1,6
1520005,CHEMBL425380,IC50,=,290.0,nM,6.54,CHEMBL284,Dipeptidyl peptidase 4,N[C@@H](CC(=O)N1CCc2nc(C3CC3)oc2C1)Cc1cc(F)ccc1F,6.5376020021010435,361.392,2.6750000000000007,1,4
1520009,CHEMBL363375,IC50,=,95000.0,nM,4.02,CHEMBL284,Dipeptidyl peptidase 4,N[C@@H](CC(=O)N1CCc2sc(C(F)(F)F)nc2C1)Cc1cc(F)ccc1F,4.022276394711152,405.3920000000001,3.284900000000002,1,4
1520016,CHEMBL195030,IC50,=,26.0,nM,7.58,CHEMBL284,Dipeptidyl peptidase 4,N[C@@H](CC(=O)N1CCc2sc(-c3ccc(F)cc3)nc2C1)Cc1cc(F)ccc1F,7.585026652029182,431.4830000000002,4.072200000000003,1,4
1520024,CHEMBL381665,IC50,=,13.0,nM,7.89,CHEMBL284,Dipeptidyl peptidase 4,N[C@@H](CC(=O)N1CCc2sc(-c3ccc(C(F)(F)F)cc3)nc2C1)Cc1cc(F)ccc1F,7.886056647693163,481.4900000000002,4.951900000000003,1,4
1520028,CHEMBL196881,IC50,=,1.4,nM,8.85,CHEMBL284,Dipeptidyl peptidase 4,CS(=O)(=O)c1ccc(-c2nc3c(s2)CCN(C(=O)C[C@H](N)Cc2cc(F)ccc2F)C3)cc1,8.853871964321762,491.58500000000026,3.3366000000000016,1,6
1520035,CHEMBL197082,IC50,=,180.0,nM,6.75,CHEMBL284,Dipeptidyl peptidase 4,N[C@@H](CC(=O)N1CCc2oc(C3CC3)nc2C1)Cc1cc(F)ccc1F,6.7447274948966935,361.392,2.6750000000000007,1,4
1603590,CHEMBL381200,IC50,=,130.0,nM,6.89,CHEMBL284,Dipeptidyl peptidase 4,O=C(CNC1CC1)N1CCC[C@H]1B(O)O,6.886056647693163,212.05800000000002,-1.2585999999999993,3,4
1603593,CHEMBL382980,IC50,=,75.0,nM,7.12,CHEMBL284,Dipeptidyl peptidase 4,O=C(CNC1CCC1)N1CCC[C@H]1B(O)O,7.1249387366083,226.085,-0.8684999999999996,3,4
1603596,CHEMBL371429,IC50,=,25.0,nM,7.6,CHEMBL284,Dipeptidyl peptidase 4,O=C(CNC1CCCC1)N1CCC[C@H]1B(O)O,7.6020599913279625,240.112,-0.4783999999999996,3,4
1603599,CHEMBL371130,IC50,=,27.0,nM,7.57,CHEMBL284,Dipeptidyl peptidase 4,O=C(CNC1CCCCC1)N1CCC[C@H]1B(O)O,7.568636235841013,254.13899999999998,-0.08829999999999993,3,4
1603602,CHEMBL382974,IC50,=,27.0,nM,7.57,CHEMBL284,Dipeptidyl peptidase 4,O=C(CNC1CCCCCCC1)N1CCC[C@H]1B(O)O,7.568636235841013,282.1929999999999,0.6919,3,4
1603605,CHEMBL196267,IC50,=,58.0,nM,7.24,CHEMBL284,Dipeptidyl peptidase 4,O=C(CNC1CCCCCCCCC1)N1CCC[C@H]1B(O)O,7.236572006437063,310.2469999999999,1.4720999999999997,3,4
1603608,CHEMBL373269,IC50,=,8.0,nM,8.1,CHEMBL284,Dipeptidyl peptidase 4,O=C(CNC12CC3CC(CC(C3)C1)C2)N1CCC[C@@H]1B(O)O,8.096910013008056,306.2149999999999,0.5477999999999996,3,4
1603611,CHEMBL372180,IC50,=,61.0,nM,7.21,CHEMBL284,Dipeptidyl peptidase 4,CCCCCC12CCC(NCC(=O)N3CCC[C@H]3B(O)O)(CC1)CC2,7.214670164989233,350.3120000000001,2.2523,3,4
1603620,CHEMBL434184,IC50,=,16000.0,nM,4.8,CHEMBL284,Dipeptidyl peptidase 4,CC(C)[C@@H](NC1CCCCC1)C(=O)N1CCC[C@H]1B(O)O,4.795880017344075,296.2199999999999,0.9362999999999997,3,4
1603626,CHEMBL196120,IC50,=,0.8,nM,9.1,CHEMBL284,Dipeptidyl peptidase 4,C[C@@H](N)C(=O)N1CCC[C@H]1B(O)O,9.096910013008056,186.02,-1.663399999999999,3,4
1603629,CHEMBL427012,IC50,=,12.0,nM,7.92,CHEMBL284,Dipeptidyl peptidase 4,O=C(CNC1C2CC3CC(C2)CC1C3)N1CCC[C@@H]1B(O)O,7.920818753952375,306.2149999999999,0.4037,3,4
1603632,CHEMBL381444,IC50,=,560.0,nM,6.25,CHEMBL284,Dipeptidyl peptidase 4,CC12CC3(C)CC(C)(C1)CC(NCC(=O)N1CCC[C@@H]1B(O)O)(C2)C3,6.251811972993799,348.2960000000001,1.7180999999999997,3,4
1603635,CHEMBL196188,IC50,=,1600.0,nM,5.8,CHEMBL284,Dipeptidyl peptidase 4,CN(CC(=O)N1CCC[C@@H]1B(O)O)C1C2CC3CC(C2)CC1C3,5.795880017344075,320.24200000000013,0.7458999999999996,2,4
1603638,CHEMBL196933,IC50,=,7.8,nM,8.11,CHEMBL284,Dipeptidyl peptidase 4,O=C(CNC1CCCCCC1)N1CCC[C@H]1B(O)O,8.10790539730952,268.16599999999994,0.3017999999999997,3,4
1603671,CHEMBL195271,IC50,=,32000.0,nM,4.5,CHEMBL284,Dipeptidyl peptidase 4,CCCC[C@@H](NC(=O)[C@@H](N)CC)B(O)O,4.494850021680094,216.08999999999997,-0.5892999999999994,4,4
1603676,CHEMBL196180,IC50,=,810.0,nM,6.09,CHEMBL284,Dipeptidyl peptidase 4,CCCC[C@@H](NC(=O)[C@@H](N)CCC)B(O)O,6.0915149811213505,230.11699999999996,-0.1991999999999997,4,4
1603687,CHEMBL194249,IC50,=,370.0,nM,6.43,CHEMBL284,Dipeptidyl peptidase 4,CCCC[C@@H](NC(=O)[C@@H](N)CCCC)B(O)O,6.431798275933005,244.14399999999995,0.19089999999999996,4,4
1603692,CHEMBL194250,IC50,=,17000.0,nM,4.77,CHEMBL284,Dipeptidyl peptidase 4,CCCC[C@@H](NC(=O)[C@@H](N)C(C)C)B(O)O,4.769551078621726,230.117,-0.3432999999999994,4,4
1603697,CHEMBL196461,IC50,=,2000.0,nM,5.7,CHEMBL284,Dipeptidyl peptidase 4,CCCC[C@@H](NC(=O)[C@@H](N)CN)B(O)O,5.698970004336019,217.07799999999997,-2.040599999999997,5,5
1603710,CHEMBL373319,IC50,=,1200.0,nM,5.92,CHEMBL284,Dipeptidyl peptidase 4,CCCC[C@@H](NC(=O)[C@@H](N)CCCN)B(O)O,5.920818753952375,245.13199999999995,-1.2603999999999975,5,5
1603725,CHEMBL194852,IC50,=,4.5,nM,8.35,CHEMBL284,Dipeptidyl peptidase 4,CCCC[C@H](N)C(=O)N1CCC[C@@H]1B(O)O,8.346787486224656,228.10099999999997,-0.49309999999999954,3,4
1603730,CHEMBL194428,IC50,=,15.0,nM,7.82,CHEMBL284,Dipeptidyl peptidase 4,NCC[C@H](N)C(=O)N1CCC[C@@H]1B(O)O,7.823908740944319,215.06199999999998,-2.334499999999998,4,5
1603735,CHEMBL195189,IC50,=,0.3,nM,9.52,CHEMBL284,Dipeptidyl peptidase 4,CC(C)[C@H](N)C(=O)N1CCC[C@@H]1B(O)O,9.522878745280337,214.07399999999998,-1.0272999999999988,3,4
1603759,CHEMBL365322,IC50,=,0.89,nM,9.05,CHEMBL284,Dipeptidyl peptidase 4,CC(C)[C@H](N)C(=O)N[C@@H](C)B(O)O,9.050609993355087,188.036,-1.5135999999999985,4,4
1615070,CHEMBL362922,IC50,=,25.0,nM,7.6,CHEMBL284,Dipeptidyl peptidase 4,O=C(CNC1CC2CCCC1C2)N1CCC[C@H]1C(O)O,7.6020599913279625,282.38399999999996,0.45639999999999975,3,4
1669224,CHEMBL202711,IC50,=,1108.0,nM,5.96,CHEMBL284,Dipeptidyl peptidase 4,CC(C)(CC(=O)NC(C)(C)c1ccccc1)NCC(=O)N1CCC[C@H]1C#N,5.955460239607589,370.49700000000024,2.3107800000000003,2,4
1669225,CHEMBL201644,IC50,=,15.0,nM,7.82,CHEMBL284,Dipeptidyl peptidase 4,CC(C)(CC(=O)N1Cc2ccccc2C1)NCC(=O)N1CCC[C@H]1C#N,7.823908740944319,354.4540000000002,1.80168,1,4
1669226,CHEMBL425756,IC50,=,22.0,nM,7.66,CHEMBL284,Dipeptidyl peptidase 4,CC(C)(CC(=O)N1CCc2cc(F)cc(F)c2C1)NCC(=O)N1CCC[C@H]1C#N,7.657577319177793,404.4610000000002,2.12238,1,4
1669227,CHEMBL380902,IC50,=,30.0,nM,7.52,CHEMBL284,Dipeptidyl peptidase 4,CC(C)(CC(=O)N1CCc2cc(F)ccc2C1)NCC(=O)N1CCC[C@H]1C#N,7.522878745280337,386.47100000000023,1.9832799999999997,1,4
1669228,CHEMBL201424,IC50,=,49.0,nM,7.31,CHEMBL284,Dipeptidyl peptidase 4,CC(C)(CC(=O)N1CCc2ccccc2C1)NCC(=O)N1CCC[C@H]1C#N,7.309803919971486,368.4810000000002,1.84418,1,4
1669229,CHEMBL201398,IC50,=,811.0,nM,6.09,CHEMBL284,Dipeptidyl peptidase 4,CC(C)[C@@H](CC(=O)N1CCc2ccccc2C1)NCC(=O)N1CCC[C@H]1C#N,6.090979145788844,382.50800000000027,2.09018,1,4
1669230,CHEMBL425585,IC50,=,54.0,nM,7.27,CHEMBL284,Dipeptidyl peptidase 4,C[C@@H](CC(=O)N1CCc2ccccc2C1)NCC(=O)N1CCC[C@H]1C#N,7.267606240177032,354.4540000000002,1.4540799999999996,1,4
1669231,CHEMBL371057,IC50,=,428.0,nM,6.37,CHEMBL284,Dipeptidyl peptidase 4,N#C[C@@H]1CCCN1C(=O)CNCCCC(=O)N1CCc2ccccc2C1,6.368556230986828,354.4540000000001,1.4556800000000003,1,4
1669232,CHEMBL371480,IC50,=,298.0,nM,6.53,CHEMBL284,Dipeptidyl peptidase 4,N#C[C@@H]1CCCN1C(=O)CNCCC(=O)Nc1ccccc1,6.525783735923745,300.362,1.1193799999999992,2,4
1669233,CHEMBL201544,IC50,=,564.0,nM,6.25,CHEMBL284,Dipeptidyl peptidase 4,N#C[C@@H]1CCCN1C(=O)CNCCC(=O)NCCc1ccccc1,6.248720896016658,328.416,0.8395800000000007,2,4
1669234,CHEMBL201158,IC50,=,119.0,nM,6.92,CHEMBL284,Dipeptidyl peptidase 4,CC(C)(NC(=O)CCNCC(=O)N1CCC[C@H]1C#N)c1ccccc1,6.924453038607469,342.443,1.5321800000000005,2,4
1669235,CHEMBL372391,IC50,=,784.0,nM,6.11,CHEMBL284,Dipeptidyl peptidase 4,CC(C)C(NC(=O)CCNCC(=O)N1CCC[C@H]1C#N)c1ccccc1,6.105683937315561,356.47,1.9941800000000005,2,4
1669236,CHEMBL382847,IC50,=,369.0,nM,6.43,CHEMBL284,Dipeptidyl peptidase 4,N#C[C@@H]1CCCN1C(=O)CNCCC(=O)NCc1cc(F)cc(F)c1,6.432973633840939,350.369,1.0752799999999998,2,4
1669237,CHEMBL201695,IC50,=,447.0,nM,6.35,CHEMBL284,Dipeptidyl peptidase 4,CCC(NC(=O)CCNCC(=O)N1CCC[C@H]1C#N)c1ccccc1,6.349692476868063,342.443,1.7481800000000003,2,4
1669238,CHEMBL203032,IC50,=,317.0,nM,6.5,CHEMBL284,Dipeptidyl peptidase 4,N#C[C@@H]1CCCN1C(=O)CNCCC(=O)NCc1ccc([N+](=O)[O-])cc1,6.498940737782249,359.3860000000001,0.7052800000000004,2,6
1669239,CHEMBL382907,IC50,=,452.0,nM,6.34,CHEMBL284,Dipeptidyl peptidase 4,N#C[C@@H]1CCCN1C(=O)CNCCC(=O)NCc1ccccc1,6.3448615651886175,314.389,0.7970800000000002,2,4
1669240,CHEMBL383841,IC50,=,527.0,nM,6.28,CHEMBL284,Dipeptidyl peptidase 4,N#C[C@@H]1CCCN1C(=O)CNCCC(=O)N1CCN(c2nc3ccccc3s2)CC1,6.278189384787454,426.54600000000016,1.4391799999999997,1,7
1669241,CHEMBL201753,IC50,=,1418.0,nM,5.85,CHEMBL284,Dipeptidyl peptidase 4,CC(=O)Nc1ccc(S(=O)(=O)N2CCN(C(=O)CCNCC(=O)N3CCC[C@H]3C#N)CC2)cc1,5.848323769152953,490.5860000000004,-0.027819999999996403,2,7
1669242,CHEMBL372746,IC50,=,676.0,nM,6.17,CHEMBL284,Dipeptidyl peptidase 4,N#C[C@@H]1CCCN1C(=O)CNCCC(=O)N1CCN(C(=O)c2cc(F)cc(F)c2)CC1,6.170053304058364,433.4590000000002,0.7434800000000006,1,5
1669243,CHEMBL381530,IC50,=,132.0,nM,6.88,CHEMBL284,Dipeptidyl peptidase 4,N#C[C@@H]1CCCN1C(=O)CNCCC(=O)N1Cc2ccccc2C1,6.87942606879415,326.40000000000003,1.0230799999999995,1,4
1669244,CHEMBL203084,IC50,=,83.0,nM,7.08,CHEMBL284,Dipeptidyl peptidase 4,N#C[C@@H]1CCCN1C(=O)CNCCC(=O)N1CCc2cc(F)ccc2C1,7.080921907623926,358.4170000000001,1.2046799999999993,1,4
1669245,CHEMBL424854,IC50,=,651.0,nM,6.19,CHEMBL284,Dipeptidyl peptidase 4,COc1cc2c(cc1OC)CN(C(=O)CCNCC(=O)N1CCC[C@H]1C#N)CC2,6.186419011431808,400.4790000000002,1.0827800000000005,1,6
1669246,CHEMBL200103,IC50,=,116.0,nM,6.94,CHEMBL284,Dipeptidyl peptidase 4,N#C[C@@H]1CCCN1C(=O)CNCCC(=O)N1CCc2ccccc2C1,6.935542010773082,340.4270000000001,1.06558,1,4
1669247,CHEMBL371907,IC50,=,3236.0,nM,5.49,CHEMBL284,Dipeptidyl peptidase 4,N#C[C@@H]1CCCN1C(=O)CNCC(=O)N1CCc2ccccc2C1,5.489991487059766,326.40000000000003,0.6754800000000001,1,4
1692682,CHEMBL381145,IC50,=,25.0,nM,7.6,CHEMBL284,Dipeptidyl peptidase 4,C[C@@H](c1ccc(-c2ccc(O)nc2)cc1)[C@H](N)C(=O)N1CC[C@H](F)C1.O=C(O)C(F)(F)F,7.6020599913279625,457.42400000000015,3.088700000000001,3,5
1692792,CHEMBL202634,IC50,=,1100.0,nM,5.96,CHEMBL284,Dipeptidyl peptidase 4,C[C@@H](c1ccc(-c2ccc(=O)n(C)c2)cc1)[C@H](N)C(=O)N1CCC(F)CC1.O=C(O)C(F)(F)F,5.958607314841775,485.47800000000024,3.0769,2,4
1692793,CHEMBL378597,IC50,=,31.0,nM,7.51,CHEMBL284,Dipeptidyl peptidase 4,C[C@@H](c1ccc(-c2ccc(=O)n(C)c2)cc1)[C@H](N)C(=O)N1CC(F)C1.O=C(O)C(F)(F)F,7.508638306165727,457.42400000000015,2.2966999999999995,2,4
1692794,CHEMBL377724,IC50,=,26.0,nM,7.58,CHEMBL284,Dipeptidyl peptidase 4,C[C@@H](c1ccc(-c2ccc(=O)n(C)c2)cc1)[C@H](N)C(=O)N1CCSC1.O=C(O)C(F)(F)F,7.585026652029182,471.5010000000002,2.6493,2,5
1692795,CHEMBL203379,IC50,=,48.0,nM,7.32,CHEMBL284,Dipeptidyl peptidase 4,C[C@@H](c1ccc(-c2ccc(=O)n(C)c2)cc1)[C@H](N)C(=O)N1CCCC1.O=C(O)C(F)(F)F,7.318758762624412,453.46100000000024,2.7388000000000003,2,4
1692796,CHEMBL206501,IC50,=,26.0,nM,7.58,CHEMBL284,Dipeptidyl peptidase 4,C[C@@H](c1ccc(-c2ccc(=O)n(C)c2)cc1)[C@H](N)C(=O)N1CCC(F)(F)C1.O=C(O)C(F)(F)F,7.585026652029182,489.4410000000002,2.984000000000001,2,4
1692797,CHEMBL438265,IC50,=,120.0,nM,6.92,CHEMBL284,Dipeptidyl peptidase 4,CCOC(=O)Nc1c(-c2ccc([C@H](C)[C@H](N)C(=O)N3CC[C@H](F)C3)cc2)cn(C)c(=O)c1F.O=C(O)C(F)(F)F,6.920818753952375,576.5190000000005,3.394300000000001,3,6
1692798,CHEMBL203267,IC50,=,37.0,nM,7.43,CHEMBL284,Dipeptidyl peptidase 4,C[C@@H](c1ccc(-c2cn(C)c(=O)c(Cl)c2F)cc1)[C@H](N)C(=O)N1CC[C@H](F)C1.O=C(O)C(F)(F)F,7.431798275933005,523.8860000000002,3.479300000000001,2,4
1692799,CHEMBL380496,IC50,=,67.0,nM,7.17,CHEMBL284,Dipeptidyl peptidase 4,COc1cc(=O)n(C)cc1-c1ccc([C@H](C)[C@H](N)C(=O)N2CC[C@H](F)C2)cc1.O=C(O)C(F)(F)F,7.173925197299173,501.4770000000002,2.6954000000000002,2,5
1692800,CHEMBL203169,IC50,=,38.0,nM,7.42,CHEMBL284,Dipeptidyl peptidase 4,C[C@@H](c1ccc(-c2cn(C)c(=O)cc2CO)cc1)[C@H](N)C(=O)N1CC[C@H](F)C1.O=C(O)C(F)(F)F,7.42021640338319,501.4770000000002,2.179099999999999,3,5
1692801,CHEMBL425039,IC50,=,52.0,nM,7.28,CHEMBL284,Dipeptidyl peptidase 4,Cc1cc(=O)n(C)cc1-c1ccc([C@H](C)[C@H](N)C(=O)N2CC[C@H](F)C2)cc1.O=C(O)C(F)(F)F,7.2839966563652006,485.4780000000002,2.9952200000000007,2,4
1692802,CHEMBL424687,IC50,=,61.0,nM,7.21,CHEMBL284,Dipeptidyl peptidase 4,C[C@@H](c1ccc(-c2cn(C)c(=O)cc2F)cc1)[C@H](N)C(=O)N1CC[C@H](F)C1.O=C(O)C(F)(F)F,7.214670164989233,489.4410000000002,2.8259000000000007,2,4
1692803,CHEMBL383651,IC50,=,69.0,nM,7.16,CHEMBL284,Dipeptidyl peptidase 4,C[C@@H](c1ccc(-c2cc(Br)c(=O)n(C)c2)cc1)[C@H](N)C(=O)N1CC[C@H](F)C1.O=C(O)C(F)(F)F,7.161150909262744,550.3470000000003,3.449300000000001,2,4
1692804,CHEMBL203736,IC50,=,49.0,nM,7.31,CHEMBL284,Dipeptidyl peptidase 4,C[C@@H](c1ccc(-c2cc(F)c(=O)n(C)c2)cc1)[C@H](N)C(=O)N1CC[C@H](F)C1.O=C(O)C(F)(F)F,7.309803919971486,489.4410000000002,2.8259000000000007,2,4
1692805,CHEMBL203323,IC50,=,570.0,nM,6.24,CHEMBL284,Dipeptidyl peptidase 4,Cc1c(-c2ccc([C@H](C)[C@H](N)C(=O)N3CC[C@H](F)C3)cc2)cc(Br)c(=O)n1C.O=C(O)C(F)(F)F,6.2441251443275085,564.3740000000003,3.7577200000000026,2,4
1692806,CHEMBL206252,IC50,=,320.0,nM,6.5,CHEMBL284,Dipeptidyl peptidase 4,Cc1c(-c2ccc([C@H](C)[C@H](N)C(=O)N3CC[C@H](F)C3)cc2)ccc(=O)n1C.O=C(O)C(F)(F)F,6.494850021680094,485.4780000000001,2.9952200000000007,2,4
1692807,CHEMBL205872,IC50,=,29.0,nM,7.54,CHEMBL284,Dipeptidyl peptidase 4,C[C@@H](c1ccc(-c2ccc(=O)n(C)c2F)cc1)[C@H](N)C(=O)N1CC[C@H](F)C1.O=C(O)C(F)(F)F,7.5376020021010435,489.4410000000002,2.8259000000000007,2,4
1692808,CHEMBL206172,IC50,=,229.0,nM,6.64,CHEMBL284,Dipeptidyl peptidase 4,C[C@@H](c1ccc(-c2ccc(=O)n(-c3ccc(F)cc3)c2)cc1)[C@H](N)C(=O)N1CC[C@H](F)C1.O=C(O)C(F)(F)F,6.640164517660112,551.5120000000004,4.278100000000003,2,4
1692809,CHEMBL438258,IC50,=,92.0,nM,7.04,CHEMBL284,Dipeptidyl peptidase 4,CCOC(=O)C(F)(F)n1cc(-c2ccc([C@H](C)[C@H](N)C(=O)N3CC[C@H](F)C3)cc2)ccc1=O.O=C(O)C(F)(F)F,7.036212172654444,579.4940000000005,3.2622000000000018,2,6
1692810,CHEMBL382674,IC50,=,90.0,nM,7.05,CHEMBL284,Dipeptidyl peptidase 4,CCOC(=O)Cn1cc(-c2ccc([C@H](C)[C@H](N)C(=O)N3CC[C@H](F)C3)cc2)ccc1=O.O=C(O)C(F)(F)F,7.045757490560675,543.5140000000004,2.7129000000000003,2,6
1692811,CHEMBL383323,IC50,=,117.0,nM,6.93,CHEMBL284,Dipeptidyl peptidase 4,C[C@@H](c1ccc(-c2ccc(=O)n(CC3CC3)c2)cc1)[C@H](N)C(=O)N1CC[C@H](F)C1.O=C(O)C(F)(F)F,6.931814138253839,511.5160000000002,3.559800000000001,2,4
1692812,CHEMBL206792,IC50,=,74.0,nM,7.13,CHEMBL284,Dipeptidyl peptidase 4,CCn1cc(-c2ccc([C@H](C)[C@H](N)C(=O)N3CC[C@H](F)C3)cc2)ccc1=O.O=C(O)C(F)(F)F,7.130768280269024,485.4780000000001,3.1697000000000015,2,4
1692813,CHEMBL206383,IC50,=,34.0,nM,7.47,CHEMBL284,Dipeptidyl peptidase 4,C[C@@H](c1ccc(-c2ccc(=O)n(C)c2)cc1)[C@H](N)C(=O)N1CC[C@H](F)C1.O=C(O)C(F)(F)F,7.468521082957745,471.4510000000002,2.6868,2,4
1693536,CHEMBL382127,IC50,=,40000.0,nM,4.4,CHEMBL284,Dipeptidyl peptidase 4,NCC1(c2ccccc2)CCCC1,4.3979400086720375,175.2749999999999,2.4571000000000005,1,1
1693626,CHEMBL382382,IC50,=,30000.0,nM,4.52,CHEMBL284,Dipeptidyl peptidase 4,NCC(c1ccccc1Cl)N1CCOCC1,4.522878745280337,240.7339999999999,1.6720000000000002,1,3
1693627,CHEMBL378152,IC50,=,3300.0,nM,5.48,CHEMBL284,Dipeptidyl peptidase 4,NCc1cccnc1-c1ccccc1Cl,5.481486060122113,218.687,2.8607000000000014,1,2
1693628,CHEMBL206496,IC50,=,2300.0,nM,5.64,CHEMBL284,Dipeptidyl peptidase 4,NCc1ccccc1-c1ccccc1Cl,5.638272163982407,217.69899999999998,3.465700000000002,1,1
1693629,CHEMBL203105,IC50,=,37000.0,nM,4.43,CHEMBL284,Dipeptidyl peptidase 4,NCc1c(Cl)cccc1Oc1ccccc1,4.431798275933005,233.69799999999998,3.591000000000002,1,2
1693630,CHEMBL206743,IC50,=,75000.0,nM,4.12,CHEMBL284,Dipeptidyl peptidase 4,N[C@H](c1ccccc1)[C@@H](N)c1ccccc1,4.1249387366083,212.29599999999996,2.386400000000001,2,2
1693631,CHEMBL381340,IC50,=,45000.0,nM,4.35,CHEMBL284,Dipeptidyl peptidase 4,N[C@H](c1ccccc1)[C@H](N)c1ccccc1,4.346787486224656,212.29599999999996,2.386400000000001,2,2
1698111,CHEMBL425584,IC50,=,90.0,nM,7.05,CHEMBL284,Dipeptidyl peptidase 4,N[C@@H](CC(=O)N1CCC[C@H]1CNC(=O)c1ccccc1)Cc1ccccc1F,7.045757490560675,383.4670000000001,2.5066000000000006,2,3
1698112,CHEMBL381806,IC50,=,23.0,nM,7.64,CHEMBL284,Dipeptidyl peptidase 4,NC(=O)[C@@H]1Cc2ccccc2CN1C(=O)C[C@H](N)Cc1ccccc1F,7.638272163982407,355.41300000000007,1.5244,2,3
1717903,CHEMBL383488,IC50,=,72.0,nM,7.14,CHEMBL284,Dipeptidyl peptidase 4,N#C[C@@H]1CC[C@H](C#N)N1C(=O)CNC12CC3CC(CC1C3)C2,7.142667503568732,298.3900000000001,1.5614599999999992,1,4
1717904,CHEMBL206954,IC50,>,3000.0,nM,,CHEMBL284,Dipeptidyl peptidase 4,C[C@@H]1CC(C)(NCC(=O)N2[C@H](C#N)CC[C@@H]2C#N)C[C@@H]1C,5.522878745280337,288.39500000000004,1.8074599999999996,1,4
1717905,CHEMBL207896,IC50,>,3000.0,nM,,CHEMBL284,Dipeptidyl peptidase 4,CCC(C)(C)C1CCC(C)(NCC(=O)N2[C@H](C#N)CC[C@@H]2C#N)C1,5.522878745280337,330.4760000000001,2.9777600000000017,1,4
1717906,CHEMBL378712,IC50,>,3000.0,nM,,CHEMBL284,Dipeptidyl peptidase 4,CC(C)(C)C(C)(C)NCC(=O)N1[C@H](C#N)CC[C@@H]1C#N,5.522878745280337,276.38399999999996,1.8074599999999996,1,4
1717907,CHEMBL208850,IC50,>,3000.0,nM,,CHEMBL284,Dipeptidyl peptidase 4,CC1(NCC(=O)N2[C@H](C#N)CC[C@@H]2C#N)COC(C)(C)OC1,5.522878745280337,306.36600000000004,0.5243599999999999,1,6
1717908,CHEMBL377672,IC50,>,3000.0,nM,,CHEMBL284,Dipeptidyl peptidase 4,N#C[C@@H]1CC[C@H](C#N)N1C(=O)CNC1(CCCO)CCCCC1,5.522878745280337,318.42100000000016,1.4581599999999992,2,5
1717909,CHEMBL378421,IC50,>,3000.0,nM,,CHEMBL284,Dipeptidyl peptidase 4,N#C[C@@H]1CC[C@H](C#N)N1C(=O)CNC1(Cc2ccccc2)CCCCC1,5.522878745280337,350.46600000000024,2.9283600000000005,1,4
1717910,CHEMBL383087,IC50,>,3000.0,nM,,CHEMBL284,Dipeptidyl peptidase 4,CC1(NCC(=O)N2[C@H](C#N)CC[C@@H]2C#N)CCSC1,5.522878745280337,278.381,0.8783599999999996,1,5
1717911,CHEMBL427036,IC50,>,3000.0,nM,,CHEMBL284,Dipeptidyl peptidase 4,CC1(C)CCCC1(C)NCC(=O)N1[C@H](C#N)CC[C@@H]1C#N,5.522878745280337,288.395,1.9515600000000002,1,4
1717912,CHEMBL382045,IC50,=,875.0,nM,6.06,CHEMBL284,Dipeptidyl peptidase 4,N#C[C@@H]1CC[C@H](C#N)N1C(=O)CNC1(CO)Cc2ccccc2C1,6.057991946977687,324.38400000000007,0.51266,2,5
1717913,CHEMBL207620,IC50,=,771.0,nM,6.11,CHEMBL284,Dipeptidyl peptidase 4,CC1CCC(C)(NCC(=O)N2[C@H](C#N)CC[C@@H]2C#N)C1,6.112945621949043,274.368,1.5614599999999996,1,4
1717914,CHEMBL378958,IC50,>,30000.0,nM,,CHEMBL284,Dipeptidyl peptidase 4,N#C[C@@H]1C[C@H](O)CN1C(=O)CNC12CC3CC(CC(C3)C1)C2,4.522878745280337,303.40600000000006,1.0301799999999994,2,4
1717915,CHEMBL210328,IC50,>,30000.0,nM,,CHEMBL284,Dipeptidyl peptidase 4,N#C[C@@H]1CC[C@H](c2ccccc2)N1C(=O)CNC1(CO)CCCC1,4.522878745280337,327.42800000000017,2.1369800000000003,2,4
1717916,CHEMBL379948,IC50,>,30000.0,nM,,CHEMBL284,Dipeptidyl peptidase 4,C[C@H]1CC[C@@H](C#N)N1C(=O)CNC12CC3CC(CC(C3)C1)C2,4.522878745280337,301.4340000000001,2.4478799999999996,1,3
1717917,CHEMBL379500,IC50,>,30000.0,nM,,CHEMBL284,Dipeptidyl peptidase 4,N#C[C@H]1CC[C@H](C#N)N1C(=O)CNC12CC3CC(CC(C3)C1)C2,4.522878745280337,312.41700000000014,1.951559999999999,1,4
1717918,CHEMBL438067,IC50,>,30000.0,nM,,CHEMBL284,Dipeptidyl peptidase 4,N#C[C@H]1CC[C@H](C#N)N1C(=O)CNC1(CO)CCCC1,4.522878745280337,276.34000000000003,0.28785999999999934,2,5
1717919,CHEMBL209934,IC50,>,3000.0,nM,,CHEMBL284,Dipeptidyl peptidase 4,N#C[C@@H]1CC[C@H](C#N)N1C(=O)CNC1(CCO)CCCC1,5.522878745280337,290.3670000000001,0.6779599999999992,2,5
1717920,CHEMBL209933,IC50,>,3000.0,nM,,CHEMBL284,Dipeptidyl peptidase 4,COC(=O)C1(NCC(=O)N2[C@H](C#N)CC[C@@H]2C#N)CCCC1,5.522878745280337,304.35000000000014,0.4685599999999994,1,6
1717921,CHEMBL379947,IC50,>,3000.0,nM,,CHEMBL284,Dipeptidyl peptidase 4,CNC(=O)C1(NCC(=O)N2[C@H](C#N)CC[C@@H]2C#N)CCCC1,5.522878745280337,303.36600000000016,0.041560000000000485,2,5
1717922,CHEMBL378750,IC50,=,1860.0,nM,5.73,CHEMBL284,Dipeptidyl peptidase 4,CC(C)(C)C(=O)CC1(NCC(=O)N2[C@H](C#N)CC[C@@H]2C#N)CCCC1,5.730487055782084,344.4590000000002,2.30086,1,5
1717923,CHEMBL208756,IC50,=,955.0,nM,6.02,CHEMBL284,Dipeptidyl peptidase 4,COCCC1(NCC(=O)N2[C@H](C#N)CC[C@@H]2C#N)CCCC1,6.019996628416254,304.3940000000002,1.33206,1,5
1717924,CHEMBL377749,IC50,=,702.0,nM,6.15,CHEMBL284,Dipeptidyl peptidase 4,N#C[C@@H]1CC[C@H](C#N)N1C(=O)CNC1(COC2CCCCC2)CCCC1,6.153662887870195,358.48600000000033,2.6448599999999995,1,5
1717925,CHEMBL378709,IC50,=,454.0,nM,6.34,CHEMBL284,Dipeptidyl peptidase 4,CC(C)COCC1(NCC(=O)N2[C@H](C#N)CC[C@@H]2C#N)CCCC1,6.342944147142896,332.44800000000015,1.96816,1,5
1717926,CHEMBL381111,IC50,=,201.0,nM,6.7,CHEMBL284,Dipeptidyl peptidase 4,CC1(NCC(=O)N2[C@H](C#N)CC[C@@H]2C#N)CCCC1,6.696803942579511,260.34099999999995,1.3154599999999992,1,4
1717927,CHEMBL208657,IC50,=,123.0,nM,6.91,CHEMBL284,Dipeptidyl peptidase 4,CCCOCC1(NCC(=O)N2[C@H](C#N)CC[C@@H]2C#N)CCCC1,6.910094888560602,318.42100000000016,1.72216,1,5
1717928,CHEMBL209994,IC50,=,91.0,nM,7.04,CHEMBL284,Dipeptidyl peptidase 4,CCCCOCC1(NCC(=O)N2[C@H](C#N)CC[C@@H]2C#N)CCCC1,7.040958607678906,332.44800000000015,2.11226,1,5
1717929,CHEMBL379086,IC50,=,84.0,nM,7.08,CHEMBL284,Dipeptidyl peptidase 4,COCC1(NCC(=O)N2[C@H](C#N)CC[C@@H]2C#N)CCCC1,7.075720713938118,290.3670000000001,0.9419600000000006,1,5
1717930,CHEMBL209191,IC50,=,64.0,nM,7.19,CHEMBL284,Dipeptidyl peptidase 4,CCOCC1(NCC(=O)N2[C@H](C#N)CC[C@@H]2C#N)CCCC1,7.1938200260161125,304.3940000000002,1.33206,1,5
1717931,CHEMBL208288,IC50,>,3000.0,nM,,CHEMBL284,Dipeptidyl peptidase 4,CCC(C)(C)NCC(=O)N1[C@H](C#N)CC[C@@H]1C#N,5.522878745280337,248.32999999999998,1.1713599999999997,1,4
1717932,CHEMBL209768,IC50,>,3000.0,nM,,CHEMBL284,Dipeptidyl peptidase 4,CCC(C)(CC)NCC(=O)N1[C@H](C#N)CC[C@@H]1C#N,5.522878745280337,262.35699999999997,1.5614599999999996,1,4
1717933,CHEMBL209764,IC50,>,3000.0,nM,,CHEMBL284,Dipeptidyl peptidase 4,CC(C)C(C)(C)NCC(=O)N1[C@H](C#N)CC[C@@H]1C#N,5.522878745280337,262.35699999999997,1.4173599999999997,1,4
1717934,CHEMBL208744,IC50,>,3000.0,nM,,CHEMBL284,Dipeptidyl peptidase 4,N#C[C@@H]1CC[C@H](C#N)N1C(=O)CNC12CC3(F)CC(F)(CC(F)(C3)C1)C2,5.522878745280337,366.38700000000017,2.2278599999999997,1,4
1717935,CHEMBL209344,IC50,>,3000.0,nM,,CHEMBL284,Dipeptidyl peptidase 4,CCC1(NCC(=O)N2[C@H](C#N)CC[C@@H]2C#N)CCCCC1,5.522878745280337,288.39500000000004,2.095659999999999,1,4
1717936,CHEMBL380870,IC50,>,3000.0,nM,,CHEMBL284,Dipeptidyl peptidase 4,C#CC1(NCC(=O)N2[C@H](C#N)CC[C@@H]2C#N)CCCCC1,5.522878745280337,284.36300000000006,1.3188599999999993,1,4
1717937,CHEMBL380681,IC50,=,1220.0,nM,5.91,CHEMBL284,Dipeptidyl peptidase 4,N#C[C@@H]1CC[C@H](C#N)N1C(=O)CNC1(CO)CCOCC1,5.913640169325252,292.33900000000006,-0.47573999999999983,2,6
1717938,CHEMBL209127,IC50,=,1160.0,nM,5.94,CHEMBL284,Dipeptidyl peptidase 4,N#C[C@@H]1CC[C@H](C#N)N1C(=O)CNC1(Cc2ccccc2)CCC1,5.935542010773082,322.41200000000015,2.14816,1,4
1717939,CHEMBL379260,IC50,=,1110.0,nM,5.96,CHEMBL284,Dipeptidyl peptidase 4,CC(C)(CO)NCC(=O)N1[C@H](C#N)CC[C@@H]1C#N,5.954677021213342,250.302,-0.24633999999999934,2,5
1717940,CHEMBL377058,IC50,=,689.0,nM,6.16,CHEMBL284,Dipeptidyl peptidase 4,CC1(NCC(=O)N2[C@H](C#N)CC[C@@H]2C#N)CCCCC1,6.161780778092374,274.368,1.705559999999999,1,4
1717941,CHEMBL208952,IC50,=,687.0,nM,6.16,CHEMBL284,Dipeptidyl peptidase 4,N#C[C@@H]1CC[C@H](C#N)N1C(=O)CNC1(CO)CCCCC1,6.16304326294045,290.3670000000001,0.6779599999999992,2,5
1717942,CHEMBL208902,IC50,=,663.0,nM,6.18,CHEMBL284,Dipeptidyl peptidase 4,CC(C)(C)NCC(=O)N1[C@H](C#N)CC[C@@H]1C#N,6.178486471595227,234.30299999999997,0.7812599999999998,1,4
1717943,CHEMBL209058,IC50,=,651.0,nM,6.19,CHEMBL284,Dipeptidyl peptidase 4,CC(C)(Cc1ccc(F)cc1)NCC(=O)N1[C@H](C#N)CC[C@@H]1C#N,6.186419011431808,328.39100000000013,2.14316,1,4
1717944,CHEMBL210259,IC50,=,261.0,nM,6.58,CHEMBL284,Dipeptidyl peptidase 4,CC(C)(NCC(=O)N1[C@H](C#N)CC[C@@H]1C#N)c1ccccc1,6.583359492661719,296.37399999999997,1.9180599999999997,1,4
1717945,CHEMBL211024,IC50,=,237.0,nM,6.62,CHEMBL284,Dipeptidyl peptidase 4,N#C[C@@H]1CC[C@H](C#N)N1C(=O)CN[C@H]1C[C@@H]2CC[C@H]1C2,6.6252516539898965,272.35200000000003,1.1713599999999993,1,4
1717946,CHEMBL377320,IC50,=,208.0,nM,6.68,CHEMBL284,Dipeptidyl peptidase 4,CC(C)(C)CC(C)(C)NCC(=O)N1[C@H](C#N)CC[C@@H]1C#N,6.681936665037238,290.411,2.19756,1,4
1717947,CHEMBL208673,IC50,=,164.0,nM,6.79,CHEMBL284,Dipeptidyl peptidase 4,N#C[C@@H]1CC[C@H](C#N)N1C(=O)CNC1(c2ccccc2)CCC1,6.785156151952302,308.38500000000016,2.0621599999999995,1,4
1717948,CHEMBL207980,IC50,=,106.0,nM,6.97,CHEMBL284,Dipeptidyl peptidase 4,N#C[C@@H]1CC[C@H](C#N)N1C(=O)CNC12CC3CC(CC(C3)C1)C2,6.97469413473523,312.41700000000014,1.951559999999999,1,4
1717949,CHEMBL379522,IC50,=,104.0,nM,6.98,CHEMBL284,Dipeptidyl peptidase 4,N#C[C@@H]1CC[C@H](C#N)N1C(=O)CNC1(CO)CCCC1,6.982966660701219,276.34000000000003,0.28785999999999934,2,5
1717950,CHEMBL207912,IC50,=,74.0,nM,7.13,CHEMBL284,Dipeptidyl peptidase 4,N#C[C@@H]1CC[C@H](C#N)N1C(=O)CNC12CC3CC(CC(O)(C3)C1)C2,7.130768280269024,328.41600000000017,1.0664599999999989,2,5
1722836,CHEMBL208957,IC50,=,7.5,nM,8.12,CHEMBL284,Dipeptidyl peptidase 4,CN(C)C(=O)[C@@H](c1ccc(-c2ccn3nccc3n2)cc1)[C@H](N)C(=O)N1CCC(F)(F)C1.O=C(O)C(F)(F)F,8.1249387366083,556.4920000000004,2.396299999999999,2,6
1722847,CHEMBL210829,IC50,=,6.2,nM,8.21,CHEMBL284,Dipeptidyl peptidase 4,CN(C)C(=O)[C@@H](c1ccc(-c2ccn3ncnc3c2)cc1)[C@H](N)C(=O)N1CCC(F)(F)C1.O=C(O)C(F)(F)F,8.207608310501746,556.4920000000004,2.3962999999999997,2,6
1722848,CHEMBL537869,IC50,=,8.8,nM,8.06,CHEMBL284,Dipeptidyl peptidase 4,CN(C)C(=O)[C@@H](c1ccc(-c2ccc3ncnn3c2)cc1)[C@H](N)C(=O)N1CCC(F)(F)C1.Cl,8.05551732784983,478.9310000000002,2.1848000000000005,1,5
1722849,CHEMBL209064,IC50,=,6.3,nM,8.2,CHEMBL284,Dipeptidyl peptidase 4,CN(C)C(=O)[C@@H](c1ccc(-c2ccc3ncnn3c2)cc1)[C@H](N)C(=O)N1CCC(F)(F)C1.O=C(O)C(F)(F)F,8.200659450546418,556.4920000000004,2.3962999999999997,2,6
1722850,CHEMBL378048,IC50,=,5.2,nM,8.28,CHEMBL284,Dipeptidyl peptidase 4,CN(C)C(=O)[C@@H](c1ccc(-c2ccc3ncnn3c2)cc1)[C@H](N)C(=O)N1CCCC1.O=C(O)C(F)(F)F,8.2839966563652,520.5120000000003,2.1511,2,6
1722851,CHEMBL210974,IC50,=,2.7,nM,8.57,CHEMBL284,Dipeptidyl peptidase 4,CN(C)C(=O)[C@@H](c1ccc(-c2ccc3ncnn3c2)cc1)[C@H](N)C(=O)N1CC(F)C1.O=C(O)C(F)(F)F,8.568636235841012,524.4750000000003,1.7089999999999999,2,6
1722852,CHEMBL210621,IC50,=,150.0,nM,6.82,CHEMBL284,Dipeptidyl peptidase 4,Cc1cc(-c2ccc([C@H](C(=O)N(C)C)[C@H](N)C(=O)N3CC[C@H](F)C3)cc2)cn2ncnc12.O=C(O)C(F)(F)F,6.823908740944319,552.5290000000003,2.407519999999999,2,6
1722853,CHEMBL209111,IC50,=,8.6,nM,8.07,CHEMBL284,Dipeptidyl peptidase 4,Cc1c(-c2ccc([C@H](C(=O)N(C)C)[C@H](N)C(=O)N3CC[C@H](F)C3)cc2)ccc2ncnn12.O=C(O)C(F)(F)F,8.065501548756432,552.5290000000003,2.407519999999999,2,6
1722854,CHEMBL209710,IC50,=,22.0,nM,7.66,CHEMBL284,Dipeptidyl peptidase 4,Cc1nc2ccc(-c3ccc([C@H](C(=O)N(C)C)[C@H](N)C(=O)N4CC[C@H](F)C4)cc3)cn2n1.O=C(O)C(F)(F)F,7.657577319177793,552.5290000000003,2.407519999999999,2,6
1722855,CHEMBL379702,IC50,=,13.0,nM,7.89,CHEMBL284,Dipeptidyl peptidase 4,CN(C)C(=O)[C@@H](c1ccc(-c2ccc3nccn3n2)cc1)[C@H](N)C(=O)N1CC[C@H](F)C1.O=C(O)C(F)(F)F,7.886056647693163,538.5020000000003,2.0990999999999995,2,6
1722856,CHEMBL210459,IC50,=,8.0,nM,8.1,CHEMBL284,Dipeptidyl peptidase 4,CN(C)C(=O)[C@@H](c1ccc(-c2ccn3nccc3n2)cc1)[C@H](N)C(=O)N1CC[C@H](F)C1.O=C(O)C(F)(F)F,8.096910013008056,538.5020000000003,2.0990999999999995,2,6
1722857,CHEMBL210999,IC50,=,5.3,nM,8.28,CHEMBL284,Dipeptidyl peptidase 4,CN(C)C(=O)[C@@H](c1ccc(-c2ccn3ncnc3c2)cc1)[C@H](N)C(=O)N1CC[C@H](F)C1.O=C(O)C(F)(F)F,8.275724130399212,538.5020000000003,2.0990999999999995,2,6
1722858,CHEMBL377221,IC50,=,4.3,nM,8.37,CHEMBL284,Dipeptidyl peptidase 4,CN(C)C(=O)[C@@H](c1ccc(-c2ccc3ncnn3c2)cc1)[C@H](N)C(=O)N1CC[C@H](F)C1.O=C(O)C(F)(F)F,8.366531544420413,538.5020000000003,2.0990999999999995,2,6
1722859,CHEMBL207348,IC50,=,4.1,nM,8.39,CHEMBL284,Dipeptidyl peptidase 4,CN(C)C(=O)[C@@H](c1ccc(-c2ccc3nncn3c2)cc1)[C@H](N)C(=O)N1CC[C@H](F)C1.O=C(O)C(F)(F)F,8.387216143280265,538.5020000000003,2.0990999999999995,2,6
1722860,CHEMBL378673,IC50,=,13.0,nM,7.89,CHEMBL284,Dipeptidyl peptidase 4,CN(C)C(=O)[C@@H](c1ccc(-c2ccc3nccn3c2)cc1)[C@H](N)C(=O)N1CC[C@H](F)C1.O=C(O)C(F)(F)F,7.886056647693163,537.5140000000004,2.7041000000000004,2,5
1722861,CHEMBL209162,IC50,=,8.0,nM,8.1,CHEMBL284,Dipeptidyl peptidase 4,CN(C)C(=O)[C@@H](c1ccc(-c2ccc(=O)n(C)c2)cc1)[C@H](N)C(=O)N1CC[C@H](F)C1.O=C(O)C(F)(F)F,8.096910013008056,528.5030000000003,1.7550999999999999,2,5
1727613,CHEMBL379261,IC50,=,109.0,nM,6.96,CHEMBL284,Dipeptidyl peptidase 4,O=C([C@@H]1CN[C@H](C(=O)N2CCCC2)C1)N1Cc2ccccc2C1,6.962573502059376,313.401,1.1292999999999997,1,3
1727617,CHEMBL210522,IC50,=,984.0,nM,6.01,CHEMBL284,Dipeptidyl peptidase 4,CC1(C)N[C@H](C(=O)N2CCC[C@H]2C#N)C[C@@H]1C(=O)N1Cc2ccccc2C1,6.007004901568658,366.4650000000001,1.8000799999999992,1,4
1727618,CHEMBL210995,IC50,=,1.7,nM,8.77,CHEMBL284,Dipeptidyl peptidase 4,N#C[C@@H]1CCCN1C(=O)[C@@H]1C[C@H](C(=O)N2Cc3ccccc3C2)CN1,8.769551078621726,338.4110000000001,1.0214799999999995,1,4
1727619,CHEMBL427219,IC50,=,129.0,nM,6.89,CHEMBL284,Dipeptidyl peptidase 4,O=C([C@@H]1CN[C@H](C(=O)N2CCC(F)(F)C2)C1)N1Cc2ccccc2C1,6.889410289700751,349.3810000000001,1.3744999999999994,1,3
1727620,CHEMBL378086,IC50,=,228.0,nM,6.64,CHEMBL284,Dipeptidyl peptidase 4,O=C([C@@H]1CN[C@H](C(=O)N2CC[C@@H](F)C2)C1)N1Cc2ccccc2C1,6.642065152999546,331.391,1.0772999999999995,1,3
1727621,CHEMBL210590,IC50,=,245.0,nM,6.61,CHEMBL284,Dipeptidyl peptidase 4,O=C([C@@H]1CN[C@H](C(=O)N2CC[C@H](F)C2)C1)N1Cc2ccccc2C1,6.610833915635467,331.391,1.0772999999999995,1,3
1727622,CHEMBL210353,IC50,=,84.0,nM,7.08,CHEMBL284,Dipeptidyl peptidase 4,O=C([C@@H]1CN[C@H](C(=O)N2CCSC2)C1)N1Cc2ccccc2C1,7.075720713938118,331.44100000000003,1.0398,1,4
1727624,CHEMBL210941,IC50,=,2587.0,nM,5.59,CHEMBL284,Dipeptidyl peptidase 4,O=C(NCCc1ccccc1)[C@@H]1CN[C@H](C(=O)N2CCCC2)C1,5.587203571283457,315.4170000000002,0.9457999999999995,2,3
1727625,CHEMBL210920,IC50,=,1957.0,nM,5.71,CHEMBL284,Dipeptidyl peptidase 4,O=C(NCc1ccccc1)[C@@H]1CN[C@H](C(=O)N2CCCC2)C1,5.708409174341999,301.39000000000016,0.9032999999999995,2,3
1727626,CHEMBL380240,IC50,=,4130.0,nM,5.38,CHEMBL284,Dipeptidyl peptidase 4,O=C(Nc1ccccc1)[C@@H]1CN[C@H](C(=O)N2CCCC2)C1,5.384049948343599,287.36300000000006,1.2255999999999994,2,3
1727627,CHEMBL377776,IC50,=,144.0,nM,6.84,CHEMBL284,Dipeptidyl peptidase 4,O=C([C@@H]1CN[C@H](C(=O)N2CCCC2)C1)N1Cc2cc(Cl)c(Cl)cc2C1,6.841637507904751,382.2910000000001,2.4361000000000006,1,3
1727628,CHEMBL209981,IC50,=,72.0,nM,7.14,CHEMBL284,Dipeptidyl peptidase 4,Cc1ccc2c(c1)CN(C(=O)[C@@H]1CN[C@H](C(=O)N3CCCC3)C1)C2,7.142667503568732,327.4280000000002,1.4377199999999997,1,3
1727629,CHEMBL210718,IC50,=,73.0,nM,7.14,CHEMBL284,Dipeptidyl peptidase 4,O=C([C@@H]1CN[C@H](C(=O)N2CCCC2)C1)N1Cc2ccc(C(F)(F)F)cc2C1,7.136677139879544,381.398,2.1481000000000003,1,3
1727630,CHEMBL208964,IC50,=,50.0,nM,7.3,CHEMBL284,Dipeptidyl peptidase 4,O=C([C@@H]1CN[C@H](C(=O)N2CCCC2)C1)N1Cc2ccc(Cl)cc2C1,7.301029995663981,347.84600000000006,1.7827,1,3
1727631,CHEMBL210225,IC50,=,73.0,nM,7.14,CHEMBL284,Dipeptidyl peptidase 4,O=C([C@@H]1CN[C@H](C(=O)N2CCCC2)C1)N1Cc2ccc(F)cc2C1,7.136677139879544,331.391,1.2683999999999995,1,3
1765607,CHEMBL215299,IC50,=,325000.0,nM,,CHEMBL284,Dipeptidyl peptidase 4,C[C@@H](C[C@H](N)C(=O)N1CCCCC1)NCc1ccc(Cl)cc1,3.4881166390211256,323.86799999999994,2.548000000000001,2,3
1765610,CHEMBL213514,IC50,>,125000.0,nM,,CHEMBL284,Dipeptidyl peptidase 4,N[C@@H](C[C@@H](Cc1ccccc1)NCc1ccc(Cl)cc1)C(=O)N1CCCCC1,3.9030899869919438,399.9660000000003,3.770800000000002,2,3
1765611,CHEMBL214630,IC50,>,125000.0,nM,,CHEMBL284,Dipeptidyl peptidase 4,N[C@@H](C[C@H](Cc1ccccc1)NCc1ccc(Cl)cc1)C(=O)N1CCCCC1,3.9030899869919438,399.9660000000003,3.770800000000002,2,3
1765612,CHEMBL214580,IC50,=,234000.0,nM,,CHEMBL284,Dipeptidyl peptidase 4,CCC(C)[C@@H](C[C@H](N)C(=O)N1CCCCC1)NCc1ccc(Cl)cc1,3.630784142589857,365.94899999999996,3.574200000000002,2,3
1765613,CHEMBL373665,IC50,>,125000.0,nM,,CHEMBL284,Dipeptidyl peptidase 4,CC(C)[C@@H](C[C@H](N)C(=O)N1CCCCC1)NCc1ccc(Cl)cc1,3.9030899869919438,351.9219999999999,3.1841000000000017,2,3
1765614,CHEMBL215244,IC50,>,100000.0,nM,,CHEMBL284,Dipeptidyl peptidase 4,CC[C@@H](C[C@H](N)C(=O)N1CCCCC1)NCc1ccc(Cl)cc1,4.0,337.895,2.9381000000000013,2,3
1765615,CHEMBL215824,IC50,>,250000.0,nM,,CHEMBL284,Dipeptidyl peptidase 4,C[C@H](C[C@H](N)C(=O)N1CCCCC1)NCc1ccc(Cl)cc1,3.6020599913279625,323.86799999999994,2.548000000000001,2,3
1792418,CHEMBL216253,IC50,=,4.0,nM,8.4,CHEMBL284,Dipeptidyl peptidase 4,CN1C(=O)C=C(N2CCC[C@@H](N)C2)C(Cc2ccccc2C#N)C1=O,8.397940008672037,338.41100000000006,1.0225799999999996,1,5
1792470,CHEMBL1422,IC50,=,18.0,nM,7.75,CHEMBL284,Dipeptidyl peptidase 4,N[C@@H](CC(=O)N1CCn2c(nnc2C(F)(F)F)C1)Cc1cc(F)c(F)cc1F,7.7447274948966935,407.31800000000015,2.0164999999999997,1,4
1792471,CHEMBL216186,IC50,=,27.0,nM,7.57,CHEMBL284,Dipeptidyl peptidase 4,N[C@@H](CC(=O)N1CCn2c(nnc2C(F)(F)F)C1)Cc1cc(F)ccc1F,7.568636235841013,389.32800000000015,1.8773999999999997,1,4
1792472,CHEMBL217051,IC50,=,7.2,nM,8.14,CHEMBL284,Dipeptidyl peptidase 4,C[C@@H]1c2nnc(C(F)(F)F)n2CCN1C(=O)C[C@H](N)Cc1cc(F)ccc1F,8.142667503568731,403.3550000000001,2.4384000000000006,1,4
1792473,CHEMBL384816,IC50,=,160.0,nM,6.8,CHEMBL284,Dipeptidyl peptidase 4,C[C@@H]1C(=O)NCN1C(=O)C[C@H](N)Cc1cc(F)ccc1F,6.795880017344075,297.30499999999995,0.5291000000000007,2,3
1792474,CHEMBL217015,IC50,=,89.0,nM,7.05,CHEMBL284,Dipeptidyl peptidase 4,C[C@@H]1C(=O)NCCN1C(=O)C[C@H](N)Cc1cc(F)ccc1F,7.050609993355087,311.332,0.5716000000000007,2,3
1792475,CHEMBL217016,IC50,=,14.0,nM,7.85,CHEMBL284,Dipeptidyl peptidase 4,C[C@@H]1C(=O)NCCCN1C(=O)C[C@H](N)Cc1cc(F)ccc1F,7.853871964321762,325.359,0.9617000000000006,2,3
1792476,CHEMBL385711,IC50,=,6.6,nM,8.18,CHEMBL284,Dipeptidyl peptidase 4,C[C@@H]1C(=O)NCCCN1C(=O)C[C@H](N)Cc1cc(F)c(F)cc1F,8.18045606445813,343.349,1.1008000000000004,2,3
1792477,CHEMBL217005,IC50,=,150.0,nM,6.82,CHEMBL284,Dipeptidyl peptidase 4,C[C@H]1C(=O)NCCCN1C(=O)C[C@H](N)Cc1cc(F)c(F)cc1F,6.823908740944319,343.349,1.1008000000000004,2,3
1792478,CHEMBL216234,IC50,=,2300.0,nM,5.64,CHEMBL284,Dipeptidyl peptidase 4,C[C@H]1C(=O)NCCCN1C(=O)C[C@@H](N)Cc1cc(F)c(F)cc1F,5.638272163982407,343.349,1.1008000000000004,2,3
1792479,CHEMBL384382,IC50,=,67000.0,nM,4.17,CHEMBL284,Dipeptidyl peptidase 4,C[C@@H]1C(=O)NCCCN1C(=O)C[C@@H](N)Cc1cc(F)c(F)cc1F,4.173925197299174,343.349,1.1008000000000004,2,3
1792480,CHEMBL216643,IC50,=,140.0,nM,6.85,CHEMBL284,Dipeptidyl peptidase 4,N[C@@H](CC(=O)N1CCCNC(=O)C1)Cc1cc(F)c(F)cc1F,6.853871964321762,329.322,0.7122999999999997,2,3
1792481,CHEMBL218459,IC50,=,16.0,nM,7.8,CHEMBL284,Dipeptidyl peptidase 4,CC[C@@H]1C(=O)NCCCN1C(=O)C[C@H](N)Cc1cc(F)c(F)cc1F,7.795880017344075,357.376,1.4909000000000001,2,3
1792482,CHEMBL386380,IC50,=,0.91,nM,9.04,CHEMBL284,Dipeptidyl peptidase 4,N[C@@H](CC(=O)N1CCCNC(=O)[C@H]1Cc1ccccc1)Cc1cc(F)c(F)cc1F,9.040958607678906,419.4470000000001,2.3236000000000008,2,3
1792483,CHEMBL216178,IC50,=,0.49,nM,9.31,CHEMBL284,Dipeptidyl peptidase 4,N[C@@H](CC(=O)N1CCCNC(=O)[C@H]1Cc1ccccn1)Cc1cc(F)c(F)cc1F,9.309803919971486,420.4350000000001,1.7186000000000003,2,4
1792484,CHEMBL217702,IC50,=,0.29,nM,9.54,CHEMBL284,Dipeptidyl peptidase 4,N[C@@H](CC(=O)N1CCCNC(=O)[C@H]1Cc1cnccn1)Cc1cc(F)c(F)cc1F,9.537602002101044,421.4230000000001,1.1136000000000001,2,5
1792485,CHEMBL217271,IC50,=,2.6,nM,8.59,CHEMBL284,Dipeptidyl peptidase 4,N[C@@H](CC(=O)N1CCCNC(=O)[C@H]1CC(F)(F)F)Cc1cc(F)c(F)cc1F,8.585026652029182,411.3460000000001,2.0332999999999997,2,3
1792887,CHEMBL216383,IC50,=,207.0,nM,6.68,CHEMBL284,Dipeptidyl peptidase 4,CC(C)(CC(=O)Nc1ccccc1)NCC(=O)N1CCC[C@H]1C#N,6.684029654543083,328.41600000000017,1.8979799999999996,2,4
1792888,CHEMBL385637,IC50,=,197.0,nM,6.71,CHEMBL284,Dipeptidyl peptidase 4,CC(C)(CC(=O)Nc1ccc(F)cc1)NCC(=O)N1CCC[C@H]1C#N,6.705533773838407,346.4060000000001,2.0370799999999996,2,4
1792889,CHEMBL384985,IC50,=,253.0,nM,6.6,CHEMBL284,Dipeptidyl peptidase 4,COc1ccc(NC(=O)CC(C)(C)NCC(=O)N2CCC[C@H]2C#N)cc1,6.5968794788241825,358.4420000000001,1.9065799999999995,2,5
1792890,CHEMBL386326,IC50,=,225.0,nM,6.65,CHEMBL284,Dipeptidyl peptidase 4,CC(C)(CC(=O)Nc1ccc(F)c(F)c1)NCC(=O)N1CCC[C@H]1C#N,6.647817481888637,364.39600000000013,2.1761799999999996,2,4
1792891,CHEMBL385394,IC50,=,174.0,nM,6.76,CHEMBL284,Dipeptidyl peptidase 4,Cc1ccc(NC(=O)CC(C)(C)NCC(=O)N2CCC[C@H]2C#N)cc1C,6.7594507517174005,356.47000000000014,2.5148200000000003,2,4
1792892,CHEMBL217198,IC50,=,116.0,nM,6.94,CHEMBL284,Dipeptidyl peptidase 4,COc1ccc(NC(=O)CC(C)(C)NCC(=O)N2CCC[C@H]2C#N)cc1OC,6.935542010773082,388.4680000000002,1.9151799999999997,2,6
1792893,CHEMBL217059,IC50,=,127.0,nM,6.9,CHEMBL284,Dipeptidyl peptidase 4,COc1ccc(NC(=O)CC(C)(C)NCC(=O)N2CCC[C@H]2C#N)c(OC)c1OC,6.896196279044043,418.49400000000026,1.9237799999999996,2,7
1792894,CHEMBL217060,IC50,=,269.0,nM,6.57,CHEMBL284,Dipeptidyl peptidase 4,CC(C)(CC(=O)Nc1ccc(-c2ccccc2)cc1)NCC(=O)N1CCC[C@H]1C#N,6.570247719997592,404.51400000000024,3.564980000000001,2,4
1792896,CHEMBL216377,IC50,=,239.0,nM,6.62,CHEMBL284,Dipeptidyl peptidase 4,CC(C)(CC(=O)NCc1ccccc1)NCC(=O)N1CCC[C@H]1C#N,6.621602099051862,342.44300000000015,1.5756799999999997,2,4
1792897,CHEMBL216453,IC50,=,190.0,nM,6.72,CHEMBL284,Dipeptidyl peptidase 4,CC(C)(CC(=O)NCc1ccc(C(F)(F)F)cc1)NCC(=O)N1CCC[C@H]1C#N,6.721246399047171,410.4400000000002,2.594480000000001,2,4
1792898,CHEMBL216296,IC50,=,433.0,nM,6.36,CHEMBL284,Dipeptidyl peptidase 4,CC(C)(CC(=O)NCc1ccccn1)NCC(=O)N1CCC[C@H]1C#N,6.363512103646634,343.43100000000015,0.9706800000000004,2,5
1792901,CHEMBL216203,IC50,=,911.0,nM,6.04,CHEMBL284,Dipeptidyl peptidase 4,C[C@H](CC(=O)NC(C)(C)c1ccccc1)NCC(=O)N1CCC[C@H]1C#N,6.040481623027001,356.4700000000002,1.92068,2,4
1792902,CHEMBL217245,IC50,=,42.0,nM,7.38,CHEMBL284,Dipeptidyl peptidase 4,C[C@@H](CC(=O)NC(C)(C)c1ccccc1)NCC(=O)N1CCC[C@H]1C#N,7.376750709602099,356.4700000000002,1.92068,2,4
1792904,CHEMBL274770,IC50,=,144.0,nM,6.84,CHEMBL284,Dipeptidyl peptidase 4,CC(C)(CC(=O)NCCc1ccccc1)NCC(=O)N1CCC[C@H]1C#N,6.841637507904751,356.4700000000002,1.6181800000000002,2,4
1792905,CHEMBL217212,IC50,=,1300.0,nM,5.89,CHEMBL284,Dipeptidyl peptidase 4,CC(C)(CC(=O)NC(C)(C)Cc1ccccc1)NCC(=O)N1CCC[C@H]1C#N,5.886056647693163,384.5240000000003,2.3967800000000006,2,4
1792906,CHEMBL217339,IC50,=,252.0,nM,6.6,CHEMBL284,Dipeptidyl peptidase 4,Cc1ccc(CCNC(=O)CC(C)(C)NCC(=O)N2CCC[C@H]2C#N)cc1,6.598599459218456,370.4970000000001,1.9265999999999999,2,4
1792907,CHEMBL274103,IC50,=,236.0,nM,6.63,CHEMBL284,Dipeptidyl peptidase 4,CC(C)(CC(=O)NCCc1ccc(C(F)(F)F)cc1)NCC(=O)N1CCC[C@H]1C#N,6.627087997029894,424.4670000000002,2.636980000000001,2,4
1792908,CHEMBL384493,IC50,=,247.0,nM,6.61,CHEMBL284,Dipeptidyl peptidase 4,CC(C)(CC(=O)NCCc1cccc(C(F)(F)F)c1)NCC(=O)N1CCC[C@H]1C#N,6.607303046740334,424.46700000000027,2.636980000000001,2,4
1792909,CHEMBL216878,IC50,=,320.0,nM,6.5,CHEMBL284,Dipeptidyl peptidase 4,CC(C)(CC(=O)NCCc1ccccc1C(F)(F)F)NCC(=O)N1CCC[C@H]1C#N,6.494850021680094,424.46700000000027,2.636980000000001,2,4
1792910,CHEMBL217290,IC50,=,232.0,nM,6.63,CHEMBL284,Dipeptidyl peptidase 4,COc1ccc(CCNC(=O)CC(C)(C)NCC(=O)N2CCC[C@H]2C#N)cc1OC,6.634512015109101,416.5220000000002,1.6353800000000007,2,6
1792911,CHEMBL218393,IC50,=,181.0,nM,6.74,CHEMBL284,Dipeptidyl peptidase 4,CC(C)(CC(=O)NCCc1ccc(Cl)c(Cl)c1)NCC(=O)N1CCC[C@H]1C#N,6.7423214251308154,425.36000000000024,2.9249800000000015,2,4
1792912,CHEMBL218026,IC50,=,118.0,nM,6.93,CHEMBL284,Dipeptidyl peptidase 4,CC(C)(CC(=O)NCCc1ccccn1)NCC(=O)N1CCC[C@H]1C#N,6.928117992693875,357.4580000000002,1.0131800000000006,2,5
1793031,CHEMBL218289,IC50,=,84.0,nM,7.08,CHEMBL284,Dipeptidyl peptidase 4,C[C@H](CCc1ccc(C(N)=O)cc1)NCC(=O)c1ccc(F)cc1,7.075720713938118,328.387,2.7182000000000013,2,3
1793032,CHEMBL217388,IC50,=,280.0,nM,6.55,CHEMBL284,Dipeptidyl peptidase 4,C[C@H](CCc1ccc(C(N)=O)cc1)NCC(=O)c1ccccc1,6.552841968657781,310.397,2.5791000000000004,2,3
1793033,CHEMBL217017,IC50,=,39.0,nM,7.41,CHEMBL284,Dipeptidyl peptidase 4,C[C@H](CCc1ccc(C(N)=O)cc1)NCC(=O)c1ccc(F)c(F)c1,7.4089353929735005,346.377,2.8573000000000013,2,3
1793034,CHEMBL217532,IC50,=,3800.0,nM,5.42,CHEMBL284,Dipeptidyl peptidase 4,C[C@H](CCc1ccc(C(N)=O)cc1)NCC(=O)c1ccccc1F,5.42021640338319,328.387,2.7182000000000013,2,3
1793035,CHEMBL217801,IC50,=,820.0,nM,6.09,CHEMBL284,Dipeptidyl peptidase 4,C[C@H](CCc1ccc(C(N)=O)cc1)NCC(=O)c1ccc(Cl)cc1,6.086186147616283,344.842,3.2325000000000017,2,3
1793036,CHEMBL386895,IC50,=,21000.0,nM,4.68,CHEMBL284,Dipeptidyl peptidase 4,Cc1ccc(C(=O)CN[C@H](C)CCc2ccc(C(N)=O)cc2)cc1,4.6777807052660805,324.42400000000004,2.8875200000000003,2,3
1793037,CHEMBL554090,IC50,=,110.0,nM,6.96,CHEMBL284,Dipeptidyl peptidase 4,C[C@H](CCc1ccc(C(N)=O)cc1)NCC(=O)c1ccsc1,6.958607314841775,316.426,2.640600000000001,2,4
1793038,CHEMBL553006,IC50,=,340.0,nM,6.47,CHEMBL284,Dipeptidyl peptidase 4,C[C@H](COc1ccc(C(N)=O)cc1)NCC(=O)c1ccsc1,6.468521082957745,318.39799999999997,2.0868,2,5
1793039,CHEMBL541664,IC50,=,5.0,nM,8.3,CHEMBL284,Dipeptidyl peptidase 4,NC(=O)c1ccc(OCC2(NCC(=O)c3ccsc3)CCCC2)cc1,8.301029995663981,358.46300000000014,3.0111000000000008,2,5
1793258,CHEMBL216854,IC50,=,19700.0,nM,4.71,CHEMBL284,Dipeptidyl peptidase 4,C[C@H](c1nc(-c2ccccc2)no1)[C@H](N)C(=O)N1CCCC1,4.705533773838407,300.36200000000014,1.7897999999999996,1,5
1793260,CHEMBL374936,IC50,=,122.0,nM,6.91,CHEMBL284,Dipeptidyl peptidase 4,C[C@H](c1nc(-c2ccc(S(C)(=O)=O)cc2)no1)[C@H](N)C(=O)N1CCCC1,6.913640169325252,378.45400000000024,1.1933,1,7
1793261,CHEMBL219602,IC50,=,190.0,nM,6.72,CHEMBL284,Dipeptidyl peptidase 4,C[C@H](c1nc(-c2ccc(S(N)(=O)=O)cc2)no1)[C@H](N)C(=O)N1CCCC1,6.721246399047171,379.44200000000023,0.4372000000000005,2,7
1793262,CHEMBL218882,IC50,=,330.0,nM,6.48,CHEMBL284,Dipeptidyl peptidase 4,C[C@H](c1nc(-c2ccc(S(=O)(=O)C(F)(F)F)cc2)no1)[C@H](N)C(=O)N1CCCC1,6.481486060122113,432.4240000000002,2.0833,1,7
1793263,CHEMBL220301,IC50,=,1610.0,nM,5.79,CHEMBL284,Dipeptidyl peptidase 4,C[C@H](c1nc(-c2ccc(C(F)(F)F)cc2)no1)[C@H](N)C(=O)N1CCCC1,5.79317412396815,368.3590000000002,2.808600000000002,1,5
1793264,CHEMBL220249,IC50,=,1790.0,nM,5.75,CHEMBL284,Dipeptidyl peptidase 4,C[C@H](c1nc(-c2ccc(OC(F)(F)F)cc2)no1)[C@H](N)C(=O)N1CCCC1,5.747146969020107,384.35800000000023,2.6884000000000006,1,6
1793265,CHEMBL220021,IC50,=,3820.0,nM,5.42,CHEMBL284,Dipeptidyl peptidase 4,C[C@H](c1nc(-c2ccc(Cl)cc2)no1)[C@H](N)C(=O)N1CCCC1,5.4179366370882915,334.8070000000002,2.443200000000001,1,5
1793266,CHEMBL375875,IC50,=,15600.0,nM,4.81,CHEMBL284,Dipeptidyl peptidase 4,C[C@H](c1nc(-c2cccc(C(F)(F)F)c2)no1)[C@H](N)C(=O)N1CCCC1,4.806875401645539,368.3590000000002,2.808600000000002,1,5
1793267,CHEMBL375414,IC50,=,990.0,nM,6.0,CHEMBL284,Dipeptidyl peptidase 4,C[C@H](c1nc(-c2ccccc2Cl)no1)[C@H](N)C(=O)N1CCCC1,6.00436480540245,334.8070000000002,2.4432,1,5
1793268,CHEMBL219370,IC50,=,4820.0,nM,5.32,CHEMBL284,Dipeptidyl peptidase 4,C[C@H](c1nc(-c2ccccc2C(F)(F)F)no1)[C@H](N)C(=O)N1CCCC1,5.31695296176115,368.3590000000002,2.808600000000001,1,5
1793269,CHEMBL219369,IC50,=,4790.0,nM,5.32,CHEMBL284,Dipeptidyl peptidase 4,C[C@H](c1nc(-c2ccccc2F)no1)[C@H](N)C(=O)N1CCCC1,5.319664486585437,318.35200000000015,1.9289,1,5
1793270,CHEMBL426335,IC50,=,12400.0,nM,4.91,CHEMBL284,Dipeptidyl peptidase 4,C[C@H](c1nc(-c2ccccc2OC(F)(F)F)no1)[C@H](N)C(=O)N1CCCC1,4.906578314837765,384.35800000000023,2.6884000000000006,1,6
1793271,CHEMBL216774,IC50,=,1820.0,nM,5.74,CHEMBL284,Dipeptidyl peptidase 4,C[C@H](c1nc(-c2ccccc2C(F)F)no1)[C@H](N)C(=O)N1CCCC1,5.739928612014925,350.3690000000002,2.7274000000000003,1,5
1793284,CHEMBL219278,IC50,=,43.0,nM,7.37,CHEMBL284,Dipeptidyl peptidase 4,C[C@H](c1nc(-c2ccc(S(C)(=O)=O)cc2F)no1)[C@H](N)C(=O)N1CCCC1,7.366531544420414,396.44400000000024,1.3323999999999998,1,7
1793285,CHEMBL216835,IC50,=,17.0,nM,7.77,CHEMBL284,Dipeptidyl peptidase 4,C[C@H](c1nc(-c2ccc(S(C)(=O)=O)cc2Cl)no1)[C@H](N)C(=O)N1CCCC1,7.769551078621726,412.8990000000002,1.8466999999999998,1,7
1793286,CHEMBL386812,IC50,=,8.0,nM,8.1,CHEMBL284,Dipeptidyl peptidase 4,C[C@H](c1nc(-c2ccc(NS(C)(=O)=O)cc2Cl)no1)[C@H](N)C(=O)N1CCCC1.O=C(O)C(F)(F)F,8.096910013008056,541.9360000000004,2.4480000000000004,3,8
1793287,CHEMBL216855,IC50,=,830.0,nM,6.08,CHEMBL284,Dipeptidyl peptidase 4,C[C@H](c1nc(-c2ccc(F)cc2Cl)no1)[C@H](N)C(=O)N1CCCC1,6.080921907623926,352.7970000000002,2.5823,1,5
1793288,CHEMBL374703,IC50,=,160.0,nM,6.8,CHEMBL284,Dipeptidyl peptidase 4,C[C@H](c1nc(-c2ccc(Br)cc2Cl)no1)[C@H](N)C(=O)N1CCCC1,6.795880017344075,413.70300000000026,3.205700000000001,1,5
1793289,CHEMBL438992,IC50,=,200.0,nM,6.7,CHEMBL284,Dipeptidyl peptidase 4,C[C@H](c1nc(-c2ccc(Cl)cc2Cl)no1)[C@H](N)C(=O)N1CCCC1.O=C(O)C(F)(F)F,6.698970004336019,483.2740000000003,3.7299000000000015,2,6
1793290,CHEMBL374032,IC50,=,4590.0,nM,5.34,CHEMBL284,Dipeptidyl peptidase 4,C[C@H](c1nc(-c2ccc(F)cc2F)no1)[C@H](N)C(=O)N1CCCC1,5.338187314462739,336.34200000000016,2.0679999999999996,1,5
1793291,CHEMBL219382,IC50,=,7360.0,nM,5.13,CHEMBL284,Dipeptidyl peptidase 4,C[C@H](c1nc(-c2cc(Cl)cc(Cl)c2)no1)[C@H](N)C(=O)N1CCCC1,5.133122185662501,369.25200000000024,3.0966000000000014,1,5
1793292,CHEMBL218911,IC50,=,520.0,nM,6.28,CHEMBL284,Dipeptidyl peptidase 4,C[C@H](c1nc(-c2ccc(NS(C)(=O)=O)cc2)no1)[C@H](N)C(=O)N1CCCC1,6.2839966563652006,393.4690000000003,1.1613,2,7
1793302,CHEMBL375146,IC50,=,19.0,nM,7.72,CHEMBL284,Dipeptidyl peptidase 4,C[C@H](c1nc(-c2ccc(NS(C)(=O)=O)cc2Cl)no1)[C@H](N)C(=O)N1CCC(F)(F)C1.O=C(O)C(F)(F)F,7.721246399047171,577.9160000000004,2.6932,3,8
1793303,CHEMBL218776,IC50,=,19.0,nM,7.72,CHEMBL284,Dipeptidyl peptidase 4,C[C@H](c1nc(-c2ccc(NS(C)(=O)=O)cc2Cl)no1)[C@H](N)C(=O)N1CC[C@@H](F)C1.O=C(O)C(F)(F)F,7.721246399047171,559.9260000000004,2.396,3,8
1793304,CHEMBL387333,IC50,=,19.0,nM,7.72,CHEMBL284,Dipeptidyl peptidase 4,C[C@H](c1nc(-c2ccc(NS(C)(=O)=O)cc2Cl)no1)[C@H](N)C(=O)N1CC[C@H](F)C1.O=C(O)C(F)(F)F,7.721246399047171,559.9260000000004,2.396,3,8
1793305,CHEMBL218306,IC50,=,3050.0,nM,5.52,CHEMBL284,Dipeptidyl peptidase 4,C[C@H](c1n[nH]c(-c2ccc(Cl)cc2Cl)n1)[C@H](N)C(=O)N1CCCC1.O=C(O)C(F)(F)F,5.515700160653214,482.29000000000025,3.4650000000000016,3,5
1793306,CHEMBL218254,IC50,=,1830.0,nM,5.74,CHEMBL284,Dipeptidyl peptidase 4,C[C@H](c1nc(-c2ccc(Cl)cc2Cl)co1)[C@H](N)C(=O)N1CCCC1.O=C(O)C(F)(F)F,5.73754891026957,482.2860000000003,4.334900000000002,2,5
1793307,CHEMBL220404,IC50,=,1210.0,nM,5.92,CHEMBL284,Dipeptidyl peptidase 4,C[C@H](c1noc(-c2ccc(Cl)cc2Cl)n1)[C@H](N)C(=O)N1CCCC1.O=C(O)C(F)(F)F,5.91721462968355,483.2740000000003,3.7299000000000015,2,6
1793308,CHEMBL220402,IC50,=,560.0,nM,6.25,CHEMBL284,Dipeptidyl peptidase 4,C[C@H](c1nnc(-c2ccc(Cl)cc2Cl)o1)[C@H](N)C(=O)N1CCCC1.O=C(O)C(F)(F)F,6.251811972993799,483.2740000000003,3.7299000000000015,2,6
1793316,CHEMBL375745,IC50,=,19.0,nM,7.72,CHEMBL284,Dipeptidyl peptidase 4,CS(=O)(=O)c1ccc(-c2noc([C@@H](CC3CC3)[C@H](N)C(=O)N3CC[C@H](F)C3)n2)c(F)c1.O=C(O)C(F)(F)F,7.721246399047171,568.5210000000004,2.6939,2,8
1793317,CHEMBL219434,IC50,=,31.0,nM,7.51,CHEMBL284,Dipeptidyl peptidase 4,Cc1cc(S(C)(=O)=O)ccc1-c1noc([C@@H](CC2CC2)[C@H](N)C(=O)N2CC[C@H](F)C2)n1.O=C(O)C(F)(F)F,7.508638306165727,564.5580000000004,2.863220000000001,2,8
1793318,CHEMBL375442,IC50,=,52.0,nM,7.28,CHEMBL284,Dipeptidyl peptidase 4,CS(=O)(=O)c1ccc(-c2noc([C@@H](CC3CC3)[C@H](N)C(=O)N3CC[C@H](F)C3)n2)cc1.O=C(O)C(F)(F)F,7.2839966563652006,550.5310000000004,2.5548,2,8
1793319,CHEMBL220357,IC50,=,70.0,nM,7.16,CHEMBL284,Dipeptidyl peptidase 4,CS(=O)(=O)c1ccc(-c2noc([C@@H](CCO)[C@H](N)C(=O)N3CC[C@H](F)C3)n2)c(Cl)c1.O=C(O)C(F)(F)F,7.154901959985743,574.9370000000004,1.7904999999999998,3,9
1793320,CHEMBL219371,IC50,=,13.0,nM,7.89,CHEMBL284,Dipeptidyl peptidase 4,CC(C)C[C@H](c1nc(-c2ccc(S(C)(=O)=O)cc2Cl)no1)[C@H](N)C(=O)N1CC[C@H](F)C1.O=C(O)C(F)(F)F,7.886056647693163,586.9920000000004,3.454200000000001,2,8
1793321,CHEMBL376498,IC50,=,13.0,nM,7.89,CHEMBL284,Dipeptidyl peptidase 4,CS(=O)(=O)c1ccc(-c2noc([C@@H](CC3CC3)[C@H](N)C(=O)N3CC[C@H](F)C3)n2)c(Cl)c1.O=C(O)C(F)(F)F,7.886056647693163,584.9760000000003,3.2082000000000015,2,8
1793322,CHEMBL435320,IC50,=,40.0,nM,7.4,CHEMBL284,Dipeptidyl peptidase 4,C[C@H](c1nc(-c2ccc(S(C)(=O)=O)cc2Cl)no1)[C@H](N)C(=O)N1CC[C@H](F)C1.O=C(O)C(F)(F)F,7.3979400086720375,544.9110000000003,2.428,2,8
1855500,CHEMBL223114,IC50,=,147.0,nM,6.83,CHEMBL284,Dipeptidyl peptidase 4,O=C([C@@H]1C[C@H](Nc2ccccc2)CN1)N1CCSC1,6.8326826652518236,277.39300000000003,1.3618999999999999,2,4
1855501,CHEMBL223916,IC50,=,6.5,nM,8.19,CHEMBL284,Dipeptidyl peptidase 4,O=C([C@@H]1C[C@H](N2CCc3cc(Br)ccc32)CN1)N1CCSC1,8.187086643357144,382.3270000000002,2.0749999999999993,1,4
1855502,CHEMBL223915,IC50,=,45.4,nM,7.34,CHEMBL284,Dipeptidyl peptidase 4,O=C([C@@H]1C[C@H](Nc2ccc(Cl)cc2)CN1)N1CCSC1,7.342944147142896,311.8380000000001,2.0153,2,4
1855503,CHEMBL390512,IC50,=,7.0,nM,8.15,CHEMBL284,Dipeptidyl peptidase 4,O=C([C@@H]1C[C@H](N2CCc3cc(Cl)ccc32)CN1)N1CCSC1,8.154901959985743,337.87600000000015,1.9658999999999995,1,4
1855504,CHEMBL223914,IC50,=,5.8,nM,8.24,CHEMBL284,Dipeptidyl peptidase 4,O=C([C@@H]1C[C@H](N2CCc3cc(F)ccc32)CN1)N1CCSC1,8.236572006437063,321.42100000000016,1.4515999999999998,1,4
1855505,CHEMBL411561,IC50,=,51.5,nM,7.29,CHEMBL284,Dipeptidyl peptidase 4,COc1ccc(N[C@@H]2CN[C@H](C(=O)N3CCSC3)C2)cc1,7.288192770958809,307.41900000000004,1.3704999999999996,2,5
1855506,CHEMBL388111,IC50,=,4.8,nM,8.32,CHEMBL284,Dipeptidyl peptidase 4,COc1ccc2c(c1)CCN2[C@@H]1CN[C@H](C(=O)N2CCSC2)C1,8.318758762624412,333.45700000000016,1.3211,1,5
1855507,CHEMBL224346,IC50,=,19.2,nM,7.72,CHEMBL284,Dipeptidyl peptidase 4,O=C([C@@H]1C[C@H](Nc2ccc([N+](=O)[O-])cc2)CN1)N1CCSC1,7.716698771296451,322.3900000000001,1.2700999999999998,2,6
1855508,CHEMBL225493,IC50,=,7.9,nM,8.1,CHEMBL284,Dipeptidyl peptidase 4,O=C([C@@H]1C[C@H](N2CCc3cc([N+](=O)[O-])ccc32)CN1)N1CCSC1,8.102372908709558,348.4280000000001,1.2206999999999992,1,6
1855509,CHEMBL389244,IC50,=,11.0,nM,7.96,CHEMBL284,Dipeptidyl peptidase 4,O=C([C@@H]1C[C@H](N2CCc3ccccc32)CN1)N1CCSC1,7.958607314841775,303.4310000000001,1.3124999999999996,1,4
1855510,CHEMBL223865,IC50,=,112.0,nM,6.95,CHEMBL284,Dipeptidyl peptidase 4,O=C([C@@H]1C[C@H](N2CCCc3ccccc32)CN1)N1CCSC1,6.950781977329818,317.45800000000014,1.7026,1,4
1855511,CHEMBL227615,IC50,=,26.4,nM,7.58,CHEMBL284,Dipeptidyl peptidase 4,O=C([C@@H]1C[C@H](N2Cc3ccccc3C2)CN1)N1CCSC1,7.578396073130169,303.43100000000004,1.2655999999999996,1,4
1855512,CHEMBL228032,IC50,=,228.0,nM,6.64,CHEMBL284,Dipeptidyl peptidase 4,N#Cc1ccc(CN(C(=O)c2ccc(C#N)cc2)[C@@H]2CN[C@H](C(=O)N3CCSC3)C2)cc1,6.642065152999546,445.5480000000003,2.3357600000000005,1,6
1855513,CHEMBL226771,IC50,=,17.0,nM,7.77,CHEMBL284,Dipeptidyl peptidase 4,N#Cc1ccc(CN(CCO)[C@@H]2CN[C@H](C(=O)N3CCSC3)C2)cc1,7.769551078621726,360.4830000000002,0.6159799999999995,2,6
1855514,CHEMBL227482,IC50,=,16.8,nM,7.78,CHEMBL284,Dipeptidyl peptidase 4,N#Cc1ccc(CN(CC(=O)O)[C@@H]2CN[C@H](C(=O)N3CCSC3)C2)cc1,7.774690718274137,374.4660000000002,0.7082800000000007,2,6
1855515,CHEMBL228243,IC50,=,13.9,nM,7.86,CHEMBL284,Dipeptidyl peptidase 4,N#Cc1ccc(CN(CC(N)=O)[C@@H]2CN[C@H](C(=O)N3CCSC3)C2)cc1,7.856985199745905,373.4820000000002,0.10898000000000119,2,6
1855516,CHEMBL389624,IC50,=,13.6,nM,7.87,CHEMBL284,Dipeptidyl peptidase 4,CCOC(=O)CN(Cc1ccc(C#N)cc1)[C@@H]1CN[C@H](C(=O)N2CCSC2)C1,7.866461091629782,402.5200000000002,1.1867799999999995,1,7
1855517,CHEMBL228021,IC50,=,6.4,nM,8.19,CHEMBL284,Dipeptidyl peptidase 4,N#Cc1ccc(CN(Cc2ccc(C#N)cc2)[C@@H]2CN[C@H](C(=O)N3CCSC3)C2)cc1,8.193820026016112,431.5650000000002,2.6955600000000013,1,6
1855518,CHEMBL389848,IC50,=,9.1,nM,8.04,CHEMBL284,Dipeptidyl peptidase 4,CCCCN(Cc1ccc(C#N)cc1)[C@@H]1CN[C@H](C(=O)N2CCSC2)C1,8.040958607678906,372.5380000000002,2.42378,1,5
1855519,CHEMBL227800,IC50,=,7.1,nM,8.15,CHEMBL284,Dipeptidyl peptidase 4,CC(C)N(Cc1ccc(C#N)cc1)[C@@H]1CN[C@H](C(=O)N2CCSC2)C1,8.148741651280925,358.5110000000002,2.0320799999999997,1,5
1855520,CHEMBL227737,IC50,=,9.6,nM,8.02,CHEMBL284,Dipeptidyl peptidase 4,CN(Cc1ccc(C#N)cc1)[C@@H]1CN[C@H](C(=O)N2CCSC2)C1,8.017728766960431,330.45700000000016,1.25348,1,5
1855521,CHEMBL387666,IC50,>,300.0,nM,,CHEMBL284,Dipeptidyl peptidase 4,N#Cc1ccc(C(=O)O[C@@H]2CN[C@H](C(=O)N3CCSC3)C2)cc1,6.522878745280337,331.39700000000005,0.9784799999999998,1,6
1855522,CHEMBL227867,IC50,>,300.0,nM,,CHEMBL284,Dipeptidyl peptidase 4,O=C(O[C@@H]1CN[C@H](C(=O)N2CCSC2)C1)c1ccccc1,6.522878745280337,306.38699999999994,1.1067999999999993,1,5
1855523,CHEMBL227418,IC50,=,85.9,nM,7.07,CHEMBL284,Dipeptidyl peptidase 4,N#Cc1ccc(NC(=O)N[C@@H]2CN[C@H](C(=O)N3CCSC3)C2)cc1,7.066006836168758,345.4280000000001,0.9431799999999995,3,5
1855524,CHEMBL376562,IC50,=,154.0,nM,6.81,CHEMBL284,Dipeptidyl peptidase 4,O=C(Nc1ccccc1)N[C@@H]1CN[C@H](C(=O)N2CCSC2)C1,6.812479279163537,320.41800000000006,1.0714999999999997,3,4
1855525,CHEMBL389906,IC50,>,300.0,nM,,CHEMBL284,Dipeptidyl peptidase 4,N#Cc1ccc(S(=O)(=O)N[C@@H]2CN[C@H](C(=O)N3CCSC3)C2)cc1,6.522878745280337,366.4680000000002,0.09997999999999996,2,6
1855526,CHEMBL224421,IC50,>,300.0,nM,,CHEMBL284,Dipeptidyl peptidase 4,O=C([C@@H]1C[C@H](NS(=O)(=O)c2ccccc2)CN1)N1CCSC1,6.522878745280337,341.45800000000014,0.22830000000000017,2,5
1855527,CHEMBL441559,IC50,=,37.2,nM,7.43,CHEMBL284,Dipeptidyl peptidase 4,N#Cc1ccc(C(=O)N[C@@H]2CN[C@H](C(=O)N3CCSC3)C2)cc1,7.429457060118103,330.41300000000007,0.5514799999999995,2,5
1855528,CHEMBL376587,IC50,>,300.0,nM,,CHEMBL284,Dipeptidyl peptidase 4,O=C(N[C@@H]1CN[C@H](C(=O)N2CCSC2)C1)c1ccccc1,6.522878745280337,305.40299999999996,0.6797999999999995,2,4
1855529,CHEMBL223497,IC50,=,34.0,nM,7.47,CHEMBL284,Dipeptidyl peptidase 4,N#Cc1ccc(CN[C@@H]2CN[C@H](C(=O)N3CCSC3)C2)cc1,7.468521082957745,316.43000000000006,0.9112799999999996,2,5
1855530,CHEMBL223060,IC50,=,181.0,nM,6.74,CHEMBL284,Dipeptidyl peptidase 4,O=C([C@@H]1C[C@H](NCc2ccccc2)CN1)N1CCSC1,6.7423214251308154,291.42,1.0395999999999999,2,4
1855531,CHEMBL374688,IC50,=,25.2,nM,7.6,CHEMBL284,Dipeptidyl peptidase 4,N#Cc1ccc(N[C@@H]2CN[C@H](C(=O)N3CCSC3)C2)cc1,7.598599459218456,302.4030000000001,1.2335799999999995,2,5
1855564,CHEMBL390513,IC50,=,25.4,nM,7.59,CHEMBL284,Dipeptidyl peptidase 4,N#Cc1ccc(N[C@@H]2CN[C@H](C(=O)N3CCSC3)C2)nc1,7.595166283380062,303.3910000000001,0.6285799999999995,2,6
1855565,CHEMBL224435,IC50,=,558.0,nM,6.25,CHEMBL284,Dipeptidyl peptidase 4,O=C([C@@H]1CCCN1)N1CCSC1,6.253365801062421,186.28,0.27129999999999993,1,3
1855618,CHEMBL224419,IC50,=,270.0,nM,6.57,CHEMBL284,Dipeptidyl peptidase 4,N#Cc1ccc(NCCNCC(=O)N2CCSC2)nc1,6.568636235841013,291.38,0.48767999999999967,2,6
1861676,CHEMBL2068511,IC50,=,5.3,nM,8.28,CHEMBL284,Dipeptidyl peptidase 4,C[C@@H](B(O)O)N1CC[C@@H](N)C1=O,8.275724130399212,171.99299999999997,-2.0534999999999988,3,4
1861685,CHEMBL2068512,IC50,=,480.0,nM,6.32,CHEMBL284,Dipeptidyl peptidase 4,C[C@@H](B(O)O)N1CC[C@H](N)C1=O,6.318758762624412,171.99299999999997,-2.0534999999999988,3,4
1861947,CHEMBL227954,IC50,=,13.0,nM,7.89,CHEMBL284,Dipeptidyl peptidase 4,N#Cc1ccccc1Cn1c(N2CCC[C@@H](N)C2)nc2ccccc2c1=O,7.886056647693163,359.43300000000005,2.2439799999999996,1,5
1861952,CHEMBL227356,IC50,=,18.0,nM,7.75,CHEMBL284,Dipeptidyl peptidase 4,N#Cc1ccccc1Cn1c(N2CCC[C@@H](N)C2)nc2cc(N3CCOCC3)c(F)cc2c1=O,7.7447274948966935,462.5290000000003,2.2196799999999994,1,7
1861953,CHEMBL390776,IC50,=,30.0,nM,7.52,CHEMBL284,Dipeptidyl peptidase 4,COc1cccc2c(=O)n(Cc3ccccc3C#N)c(N3CCCC(N)C3)nc12,7.522878745280337,389.45900000000023,2.25258,1,6
1861954,CHEMBL227089,IC50,=,19.0,nM,7.72,CHEMBL284,Dipeptidyl peptidase 4,COc1cc2nc(N3CCC[C@@H](N)C3)n(Cc3ccccc3C#N)c(=O)c2cc1OC,7.721246399047171,419.4850000000002,2.2611799999999995,1,7
1861955,CHEMBL375508,IC50,=,4.0,nM,8.4,CHEMBL284,Dipeptidyl peptidase 4,COc1cc2c(=O)n(Cc3ccccc3C#N)c(N3CCC[C@@H](N)C3)nc2cc1F,8.397940008672037,407.44900000000024,2.39168,1,6
1861956,CHEMBL227670,IC50,=,8.0,nM,8.1,CHEMBL284,Dipeptidyl peptidase 4,COc1ccc2nc(N3CCC[C@@H](N)C3)n(Cc3ccccc3C#N)c(=O)c2c1,8.096910013008056,389.45900000000006,2.25258,1,6
1861957,CHEMBL227676,IC50,=,5.0,nM,8.3,CHEMBL284,Dipeptidyl peptidase 4,N#Cc1ccccc1Cn1c(N2CCC[C@@H](N)C2)nc2ccc(Br)cc2c1=O,8.301029995663981,438.32900000000006,3.0064800000000007,1,5
1861958,CHEMBL390529,IC50,=,13.0,nM,7.89,CHEMBL284,Dipeptidyl peptidase 4,N#Cc1ccccc1Cn1c(N2CCC[C@@H](N)C2)nc2c(Cl)cc(Cl)cc2c1=O,7.886056647693163,428.3230000000001,3.5507800000000014,1,5
1861959,CHEMBL387552,IC50,=,29.0,nM,7.54,CHEMBL284,Dipeptidyl peptidase 4,N#Cc1ccccc1Cn1c(N2CCCC(N)C2)nc2c(Cl)cccc2c1=O,7.5376020021010435,393.87800000000004,2.897380000000001,1,5
1861960,CHEMBL228004,IC50,=,15.0,nM,7.82,CHEMBL284,Dipeptidyl peptidase 4,N#Cc1ccccc1Cn1c(N2CCC[C@@H](N)C2)nc2cc(Cl)ccc2c1=O,7.823908740944319,393.87800000000004,2.897380000000001,1,5
1861961,CHEMBL389074,IC50,=,5.0,nM,8.3,CHEMBL284,Dipeptidyl peptidase 4,N#Cc1ccccc1Cn1c(N2CCC[C@@H](N)C2)nc2ccc(Cl)cc2c1=O,8.301029995663981,393.87800000000004,2.897380000000001,1,5
1861962,CHEMBL425483,IC50,=,4.0,nM,8.4,CHEMBL284,Dipeptidyl peptidase 4,N#Cc1ccccc1Cn1c(N2CCC[C@@H](N)C2)nc2ccc(F)cc2c1=O,8.397940008672037,377.42300000000006,2.3830800000000005,1,5
1861963,CHEMBL227464,IC50,=,5.0,nM,8.3,CHEMBL284,Dipeptidyl peptidase 4,N#Cc1ccccc1Cn1c(N2CCC[C@@H](N)C2)nc2cccc(F)c2c1=O,8.301029995663981,377.42300000000006,2.3830800000000005,1,5
1896352,CHEMBL427257,IC50,=,11.5,nM,7.94,CHEMBL284,Dipeptidyl peptidase 4,CC1C(=O)NCCCN1C(=O)C[C@H](N)Cc1cc(F)ccc1F,7.939302159646388,325.359,0.9617000000000006,2,3
1896353,CHEMBL439394,IC50,=,126.0,nM,6.9,CHEMBL284,Dipeptidyl peptidase 4,C[C@@H]1C(=O)N[C@H](Cc2ccccc2F)CCN1C(=O)C[C@H](N)Cc1cc(F)c(F)cc1F,6.899629454882437,451.46400000000017,2.8512000000000004,2,3
1896354,CHEMBL230601,IC50,=,29.6,nM,7.53,CHEMBL284,Dipeptidyl peptidase 4,CC[C@@H]1CCN(C(=O)C[C@H](N)Cc2cc(F)c(F)cc2F)[C@H](C)C(=O)N1,7.528708288941061,371.4030000000001,1.8794000000000002,2,3
1896355,CHEMBL230603,IC50,=,139.0,nM,6.86,CHEMBL284,Dipeptidyl peptidase 4,C[C@@H]1C(=O)N[C@H](C(F)(F)F)CCN1C(=O)C[C@H](N)Cc1cc(F)c(F)cc1F,6.856985199745905,411.34600000000006,2.0317,2,3
1896356,CHEMBL230602,IC50,=,11.0,nM,7.96,CHEMBL284,Dipeptidyl peptidase 4,C[C@@H]1CCN(C(=O)C[C@H](N)Cc2cc(F)c(F)cc2F)[C@H](Cc2ccccn2)C(=O)N1,7.958607314841775,434.46200000000005,2.1071000000000004,2,4
1896357,CHEMBL395798,IC50,=,2.77,nM,8.56,CHEMBL284,Dipeptidyl peptidase 4,C[C@@H]1CCN(C(=O)C[C@H](N)Cc2cc(F)c(F)cc2F)[C@H](Cc2ccccc2F)C(=O)N1,8.557520230935552,451.46400000000006,2.8512000000000013,2,3
1896358,CHEMBL394837,IC50,=,1.49,nM,8.83,CHEMBL284,Dipeptidyl peptidase 4,Cc1ccccc1C[C@@H]1C(=O)N[C@H](C)CCN1C(=O)C[C@H](N)Cc1cc(F)c(F)cc1F,8.826813731587725,447.5010000000002,3.0205200000000003,2,3
1896359,CHEMBL230497,IC50,=,34.3,nM,7.46,CHEMBL284,Dipeptidyl peptidase 4,C[C@@H]1CCN(C(=O)C[C@H](N)Cc2cc(F)c(F)cc2F)[C@H](CC(F)(F)F)C(=O)N1,7.464705879957229,425.373,2.4218,2,3
1896360,CHEMBL394836,IC50,=,397.0,nM,6.4,CHEMBL284,Dipeptidyl peptidase 4,C[C@@H]1C(=O)N[C@@H](C)CCN1C(=O)C[C@H](N)Cc1cc(F)c(F)cc1F,6.401209493236885,357.376,1.4892999999999994,2,3
1896361,CHEMBL230496,IC50,=,15.1,nM,7.82,CHEMBL284,Dipeptidyl peptidase 4,C[C@@H]1CCN(C(=O)C[C@H](N)Cc2cc(F)c(F)cc2F)[C@H](C)C(=O)N1,7.82102305270683,357.376,1.4893,2,3
1896362,CHEMBL394594,IC50,=,142.0,nM,6.85,CHEMBL284,Dipeptidyl peptidase 4,C[C@@H]1C(=O)NCC(C)(C)CN1C(=O)C[C@H](N)Cc1cc(F)c(F)cc1F,6.847711655616943,371.40299999999996,1.7369,2,3
1896363,CHEMBL230495,IC50,=,143.0,nM,6.84,CHEMBL284,Dipeptidyl peptidase 4,C[C@@H]1CNC(=O)[C@@H](CC(F)(F)F)N(C(=O)C[C@H](N)Cc2cc(F)c(F)cc2F)C1,6.844663962534939,425.3730000000001,2.279300000000001,2,3
1896364,CHEMBL230389,IC50,=,24.6,nM,7.61,CHEMBL284,Dipeptidyl peptidase 4,C[C@H]1CNC(=O)[C@@H](CC(F)(F)F)N(C(=O)C[C@H](N)Cc2cc(F)c(F)cc2F)C1,7.609064892896621,425.3730000000001,2.279300000000001,2,3
1896365,CHEMBL397242,IC50,=,60.3,nM,7.22,CHEMBL284,Dipeptidyl peptidase 4,CC[C@@H]1C(=O)NC[C@@H](C)CN1C(=O)C[C@H](N)Cc1cc(F)c(F)cc1F,7.219682687859849,371.40299999999996,1.7369,2,3
1896366,CHEMBL230388,IC50,=,37.3,nM,7.43,CHEMBL284,Dipeptidyl peptidase 4,CC[C@@H]1C(=O)NC[C@H](C)CN1C(=O)C[C@H](N)Cc1cc(F)c(F)cc1F,7.428291168191312,371.40299999999996,1.7369,2,3
1896367,CHEMBL397241,IC50,=,33.0,nM,7.48,CHEMBL284,Dipeptidyl peptidase 4,C[C@@H]1CNC(=O)[C@@H](C)N(C(=O)C[C@H](N)Cc2cc(F)c(F)cc2F)C1,7.481486060122112,357.37600000000003,1.3468000000000004,2,3
1896368,CHEMBL230387,IC50,=,9.7,nM,8.01,CHEMBL284,Dipeptidyl peptidase 4,C[C@H]1CNC(=O)[C@@H](C)N(C(=O)C[C@H](N)Cc2cc(F)c(F)cc2F)C1,8.013228265733755,357.37600000000003,1.3468000000000004,2,3
1896369,CHEMBL397010,IC50,=,1050.0,nM,5.98,CHEMBL284,Dipeptidyl peptidase 4,CC1CCNC(=O)CN1C(=O)C[C@H](N)Cc1cc(F)c(F)cc1F,5.978810700930062,343.349,1.1008000000000004,2,3
1896371,CHEMBL230283,IC50,=,9.6,nM,8.02,CHEMBL284,Dipeptidyl peptidase 4,C[C@@H]1C(=O)N(C(C)(C)C)CCCN1C(=O)C[C@H](N)Cc1cc(F)c(F)cc1F,8.017728766960431,399.45700000000005,2.611700000000001,1,3
1896372,CHEMBL230282,IC50,=,8.0,nM,8.1,CHEMBL284,Dipeptidyl peptidase 4,C[C@@H]1C(=O)N(C2CC2)CCCN1C(=O)C[C@H](N)Cc1cc(F)c(F)cc1F,8.096910013008056,383.414,1.9756,1,3
1896373,CHEMBL390886,IC50,=,19.2,nM,7.72,CHEMBL284,Dipeptidyl peptidase 4,C[C@@H]1C(=O)N(CC(F)(F)F)CCCN1C(=O)C[C@H](N)Cc1cc(F)c(F)cc1F,7.716698771296451,425.37300000000005,2.3755000000000006,1,3
1896374,CHEMBL395004,IC50,=,10.5,nM,7.98,CHEMBL284,Dipeptidyl peptidase 4,C[C@@H]1C(=O)N(CCOCc2ccccc2)CCCN1C(=O)C[C@H](N)Cc1cc(F)c(F)cc1F,7.978810700930062,477.5270000000002,3.0300000000000002,1,4
1896375,CHEMBL231117,IC50,=,15.1,nM,7.82,CHEMBL284,Dipeptidyl peptidase 4,C[C@@H]1C(=O)N(CCO)CCCN1C(=O)C[C@H](N)Cc1cc(F)c(F)cc1F,7.82102305270683,387.40200000000004,0.8055000000000007,2,4
1896376,CHEMBL231011,IC50,=,11.5,nM,7.94,CHEMBL284,Dipeptidyl peptidase 4,C[C@@H]1C(=O)N(C)CCCN1C(=O)C[C@H](N)Cc1cc(F)c(F)cc1F,7.939302159646388,357.376,1.4429999999999996,1,3
1896377,CHEMBL390885,IC50,=,9.0,nM,8.05,CHEMBL284,Dipeptidyl peptidase 4,C[C@@H]1C(=O)N(C2CC2)CCCN1C(=O)C[C@H](N)Cc1cc(F)ccc1F,8.045757490560675,365.424,1.8364999999999998,1,3
1896378,CHEMBL231010,IC50,=,69.9,nM,7.16,CHEMBL284,Dipeptidyl peptidase 4,C[C@@H]1C(=O)N(CC(=O)O)CCCN1C(=O)C[C@H](N)Cc1cc(F)ccc1F,7.1555228242543185,383.3950000000001,0.7587000000000009,2,4
1896379,CHEMBL390884,IC50,=,11.6,nM,7.94,CHEMBL284,Dipeptidyl peptidase 4,COC(=O)CN1CCCN(C(=O)C[C@H](N)Cc2cc(F)ccc2F)[C@H](C)C1=O,7.935542010773082,397.4220000000001,0.8471000000000003,1,5
1896380,CHEMBL231009,IC50,=,20.7,nM,7.68,CHEMBL284,Dipeptidyl peptidase 4,CCN1CCCN(C(=O)C[C@H](N)Cc2cc(F)ccc2F)[C@H](C)C1=O,7.684029654543083,353.41300000000007,1.6939999999999997,1,3
1896382,CHEMBL390853,IC50,=,6.6,nM,8.18,CHEMBL284,Dipeptidyl peptidase 4,CC1C(=O)NCCCN1C(=O)C[C@H](N)Cc1cc(F)c(F)cc1F,8.18045606445813,343.349,1.1008000000000004,2,3
1897530,CHEMBL231151,IC50,=,1460.0,nM,5.84,CHEMBL284,Dipeptidyl peptidase 4,CN(C)C(=O)[C@H](c1ccc(-c2ccc(F)cc2)cc1)[C@@H](N)C(=O)N1CC[C@H](F)C1,5.835647144215563,401.45700000000016,2.5622000000000007,1,3
1897531,CHEMBL396789,IC50,=,1995.0,nM,5.7,CHEMBL284,Dipeptidyl peptidase 4,C=CCC(C(=O)N1CCn2c(nnc2C(F)(F)F)C1)[C@H](N)Cc1cc(F)c(F)cc1F,5.700057099977233,447.38300000000015,2.8187000000000006,1,4
1897532,CHEMBL230095,IC50,=,2209.0,nM,5.66,CHEMBL284,Dipeptidyl peptidase 4,C=COCC(=O)N1CCN(C(=O)C[C@H](N)Cc2ccccc2F)CC1,5.655804284128565,349.40600000000006,0.9164999999999999,1,4
1897533,CHEMBL395762,IC50,=,2.0,nM,8.7,CHEMBL284,Dipeptidyl peptidase 4,CC(C)[C@H](Oc1ccc(CNC(=O)[C@@H]2CCCN2C(=O)C[C@H](N)Cc2cc(F)c(F)cc2F)cc1)C(=O)O,8.698970004336019,535.5630000000002,3.159200000000001,3,5
1897534,CHEMBL231050,IC50,=,1397.0,nM,5.86,CHEMBL284,Dipeptidyl peptidase 4,N[C@@H](CC(=O)N1CCn2cc(C(F)(F)F)nc2C1c1ccc(F)cc1)Cc1ccc(F)c(F)c1,5.854803593885818,482.42800000000017,4.210900000000003,1,3
1897535,CHEMBL395546,IC50,=,1325.0,nM,5.88,CHEMBL284,Dipeptidyl peptidase 4,N[C@@H](CC(=O)N1CCn2nccc21)Cc1cc(F)ccc1F,5.877784121727173,306.316,1.4679999999999997,1,3
1897536,CHEMBL410187,IC50,=,1247.0,nM,5.9,CHEMBL284,Dipeptidyl peptidase 4,N[C@@H](CC(=O)N1CCN(c2ccc(Cl)cc2)CC1)Cc1ccccc1F,5.904133546521457,375.87500000000017,3.0878000000000014,1,3
1897537,CHEMBL231654,IC50,=,995.0,nM,6.0,CHEMBL284,Dipeptidyl peptidase 4,N[C@H](C(=O)N1CCC(F)(F)C1)[C@@H]1CCN(S(=O)(=O)c2ccc(OC(F)(F)F)cc2)C1,6.002176919254275,457.4210000000001,1.7907000000000002,1,5
1897538,CHEMBL396195,IC50,=,864.0,nM,6.06,CHEMBL284,Dipeptidyl peptidase 4,COc1cc(CNC(=O)[C@@H]2CCCN2C(=O)C[C@H](N)Cc2ccccc2F)ccc1O,6.063486257521107,429.49200000000013,2.107200000000001,3,5
1897539,CHEMBL231653,IC50,=,780.0,nM,6.11,CHEMBL284,Dipeptidyl peptidase 4,CSc1cc(F)c(C[C@@H](N)CC(=O)N2CCn3c(nnc3C(F)(F)F)C2)cc1F,6.107905397309519,435.422,2.5993000000000013,1,5
1897540,CHEMBL231552,IC50,=,731.0,nM,6.14,CHEMBL284,Dipeptidyl peptidase 4,N[C@@H](CC(=O)N1CCC[C@H]1C(=O)NCc1ccc(C(F)(F)F)cc1)Cc1ccccc1F,6.13608262304214,451.4640000000001,3.411800000000002,2,3
1897541,CHEMBL231551,IC50,=,539.0,nM,6.27,CHEMBL284,Dipeptidyl peptidase 4,N[C@@H](CC(=O)N1CCC[C@H]1C(=O)NCc1ccccc1)Cc1ccccc1F,6.268411234813262,383.4670000000001,2.393,2,3
1897542,CHEMBL388900,IC50,=,520.0,nM,6.28,CHEMBL284,Dipeptidyl peptidase 4,CN(C)C(=O)[C@@H](c1ccc(-c2ccc(F)cc2)cc1)[C@H](N)C(=O)N1CCOCC1,6.2839966563652006,399.46600000000024,1.8505999999999996,1,4
1897543,CHEMBL230938,IC50,=,310.0,nM,6.51,CHEMBL284,Dipeptidyl peptidase 4,O=C([C@@H]1Cc2ccc(-c3cccc(-c4nnn[nH]4)c3)cc2CN1)N1CC[C@H](F)C1,6.508638306165727,392.4380000000002,2.1184,2,5
1897544,CHEMBL230937,IC50,=,170.0,nM,6.77,CHEMBL284,Dipeptidyl peptidase 4,COC(=O)Cc1ccc(CNC(=O)[C@@H]2CSCN2C(=O)C[C@H](N)Cc2ccccc2F)cc1,6.769551078621726,473.5700000000002,2.019,2,6
1897546,CHEMBL230840,IC50,=,37.0,nM,7.43,CHEMBL284,Dipeptidyl peptidase 4,N[C@@H](CC(=O)N1CSC[C@H]1C(=O)NCc1ccc(CC(=O)O)cc1)Cc1ccccc1F,7.431798275933005,459.54300000000023,1.930600000000001,3,5
1897547,CHEMBL230839,IC50,=,33.0,nM,7.48,CHEMBL284,Dipeptidyl peptidase 4,Cc1ccc(F)cc1C[C@@H](N)CC(=O)N1CCC[C@H]1C(=O)NCc1ccc(O[C@H](C(=O)O)C(C)C)cc1,7.481486060122112,513.6100000000002,3.189420000000001,3,5
1897548,CHEMBL427261,IC50,=,21.0,nM,7.68,CHEMBL284,Dipeptidyl peptidase 4,N[C@@H](CC(=O)N1CCn2c(nnc2C(F)(F)F)C1)Cc1cc(Cl)ccc1F,7.6777807052660805,405.78300000000013,2.3917,1,4
1897549,CHEMBL397716,IC50,=,8.0,nM,8.1,CHEMBL284,Dipeptidyl peptidase 4,CC(C)[C@H](Oc1ccc(CNC(=O)[C@@H]2CCCN2C(=O)C[C@H](N)Cc2cc(F)c(F)c(F)c2F)cc1)C(=O)O,8.096910013008056,553.5530000000002,3.298300000000001,3,5
1905784,CHEMBL390193,IC50,=,210.0,nM,6.68,CHEMBL284,Dipeptidyl peptidase 4,N[C@H]1CN(c2ccccc2)CC[C@@H]1c1cc(F)c(F)cc1F.O=C(O)C(F)(F)F,6.6777807052660805,420.353,4.0584000000000024,2,3
1905788,CHEMBL228312,IC50,=,16.0,nM,7.8,CHEMBL284,Dipeptidyl peptidase 4,N[C@H]1CN(c2ccc3nnc(-c4ccc(F)cc4)n3n2)CC[C@@H]1c1cc(F)c(F)cc1F.O=C(O)C(F)(F)F,7.795880017344075,556.4420000000003,4.302200000000003,2,6
1905789,CHEMBL228311,IC50,=,9.0,nM,8.05,CHEMBL284,Dipeptidyl peptidase 4,N[C@H]1CN(c2ccc3nnc(C(F)(F)F)n3n2)CC[C@@H]1c1cc(F)c(F)cc1F.O=C(O)C(F)(F)F,8.045757490560675,530.3510000000002,3.5149000000000017,2,6
1905790,CHEMBL390080,IC50,=,6.0,nM,8.22,CHEMBL284,Dipeptidyl peptidase 4,CCc1nnc2ccc(N3CC[C@H](c4cc(F)c(F)cc4F)[C@@H](N)C3)nn12.O=C(O)C(F)(F)F,8.221848749616356,490.4080000000001,3.0585000000000004,2,6
1905791,CHEMBL231497,IC50,=,6.0,nM,8.22,CHEMBL284,Dipeptidyl peptidase 4,Cc1nnc2ccc(N3CC[C@H](c4cc(F)c(F)cc4F)[C@@H](N)C3)nn12.O=C(O)C(F)(F)F,8.221848749616356,476.3810000000001,2.80452,2,6
1905792,CHEMBL231496,IC50,=,31.0,nM,7.51,CHEMBL284,Dipeptidyl peptidase 4,N[C@H]1CN(c2ccc3nncn3n2)CC[C@@H]1c1cc(F)c(F)cc1F.O=C(O)C(F)(F)F,7.508638306165727,462.35400000000004,2.4961,2,6
1905793,CHEMBL390241,IC50,=,5.0,nM,8.3,CHEMBL284,Dipeptidyl peptidase 4,Cn1nc2ccc(N3CC[C@H](c4cc(F)c(F)cc4F)[C@@H](N)C3)nn2c1=O.O=C(O)C(F)(F)F,8.301029995663981,492.38000000000017,1.7997999999999998,2,6
1905794,CHEMBL231397,IC50,=,8.0,nM,8.1,CHEMBL284,Dipeptidyl peptidase 4,Cc1cc(=O)n2nc(N3CC[C@H](c4cc(F)c(F)cc4F)[C@@H](N)C3)ccc2n1.O=C(O)C(F)(F)F,8.096910013008056,503.40300000000013,2.7697200000000004,2,6
1905795,CHEMBL231396,IC50,=,1.2,nM,8.92,CHEMBL284,Dipeptidyl peptidase 4,N[C@H]1CN(c2ccc3nc(=O)ccn3n2)CC[C@@H]1c1cc(F)c(F)cc1F.O=C(O)C(F)(F)F,8.920818753952375,489.3760000000001,2.4612999999999996,2,6
1905796,CHEMBL231395,IC50,=,7.0,nM,8.15,CHEMBL284,Dipeptidyl peptidase 4,Cc1nc2ccc(N3CC[C@H](c4cc(F)c(F)cc4F)[C@@H](N)C3)nc2c(=O)[nH]1.O=C(O)C(F)(F)F,8.154901959985743,503.40300000000013,2.9983200000000005,3,6
1905797,CHEMBL231295,IC50,=,8.0,nM,8.1,CHEMBL284,Dipeptidyl peptidase 4,N[C@H]1CN(c2ccc3ncnc(C4CC4)c3n2)CC[C@@H]1c1cc(F)c(F)cc1F.O=C(O)C(F)(F)F,8.096910013008056,513.4420000000001,4.274000000000004,2,6
1905798,CHEMBL389804,IC50,=,2.0,nM,8.7,CHEMBL284,Dipeptidyl peptidase 4,Cn1c(C2CC2)nc2ccc(N3CC[C@H](c4cc(F)c(F)cc4F)[C@@H](N)C3)nc21.O=C(O)C(F)(F)F,8.698970004336019,515.4580000000002,4.217500000000003,2,5
1905799,CHEMBL231294,IC50,=,26.0,nM,7.58,CHEMBL284,Dipeptidyl peptidase 4,N[C@H]1CN(c2ccn3cnnc3n2)CC[C@@H]1c1cc(F)c(F)cc1F.O=C(O)C(F)(F)F,7.585026652029182,462.35400000000004,2.4961,2,6
1905800,CHEMBL231293,IC50,=,5.0,nM,8.3,CHEMBL284,Dipeptidyl peptidase 4,N[C@H]1CN(c2ccc3nc(C(F)(F)F)nn3n2)CC[C@@H]1c1cc(F)c(F)cc1F.O=C(O)C(F)(F)F,8.301029995663981,530.3510000000002,3.5149000000000017,2,6
1905801,CHEMBL389803,IC50,=,22.0,nM,7.66,CHEMBL284,Dipeptidyl peptidase 4,N[C@H]1CN(c2ccc3nc(C(F)(F)F)cn3n2)CC[C@@H]1c1cc(F)c(F)cc1F.O=C(O)C(F)(F)F,7.657577319177793,529.3630000000002,4.119900000000003,2,5
1905802,CHEMBL231196,IC50,=,13.0,nM,7.89,CHEMBL284,Dipeptidyl peptidase 4,N[C@H]1CN(c2cnc3nccnc3n2)CC[C@@H]1c1cc(F)c(F)cc1F.O=C(O)C(F)(F)F,7.886056647693163,474.36500000000007,2.7916000000000007,2,7
1905803,CHEMBL231195,IC50,=,43.0,nM,7.37,CHEMBL284,Dipeptidyl peptidase 4,N[C@H]1CN(c2cnc3cncnc3n2)CC[C@@H]1c1cc(F)c(F)cc1F.O=C(O)C(F)(F)F,7.366531544420414,474.36500000000007,2.7916000000000007,2,7
1905804,CHEMBL231194,IC50,=,130.0,nM,6.89,CHEMBL284,Dipeptidyl peptidase 4,N[C@H]1CN(c2cnc3cccnc3n2)CC[C@@H]1c1cc(F)c(F)cc1F.O=C(O)C(F)(F)F,6.886056647693163,473.37700000000007,3.396600000000001,2,6
1905805,CHEMBL389538,IC50,=,12.0,nM,7.92,CHEMBL284,Dipeptidyl peptidase 4,N[C@H]1CN(c2cnc3ccccc3n2)CC[C@@H]1c1cc(F)c(F)cc1F.O=C(O)C(F)(F)F,7.920818753952375,472.38900000000007,4.0016000000000025,2,5
1905806,CHEMBL231092,IC50,=,7.0,nM,8.15,CHEMBL284,Dipeptidyl peptidase 4,N[C@H]1CN(c2ccc3nccnc3n2)CC[C@@H]1c1cc(F)c(F)cc1F.O=C(O)C(F)(F)F,8.154901959985743,473.37700000000007,3.396600000000001,2,6
1905807,CHEMBL231091,IC50,=,3700.0,nM,5.43,CHEMBL284,Dipeptidyl peptidase 4,N[C@H]1CN(c2nccc3ccccc23)CC[C@@H]1c1cc(F)c(F)cc1F.O=C(O)C(F)(F)F,5.431798275933005,471.40100000000007,4.606600000000003,2,4
1905808,CHEMBL389537,IC50,=,54.0,nM,7.27,CHEMBL284,Dipeptidyl peptidase 4,N[C@H]1CN(c2ccc3ccccc3n2)CC[C@@H]1c1cc(F)c(F)cc1F.O=C(O)C(F)(F)F,7.267606240177032,471.40100000000007,4.606600000000003,2,4
1905809,CHEMBL231090,IC50,=,63.0,nM,7.2,CHEMBL284,Dipeptidyl peptidase 4,N[C@H]1CN(c2cccnn2)CC[C@@H]1c1cc(F)c(F)cc1F.O=C(O)C(F)(F)F,7.200659450546418,422.329,2.8484000000000007,2,5
1905810,CHEMBL230985,IC50,=,82.0,nM,7.09,CHEMBL284,Dipeptidyl peptidase 4,N[C@H]1CN(c2cnccn2)CC[C@@H]1c1cc(F)c(F)cc1F.O=C(O)C(F)(F)F,7.086186147616283,422.329,2.8484000000000007,2,5
1905811,CHEMBL427259,IC50,=,90.0,nM,7.05,CHEMBL284,Dipeptidyl peptidase 4,N[C@H]1CN(c2ncccn2)CC[C@@H]1c1cc(F)c(F)cc1F.O=C(O)C(F)(F)F,7.045757490560675,422.329,2.8484000000000007,2,5
1905812,CHEMBL230984,IC50,=,37.0,nM,7.43,CHEMBL284,Dipeptidyl peptidase 4,N[C@H]1CN(c2ccncn2)CC[C@@H]1c1cc(F)c(F)cc1F.O=C(O)C(F)(F)F,7.431798275933005,422.329,2.8484000000000007,2,5
1905813,CHEMBL230883,IC50,=,14.0,nM,7.85,CHEMBL284,Dipeptidyl peptidase 4,N#Cc1ccc(N2CC[C@H](c3cc(F)c(F)cc3F)[C@@H](N)C2)nc1.O=C(O)C(F)(F)F,7.853871964321762,446.3510000000001,3.3250800000000007,2,5
1905814,CHEMBL230449,IC50,=,650.0,nM,6.19,CHEMBL284,Dipeptidyl peptidase 4,N[C@H]1CN(c2ncccc2C(F)(F)F)CC[C@@H]1c1cc(F)c(F)cc1F.O=C(O)C(F)(F)F,6.187086643357144,489.338,4.472200000000002,2,4
1905815,CHEMBL389602,IC50,=,463.0,nM,6.33,CHEMBL284,Dipeptidyl peptidase 4,N[C@H]1CN(c2cc(C(F)(F)F)ccn2)CC[C@@H]1c1cc(F)c(F)cc1F.O=C(O)C(F)(F)F,6.334419008982047,489.3380000000001,4.472200000000003,2,4
1905816,CHEMBL274740,IC50,=,67.0,nM,7.17,CHEMBL284,Dipeptidyl peptidase 4,N[C@H]1CN(c2ccc(C(F)(F)F)cn2)CC[C@@H]1c1cc(F)c(F)cc1F.O=C(O)C(F)(F)F,7.173925197299173,489.338,4.472200000000003,2,4
1905817,CHEMBL230342,IC50,=,111.0,nM,6.96,CHEMBL284,Dipeptidyl peptidase 4,N[C@H]1CN(c2cccc(C(F)(F)F)n2)CC[C@@H]1c1cc(F)c(F)cc1F.O=C(O)C(F)(F)F,6.954677021213342,489.338,4.472200000000003,2,4
1905818,CHEMBL390194,IC50,=,125.0,nM,6.9,CHEMBL284,Dipeptidyl peptidase 4,N[C@H]1CN(c2ccncc2)CC[C@@H]1c1cc(F)c(F)cc1F.O=C(O)C(F)(F)F,6.903089986991944,421.341,3.453400000000002,2,4
1905819,CHEMBL230341,IC50,=,144.0,nM,6.84,CHEMBL284,Dipeptidyl peptidase 4,N[C@H]1CN(c2cccnc2)CC[C@@H]1c1cc(F)c(F)cc1F.O=C(O)C(F)(F)F,6.841637507904751,421.341,3.453400000000002,2,4
1905820,CHEMBL230340,IC50,=,58.0,nM,7.24,CHEMBL284,Dipeptidyl peptidase 4,N[C@H]1CN(c2ccccn2)CC[C@@H]1c1cc(F)c(F)cc1F.O=C(O)C(F)(F)F,7.236572006437063,421.341,3.453400000000002,2,4
1935647,CHEMBL233127,IC50,=,5.6,nM,8.25,CHEMBL284,Dipeptidyl peptidase 4,C[C@@H]1N[C@H](C(=O)N2CCC[C@H]2C#N)C[C@@H]1C(=O)N1Cc2ccccc2C1,8.2518119729938,352.43800000000016,1.4099799999999998,1,4
1944662,CHEMBL389324,IC50,=,5.3,nM,8.28,CHEMBL284,Dipeptidyl peptidase 4,Cc1cc(C)c([C@@H]2CN[C@H](C(=O)N3CCC[C@H]3C#N)C2)c(C)c1O,8.275724130399212,327.42800000000005,2.2775400000000006,2,4
1944663,CHEMBL244010,IC50,=,7.1,nM,8.15,CHEMBL284,Dipeptidyl peptidase 4,COc1c(O)ccc(C)c1[C@@H]1CN[C@H](C(=O)N2CCC[C@H]2C#N)C1,8.148741651280925,329.4000000000001,1.6693,2,5
1944664,CHEMBL413797,IC50,=,4.9,nM,8.31,CHEMBL284,Dipeptidyl peptidase 4,Cc1ccc(O)c(C)c1[C@@H]1CN[C@H](C(=O)N2CCC[C@H]2C#N)C1,8.309803919971486,313.40100000000007,1.96912,2,4
1944665,CHEMBL244009,IC50,=,22.0,nM,7.66,CHEMBL284,Dipeptidyl peptidase 4,CCOc1cc(O)cc(OCC)c1[C@@H]1CN[C@H](C(=O)N2CCC[C@H]2C#N)C1,7.657577319177793,373.4530000000002,2.14968,2,6
1944666,CHEMBL390418,IC50,=,8.9,nM,8.05,CHEMBL284,Dipeptidyl peptidase 4,CCc1cc(O)cc(C)c1[C@@H]1CN[C@H](C(=O)N2CCC[C@H]2C#N)C1,8.050609993355087,327.4280000000001,2.2230999999999996,2,4
1944667,CHEMBL244008,IC50,=,23.0,nM,7.64,CHEMBL284,Dipeptidyl peptidase 4,COc1cc(O)cc(OC)c1[C@@H]1CN[C@H](C(=O)N2CCC[C@H]2C#N)C1,7.638272163982407,345.39900000000017,1.3694799999999996,2,6
1944668,CHEMBL243800,IC50,=,8.3,nM,8.08,CHEMBL284,Dipeptidyl peptidase 4,COc1cc(O)cc(C)c1[C@@H]1CN[C@H](C(=O)N2CCC[C@H]2C#N)C1,8.080921907623926,329.40000000000015,1.6693,2,5
1944669,CHEMBL243799,IC50,=,3.3,nM,8.48,CHEMBL284,Dipeptidyl peptidase 4,Cc1cc(O)cc(C)c1[C@@H]1CN[C@H](C(=O)N2CCC[C@H]2C#N)C1,8.481486060122112,313.40100000000007,1.96912,2,4
1944670,CHEMBL390221,IC50,=,2.5,nM,8.6,CHEMBL284,Dipeptidyl peptidase 4,N#C[C@@H]1CCCN1C(=O)[C@@H]1C[C@H](c2ccc(O)cc2)CN1,8.602059991327963,285.34700000000004,1.3522799999999997,2,4
1944671,CHEMBL243798,IC50,=,3.9,nM,8.41,CHEMBL284,Dipeptidyl peptidase 4,N#C[C@@H]1CCCN1C(=O)[C@@H]1C[C@H](c2cccc(O)c2)CN1,8.4089353929735,285.34700000000004,1.3522799999999997,2,4
1944672,CHEMBL245059,IC50,=,9.1,nM,8.04,CHEMBL284,Dipeptidyl peptidase 4,N#C[C@@H]1CCCN1C(=O)[C@@H]1C[C@H](c2ccccc2O)CN1,8.040958607678906,285.34700000000004,1.3522799999999997,2,4
1944673,CHEMBL396513,IC50,=,6.1,nM,8.21,CHEMBL284,Dipeptidyl peptidase 4,Cc1cccc(C)c1[C@@H]1CN[C@H](C(=O)N2CCC[C@H]2C#N)C1,8.214670164989233,297.40200000000004,2.2635200000000006,1,3
1944674,CHEMBL244843,IC50,=,16.0,nM,7.8,CHEMBL284,Dipeptidyl peptidase 4,N#C[C@@H]1CCCN1C(=O)[C@@H]1C[C@@H](c2ccccc2)CN1,7.795880017344075,269.348,1.6466799999999997,1,3
1944675,CHEMBL396512,IC50,=,3.5,nM,8.46,CHEMBL284,Dipeptidyl peptidase 4,N#C[C@@H]1CCCN1C(=O)[C@@H]1C[C@H](c2ccccc2)CN1,8.455931955649724,269.348,1.6466799999999997,1,3
1944676,CHEMBL389138,IC50,=,7.8,nM,8.11,CHEMBL284,Dipeptidyl peptidase 4,N#C[C@@H]1CCCN1C(=O)[C@@H]1CC(C2C3CC4CC(C3)CC2C4)CN1,8.10790539730952,327.47200000000015,2.55138,1,3
1944677,CHEMBL242492,IC50,=,2.4,nM,8.62,CHEMBL284,Dipeptidyl peptidase 4,N#C[C@@H]1CCCN1C(=O)[C@@H]1C[C@H](C2CCCCC2)CN1,8.619788758288394,275.39599999999996,2.05938,1,3
1944678,CHEMBL242987,IC50,=,2.9,nM,8.54,CHEMBL284,Dipeptidyl peptidase 4,CC(C)C[C@@H]1CN[C@H](C(=O)N2CCC[C@H]2C#N)C1,8.537602002101044,249.35799999999995,1.5251799999999998,1,3
1944679,CHEMBL437570,IC50,=,5.7,nM,8.24,CHEMBL284,Dipeptidyl peptidase 4,C=C(C)C[C@@H]1CN[C@H](C(=O)N2CCC[C@H]2C#N)C1,8.244125144327509,247.34199999999993,1.4452799999999995,1,3
1944680,CHEMBL242985,IC50,=,3.4,nM,8.47,CHEMBL284,Dipeptidyl peptidase 4,CCC[C@@H]1CN[C@H](C(=O)N2CCC[C@H]2C#N)C1,8.468521082957745,235.33099999999993,1.2791799999999998,1,3
1944681,CHEMBL245069,IC50,=,3.5,nM,8.46,CHEMBL284,Dipeptidyl peptidase 4,C=CC[C@@H]1CN[C@H](C(=O)N2CCC[C@H]2C#N)C1,8.455931955649724,233.31499999999994,1.0551799999999996,1,3
1947253,CHEMBL394165,IC50,=,6.2,nM,8.21,CHEMBL284,Dipeptidyl peptidase 4,C[C@@H]1N[C@H](C(=O)N2CCC[C@H]2C#N)C[C@@H]1C(=O)N1CCSCC1,8.207608310501746,336.4610000000002,0.4429800000000006,1,5
1948879,CHEMBL232315,IC50,=,7.7,nM,8.11,CHEMBL284,Dipeptidyl peptidase 4,N#C[C@@H]1CCCN1C(=O)[C@@H]1C[C@H](C(N)=O)CN1,8.113509274827518,236.275,-1.0356199999999987,2,4
1948880,CHEMBL232311,IC50,=,2.4,nM,8.62,CHEMBL284,Dipeptidyl peptidase 4,CN(C)C(=O)CC[C@@H]1CN[C@H](C(=O)N2CCC[C@H]2C#N)C1,8.619788758288394,292.38300000000004,0.34748000000000046,1,4
1948881,CHEMBL391558,IC50,=,4.5,nM,8.35,CHEMBL284,Dipeptidyl peptidase 4,CN(C)C(=O)C[C@@H]1CN[C@H](C(=O)N2CCC[C@H]2C#N)C1,8.346787486224656,278.356,-0.042619999999999214,1,4
1948882,CHEMBL232103,IC50,=,1.8,nM,8.74,CHEMBL284,Dipeptidyl peptidase 4,CN(C)C(=O)[C@@H]1CN[C@H](C(=O)N2CCC[C@H]2C#N)C1,8.744727494896694,264.32899999999995,-0.4327199999999989,1,4
1948883,CHEMBL234158,IC50,=,16.0,nM,7.8,CHEMBL284,Dipeptidyl peptidase 4,N#C[C@@H]1CCCN1C(=O)[C@@H]1C[C@H](CC(=O)O)CN1,7.795880017344075,251.286,-0.04621999999999987,2,4
1948884,CHEMBL395919,IC50,=,3.8,nM,8.42,CHEMBL284,Dipeptidyl peptidase 4,N#C[C@@H]1CCCN1C(=O)[C@@H]1C[C@H](CCO)CN1,8.42021640338319,237.303,-0.13852000000000014,2,4
1948885,CHEMBL234356,IC50,=,6.3,nM,8.2,CHEMBL284,Dipeptidyl peptidase 4,N#C[C@@H]1CCCN1C(=O)[C@@H]1C[C@H](CO)CN1,8.200659450546418,223.276,-0.5286199999999999,2,4
1948898,CHEMBL429258,IC50,=,20.0,nM,7.7,CHEMBL284,Dipeptidyl peptidase 4,C[C@@H]1N[C@H](C(=O)N2CCC[C@H]2C#N)C[C@@H]1C(=O)N1CCOCC1,7.698970004336019,320.3930000000002,-0.2736199999999991,1,5
1948899,CHEMBL232920,IC50,=,13.0,nM,7.89,CHEMBL284,Dipeptidyl peptidase 4,C[C@@H]1N[C@H](C(=O)N2CCC[C@H]2C#N)C[C@@H]1C(=O)N1CCCCC1,7.886056647693163,318.4210000000002,0.88008,1,4
1948900,CHEMBL393957,IC50,=,6.5,nM,8.19,CHEMBL284,Dipeptidyl peptidase 4,C[C@@H]1N[C@H](C(=O)N2CCC[C@H]2C#N)C[C@@H]1C(=O)N1CCCC1,8.187086643357144,304.3940000000002,0.4899800000000003,1,4
1948901,CHEMBL232919,IC50,=,13.0,nM,7.89,CHEMBL284,Dipeptidyl peptidase 4,C[C@@H]1N[C@H](C(=O)N2CCC[C@H]2C#N)C[C@@H]1C(=O)N1CCC1,7.886056647693163,290.36700000000013,0.09988000000000041,1,4
1948902,CHEMBL394932,IC50,=,15.0,nM,7.82,CHEMBL284,Dipeptidyl peptidase 4,CCN(C)C(=O)[C@H]1C[C@@H](C(=O)N2CCC[C@H]2C#N)N[C@H]1C,7.823908740944319,292.3829999999999,0.3458800000000007,1,4
1948903,CHEMBL232914,IC50,=,10.0,nM,8.0,CHEMBL284,Dipeptidyl peptidase 4,C[C@@H]1N[C@H](C(=O)N2CCC[C@H]2C#N)C[C@@H]1C(=O)N(C)C,8.0,278.35600000000005,-0.04421999999999926,1,4
1948904,CHEMBL400615,IC50,=,4.8,nM,8.32,CHEMBL284,Dipeptidyl peptidase 4,N#C[C@@H]1CCCN1C(=O)[C@@H]1C[C@H](C(=O)N2CCSCC2)CN1,8.318758762624412,322.4340000000001,0.05448000000000103,1,5
1948905,CHEMBL415647,IC50,=,4.3,nM,8.37,CHEMBL284,Dipeptidyl peptidase 4,N#C[C@@H]1CCCN1C(=O)[C@@H]1C[C@H](C(=O)N2CCOCC2)CN1,8.366531544420413,306.3660000000001,-0.6621199999999976,1,5
1948906,CHEMBL232716,IC50,=,11.0,nM,7.96,CHEMBL284,Dipeptidyl peptidase 4,N#C[C@@H]1CCCN1C(=O)[C@@H]1C[C@H](C(=O)N2CCCCCCC2)CN1,7.958607314841775,332.44800000000015,1.2717799999999995,1,4
1948907,CHEMBL400614,IC50,=,8.3,nM,8.08,CHEMBL284,Dipeptidyl peptidase 4,N#C[C@@H]1CCCN1C(=O)[C@@H]1C[C@H](C(=O)N2CCCCCC2)CN1,8.080921907623926,318.4210000000001,0.8816799999999998,1,4
1948908,CHEMBL400613,IC50,=,4.9,nM,8.31,CHEMBL284,Dipeptidyl peptidase 4,N#C[C@@H]1CCCN1C(=O)[C@@H]1C[C@H](C(=O)N2CCCCC2)CN1,8.309803919971486,304.39400000000006,0.4915800000000002,1,4
1948909,CHEMBL428369,IC50,=,5.6,nM,8.25,CHEMBL284,Dipeptidyl peptidase 4,N#C[C@@H]1CCCN1C(=O)[C@@H]1C[C@H](C(=O)N2CCCC2)CN1,8.2518119729938,290.367,0.10148000000000051,1,4
1948910,CHEMBL234373,IC50,=,4.0,nM,8.4,CHEMBL284,Dipeptidyl peptidase 4,N#C[C@@H]1CCCN1C(=O)[C@@H]1C[C@H](C(=O)N2CCC2)CN1,8.397940008672037,276.34,-0.28861999999999916,1,4
1948911,CHEMBL393498,IC50,=,6.0,nM,8.22,CHEMBL284,Dipeptidyl peptidase 4,CCN(CC)C(=O)[C@@H]1CN[C@H](C(=O)N2CCC[C@H]2C#N)C1,8.221848749616356,292.38300000000004,0.34748000000000046,1,4
1948912,CHEMBL234163,IC50,=,4.9,nM,8.31,CHEMBL284,Dipeptidyl peptidase 4,CCN(C)C(=O)[C@@H]1CN[C@H](C(=O)N2CCC[C@H]2C#N)C1,8.309803919971486,278.356,-0.042619999999999214,1,4
1948913,CHEMBL434960,IC50,=,5.7,nM,8.24,CHEMBL284,Dipeptidyl peptidase 4,CCCNC(=O)[C@@H]1CN[C@H](C(=O)N2CCC[C@H]2C#N)C1,8.244125144327509,278.356,0.0052800000000006175,2,4
1948914,CHEMBL232316,IC50,=,4.4,nM,8.36,CHEMBL284,Dipeptidyl peptidase 4,CCNC(=O)[C@@H]1CN[C@H](C(=O)N2CCC[C@H]2C#N)C1,8.356547323513812,264.32899999999995,-0.3848199999999995,2,4
1948915,CHEMBL391559,IC50,=,3.5,nM,8.46,CHEMBL284,Dipeptidyl peptidase 4,CNC(=O)[C@@H]1CN[C@H](C(=O)N2CCC[C@H]2C#N)C1,8.455931955649724,250.30199999999994,-0.7749199999999994,2,4
1958901,CHEMBL388475,IC50,=,98.0,nM,7.01,CHEMBL284,Dipeptidyl peptidase 4,N[C@@H](CC(=O)N1CCn2c(nnc2C(F)(F)F)C1)Cc1ccccc1F,7.008773924307505,371.33800000000014,1.7382999999999993,1,4
1958904,CHEMBL233891,IC50,=,234.0,nM,6.63,CHEMBL284,Dipeptidyl peptidase 4,CC(C)(C)NC(=O)c1nnc2n1CCN(C(=O)C[C@H](N)Cc1cc(F)c(F)cc1F)C2,6.6307841425898575,438.4540000000001,1.5259999999999998,2,5
1958905,CHEMBL233686,IC50,=,219.0,nM,6.66,CHEMBL284,Dipeptidyl peptidase 4,CCOC(=O)c1nnc2n1CCN(C(=O)C[C@H](N)Cc1cc(F)c(F)cc1F)C2,6.6595558851598815,411.3840000000001,1.1744000000000006,1,6
1958906,CHEMBL390240,IC50,=,29.0,nM,7.54,CHEMBL284,Dipeptidyl peptidase 4,N[C@@H](CC(=O)N1CCn2c(nnc2C(F)F)C1)Cc1cc(F)c(F)cc1F,7.5376020021010435,389.3280000000001,1.9352999999999996,1,4
1958907,CHEMBL390239,IC50,=,30.0,nM,7.52,CHEMBL284,Dipeptidyl peptidase 4,N[C@@H](CC(=O)N1CCn2c(nnc2C2CC2)C1)Cc1cc(F)c(F)cc1F,7.522878745280337,379.386,1.8750999999999993,1,4
1958908,CHEMBL233685,IC50,=,37.0,nM,7.43,CHEMBL284,Dipeptidyl peptidase 4,CCc1nnc2n1CCN(C(=O)C[C@H](N)Cc1cc(F)c(F)cc1F)C2,7.431798275933005,367.37500000000006,1.5600999999999998,1,4
1958909,CHEMBL233684,IC50,=,69.0,nM,7.16,CHEMBL284,Dipeptidyl peptidase 4,N[C@@H](CC(=O)N1CCn2c(CO)nnc2C1)Cc1cc(F)ccc1F,7.161150909262744,351.357,0.35089999999999977,2,5
1958910,CHEMBL389600,IC50,=,190.0,nM,6.72,CHEMBL284,Dipeptidyl peptidase 4,CCOC(=O)c1nnc2n1CCN(C(=O)C[C@H](N)Cc1cc(F)ccc1F)C2,6.721246399047171,393.3940000000001,1.0353000000000008,1,6
1958911,CHEMBL233474,IC50,=,65.0,nM,7.19,CHEMBL284,Dipeptidyl peptidase 4,N[C@@H](CC(=O)N1CCn2c(nnc2-c2ccncc2)C1)Cc1cc(F)ccc1F,7.187086643357144,398.4170000000002,1.9206,1,5
1958912,CHEMBL389599,IC50,=,30.0,nM,7.52,CHEMBL284,Dipeptidyl peptidase 4,N[C@@H](CC(=O)N1CCn2c(nnc2-c2ccc(F)cc2F)C1)Cc1cc(F)ccc1F,7.522878745280337,433.40900000000016,2.8038000000000016,1,4
1958913,CHEMBL233472,IC50,=,60.0,nM,7.22,CHEMBL284,Dipeptidyl peptidase 4,N[C@@H](CC(=O)N1CCn2c(nnc2-c2ccc(F)cc2)C1)Cc1cc(F)ccc1F,7.221848749616356,415.41900000000015,2.6647000000000007,1,4
1958914,CHEMBL233058,IC50,=,84.0,nM,7.08,CHEMBL284,Dipeptidyl peptidase 4,N[C@@H](CC(=O)N1CCn2c(nnc2C(F)(F)F)C1)Cc1cc(F)c(F)cc1Cl,7.075720713938118,423.77300000000014,2.5308,1,4
1958915,CHEMBL232845,IC50,=,76.0,nM,7.12,CHEMBL284,Dipeptidyl peptidase 4,N[C@@H](CC(=O)N1CCn2c(nnc2C(F)(F)F)C1)Cc1cc(F)c(Cl)cc1F,7.119186407719209,423.77300000000014,2.5308,1,4
1958917,CHEMBL232648,IC50,=,180.0,nM,6.75,CHEMBL284,Dipeptidyl peptidase 4,N[C@@H](CC(=O)N1CCn2c(nnc2C(F)(F)F)C1)Cc1cc(Cl)ccc1Cl,6.7447274948966935,422.23800000000017,2.9060000000000006,1,4
1958918,CHEMBL235120,IC50,=,23.0,nM,7.64,CHEMBL284,Dipeptidyl peptidase 4,N[C@@H](CC(=O)N1CCn2c(nnc2C(F)(F)F)C1)Cc1ccc(Cl)cc1Cl,7.638272163982407,422.23800000000017,2.9060000000000006,1,4
1958919,CHEMBL388433,IC50,=,1580.0,nM,5.8,CHEMBL284,Dipeptidyl peptidase 4,N[C@@H](CC(=O)N1CCn2c(nnc2C(F)(F)F)C1)Cc1ccc(Cl)c(Cl)c1,5.801342913045577,422.23800000000017,2.9060000000000006,1,4
1958920,CHEMBL243231,IC50,=,264.0,nM,6.58,CHEMBL284,Dipeptidyl peptidase 4,N[C@@H](CC(=O)N1CCn2c(nnc2C(F)(F)F)C1)Cc1ccc(Cl)cc1,6.578396073130169,387.7930000000001,2.2526,1,4
1958921,CHEMBL243230,IC50,=,59.0,nM,7.23,CHEMBL284,Dipeptidyl peptidase 4,N[C@@H](CC(=O)N1CCn2c(nnc2C(F)(F)F)C1)Cc1cccc(Cl)c1,7.229147988357855,387.7930000000001,2.2525999999999993,1,4
1958922,CHEMBL388431,IC50,=,145.0,nM,6.84,CHEMBL284,Dipeptidyl peptidase 4,N[C@@H](CC(=O)N1CCn2c(nnc2C(F)(F)F)C1)Cc1ccccc1Cl,6.838631997765025,387.7930000000001,2.2525999999999993,1,4
1958923,CHEMBL245181,IC50,=,511.0,nM,6.29,CHEMBL284,Dipeptidyl peptidase 4,N[C@@H](CC(=O)N1CCn2c(nnc2C(F)(F)F)C1)Cc1ccc(C(F)(F)F)cc1,6.291579099865287,421.34500000000014,2.6180000000000003,1,4
1958924,CHEMBL243227,IC50,=,366.0,nM,6.44,CHEMBL284,Dipeptidyl peptidase 4,N[C@@H](CC(=O)N1CCn2c(nnc2C(F)(F)F)C1)Cc1cccc(C(F)(F)F)c1,6.436518914605589,421.34500000000014,2.6180000000000003,1,4
1958925,CHEMBL397744,IC50,=,486.0,nM,6.31,CHEMBL284,Dipeptidyl peptidase 4,N[C@@H](CC(=O)N1CCn2c(nnc2C(F)(F)F)C1)Cc1ccccc1C(F)(F)F,6.313363730737707,421.34500000000014,2.6180000000000003,1,4
1958926,CHEMBL397743,IC50,=,1018.0,nM,5.99,CHEMBL284,Dipeptidyl peptidase 4,N[C@@H](CC(=O)N1CCn2c(nnc2C(F)(F)F)C1)Cc1c(F)c(F)c(F)c(F)c1F,5.99225222199926,443.2980000000002,2.2946999999999997,1,4
1958928,CHEMBL394834,IC50,=,87.0,nM,7.06,CHEMBL284,Dipeptidyl peptidase 4,N[C@@H](CC(=O)N1CCn2c(nnc2C(F)(F)F)C1)Cc1c(F)cc(F)cc1F,7.060480747381382,407.31800000000015,2.0164999999999997,1,4
1958929,CHEMBL394833,IC50,=,151.0,nM,6.82,CHEMBL284,Dipeptidyl peptidase 4,N[C@@H](CC(=O)N1CCn2c(nnc2C(F)(F)F)C1)Cc1c(F)ccc(F)c1F,6.82102305270683,407.31800000000015,2.0164999999999997,1,4
1958930,CHEMBL243872,IC50,=,805.0,nM,6.09,CHEMBL284,Dipeptidyl peptidase 4,N[C@@H](CC(=O)N1CCn2c(nnc2C(F)(F)F)C1)Cc1cc(F)cc(F)c1F,6.094204119632131,407.31800000000015,2.0164999999999997,1,4
1958932,CHEMBL389151,IC50,=,82.0,nM,7.09,CHEMBL284,Dipeptidyl peptidase 4,N[C@@H](CC(=O)N1CCn2c(nnc2C(F)(F)F)C1)Cc1ccc(F)cc1F,7.086186147616283,389.32800000000015,1.8773999999999995,1,4
1958933,CHEMBL242813,IC50,=,128.0,nM,6.89,CHEMBL284,Dipeptidyl peptidase 4,N[C@@H](CC(=O)N1CCn2c(nnc2C(F)(F)F)C1)Cc1ccc(F)c(F)c1,6.892790030352131,389.32800000000015,1.8773999999999995,1,4
1958934,CHEMBL242811,IC50,=,272.0,nM,6.57,CHEMBL284,Dipeptidyl peptidase 4,N[C@@H](CC(=O)N1CCn2c(nnc2C(F)(F)F)C1)Cc1ccc(F)cc1,6.565431095965801,371.33800000000014,1.7382999999999995,1,4
1958935,CHEMBL232262,IC50,=,135.0,nM,6.87,CHEMBL284,Dipeptidyl peptidase 4,N[C@@H](CC(=O)N1CCn2c(nnc2C(F)(F)F)C1)Cc1cccc(F)c1,6.8696662315049934,371.33800000000014,1.7382999999999993,1,4
1960111,CHEMBL232191,IC50,=,140.0,nM,6.85,CHEMBL284,Dipeptidyl peptidase 4,N[C@H]1C[C@H](N2CCn3c(nnc3C(F)(F)F)C2)CCC1c1cc(F)c(F)cc1F,6.853871964321762,419.3730000000001,3.1934000000000013,1,4
1960112,CHEMBL234635,IC50,=,21.0,nM,7.68,CHEMBL284,Dipeptidyl peptidase 4,N[C@H]1C[C@@H](N2CCn3c(C(F)(F)F)cnc3C2)CCC1c1cc(F)c(F)cc1F,7.6777807052660805,418.3850000000001,3.7984000000000027,1,3
1962327,CHEMBL400624,IC50,=,13.0,nM,7.89,CHEMBL284,Dipeptidyl peptidase 4,COc1cc2c(cc1OC)[C@@H]1CC(N)[C@@H](c3cccc(C)c3)CN1CC2,7.886056647693163,352.4780000000002,3.4262200000000025,1,4
1963686,CHEMBL234412,IC50,=,520.0,nM,6.28,CHEMBL284,Dipeptidyl peptidase 4,CCCC[C@H]1CN2CCc3cc(OC)c(OC)cc3[C@@H]2C[C@@H]1N,6.2839966563652006,318.46100000000007,3.1404000000000005,1,4
1963687,CHEMBL232595,IC50,=,4.0,nM,8.4,CHEMBL284,Dipeptidyl peptidase 4,COc1cc2c(cc1OC)[C@@H]1C[C@H](N)[C@@H](c3cccc(Cl)c3)CN1CC2,8.397940008672037,372.89600000000013,3.771200000000002,1,4
1963688,CHEMBL429982,IC50,=,50.0,nM,7.3,CHEMBL284,Dipeptidyl peptidase 4,COc1cc2c(cc1OC)[C@@H]1C[C@@H](N)[C@@H](c3cccc(Cl)c3)CN1CC2,7.301029995663981,372.89600000000013,3.771200000000002,1,4
1963689,CHEMBL391070,IC50,=,4.0,nM,8.4,CHEMBL284,Dipeptidyl peptidase 4,COc1cc2c(cc1OC)[C@@H]1C[C@H](N)[C@@H](c3cccc(C)c3)CN1CC2,8.397940008672037,352.4780000000002,3.4262200000000025,1,4
1963690,CHEMBL234431,IC50,=,32.0,nM,7.5,CHEMBL284,Dipeptidyl peptidase 4,COc1cc2c(cc1OC)[C@@H]1C[C@@H](N)[C@@H](c3cccc(C)c3)CN1CC2,7.494850021680094,352.4780000000002,3.4262200000000025,1,4
1963691,CHEMBL234430,IC50,=,650.0,nM,6.19,CHEMBL284,Dipeptidyl peptidase 4,COc1cccc([C@H]2CN3CCc4cc(OC)c(OC)cc4[C@@H]3C[C@H]2N)c1,6.187086643357144,368.4770000000001,3.1264000000000003,1,5
1963692,CHEMBL540711,IC50,=,5130.0,nM,5.29,CHEMBL284,Dipeptidyl peptidase 4,COc1cccc([C@H]2CN3CCc4cc(OC)c(OC)cc4[C@@H]3C[C@@H]2N)c1,5.289882634888183,368.4770000000001,3.1264000000000003,1,5
1963693,CHEMBL392085,IC50,=,3730.0,nM,5.43,CHEMBL284,Dipeptidyl peptidase 4,COc1cc2c(cc1OC)[C@@H]1C[C@H](N)[C@@H](c3ccc(C)c(C)c3)CN1CC2,5.428291168191312,366.50500000000017,3.7346400000000033,1,4
1963694,CHEMBL234238,IC50,=,9380.0,nM,5.03,CHEMBL284,Dipeptidyl peptidase 4,COc1cc2c(cc1OC)[C@@H]1C[C@@H](N)[C@@H](c3ccc(C)c(C)c3)CN1CC2,5.027797161620936,366.50500000000017,3.7346400000000033,1,4
1963695,CHEMBL234048,IC50,=,370.0,nM,6.43,CHEMBL284,Dipeptidyl peptidase 4,COc1cc2c(cc1OC)[C@@H]1C[C@H](N)[C@@H](c3ccc(C)cc3)CN1CC2,6.431798275933005,352.4780000000001,3.4262200000000025,1,4
1963696,CHEMBL392084,IC50,=,10590.0,nM,4.97,CHEMBL284,Dipeptidyl peptidase 4,COc1cc2c(cc1OC)[C@@H]1C[C@@H](N)[C@@H](c3ccc(C)cc3)CN1CC2,4.975104039892515,352.4780000000001,3.4262200000000025,1,4
1963697,CHEMBL234047,IC50,=,1520.0,nM,5.82,CHEMBL284,Dipeptidyl peptidase 4,COc1cc2c(cc1OC)[C@@H]1C[C@H](N)[C@@H](c3ccccn3)CN1CC2,5.818156412055227,339.43900000000014,2.5128000000000004,1,5
1963698,CHEMBL392083,IC50,=,990.0,nM,6.0,CHEMBL284,Dipeptidyl peptidase 4,COc1cc2c(cc1OC)[C@@H]1C[C@@H](N)[C@@H](c3ccccn3)CN1CC2,6.00436480540245,339.43900000000014,2.5128000000000004,1,5
1963699,CHEMBL234046,IC50,=,220.0,nM,6.66,CHEMBL284,Dipeptidyl peptidase 4,COc1cc2c(cc1OC)[C@@H]1CC(N)[C@@H](c3ccccc3)CN1CC2,6.657577319177793,338.45100000000014,3.1178000000000017,1,4
1963700,CHEMBL428894,IC50,=,200.0,nM,6.7,CHEMBL284,Dipeptidyl peptidase 4,COc1cc2c(cc1OC)[C@@H]1C[C@H](N)[C@@H](c3ccccc3)CN1CC2,6.698970004336019,338.45100000000014,3.1178000000000017,1,4
1963701,CHEMBL391037,IC50,=,270.0,nM,6.57,CHEMBL284,Dipeptidyl peptidase 4,COc1cc2c(cc1OC)[C@@H]1C[C@@H](N)[C@@H](c3ccccc3)CN1CC2,6.568636235841013,338.45100000000014,3.1178000000000017,1,4
1963702,CHEMBL231996,IC50,=,8900.0,nM,5.05,CHEMBL284,Dipeptidyl peptidase 4,COc1ccc(N2CCC(N)C(c3ccccn3)C2)cc1OC,5.050609993355087,313.4010000000001,2.420000000000001,1,5
1963703,CHEMBL231995,IC50,=,25600.0,nM,4.59,CHEMBL284,Dipeptidyl peptidase 4,COc1cccc(C2CN(c3ccc(OC)c(OC)c3)CCC2N)c1,4.59176003468815,342.4390000000001,3.0336000000000007,1,5
1963704,CHEMBL231994,IC50,=,600.0,nM,6.22,CHEMBL284,Dipeptidyl peptidase 4,COc1ccc(N2CCC(N)C(c3cccc(C)c3)C2)cc1OC,6.221848749616356,326.4400000000001,3.333420000000002,1,4
1963705,CHEMBL397353,IC50,=,31300.0,nM,4.5,CHEMBL284,Dipeptidyl peptidase 4,COc1ccc(N2CCC(N)C(c3ccc(C)c(C)c3)C2)cc1OC,4.504455662453552,340.4670000000001,3.641840000000003,1,4
1963706,CHEMBL234616,IC50,=,14800.0,nM,4.83,CHEMBL284,Dipeptidyl peptidase 4,COc1ccc(N2CCC(N)C(c3ccc(C)cc3)C2)cc1OC,4.8297382846050425,326.4400000000001,3.333420000000002,1,4
1963707,CHEMBL234615,IC50,=,5300.0,nM,5.28,CHEMBL284,Dipeptidyl peptidase 4,CCCCC1CN(c2cccc3ccccc23)CCC1N,5.275724130399211,282.431,4.183600000000002,1,2
1963708,CHEMBL397144,IC50,=,13600.0,nM,4.87,CHEMBL284,Dipeptidyl peptidase 4,CCCCC1CN(c2cccc3c2CCCC3)CCC1N,4.866461091629782,286.46299999999997,3.909200000000002,1,2
1963709,CHEMBL234614,IC50,=,9400.0,nM,5.03,CHEMBL284,Dipeptidyl peptidase 4,CCCC[C@@H]1CN(c2ccc3ccccc3c2)CC[C@H]1N,5.026872146400302,282.431,4.183600000000003,1,2
1963710,CHEMBL394507,IC50,=,1500.0,nM,5.82,CHEMBL284,Dipeptidyl peptidase 4,CCCC[C@H]1CN(c2ccc3ccccc3c2)CC[C@H]1N,5.823908740944319,282.431,4.183600000000003,1,2
1963711,CHEMBL234613,IC50,=,3300.0,nM,5.48,CHEMBL284,Dipeptidyl peptidase 4,CCCC[C@H]1CN(c2ccc(Cl)c(Cl)c2)CC[C@H]1N,5.481486060122113,301.2610000000001,4.337200000000004,1,2
1963712,CHEMBL234429,IC50,=,18400.0,nM,4.74,CHEMBL284,Dipeptidyl peptidase 4,CCCC[C@@H]1CN(c2cc(OC)c(OC)c(OC)c2)CC[C@H]1N,4.735182176990463,322.44900000000007,3.0562000000000005,1,5
1963713,CHEMBL396136,IC50,=,2300.0,nM,5.64,CHEMBL284,Dipeptidyl peptidase 4,CCCC[C@H]1CN(c2cc(OC)c(OC)c(OC)c2)CC[C@H]1N,5.638272163982407,322.44900000000007,3.0562000000000005,1,5
1963714,CHEMBL234428,IC50,=,26000.0,nM,4.58,CHEMBL284,Dipeptidyl peptidase 4,CCCC[C@@H]1CN(c2ccc(OC)c(OC)c2)CC[C@H]1N,4.585026652029182,292.423,3.047600000000001,1,4
1963715,CHEMBL234427,IC50,=,4900.0,nM,5.31,CHEMBL284,Dipeptidyl peptidase 4,CCCC[C@H]1CN(c2ccc(OC)c(OC)c2)CCC1N,5.309803919971486,292.423,3.047600000000001,1,4
1963716,CHEMBL234426,IC50,=,2600.0,nM,5.58,CHEMBL284,Dipeptidyl peptidase 4,CCCCC1CN(c2ccc(Cl)c(C(F)(F)F)c2)CCC1N,5.585026652029182,334.8130000000001,4.702600000000004,1,2
1963717,CHEMBL443316,IC50,=,2800.0,nM,5.55,CHEMBL284,Dipeptidyl peptidase 4,CCCC[C@H]1CN(c2ccc(Cl)c(C(F)(F)F)c2)CC[C@H]1N,5.552841968657781,334.8130000000001,4.702600000000004,1,2
1963718,CHEMBL234236,IC50,=,142000.0,nM,,CHEMBL284,Dipeptidyl peptidase 4,CCCC[C@@H]1CN(c2ccc(OC)c(-c3ccccc3)c2)CC[C@H]1N,3.8477116556169433,338.4950000000001,4.706000000000003,1,3
1963719,CHEMBL234235,IC50,=,5800.0,nM,5.24,CHEMBL284,Dipeptidyl peptidase 4,CCCC[C@H]1CN(c2ccc(OC)c(-c3ccccc3)c2)CC[C@H]1N,5.236572006437063,338.4950000000001,4.706000000000003,1,3
1963720,CHEMBL234233,IC50,=,8400.0,nM,5.08,CHEMBL284,Dipeptidyl peptidase 4,CCCCC1CN(c2cc(OC)cc(C(F)(F)F)c2)CCC1N,5.075720713938118,330.39400000000006,4.057800000000002,1,3
1963721,CHEMBL234045,IC50,=,2100.0,nM,5.68,CHEMBL284,Dipeptidyl peptidase 4,CCCC[C@H]1CN(c2cc(OC)cc(C(F)(F)F)c2)CC[C@H]1N,5.6777807052660805,330.39400000000006,4.057800000000002,1,3
1963722,CHEMBL234043,IC50,=,13400.0,nM,4.87,CHEMBL284,Dipeptidyl peptidase 4,CCCCC1CN(c2cc(C(F)(F)F)cc(C(F)(F)F)c2)CCC1N,4.872895201635193,368.36500000000007,5.068000000000005,1,2
1963723,CHEMBL396857,IC50,=,15000.0,nM,4.82,CHEMBL284,Dipeptidyl peptidase 4,CCCC[C@@H]1CN(c2ccc(Oc3ccccc3)cc2)CC[C@H]1N,4.823908740944319,324.46800000000013,4.822700000000004,1,3
1963724,CHEMBL234611,IC50,=,6300.0,nM,5.2,CHEMBL284,Dipeptidyl peptidase 4,CCCC[C@H]1CN(c2ccc(Oc3ccccc3)cc2)CC[C@H]1N,5.200659450546418,324.46800000000013,4.822700000000004,1,3
1963725,CHEMBL234610,IC50,=,35700.0,nM,4.45,CHEMBL284,Dipeptidyl peptidase 4,CCCC[C@@H]1CN(c2ccccc2)CC[C@H]1N,4.447331783887806,232.37099999999998,3.0304,1,2
1963726,CHEMBL394662,IC50,=,3500.0,nM,5.46,CHEMBL284,Dipeptidyl peptidase 4,CCCC[C@H]1CN(c2ccccc2)CC[C@H]1N,5.455931955649724,232.37099999999998,3.0304,1,2
1963727,CHEMBL234414,IC50,=,18600.0,nM,4.73,CHEMBL284,Dipeptidyl peptidase 4,CCCCC1CN(C(c2ccccc2)c2ccccc2)CCC1N,4.730487055782084,322.49600000000015,4.615400000000004,1,2
1963728,CHEMBL234413,IC50,=,45200.0,nM,4.34,CHEMBL284,Dipeptidyl peptidase 4,CCCCC1CN(C2CCCCC2)CCC1N,4.3448615651886175,238.41899999999993,3.158500000000001,1,2
1968158,CHEMBL233564,IC50,=,0.67,nM,9.17,CHEMBL284,Dipeptidyl peptidase 4,N[C@H]1C[C@@H](N2Cc3cncnc3C2)CC[C@@H]1c1cc(F)c(F)cc1F,9.173925197299173,348.372,2.873100000000001,1,4
1968159,CHEMBL233563,IC50,=,5.3,nM,8.28,CHEMBL284,Dipeptidyl peptidase 4,N[C@H]1C[C@@H](N2Cc3cnc(C4CC4)nc3C2)CC[C@@H]1c1cc(F)c(F)cc1F,8.275724130399212,388.437,3.7505000000000024,1,4
1968160,CHEMBL392924,IC50,=,6.6,nM,8.18,CHEMBL284,Dipeptidyl peptidase 4,N[C@H]1C[C@@H](N2Cc3ccccc3C2)CC[C@@H]1c1cc(F)c(F)cc1F,8.18045606445813,346.396,4.0831000000000035,1,2
1968161,CHEMBL233360,IC50,=,21.0,nM,7.68,CHEMBL284,Dipeptidyl peptidase 4,N[C@H]1C[C@@H](N2CCn3c(nnc3C(F)(F)F)C2)CC[C@@H]1c1cc(F)c(F)cc1F,7.6777807052660805,419.3730000000001,3.1934000000000013,1,4
1970024,CHEMBL234911,IC50,=,77.0,nM,7.11,CHEMBL284,Dipeptidyl peptidase 4,Cc1nc(C(=O)[C@@H]2CCCN2C(=O)CNC(C)(C)CO)no1,7.113509274827518,310.35400000000004,-0.08777999999999903,2,7
1970028,CHEMBL393947,IC50,=,25.0,nM,7.6,CHEMBL284,Dipeptidyl peptidase 4,CC(C)(Cc1ccc(F)cc1)NCC(=O)N1C[C@@H](F)C[C@H]1C(=O)c1nnc(C(C)(C)C)o1,7.6020599913279625,448.5140000000003,3.238800000000002,1,6
1970029,CHEMBL232185,IC50,=,22.0,nM,7.66,CHEMBL284,Dipeptidyl peptidase 4,CC(C)(CO)NCC(=O)N1C[C@@H](F)C[C@H]1C(=O)c1nnc(C(C)(C)C)o1,7.657577319177793,370.4250000000001,0.8492999999999999,2,7
1970030,CHEMBL232759,IC50,=,47.0,nM,7.33,CHEMBL284,Dipeptidyl peptidase 4,CC(C)(CO)NCC(=O)N1CCC[C@H]1C(=O)c1nnc(C(C)(C)C)o1,7.327902142064283,352.4350000000001,0.9013000000000002,2,7
1970031,CHEMBL232572,IC50,=,255.0,nM,6.59,CHEMBL284,Dipeptidyl peptidase 4,Cc1nnc(C(=O)[C@@H]2CCCN2C(=O)CNC(C)(C)CO)o1,6.5934598195660445,310.35400000000004,-0.08777999999999903,2,7
1970032,CHEMBL232571,IC50,=,10.0,nM,8.0,CHEMBL284,Dipeptidyl peptidase 4,CC(C)(C)NCC(=O)N1CCC[C@H]1C(=O)c1nnc(C2(C)CCCCC2)o1,8.0,376.50100000000026,2.8532,1,6
1970033,CHEMBL391645,IC50,=,30.0,nM,7.52,CHEMBL284,Dipeptidyl peptidase 4,CC(C)(C)NCC(=O)N1C[C@@H](F)C[C@H]1C(=O)c1nnc(C2CCCCC2)o1,7.522878745280337,380.4640000000002,2.6270999999999995,1,6
1970034,CHEMBL232570,IC50,=,17.0,nM,7.77,CHEMBL284,Dipeptidyl peptidase 4,Cc1cc(C)c(-c2nnc(C(=O)[C@@H]3CCCN3C(=O)CNC(C)(C)C)o2)c(C)c1,7.769551078621726,398.5070000000002,3.2236600000000015,1,6
1970035,CHEMBL395166,IC50,=,56.0,nM,7.25,CHEMBL284,Dipeptidyl peptidase 4,CC(C)(C)NCC(=O)N1CCC[C@H]1C(=O)c1nnc(C(C)(C)C)o1,7.251811972993799,336.4360000000001,1.9288999999999996,1,6
1970036,CHEMBL399408,IC50,=,20.0,nM,7.7,CHEMBL284,Dipeptidyl peptidase 4,CCC(C)(C)c1nnc(C(=O)[C@@H]2C[C@H](F)CN2C(=O)CNC(C)(C)C)o1,7.698970004336019,368.45300000000015,2.2670000000000003,1,6
1970037,CHEMBL391269,IC50,=,339.0,nM,6.47,CHEMBL284,Dipeptidyl peptidase 4,Cc1nnc(C(=O)[C@@H]2CCCN2C(=O)CNC23CC4CC(CC(O)(C4)C2)C3)o1,6.4698003017969175,388.4680000000002,1.2250199999999996,2,7
1970038,CHEMBL233337,IC50,=,680.0,nM,6.17,CHEMBL284,Dipeptidyl peptidase 4,Cc1nnc(C(=O)[C@@H]2CC(F)(F)CN2C(=O)CNC23CC4CC(CC(C4)C2)C3)o1,6.167491087293763,408.44900000000024,2.35532,1,6
1970039,CHEMBL233136,IC50,=,53.0,nM,7.28,CHEMBL284,Dipeptidyl peptidase 4,Cc1nnc(C(=O)[C@@H]2C[C@H](F)CN2C(=O)CNC23CC4CC(CC(C4)C2)C3)o1,7.275724130399211,390.45900000000023,2.0581199999999997,1,6
1970040,CHEMBL232725,IC50,=,84.0,nM,7.08,CHEMBL284,Dipeptidyl peptidase 4,Cc1nnc(C(=O)[C@@H]2CCCN2C(=O)CNC23CC4CC(CC(C4)C2)C3)o1,7.075720713938118,372.46900000000016,2.1101199999999993,1,6
1970041,CHEMBL232111,IC50,=,224.0,nM,6.65,CHEMBL284,Dipeptidyl peptidase 4,Cc1nnc(C(=O)[C@@H]2CSCN2C(=O)CNC23CC4CC(CC(C4)C2)C3)o1,6.649751981665837,390.50900000000024,2.020619999999999,1,7
1970042,CHEMBL233996,IC50,=,210.0,nM,6.68,CHEMBL284,Dipeptidyl peptidase 4,Cc1nc(C(=O)[C@@H]2CCCN2C(=O)CNC23CC4CC(CC(C4)C2)C3)no1,6.6777807052660805,372.4690000000002,2.1101199999999993,1,6
1970043,CHEMBL232586,IC50,=,95.0,nM,7.02,CHEMBL284,Dipeptidyl peptidase 4,CC(C)(C)NCC(=O)N1CCC[C@H]1C(=O)c1noc(C2(C)CCCCC2)n1,7.022276394711152,376.5010000000002,2.8532,1,6
1970044,CHEMBL399615,IC50,=,15.0,nM,7.82,CHEMBL284,Dipeptidyl peptidase 4,CC(C)(C)NCC(=O)N1CCC[C@H]1C(=O)c1noc(-c2ccc(F)cc2)n1,7.823908740944319,374.416,2.4375,1,6
1970045,CHEMBL392552,IC50,=,63.0,nM,7.2,CHEMBL284,Dipeptidyl peptidase 4,CC(C)(C)NCC(=O)N1C[C@@H](F)C[C@H]1C(=O)c1noc(C(C)(C)C)n1,7.200659450546418,354.4260000000001,1.8768999999999991,1,6
1970046,CHEMBL232153,IC50,=,35.0,nM,7.46,CHEMBL284,Dipeptidyl peptidase 4,CC(C)(Cc1ccc(F)cc1)NCC(=O)N1CCC[C@H]1C(=O)c1ncon1,7.455931955649724,374.4160000000001,1.9933,1,6
1970047,CHEMBL231698,IC50,=,7939.0,nM,5.1,CHEMBL284,Dipeptidyl peptidase 4,Cc1nc(C(=O)[C@@H]2CCCN2C(=O)CNC(C)(C)C(=O)O)no1,5.100234198055614,324.33700000000005,0.004520000000000912,2,7
1970048,CHEMBL231697,IC50,=,223.0,nM,6.65,CHEMBL284,Dipeptidyl peptidase 4,CC(C)(CO)NCC(=O)N1CCC[C@H]1C(=O)c1noc(C(C)(C)C)n1,6.651695136951839,352.4350000000001,0.9012999999999993,2,7
1970049,CHEMBL391929,IC50,=,67.0,nM,7.17,CHEMBL284,Dipeptidyl peptidase 4,CC(C)(CO)NCC(=O)N1C[C@@H](F)C[C@H]1C(=O)c1noc(C(C)(C)C)n1,7.173925197299173,370.4250000000001,0.8492999999999991,2,7
1985685,CHEMBL438309,IC50,=,200.0,nM,6.7,CHEMBL284,Dipeptidyl peptidase 4,COc1ccccc1[C@@H]1CN(c2nc3c(cc2F)c(=O)c(C(=O)O)cn3C2CC2)C[C@@H]1N,6.698970004336019,438.45900000000023,2.5084,2,6
1985686,CHEMBL236507,IC50,=,140.0,nM,6.85,CHEMBL284,Dipeptidyl peptidase 4,N[C@H]1CN(c2nc3c(cc2F)c(=O)c(C(=O)O)cn3C2CC2)C[C@H]1c1ccc(F)cc1,6.853871964321762,426.4230000000002,2.6389000000000005,2,5
1985687,CHEMBL237568,IC50,=,150.0,nM,6.82,CHEMBL284,Dipeptidyl peptidase 4,N[C@H]1CN(c2nc3c(cc2F)c(=O)c(C(=O)O)cn3C2CC2)C[C@H]1c1ccccc1,6.823908740944319,408.43300000000016,2.4998000000000005,2,5
1985688,CHEMBL237567,IC50,=,2000.0,nM,5.7,CHEMBL284,Dipeptidyl peptidase 4,COc1ccccc1[C@H]1CN(c2nc3c(cc2F)c(=O)c(C(=O)O)cn3C2CC2)C[C@@H]1N,5.698970004336019,438.45900000000023,2.5084,2,6
1985689,CHEMBL399409,IC50,=,1000.0,nM,6.0,CHEMBL284,Dipeptidyl peptidase 4,N[C@H]1CN(c2nc3c(cc2F)c(=O)c(C(=O)O)cn3C2CC2)C[C@H]1c1ccc(Cl)c(Cl)c1,6.0,477.3230000000002,3.806600000000002,2,5
1985690,CHEMBL237758,IC50,=,790.0,nM,6.1,CHEMBL284,Dipeptidyl peptidase 4,N[C@H]1CN(c2cc(-c3ccccc3)ncn2)C[C@@H]1c1ccccc1,6.102372908709558,316.408,3.0747000000000018,1,4
1985691,CHEMBL392697,IC50,=,2900.0,nM,5.54,CHEMBL284,Dipeptidyl peptidase 4,N[C@H]1CN(c2cc(-c3cccc(Cl)c3)ncn2)C[C@@H]1c1ccccc1,5.5376020021010435,350.85300000000007,3.728100000000003,1,4
1985692,CHEMBL235201,IC50,=,2300.0,nM,5.64,CHEMBL284,Dipeptidyl peptidase 4,COc1ccc(-c2cc(N3C[C@H](c4ccccc4)[C@@H](N)C3)ncn2)cc1,5.638272163982407,346.4340000000001,3.0833000000000004,1,5
1985693,CHEMBL392696,IC50,=,1400.0,nM,5.85,CHEMBL284,Dipeptidyl peptidase 4,N#Cc1cccc(-c2cc(N3C[C@H](c4ccccc4)[C@@H](N)C3)ncn2)c1,5.853871964321762,341.41800000000006,2.9463800000000004,1,5
1985694,CHEMBL236705,IC50,=,21.0,nM,7.68,CHEMBL284,Dipeptidyl peptidase 4,N[C@H]1CN(c2cc(-c3ccccc3)ncn2)C[C@@H]1c1cc(F)c(F)cc1F,7.6777807052660805,370.37800000000004,3.4920000000000027,1,4
1985695,CHEMBL237786,IC50,=,37.0,nM,7.43,CHEMBL284,Dipeptidyl peptidase 4,COc1ccc(-c2cc(N3C[C@H](c4cc(F)c(F)cc4F)[C@@H](N)C3)ncn2)cn1,7.431798275933005,401.39200000000005,2.895600000000001,1,6
1985696,CHEMBL237785,IC50,=,31.0,nM,7.51,CHEMBL284,Dipeptidyl peptidase 4,N[C@H]1CN(c2cc(-c3cccnc3)ncn2)C[C@@H]1c1cc(F)c(F)cc1F,7.508638306165727,371.36600000000004,2.8870000000000013,1,5
1985697,CHEMBL237569,IC50,=,70.0,nM,7.16,CHEMBL284,Dipeptidyl peptidase 4,N[C@H]1CN(c2cc(-c3cccc(O)c3)ncn2)C[C@@H]1c1cc(F)c(F)cc1F,7.154901959985743,386.37700000000007,3.1976000000000013,2,5
1985698,CHEMBL399207,IC50,=,120.0,nM,6.92,CHEMBL284,Dipeptidyl peptidase 4,N[C@H]1CN(c2cc(-c3cccc([N+](=O)[O-])c3)ncn2)C[C@@H]1c1cc(F)c(F)cc1F,6.920818753952375,415.3750000000001,3.4002000000000026,1,6
1985699,CHEMBL236719,IC50,=,14.0,nM,7.85,CHEMBL284,Dipeptidyl peptidase 4,CC(=O)Nc1cccc(-c2cc(N3C[C@H](c4cc(F)c(F)cc4F)[C@@H](N)C3)ncn2)c1,7.853871964321762,427.43000000000006,3.450400000000001,2,5
1985700,CHEMBL236508,IC50,=,5.0,nM,8.3,CHEMBL284,Dipeptidyl peptidase 4,N[C@H]1CN(c2cc(-c3cccc(C(=O)O)c3)ncn2)C[C@@H]1c1cc(F)c(F)cc1F,8.301029995663981,414.3870000000001,3.1902000000000017,2,5
1985701,CHEMBL391252,IC50,=,32.0,nM,7.5,CHEMBL284,Dipeptidyl peptidase 4,N[C@H]1CN(c2cc(-c3cccc(CO)c3)ncn2)C[C@@H]1c1cc(F)c(F)cc1F,7.494850021680094,400.40400000000005,2.984300000000001,2,5
1985702,CHEMBL236085,IC50,=,1300.0,nM,5.89,CHEMBL284,Dipeptidyl peptidase 4,N[C@H]1CN(c2cc(-c3cccc(OC(F)(F)F)c3)ncn2)C[C@@H]1c1cc(F)c(F)cc1F,5.886056647693163,454.3740000000001,4.390600000000003,1,5
1985703,CHEMBL236084,IC50,=,71.0,nM,7.15,CHEMBL284,Dipeptidyl peptidase 4,N[C@H]1CN(c2cc(-c3cccc(C(F)(F)F)c3)ncn2)C[C@@H]1c1cc(F)c(F)cc1F,7.1487416512809245,438.37500000000006,4.510800000000002,1,4
1985704,CHEMBL391251,IC50,=,120.0,nM,6.92,CHEMBL284,Dipeptidyl peptidase 4,COc1ccc(-c2cc(N3C[C@H](c4cc(F)c(F)cc4F)[C@@H](N)C3)ncn2)cc1,6.920818753952375,400.40400000000005,3.500600000000002,1,5
1985705,CHEMBL236923,IC50,=,51.0,nM,7.29,CHEMBL284,Dipeptidyl peptidase 4,N[C@H]1CN(c2cc(-c3ccc(F)cc3)ncn2)C[C@@H]1c1cc(F)c(F)cc1F,7.292429823902063,388.36800000000005,3.6311000000000027,1,4
1985706,CHEMBL391837,IC50,=,160.0,nM,6.8,CHEMBL284,Dipeptidyl peptidase 4,CC(=O)c1ccc(-c2cc(N3C[C@H](c4cc(F)c(F)cc4F)[C@@H](N)C3)ncn2)cc1,6.795880017344075,412.4150000000001,3.694600000000002,1,5
1985707,CHEMBL236922,IC50,=,130.0,nM,6.89,CHEMBL284,Dipeptidyl peptidase 4,N#Cc1ccc(-c2cc(N3C[C@H](c4cc(F)c(F)cc4F)[C@@H](N)C3)ncn2)cc1,6.886056647693163,395.38800000000003,3.3636800000000013,1,5
1985708,CHEMBL412585,IC50,=,470.0,nM,6.33,CHEMBL284,Dipeptidyl peptidase 4,N[C@H]1CN(c2cc(-c3ccc(Cl)cc3)ncn2)C[C@@H]1c1cc(F)c(F)cc1F,6.327902142064283,404.8230000000001,4.145400000000003,1,4
1985709,CHEMBL236714,IC50,=,47.0,nM,7.33,CHEMBL284,Dipeptidyl peptidase 4,COc1cccc(-c2cc(N3C[C@H](c4cc(F)c(F)cc4F)[C@@H](N)C3)ncn2)c1,7.327902142064283,400.40400000000005,3.5006000000000013,1,5
1985710,CHEMBL237343,IC50,=,51.0,nM,7.29,CHEMBL284,Dipeptidyl peptidase 4,N[C@H]1CN(c2cc(-c3cccc(F)c3)ncn2)C[C@@H]1c1cc(F)c(F)cc1F,7.292429823902063,388.36800000000005,3.6311000000000027,1,4
1985711,CHEMBL393612,IC50,=,19.0,nM,7.72,CHEMBL284,Dipeptidyl peptidase 4,CC(=O)c1cccc(-c2cc(N3C[C@H](c4cc(F)c(F)cc4F)[C@@H](N)C3)ncn2)c1,7.721246399047171,412.4150000000001,3.694600000000002,1,5
1985712,CHEMBL237342,IC50,=,37.0,nM,7.43,CHEMBL284,Dipeptidyl peptidase 4,N#Cc1cccc(-c2cc(N3C[C@H](c4cc(F)c(F)cc4F)[C@@H](N)C3)ncn2)c1,7.431798275933005,395.38800000000003,3.3636800000000013,1,5
1985713,CHEMBL237341,IC50,=,190.0,nM,6.72,CHEMBL284,Dipeptidyl peptidase 4,N[C@H]1CN(c2cc(-c3cccc(Cl)c3)ncn2)C[C@@H]1c1cc(F)c(F)cc1F,6.721246399047171,404.8230000000001,4.145400000000003,1,4
1985714,CHEMBL393611,IC50,=,180.0,nM,6.75,CHEMBL284,Dipeptidyl peptidase 4,COc1ccccc1-c1cc(N2C[C@H](c3cc(F)c(F)cc3F)[C@@H](N)C2)ncn1,6.7447274948966935,400.40400000000005,3.5006000000000013,1,5
1985715,CHEMBL391048,IC50,=,57.0,nM,7.24,CHEMBL284,Dipeptidyl peptidase 4,N[C@H]1CN(c2cc(-c3ccccc3F)ncn2)C[C@@H]1c1cc(F)c(F)cc1F,7.2441251443275085,388.36800000000005,3.6311000000000027,1,4
1985716,CHEMBL236707,IC50,=,230.0,nM,6.64,CHEMBL284,Dipeptidyl peptidase 4,CC(=O)c1ccccc1-c1cc(N2C[C@H](c3cc(F)c(F)cc3F)[C@@H](N)C2)ncn1,6.638272163982407,412.4150000000001,3.694600000000002,1,5
1985717,CHEMBL391047,IC50,=,93.0,nM,7.03,CHEMBL284,Dipeptidyl peptidase 4,N#Cc1ccccc1-c1cc(N2C[C@H](c3cc(F)c(F)cc3F)[C@@H](N)C2)ncn1,7.031517051446065,395.38800000000003,3.3636800000000013,1,5
1985718,CHEMBL236706,IC50,=,260.0,nM,6.58,CHEMBL284,Dipeptidyl peptidase 4,N[C@H]1CN(c2cc(-c3ccccc3Cl)ncn2)C[C@@H]1c1cc(F)c(F)cc1F,6.585026652029182,404.8230000000001,4.145400000000002,1,4
1987758,CHEMBL237119,IC50,=,12.0,nM,7.92,CHEMBL284,Dipeptidyl peptidase 4,CN(C)C(=O)[C@@H](c1ccc(-c2ccc(F)cc2)cc1)[C@H](N)C(=O)N1CC[C@H](F)C1,7.920818753952375,401.45700000000016,2.5622000000000007,1,3
1987759,CHEMBL237547,IC50,=,16.0,nM,7.8,CHEMBL284,Dipeptidyl peptidase 4,CC(=O)N[C@H]1CC[C@H]([C@H](C)[C@H](N)C(=O)N2CC[C@H](F)C2)CC1,7.795880017344075,313.4170000000001,1.2151000000000003,2,3
1987760,CHEMBL237337,IC50,=,4.0,nM,8.4,CHEMBL284,Dipeptidyl peptidase 4,CN(C)C(=O)[C@@H](c1ccc(-c2ccc3ncnn3c2)cc1)[C@H](N)C(=O)N1CC[C@H](F)C1,8.397940008672037,424.4800000000002,1.4658,1,5
1987761,CHEMBL237336,IC50,=,64.0,nM,7.19,CHEMBL284,Dipeptidyl peptidase 4,C[C@@H](c1ccc(-c2ccc(F)cc2)cc1)[C@H](N)C(=O)N1CC[C@H](F)C1,7.1938200260161125,344.40500000000014,3.493900000000002,1,2
1987766,CHEMBL237152,IC50,=,1.5,nM,8.82,CHEMBL284,Dipeptidyl peptidase 4,C[C@@H](C1CCC(c2cccc3ncnn23)CC1)[C@H](N)C(=O)N1CCC(F)(F)C1,8.823908740944319,391.4660000000002,2.8341000000000003,1,4
1987767,CHEMBL237151,IC50,=,4.6,nM,8.34,CHEMBL284,Dipeptidyl peptidase 4,C[C@@H](C1CCC(c2cccnc2)CC1)[C@H](N)C(=O)N1CCC(F)(F)C1,8.337242168318426,351.4410000000001,3.186400000000001,1,3
1987768,CHEMBL392524,IC50,=,12.0,nM,7.92,CHEMBL284,Dipeptidyl peptidase 4,C[C@@H](C1CCC(c2ccc(F)cc2)CC1)[C@H](N)C(=O)N1CC[C@](C)(F)C1,7.920818753952375,364.48000000000013,4.023400000000002,1,2
1987798,CHEMBL237997,IC50,=,2.5,nM,8.6,CHEMBL284,Dipeptidyl peptidase 4,CN(C)C(=O)[C@@H]([C@H]1CC[C@H](c2cccc3ncnn32)CC1)[C@H](N)C(=O)N1CCC(F)(F)C1,8.602059991327963,448.5180000000003,1.9023999999999992,1,5
1987799,CHEMBL237783,IC50,=,260.0,nM,6.58,CHEMBL284,Dipeptidyl peptidase 4,CN(C)C(=O)[C@@H]([C@H]1CC[C@@H](c2cccc3ncnn32)CC1)[C@H](N)C(=O)N1CCC(F)(F)C1,6.585026652029182,448.5180000000003,1.9023999999999992,1,5
1987800,CHEMBL400841,IC50,=,2.3,nM,8.64,CHEMBL284,Dipeptidyl peptidase 4,CN(C)C(=O)[C@@H]([C@H]1CC[C@H](c2cccc3ncnn32)CC1)[C@H](N)C(=O)N1CC[C@H](F)C1,8.638272163982407,430.5280000000003,1.6051999999999995,1,5
1987801,CHEMBL237566,IC50,=,310.0,nM,6.51,CHEMBL284,Dipeptidyl peptidase 4,CN(C)C(=O)[C@@H]([C@H]1CC[C@@H](c2cccc3ncnn32)CC1)[C@H](N)C(=O)N1CC[C@H](F)C1,6.508638306165727,430.5280000000003,1.6051999999999995,1,5
1987818,CHEMBL235199,IC50,=,38.0,nM,7.42,CHEMBL284,Dipeptidyl peptidase 4,CN(C)C(=O)[C@@H]([C@H]1CC[C@H](C2CCc3ncnn3C2)CC1)[C@H](N)C(=O)N1CCC(F)(F)C1,7.42021640338319,452.5500000000003,1.5462000000000002,1,5
1987819,CHEMBL235198,IC50,=,220.0,nM,6.66,CHEMBL284,Dipeptidyl peptidase 4,CN(C)C(=O)[C@@H]([C@H]1CC[C@@H](C2CCc3ncnn3C2)CC1)[C@H](N)C(=O)N1CCC(F)(F)C1,6.657577319177793,452.5500000000003,1.5462000000000002,1,5
1987820,CHEMBL437557,IC50,=,4.8,nM,8.32,CHEMBL284,Dipeptidyl peptidase 4,CN(C)C(=O)[C@@H]([C@H]1CC[C@H](c2ccc3ncnn3c2)CC1)[C@H](N)C(=O)N1CCC(F)(F)C1,8.318758762624412,448.5180000000003,1.9024,1,5
1987821,CHEMBL238191,IC50,=,32.0,nM,7.5,CHEMBL284,Dipeptidyl peptidase 4,CN(C)C(=O)[C@@H]([C@H]1CC[C@@H](c2ccc3ncnn3c2)CC1)[C@H](N)C(=O)N1CCC(F)(F)C1,7.494850021680094,448.5180000000003,1.9024,1,5
1987822,CHEMBL238190,IC50,=,11.0,nM,7.96,CHEMBL284,Dipeptidyl peptidase 4,CN(C)C(=O)[C@@H]([C@H]1CC[C@H](c2ccc(F)cc2)CC1)[C@H](N)C(=O)N1CCC(F)(F)C1,7.958607314841775,425.49500000000023,2.998800000000001,1,3
1987823,CHEMBL237972,IC50,=,150.0,nM,6.82,CHEMBL284,Dipeptidyl peptidase 4,CN(C)C(=O)[C@@H]([C@H]1CC[C@@H](c2ccc(F)cc2)CC1)[C@H](N)C(=O)N1CCC(F)(F)C1,6.823908740944319,425.49500000000023,2.998800000000001,1,3
1987824,CHEMBL235223,IC50,=,260.0,nM,6.58,CHEMBL284,Dipeptidyl peptidase 4,COc1cc([C@H]2CC[C@H]([C@H](C(=O)N(C)C)[C@H](N)C(=O)N3CCC(F)(F)C3)CC2)nc(OC)n1,6.585026652029182,469.5330000000003,1.6669000000000003,1,7
1987825,CHEMBL235004,IC50,=,100.0,nM,7.0,CHEMBL284,Dipeptidyl peptidase 4,COc1cc([C@H]2CC[C@@H]([C@H](C(=O)N(C)C)[C@H](N)C(=O)N3CCC(F)(F)C3)CC2)nc(OC)n1,7.0,469.5330000000003,1.6669000000000003,1,7
2001133,CHEMBL397070,IC50,=,90000.0,nM,4.05,CHEMBL284,Dipeptidyl peptidase 4,CC[C@@H](C)[C@H](N)C(=O)N1Cc2ccccc2C1,4.045757490560675,232.32699999999997,1.9022,1,2
2001158,CHEMBL238050,IC50,>,250000.0,nM,,CHEMBL284,Dipeptidyl peptidase 4,CC[C@@H](C)[C@H](N)C(=O)N1Cc2ccccc2C1P(=O)(Oc1ccc(NC(C)=O)cc1)Oc1ccc(NC(C)=O)cc1,3.6020599913279625,578.6060000000002,5.668700000000004,3,7
2001159,CHEMBL437965,IC50,>,1000000.0,nM,,CHEMBL284,Dipeptidyl peptidase 4,CC[C@H](C)[C@H](N)C(=O)N1Cc2ccccc2C1P(=O)(Oc1ccc(NC(C)=O)cc1)Oc1ccc(NC(C)=O)cc1,3.0,578.6060000000002,5.668700000000004,3,7
2001160,CHEMBL392163,IC50,>,250000.0,nM,,CHEMBL284,Dipeptidyl peptidase 4,CC(=O)Nc1ccc(OP(=O)(Oc2ccc(NC(C)=O)cc2)C2c3ccccc3CN2C(=O)[C@H](CCCCN)NC(=O)OCc2ccccc2)cc1,3.6020599913279625,727.755,6.719300000000006,4,9
2001161,CHEMBL440982,IC50,>,500000.0,nM,,CHEMBL284,Dipeptidyl peptidase 4,CC(=O)Nc1ccc(OP(=O)(Oc2ccc(NC(C)=O)cc2)C2c3ccccc3CN2C(=O)[C@@H](N)CCCCN)cc1,3.3010299956639813,593.621,4.7516000000000025,4,8
2001162,CHEMBL237860,IC50,>,1000000.0,nM,,CHEMBL284,Dipeptidyl peptidase 4,CC[C@@H](C)[C@H](N)C(=O)N1Cc2ccccc2C1P(=O)(Oc1ccccc1)Oc1ccccc1,3.0,464.5020000000002,5.751900000000005,1,5
2001163,CHEMBL399402,IC50,>,250000.0,nM,,CHEMBL284,Dipeptidyl peptidase 4,CC[C@H](C)[C@H](N)C(=O)N1Cc2ccccc2C1P(=O)(Oc1ccccc1)Oc1ccccc1,3.6020599913279625,464.5020000000002,5.751900000000005,1,5
2001164,CHEMBL392162,IC50,>,50000.0,nM,,CHEMBL284,Dipeptidyl peptidase 4,NCCCC[C@H](NC(=O)OCc1ccccc1)C(=O)N1Cc2ccccc2[C@H]1P(=O)(Oc1ccccc1)Oc1ccccc1,4.301029995663981,613.6510000000003,6.802500000000006,2,7
2001165,CHEMBL398373,IC50,>,500000.0,nM,,CHEMBL284,Dipeptidyl peptidase 4,NCCCC[C@H](N)C(=O)N1Cc2ccccc2C1P(=O)(Oc1ccccc1)Oc1ccccc1,3.3010299956639813,479.51700000000017,4.834800000000005,2,6
2001166,CHEMBL238114,IC50,=,4200.0,nM,5.38,CHEMBL284,Dipeptidyl peptidase 4,CC(=O)Nc1ccc(OP(=O)(Oc2ccc(NC(C)=O)cc2)C2CCCN2C(=O)[C@H](CCCCN)NC(=O)OCc2ccccc2)cc1,5.376750709602099,679.7110000000004,5.626800000000005,4,9
2001167,CHEMBL236781,IC50,=,8000.0,nM,5.1,CHEMBL284,Dipeptidyl peptidase 4,CC(=O)Nc1ccc(OP(=O)(Oc2ccc(NC(C)=O)cc2)C2CCCN2C(=O)[C@@H](N)CCCCN)cc1,5.096910013008056,545.5770000000003,3.6591000000000014,4,8
2001168,CHEMBL427850,IC50,>,125000.0,nM,,CHEMBL284,Dipeptidyl peptidase 4,CC[C@H](C)[C@H](N)C(=O)N1CCCC1P(=O)(Oc1ccccc1)Oc1ccccc1,3.9030899869919438,416.458,4.659400000000003,1,5
2001169,CHEMBL392139,IC50,=,261000.0,nM,,CHEMBL284,Dipeptidyl peptidase 4,NCC[C@H](N)C(=O)N1CCCC1P(=O)(Oc1ccccc1)Oc1ccccc1,3.583359492661719,403.41900000000004,2.9621000000000013,2,6
2001170,CHEMBL236602,IC50,=,326000.0,nM,,CHEMBL284,Dipeptidyl peptidase 4,N[C@@H](Cc1cnc[nH]1)C(=O)N1CCCC1P(=O)(Oc1ccccc1)Oc1ccccc1,3.486782399932061,440.44000000000005,3.5791000000000013,2,6
2001171,CHEMBL439205,IC50,=,4800.0,nM,5.32,CHEMBL284,Dipeptidyl peptidase 4,NCCCC[C@H](NC(=O)OCc1ccccc1)C(=O)N1CCCC1P(=O)(Oc1ccccc1)Oc1ccccc1,5.318758762624412,565.6070000000003,5.710000000000005,2,7
2001172,CHEMBL391721,IC50,=,117000.0,nM,,CHEMBL284,Dipeptidyl peptidase 4,NCCCC[C@H](N)C(=O)N1CCCC1P(=O)(Oc1ccccc1)Oc1ccccc1,3.9318141382538383,431.47300000000007,3.742300000000003,2,6
2001173,CHEMBL237673,IC50,=,503000.0,nM,,CHEMBL284,Dipeptidyl peptidase 4,N[C@@H](CO)C(=O)N1CCCC1P(=O)(Oc1ccccc1)Oc1ccccc1,3.2984320149440727,390.37600000000003,2.6056,2,6
2001174,CHEMBL391720,IC50,>,1000000.0,nM,,CHEMBL284,Dipeptidyl peptidase 4,N[C@@H](CC(=O)O)C(=O)N1CCCC1P(=O)(Oc1ccccc1)Oc1ccccc1,3.0,418.386,3.088,2,6
2001175,CHEMBL237658,IC50,=,142000.0,nM,,CHEMBL284,Dipeptidyl peptidase 4,N[C@@H](Cc1ccccc1)C(=O)N1CCCC1P(=O)(Oc1ccccc1)Oc1ccccc1,3.8477116556169433,450.4750000000001,4.856000000000004,1,5
2001176,CHEMBL236586,IC50,=,89000.0,nM,4.05,CHEMBL284,Dipeptidyl peptidase 4,CC(C)[C@H](N)C(=O)N1CCCC1P(=O)(Oc1ccccc1)Oc1ccccc1,4.050609993355087,402.43100000000004,4.269300000000003,1,5
2001177,CHEMBL399189,IC50,=,16000.0,nM,4.8,CHEMBL284,Dipeptidyl peptidase 4,NCC(=O)N1CCCC1P(=O)(Oc1ccccc1)Oc1ccccc1,4.795880017344075,360.3500000000001,3.2447000000000026,1,5
2001178,CHEMBL235766,IC50,=,14.0,nM,7.85,CHEMBL284,Dipeptidyl peptidase 4,CCOC(=O)CNC(=O)c1ccc(OP(=O)(Oc2ccc(C(=O)NCC(=O)OCC)cc2)C2CCCN2C(=O)C2CCCN2)cc1,7.853871964321762,658.6450000000001,2.6238,3,11
2001179,CHEMBL439382,IC50,=,5600.0,nM,5.25,CHEMBL284,Dipeptidyl peptidase 4,CC(=O)Nc1ccc(OP(=O)(Oc2ccc(NC(C)=O)cc2)C2CCCN2C(=O)C2CCCN2)cc1,5.251811972993799,514.5190000000003,3.9548000000000023,3,7
2008909,CHEMBL237500,IC50,=,1.0,nM,9.0,CHEMBL284,Dipeptidyl peptidase 4,CC#CCn1c(N2CCC[C@@H](N)C2)nc2c1c(=O)n(Cc1nc(C)c3ccccc3n1)c(=O)n2C,9.0,472.5530000000002,1.1474199999999997,1,7
2008910,CHEMBL235133,IC50,=,3900.0,nM,5.41,CHEMBL284,Dipeptidyl peptidase 4,Cn1c(=O)[nH]c(=O)c2c1nc(N1CCNCC1)n2Cc1ccccc1,5.4089353929735005,340.387,-0.1187999999999989,2,5
2008911,CHEMBL237499,IC50,=,3.0,nM,8.52,CHEMBL284,Dipeptidyl peptidase 4,CC#CCn1c(N2CCC[C@@H](N)C2)nc2c1c(=O)n(Cc1nc(C)cc3ccccc13)c(=O)n2C,8.522878745280337,471.5650000000002,1.7524199999999999,1,6
2008912,CHEMBL237289,IC50,=,1.0,nM,9.0,CHEMBL284,Dipeptidyl peptidase 4,CC#CCn1c(N2CCC[C@@H](N)C2)nc2c1c(=O)n(CC(=O)c1ccccc1OCC(=O)NC)c(=O)n2C,9.0,521.5780000000003,-0.14479999999999693,2,8
2008913,CHEMBL391307,IC50,=,8.0,nM,8.1,CHEMBL284,Dipeptidyl peptidase 4,CC#CCn1c(N2CCC[C@@H](N)C2)nc2c1c(=O)n(Cc1ccc(OC)cc1)c(=O)n2C,8.096910013008056,436.5160000000002,0.9044000000000005,1,6
2008914,CHEMBL237288,IC50,=,9.0,nM,8.05,CHEMBL284,Dipeptidyl peptidase 4,CC#CCn1c(N2CCC[C@H](N)C2)nc2c1c(=O)n(CC(=O)c1ccccc1)c(=O)n2C,8.045757490560675,434.50000000000017,0.7304000000000006,1,6
2008915,CHEMBL237287,IC50,=,4.0,nM,8.4,CHEMBL284,Dipeptidyl peptidase 4,CC#CCn1c(N2CCC[C@@H](N)C2)nc2c1c(=O)n(CC(=O)c1ccccc1)c(=O)n2C,8.397940008672037,434.50000000000017,0.7304000000000006,1,6
2008916,CHEMBL391089,IC50,=,2.0,nM,8.7,CHEMBL284,Dipeptidyl peptidase 4,CC(C)=CCn1c(N2CCC[C@H](N)C2)nc2c1c(=O)n(Cc1nccc3ccccc13)c(=O)n2C,8.698970004336019,473.58100000000024,2.3869,1,6
2008917,CHEMBL429450,IC50,=,4.0,nM,8.4,CHEMBL284,Dipeptidyl peptidase 4,CC(C)=CCn1c(N2CCC[C@@H](N)C2)nc2c1c(=O)n(Cc1nccc3ccccc13)c(=O)n2C,8.397940008672037,473.58100000000024,2.3869,1,6
2008918,CHEMBL237067,IC50,=,3.0,nM,8.52,CHEMBL284,Dipeptidyl peptidase 4,CC(C)=CCn1c(N2CCC[C@H](N)C2)nc2c1c(=O)n(CC(=O)c1ccccc1)c(=O)n2C,8.522878745280337,450.54300000000023,1.6732999999999996,1,6
2008919,CHEMBL237488,IC50,=,6.0,nM,8.22,CHEMBL284,Dipeptidyl peptidase 4,CC(C)=CCn1c(N2CCC[C@@H](N)C2)nc2c1c(=O)n(CC(=O)c1ccccc1)c(=O)n2C,8.221848749616356,450.54300000000023,1.6732999999999996,1,6
2008921,CHEMBL237281,IC50,=,56.0,nM,7.25,CHEMBL284,Dipeptidyl peptidase 4,CC(C)=CCn1c(N2CCCC(N)C2)nc2c1c(=O)n(CCc1ccccc1)c(=O)n2C,7.251811972993799,436.56000000000023,2.0330999999999997,1,5
2008922,CHEMBL391634,IC50,=,284.0,nM,6.55,CHEMBL284,Dipeptidyl peptidase 4,CC(C)=CCn1c(N2CCCC(N)C2)nc2c1c(=O)n(Cc1ccccc1)c(=O)n2C,6.546681659952962,422.5330000000002,1.8386999999999998,1,5
2008923,CHEMBL237280,IC50,=,88.0,nM,7.06,CHEMBL284,Dipeptidyl peptidase 4,CC#CCn1c(N2CCCC(N)C2)nc2c1c(=O)n(C)c(=O)n2C,7.055517327849832,330.39200000000005,-0.6154999999999982,1,5
2008924,CHEMBL237279,IC50,=,35.0,nM,7.46,CHEMBL284,Dipeptidyl peptidase 4,CC(C)=CCn1c(N2CCCC(N)C2)nc2c1c(=O)n(C)c(=O)n2C,7.455931955649724,346.4350000000001,0.3274000000000017,1,5
2008925,CHEMBL399216,IC50,=,82.0,nM,7.09,CHEMBL284,Dipeptidyl peptidase 4,Cn1c(=O)c2c(nc(N3CCCC(N)C3)n2Cc2ccccc2)n(C)c1=O,7.086186147616283,368.44100000000003,0.4095000000000002,1,5
2008926,CHEMBL235792,IC50,=,200.0,nM,6.7,CHEMBL284,Dipeptidyl peptidase 4,CC#CCn1c(N2CCNCC2)nc2c1c(=O)n(C)c(=O)n2C,6.698970004336019,316.36500000000007,-1.1333999999999982,1,5
2008927,CHEMBL235352,IC50,=,580.0,nM,6.24,CHEMBL284,Dipeptidyl peptidase 4,CC(C)=CCn1c(N2CCNCC2)nc2c1c(=O)n(C)c(=O)n2C,6.236572006437063,332.4080000000001,-0.19049999999999856,1,5
2008928,CHEMBL235134,IC50,=,2800.0,nM,5.55,CHEMBL284,Dipeptidyl peptidase 4,Cn1c(=O)c2c(nc(N3CCNCC3)n2Cc2ccccc2)n(C)c1=O,5.552841968657781,354.41400000000004,-0.10839999999999916,1,5
2012711,CHEMBL397057,IC50,>,33000.0,nM,,CHEMBL284,Dipeptidyl peptidase 4,NCC[C@H](N)C(=O)N1CC[C@H]2CCC[C@H]21,4.481486060122113,211.30899999999994,0.06349999999999989,2,3
2012717,CHEMBL398076,IC50,>,33000.0,nM,,CHEMBL284,Dipeptidyl peptidase 4,CCCC[C@H](NC(=O)[C@@H](N)CCN)B(O)O,4.481486060122113,231.10499999999996,-1.6504999999999974,5,5
2023282,CHEMBL241464,IC50,=,1.2,nM,8.92,CHEMBL284,Dipeptidyl peptidase 4,N#Cc1cccnc1N1CCN([C@@H]2CN[C@H](C(=O)N3CCSC3)C2)CC1,8.920818753952375,372.4980000000002,0.33868000000000054,1,7
2023283,CHEMBL241253,IC50,=,1.0,nM,9.0,CHEMBL284,Dipeptidyl peptidase 4,N#Cc1ccc(N2CCN([C@@H]3CN[C@H](C(=O)N4CCSC4)C3)CC2)nc1,9.0,372.49800000000016,0.33868000000000054,1,7
2023284,CHEMBL241252,IC50,=,1.5,nM,8.82,CHEMBL284,Dipeptidyl peptidase 4,O=C([C@@H]1C[C@H](N2CCN(c3ccc(C(F)(F)F)cn3)CC2)CN1)N1CCSC1,8.823908740944319,415.48500000000024,1.4858,1,6
2023285,CHEMBL399610,IC50,=,0.92,nM,9.04,CHEMBL284,Dipeptidyl peptidase 4,O=C([C@@H]1C[C@H](N2CCN(c3ccc([N+](=O)[O-])cn3)CC2)CN1)N1CCSC1,9.036212172654444,392.4850000000003,0.3752000000000009,1,8
2023286,CHEMBL399405,IC50,=,1.6,nM,8.8,CHEMBL284,Dipeptidyl peptidase 4,N#Cc1ccnc(N2CCN([C@@H]3CN[C@H](C(=O)N4CCSC4)C3)CC2)c1,8.795880017344075,372.4980000000002,0.33868000000000054,1,7
2023287,CHEMBL239565,IC50,=,2.5,nM,8.6,CHEMBL284,Dipeptidyl peptidase 4,O=C([C@@H]1C[C@H](N2CCN(c3ccc(Cl)cn3)CC2)CN1)N1CCSC1,8.602059991327963,381.9330000000002,1.1203999999999998,1,6
2023288,CHEMBL239564,IC50,=,3.1,nM,8.51,CHEMBL284,Dipeptidyl peptidase 4,O=C([C@@H]1C[C@H](N2CCN(c3ccncc3)CC2)CN1)N1CCSC1,8.508638306165727,347.4880000000001,0.4670000000000008,1,6
2023289,CHEMBL395854,IC50,=,2.7,nM,8.57,CHEMBL284,Dipeptidyl peptidase 4,O=C([C@@H]1C[C@H](N2CCN(c3ccccn3)CC2)CN1)N1CCSC1,8.568636235841012,347.4880000000001,0.4670000000000008,1,6
2023290,CHEMBL239356,IC50,=,2.4,nM,8.62,CHEMBL284,Dipeptidyl peptidase 4,O=C([C@@H]1C[C@H](N2CCCN(c3ccc([N+](=O)[O-])cc3)CC2)CN1)N1CCSC1,8.619788758288394,405.5240000000003,1.3702999999999999,1,7
2023291,CHEMBL238516,IC50,=,2.3,nM,8.64,CHEMBL284,Dipeptidyl peptidase 4,O=C([C@@H]1C[C@H](N2CCC(c3ccc([N+](=O)[O-])cc3)CC2)CN1)N1CCSC1,8.638272163982407,390.50900000000024,2.0376000000000003,1,6
2023292,CHEMBL395606,IC50,=,5.6,nM,8.25,CHEMBL284,Dipeptidyl peptidase 4,O=C([C@@H]1C[C@H](N2CCC(c3ccccc3)CC2)CN1)N1CCSC1,8.2518119729938,345.5120000000001,2.1294000000000004,1,4
2023293,CHEMBL238515,IC50,=,1.3,nM,8.89,CHEMBL284,Dipeptidyl peptidase 4,N#Cc1ccc(N2CCN([C@@H]3CN[C@H](C(=O)N4CCSC4)C3)CC2)cc1C#N,8.886056647693163,396.5200000000002,0.8153599999999996,1,7
2023294,CHEMBL241246,IC50,=,3.0,nM,8.52,CHEMBL284,Dipeptidyl peptidase 4,O=C([C@@H]1C[C@H](N2CCN(c3ccc(Cl)c(Cl)c3)CC2)CN1)N1CCSC1,8.522878745280337,415.39000000000027,2.3788,1,5
2023295,CHEMBL241245,IC50,=,6.8,nM,8.17,CHEMBL284,Dipeptidyl peptidase 4,O=C([C@@H]1C[C@H](N2CCN(c3ccc(C(F)(F)F)cc3)CC2)CN1)N1CCSC1,8.167491087293763,414.49700000000024,2.0907999999999998,1,5
2023296,CHEMBL391578,IC50,=,4.3,nM,8.37,CHEMBL284,Dipeptidyl peptidase 4,N#Cc1ccc(N2CCN([C@@H]3CN[C@H](C(=O)N4CCSC4)C3)CC2)cc1,8.366531544420413,371.51000000000016,0.9436799999999999,1,6
2023297,CHEMBL391466,IC50,=,1.6,nM,8.8,CHEMBL284,Dipeptidyl peptidase 4,O=C([C@@H]1C[C@H](N2CCN(c3ccc([N+](=O)[O-])cc3)CC2)CN1)N1CCSC1,8.795880017344075,391.4970000000003,0.9802000000000002,1,7
2023298,CHEMBL239984,IC50,=,8.2,nM,8.09,CHEMBL284,Dipeptidyl peptidase 4,O=C([C@@H]1C[C@H](N2CCN(c3ccc(Br)cc3)CC2)CN1)N1CCSC1,8.086186147616283,425.3960000000003,1.8344999999999994,1,5
2023299,CHEMBL239983,IC50,=,10.8,nM,7.97,CHEMBL284,Dipeptidyl peptidase 4,O=C([C@@H]1C[C@H](N2CCN(c3ccccc3Cl)CC2)CN1)N1CCSC1,7.966576244513051,380.9450000000002,1.7253999999999996,1,5
2023300,CHEMBL391577,IC50,=,4.1,nM,8.39,CHEMBL284,Dipeptidyl peptidase 4,O=C([C@@H]1C[C@H](N2CCN(c3cccc(Cl)c3)CC2)CN1)N1CCSC1,8.387216143280265,380.9450000000002,1.7253999999999996,1,5
2023301,CHEMBL238507,IC50,=,8.7,nM,8.06,CHEMBL284,Dipeptidyl peptidase 4,O=C([C@@H]1C[C@H](N2CCN(c3ccc(Cl)cc3)CC2)CN1)N1CCSC1,8.060480747381382,380.9450000000002,1.7253999999999996,1,5
2023302,CHEMBL397893,IC50,=,12.2,nM,7.91,CHEMBL284,Dipeptidyl peptidase 4,O=C([C@@H]1C[C@H](N2CCN(c3ccc(F)cc3)CC2)CN1)N1CCSC1,7.913640169325252,364.4900000000002,1.2111,1,5
2023303,CHEMBL238506,IC50,=,13.5,nM,7.87,CHEMBL284,Dipeptidyl peptidase 4,COc1ccc(N2CCN([C@@H]3CN[C@H](C(=O)N4CCSC4)C3)CC2)cc1,7.8696662315049934,376.52600000000024,1.0806000000000004,1,6
2023304,CHEMBL240602,IC50,=,21.0,nM,7.68,CHEMBL284,Dipeptidyl peptidase 4,O=C([C@@H]1C[C@H](N2CCN(C(c3ccccc3)c3ccccc3)CC2)CN1)N1CCSC1,7.6777807052660805,436.62500000000034,2.657000000000001,1,5
2023305,CHEMBL391433,IC50,=,30.5,nM,7.52,CHEMBL284,Dipeptidyl peptidase 4,O=C([C@@H]1C[C@H](N2CCN(Cc3ccccc3)CC2)CN1)N1CCSC1,7.515700160653214,360.52700000000016,1.0676000000000005,1,5
2023306,CHEMBL240601,IC50,=,10.9,nM,7.96,CHEMBL284,Dipeptidyl peptidase 4,O=C([C@@H]1C[C@H](N2CCN(c3ccccc3)CC2)CN1)N1CCSC1,7.962573502059376,346.5000000000001,1.072,1,5
2023307,CHEMBL391332,IC50,=,57.5,nM,7.24,CHEMBL284,Dipeptidyl peptidase 4,CN1CCN([C@@H]2CN[C@H](C(=O)N3CCSC3)C2)CC1,7.2403321553103694,284.42900000000003,-0.5027999999999981,1,5
2023308,CHEMBL241674,IC50,=,13.9,nM,7.86,CHEMBL284,Dipeptidyl peptidase 4,O=C([C@@H]1C[C@H](N2CCOCC2)CN1)N1CCSC1,7.856985199745905,271.386,-0.4179999999999984,1,5
2023309,CHEMBL391331,IC50,=,47.6,nM,7.32,CHEMBL284,Dipeptidyl peptidase 4,O=C([C@@H]1C[C@H](N2CCCCC2)CN1)N1CCSC1,7.3223930472795065,269.414,0.7357000000000002,1,4
2023310,CHEMBL241673,IC50,=,127.0,nM,6.9,CHEMBL284,Dipeptidyl peptidase 4,O=C([C@@H]1C[C@H](N2CCCC2)CN1)N1CCSC1,6.896196279044043,255.38699999999997,0.34560000000000063,1,4
2024359,CHEMBL534959,IC50,=,3850.0,nM,5.42,CHEMBL284,Dipeptidyl peptidase 4,Cl.N[C@@H](CC(=O)N1CCCN1)Cc1cc(F)c(F)cc1F,5.414539270491499,323.746,1.5224999999999997,2,3
2024360,CHEMBL539611,IC50,=,70.0,nM,7.16,CHEMBL284,Dipeptidyl peptidase 4,Cl.N[C@@H](CC(=O)N1CCCCCN1C(=O)c1ccccc1)Cc1cc(F)c(F)cc1F,7.154901959985743,455.9080000000001,3.855500000000003,1,3
2024361,CHEMBL535180,IC50,=,50.0,nM,7.3,CHEMBL284,Dipeptidyl peptidase 4,Cl.N[C@@H](CC(=O)N1CCCCN1C(=O)c1ccccc1)Cc1cc(F)c(F)cc1F,7.301029995663981,441.8810000000001,3.4654000000000016,1,3
2024362,CHEMBL539610,IC50,=,350.0,nM,6.46,CHEMBL284,Dipeptidyl peptidase 4,Cl.N[C@@H](CC(=O)N1CCCN1C(=O)c1ccccc1)Cc1cc(F)c(F)cc1F,6.455931955649724,427.8540000000001,3.0753000000000013,1,3
2024363,CHEMBL534960,IC50,=,500.0,nM,6.3,CHEMBL284,Dipeptidyl peptidase 4,Cc1ccc(S(=O)(=O)N2CCCN2C(=O)C[C@H](N)Cc2cc(F)c(F)cc2F)cc1.Cl,6.301029995663981,477.9360000000001,2.9322200000000014,1,4
2024364,CHEMBL557776,IC50,=,990.0,nM,6.0,CHEMBL284,Dipeptidyl peptidase 4,Cl.N[C@@H](CC(=O)N1CCCN1C(=O)Nc1ccccc1)Cc1cc(F)c(F)cc1F,6.00436480540245,442.8690000000001,3.4670000000000023,2,3
2024365,CHEMBL393336,IC50,=,50.0,nM,7.3,CHEMBL284,Dipeptidyl peptidase 4,N[C@@H](CC(=O)N1CCn2c(nnc2C(F)(F)F)C1)Cc1cc(F)c(F)cc1F.O=P(O)(O)O,7.301029995663981,505.3120000000002,1.0878999999999996,4,5
2026068,CHEMBL392825,IC50,=,21.0,nM,7.68,CHEMBL284,Dipeptidyl peptidase 4,C[C@@H](C1CCC(N(C)C(=O)C2CC2)CC1)[C@H](N)C(=O)N1CC[C@H](F)C1.Cl,7.6777807052660805,389.94300000000004,2.3692000000000006,1,3
2026069,CHEMBL245545,IC50,=,16.0,nM,7.8,CHEMBL284,Dipeptidyl peptidase 4,CC(=O)N(C)C1CCC([C@H](C)[C@H](N)C(=O)N2CC[C@H](F)C2)CC1.Cl,7.795880017344075,363.90500000000003,1.9790999999999994,1,3
2026070,CHEMBL428747,IC50,=,29.0,nM,7.54,CHEMBL284,Dipeptidyl peptidase 4,CC(=O)N(C)C1CCC([C@H](C(=O)N(C)C)[C@H](N)C(=O)N2CC[C@H](F)C2)CC1.Cl,7.5376020021010435,420.95700000000016,1.047400000000001,1,4
2026071,CHEMBL395696,IC50,=,27.0,nM,7.57,CHEMBL284,Dipeptidyl peptidase 4,COc1ccc(C(=O)N(C)C2CCC([C@H](C)[C@H](N)C(=O)N3CC[C@H](F)C3)CC2)cc1.Cl,7.568636235841013,456.00200000000024,3.2816000000000023,1,4
2026072,CHEMBL245380,IC50,=,74.0,nM,7.13,CHEMBL284,Dipeptidyl peptidase 4,COc1ccc(C(=O)NC2CCC([C@H](C)[C@H](N)C(=O)N3CC[C@H](F)C3)CC2)cc1.Cl,7.130768280269024,441.9750000000002,2.9394000000000013,2,4
2026073,CHEMBL245379,IC50,=,22.0,nM,7.66,CHEMBL284,Dipeptidyl peptidase 4,C[C@@H](C1CCC(N(C)C(=O)c2cccc(F)c2)CC1)[C@H](N)C(=O)N1CC[C@H](F)C1.Cl,7.657577319177793,443.9660000000002,3.412100000000002,1,3
2026074,CHEMBL246374,IC50,=,24.0,nM,7.62,CHEMBL284,Dipeptidyl peptidase 4,CN(C)C(=O)[C@@H](C1CCC(N(C)C(=O)c2cccc(F)c2)CC1)[C@H](N)C(=O)N1CC[C@H](F)C1.Cl,7.619788758288394,501.0180000000003,2.480400000000001,1,4
2026075,CHEMBL246373,IC50,=,440.0,nM,6.36,CHEMBL284,Dipeptidyl peptidase 4,C[C@@H](C1CCC(NS(=O)(=O)c2ccc(OC(F)(F)F)cc2)CC1)[C@H](N)C(=O)N1CC[C@H](F)C1.Cl,6.356547323513812,532.0000000000003,3.3779000000000017,2,5
2026076,CHEMBL397854,IC50,=,360.0,nM,6.44,CHEMBL284,Dipeptidyl peptidase 4,CN(C)C(=O)[C@@H](C1CCC(NS(=O)(=O)c2ccc(OC(F)(F)F)cc2)CC1)[C@H](N)C(=O)N1CC[C@H](F)C1.Cl,6.443697499232712,589.0520000000004,2.4462000000000006,2,6
2026077,CHEMBL246372,IC50,=,460.0,nM,6.34,CHEMBL284,Dipeptidyl peptidase 4,C[C@@H](C1CCC(NS(=O)(=O)c2ccc(F)cc2F)CC1)[C@H](N)C(=O)N1CC[C@H](F)C1.Cl,6.337242168318426,483.9840000000003,2.7575000000000016,2,4
2026078,CHEMBL246170,IC50,=,330.0,nM,6.48,CHEMBL284,Dipeptidyl peptidase 4,CN(C)C(=O)[C@@H](C1CCC(NS(=O)(=O)c2ccc(F)cc2F)CC1)[C@H](N)C(=O)N1CC[C@H](F)C1.Cl,6.481486060122113,541.0360000000004,1.8257999999999996,2,5
2026079,CHEMBL395213,IC50,=,48.0,nM,7.32,CHEMBL284,Dipeptidyl peptidase 4,Cl.N[C@H](C(=O)N1CC[C@H](F)C1)C1CCC(NS(=O)(=O)c2ccc(F)cc2F)CC1,7.318758762624412,455.9300000000002,2.1214,2,4
2026080,CHEMBL246169,IC50,=,210.0,nM,6.68,CHEMBL284,Dipeptidyl peptidase 4,CC(=O)N(C)c1ccc([C@H](C)[C@H](N)C(=O)N2CC[C@H](F)C2)cc1.O=C(O)C(F)(F)F,6.6777807052660805,435.41800000000006,2.3037999999999994,2,4
2026081,CHEMBL246168,IC50,=,150.0,nM,6.82,CHEMBL284,Dipeptidyl peptidase 4,CC(=O)N(C)c1ccc([C@H](C(=O)N(C)C)[C@H](N)C(=O)N2CC[C@H](F)C2)cc1.O=C(O)C(F)(F)F,6.823908740944319,492.4700000000002,1.3721,2,5
2026082,CHEMBL245971,IC50,=,600.0,nM,6.22,CHEMBL284,Dipeptidyl peptidase 4,CC(=O)Nc1ccc([C@H](C)[C@H](N)C(=O)N2CC[C@H](F)C2)cc1.O=C(O)C(F)(F)F,6.221848749616356,421.3910000000001,2.2794999999999996,3,4
2026083,CHEMBL245970,IC50,=,160.0,nM,6.8,CHEMBL284,Dipeptidyl peptidase 4,CC(=O)Nc1ccc([C@H](C(=O)N(C)C)[C@H](N)C(=O)N2CC[C@H](F)C2)cc1.O=C(O)C(F)(F)F,6.795880017344075,478.44300000000015,1.3478000000000003,3,5
2026084,CHEMBL437379,IC50,=,300.0,nM,6.52,CHEMBL284,Dipeptidyl peptidase 4,C[C@@H](c1ccc(N(C)C(=O)c2ccc(F)cc2)cc1)[C@H](N)C(=O)N1CC[C@H](F)C1.O=C(O)C(F)(F)F,6.522878745280337,515.4790000000003,3.7368000000000015,2,4
2026085,CHEMBL245969,IC50,=,28.0,nM,7.55,CHEMBL284,Dipeptidyl peptidase 4,CN(C)C(=O)[C@@H](c1ccc(N(C)C(=O)c2ccc(F)cc2)cc1)[C@H](N)C(=O)N1CC[C@H](F)C1.O=C(O)C(F)(F)F,7.552841968657781,572.5310000000004,2.8051000000000004,2,5
2026086,CHEMBL396168,IC50,=,25.0,nM,7.6,CHEMBL284,Dipeptidyl peptidase 4,Cc1ccc(C(=O)N(C)c2ccc([C@H](C(=O)N(C)C)[C@H](N)C(=O)N3CC[C@H](F)C3)cc2)cc1.O=C(O)C(F)(F)F,7.6020599913279625,568.5680000000004,2.9744200000000003,2,5
2026087,CHEMBL429653,IC50,=,430.0,nM,6.37,CHEMBL284,Dipeptidyl peptidase 4,Cc1ccc(S(=O)(=O)N(C)c2ccc([C@H](C(=O)N(C)C)[C@H](N)C(=O)N3CC[C@H](F)C3)cc2)cc1.O=C(O)C(F)(F)F,6.366531544420414,604.6230000000005,2.52292,2,6
2026088,CHEMBL245772,IC50,=,870.0,nM,6.06,CHEMBL284,Dipeptidyl peptidase 4,CN(C)C(=O)[C@@H](c1ccc(NS(=O)(=O)c2ccccc2)cc1)[C@H](N)C(=O)N1CC[C@H](F)C1.O=C(O)C(F)(F)F,6.060480747381382,576.5690000000004,2.1901999999999995,3,6
2045002,CHEMBL399499,IC50,=,59.0,nM,7.23,CHEMBL284,Dipeptidyl peptidase 4,N[C@@H](CC(=O)N1CCn2nc(C(F)(F)F)nc2C1)Cc1cc(F)c(F)cc1F,7.229147988357855,407.3180000000001,2.0164999999999997,1,4
2045006,CHEMBL400068,IC50,=,2.0,nM,8.7,CHEMBL284,Dipeptidyl peptidase 4,N[C@@H](CC(=O)N1CCn2nc(C(F)(F)F)nc2[C@H]1Cn1cncn1)Cc1cc(F)c(F)cc1F,8.698970004336019,488.39600000000013,1.8492999999999995,1,6
2045007,CHEMBL250353,IC50,=,5.0,nM,8.3,CHEMBL284,Dipeptidyl peptidase 4,N[C@@H](CC(=O)N1CCn2nc(C(F)(F)F)nc2C1Cn1cncn1)Cc1cc(F)c(F)cc1F,8.301029995663981,488.39600000000013,1.8492999999999995,1,6
2045008,CHEMBL250351,IC50,=,4.0,nM,8.4,CHEMBL284,Dipeptidyl peptidase 4,N[C@@H](CC(=O)N1CCn2nc(C(F)(F)F)nc2C1Cn1cccn1)Cc1cc(F)c(F)cc1F,8.397940008672037,487.40800000000013,2.4543,1,5
2045009,CHEMBL250147,IC50,=,2.0,nM,8.7,CHEMBL284,Dipeptidyl peptidase 4,N[C@@H](CC(=O)N1CCn2nc(C(F)(F)F)nc2C1Cn1ccnc1)Cc1cc(F)c(F)cc1F,8.698970004336019,487.40800000000013,2.4543,1,5
2045010,CHEMBL249945,IC50,=,11.0,nM,7.96,CHEMBL284,Dipeptidyl peptidase 4,N[C@@H](CC(=O)N1CCn2nc(C(F)(F)F)nc2[C@@H]1C(F)C1CC1)Cc1cc(F)c(F)cc1F,7.958607314841775,479.40000000000015,3.3057000000000016,1,4
2045012,CHEMBL404210,IC50,=,14.0,nM,7.85,CHEMBL284,Dipeptidyl peptidase 4,N[C@@H](CC(=O)N1CCn2nc(C(F)(F)F)nc2[C@@H]1C(O)C1CC1)Cc1cc(F)c(F)cc1F,7.853871964321762,477.40900000000016,2.3285,2,5
2045013,CHEMBL400722,IC50,=,12.0,nM,7.92,CHEMBL284,Dipeptidyl peptidase 4,NC(CC(=O)N1CCn2nc(C(F)(F)F)nc2[C@@H]1C(O)C1CC1)Cc1cc(F)c(F)cc1F,7.920818753952375,477.40900000000016,2.3285,2,5
2045014,CHEMBL400752,IC50,=,7.0,nM,8.15,CHEMBL284,Dipeptidyl peptidase 4,N[C@@H](CC(=O)N1CCn2nc(C(F)(F)F)nc2[C@H]1CC1CC1)Cc1cc(F)c(F)cc1F,8.154901959985743,461.4100000000002,3.3577000000000012,1,4
2045015,CHEMBL250999,IC50,=,4.0,nM,8.4,CHEMBL284,Dipeptidyl peptidase 4,N[C@@H](CC(=O)N1CCn2nc(C(F)(F)F)nc2[C@H]1Cc1ccc(C(F)(F)F)cc1)Cc1cc(F)c(F)cc1F,8.397940008672037,565.4400000000002,4.819100000000003,1,4
2045016,CHEMBL401304,IC50,=,4.0,nM,8.4,CHEMBL284,Dipeptidyl peptidase 4,N[C@@H](CC(=O)N1CCn2nc(C(F)(F)F)nc2[C@H]1Cc1ccc(F)cc1)Cc1cc(F)c(F)cc1F,8.397940008672037,515.4330000000002,3.9394000000000027,1,4
2045017,CHEMBL250787,IC50,=,25.0,nM,7.6,CHEMBL284,Dipeptidyl peptidase 4,C[C@@H]1c2nc(C(F)(F)F)nn2CCN1C(=O)C[C@H](N)Cc1cc(F)c(F)cc1F,7.6020599913279625,421.3450000000001,2.5775000000000006,1,4
2045018,CHEMBL251376,IC50,=,274.0,nM,6.56,CHEMBL284,Dipeptidyl peptidase 4,C[C@H]1c2nc(C(F)(F)F)nn2CCN1C(=O)C[C@H](N)Cc1cc(F)c(F)cc1F,6.562249437179612,421.3450000000001,2.5775000000000006,1,4
2045019,CHEMBL401057,IC50,=,68.0,nM,7.17,CHEMBL284,Dipeptidyl peptidase 4,N[C@@H](CC(=O)N1CCn2nc(-c3ccccc3)nc2C1)Cc1cc(F)c(F)cc1F,7.167491087293763,415.4190000000002,2.6647000000000007,1,4
2045020,CHEMBL248936,IC50,=,71.0,nM,7.15,CHEMBL284,Dipeptidyl peptidase 4,N[C@@H](CC(=O)N1CCn2nc(C3CC3)nc2C1)Cc1cc(F)c(F)cc1F,7.1487416512809245,379.386,1.8750999999999993,1,4
2045021,CHEMBL248743,IC50,=,100.0,nM,7.0,CHEMBL284,Dipeptidyl peptidase 4,N[C@@H](CC(=O)N1CCn2ncnc2C1)Cc1cc(F)c(F)cc1F,7.0,339.321,0.9976999999999996,1,4
2047430,CHEMBL402496,IC50,=,140.0,nM,6.85,CHEMBL284,Dipeptidyl peptidase 4,N[C@@H](CC(=O)N1CCc2[nH]c(C(F)(F)F)nc2C1)Cc1cc(F)ccc1F,6.853871964321762,388.3400000000001,2.5515000000000008,2,3
2047434,CHEMBL250285,IC50,=,5.8,nM,8.24,CHEMBL284,Dipeptidyl peptidase 4,Cn1c(C(F)(F)F)nc2c1CCN(C(=O)C[C@H](N)Cc1cc(F)c(F)cc1F)C2Cc1ccc(F)cc1,8.236572006437063,528.4720000000002,4.6239000000000035,1,3
2047436,CHEMBL250284,IC50,=,8.4,nM,8.08,CHEMBL284,Dipeptidyl peptidase 4,Cn1c(C(F)(F)F)nc2c1CCN(C(=O)C[C@H](N)Cc1cc(F)c(F)cc1F)C2Cc1ccccc1,8.075720713938118,510.4820000000002,4.4848000000000035,1,3
2047438,CHEMBL250283,IC50,=,370.0,nM,6.43,CHEMBL284,Dipeptidyl peptidase 4,CC1c2nc(C(C)(C)C)n(C)c2CCN1C(=O)C[C@H](N)Cc1cc(F)c(F)cc1F,6.431798275933005,422.49500000000006,3.540700000000002,1,3
2047440,CHEMBL1204389,IC50,=,250.0,nM,6.6,CHEMBL284,Dipeptidyl peptidase 4,CC1c2nc(C3CC3)n(C)c2CCN1C(=O)C[C@H](N)Cc1cc(F)c(F)cc1F.Cl,6.6020599913279625,442.91300000000007,3.542400000000002,1,3
2047441,CHEMBL400911,IC50,=,490.0,nM,6.31,CHEMBL284,Dipeptidyl peptidase 4,CC1c2nc(C3CC3)n(C)c2CCN1C(=O)C[C@H](N)Cc1cc(F)c(F)cc1F,6.309803919971486,406.4520000000001,3.1206000000000005,1,3
2047442,CHEMBL248810,IC50,=,110.0,nM,6.96,CHEMBL284,Dipeptidyl peptidase 4,Cn1c(C(F)(F)F)nc2c1CCN(C(=O)C[C@H](N)Cc1cc(F)c(F)cc1F)C2C1CC1,6.958607314841775,460.4220000000002,3.6521000000000026,1,3
2047444,CHEMBL400954,IC50,=,50.0,nM,7.3,CHEMBL284,Dipeptidyl peptidase 4,Cn1cnc2c1CCN(C(=O)C[C@H](N)Cc1cc(F)c(F)cc1F)C2C(F)(F)F,7.301029995663981,420.357,2.7856000000000005,1,3
2047446,CHEMBL248615,IC50,=,570.0,nM,6.24,CHEMBL284,Dipeptidyl peptidase 4,Cn1c(C(F)(F)F)nc2c1CCN(C(=O)C[C@H](N)Cc1cc(F)c(F)cc1F)C2(C)C,6.2441251443275085,448.4110000000002,3.4361000000000024,1,3
2047447,CHEMBL250204,IC50,=,60.0,nM,7.22,CHEMBL284,Dipeptidyl peptidase 4,CCC1c2nc(C(F)(F)F)n(C)c2CCN1C(=O)C[C@H](N)Cc1cc(F)c(F)cc1F,7.221848749616356,448.4110000000002,3.6521000000000017,1,3
2047449,CHEMBL250202,IC50,=,45.0,nM,7.35,CHEMBL284,Dipeptidyl peptidase 4,CC1c2nc(C(F)(F)F)n(C)c2CCN1C(=O)C[C@H](N)Cc1cc(F)c(F)cc1F,7.346787486224656,434.3840000000001,3.2620000000000013,1,3
2047450,CHEMBL250006,IC50,=,65.0,nM,7.19,CHEMBL284,Dipeptidyl peptidase 4,CC1c2nc(C(F)(F)F)n(C)c2CCN1C(=O)C[C@H](N)Cc1cc(F)ccc1F,7.187086643357144,416.3940000000001,3.1229000000000013,1,3
2047452,CHEMBL398661,IC50,=,280.0,nM,6.55,CHEMBL284,Dipeptidyl peptidase 4,Cn1c(-c2ccc(F)cc2)nc2c1CCN(C(=O)C[C@H](N)Cc1cc(F)ccc1F)C2,6.552841968657781,428.45800000000014,3.3492000000000015,1,3
2047453,CHEMBL248997,IC50,=,130.0,nM,6.89,CHEMBL284,Dipeptidyl peptidase 4,N[C@@H](CC(=O)N1CCc2[nH]c(-c3ccccc3)nc2C1)Cc1cc(F)ccc1F,6.886056647693163,396.44100000000014,3.1997000000000018,2,3
2047454,CHEMBL400761,IC50,=,250.0,nM,6.6,CHEMBL284,Dipeptidyl peptidase 4,N[C@@H](CC(=O)N1CCc2nc(C(F)(F)F)n(Cc3ccc(F)cc3)c2C1)Cc1cc(F)ccc1F,6.6020599913279625,496.45500000000015,4.2123000000000035,1,3
2047455,CHEMBL248788,IC50,=,250.0,nM,6.6,CHEMBL284,Dipeptidyl peptidase 4,N[C@@H](CC(=O)N1CCc2c(nc(C(F)(F)F)n2Cc2ccc(F)cc2)C1)Cc1cc(F)ccc1F,6.6020599913279625,496.4550000000002,4.2123000000000035,1,3
2047456,CHEMBL429829,IC50,=,260.0,nM,6.58,CHEMBL284,Dipeptidyl peptidase 4,CC(C)Cn1c(C(F)(F)F)nc2c1CN(C(=O)C[C@H](N)Cc1cc(F)ccc1F)CC2,6.585026652029182,444.4480000000002,3.680900000000002,1,3
2047457,CHEMBL400278,IC50,=,220.0,nM,6.66,CHEMBL284,Dipeptidyl peptidase 4,CC(C)Cn1c(C(F)(F)F)nc2c1CCN(C(=O)C[C@H](N)Cc1cc(F)ccc1F)C2,6.657577319177793,444.4480000000002,3.680900000000002,1,3
2047458,CHEMBL398492,IC50,=,230.0,nM,6.64,CHEMBL284,Dipeptidyl peptidase 4,CCn1c(C(F)(F)F)nc2c1CN(C(=O)C[C@H](N)Cc1cc(F)ccc1F)CC2,6.638272163982407,416.3940000000002,3.044800000000002,1,3
2047459,CHEMBL251405,IC50,=,180.0,nM,6.75,CHEMBL284,Dipeptidyl peptidase 4,CCn1c(C(F)(F)F)nc2c1CCN(C(=O)C[C@H](N)Cc1cc(F)ccc1F)C2,6.7447274948966935,416.3940000000001,3.0448000000000013,1,3
2047460,CHEMBL251404,IC50,=,130.0,nM,6.89,CHEMBL284,Dipeptidyl peptidase 4,Cn1c(C(F)(F)F)nc2c1CN(C(=O)C[C@H](N)Cc1cc(F)ccc1F)CC2,6.886056647693163,402.3670000000002,2.5619000000000014,1,3
2047461,CHEMBL251205,IC50,=,150.0,nM,6.82,CHEMBL284,Dipeptidyl peptidase 4,Cn1c(C(F)(F)F)nc2c1CCN(C(=O)C[C@H](N)Cc1cc(F)ccc1F)C2,6.823908740944319,402.36700000000013,2.5619000000000014,1,3
2053413,CHEMBL249427,IC50,=,30.0,nM,7.52,CHEMBL284,Dipeptidyl peptidase 4,N[C@H]1CN(C(=O)c2ccc(-n3cnnn3)cc2)C[C@H]1C(=O)N1CCCC1,7.522878745280337,355.4020000000002,-0.3159999999999994,1,6
2053414,CHEMBL401269,IC50,=,86.0,nM,7.07,CHEMBL284,Dipeptidyl peptidase 4,N[C@H]1CN(C(=O)c2cc3cc(Cl)ccc3o2)C[C@H]1C(=O)N1CCCC1,7.0655015487564325,361.8290000000002,2.1079,1,4
2053416,CHEMBL401378,IC50,=,46.0,nM,7.34,CHEMBL284,Dipeptidyl peptidase 4,Cc1cc(CN2C[C@H](N)[C@H](C(=O)C3CCC[C@H]3C#N)C2)ccc1-n1cncn1,7.337242168318426,378.4800000000001,1.8437999999999994,1,6
2053418,CHEMBL428936,IC50,=,65.0,nM,7.19,CHEMBL284,Dipeptidyl peptidase 4,N[C@H]1CN(C(=O)c2cnc3ccccc3n2)C(=O)[C@H]1C(=O)N1CCCC1,7.187086643357144,353.38200000000023,0.1780999999999986,1,6
2053420,CHEMBL399348,IC50,>,3.0,nM,,CHEMBL284,Dipeptidyl peptidase 4,N[C@@H]1CN(C(=O)c2cnc3ccccc3n2)C(=O)[C@@H]1C(=O)N1CCCC1,8.522878745280337,353.38200000000023,0.1780999999999986,1,6
2053423,CHEMBL250620,IC50,=,3.8,nM,8.42,CHEMBL284,Dipeptidyl peptidase 4,Cc1cc(-n2cncn2)ccc1CN1C[C@H](N)[C@H](C(=O)C2CCC[C@H]2C#N)C1,8.42021640338319,378.48000000000025,1.8437999999999999,1,6
2053424,CHEMBL248838,IC50,=,79.0,nM,7.1,CHEMBL284,Dipeptidyl peptidase 4,N[C@H]1CN(C(=O)c2ccc3ccccc3c2)C[C@H]1C(=O)N1CCCC1,7.102372908709558,337.4230000000002,1.8615,1,3
2053425,CHEMBL248837,IC50,=,62.0,nM,7.21,CHEMBL284,Dipeptidyl peptidase 4,N[C@H]1CN(C(=O)c2cc3ccccc3s2)C[C@H]1C(=O)N1CCCC1,7.2076083105017466,343.4520000000002,1.9229999999999994,1,4
2053426,CHEMBL249826,IC50,=,49.0,nM,7.31,CHEMBL284,Dipeptidyl peptidase 4,N[C@H]1CN(C(=O)c2cnc3ccccc3c2)C[C@H]1C(=O)N1CCCC1,7.309803919971486,338.4110000000002,1.256499999999999,1,4
2053427,CHEMBL249825,IC50,=,47.0,nM,7.33,CHEMBL284,Dipeptidyl peptidase 4,N[C@H]1CN(C(=O)c2cc3ccccc3cn2)C[C@H]1C(=O)N1CCCC1,7.327902142064283,338.4110000000002,1.256499999999999,1,4
2053428,CHEMBL399247,IC50,=,42.0,nM,7.38,CHEMBL284,Dipeptidyl peptidase 4,N[C@H]1CN(C(=O)c2ccc3ncsc3c2)C[C@H]1C(=O)N1CCCC1,7.376750709602099,344.44000000000017,1.3179999999999996,1,5
2053429,CHEMBL401268,IC50,=,40.0,nM,7.4,CHEMBL284,Dipeptidyl peptidase 4,N[C@H]1CN(C(=O)c2ccc(-n3cncn3)cc2)C[C@H]1C(=O)N1CCCC1,7.3979400086720375,354.4140000000002,0.28899999999999904,1,5
2053430,CHEMBL249620,IC50,=,38.0,nM,7.42,CHEMBL284,Dipeptidyl peptidase 4,N[C@H]1CN(C(=O)c2ccc3ncccc3c2)C[C@H]1C(=O)N1CCCC1,7.42021640338319,338.4110000000002,1.256499999999999,1,4
2053455,CHEMBL250611,IC50,=,91.0,nM,7.04,CHEMBL284,Dipeptidyl peptidase 4,N[C@H]1CN(Cc2ccc(-c3csnn3)cc2)C[C@H]1C(=O)N1CCCC1,7.040958607678906,357.48300000000023,1.5865999999999996,1,6
2053456,CHEMBL399693,IC50,=,83.0,nM,7.08,CHEMBL284,Dipeptidyl peptidase 4,CC(c1ccc([N+](=O)[O-])cc1)N1C[C@H](N)[C@H](C(=O)N2CCCC2)C1,7.080921907623926,332.4040000000002,1.5372999999999997,1,5
2053457,CHEMBL250400,IC50,=,81.0,nM,7.09,CHEMBL284,Dipeptidyl peptidase 4,N#Cc1ccc(CN2C[C@H](N)[C@H](C(=O)N3CCCC3)C2)cc1,7.0915149811213505,298.39000000000004,0.9397799999999996,1,4
2053458,CHEMBL428937,IC50,=,80.0,nM,7.1,CHEMBL284,Dipeptidyl peptidase 4,N[C@H]1CN(Cc2ccc(F)c(F)c2)C[C@H]1C(=O)N1CCCC1,7.096910013008056,309.3600000000001,1.3462999999999996,1,3
2053459,CHEMBL250399,IC50,=,78.0,nM,7.11,CHEMBL284,Dipeptidyl peptidase 4,N#Cc1cc(CN2C[C@H](N)[C@H](C(=O)N3CCCC3)C2)ccc1F,7.107905397309519,316.38,1.0788799999999996,1,4
2053460,CHEMBL249174,IC50,=,69.0,nM,7.16,CHEMBL284,Dipeptidyl peptidase 4,N[C@H]1CN(Cc2ccc(-n3cncn3)cc2)C[C@H]1C(=O)N1CCCC1,7.161150909262744,340.43100000000015,0.6487999999999992,1,5
2053461,CHEMBL250393,IC50,=,50.0,nM,7.3,CHEMBL284,Dipeptidyl peptidase 4,N[C@H]1CN(Cc2ccc(-n3cnnn3)cc2)C[C@H]1C(=O)N1CCCC1,7.301029995663981,341.41900000000015,0.04379999999999984,1,6
2053462,CHEMBL250852,IC50,=,27.0,nM,7.57,CHEMBL284,Dipeptidyl peptidase 4,N[C@H]1CN(Cc2cnc3ccccc3c2)C[C@H]1C(=O)N1CCCC1,7.568636235841013,324.42800000000017,1.616299999999999,1,4
2053471,CHEMBL248795,IC50,=,6.2,nM,8.21,CHEMBL284,Dipeptidyl peptidase 4,N#C[C@@H]1CCCN1C(=O)[C@@H]1CN(Cc2cnc3ccccc3c2)C[C@@H]1N,8.207608310501746,349.4380000000001,1.5084799999999996,1,5
2053472,CHEMBL400338,IC50,=,5.4,nM,8.27,CHEMBL284,Dipeptidyl peptidase 4,N#C[C@@H]1CCCN1C(=O)[C@@H]1CN(Cc2ccc(-n3nccn3)cc2)C[C@@H]1N,8.267606240177031,365.4410000000001,0.5409799999999999,1,6
2053473,CHEMBL248794,IC50,=,5.3,nM,8.28,CHEMBL284,Dipeptidyl peptidase 4,Cc1ncn(-c2ccc(CN3C[C@H](N)[C@H](C(=O)N4CCC[C@H]4C#N)C3)cc2)n1,8.275724130399212,379.4680000000002,0.8494000000000002,1,6
2053474,CHEMBL438520,IC50,=,3.6,nM,8.44,CHEMBL284,Dipeptidyl peptidase 4,N#Cc1cc(CN2C[C@H](N)[C@H](C(=O)N3CCC[C@H]3C#N)C2)ccc1F,8.443697499232712,341.39000000000004,0.97106,1,5
2053475,CHEMBL248793,IC50,=,3.3,nM,8.48,CHEMBL284,Dipeptidyl peptidase 4,Cn1nccc1-c1ccc(CN2C[C@H](N)[C@H](C(=O)N3CCC[C@H]3C#N)C2)cc1,8.481486060122112,378.4800000000002,1.3607800000000005,1,5
2053476,CHEMBL399525,IC50,=,3.2,nM,8.49,CHEMBL284,Dipeptidyl peptidase 4,N#C[C@@H]1CCCN1C(=O)[C@@H]1CN(Cc2ccc(-n3cncn3)cc2)C[C@@H]1N,8.494850021680094,365.4410000000001,0.5409799999999999,1,6
2053477,CHEMBL248599,IC50,=,2.4,nM,8.62,CHEMBL284,Dipeptidyl peptidase 4,N#Cc1ccc(CN2C[C@H](N)[C@H](C(=O)N3CCC[C@H]3C#N)C2)cc1,8.619788758288394,323.40000000000003,0.83196,1,5
2053492,CHEMBL249407,IC50,=,10.0,nM,8.0,CHEMBL284,Dipeptidyl peptidase 4,N#C[C@@H]1CCCN1C(=O)[C@@H]1CN(Cc2ccc(-c3csnn3)cc2)C[C@@H]1N,8.0,382.4930000000001,1.4787799999999998,1,7
2053493,CHEMBL249406,IC50,=,10.0,nM,8.0,CHEMBL284,Dipeptidyl peptidase 4,Cn1cc(-c2ccc(CN3C[C@H](N)[C@H](C(=O)N4CCC[C@H]4C#N)C3)cc2)cn1,8.0,378.48000000000013,1.3607799999999997,1,5
2053494,CHEMBL399726,IC50,=,8.5,nM,8.07,CHEMBL284,Dipeptidyl peptidase 4,Cc1nnc(-c2ccc(CN3C[C@H](N)[C@H](C(=O)N4CCC[C@H]4C#N)C3)cc2)o1,8.070581074285707,380.45200000000017,1.3187000000000002,1,7
2053495,CHEMBL249203,IC50,=,6.7,nM,8.17,CHEMBL284,Dipeptidyl peptidase 4,N#C[C@@H]1CCCN1C(=O)[C@@H]1CN(Cc2ccc(-c3ccn[nH]3)cc2)C[C@@H]1N,8.173925197299173,364.4530000000001,1.3503799999999997,2,5
2053504,CHEMBL249602,IC50,=,5.3,nM,8.28,CHEMBL284,Dipeptidyl peptidase 4,Cc1nnc(-c2ccc(CN3C[C@H](N)[C@H](C(=O)C4[C@H](C#N)CC[C@@H]4F)C3)cc2)o1,8.275724130399212,397.4540000000001,2.2611,1,7
2053505,CHEMBL249601,IC50,=,5.5,nM,8.26,CHEMBL284,Dipeptidyl peptidase 4,CC(c1ccc(C#N)cc1)N1C[C@H](N)[C@H](C(=O)N2CCC[C@H]2C#N)C1,8.259637310505756,337.42700000000013,1.3929599999999998,1,5
2053506,CHEMBL400533,IC50,=,3.5,nM,8.46,CHEMBL284,Dipeptidyl peptidase 4,N#C[C@@H]1CCCC1C(=O)[C@@H]1CN(C2CCOc3ccccc32)C[C@@H]1N,8.455931955649724,339.4390000000001,2.27828,1,5
2053507,CHEMBL249408,IC50,=,3.4,nM,8.47,CHEMBL284,Dipeptidyl peptidase 4,N#Cc1ccc2c(c1)CCC2N1C[C@H](N)[C@H](C(=O)C2CCC[C@H]2C#N)C1,8.468521082957745,348.45000000000016,2.3136600000000005,1,5
2053508,CHEMBL400532,IC50,=,3.0,nM,8.52,CHEMBL284,Dipeptidyl peptidase 4,CC(c1ccc(-n2cncn2)cc1)N1C[C@H](N)[C@H](C(=O)C2CCC[C@H]2C#N)C1,8.522878745280337,378.48000000000025,2.09638,1,6
2053519,CHEMBL429482,IC50,=,4.7,nM,8.33,CHEMBL284,Dipeptidyl peptidase 4,CCc1cc(CN2C[C@H](N)[C@H](C(=O)C3CCC[C@H]3C#N)C2)cc(CC)c1C#N,8.327902142064282,378.52000000000015,2.9511600000000007,1,5
2053520,CHEMBL399791,IC50,=,1.1,nM,8.96,CHEMBL284,Dipeptidyl peptidase 4,Cc1cc(CN2C[C@H](N)[C@H](C(=O)C3CCC[C@H]3C#N)C2)cc(C)c1C#N,8.958607314841775,350.4660000000001,2.4432,1,5
2053521,CHEMBL429115,IC50,=,1.3,nM,8.89,CHEMBL284,Dipeptidyl peptidase 4,Cc1cc(CN2C[C@H](N)[C@H](C(=O)C3CCC[C@H]3C#N)C2)ccc1C#N,8.886056647693163,336.4390000000001,2.1347799999999992,1,5
2060331,CHEMBL254229,IC50,>,36900.0,nM,,CHEMBL284,Dipeptidyl peptidase 4,COc1ccc(C(CCc2ccc(O)cc2OC)c2c(OC)cc(/C=C/c3ccc(O)cc3)cc2OC)cc1,4.432973633840939,526.6290000000004,7.067300000000008,2,6
2060339,CHEMBL251977,IC50,>,36900.0,nM,,CHEMBL284,Dipeptidyl peptidase 4,COc1cc(O)c(C(CCc2ccc(O)cc2OC)c2ccc(O)cc2)cc1CCC(=O)c1ccc(O)cc1,4.432973633840939,528.6010000000003,6.106400000000007,4,7
2060340,CHEMBL254649,IC50,>,36900.0,nM,,CHEMBL284,Dipeptidyl peptidase 4,COc1ccc(C(CCc2ccc(O)cc2OC)c2cc(CCC(=O)c3ccc(O)cc3)c(OC)cc2O)cc1,4.432973633840939,542.6280000000004,6.409400000000008,3,7
2060341,CHEMBL254648,IC50,>,36900.0,nM,,CHEMBL284,Dipeptidyl peptidase 4,COc1cc(OC)c(C(CCc2ccc(O)cc2OC)c2ccc(O)cc2)cc1CCC(=O)c1ccc(O)cc1,4.432973633840939,542.6280000000004,6.409400000000008,3,7
2060342,CHEMBL254647,IC50,>,39100.0,nM,,CHEMBL284,Dipeptidyl peptidase 4,COc1cc(O)ccc1CCC(c1ccc(O)cc1)c1cc2c(c(C)c1O)O[C@@H](c1ccc(O)cc1)CC2,4.407823242604133,512.6020000000003,6.657020000000009,4,6
2060343,CHEMBL254440,IC50,>,41300.0,nM,,CHEMBL284,Dipeptidyl peptidase 4,COc1cc(O)ccc1CCC(c1ccc(O)cc1)c1c(O)cc(O)cc1/C=C/c1ccc(O)cc1,4.384049948343599,484.5480000000002,6.1583000000000085,5,6
2060344,CHEMBL254439,IC50,>,40200.0,nM,,CHEMBL284,Dipeptidyl peptidase 4,COc1cc(O)ccc1CCC(c1ccc(O)cc1)c1c(/C=C/c2ccc(O)cc2)cc(O)cc1OC,4.39577394691553,498.5750000000002,6.4613000000000085,4,6
2060345,CHEMBL399481,IC50,>,39100.0,nM,,CHEMBL284,Dipeptidyl peptidase 4,COc1ccc(C(CCc2ccc(O)cc2OC)c2c(O)cc(OC)cc2/C=C/c2ccc(O)cc2)cc1,4.407823242604133,512.6020000000003,6.7643000000000075,3,6
2068764,CHEMBL557176,IC50,=,0.4,nM,9.4,CHEMBL284,Dipeptidyl peptidase 4,Cl.N[C@@H](CC(=O)N1CCn2c(nnc2C(F)(F)F)C1Cc1ccccn1)Cc1cc(F)c(F)cc1F,9.397940008672037,534.8920000000002,3.6171000000000024,1,5
2068789,CHEMBL536312,IC50,=,6.3,nM,8.2,CHEMBL284,Dipeptidyl peptidase 4,Cl.N[C@@H](CC(=O)N1CCn2c(nnc2C(F)(F)F)C1Cc1cc(C(F)(F)F)cc(C(F)(F)F)c1)Cc1cc(F)c(F)cc1F,8.200659450546418,669.898,6.259700000000004,1,4
2068791,CHEMBL536536,IC50,=,0.5,nM,9.3,CHEMBL284,Dipeptidyl peptidase 4,Cl.N[C@@H](CC(=O)N1CCn2c(nnc2C(F)(F)F)C1C(O)c1ccc(F)cc1)Cc1cc(F)c(F)cc1F,9.301029995663981,567.8930000000001,3.8521000000000027,2,5
2068795,CHEMBL1203953,IC50,=,0.18,nM,9.74,CHEMBL284,Dipeptidyl peptidase 4,Cl.N[C@@H](CC(=O)N1CCn2c(nnc2C(F)(F)F)[C@H]1Cc1ccc(F)cc1)Cc1cc(F)c(F)cc1F,9.744727494896694,551.8940000000002,4.361200000000004,1,4
2068796,CHEMBL559371,IC50,=,116.0,nM,6.94,CHEMBL284,Dipeptidyl peptidase 4,Cl.N[C@@H](CC(=O)N1CCn2c(nnc2C(F)(F)F)[C@@H]1Cc1ccc(F)cc1)Cc1cc(F)c(F)cc1F,6.935542010773082,551.8940000000002,4.361200000000004,1,4
2068797,CHEMBL540888,IC50,=,0.46,nM,9.34,CHEMBL284,Dipeptidyl peptidase 4,Cl.N[C@@H](CC(=O)N1CCn2c(nnc2C(F)(F)F)C1Cc1ccccc1F)Cc1cc(F)c(F)cc1F,9.337242168318426,551.8940000000002,4.361200000000004,1,4
2068799,CHEMBL536090,IC50,=,0.31,nM,9.51,CHEMBL284,Dipeptidyl peptidase 4,Cl.N[C@@H](CC(=O)N1CCn2c(nnc2C(F)(F)F)C1Cc1ccccc1C(F)(F)F)Cc1cc(F)c(F)cc1F,9.508638306165727,601.9010000000002,5.2409000000000034,1,4
2068801,CHEMBL539352,IC50,=,0.43,nM,9.37,CHEMBL284,Dipeptidyl peptidase 4,COc1ccc(CC2c3nnc(C(F)(F)F)n3CCN2C(=O)C[C@H](N)Cc2cc(F)c(F)cc2F)cc1.Cl,9.366531544420413,563.9300000000003,4.230700000000004,1,5
2068803,CHEMBL539350,IC50,=,0.66,nM,9.18,CHEMBL284,Dipeptidyl peptidase 4,Cl.N[C@@H](CC(=O)N1CCn2c(nnc2C(F)(F)F)C1Cc1ccccc1)Cc1cc(F)c(F)cc1F,9.18045606445813,533.9040000000002,4.222100000000004,1,4
2068805,CHEMBL556979,IC50,=,2.8,nM,8.55,CHEMBL284,Dipeptidyl peptidase 4,CN(C)C(=O)CC1c2nnc(C(F)(F)F)n2CCN1C(=O)C[C@H](N)Cc1cc(F)c(F)cc1F.Cl,8.55284196865778,528.8850000000002,2.4577000000000004,1,5
2068807,CHEMBL537000,IC50,=,32.0,nM,7.5,CHEMBL284,Dipeptidyl peptidase 4,C=CCC1c2nnc(C(F)(F)F)n2CCN1C(=O)C[C@H](N)Cc1cc(F)c(F)cc1F.Cl,7.494850021680094,483.8440000000001,3.5555000000000025,1,4
2068809,CHEMBL536999,IC50,=,5.7,nM,8.24,CHEMBL284,Dipeptidyl peptidase 4,Cl.N[C@@H](CC(=O)N1CCn2c(nnc2C(F)(F)F)C1CC(F)(F)F)Cc1cc(F)c(F)cc1F,8.244125144327509,525.8030000000001,3.9318000000000026,1,4
2068811,CHEMBL556606,IC50,=,5.0,nM,8.3,CHEMBL284,Dipeptidyl peptidase 4,CCC1c2nnc(C(F)(F)F)n2CCN1C(=O)C[C@H](N)Cc1cc(F)c(F)cc1F.Cl,8.301029995663981,471.83300000000014,3.3894000000000024,1,4
2068813,CHEMBL536089,IC50,=,11.0,nM,7.96,CHEMBL284,Dipeptidyl peptidase 4,CC1c2nnc(C(F)(F)F)n2C(C)CN1C(=O)C[C@H](N)Cc1cc(F)c(F)cc1F.Cl,7.958607314841775,471.83300000000014,3.560300000000002,1,4
2068814,CHEMBL536311,IC50,=,12.0,nM,7.92,CHEMBL284,Dipeptidyl peptidase 4,C[C@@H]1c2nnc(C(F)(F)F)n2[C@H](C)CN1C(=O)C[C@H](N)Cc1cc(F)c(F)cc1F.Cl,7.920818753952375,471.83300000000014,3.560300000000002,1,4
2068815,CHEMBL557219,IC50,=,209.0,nM,6.68,CHEMBL284,Dipeptidyl peptidase 4,C[C@H]1c2nnc(C(F)(F)F)n2[C@@H](C)CN1C(=O)C[C@H](N)Cc1cc(F)c(F)cc1F.Cl,6.679853713888946,471.83300000000014,3.560300000000002,1,4
2068817,CHEMBL536088,IC50,=,175.0,nM,6.76,CHEMBL284,Dipeptidyl peptidase 4,CC1(C)c2nnc(C(F)(F)F)n2CCN1C(=O)C[C@H](N)Cc1cc(F)c(F)cc1F.Cl,6.756961951313706,471.83300000000014,3.1734000000000013,1,4
2068818,CHEMBL536765,IC50,=,92.0,nM,7.04,CHEMBL284,Dipeptidyl peptidase 4,CC1(C)CN(C(=O)C[C@H](N)Cc2cc(F)c(F)cc2F)Cc2nnc(C(F)(F)F)n21.Cl,7.036212172654444,471.833,3.1734000000000013,1,4
2068819,CHEMBL558779,IC50,=,4.3,nM,8.37,CHEMBL284,Dipeptidyl peptidase 4,C[C@@H]1c2nnc(C(F)(F)F)n2CCN1C(=O)C[C@H](N)Cc1cc(F)c(F)cc1F.Cl,8.366531544420413,457.8060000000001,2.999300000000001,1,4
2068820,CHEMBL557542,IC50,=,88.0,nM,7.06,CHEMBL284,Dipeptidyl peptidase 4,C[C@H]1c2nnc(C(F)(F)F)n2CCN1C(=O)C[C@H](N)Cc1cc(F)c(F)cc1F.Cl,7.055517327849832,457.8060000000001,2.999300000000001,1,4
2068821,CHEMBL553787,IC50,=,42.0,nM,7.38,CHEMBL284,Dipeptidyl peptidase 4,C[C@@H]1Cn2c(nnc2C(F)(F)F)CN1C(=O)C[C@H](N)Cc1cc(F)c(F)cc1F.Cl,7.376750709602099,457.8060000000001,2.826800000000001,1,4
2068822,CHEMBL557990,IC50,=,91.0,nM,7.04,CHEMBL284,Dipeptidyl peptidase 4,C[C@H]1Cn2c(nnc2C(F)(F)F)CN1C(=O)C[C@H](N)Cc1cc(F)c(F)cc1F.Cl,7.040958607678906,457.8060000000001,2.826800000000001,1,4
2068823,CHEMBL2021529,IC50,=,14.0,nM,7.85,CHEMBL284,Dipeptidyl peptidase 4,C[C@@H]1CN(C(=O)C[C@H](N)Cc2cc(F)c(F)cc2F)Cc2ccc(C(F)(F)F)n21.Cl,7.853871964321762,455.8300000000001,4.209300000000003,1,2
2068824,CHEMBL2021541,IC50,=,23.0,nM,7.64,CHEMBL284,Dipeptidyl peptidase 4,C[C@H]1CN(C(=O)C[C@H](N)Cc2cc(F)c(F)cc2F)Cc2ccc(C(F)(F)F)n21.Cl,7.638272163982407,455.8300000000001,4.209300000000003,1,2
2074598,CHEMBL1431,IC50,=,29000.0,nM,4.54,CHEMBL284,Dipeptidyl peptidase 4,CN(C)C(=N)NC(=N)N,4.5376020021010435,129.167,-1.034159999999999,4,2
2090790,CHEMBL269952,IC50,=,14.0,nM,7.85,CHEMBL284,Dipeptidyl peptidase 4,Cc1nsc(N2CCN(C(=O)[C@H]3C[C@@H](C(=O)N4CCSC4)N[C@H]3C)CC2)n1,7.853871964321762,410.56900000000024,0.3946200000000011,1,8
2090791,CHEMBL269953,IC50,=,29.0,nM,7.54,CHEMBL284,Dipeptidyl peptidase 4,Cc1nsc(N2CCN(C(=O)[C@H]3C[C@@H](C(=O)N4CCCC4)N[C@H]3C)CC2)n1,7.5376020021010435,392.5290000000003,0.48412000000000105,1,7
2090792,CHEMBL403449,IC50,=,18.0,nM,7.75,CHEMBL284,Dipeptidyl peptidase 4,Cc1nsc(N2CCN(C(=O)[C@@H]3CN[C@H](C(=O)N4CCSC4)C3)CC2)n1,7.7447274948966935,396.54200000000026,0.0061200000000012356,1,8
2090793,CHEMBL270163,IC50,=,23.0,nM,7.64,CHEMBL284,Dipeptidyl peptidase 4,O=C([C@@H]1CN[C@H](C(=O)N2CCCC2)C1)N1CCN(c2nc(C(F)(F)F)ns2)CC1,7.638272163982407,432.47200000000004,0.8059999999999992,1,7
2090794,CHEMBL269965,IC50,=,17.0,nM,7.77,CHEMBL284,Dipeptidyl peptidase 4,COCc1nsc(N2CCN(C(=O)[C@@H]3CN[C@H](C(=O)N4CCCC4)C3)CC2)n1,7.769551078621726,408.52800000000036,-0.0663999999999978,1,8
2090795,CHEMBL402645,IC50,=,52.0,nM,7.28,CHEMBL284,Dipeptidyl peptidase 4,CC(C)c1nsc(N2CCN(C(=O)[C@@H]3CN[C@H](C(=O)N4CCCC4)C3)CC2)n1,7.2839966563652006,406.5560000000003,0.910600000000001,1,7
2090796,CHEMBL437592,IC50,=,21.0,nM,7.68,CHEMBL284,Dipeptidyl peptidase 4,CCCc1nsc(N2CCN(C(=O)[C@@H]3CN[C@H](C(=O)N4CCCC4)C3)CC2)n1,7.6777807052660805,406.5560000000003,0.7397000000000016,1,7
2090797,CHEMBL271444,IC50,=,37.0,nM,7.43,CHEMBL284,Dipeptidyl peptidase 4,CCc1nsc(N2CCN(C(=O)[C@@H]3CN[C@H](C(=O)N4CCCC4)C3)CC2)n1,7.431798275933005,392.52900000000034,0.349600000000001,1,7
2090798,CHEMBL403969,IC50,=,19.0,nM,7.72,CHEMBL284,Dipeptidyl peptidase 4,O=C([C@@H]1CN[C@H](C(=O)N2CCCC2)C1)N1CCN(c2ncns2)CC1,7.721246399047171,364.475,-0.21279999999999943,1,7
2090799,CHEMBL270395,IC50,=,604.0,nM,6.22,CHEMBL284,Dipeptidyl peptidase 4,Cc1nc(N2CCN(C(=O)[C@@H]3CN[C@H](C(=O)N4CCCC4)C3)CC2)no1,6.218963061378868,362.43400000000025,-0.3728799999999981,1,7
2090800,CHEMBL403970,IC50,=,130.0,nM,6.89,CHEMBL284,Dipeptidyl peptidase 4,Cc1ncc(N2CCN(C(=O)[C@@H]3CN[C@H](C(=O)N4CCCC4)C3)CC2)s1,6.886056647693163,377.5140000000003,0.7006199999999996,1,6
2090801,CHEMBL271870,IC50,=,410.0,nM,6.39,CHEMBL284,Dipeptidyl peptidase 4,Cc1nc(N2CCN(C(=O)[C@@H]3CN[C@H](C(=O)N4CCCC4)C3)CC2)sc1C,6.3872161432802645,391.5410000000003,1.0090400000000008,1,6
2090802,CHEMBL439067,IC50,=,340.0,nM,6.47,CHEMBL284,Dipeptidyl peptidase 4,Cc1cnc(N2CCN(C(=O)[C@@H]3CN[C@H](C(=O)N4CCCC4)C3)CC2)s1,6.468521082957745,377.5140000000003,0.7006199999999996,1,6
2090803,CHEMBL272079,IC50,=,69.0,nM,7.16,CHEMBL284,Dipeptidyl peptidase 4,Cc1cc(N2CCN(C(=O)[C@@H]3CN[C@H](C(=O)N4CCCC4)C3)CC2)sn1,7.161150909262744,377.5140000000003,0.7006199999999996,1,6
2090804,CHEMBL273206,IC50,=,52.0,nM,7.28,CHEMBL284,Dipeptidyl peptidase 4,Cc1csc(N2CCN(C(=O)[C@@H]3CN[C@H](C(=O)N4CCCC4)C3)CC2)n1,7.2839966563652006,377.5140000000003,0.7006200000000005,1,6
2090805,CHEMBL404159,IC50,=,350.0,nM,6.46,CHEMBL284,Dipeptidyl peptidase 4,Cc1nsc(C2CCN(C(=O)[C@@H]3CN[C@H](C(=O)N4CCCC4)C3)CC2)n1,6.455931955649724,377.5140000000003,1.1530199999999997,1,6
2090806,CHEMBL257742,IC50,=,310.0,nM,6.51,CHEMBL284,Dipeptidyl peptidase 4,Cc1nsc(N2CCCN(C(=O)[C@@H]3CN[C@H](C(=O)N4CCCC4)C3)CC2)n1,6.508638306165727,392.52900000000034,0.4857200000000008,1,7
2090807,CHEMBL256691,IC50,=,20.0,nM,7.7,CHEMBL284,Dipeptidyl peptidase 4,Cc1nsc(N2CCN(C(=O)[C@@H]3CN[C@H](C(=O)N4CCCC4)C3)CC2)n1,7.698970004336019,378.5020000000003,0.09562000000000115,1,7
2090808,CHEMBL258101,IC50,=,20.0,nM,7.7,CHEMBL284,Dipeptidyl peptidase 4,O=C([C@@H]1CN[C@H](C(=O)N2CCCC2)C1)N1CCN(c2nc(-c3ccccc3)ns2)CC1,7.698970004336019,440.5730000000001,1.4542,1,7
2090809,CHEMBL271062,IC50,=,670.0,nM,6.17,CHEMBL284,Dipeptidyl peptidase 4,CN(C)C(=O)[C@@H]1CN[C@H](C(=O)N2CCCC2)C1,6.173925197299173,239.3189999999999,-0.32489999999999863,1,3
2091496,CHEMBL258288,IC50,=,44.0,nM,7.36,CHEMBL284,Dipeptidyl peptidase 4,O=C(c1nccs1)[C@@H]1CCCN1C(=O)[C@@H]1C[C@@H]2CCCC[C@@H]2N1,7.356547323513812,333.4570000000001,2.2375,1,5
2091497,CHEMBL402236,IC50,=,30.0,nM,7.52,CHEMBL284,Dipeptidyl peptidase 4,N[C@H](C(=O)N1CC[C@H]1C(=O)c1nccs1)C1CCCCC1,7.522878745280337,307.41900000000015,1.8342999999999998,1,5
2091498,CHEMBL256871,IC50,=,42.0,nM,7.38,CHEMBL284,Dipeptidyl peptidase 4,N[C@H](C(=O)N1CCC[C@H]1C(=O)c1nccs1)C1CCCCC1,7.376750709602099,321.4460000000002,2.2244,1,5
2091499,CHEMBL402151,IC50,=,42.0,nM,7.38,CHEMBL284,Dipeptidyl peptidase 4,N[C@H](C(=O)N1CC[C@H]1C(=O)c1nc2ccccc2s1)C1CCCCC1,7.376750709602099,357.4790000000002,2.9875000000000016,1,5
2091500,CHEMBL271694,IC50,=,50.0,nM,7.3,CHEMBL284,Dipeptidyl peptidase 4,N[C@H](C(=O)N1CCC[C@H]1C(=O)c1nc2ccccc2s1)C1CCCCC1,7.301029995663981,371.50600000000026,3.377600000000002,1,5
2091501,CHEMBL269926,IC50,=,50000.0,nM,4.3,CHEMBL284,Dipeptidyl peptidase 4,O=C(c1cccs1)[C@@H]1CCCN1C(=O)[C@@H]1C[C@@H]2CCCC[C@@H]2N1,4.301029995663981,332.4690000000001,2.842500000000001,1,4
2091502,CHEMBL403160,IC50,=,2000.0,nM,5.7,CHEMBL284,Dipeptidyl peptidase 4,O=C(c1ccccn1)[C@@H]1CCCN1C(=O)[C@@H]1C[C@@H]2CCCC[C@@H]2N1,5.698970004336019,327.42800000000005,2.176,1,4
2091503,CHEMBL365441,IC50,=,80.0,nM,7.1,CHEMBL284,Dipeptidyl peptidase 4,O=C(c1nc2ccccc2s1)[C@@H]1CCN1C(=O)[C@@H]1C[C@@H]2CCCC[C@@H]2N1,7.096910013008056,369.4900000000002,3.0006000000000013,1,5
2091504,CHEMBL404030,IC50,=,30.0,nM,7.52,CHEMBL284,Dipeptidyl peptidase 4,O=C(c1nc2ccccc2s1)[C@@H]1CCCN1C(=O)[C@@H]1C[C@@H]2CCCC[C@@H]2N1,7.522878745280337,383.51700000000017,3.3907000000000016,1,5
2121693,CHEMBL404079,IC50,=,12.0,nM,7.92,CHEMBL284,Dipeptidyl peptidase 4,CS(=O)(=O)c1ccc(-c2noc([C@H](CC3CC3)[C@H](N)C(F)=C3CCCC3)n2)c(Cl)c1.O=C(O)C(F)(F)F,7.920818753952375,567.9890000000004,5.435400000000005,2,7
2121694,CHEMBL402163,IC50,=,0.21,nM,9.68,CHEMBL284,Dipeptidyl peptidase 4,CS(=O)(=O)c1ccc(-c2noc([C@@H](CC3CC3)[C@H](N)C(F)=C3CCCC3)n2)c(Cl)c1.O=C(O)C(F)(F)F,9.67778070526608,567.9890000000004,5.435400000000005,2,7
2121695,CHEMBL255591,IC50,=,93.0,nM,7.03,CHEMBL284,Dipeptidyl peptidase 4,CS(=O)(=O)c1ccc(-c2noc([C@H](CCO)[C@H](N)C(F)=C3CCCC3)n2)c(Cl)c1.O=C(O)C(F)(F)F,7.031517051446065,557.9500000000004,4.017700000000002,3,8
2121696,CHEMBL445674,IC50,=,3.2,nM,8.49,CHEMBL284,Dipeptidyl peptidase 4,CS(=O)(=O)c1ccc(-c2noc([C@@H](CCO)[C@H](N)C(F)=C3CCCC3)n2)c(Cl)c1.O=C(O)C(F)(F)F,8.494850021680094,557.9500000000004,4.017700000000002,3,8
2121697,CHEMBL1162974,IC50,=,21.0,nM,7.68,CHEMBL284,Dipeptidyl peptidase 4,CC(Cc1nc(-c2ccc(S(C)(=O)=O)cc2Cl)no1)C(F)=C1CCCC1.O=C(O)C(F)(F)F,7.6777807052660805,512.9090000000003,5.403000000000004,1,6
2121698,CHEMBL429757,IC50,=,50.0,nM,7.3,CHEMBL284,Dipeptidyl peptidase 4,CCS(=O)(=O)c1ccc(-c2noc(C(C)[C@H](N)C(F)=C3CCCC3)n2)c(Cl)c1.O=C(O)C(F)(F)F,7.301029995663981,541.9510000000004,5.045300000000004,2,7
2121699,CHEMBL257023,IC50,=,7.5,nM,8.12,CHEMBL284,Dipeptidyl peptidase 4,CC(c1nc(-c2ccc(S(C)(=O)=O)cc2Cl)no1)[C@H](N)C(F)=C1CCCC1.O=C(O)C(F)(F)F,8.1249387366083,527.9240000000003,4.6552000000000024,2,7
2121700,CHEMBL256172,IC50,=,57.0,nM,7.24,CHEMBL284,Dipeptidyl peptidase 4,CC(c1nc(-c2ccc(NS(C)(=O)=O)cc2Cl)no1)[C@H](N)C(F)=C1CCCC1.O=C(O)C(F)(F)F,7.2441251443275085,542.9390000000004,4.623200000000002,3,7
2121701,CHEMBL401932,IC50,=,1490.0,nM,5.83,CHEMBL284,Dipeptidyl peptidase 4,CC(c1nc(-c2ccc(S(=O)(=O)C(F)(F)F)cc2)no1)[C@H](N)C(F)=C1CCCC1.O=C(O)C(F)(F)F,5.826813731587726,547.4490000000003,4.891800000000003,2,7
2121702,CHEMBL257709,IC50,=,90.0,nM,7.05,CHEMBL284,Dipeptidyl peptidase 4,CC(c1nc(-c2ccc(S(C)(=O)=O)cc2)no1)[C@H](N)C(F)=C1CCCC1.O=C(O)C(F)(F)F,7.045757490560675,493.47900000000027,4.001800000000002,2,7
2121703,CHEMBL256603,IC50,=,645.0,nM,6.19,CHEMBL284,Dipeptidyl peptidase 4,CC(c1nc(-c2ccc(Br)cc2Cl)no1)[C@H](N)C(F)=C1CCCC1.O=C(O)C(F)(F)F,6.1904402853647325,528.7280000000003,6.014200000000002,2,5
2121704,CHEMBL255351,IC50,=,525.0,nM,6.28,CHEMBL284,Dipeptidyl peptidase 4,CC(c1nc(-c2ccc(C(F)(F)F)cc2Cl)no1)[C@H](N)C(F)=C1CCCC1.O=C(O)C(F)(F)F,6.279840696594043,517.8290000000003,6.270500000000003,2,5
2121705,CHEMBL437026,IC50,=,1165.0,nM,5.93,CHEMBL284,Dipeptidyl peptidase 4,CC(c1nc(-c2ccc(Cl)cc2Cl)no1)[C@H](N)C(F)=C1CCCC1.O=C(O)C(F)(F)F,5.933674074637962,484.27700000000027,5.905100000000003,2,5
2121709,CHEMBL437206,IC50,=,17.0,nM,7.77,CHEMBL284,Dipeptidyl peptidase 4,C[C@H](c1nc(-c2ccc(S(C)(=O)=O)cc2Cl)no1)[C@H](N)C(=O)N1CCCC1.O=C(O)C(F)(F)F,7.769551078621726,526.9210000000003,2.4800000000000004,2,8
2121710,CHEMBL403415,IC50,=,122.0,nM,6.91,CHEMBL284,Dipeptidyl peptidase 4,C[C@H](c1nc(-c2ccc(S(C)(=O)=O)cc2)no1)[C@H](N)C(=O)N1CCCC1.O=C(O)C(F)(F)F,6.913640169325252,492.4760000000003,1.8265999999999996,2,8
2122451,CHEMBL257036,IC50,=,30000.0,nM,4.52,CHEMBL284,Dipeptidyl peptidase 4,NCc1ccccc1-c1ccccc1,4.522878745280337,183.254,2.8123000000000014,1,1
2122452,CHEMBL273209,IC50,=,32.0,nM,7.5,CHEMBL284,Dipeptidyl peptidase 4,Cn1cnc2cc(C(N)=O)c(-c3ccccc3Cl)c(CN)c21,7.494850021680094,314.7760000000001,2.4513,2,3
2122453,CHEMBL272114,IC50,=,8.0,nM,8.1,CHEMBL284,Dipeptidyl peptidase 4,Cn1cnc2cc(C#N)c(-c3ccccc3Cl)c(CN)c21,8.096910013008056,296.7610000000001,3.2240800000000016,1,3
2122454,CHEMBL257653,IC50,=,50.0,nM,7.3,CHEMBL284,Dipeptidyl peptidase 4,Cn1cnc2cc(Br)c(-c3ccccc3Cl)c(CN)c21,7.301029995663981,350.64700000000016,4.114900000000002,1,2
2122455,CHEMBL257852,IC50,=,52.0,nM,7.28,CHEMBL284,Dipeptidyl peptidase 4,Cn1c(=O)[nH]c2ccc(-c3ccccc3Cl)c(CN)c21,7.2839966563652006,287.75000000000006,2.6456999999999997,2,2
2122456,CHEMBL256266,IC50,=,61.0,nM,7.21,CHEMBL284,Dipeptidyl peptidase 4,Cn1nnc2ccc(-c3ccccc3Cl)c(CN)c21,7.214670164989233,272.73900000000003,2.7474,1,3
2122457,CHEMBL261246,IC50,=,11.0,nM,7.96,CHEMBL284,Dipeptidyl peptidase 4,Cn1c(-c2cccnc2)nc2ccc(-c3ccccc3Cl)c(CN)c21,7.958607314841775,348.8370000000001,4.414400000000002,1,3
2122458,CHEMBL263137,IC50,=,66.0,nM,7.18,CHEMBL284,Dipeptidyl peptidase 4,COCc1nc2ccc(-c3ccccc3Cl)c(CN)c2n1C,7.180456064458132,315.8040000000001,3.498800000000001,1,3
2122459,CHEMBL263139,IC50,=,97.0,nM,7.01,CHEMBL284,Dipeptidyl peptidase 4,CCc1nc2ccc(-c3ccccc3Cl)c(CN)c2n1C,7.013228265733755,299.80500000000006,3.9148000000000023,1,2
2122460,CHEMBL257636,IC50,=,160.0,nM,6.8,CHEMBL284,Dipeptidyl peptidase 4,Cc1nc2ccc(-c3ccccc3Cl)c(CN)c2n1C,6.795880017344075,285.778,3.660820000000002,1,2
2122461,CHEMBL403156,IC50,=,102.0,nM,6.99,CHEMBL284,Dipeptidyl peptidase 4,NCc1c(-c2ccccc2Cl)ccc2ncn(Cc3ccccc3)c12,6.991399828238082,347.8490000000001,4.863700000000002,1,2
2122462,CHEMBL401542,IC50,=,96.0,nM,7.02,CHEMBL284,Dipeptidyl peptidase 4,NCc1c(-c2ccccc2Cl)ccc2ncn(CCO)c12,7.017728766960431,301.7770000000001,2.807700000000001,2,3
2122463,CHEMBL257308,IC50,=,66.0,nM,7.18,CHEMBL284,Dipeptidyl peptidase 4,CCn1cnc2ccc(-c3ccc(Cl)cc3Cl)c(CN)c21,7.180456064458132,320.22300000000007,4.488700000000002,1,2
2122464,CHEMBL404544,IC50,=,630.0,nM,6.2,CHEMBL284,Dipeptidyl peptidase 4,NCc1c(-c2ccc(Cl)cc2Cl)ccc2nc[nH]c12,6.200659450546418,292.169,3.995400000000002,2,2
2122465,CHEMBL406201,IC50,=,790.0,nM,6.1,CHEMBL284,Dipeptidyl peptidase 4,Cn1cnc2ccc(-c3ccc(F)cc3F)c(CN)c21,6.102372908709558,273.286,2.9772000000000007,1,2
2122466,CHEMBL272771,IC50,=,320.0,nM,6.5,CHEMBL284,Dipeptidyl peptidase 4,Cn1cnc2ccc(-c3cc(F)ccc3Cl)c(CN)c21,6.494850021680094,289.74100000000004,3.491500000000001,1,2
2122467,CHEMBL255552,IC50,=,62.0,nM,7.21,CHEMBL284,Dipeptidyl peptidase 4,Cn1cnc2ccc(-c3ccc(Cl)cc3Cl)c(CN)c21,7.2076083105017466,306.1960000000001,4.0058000000000025,1,2
2122468,CHEMBL256625,IC50,=,98.0,nM,7.01,CHEMBL284,Dipeptidyl peptidase 4,Cc1ccccc1-c1ccc2ncn(C)c2c1CN,7.008773924307505,251.33299999999997,3.0074199999999998,1,2
2122469,CHEMBL256624,IC50,=,1600.0,nM,5.8,CHEMBL284,Dipeptidyl peptidase 4,Cn1cnc2ccc(-c3ccccc3O)c(CN)c21,5.795880017344075,253.30499999999998,2.4046,2,3
2122470,CHEMBL428065,IC50,=,2000.0,nM,5.7,CHEMBL284,Dipeptidyl peptidase 4,COc1ccccc1-c1ccc2ncn(C)c2c1CN,5.698970004336019,267.332,2.7075999999999993,1,3
2122471,CHEMBL256826,IC50,=,4000.0,nM,5.4,CHEMBL284,Dipeptidyl peptidase 4,Cn1cnc2ccc(-c3ccccc3C(N)=O)c(CN)c21,5.3979400086720375,280.331,1.7978999999999998,2,3
2122472,CHEMBL270365,IC50,=,63.0,nM,7.2,CHEMBL284,Dipeptidyl peptidase 4,Cn1cnc2ccc(-c3ccccc3Cl)c(CN)c21,7.200659450546418,271.75100000000003,3.352400000000001,1,2
2122473,CHEMBL256252,IC50,=,400.0,nM,6.4,CHEMBL284,Dipeptidyl peptidase 4,Cn1cnc2ccc(-c3ccccc3CO)c(CN)c21,6.3979400086720375,267.332,2.1912999999999996,2,3
2122474,CHEMBL403862,IC50,=,40000.0,nM,4.4,CHEMBL284,Dipeptidyl peptidase 4,Cn1cnc2c(CN)c(-c3ccccc3)ccc21,4.3979400086720375,237.30600000000004,2.6990000000000007,1,2
2122475,CHEMBL255769,IC50,=,1000.0,nM,6.0,CHEMBL284,Dipeptidyl peptidase 4,Cn1cnc2ccc(-c3ccccc3)c(CN)c21,6.0,237.30599999999998,2.699,1,2
2122476,CHEMBL255554,IC50,=,12000.0,nM,4.92,CHEMBL284,Dipeptidyl peptidase 4,NCc1c(-c2ccccc2)ccc2nc[nH]c12,4.920818753952375,223.279,2.6886,2,2
2130852,CHEMBL406219,IC50,=,51.0,nM,7.29,CHEMBL284,Dipeptidyl peptidase 4,CCN(CC#N)C(=O)[C@@H]1C[C@H](C(=O)NCc2ccccc2)[C@H](C)N1,7.292429823902063,328.416,1.0414799999999995,2,4
2130853,CHEMBL438547,IC50,=,11.0,nM,7.96,CHEMBL284,Dipeptidyl peptidase 4,CCN(CC#N)C(=O)[C@@H]1C[C@H](C(=O)N2Cc3ccccc3C2)[C@H](C)N1,7.958607314841775,340.4270000000001,1.2674799999999997,1,4
2130854,CHEMBL402466,IC50,=,24.0,nM,7.62,CHEMBL284,Dipeptidyl peptidase 4,CCN(CC#N)C(=O)[C@@H]1C[C@H](C(=O)N2CCOCC2)[C@H](C)N1,7.619788758288394,308.382,-0.41611999999999755,1,5
2130855,CHEMBL260509,IC50,=,17.0,nM,7.77,CHEMBL284,Dipeptidyl peptidase 4,CCN(CC#N)C(=O)[C@@H]1C[C@H](C(=O)N2CCCCC2)[C@H](C)N1,7.769551078621726,306.40999999999997,0.7375800000000001,1,4
2130856,CHEMBL260702,IC50,=,16.0,nM,7.8,CHEMBL284,Dipeptidyl peptidase 4,CCN(CC#N)C(=O)[C@@H]1C[C@H](C(=O)N2CCCC2)[C@H](C)N1,7.795880017344075,292.3829999999999,0.3474800000000005,1,4
2130857,CHEMBL260701,IC50,=,60.0,nM,7.22,CHEMBL284,Dipeptidyl peptidase 4,C#CCN(CC#N)C(=O)[C@@H]1C[C@H](C(=O)N(C)C)[C@H](C)N1,7.221848749616356,276.34,-0.5734199999999983,1,4
2130858,CHEMBL261460,IC50,=,56.0,nM,7.25,CHEMBL284,Dipeptidyl peptidase 4,C[C@@H]1N[C@H](C(=O)N(CC#N)C2CC2)C[C@@H]1C(=O)N(C)C,7.251811972993799,278.356,-0.04421999999999926,1,4
2130859,CHEMBL261462,IC50,=,41.0,nM,7.39,CHEMBL284,Dipeptidyl peptidase 4,C=CCN(CC#N)C(=O)[C@@H]1C[C@H](C(=O)N(C)C)[C@H](C)N1,7.3872161432802645,278.356,-0.020619999999998917,1,4
2130860,CHEMBL261463,IC50,=,600.0,nM,6.22,CHEMBL284,Dipeptidyl peptidase 4,CCCN(CC#N)C(=O)[C@@H]1C[C@H](C(=O)N(C)C)[C@H](C)N1,6.221848749616356,280.37199999999996,0.20338000000000084,1,4
2130861,CHEMBL407296,IC50,=,24.0,nM,7.62,CHEMBL284,Dipeptidyl peptidase 4,CCN(CC#N)C(=O)[C@@H]1C[C@H](C(=O)N(C)C)[C@H](C)N1,7.619788758288394,266.34499999999997,-0.18671999999999883,1,4
2130862,CHEMBL259198,IC50,=,25.0,nM,7.6,CHEMBL284,Dipeptidyl peptidase 4,C[C@@H]1N[C@H](C(=O)N(C)CC#N)C[C@@H]1C(=O)N(C)C,7.6020599913279625,252.31799999999998,-0.5768199999999988,1,4
2130863,CHEMBL407293,IC50,=,13000.0,nM,4.89,CHEMBL284,Dipeptidyl peptidase 4,C[C@@H]1N[C@H](C(=O)NCC#N)C[C@@H]1C(=O)N(C)C,4.886056647693163,238.29099999999997,-0.9190199999999991,2,4
2130864,CHEMBL430057,IC50,=,5.6,nM,8.25,CHEMBL284,Dipeptidyl peptidase 4,C[C@@H]1N[C@H](C(=O)N2CCC[C@H]2C#N)C[C@@H]1CC(=O)N(C)C,8.2518119729938,292.38300000000004,0.3458800000000004,1,4
2130865,CHEMBL409010,IC50,=,110.0,nM,6.96,CHEMBL284,Dipeptidyl peptidase 4,C[C@H]1N[C@H](C(=O)N2CCC[C@H]2C#N)C[C@H]1C(=O)N(C)C,6.958607314841775,278.35600000000005,-0.04421999999999926,1,4
2130866,CHEMBL260543,IC50,=,70.0,nM,7.16,CHEMBL284,Dipeptidyl peptidase 4,C[C@H]1N[C@H](C(=O)N2CCC[C@H]2C#N)C[C@@H]1C(=O)N(C)C,7.154901959985743,278.35600000000005,-0.04421999999999926,1,4
2130867,CHEMBL260198,IC50,=,1100.0,nM,5.96,CHEMBL284,Dipeptidyl peptidase 4,C[C@@H]1N[C@H](C(=O)N2CCC[C@H]2C#N)C[C@H]1C(=O)N(C)C,5.958607314841775,278.35600000000005,-0.04421999999999926,1,4
2130868,CHEMBL260197,IC50,=,16.0,nM,7.8,CHEMBL284,Dipeptidyl peptidase 4,CC[C@@H]1N[C@H](C(=O)N2CCC[C@H]2C#N)C[C@@H]1C(=O)N(C)C,7.795880017344075,292.383,0.34588000000000063,1,4
2171460,CHEMBL403553,IC50,=,1.0,nM,9.0,CHEMBL284,Dipeptidyl peptidase 4,CC#CCn1c(N2CCC[C@@H](N)C2)nc2cnn(Cc3nc(C)c4ccccc4n3)c(=O)c21,9.0,442.52700000000027,1.8437199999999994,1,7
2171463,CHEMBL403408,IC50,=,2.0,nM,8.7,CHEMBL284,Dipeptidyl peptidase 4,CC#CCn1c(NC[C@H](C)N)nc2cnn(Cc3nc(C)c4ccccc4n3)c(=O)c21,8.698970004336019,416.48900000000015,1.6753199999999995,2,7
2171464,CHEMBL257376,IC50,=,1.0,nM,9.0,CHEMBL284,Dipeptidyl peptidase 4,CC#CCn1c(NCCN)nc2cnn(Cc3nc(C)c4ccccc4n3)c(=O)c21,9.0,402.46200000000016,1.2868199999999996,2,7
2171465,CHEMBL257999,IC50,=,3.0,nM,8.52,CHEMBL284,Dipeptidyl peptidase 4,CC#CCn1c(N2CCCNCC2)nc2cnn(Cc3nc(C)c4ccccc4n3)c(=O)c21,8.522878745280337,442.52700000000027,1.7159199999999994,1,7
2171466,CHEMBL401971,IC50,=,5.0,nM,8.3,CHEMBL284,Dipeptidyl peptidase 4,CC#CCn1c(N2CCNCC2)nc2cnn(Cc3nc(C)c4ccccc4n3)c(=O)c21,8.301029995663981,428.50000000000017,1.3258199999999996,1,7
2171467,CHEMBL256969,IC50,=,4.0,nM,8.4,CHEMBL284,Dipeptidyl peptidase 4,CC#CCn1c(N2CCCC(N)C2)nc2cnn(Cc3nc4ccccc4o3)c(=O)c21,8.397940008672037,417.47300000000024,1.7332999999999996,1,7
2171468,CHEMBL404220,IC50,=,4.0,nM,8.4,CHEMBL284,Dipeptidyl peptidase 4,CC#CCn1c(N2CCCC(N)C2)nc2cnn(Cc3ccc(C#N)c4ccccc34)c(=O)c21,8.397940008672037,451.5340000000003,2.6169800000000008,1,6
2171469,CHEMBL256928,IC50,=,26.0,nM,7.58,CHEMBL284,Dipeptidyl peptidase 4,CC#CCn1c(N2CCCC(N)C2)nc2cnn(CC(=O)c3ccccc3)c(=O)c21,7.585026652029182,404.4740000000002,1.4266999999999996,1,6
2171470,CHEMBL401502,IC50,=,3.0,nM,8.52,CHEMBL284,Dipeptidyl peptidase 4,CC#CCn1c(N2CCC[C@@H](N)C2)nc2cnn(CC3=Nc4ccccc4Oc4ccccc43)c(=O)c21,8.522878745280337,493.5710000000003,3.470500000000002,1,7
2171471,CHEMBL256929,IC50,=,25.0,nM,7.6,CHEMBL284,Dipeptidyl peptidase 4,CC#CCn1c(N2CCC[C@H](N)C2)nc2cnn(CC3=Nc4ccccc4Oc4ccccc43)c(=O)c21,7.6020599913279625,493.5710000000003,3.470500000000002,1,7
2171472,CHEMBL256729,IC50,=,14.0,nM,7.85,CHEMBL284,Dipeptidyl peptidase 4,CC#CCn1c(N2CCCC(N)C2)nc2cnn(CC3=Nc4ccccc4Oc4ccccc43)c(=O)c21,7.853871964321762,493.5710000000003,3.470500000000002,1,7
2171473,CHEMBL256121,IC50,=,1.0,nM,9.0,CHEMBL284,Dipeptidyl peptidase 4,CC#CCn1c(N2CCC[C@@H](N)C2)nc2c(C)nn(Cc3nc(C)c4ccccc4n3)c(=O)c21,9.0,456.55400000000026,2.1521399999999993,1,7
2171474,CHEMBL255517,IC50,=,24.0,nM,7.62,CHEMBL284,Dipeptidyl peptidase 4,CC#CCn1c(C(=O)NCc2nc(C)cc3ccccc23)nnc1N1CCCC(N)C1,7.619788758288394,417.5170000000002,2.0155199999999995,2,6
2171475,CHEMBL402111,IC50,=,559.0,nM,6.25,CHEMBL284,Dipeptidyl peptidase 4,CC#CCn1c(N2CCCC(N)C2)nc(Br)c1C(=O)NCc1cccc2ccccc12,6.252588192113577,480.4100000000002,3.6796000000000015,2,4
2171476,CHEMBL402573,IC50,=,582.0,nM,6.24,CHEMBL284,Dipeptidyl peptidase 4,CC#CCn1c(N2CCCC(N)C2)nc(C#N)c1C(=O)NCc1cccc2ccccc12,6.235077015350112,426.5240000000001,2.788780000000001,2,5
2171477,CHEMBL257589,IC50,=,3059.0,nM,5.51,CHEMBL284,Dipeptidyl peptidase 4,CC#CCn1c(C(=O)N(C)Cc2cccc3ccccc23)cnc1N1CCCC(N)C1,5.514420523015321,415.5410000000003,3.2593000000000005,1,4
2171478,CHEMBL257795,IC50,=,99.0,nM,7.0,CHEMBL284,Dipeptidyl peptidase 4,CC#CCn1c(C(=O)NCc2nc(C)cc3ccccc23)cnc1N1CCCC(N)C1,7.00436480540245,416.5290000000002,2.62052,2,5
2171479,CHEMBL401972,IC50,=,107.0,nM,6.97,CHEMBL284,Dipeptidyl peptidase 4,CC#CCn1c(C(=O)NCc2cccc3ccccc23)cnc1N1CCCC(N)C1,6.97061622231479,401.51400000000024,2.9171000000000005,2,4
2171480,CHEMBL255862,IC50,=,19.0,nM,7.72,CHEMBL284,Dipeptidyl peptidase 4,CC#CCn1c(N2CCCC(N)C2)nc2c(OC)nn(Cc3nc(C)cc4ccccc34)c(=O)c21,7.721246399047171,471.5650000000002,2.45732,1,7
2171481,CHEMBL255864,IC50,=,52.0,nM,7.28,CHEMBL284,Dipeptidyl peptidase 4,CC#CCn1c(N2CCCC(N)C2)nc2c(OC)nn(Cc3cccc4ccccc34)c(=O)c21,7.2839966563652006,456.5500000000002,2.7539000000000007,1,6
2171482,CHEMBL255492,IC50,=,21.0,nM,7.68,CHEMBL284,Dipeptidyl peptidase 4,CC#CCn1c(N2CCCC(N)C2)nc2ccn(Cc3nc(C)cc4ccccc34)c(=O)c21,7.6777807052660805,440.5510000000003,3.053720000000001,1,5
2171483,CHEMBL255491,IC50,=,89.0,nM,7.05,CHEMBL284,Dipeptidyl peptidase 4,CC#CCn1c(N2CCCC(N)C2)nc2ccn(Cc3cccc4ccccc34)c(=O)c21,7.050609993355087,425.53600000000023,3.3503000000000016,1,4
2171484,CHEMBL255709,IC50,=,7.0,nM,8.15,CHEMBL284,Dipeptidyl peptidase 4,CC#CCn1c(N2CCCC(N)C2)nc2c(C)nn(Cc3nc(C)cc4ccccc34)c(=O)c21,8.154901959985743,455.56600000000026,2.7571400000000006,1,6
2171485,CHEMBL256521,IC50,=,5.0,nM,8.3,CHEMBL284,Dipeptidyl peptidase 4,CC#CCn1c(N2CCCC(N)C2)nc2cnn(Cc3nc(C)cc4ccccc34)c(=O)c21,8.301029995663981,441.53900000000027,2.44872,1,6
2171486,CHEMBL401709,IC50,=,13.0,nM,7.89,CHEMBL284,Dipeptidyl peptidase 4,CC#CCn1c(N2CCCC(N)C2)nc2cnn(Cc3cccc4ccccc34)c(=O)c21,7.886056647693163,426.5240000000002,2.7453000000000003,1,5
2171487,CHEMBL402819,IC50,=,2.0,nM,8.7,CHEMBL284,Dipeptidyl peptidase 4,CC#CCn1c(N2CCCC(N)C2)nc2c1c(=O)n(Cc1nc(C)cc3ccccc13)c(=O)n2C,8.698970004336019,471.5650000000002,1.7524199999999999,1,6
2171488,CHEMBL404326,IC50,=,15.0,nM,7.82,CHEMBL284,Dipeptidyl peptidase 4,CC#CCn1c(N2CCCC(N)C2)nc2c1c(=O)n(Cc1cccc3ccccc13)c(=O)n2C,7.823908740944319,456.5500000000002,2.049,1,5
2190133,CHEMBL469660,IC50,=,5.3,nM,8.28,CHEMBL284,Dipeptidyl peptidase 4,N#C[C@@H]1C[C@H](F)CN1C(=O)CNC1C2CC3CC1CC(O)(C3)C2,8.275724130399212,321.39600000000013,0.9781799999999992,2,4
2190134,CHEMBL454193,IC50,=,8.3,nM,8.08,CHEMBL284,Dipeptidyl peptidase 4,COC12CC3CC(CC(NCC(=O)N4C[C@@H](F)C[C@H]4C#N)(C3)C1)C2,8.080921907623926,335.4230000000001,1.7763799999999994,1,4
2190135,CHEMBL469659,IC50,=,3.1,nM,8.51,CHEMBL284,Dipeptidyl peptidase 4,N#C[C@@H]1C[C@H](F)CN1C(=O)CNC12CC3CC(CC(O)(C3)C1)C2,8.508638306165727,321.39600000000013,1.122279999999999,2,4
2190136,CHEMBL451937,IC50,=,3.1,nM,8.51,CHEMBL284,Dipeptidyl peptidase 4,N#C[C@@H]1C[C@H](F)CN1C(=O)CNC1C2CC3CC(C2)CC1C3,8.508638306165727,305.3970000000001,1.8632799999999994,1,3
2190137,CHEMBL511785,IC50,=,4.1,nM,8.39,CHEMBL284,Dipeptidyl peptidase 4,N#C[C@@H]1C[C@H](F)CN1C(=O)CNC12CC3CC(CC(C3)C1)C2,8.387216143280265,305.3970000000001,2.0073799999999995,1,3
2190138,CHEMBL470681,IC50,=,3.3,nM,8.48,CHEMBL284,Dipeptidyl peptidase 4,N#C[C@@H]1C[C@H](F)CN1C(=O)CNC1CCCCCCC1,8.481486060122112,281.375,2.1514799999999994,1,3
2190139,CHEMBL513725,IC50,=,3.3,nM,8.48,CHEMBL284,Dipeptidyl peptidase 4,N#C[C@@H]1C[C@H](F)CN1C(=O)CNC1(CO)CCCC1,8.481486060122112,269.32,0.34367999999999954,2,4
2190140,CHEMBL470477,IC50,=,2.6,nM,8.59,CHEMBL284,Dipeptidyl peptidase 4,N#C[C@@H]1C[C@H](F)CN1C(=O)CNC1CCCC1,8.585026652029182,239.29399999999995,0.9811799999999995,1,3
2190141,CHEMBL470476,IC50,=,3.1,nM,8.51,CHEMBL284,Dipeptidyl peptidase 4,N#C[C@@H]1C[C@H](F)CN1C(=O)CNC1CCC1,8.508638306165727,225.26699999999997,0.5910799999999996,1,3
2190142,CHEMBL470330,IC50,=,33.0,nM,7.48,CHEMBL284,Dipeptidyl peptidase 4,N#C[C@@H]1C[C@H](F)CN1C(=O)CNC1CC1,7.481486060122112,211.23999999999998,0.20097999999999977,1,3
2190143,CHEMBL472097,IC50,>,316.0,nM,,CHEMBL284,Dipeptidyl peptidase 4,C#CC(CC)(CC)NCC(=O)N1C[C@@H](F)C[C@H]1C#N,6.5003129173815966,265.33199999999994,1.2305799999999996,1,3
2190144,CHEMBL472096,IC50,=,4.6,nM,8.34,CHEMBL284,Dipeptidyl peptidase 4,CC(C)(CO)NCC(=O)N1C[C@@H](F)C[C@H]1C#N,8.337242168318426,243.28199999999998,-0.1905199999999998,2,4
2190145,CHEMBL1203962,IC50,=,13.0,nM,7.89,CHEMBL284,Dipeptidyl peptidase 4,COCC(C)(C)NCC(=O)N1C[C@@H](F)C[C@H]1C#N.Cl,7.886056647693163,293.7699999999999,0.8853800000000005,1,4
2190146,CHEMBL469452,IC50,=,8.7,nM,8.06,CHEMBL284,Dipeptidyl peptidase 4,CC(C)OCCCNCC(=O)N1C[C@@H](F)C[C@H]1C#N,8.060480747381382,271.336,0.85368,1,4
2190147,CHEMBL472102,IC50,=,7.8,nM,8.11,CHEMBL284,Dipeptidyl peptidase 4,CC(C)NCC(=O)N1C[C@@H](F)C[C@H]1C#N,8.10790539730952,213.25599999999997,0.4469799999999997,1,3
2190148,CHEMBL512726,IC50,=,2.9,nM,8.54,CHEMBL284,Dipeptidyl peptidase 4,CC(C)(C)NCC(=O)N1C[C@@H](F)C[C@H]1C#N,8.537602002101044,227.28299999999996,0.8370799999999996,1,3
2190149,CHEMBL472101,IC50,=,27.0,nM,7.57,CHEMBL284,Dipeptidyl peptidase 4,COc1ccc(CCNCC(=O)N2C[C@@H](F)C[C@H]2C#N)cc1OC,7.568636235841013,335.3790000000001,1.2984799999999994,1,5
2190150,CHEMBL508845,IC50,=,16.0,nM,7.8,CHEMBL284,Dipeptidyl peptidase 4,CC(C)(/C=C/c1ccccc1)NCC(=O)N1C[C@@H](F)C[C@H]1C#N,7.795880017344075,315.39200000000005,2.5305800000000005,1,3
2190151,CHEMBL472100,IC50,=,88.0,nM,7.06,CHEMBL284,Dipeptidyl peptidase 4,CC(C)(NCC(=O)N1C[C@@H](F)C[C@H]1C#N)c1cc2ccccc2o1,7.055517327849832,329.37500000000006,2.720080000000001,1,4
2190152,CHEMBL512890,IC50,=,12.0,nM,7.92,CHEMBL284,Dipeptidyl peptidase 4,CC(C)(NCC(=O)N1C[C@@H](F)C[C@H]1C#N)c1cccs1,7.920818753952375,295.383,2.03538,1,4
2190153,CHEMBL471089,IC50,=,8.6,nM,8.07,CHEMBL284,Dipeptidyl peptidase 4,CC(C)(NCC(=O)N1C[C@@H](F)C[C@H]1C#N)c1ccco1,8.065501548756432,279.315,1.5668799999999998,1,4
2190154,CHEMBL512694,IC50,=,22.0,nM,7.66,CHEMBL284,Dipeptidyl peptidase 4,CC(C)(NCC(=O)N1C[C@@H](F)C[C@H]1C#N)c1ccccn1,7.657577319177793,290.342,1.3688799999999997,1,4
2190155,CHEMBL471088,IC50,=,6.2,nM,8.21,CHEMBL284,Dipeptidyl peptidase 4,CC(C)(CN(Cc1ccc(C#N)cc1)C(=O)c1ccccc1)NCC(=O)N1C[C@@H](F)C[C@H]1C#N,8.207608310501746,461.54100000000017,3.031460000000002,1,5
2190156,CHEMBL470893,IC50,=,7.3,nM,8.14,CHEMBL284,Dipeptidyl peptidase 4,CC(C)CN(CC(C)(C)NCC(=O)N1C[C@@H](F)C[C@H]1C#N)C(=O)c1ccccc1,8.136677139879543,402.5140000000001,2.6155800000000005,1,4
2191775,CHEMBL511128,IC50,=,252.0,nM,6.6,CHEMBL284,Dipeptidyl peptidase 4,CCN(CC)CC(C)(C)NCC(=O)N1C[C@@H](F)C[C@H]1C#N,6.598599459218456,298.406,1.1589800000000006,1,4
2191776,CHEMBL485828,IC50,=,39.0,nM,7.41,CHEMBL284,Dipeptidyl peptidase 4,CC(C)(CNCc1ccc(C#N)cc1)NCC(=O)N1C[C@@H](F)C[C@H]1C#N,7.4089353929735005,357.4330000000001,1.4786599999999999,2,5
2191777,CHEMBL504237,IC50,>,316.0,nM,,CHEMBL284,Dipeptidyl peptidase 4,CC(C)CNCC(C)(C)NCC(=O)N1C[C@@H](F)C[C@H]1C#N,6.5003129173815966,298.406,1.0627800000000005,2,4
2191778,CHEMBL520854,IC50,=,31.0,nM,7.51,CHEMBL284,Dipeptidyl peptidase 4,CN(CC(C)(C)NCC(=O)N1C[C@@H](F)C[C@H]1C#N)S(=O)(=O)c1ccccc1,7.508638306165727,396.48800000000006,1.137880000000001,1,5
2191779,CHEMBL485827,IC50,=,75.0,nM,7.12,CHEMBL284,Dipeptidyl peptidase 4,CC(C)(CNS(=O)(=O)c1ccccc1)NCC(=O)N1C[C@@H](F)C[C@H]1C#N,7.1249387366083,382.4610000000001,0.7956799999999999,2,5
2191780,CHEMBL488810,IC50,=,109.0,nM,6.96,CHEMBL284,Dipeptidyl peptidase 4,CC(C)(CNC(=O)C(c1ccc(Cl)cc1)c1ccc(Cl)cc1)NCC(=O)N1C[C@@H](F)C[C@H]1C#N,6.962573502059376,505.4210000000002,4.072280000000004,2,4
2191781,CHEMBL487862,IC50,=,13.0,nM,7.89,CHEMBL284,Dipeptidyl peptidase 4,CC(C)(CNC(=O)C1(C)CCCCC1)NCC(=O)N1C[C@@H](F)C[C@H]1C#N,7.886056647693163,366.481,1.90378,2,4
2191782,CHEMBL487861,IC50,=,5.8,nM,8.24,CHEMBL284,Dipeptidyl peptidase 4,CC(C)(CNC(=O)C(C)(C)C)NCC(=O)N1C[C@@H](F)C[C@H]1C#N,8.236572006437063,326.41600000000005,0.9794800000000012,2,4
2191783,CHEMBL487860,IC50,=,1.5,nM,8.82,CHEMBL284,Dipeptidyl peptidase 4,CC(C)(CNC(=O)c1ccc2[nH]nnc2c1)NCC(=O)N1C[C@@H](F)C[C@H]1C#N,8.823908740944319,387.41900000000015,0.5184800000000012,3,6
2191784,CHEMBL519585,IC50,=,5.7,nM,8.24,CHEMBL284,Dipeptidyl peptidase 4,CC(C)(CNC(=O)c1ccc2[nH]cnc2c1)NCC(=O)N1C[C@@H](F)C[C@H]1C#N,8.244125144327509,386.43100000000015,1.12348,3,5
2191785,CHEMBL488036,IC50,=,2.9,nM,8.54,CHEMBL284,Dipeptidyl peptidase 4,CC(C)(CNC(=O)c1ccc2c(c1)CCO2)NCC(=O)N1C[C@@H](F)C[C@H]1C#N,8.537602002101044,388.4430000000001,1.1820800000000002,2,5
2191786,CHEMBL488419,IC50,=,5.4,nM,8.27,CHEMBL284,Dipeptidyl peptidase 4,CC(C)(CNC(=O)c1cccs1)NCC(=O)N1C[C@@H](F)C[C@H]1C#N,8.267606240177031,352.4350000000001,1.3086800000000003,2,5
2191787,CHEMBL488418,IC50,=,4.5,nM,8.35,CHEMBL284,Dipeptidyl peptidase 4,CC(C)(CNC(=O)c1ccccc1)NCC(=O)N1C[C@@H](F)C[C@H]1C#N,8.346787486224656,346.4060000000001,1.24718,2,4
2191788,CHEMBL487681,IC50,=,8.2,nM,8.09,CHEMBL284,Dipeptidyl peptidase 4,CC(C)(CNC(=O)c1ccccn1)NCC(=O)N1C[C@@H](F)C[C@H]1C#N,8.086186147616283,347.3940000000001,0.6421800000000002,2,5
2191789,CHEMBL521224,IC50,=,2.4,nM,8.62,CHEMBL284,Dipeptidyl peptidase 4,N#C[C@@H]1C[C@H](F)CN1C(=O)CNCCNc1ccc(C(N)=O)cn1,8.619788758288394,334.3550000000001,-0.35541999999999846,3,6
2191790,CHEMBL500008,IC50,=,2.7,nM,8.57,CHEMBL284,Dipeptidyl peptidase 4,N#C[C@@H]1C[C@H](F)CN1C(=O)CNCCNc1ccc(Cl)cn1,8.568636235841012,325.77500000000003,1.19908,2,5
2191791,CHEMBL487680,IC50,=,2.8,nM,8.55,CHEMBL284,Dipeptidyl peptidase 4,N#C[C@@H]1C[C@H](F)CN1C(=O)CNCCNc1ccccn1,8.55284196865778,291.33,0.5456799999999997,2,5
2191792,CHEMBL1744354,IC50,=,1.1,nM,8.96,CHEMBL284,Dipeptidyl peptidase 4,N#Cc1ccc(NCCNCC(=O)N2C[C@@H](F)C[C@H]2C#N)nc1.O=C(O)/C=C\C(=O)O,8.958607314841775,432.4120000000001,0.12916000000000072,4,8
2238086,CHEMBL488022,IC50,=,510.0,nM,6.29,CHEMBL284,Dipeptidyl peptidase 4,Cl.N[C@@H](CC(=O)N1N=CCC1C(=O)Nc1ccc(OCC(=O)O)cc1)Cc1cc(F)c(F)cc1F,6.292429823902063,514.8880000000003,2.4744,3,6
2238087,CHEMBL488027,IC50,=,4300.0,nM,5.37,CHEMBL284,Dipeptidyl peptidase 4,Cl.N[C@@H](CC(=O)N1N=CCC1C(=O)Nc1cccc(OCC(=O)O)c1)Cc1cc(F)c(F)cc1F,5.366531544420414,514.8880000000003,2.4744,3,6
2238088,CHEMBL488713,IC50,=,8500.0,nM,5.07,CHEMBL284,Dipeptidyl peptidase 4,Cl.N[C@@H](CC(=O)N1N=CCC1C(=O)Nc1ccccc1OCC(=O)O)Cc1cc(F)c(F)cc1F,5.070581074285707,514.8880000000003,2.4744,3,6
2238089,CHEMBL488714,IC50,=,2700.0,nM,5.57,CHEMBL284,Dipeptidyl peptidase 4,CC(C)[C@H](Oc1ccc(NC(=O)C2CC=NN2C(=O)C[C@H](N)Cc2cc(F)c(F)cc2F)cc1)C(=O)O.Cl,5.568636235841013,556.9690000000003,3.499000000000002,3,6
2238090,CHEMBL528328,IC50,=,2200.0,nM,5.66,CHEMBL284,Dipeptidyl peptidase 4,CC(C)[C@@H](Oc1ccc(NC(=O)C2CC=NN2C(=O)C[C@H](N)Cc2cc(F)c(F)cc2F)cc1)C(=O)O.Cl,5.657577319177793,556.9690000000003,3.499000000000002,3,6
2238091,CHEMBL452836,IC50,=,1400.0,nM,5.85,CHEMBL284,Dipeptidyl peptidase 4,Cl.N[C@@H](CC(=O)N1N=CCC1C(=O)O)Cc1cc(F)c(F)cc1F,5.853871964321762,365.73900000000003,1.4569,2,4
2238092,CHEMBL488909,IC50,=,2800.0,nM,5.55,CHEMBL284,Dipeptidyl peptidase 4,Cl.N[C@@H](CC(=O)N1N=CCC1C(=O)NCc1cccc(OCC(=O)O)c1)Cc1cc(F)c(F)cc1F,5.552841968657781,528.9150000000003,2.1521,3,6
2238093,CHEMBL488908,IC50,=,2500.0,nM,5.6,CHEMBL284,Dipeptidyl peptidase 4,Cl.N[C@@H](CC(=O)N1N=CCC1C(=O)NCc1ccc(OCC(=O)O)cc1)Cc1cc(F)c(F)cc1F,5.6020599913279625,528.9150000000003,2.1521,3,6
2238094,CHEMBL488056,IC50,=,5900.0,nM,5.23,CHEMBL284,Dipeptidyl peptidase 4,Cl.N[C@@H](CC(=O)N1N=CCC1C(=O)Nc1ccc(C(=O)O)cc1)Cc1cc(F)c(F)cc1F,5.229147988357856,484.8620000000002,2.7092,3,5
2238095,CHEMBL470118,IC50,=,1400.0,nM,5.85,CHEMBL284,Dipeptidyl peptidase 4,Cl.N[C@@H](CC(=O)N1N=CCC1C(=O)NCc1ccc(C(=O)O)cc1)Cc1cc(F)c(F)cc1F,5.853871964321762,498.8890000000002,2.3869000000000007,3,5
2238097,CHEMBL479536,IC50,=,3600.0,nM,5.44,CHEMBL284,Dipeptidyl peptidase 4,CCOC(=O)[C@H](Oc1ccc(NC(=O)C2CC=NN2C(=O)C[C@H](N)Cc2cc(F)c(F)cc2F)cc1)C(C)C.Cl,5.443697499232712,585.0230000000003,3.977500000000003,2,7
2238098,CHEMBL516747,IC50,=,2600.0,nM,5.58,CHEMBL284,Dipeptidyl peptidase 4,CCOC(=O)[C@@H](Oc1ccc(NC(=O)C2CC=NN2C(=O)C[C@H](N)Cc2cc(F)c(F)cc2F)cc1)C(C)C.Cl,5.585026652029182,585.0230000000003,3.977500000000003,2,7
2238099,CHEMBL512013,IC50,=,4800.0,nM,5.32,CHEMBL284,Dipeptidyl peptidase 4,CCOC(=O)COc1ccccc1NC(=O)C1CC=NN1C(=O)C[C@H](N)Cc1cc(F)c(F)cc1F.Cl,5.318758762624412,542.9420000000002,2.9529,2,7
2238100,CHEMBL472200,IC50,=,1900.0,nM,5.72,CHEMBL284,Dipeptidyl peptidase 4,CCOC(=O)COc1cccc(NC(=O)C2CC=NN2C(=O)C[C@H](N)Cc2cc(F)c(F)cc2F)c1.Cl,5.721246399047171,542.9420000000002,2.952900000000001,2,7
2238101,CHEMBL472199,IC50,=,690.0,nM,6.16,CHEMBL284,Dipeptidyl peptidase 4,CCOC(=O)COc1ccc(NC(=O)C2CC=NN2C(=O)C[C@H](N)Cc2cc(F)c(F)cc2F)cc1.Cl,6.161150909262744,542.9420000000002,2.952900000000001,2,7
2238102,CHEMBL472381,IC50,=,8900.0,nM,5.05,CHEMBL284,Dipeptidyl peptidase 4,Cl.N[C@@H](CC(=O)N1N=CCC1C(=O)Nc1ccc(S(=O)(=O)O)cc1)Cc1cc(F)c(F)cc1F,5.050609993355087,520.9170000000003,2.2577000000000007,3,6
2238103,CHEMBL471515,IC50,=,9100.0,nM,5.04,CHEMBL284,Dipeptidyl peptidase 4,Cl.N[C@@H](CC(=O)N1N=CCC1C(=O)Nc1ccc(S(N)(=O)=O)cc1)Cc1cc(F)c(F)cc1F,5.040958607678906,519.9330000000002,1.6584000000000003,3,6
2238104,CHEMBL471343,IC50,=,1600.0,nM,5.8,CHEMBL284,Dipeptidyl peptidase 4,Cl.N[C@@H](CC(=O)N1N=CCC1C(=O)Nc1ccc(N2CCOCC2)cc1)Cc1cc(F)c(F)cc1F,5.795880017344075,525.9590000000004,2.8476000000000017,2,6
2238105,CHEMBL518296,IC50,=,2000.0,nM,5.7,CHEMBL284,Dipeptidyl peptidase 4,CCOC(=O)COc1cccc(CNC(=O)C2CC=NN2C(=O)C[C@H](N)Cc2cc(F)c(F)cc2F)c1.Cl,5.698970004336019,556.9690000000003,2.6306000000000007,2,7
2238106,CHEMBL456885,IC50,=,2100.0,nM,5.68,CHEMBL284,Dipeptidyl peptidase 4,CCOC(=O)COc1ccc(CNC(=O)C2CC=NN2C(=O)C[C@H](N)Cc2cc(F)c(F)cc2F)cc1.Cl,5.6777807052660805,556.9690000000003,2.6306000000000007,2,7
2238107,CHEMBL459881,IC50,=,3100.0,nM,5.51,CHEMBL284,Dipeptidyl peptidase 4,Cl.N[C@@H](CC(=O)N1N=CCC1C(=O)NCc1ccc(S(N)(=O)=O)cc1)Cc1cc(F)c(F)cc1F,5.508638306165727,533.9600000000003,1.3361000000000005,3,6
2238108,CHEMBL518629,IC50,=,1300.0,nM,5.89,CHEMBL284,Dipeptidyl peptidase 4,Cl.Nc1ccc(CNC(=O)C2CC=NN2C(=O)C[C@H](N)Cc2cc(F)c(F)cc2F)cc1,5.886056647693163,469.89500000000015,2.2709,3,5
2238109,CHEMBL462564,IC50,=,3700.0,nM,5.43,CHEMBL284,Dipeptidyl peptidase 4,Cl.N[C@@H](CC(=O)N1N=CCC1C(=O)NCc1nc2ccccc2[nH]1)Cc1cc(F)c(F)cc1F,5.431798275933005,494.90500000000014,2.5650000000000004,3,5
2238110,CHEMBL461112,IC50,=,7400.0,nM,5.13,CHEMBL284,Dipeptidyl peptidase 4,Cl.N[C@@H](CC(=O)N1N=CCC1C(=O)NCc1ccccn1)Cc1cc(F)c(F)cc1F,5.130768280269024,455.8680000000001,2.0837000000000003,2,5
2238111,CHEMBL460951,IC50,=,770.0,nM,6.11,CHEMBL284,Dipeptidyl peptidase 4,CCOC(=O)c1ccc(NC(=O)C2CC=NN2C(=O)C[C@H](N)Cc2cc(F)c(F)cc2F)cc1.Cl,6.113509274827518,512.9160000000003,3.187700000000001,2,6
2238112,CHEMBL459883,IC50,=,1600.0,nM,5.8,CHEMBL284,Dipeptidyl peptidase 4,Cl.N[C@@H](CC(=O)N1N=CCC1C(=O)Nc1ccccc1)Cc1cc(F)c(F)cc1F,5.795880017344075,440.8530000000001,3.011000000000001,2,4
2238113,CHEMBL459882,IC50,=,3000.0,nM,5.52,CHEMBL284,Dipeptidyl peptidase 4,COC(=O)c1ccc(CNC(=O)C2CC=NN2C(=O)C[C@H](N)Cc2cc(F)c(F)cc2F)cc1.Cl,5.522878745280337,512.9160000000003,2.4753000000000003,2,6
2238114,CHEMBL461129,IC50,=,1600.0,nM,5.8,CHEMBL284,Dipeptidyl peptidase 4,Cl.N[C@@H](CC(=O)N1N=CCC1C(=O)NCc1ccccc1)Cc1cc(F)c(F)cc1F,5.795880017344075,454.8800000000001,2.6887000000000008,2,4
2238115,CHEMBL511872,IC50,=,5600.0,nM,5.25,CHEMBL284,Dipeptidyl peptidase 4,Cl.NC(=O)C1CC=NN1C(=O)C[C@H](N)Cc1cc(F)c(F)cc1F,5.251811972993799,364.755,0.8576,2,4
2238116,CHEMBL460950,IC50,=,1900.0,nM,5.72,CHEMBL284,Dipeptidyl peptidase 4,COC(=O)Cc1ccc(OC(=O)C2CC=NN2C(=O)C[C@H](N)Cc2cc(F)c(F)cc2F)cc1.Cl,5.721246399047171,513.9000000000002,2.693400000000001,1,7
2238117,CHEMBL460949,IC50,=,1600.0,nM,5.8,CHEMBL284,Dipeptidyl peptidase 4,CCOC(=O)c1ccc(OC(=O)C2CC=NN2C(=O)C[C@H](N)Cc2cc(F)c(F)cc2F)cc1.Cl,5.795880017344075,513.9000000000002,3.1546000000000016,1,7
2238118,CHEMBL452327,IC50,=,2200.0,nM,5.66,CHEMBL284,Dipeptidyl peptidase 4,Cl.N[C@@H](CC(=O)N1N=CCC1C(=O)Oc1ccccc1)Cc1cc(F)c(F)cc1F,5.657577319177793,441.8370000000001,2.977900000000001,1,5
2238119,CHEMBL452326,IC50,=,2700.0,nM,5.57,CHEMBL284,Dipeptidyl peptidase 4,COC(=O)c1ccc(COC(=O)C2CC=NN2C(=O)C[C@H](N)Cc2cc(F)c(F)cc2F)cc1.Cl,5.568636235841013,513.9000000000002,2.9023000000000008,1,7
2238120,CHEMBL510797,IC50,=,710.0,nM,6.15,CHEMBL284,Dipeptidyl peptidase 4,Cl.N[C@@H](CC(=O)N1N=CCC1C(=O)OCc1ccccc1)Cc1cc(F)c(F)cc1F,6.1487416512809245,455.8640000000001,3.1157000000000012,1,5
2252397,CHEMBL525183,IC50,=,370.0,nM,6.43,CHEMBL284,Dipeptidyl peptidase 4,NCc1c(N)nc2ccccc2c1-c1ccc(Cl)cc1Cl,6.431798275933005,318.207,4.249500000000001,2,3
2252399,CHEMBL498167,IC50,=,250.0,nM,6.6,CHEMBL284,Dipeptidyl peptidase 4,CC(C)Cn1c(CN)c(-c2ccccc2)c2ccccc2c1=O,6.6020599913279625,306.4090000000001,3.7832000000000026,1,2
2252400,CHEMBL443250,IC50,=,170.0,nM,6.77,CHEMBL284,Dipeptidyl peptidase 4,N[C@H](C(=O)N1CCC(F)C1)C1CCCCC1,6.769551078621726,228.31099999999992,1.4643999999999993,1,2
2252401,CHEMBL380860,IC50,=,110.0,nM,6.96,CHEMBL284,Dipeptidyl peptidase 4,N[C@H](C(=O)N1CC(F)(F)C(F)(F)C1)C1CCCCC1,6.958607314841775,282.281,2.0068,1,2
2252403,CHEMBL451319,IC50,=,69.0,nM,7.16,CHEMBL284,Dipeptidyl peptidase 4,Cc1cc2ccccc2n1C[C@H](C)NCC(=O)N1CCC[C@H]1C#N,7.161150909262744,324.42800000000005,2.4424,1,3
2252404,CHEMBL496131,IC50,=,43.0,nM,7.37,CHEMBL284,Dipeptidyl peptidase 4,Cc1nc2c(s1)CC([C@H](N)C(=O)N1CC[C@H](F)C1)CC2,7.366531544420414,297.39900000000006,1.4541199999999999,1,4
2252405,CHEMBL495932,IC50,=,25.0,nM,7.6,CHEMBL284,Dipeptidyl peptidase 4,N[C@H]1CCCCN(P(N)(=O)NS(=O)(=O)O)C1=O,7.6020599913279625,286.25000000000006,-1.214599999999999,4,5
2252407,CHEMBL504823,IC50,=,21.0,nM,7.68,CHEMBL284,Dipeptidyl peptidase 4,N[C@H]1CCCN([P@@](N)(=O)NS(=O)(=O)O)C1=O,7.6777807052660805,272.22300000000007,-1.6046999999999993,4,5
2252409,CHEMBL507254,IC50,=,12.0,nM,7.92,CHEMBL284,Dipeptidyl peptidase 4,N#CC1CCCN1C(=O)C(N)C1CCCCC1,7.920818753952375,235.33099999999996,1.408579999999999,1,3
2252410,CHEMBL497993,IC50,=,11.0,nM,7.96,CHEMBL284,Dipeptidyl peptidase 4,N[C@H]1CCN(P(N)(N)=O)C1=O,7.958607314841775,178.13199999999998,-1.4284999999999997,3,3
2252411,CHEMBL324777,IC50,=,9.0,nM,8.05,CHEMBL284,Dipeptidyl peptidase 4,COCCN(C)c1nc(N)c(CN)c(-c2ccc(Cl)cc2Cl)n1,8.045757490560675,356.257,2.573900000000001,2,6
2252413,CHEMBL509777,IC50,=,390000.0,nM,,CHEMBL284,Dipeptidyl peptidase 4,N#C[C@@H]1CCCN1C(=O)CN1CCc2ccccc2C1,3.408935392973501,269.348,1.5592799999999998,0,3
2252415,CHEMBL523066,IC50,=,180000.0,nM,,CHEMBL284,Dipeptidyl peptidase 4,N#C[C@@H]1CCCN1C(=O)N[C@@H](CN)C1CCCCC1,3.744727494896694,264.373,1.5915799999999996,2,3
2252416,CHEMBL496953,IC50,=,50000.0,nM,4.3,CHEMBL284,Dipeptidyl peptidase 4,N[C@@H](COc1cc(F)cc(F)c1)Cc1cc2ccccc2[nH]1,4.301029995663981,302.32399999999996,3.3949000000000016,2,2
2252417,CHEMBL497782,IC50,=,13000.0,nM,4.89,CHEMBL284,Dipeptidyl peptidase 4,N#C[C@@H]1Cc2ccccc2CN1C(=O)[C@@H](N)Cc1cc2ccccc2[nH]1,4.886056647693163,344.418,2.51478,2,3
2252418,CHEMBL522911,IC50,=,12000.0,nM,4.92,CHEMBL284,Dipeptidyl peptidase 4,N#C[C@@H]1CCCN1C(=O)N[C@H](CN)C1CCCCC1,4.920818753952375,264.373,1.5915799999999996,2,3
2252420,CHEMBL527015,IC50,=,45.0,nM,7.35,CHEMBL284,Dipeptidyl peptidase 4,N#C[C@@H]1CCCN1C(=O)/C(N)=C/C(=O)N1Cc2ccccc2C1,7.346787486224656,310.3570000000001,0.8859799999999997,1,4
2252421,CHEMBL522909,IC50,=,21.0,nM,7.68,CHEMBL284,Dipeptidyl peptidase 4,C=CCN(CC=C)C(=O)n1cnc(S(=O)(=O)C2CC3CCC2C3)n1,7.6777807052660805,350.4440000000002,1.8824999999999998,0,5
2258951,CHEMBL513764,IC50,=,7800.0,nM,5.11,CHEMBL284,Dipeptidyl peptidase 4,CC1(NC(=O)C[C@H](N)Cc2ccccc2F)CCN(Cc2ccccc2)CC1,5.107905397309519,383.51100000000014,3.2565000000000017,2,3
2258952,CHEMBL471633,IC50,=,1000.0,nM,6.0,CHEMBL284,Dipeptidyl peptidase 4,N[C@@H](CC(=O)NC1(c2ccccc2)CCN(Cc2ccccc2)CC1)Cc1ccccc1F,6.0,445.58200000000016,4.3933000000000035,2,3
2258953,CHEMBL471841,IC50,=,2200.0,nM,5.66,CHEMBL284,Dipeptidyl peptidase 4,N[C@@H](CC(=O)NC1(Cc2ccccc2)CCN(Cc2ccccc2)CC1)Cc1ccccc1F,5.657577319177793,459.6090000000002,4.479300000000004,2,3
2258954,CHEMBL471842,IC50,=,870.0,nM,6.06,CHEMBL284,Dipeptidyl peptidase 4,CN1CCC(NC(=O)C[C@H](N)Cc2ccccc2F)(c2ccccc2)CC1,6.060480747381382,369.48400000000015,2.8229000000000015,2,3
2258955,CHEMBL470170,IC50,=,2500.0,nM,5.6,CHEMBL284,Dipeptidyl peptidase 4,N[C@@H](CC(=O)NC1(c2ccccc2)CCOCC1)Cc1ccccc1F,5.6020599913279625,356.44100000000003,2.907700000000001,2,3
2258956,CHEMBL470171,IC50,=,3300.0,nM,5.48,CHEMBL284,Dipeptidyl peptidase 4,N[C@@H](CC(=O)NC1(c2ccccc2)CCSCC1)Cc1ccccc1F,5.481486060122113,372.5090000000001,3.6243000000000025,2,3
2258957,CHEMBL512145,IC50,=,570.0,nM,6.24,CHEMBL284,Dipeptidyl peptidase 4,N[C@@H](CC(=O)NC1(c2ccccc2)CCS(=O)(=O)CC1)Cc1ccccc1F,6.2441251443275085,404.5070000000002,2.3058999999999994,2,4
2258958,CHEMBL469325,IC50,=,470.0,nM,6.33,CHEMBL284,Dipeptidyl peptidase 4,N[C@@H](CC(=O)NC1(c2ccccn2)CCS(=O)(=O)CC1)Cc1ccccc1F,6.327902142064283,405.4950000000002,1.7009,2,5
2258959,CHEMBL469538,IC50,=,190.0,nM,6.72,CHEMBL284,Dipeptidyl peptidase 4,N[C@@H](CC(=O)NC1(c2nccs2)CCS(=O)(=O)CC1)Cc1ccccc1F,6.721246399047171,411.5240000000002,1.7623999999999997,2,6
2258960,CHEMBL512718,IC50,=,64.0,nM,7.19,CHEMBL284,Dipeptidyl peptidase 4,N[C@@H](CC(=O)NC1(c2nc3ccccc3s2)CCS(=O)(=O)CC1)Cc1ccccc1F,7.1938200260161125,461.5840000000003,2.9156000000000013,2,6
2258961,CHEMBL472027,IC50,=,13.0,nM,7.89,CHEMBL284,Dipeptidyl peptidase 4,N[C@@H](CC(=O)NC1(c2nc3ccccc3s2)CCS(=O)(=O)CC1)Cc1cc(F)c(F)cc1F,7.886056647693163,497.5640000000003,3.1938000000000013,2,6
2258962,CHEMBL512709,IC50,=,12.0,nM,7.92,CHEMBL284,Dipeptidyl peptidase 4,COc1ccc2nc(C3(NC(=O)C[C@H](N)Cc4ccccc4F)CCS(=O)(=O)CC3)sc2c1,7.920818753952375,491.61000000000024,2.9242000000000017,2,7
2258963,CHEMBL470356,IC50,=,2.7,nM,8.57,CHEMBL284,Dipeptidyl peptidase 4,COc1ccc2nc(C3(NC(=O)C[C@H](N)Cc4cc(F)c(F)cc4F)CCS(=O)(=O)CC3)sc2c1,8.568636235841012,527.5900000000003,3.2024000000000017,2,7
2258964,CHEMBL470357,IC50,=,3.3,nM,8.48,CHEMBL284,Dipeptidyl peptidase 4,COc1ccc2sc(C3(NC(=O)C[C@H](N)Cc4cc(F)c(F)cc4F)CCS(=O)(=O)CC3)nc2c1,8.481486060122112,527.5900000000003,3.2024000000000017,2,7
2258965,CHEMBL513543,IC50,=,270.0,nM,6.57,CHEMBL284,Dipeptidyl peptidase 4,COc1cccc2sc(C3(NC(=O)C[C@H](N)Cc4ccccc4F)CCS(=O)(=O)CC3)nc12,6.568636235841013,491.61000000000024,2.9242000000000017,2,7
2258966,CHEMBL469730,IC50,=,35.0,nM,7.46,CHEMBL284,Dipeptidyl peptidase 4,N[C@@H](CC(=O)NC1(c2nc3ccc(Cl)cc3s2)CCS(=O)(=O)CC1)Cc1ccccc1F,7.455931955649724,496.02900000000034,3.5690000000000026,2,6
2258967,CHEMBL469521,IC50,=,130.0,nM,6.89,CHEMBL284,Dipeptidyl peptidase 4,N[C@@H](CC(=O)NC1(c2nc3c(Cl)cccc3s2)CCS(=O)(=O)CC1)Cc1ccccc1F,6.886056647693163,496.02900000000034,3.5690000000000026,2,6
2258968,CHEMBL469522,IC50,=,70.0,nM,7.16,CHEMBL284,Dipeptidyl peptidase 4,Cc1ccc2nc(C3(NC(=O)C[C@H](N)Cc4ccccc4F)CCS(=O)(=O)CC3)sc2c1,7.154901959985743,475.6110000000003,3.224020000000001,2,6
2258969,CHEMBL469740,IC50,=,350.0,nM,6.46,CHEMBL284,Dipeptidyl peptidase 4,Cc1cccc2sc(C3(NC(=O)C[C@H](N)Cc4ccccc4F)CCS(=O)(=O)CC3)nc12,6.455931955649724,475.6110000000003,3.224020000000002,2,6
2258970,CHEMBL471834,IC50,=,1.0,nM,9.0,CHEMBL284,Dipeptidyl peptidase 4,COCCOc1ccc2nc(C3(NC(=O)C[C@H](N)Cc4cc(F)c(F)cc4F)CCS(=O)(=O)CC3)sc2c1,9.0,571.6430000000001,3.219000000000001,2,8
2258971,CHEMBL470164,IC50,=,3.6,nM,8.44,CHEMBL284,Dipeptidyl peptidase 4,COCCOc1ccc2nc(C3(NC(=O)C[C@H](N)Cc4cc(F)c(F)cc4F)CCOCC3)sc2c1,8.443697499232712,523.5770000000003,3.820800000000002,2,7
2258972,CHEMBL512651,IC50,=,0.64,nM,9.19,CHEMBL284,Dipeptidyl peptidase 4,COCCOc1ccc2nc(C3(NC(=O)C[C@H](N)Cc4cc(Cl)ccc4F)CCS(=O)(=O)CC3)sc2c1,9.193820026016112,570.1080000000003,3.5942000000000025,2,8
2258973,CHEMBL469317,IC50,=,1.9,nM,8.72,CHEMBL284,Dipeptidyl peptidase 4,COCCOc1ccc2nc(C3(NC(=O)C[C@H](N)Cc4cc(Cl)ccc4F)CCOCC3)sc2c1,8.721246399047171,522.0420000000004,4.196000000000002,2,7
2258974,CHEMBL504021,IC50,=,0.79,nM,9.1,CHEMBL284,Dipeptidyl peptidase 4,N[C@@H](CC(=O)NC1(c2nc3ccc(OCCN4CCOCC4)cc3s2)CCS(=O)(=O)CC1)Cc1cc(F)c(F)cc1F,9.102372908709558,626.7230000000005,2.9048000000000016,2,9
2275011,CHEMBL522002,IC50,=,298.0,nM,6.53,CHEMBL284,Dipeptidyl peptidase 4,N#C[C@@H]1CCCN1C(=O)[C@@H](N)CC(=O)N1Cc2ccccc2C1,6.525783735923745,312.37300000000005,0.7607799999999996,1,4
2275015,CHEMBL493544,IC50,=,10.0,nM,8.0,CHEMBL284,Dipeptidyl peptidase 4,N#C[C@@H]1CCCN1C(=O)[C@@H](N)CCCC(=O)N1Cc2ccccc2C1,8.0,340.4270000000001,1.540979999999999,1,4
2275019,CHEMBL493760,IC50,=,1600.0,nM,5.8,CHEMBL284,Dipeptidyl peptidase 4,N[C@@H](CCC(=O)N1Cc2ccccc2C1)C(=O)N1CCSC1,5.795880017344075,319.4300000000001,1.1691999999999998,1,4
2275023,CHEMBL475662,IC50,=,8.0,nM,8.1,CHEMBL284,Dipeptidyl peptidase 4,C[C@H](CC(=O)N1CCn2c(nnc2C(F)(F)F)C1)[C@H](N)C(=O)N1CCC[C@H]1C#N.O=C(O)C(F)(F)F,8.096910013008056,527.4260000000004,1.1404800000000006,2,7
2275028,CHEMBL474002,IC50,=,31.0,nM,7.51,CHEMBL284,Dipeptidyl peptidase 4,CC[C@H](CC(=O)N1CCn2c(nnc2C(F)(F)F)C1)[C@H](N)C(=O)N1CCC[C@H]1C#N.O=C(O)C(F)(F)F,7.508638306165727,541.4530000000004,1.5305800000000007,2,7
2275033,CHEMBL474003,IC50,=,12.0,nM,7.92,CHEMBL284,Dipeptidyl peptidase 4,CC(C)(CC(=O)N1CCn2c(nnc2C(F)(F)F)C1)[C@H](N)C(=O)N1CCC[C@H]1C#N.O=C(O)C(F)(F)F,7.920818753952375,541.4530000000004,1.5305800000000007,2,7
2275038,CHEMBL475169,IC50,=,31.0,nM,7.51,CHEMBL284,Dipeptidyl peptidase 4,CC(C)(CC(=O)N1CCn2nc(C(F)(F)F)nc2C1)[C@H](N)C(=O)N1CCC[C@H]1C#N.O=C(O)C(F)(F)F,7.508638306165727,541.4530000000004,1.5305800000000007,2,7
2275043,CHEMBL475863,IC50,=,12.0,nM,7.92,CHEMBL284,Dipeptidyl peptidase 4,CC(C)(CC(=O)N1Cc2ccccc2C1)[C@H](N)C(=O)N1CCC[C@H]1C#N.O=C(O)C(F)(F)F,7.920818753952375,468.4760000000002,2.4202799999999995,2,5
2275048,CHEMBL474025,IC50,=,16.0,nM,7.8,CHEMBL284,Dipeptidyl peptidase 4,CC(C)(CC(=O)N1CCc2ccccc2C1)[C@H](N)C(=O)N1CCC[C@H]1C#N.O=C(O)C(F)(F)F,7.795880017344075,482.50300000000027,2.4627799999999995,2,5
2275053,CHEMBL514006,IC50,=,25.0,nM,7.6,CHEMBL284,Dipeptidyl peptidase 4,CC(C)(CC(=O)N1CCc2ccsc2C1)[C@H](N)C(=O)N1CCC[C@H]1C#N.O=C(O)C(F)(F)F,7.6020599913279625,488.53200000000027,2.52428,2,6
2275058,CHEMBL475870,IC50,=,14.0,nM,7.85,CHEMBL284,Dipeptidyl peptidase 4,COC[C@@H]1CCCN1C(=O)CC(C)(C)[C@H](N)C(=O)N1CCC[C@H]1C#N.O=C(O)C(F)(F)F,7.853871964321762,464.4850000000002,1.5152800000000008,2,6
2275063,CHEMBL514317,IC50,=,13.0,nM,7.89,CHEMBL284,Dipeptidyl peptidase 4,C[C@@H]1CCCN1C(=O)CC(C)(C)[C@H](N)C(=O)N1CCC[C@H]1C#N.O=C(O)C(F)(F)F,7.886056647693163,434.4590000000001,1.8887800000000006,2,5
2275068,CHEMBL493543,IC50,=,2.0,nM,8.7,CHEMBL284,Dipeptidyl peptidase 4,N#C[C@@H]1CCCN1C(=O)[C@@H](N)CCC(=O)N1Cc2ccccc2C1,8.698970004336019,326.40000000000003,1.1508799999999995,1,4
2275069,CHEMBL2364733,IC50,=,2.0,nM,8.7,CHEMBL284,Dipeptidyl peptidase 4,N#C[C@H]1CCCN1C(=O)[C@@H](N)CCC(=O)N1Cc2ccccc2C1.O=C(O)C(F)(F)F,8.698970004336019,440.4220000000001,1.7841799999999999,2,5
2275077,CHEMBL494146,IC50,=,5.0,nM,8.3,CHEMBL284,Dipeptidyl peptidase 4,N#C[C@@H]1CCCN1C(=O)[C@@H](N)CCC(=O)N1CCc2ccccc2C1.O=C(O)C(F)(F)F,8.301029995663981,454.4490000000001,1.8266799999999996,2,5
2275082,CHEMBL494147,IC50,=,35.0,nM,7.46,CHEMBL284,Dipeptidyl peptidase 4,COc1cc2c(cc1OC)C(C(C)C)N(C(=O)CC[C@H](N)C(=O)N1CCC[C@H]1C#N)CC2.O=C(O)C(F)(F)F,7.455931955649724,556.5820000000006,3.040980000000001,2,7
2275087,CHEMBL494339,IC50,=,40.0,nM,7.4,CHEMBL284,Dipeptidyl peptidase 4,N#C[C@@H]1CCCN1C(=O)[C@@H](N)CCC(=O)N1CCc2nc(-c3ccc(F)cc3)sc2C1.O=C(O)C(F)(F)F,7.3979400086720375,555.5540000000003,3.0892800000000014,2,7
2275092,CHEMBL494340,IC50,=,6.0,nM,8.22,CHEMBL284,Dipeptidyl peptidase 4,N#C[C@@H]1CCCN1C(=O)[C@@H](N)CCC(=O)N1CCc2ccsc2C1.O=C(O)C(F)(F)F,8.221848749616356,460.4780000000001,1.8881799999999997,2,6
2275097,CHEMBL492536,IC50,=,7.0,nM,8.15,CHEMBL284,Dipeptidyl peptidase 4,N#C[C@@H]1CCCN1C(=O)[C@@H](N)CCC(=O)N1CCn2cnnc2C1.O=C(O)C(F)(F)F,8.154901959985743,445.4020000000001,-0.12431999999999893,2,7
2275102,CHEMBL492733,IC50,=,5.0,nM,8.3,CHEMBL284,Dipeptidyl peptidase 4,N#C[C@@H]1CCCN1C(=O)[C@@H](N)CCC(=O)N1CCn2c(nnc2C(F)(F)F)C1.O=C(O)C(F)(F)F,8.301029995663981,513.3990000000001,0.8944799999999988,2,7
2275107,CHEMBL474047,IC50,=,9.0,nM,8.05,CHEMBL284,Dipeptidyl peptidase 4,N#C[C@@H]1CCCN1C(=O)[C@@H](N)CCC(=O)N1CCn2nc(C(F)(F)F)nc2C1.O=C(O)C(F)(F)F,8.045757490560675,513.3990000000001,0.8944799999999988,2,7
2275112,CHEMBL474048,IC50,=,6.0,nM,8.22,CHEMBL284,Dipeptidyl peptidase 4,N#C[C@@H]1CCCN1C(=O)[C@@H](N)CCC(=O)N1CCn2cc(C(F)(F)F)nc2C1.O=C(O)C(F)(F)F,8.221848749616356,512.4110000000002,1.499479999999999,2,6
2275117,CHEMBL474049,IC50,=,7.0,nM,8.15,CHEMBL284,Dipeptidyl peptidase 4,N#C[C@@H]1CCCN1C(=O)[C@@H](N)CCC(=O)N1CCCC1.O=C(O)C(F)(F)F,8.154901959985743,392.3780000000001,0.8641799999999988,2,5
2275122,CHEMBL474211,IC50,=,10.0,nM,8.0,CHEMBL284,Dipeptidyl peptidase 4,N#C[C@@H]1CCCN1C(=O)[C@@H](N)CCC(=O)N1CCSC1.O=C(O)C(F)(F)F,8.0,410.41800000000006,0.7746799999999989,2,6
2275127,CHEMBL474394,IC50,=,22.0,nM,7.66,CHEMBL284,Dipeptidyl peptidase 4,COC[C@H]1CCCN1C(=O)CC[C@H](N)C(=O)N1CCC[C@H]1C#N.O=C(O)C(F)(F)F,7.657577319177793,436.43100000000015,0.8791800000000012,2,6
2275132,CHEMBL475465,IC50,=,7.0,nM,8.15,CHEMBL284,Dipeptidyl peptidase 4,COC[C@@H]1CCCN1C(=O)CC[C@H](N)C(=O)N1CCC[C@H]1C#N.O=C(O)C(F)(F)F,8.154901959985743,436.43100000000015,0.8791800000000012,2,6
2275137,CHEMBL474800,IC50,=,15.0,nM,7.82,CHEMBL284,Dipeptidyl peptidase 4,N#C[C@@H]1CCCN1C(=O)[C@@H](N)CCC(=O)N1CCCCC1.O=C(O)C(F)(F)F,7.823908740944319,406.40500000000014,1.2542799999999985,2,5
2275142,CHEMBL475634,IC50,=,17.0,nM,7.77,CHEMBL284,Dipeptidyl peptidase 4,N#C[C@@H]1CCCN1C(=O)[C@@H](N)CCC(=O)N1CCOCC1.O=C(O)C(F)(F)F,7.769551078621726,408.3770000000001,0.10058000000000072,2,6
2275147,CHEMBL516080,IC50,=,31.0,nM,7.51,CHEMBL284,Dipeptidyl peptidase 4,CCOC(=O)N1CCN(C(=O)CC[C@H](N)C(=O)N2CCC[C@H]2C#N)CC1.O=C(O)C(F)(F)F,7.508638306165727,479.45600000000024,0.5424800000000023,2,7
2275152,CHEMBL474808,IC50,=,8.0,nM,8.1,CHEMBL284,Dipeptidyl peptidase 4,N#C[C@@H]1CCCN1C(=O)[C@@H](N)CCC(=O)N1CCN(C(=O)C(F)(F)F)CC1.O=C(O)C(F)(F)F,8.096910013008056,503.40000000000015,0.4748799999999999,2,6
2275157,CHEMBL474982,IC50,=,19.0,nM,7.72,CHEMBL284,Dipeptidyl peptidase 4,N#C[C@@H]1CCCN1C(=O)[C@@H](N)CCC(=O)N1CCN(c2ccncc2)CC1.O=C(O)C(F)(F)F,7.721246399047171,484.47900000000016,0.9855799999999999,2,7
2275162,CHEMBL515435,IC50,=,37.0,nM,7.43,CHEMBL284,Dipeptidyl peptidase 4,N#C[C@@H]1CCCN1C(=O)[C@@H](N)CCC(=O)Nc1ccccc1.O=C(O)C(F)(F)F,7.431798275933005,414.38400000000007,1.880479999999999,3,5
2275167,CHEMBL474983,IC50,=,11.0,nM,7.96,CHEMBL284,Dipeptidyl peptidase 4,N#C[C@@H]1CCCN1C(=O)[C@@H](N)CCC(=O)NC1CCCC1.O=C(O)C(F)(F)F,7.958607314841775,406.40500000000014,1.3005799999999992,3,5
2409792,CHEMBL470428,IC50,>,30000.0,nM,,CHEMBL284,Dipeptidyl peptidase 4,NCCc1cc(F)c(F)cc1F,4.522878745280337,175.15299999999996,1.6051,1,1
2409793,CHEMBL445544,IC50,=,1930.0,nM,5.71,CHEMBL284,Dipeptidyl peptidase 4,CC(C)[C@H](N)Cc1cc(F)c(F)cc1F,5.714442690992226,217.23399999999995,2.6297000000000006,1,1
2409794,CHEMBL450211,IC50,=,3580.0,nM,5.45,CHEMBL284,Dipeptidyl peptidase 4,N[C@H](Cc1cc(F)c(F)cc1F)C1CCCCC1,5.446116973356125,257.2989999999999,3.554000000000002,1,1
2409795,CHEMBL510157,IC50,>,30000.0,nM,,CHEMBL284,Dipeptidyl peptidase 4,N[C@H](Cc1cc(F)c(F)cc1F)CC1CCCCC1,4.522878745280337,271.32599999999996,3.9441000000000033,1,1
2409796,CHEMBL450091,IC50,=,25900.0,nM,4.59,CHEMBL284,Dipeptidyl peptidase 4,CC(C)(C)[C@H](N)Cc1cc(F)c(F)cc1F,4.586700235918748,231.26099999999997,3.019800000000001,1,1
2409797,CHEMBL469545,IC50,>,30000.0,nM,,CHEMBL284,Dipeptidyl peptidase 4,Fc1cc(F)c(C[C@@H]2CCCCN2)cc1F,4.522878745280337,229.24499999999995,2.788500000000001,1,1
2409798,CHEMBL501314,IC50,=,3250.0,nM,5.49,CHEMBL284,Dipeptidyl peptidase 4,COC(=O)c1ccc(C(N)Cc2cc(F)c(F)cc2F)cc1,5.488116639021126,309.2869999999999,3.133000000000001,1,3
2409799,CHEMBL509672,IC50,=,1420.0,nM,5.85,CHEMBL284,Dipeptidyl peptidase 4,COC(=O)c1ccc([C@H](N)Cc2cc(F)c(F)cc2F)cc1,5.847711655616943,309.2869999999999,3.133000000000001,1,3
2409800,CHEMBL471648,IC50,>,30000.0,nM,,CHEMBL284,Dipeptidyl peptidase 4,COC(=O)c1ccc([C@@H](N)Cc2cc(F)c(F)cc2F)cc1,4.522878745280337,309.2869999999999,3.133000000000001,1,3
2410498,CHEMBL496691,IC50,=,1970.0,nM,5.71,CHEMBL284,Dipeptidyl peptidase 4,N[C@H](Cc1cc(F)c(F)cc1F)c1ccncc1,5.705533773838407,252.239,2.7414000000000005,1,2
2410499,CHEMBL451619,IC50,=,272.0,nM,6.57,CHEMBL284,Dipeptidyl peptidase 4,N[C@H](Cc1cc(F)c(F)cc1F)C1CCNCC1,6.565431095965801,258.287,1.9733,2,2
2410500,CHEMBL496863,IC50,=,270.0,nM,6.57,CHEMBL284,Dipeptidyl peptidase 4,CC(C)(C)OC(=O)N1CCC([C@H](N)Cc2cc(F)c(F)cc2F)CC1,6.568636235841013,358.40400000000005,3.620800000000002,1,3
2410501,CHEMBL497735,IC50,=,35.0,nM,7.46,CHEMBL284,Dipeptidyl peptidase 4,N[C@H](Cc1cc(F)c(F)cc1F)C1CCN(C(=O)c2ccc(F)cc2F)CC1,7.455931955649724,398.3750000000001,3.804300000000003,1,2
2410502,CHEMBL498749,IC50,=,26.0,nM,7.58,CHEMBL284,Dipeptidyl peptidase 4,N[C@H](Cc1cc(F)c(F)cc1F)C1CCN(C(=O)c2cc3ccccc3cn2)CC1,7.585026652029182,413.44300000000015,4.074300000000004,1,3
2410503,CHEMBL525011,IC50,=,19.0,nM,7.72,CHEMBL284,Dipeptidyl peptidase 4,Nc1nccnc1C(=O)N1CCC([C@H](N)Cc2cc(F)c(F)cc2F)CC1,7.721246399047171,379.3860000000001,1.8982999999999997,2,5
2410504,CHEMBL485123,IC50,=,18.0,nM,7.75,CHEMBL284,Dipeptidyl peptidase 4,Cc1ncc(C)c(C(=O)N2CCC([C@H](N)Cc3cc(F)c(F)cc3F)CC2)n1,7.7447274948966935,392.42500000000007,2.932940000000001,1,4
2410505,CHEMBL485124,IC50,=,22.0,nM,7.66,CHEMBL284,Dipeptidyl peptidase 4,Cc1nccnc1C(=O)N1CCC([C@H](N)Cc2cc(F)c(F)cc2F)CC1,7.657577319177793,378.3980000000001,2.6245200000000013,1,4
2410506,CHEMBL485125,IC50,=,27.0,nM,7.57,CHEMBL284,Dipeptidyl peptidase 4,N[C@H](Cc1cc(F)c(F)cc1F)C1CCN(C(=O)c2cnc3ncccn23)CC1,7.568636235841013,403.40800000000013,2.5688000000000004,1,4
2410507,CHEMBL484528,IC50,=,4.0,nM,8.4,CHEMBL284,Dipeptidyl peptidase 4,Cc1cc2ncc(C(=O)N3CCC([C@H](N)Cc4cc(F)c(F)cc4F)CC3)c(C)n2n1,8.397940008672037,431.46200000000016,3.185640000000002,1,4
2450502,CHEMBL453582,IC50,>,250000.0,nM,,CHEMBL284,Dipeptidyl peptidase 4,O=C([C@@H]1C[C@@H](Nc2ccc3ccccc3c2)CN1)N1Cc2ccccc2C1,3.6020599913279625,357.45700000000016,3.524600000000002,2,3
2450503,CHEMBL508197,IC50,>,500000.0,nM,,CHEMBL284,Dipeptidyl peptidase 4,O=C([C@@H]1C[C@@H](N(Cc2ccccc2)Cc2ccccc2)CN1)N1Cc2ccccc2C1,3.3010299956639813,411.5490000000002,3.961700000000003,1,3
2450504,CHEMBL452521,IC50,>,1000000.0,nM,,CHEMBL284,Dipeptidyl peptidase 4,O=C([C@@H]1C[C@@H](NCc2ccccc2)CN1)N1Cc2ccccc2C1,3.0,321.4240000000001,2.0490999999999993,2,3
2450505,CHEMBL452520,IC50,>,500000.0,nM,,CHEMBL284,Dipeptidyl peptidase 4,N[C@H]1CN[C@H](C(=O)N2Cc3ccccc3C2)C1,3.3010299956639813,231.29899999999998,0.21800000000000042,2,3
2450507,CHEMBL488493,IC50,>,100000.0,nM,,CHEMBL284,Dipeptidyl peptidase 4,O=C([C@@H]1C[C@H](Nc2ccc3ccccc3c2)CN1)N1Cc2ccccc2C1,4.0,357.45700000000016,3.524600000000002,2,3
2450509,CHEMBL527647,IC50,=,4970.0,nM,5.3,CHEMBL284,Dipeptidyl peptidase 4,O=C([C@@H]1C[C@H](Nc2cccc3ccccc23)CN1)N1Cc2ccccc2C1,5.303643611266668,357.45700000000016,3.524600000000002,2,3
2450510,CHEMBL486049,IC50,>,250000.0,nM,,CHEMBL284,Dipeptidyl peptidase 4,O=C([C@@H]1C[C@H](NCc2ccccc2)CN1)N1Cc2ccccc2C1,3.6020599913279625,321.4240000000001,2.0490999999999993,2,3
2450511,CHEMBL488047,IC50,>,31250.0,nM,,CHEMBL284,Dipeptidyl peptidase 4,N[C@@H](CCCCN(c1ccc2ccccc2c1)c1ccc2ccccc2c1)C(=O)N1Cc2ccccc2C1,4.505149978319906,499.6580000000003,7.171100000000007,1,3
2450512,CHEMBL487872,IC50,=,178000.0,nM,,CHEMBL284,Dipeptidyl peptidase 4,N[C@@H](CCCCNc1ccc2ccccc2c1)C(=O)N1Cc2ccccc2C1,3.749579997691106,373.50000000000017,4.291700000000003,2,3
2450513,CHEMBL487871,IC50,>,62500.0,nM,,CHEMBL284,Dipeptidyl peptidase 4,N[C@@H](CCCCN(Cc1ccccc1)Cc1ccccc1)C(=O)N1Cc2ccccc2C1,4.204119982655925,427.59200000000027,4.728800000000005,1,3
2450514,CHEMBL520200,IC50,>,50000.0,nM,,CHEMBL284,Dipeptidyl peptidase 4,N[C@@H](CCCCNCc1ccccc1)C(=O)N1Cc2ccccc2C1,4.301029995663981,337.4670000000001,2.8162000000000003,2,3
2450515,CHEMBL488227,IC50,=,245000.0,nM,,CHEMBL284,Dipeptidyl peptidase 4,N[C@@H](CCCCNC(=O)OCc1ccccc1)C(=O)N1Cc2ccccc2C1,3.6108339156354674,381.47600000000017,2.9528000000000008,2,4
2450516,CHEMBL488226,IC50,=,161000.0,nM,,CHEMBL284,Dipeptidyl peptidase 4,NCCCC[C@H](N)C(=O)N1Cc2ccccc2C1,3.7931741239681505,247.34199999999998,0.9851000000000009,2,3
2450517,CHEMBL488225,IC50,>,100000.0,nM,,CHEMBL284,Dipeptidyl peptidase 4,CC[C@@H](C)[C@H](N)C(=O)N1Cc2ccc(C(F)(F)F)cc2C1,4.0,300.324,2.921000000000001,1,2
2450518,CHEMBL506177,IC50,>,100000.0,nM,,CHEMBL284,Dipeptidyl peptidase 4,CC[C@@H](C)[C@H](N)C(=O)N1Cc2ccc(C)cc2C1,4.0,246.35399999999996,2.2106200000000005,1,2
2450519,CHEMBL502153,IC50,>,100000.0,nM,,CHEMBL284,Dipeptidyl peptidase 4,CC[C@@H](C)[C@H](N)C(=O)N1Cc2ccc(F)cc2C1,4.0,250.31699999999995,2.0412999999999997,1,2
2450520,CHEMBL488105,IC50,>,100000.0,nM,,CHEMBL284,Dipeptidyl peptidase 4,CC[C@@H](C)[C@H](N)C(=O)N1Cc2cccc(F)c2C1,4.0,250.31699999999995,2.0412999999999997,1,2
2450521,CHEMBL453199,IC50,>,100000.0,nM,,CHEMBL284,Dipeptidyl peptidase 4,CC[C@H](C)[C@H](N)C(=O)N1Cc2cccnc2C1,4.0,233.31499999999997,1.2972000000000001,1,3
2450522,CHEMBL487432,IC50,>,100000.0,nM,,CHEMBL284,Dipeptidyl peptidase 4,CC[C@H](C)[C@H](N)C(=O)N1Cc2ccc(N=[N+]=[N-])cc2C1,4.0,273.34000000000003,2.844000000000001,1,3
2450523,CHEMBL510322,IC50,>,50000.0,nM,,CHEMBL284,Dipeptidyl peptidase 4,CC[C@H](C)[C@H](N)C(=O)N1Cc2ccc([N+](=O)[O-])cc2C1,4.301029995663981,277.324,1.8104,1,4
2450524,CHEMBL508193,IC50,>,100000.0,nM,,CHEMBL284,Dipeptidyl peptidase 4,CC[C@H](C)[C@H](N)C(=O)N1Cc2ccc(I)cc2C1,4.0,358.223,2.506800000000001,1,2
2450525,CHEMBL469878,IC50,>,100000.0,nM,,CHEMBL284,Dipeptidyl peptidase 4,CC[C@H](C)[C@H](N)C(=O)N1Cc2ccc(Br)cc2C1,4.0,311.223,2.6647000000000007,1,2
2450526,CHEMBL469679,IC50,>,100000.0,nM,,CHEMBL284,Dipeptidyl peptidase 4,CC[C@H](C)[C@H](N)C(=O)N1Cc2ccc(C(F)(F)F)cc2C1,4.0,300.324,2.921000000000001,1,2
2450527,CHEMBL469678,IC50,>,100000.0,nM,,CHEMBL284,Dipeptidyl peptidase 4,CC[C@H](C)[C@H](N)C(=O)N1Cc2ccc(C(C)(C)C)cc2C1,4.0,288.435,3.1997000000000018,1,2
2450528,CHEMBL469669,IC50,>,100000.0,nM,,CHEMBL284,Dipeptidyl peptidase 4,CC[C@H](C)[C@H](N)C(=O)N1Cc2ccc(C)cc2C1,4.0,246.35399999999996,2.2106200000000005,1,2
2450529,CHEMBL466590,IC50,=,80100.0,nM,4.1,CHEMBL284,Dipeptidyl peptidase 4,CC[C@H](C)[C@H](N)C(=O)N1Cc2ccc(F)cc2C1,4.096367483915762,250.31699999999995,2.0412999999999997,1,2
2450530,CHEMBL469892,IC50,>,100000.0,nM,,CHEMBL284,Dipeptidyl peptidase 4,CC[C@H](C)[C@H](N)C(=O)N1Cc2cccc(C)c2C1,4.0,246.35399999999996,2.2106200000000005,1,2
2450531,CHEMBL469891,IC50,>,100000.0,nM,,CHEMBL284,Dipeptidyl peptidase 4,CC[C@H](C)[C@H](N)C(=O)N1Cc2cccc(F)c2C1,4.0,250.31699999999995,2.0412999999999997,1,2
2450532,CHEMBL469890,IC50,=,115000.0,nM,,CHEMBL284,Dipeptidyl peptidase 4,CC[C@H](C)[C@H](N)C(=O)N1Cc2ccccc2C1,3.939302159646388,232.32699999999997,1.9022,1,2
2450690,CHEMBL472128,IC50,=,560.0,nM,6.25,CHEMBL284,Dipeptidyl peptidase 4,N#C[C@@H]1C[C@H](N=[N+]=[N-])CN1C(=O)[C@@H](N)CCCCNc1ccc2ccccc2c1,6.251811972993799,391.47900000000004,3.5526800000000014,2,5
2450691,CHEMBL518144,IC50,=,2500.0,nM,5.6,CHEMBL284,Dipeptidyl peptidase 4,N#C[C@@H]1C[C@H](N=[N+]=[N-])CN1C(=O)[C@@H](N)CCCCN(c1cccc2ccccc12)c1cccc2ccccc12,5.6020599913279625,517.6370000000002,6.432080000000005,1,5
2450692,CHEMBL511659,IC50,=,52000.0,nM,4.28,CHEMBL284,Dipeptidyl peptidase 4,CC[C@@H](C)[C@H](N)C(=O)N1C[C@H](N=[N+]=[N-])C[C@H]1C#N,4.2839966563652006,250.30599999999998,1.1631799999999999,1,4
2450693,CHEMBL471747,IC50,=,530.0,nM,6.28,CHEMBL284,Dipeptidyl peptidase 4,N#C[C@@H]1C[C@H](N=[N+]=[N-])CN1C(=O)[C@@H](N)CCCCNC(=O)OCc1ccccc1,6.275724130399211,399.4550000000001,2.21378,2,6
2450694,CHEMBL471731,IC50,=,2200.0,nM,5.66,CHEMBL284,Dipeptidyl peptidase 4,N#C[C@@H]1C[C@H](N=[N+]=[N-])CN1C(=O)[C@@H](N)CCCCN,5.657577319177793,265.32099999999997,0.2460800000000002,2,5
2450695,CHEMBL471547,IC50,=,290.0,nM,6.54,CHEMBL284,Dipeptidyl peptidase 4,CC[C@@H](C)[C@H](N)C(=O)N1C[C@@H](N=[N+]=[N-])C[C@H]1C#N,6.5376020021010435,250.30599999999998,1.1631799999999999,1,4
2450696,CHEMBL471546,IC50,=,340.0,nM,6.47,CHEMBL284,Dipeptidyl peptidase 4,CC[C@H](C)[C@H](N)C(=O)N1C[C@@H](N=[N+]=[N-])C[C@H]1C#N,6.468521082957745,250.30599999999998,1.1631799999999999,1,4
2451343,CHEMBL512705,IC50,>,1000000.0,nM,,CHEMBL284,Dipeptidyl peptidase 4,N[C@@H](CCCCNC(=O)OCc1ccccc1)C(=O)N1CCCc2ccccc21,3.0,395.5030000000002,3.389800000000001,2,4
2451345,CHEMBL471544,IC50,=,35.0,nM,7.46,CHEMBL284,Dipeptidyl peptidase 4,N#C[C@@H]1CCCN1C(=O)[C@@H](N)CCCCNC(=O)OCc1ccccc1,7.455931955649724,358.44200000000006,1.9249799999999995,2,5
2451346,CHEMBL461092,IC50,=,3700.0,nM,5.43,CHEMBL284,Dipeptidyl peptidase 4,N[C@@H](CCCCNC(=O)OCc1ccccc1)C(=O)N1CCSC1,5.431798275933005,351.47200000000015,1.9432999999999994,2,5
2451347,CHEMBL449318,IC50,>,1000000.0,nM,,CHEMBL284,Dipeptidyl peptidase 4,NCCCC[C@H](N)C(=O)N1CCCc2ccccc21,3.0,261.36899999999997,1.422100000000001,2,3
2451349,CHEMBL461913,IC50,=,51000.0,nM,4.29,CHEMBL284,Dipeptidyl peptidase 4,N#C[C@@H]1CCCCN1C(=O)[C@@H](N)CCCCN,4.292429823902063,238.33499999999995,0.347380000000001,2,4
2451351,CHEMBL456298,IC50,>,1000000.0,nM,,CHEMBL284,Dipeptidyl peptidase 4,[N-]=[N+]=NC1CCN(C(=O)[C@@H](N)CCCCN)C1,3.0,240.31099999999995,0.3539000000000002,2,4
2451352,CHEMBL461911,IC50,=,500000.0,nM,,CHEMBL284,Dipeptidyl peptidase 4,NCCCC[C@H](N)C(=O)N1CCC(O)C1,3.3010299956639813,215.29699999999997,-0.964099999999998,3,4
2451353,CHEMBL455298,IC50,=,23000.0,nM,4.64,CHEMBL284,Dipeptidyl peptidase 4,NCCCC[C@H](N)C(=O)N1CCSC1,4.638272163982407,217.33799999999997,-0.02439999999999931,2,4
2451356,CHEMBL457550,IC50,>,1000000.0,nM,,CHEMBL284,Dipeptidyl peptidase 4,CC[C@H](C)[C@H](N)C(=O)NC1CCCC1,3.0,198.30999999999995,1.4185999999999996,2,2
2451357,CHEMBL460887,IC50,=,94000.0,nM,4.03,CHEMBL284,Dipeptidyl peptidase 4,CC[C@H](C)[C@H](N)C(=O)N1CCC(Cl)C1,4.026872146400302,218.72799999999995,1.1994999999999998,1,2
2451358,CHEMBL460886,IC50,=,3500.0,nM,5.46,CHEMBL284,Dipeptidyl peptidase 4,CC[C@H](C)[C@H](N)C(=O)N1CCC(F)C1,5.455931955649724,202.27299999999994,0.9302,1,2
2451359,CHEMBL460885,IC50,=,107000.0,nM,,CHEMBL284,Dipeptidyl peptidase 4,CC[C@H](C)[C@H](N)C(=O)N1CCC(N=[N+]=[N-])C1,3.9706162223147903,225.29599999999996,1.271,1,3
2451360,CHEMBL503809,IC50,=,93000.0,nM,4.03,CHEMBL284,Dipeptidyl peptidase 4,CC[C@H](C)[C@H](N)C(=O)N1CCC(O)C1,4.031517051446065,200.28199999999995,-0.046999999999999875,2,3
2451361,CHEMBL452470,IC50,=,52000.0,nM,4.28,CHEMBL284,Dipeptidyl peptidase 4,CC[C@H](C)[C@H](N)C(=O)N1CC=CCC1,4.2839966563652006,196.29399999999995,1.1483,1,2
2451362,CHEMBL461291,IC50,=,15000.0,nM,4.82,CHEMBL284,Dipeptidyl peptidase 4,CC[C@H](C)[C@H](N)C(=O)N1CC=CC1,4.823908740944319,182.26699999999997,0.7582000000000001,1,2
2451363,CHEMBL446007,IC50,=,374000.0,nM,,CHEMBL284,Dipeptidyl peptidase 4,CC[C@H](C)[C@H](N)C(=O)N1CCCCCC1,3.4271283977995197,212.3369999999999,1.7623999999999995,1,2
2451364,CHEMBL83418,IC50,=,67000.0,nM,4.17,CHEMBL284,Dipeptidyl peptidase 4,CC[C@H](C)[C@H](N)C(=O)N1CCCCC1,4.173925197299174,198.30999999999992,1.3722999999999999,1,2
2451365,CHEMBL461496,IC50,=,50400.0,nM,4.3,CHEMBL284,Dipeptidyl peptidase 4,CC[C@H](C)[C@H](N)C(=O)N1CCC1,4.297569463554475,170.25599999999994,0.5921,1,2
2451366,CHEMBL442952,IC50,=,15000.0,nM,4.82,CHEMBL284,Dipeptidyl peptidase 4,CCCC[C@H](N)C(=O)N1CCCC1,4.823908740944319,184.28299999999993,1.1262999999999999,1,2
2451367,CHEMBL501521,IC50,=,23100.0,nM,4.64,CHEMBL284,Dipeptidyl peptidase 4,N[C@@H](Cc1c[nH]cn1)C(=O)N1CCCC1,4.636388020107856,208.26499999999993,-0.09810000000000074,2,3
2451368,CHEMBL461290,IC50,=,16800.0,nM,4.78,CHEMBL284,Dipeptidyl peptidase 4,N=C(NCCC[C@H](NC(=O)OCc1ccccc1)C(=O)N1CCCC1)NC(=O)OCc1ccccc1,4.774690718274137,495.5800000000004,3.1347699999999996,4,6
2451369,CHEMBL461289,IC50,=,12700.0,nM,4.9,CHEMBL284,Dipeptidyl peptidase 4,N=C(N)NCCC[C@H](N)C(=O)N1CCCC1,4.896196279044043,227.31199999999995,-0.8006299999999991,4,3
2451370,CHEMBL460065,IC50,=,9700.0,nM,5.01,CHEMBL284,Dipeptidyl peptidase 4,N[C@@H](CCCNC(=O)OCc1ccccc1)C(=O)N1CCCC1,5.013228265733755,319.40500000000014,1.6426999999999992,2,4
2451371,CHEMBL459643,IC50,=,118000.0,nM,,CHEMBL284,Dipeptidyl peptidase 4,NCCC[C@H](N)C(=O)N1CCCC1,3.9281179926938745,185.27099999999993,-0.32499999999999907,2,3
2451372,CHEMBL459642,IC50,=,15600.0,nM,4.81,CHEMBL284,Dipeptidyl peptidase 4,N[C@@H](CCCCNC(=O)OCc1ccccc1)C(=O)N1CCCC1,4.806875401645539,333.4320000000002,2.032799999999999,2,4
2451373,CHEMBL501126,IC50,=,39000.0,nM,4.41,CHEMBL284,Dipeptidyl peptidase 4,NCCCC[C@H](N)C(=O)N1CCCC1,4.4089353929735005,199.29799999999994,0.0651000000000006,2,3
2451374,CHEMBL511346,IC50,=,43500.0,nM,4.36,CHEMBL284,Dipeptidyl peptidase 4,N[C@@H](Cc1ccc(O)cc1)C(=O)N1CCCC1,4.361510743045363,234.29899999999992,0.8843999999999999,2,3
2451375,CHEMBL459641,IC50,=,190000.0,nM,,CHEMBL284,Dipeptidyl peptidase 4,N[C@@H](CO)C(=O)N1CCCC1,3.721246399047171,158.20099999999996,-1.0716,2,3
2451376,CHEMBL459159,IC50,=,37000.0,nM,4.43,CHEMBL284,Dipeptidyl peptidase 4,N[C@@H](CS)C(=O)N1CCCC1,4.431798275933005,174.26899999999995,-0.13410000000000033,2,3
2451377,CHEMBL459438,IC50,=,98000.0,nM,4.01,CHEMBL284,Dipeptidyl peptidase 4,C[C@@H](O)[C@H](N)C(=O)N1CCCC1,4.008773924307505,172.22799999999995,-0.6830999999999996,2,3
2451378,CHEMBL443373,IC50,=,188000.0,nM,,CHEMBL284,Dipeptidyl peptidase 4,NC(=O)C[C@H](N)C(=O)N1CCCC1,3.72584215073632,185.22699999999995,-1.1885000000000001,2,3
2451380,CHEMBL455542,IC50,>,1000000.0,nM,,CHEMBL284,Dipeptidyl peptidase 4,N[C@@H](CCC(=O)O)C(=O)N1CCCC1,3.0,200.23799999999994,-0.19909999999999983,2,3
2451381,CHEMBL453918,IC50,=,21000.0,nM,4.68,CHEMBL284,Dipeptidyl peptidase 4,N[C@@H](Cc1ccccc1)C(=O)N1CCCC1,4.6777807052660805,218.2999999999999,1.1787999999999998,1,2
2451382,CHEMBL452029,IC50,=,286000.0,nM,,CHEMBL284,Dipeptidyl peptidase 4,N[C@@H](Cc1c[nH]c2ccccc12)C(=O)N1CCCC1,3.543633966870957,257.33699999999993,1.6601000000000001,2,2
2451384,CHEMBL453574,IC50,=,24000.0,nM,4.62,CHEMBL284,Dipeptidyl peptidase 4,CC(C)C[C@H](N)C(=O)N1CCCC1,4.619788758288394,184.28299999999993,0.9821999999999999,1,2
2451385,CHEMBL453573,IC50,=,3900.0,nM,5.41,CHEMBL284,Dipeptidyl peptidase 4,CC[C@@H](C)[C@H](N)C(=O)N1CCCC1,5.4089353929735005,184.28299999999993,0.9821999999999999,1,2
2451394,CHEMBL510594,IC50,=,22.0,nM,7.66,CHEMBL284,Dipeptidyl peptidase 4,CC(C)[C@H](N)C(=O)N1CSC[C@H]1B(O)O,7.657577319177793,232.114,-1.1167999999999998,3,5
2462035,CHEMBL512887,IC50,=,9800.0,nM,5.01,CHEMBL284,Dipeptidyl peptidase 4,N[C@@H](CC(=O)N1CCSC1)C(=O)N1CC[C@H](F)C1,5.008773924307505,275.349,-0.19290000000000052,1,4
2462037,CHEMBL452290,IC50,=,100.0,nM,7.0,CHEMBL284,Dipeptidyl peptidase 4,C[C@@H](c1ccc(-c2cccc(C(N)=O)c2)cc1)[C@H](N)C(=O)N1CC[C@H](F)C1,7.0,369.44000000000017,2.4537000000000004,2,3
2462038,CHEMBL452289,IC50,=,32.0,nM,7.5,CHEMBL284,Dipeptidyl peptidase 4,NC(=O)c1cccc(-c2ccc([C@H](N)Cc3cc(F)ccc3F)cc2)c1,7.494850021680094,352.384,3.973200000000002,2,2
2462039,CHEMBL512895,IC50,=,71.0,nM,7.15,CHEMBL284,Dipeptidyl peptidase 4,C[C@@H](c1ccc(-c2ccncc2Cl)cc1)[C@H](N)C(=O)N1CC[C@H](F)C1,7.1487416512809245,361.8480000000001,3.403200000000002,1,3
2462040,CHEMBL472123,IC50,=,107.0,nM,6.97,CHEMBL284,Dipeptidyl peptidase 4,N[C@H](Cc1cc(F)ccc1F)c1ccc(-c2ccncc2Cl)cc1,6.97061622231479,344.79200000000003,4.9227000000000025,1,2
2462041,CHEMBL442673,IC50,=,110.0,nM,6.96,CHEMBL284,Dipeptidyl peptidase 4,C[C@@H](c1ccc(-c2ccncc2)cc1)[C@H](N)C(=O)N1CC[C@H](F)C1,6.958607314841775,327.4030000000001,2.7498000000000005,1,3
2462042,CHEMBL471936,IC50,=,253.0,nM,6.6,CHEMBL284,Dipeptidyl peptidase 4,N[C@H](Cc1cc(F)ccc1F)c1ccc(-c2ccncc2)cc1,6.5968794788241825,310.347,4.269300000000002,1,2
2462043,CHEMBL472124,IC50,=,245.0,nM,6.61,CHEMBL284,Dipeptidyl peptidase 4,C[C@@H](c1ccc(Br)cc1)[C@H](N)C(=O)N1CC[C@H](F)C1,6.610833915635467,329.2130000000001,2.4503000000000004,1,2
2462044,CHEMBL504506,IC50,=,1300.0,nM,5.89,CHEMBL284,Dipeptidyl peptidase 4,N[C@H](Cc1cc(F)ccc1F)c1ccc(Br)cc1,5.886056647693163,312.157,3.969800000000002,1,1
2462046,CHEMBL488678,IC50,=,120.0,nM,6.92,CHEMBL284,Dipeptidyl peptidase 4,N[C@@H](CC(=O)N1CCn2c(nnc2C(F)(F)F)C1)CN1CCCCC1=O,6.920818753952375,374.3670000000003,0.36899999999999955,1,5
2462047,CHEMBL452297,IC50,=,85.0,nM,7.07,CHEMBL284,Dipeptidyl peptidase 4,N[C@@H](CC(=O)N1CCCNC(=O)[C@H]1CC(F)(F)F)Cc1ccccc1F,7.070581074285707,375.3660000000001,1.7550999999999992,2,3
2462048,CHEMBL510073,IC50,=,120.0,nM,6.92,CHEMBL284,Dipeptidyl peptidase 4,N[C@@H](CC(=O)N1CCCNC(=O)[C@H]1CC(F)(F)F)CN1CCCCC1=O,6.920818753952375,378.39500000000027,0.38580000000000014,2,4
2462049,CHEMBL452805,IC50,=,40.0,nM,7.4,CHEMBL284,Dipeptidyl peptidase 4,C[C@@H]1C(=O)NCCCN1C(=O)C[C@H](N)Cc1ccccc1F,7.3979400086720375,307.36899999999997,0.822600000000001,2,3
2462050,CHEMBL507738,IC50,=,20.0,nM,7.7,CHEMBL284,Dipeptidyl peptidase 4,C[C@@H]1C(=O)NCCCN1C(=O)C[C@H](N)CN1CCCCC1=O,7.698970004336019,310.3980000000001,-0.5466999999999964,2,4
2462051,CHEMBL527198,IC50,=,46.0,nM,7.34,CHEMBL284,Dipeptidyl peptidase 4,C[C@@H](c1nc(-c2ccc(S(C)(=O)=O)cc2Cl)no1)[C@H](N)Cc1cc(F)c(F)cc1F,7.337242168318426,459.8770000000001,3.8843000000000023,1,6
2462052,CHEMBL488469,IC50,=,40.0,nM,7.4,CHEMBL284,Dipeptidyl peptidase 4,C[C@H](c1nc(-c2ccc(S(C)(=O)=O)cc2Cl)no1)[C@H](N)C(=O)N1CC[C@H](F)C1,7.3979400086720375,430.8890000000002,1.7947,1,7
2462053,CHEMBL519591,IC50,=,600.0,nM,6.22,CHEMBL284,Dipeptidyl peptidase 4,C[C@@H](c1nc(-c2ccc(Cl)cc2Cl)no1)[C@H](N)Cc1cc(F)c(F)cc1F,6.221848749616356,416.23000000000013,5.1342000000000025,1,4
2462054,CHEMBL487630,IC50,=,615.0,nM,6.21,CHEMBL284,Dipeptidyl peptidase 4,C[C@H](c1nc(-c2ccc(Cl)cc2Cl)no1)[C@H](N)C(=O)N1CC[C@H](F)C1,6.211124884224583,387.2420000000002,3.0446000000000017,1,5
2462055,CHEMBL520067,IC50,=,4400.0,nM,5.36,CHEMBL284,Dipeptidyl peptidase 4,C[C@@H](c1nc(-c2ccc(OC(F)(F)F)cc2)no1)[C@H](N)Cc1cc(F)ccc1F,5.356547323513812,413.3460000000001,4.586900000000003,1,5
2462057,CHEMBL507719,IC50,=,55.0,nM,7.26,CHEMBL284,Dipeptidyl peptidase 4,Cc1noc(C(=O)C[C@H](N)Cc2cc(F)ccc2F)n1,7.259637310505756,281.26199999999994,1.7990199999999998,1,5
2462058,CHEMBL488637,IC50,=,8800.0,nM,5.06,CHEMBL284,Dipeptidyl peptidase 4,Cc1noc(C(=O)C[C@H](N)C(=O)N2CC[C@H](F)C2)n1,5.055517327849832,270.26399999999995,-0.15148000000000028,1,6
2462059,CHEMBL488484,IC50,=,200.0,nM,6.7,CHEMBL284,Dipeptidyl peptidase 4,N[C@@H](CC(=O)N1CCC[C@H]1CO)Cc1cc(F)ccc1F,6.698970004336019,298.33299999999997,1.2079999999999995,2,3
2462060,CHEMBL527424,IC50,=,9200.0,nM,5.04,CHEMBL284,Dipeptidyl peptidase 4,N[C@@H](CC(=O)N1CCC[C@H]1CO)C(=O)N1CC[C@H](F)C1,5.036212172654444,287.33500000000004,-0.7424999999999995,2,4
2507969,CHEMBL513425,IC50,=,70.0,nM,7.16,CHEMBL284,Dipeptidyl peptidase 4,N[C@@H](CC(=O)N1CCCCCN1C(=O)c1ccccc1)Cc1cc(F)c(F)cc1F,7.154901959985743,419.4470000000001,3.4337000000000018,1,3
2507970,CHEMBL519139,IC50,=,1440.0,nM,5.84,CHEMBL284,Dipeptidyl peptidase 4,Cl.N[C@@H](CC(=O)N1CCCNCC1)Cc1cc(F)c(F)cc1F,5.841637507904751,351.79999999999995,1.6074999999999997,2,3
2507971,CHEMBL482338,IC50,=,510.0,nM,6.29,CHEMBL284,Dipeptidyl peptidase 4,Cl.N[C@@H](CC(=O)N1CCCN(C(=O)c2ccccc2)CC1)Cc1cc(F)c(F)cc1F,6.292429823902063,455.9080000000002,3.160300000000001,1,3
2507972,CHEMBL480549,IC50,=,3400.0,nM,5.47,CHEMBL284,Dipeptidyl peptidase 4,CC(=O)N1CCCN(C(=O)C[C@H](N)Cc2cc(F)c(F)cc2F)CC1.Cl,5.468521082957745,393.83700000000005,1.8664,1,3
2507973,CHEMBL480550,IC50,=,490.0,nM,6.31,CHEMBL284,Dipeptidyl peptidase 4,Cl.N[C@@H](CC(=O)N1CCCN(C(=O)c2ccc3c(c2)OCO3)CC1)Cc1cc(F)c(F)cc1F,6.309803919971486,499.91700000000026,2.889000000000001,1,5
2507974,CHEMBL481554,IC50,=,410.0,nM,6.39,CHEMBL284,Dipeptidyl peptidase 4,Cl.N[C@@H](CC(=O)N1CCCN(C(=O)c2cccnc2)CC1)Cc1cc(F)c(F)cc1F,6.3872161432802645,456.8960000000002,2.5553,1,4
2507975,CHEMBL481714,IC50,=,490.0,nM,6.31,CHEMBL284,Dipeptidyl peptidase 4,Cl.N[C@@H](CC(=O)N1CCCN(C(=O)OCc2ccccc2)CC1)Cc1cc(F)c(F)cc1F,6.309803919971486,485.93400000000014,3.6567000000000025,1,4
2507976,CHEMBL521267,IC50,=,1392.0,nM,5.86,CHEMBL284,Dipeptidyl peptidase 4,Cl.N[C@@H](CC(=O)N1CCCN(C(=O)Nc2ccccc2)CC1)Cc1cc(F)c(F)cc1F,5.856360764725457,470.9230000000002,3.5520000000000023,2,3
2507977,CHEMBL481725,IC50,=,1500.0,nM,5.82,CHEMBL284,Dipeptidyl peptidase 4,CN1CCN(C(=O)N2CCCN(C(=O)C[C@H](N)Cc3cc(F)c(F)cc3F)CC2)CC1.Cl,5.823908740944319,477.9590000000001,1.6873000000000002,1,4
2507978,CHEMBL481897,IC50,=,350.0,nM,6.46,CHEMBL284,Dipeptidyl peptidase 4,Cc1ccc(S(=O)(=O)N2CCCN(C(=O)C[C@H](N)Cc3cc(F)c(F)cc3F)CC2)cc1.Cl,6.455931955649724,505.9900000000002,3.0172200000000022,1,4
2507979,CHEMBL482070,IC50,=,3100.0,nM,5.51,CHEMBL284,Dipeptidyl peptidase 4,CS(=O)(=O)N1CCCN(C(=O)C[C@H](N)Cc2cc(F)c(F)cc2F)CC1.Cl,5.508638306165727,429.8920000000001,1.2795000000000005,1,4
2507980,CHEMBL482071,IC50,=,405.0,nM,6.39,CHEMBL284,Dipeptidyl peptidase 4,Cl.N[C@@H](CC(=O)N1CCCN(S(=O)(=O)c2ccc([N+](=O)[O-])cc2)CC1)Cc1cc(F)c(F)cc1F,6.392544976785332,536.9600000000003,2.617000000000001,1,6
2507981,CHEMBL520089,IC50,=,387.0,nM,6.41,CHEMBL284,Dipeptidyl peptidase 4,Cl.N[C@@H](CC(=O)N1CCCN(Cc2ccccc2)CC1)Cc1cc(F)c(F)cc1F,6.412289034981089,441.9250000000002,3.520100000000002,1,3
2507982,CHEMBL481157,IC50,=,6400.0,nM,5.19,CHEMBL284,Dipeptidyl peptidase 4,CCN1CCCN(C(=O)C[C@H](N)Cc2cc(F)c(F)cc2F)CC1.Cl,5.1938200260161125,379.8540000000001,2.3398000000000008,1,3
2507983,CHEMBL519773,IC50,=,597.0,nM,6.22,CHEMBL284,Dipeptidyl peptidase 4,Cl.N[C@@H](CC(=O)N1CCCN(c2ncccn2)CC1)Cc1cc(F)c(F)cc1F,6.224025668870631,429.8740000000002,2.3145,1,5
2507984,CHEMBL481158,IC50,=,423.0,nM,6.37,CHEMBL284,Dipeptidyl peptidase 4,Cl.N[C@@H](CC(=O)N1CCCN(c2cnccn2)CC1)Cc1cc(F)c(F)cc1F,6.373659632624958,429.8740000000002,2.3145,1,5
2507986,CHEMBL482154,IC50,=,223.0,nM,6.65,CHEMBL284,Dipeptidyl peptidase 4,Cl.N[C@@H](CC(=O)N1CCCN(C(=O)c2ccc(C(=O)O)cc2)CC1)Cc1cc(F)c(F)cc1F,6.651695136951839,499.9170000000002,2.858500000000001,2,4
2507987,CHEMBL474630,IC50,=,239.0,nM,6.62,CHEMBL284,Dipeptidyl peptidase 4,Cl.N[C@@H](CC(=O)N1CCCN(S(=O)(=O)c2ccc(C(=O)O)cc2)CC1)Cc1cc(F)c(F)cc1F,6.621602099051862,535.9720000000003,2.407000000000001,2,5
2507988,CHEMBL474631,IC50,=,788.0,nM,6.1,CHEMBL284,Dipeptidyl peptidase 4,Cl.N[C@@H](CC(=O)N1CCCN(C(=O)Nc2ccc(C(=O)O)cc2)CC1)Cc1cc(F)c(F)cc1F,6.103473782510445,514.9320000000002,3.250200000000002,3,4
2507989,CHEMBL474794,IC50,=,180.0,nM,6.75,CHEMBL284,Dipeptidyl peptidase 4,Cl.NC(=O)c1ccc(C(=O)N2CCCN(C(=O)C[C@H](N)Cc3cc(F)c(F)cc3F)CC2)cc1,6.7447274948966935,498.9330000000002,2.2592,2,4
2507990,CHEMBL474812,IC50,=,288.0,nM,6.54,CHEMBL284,Dipeptidyl peptidase 4,Cl.N[C@@H](CC(=O)N1CCCN(C(=O)c2ccc(S(N)(=O)=O)cc2)CC1)Cc1cc(F)c(F)cc1F,6.540607512240769,534.9880000000003,1.8077,2,5
2507991,CHEMBL474813,IC50,=,150.0,nM,6.82,CHEMBL284,Dipeptidyl peptidase 4,Cl.N[C@@H](CC(=O)N1CCCN(C(=O)c2ccc(C(=O)O)nc2)CC1)Cc1cc(F)c(F)cc1F,6.823908740944319,500.9050000000002,2.2535,2,5
2507992,CHEMBL475654,IC50,=,50.0,nM,7.3,CHEMBL284,Dipeptidyl peptidase 4,Cl.N[C@@H](CC(=O)N1CCCN(C(=O)c2cccc(C(=O)O)c2)CC1)Cc1cc(F)c(F)cc1F,7.301029995663981,499.91700000000026,2.8585000000000003,2,4
2507993,CHEMBL475655,IC50,=,67.0,nM,7.17,CHEMBL284,Dipeptidyl peptidase 4,Cl.N[C@@H](CC(=O)N1CCCN(C(=O)c2cncc(C(=O)O)c2)CC1)Cc1cc(F)c(F)cc1F,7.173925197299173,500.90500000000026,2.2535,2,5
2507994,CHEMBL473830,IC50,=,260.0,nM,6.58,CHEMBL284,Dipeptidyl peptidase 4,Cl.N[C@@H](CC(=O)N1CCCN(C(=O)c2ccc(C(=O)O)o2)CC1)Cc1cc(F)c(F)cc1F,6.585026652029182,489.8780000000002,2.451500000000001,2,5
2515605,CHEMBL515387,IC50,=,12.9,nM,7.89,CHEMBL284,Dipeptidyl peptidase 4,O=C([C@@H]1C[C@H](N2CCN(c3ncccn3)CC2)CN1)N1CCC(F)(F)C1,7.889410289700751,366.4160000000001,0.19670000000000054,1,6
2515606,CHEMBL475246,IC50,=,8.7,nM,8.06,CHEMBL284,Dipeptidyl peptidase 4,O=C([C@@H]1C[C@H](N2CCN(c3noc4ccccc34)CC2)CN1)N1CCC(F)(F)C1,8.060480747381382,405.44900000000024,1.5478999999999994,1,6
2515607,CHEMBL515597,IC50,=,8.2,nM,8.09,CHEMBL284,Dipeptidyl peptidase 4,O=C([C@@H]1C[C@H](N2CCN(c3nc4ccccc4o3)CC2)CN1)N1CCC(F)(F)C1,8.086186147616283,405.44900000000024,1.5478999999999998,1,6
2515608,CHEMBL475574,IC50,=,5.8,nM,8.24,CHEMBL284,Dipeptidyl peptidase 4,O=C([C@@H]1C[C@H](N2CCN(c3nc4cnccc4o3)CC2)CN1)N1CCC(F)(F)C1,8.236572006437063,406.43700000000024,0.9428999999999992,1,7
2515609,CHEMBL475573,IC50,=,7.4,nM,8.13,CHEMBL284,Dipeptidyl peptidase 4,O=C([C@@H]1C[C@H](N2CCN(c3nc4ccncc4o3)CC2)CN1)N1CCC(F)(F)C1,8.130768280269024,406.43700000000024,0.9428999999999992,1,7
2515610,CHEMBL474409,IC50,=,5.6,nM,8.25,CHEMBL284,Dipeptidyl peptidase 4,O=C([C@@H]1C[C@H](N2CCN(c3cnccn3)CC2)CN1)N1CCC(F)(F)C1,8.2518119729938,366.4160000000001,0.19670000000000054,1,6
2515611,CHEMBL514011,IC50,=,4.8,nM,8.32,CHEMBL284,Dipeptidyl peptidase 4,N#Cc1cccnc1N1CCN([C@@H]2CN[C@H](C(=O)N3CCC(F)(F)C3)C2)CC1,8.318758762624412,390.4380000000002,0.6733799999999999,1,6
2515612,CHEMBL474410,IC50,=,5.2,nM,8.28,CHEMBL284,Dipeptidyl peptidase 4,O=C([C@@H]1C[C@H](N2CCN(c3ccc(C(F)(F)F)cn3)CC2)CN1)N1CCC(F)(F)C1,8.2839966563652,433.42500000000024,1.8204999999999998,1,5
2515613,CHEMBL475586,IC50,=,5.2,nM,8.28,CHEMBL284,Dipeptidyl peptidase 4,O=C([C@@H]1C[C@H](N2CCN(c3nc4cccnc4o3)CC2)CN1)N1CCC(F)(F)C1,8.2839966563652,406.43700000000024,0.9429000000000001,1,7
2515614,CHEMBL473419,IC50,=,51.0,nM,7.29,CHEMBL284,Dipeptidyl peptidase 4,O=C([C@@H]1C[C@H](N2CCN(c3ncccn3)CC2)CN1)N1CC[C@@H](F)C1,7.292429823902063,348.4260000000001,-0.10049999999999892,1,6
2515615,CHEMBL473418,IC50,=,31.0,nM,7.51,CHEMBL284,Dipeptidyl peptidase 4,O=C([C@@H]1C[C@H](N2CCN(c3ncccn3)CC2)CN1)N1CCCC1,7.508638306165727,330.43600000000015,-0.048499999999998655,1,6
2515616,CHEMBL514623,IC50,=,31.0,nM,7.51,CHEMBL284,Dipeptidyl peptidase 4,O=C([C@@H]1C[C@H](N2CCN(c3ncccn3)CC2)CN1)N1CC[C@H](F)C1,7.508638306165727,348.4260000000001,-0.10049999999999892,1,6
2515617,CHEMBL474421,IC50,=,13.0,nM,7.89,CHEMBL284,Dipeptidyl peptidase 4,O=C([C@@H]1C[C@H](N2CCN(c3ncccn3)CC2)CN1)N1C[C@@H](F)[C@@H](F)C1,7.886056647693163,366.41600000000005,-0.15249999999999853,1,6
2515618,CHEMBL472992,IC50,=,309.0,nM,6.51,CHEMBL284,Dipeptidyl peptidase 4,O=C([C@@H]1C[C@H](N2CCN(c3ncccn3)CC2)CN1)N1C[C@@H](F)[C@H](F)C1,6.510041520575165,366.41600000000005,-0.15249999999999853,1,6
2515619,CHEMBL515869,IC50,=,25.0,nM,7.6,CHEMBL284,Dipeptidyl peptidase 4,O=C([C@@H]1C[C@H](N2CCN(c3ncccn3)CC2)CN1)N1CC(F)(F)C(F)(F)C1,7.6020599913279625,402.3960000000001,0.4418999999999998,1,6
2515620,CHEMBL472993,IC50,=,309.0,nM,6.51,CHEMBL284,Dipeptidyl peptidase 4,O=C([C@@H]1C[C@H](N2CCN(c3ncccn3)CC2)CN1)N1CCC1,6.510041520575165,316.4090000000001,-0.4385999999999981,1,6
2515621,CHEMBL473188,IC50,=,41.0,nM,7.39,CHEMBL284,Dipeptidyl peptidase 4,O=C([C@@H]1C[C@H](N2CCN(c3ncccn3)CC2)CN1)N1CC(F)C1,7.3872161432802645,334.39900000000006,-0.4905999999999986,1,6
2515622,CHEMBL514935,IC50,=,134.0,nM,6.87,CHEMBL284,Dipeptidyl peptidase 4,O=C([C@@H]1C[C@H](N2CCN(c3ncccn3)CC2)CN1)N1CC(F)(F)C1,6.872895201635193,352.38900000000007,-0.1933999999999989,1,6
2515623,CHEMBL472995,IC50,=,338.0,nM,6.47,CHEMBL284,Dipeptidyl peptidase 4,O=C([C@@H]1C[C@@H](N2CCN(c3ncccn3)CC2)CN1)N1CCC(F)(F)C1,6.471083299722345,366.4160000000001,0.19670000000000054,1,6
2556632,CHEMBL517072,IC50,=,71.0,nM,7.15,CHEMBL284,Dipeptidyl peptidase 4,N[C@@H](CC(=O)N1CCn2c(nnc2C(F)(F)C(F)(F)F)C1)Cc1cc(F)c(F)cc1F,7.1487416512809245,457.32500000000016,2.6518000000000006,1,4
2556634,CHEMBL479370,IC50,=,68.0,nM,7.17,CHEMBL284,Dipeptidyl peptidase 4,N[C@@H](CC(=O)N1CCn2cnnc2C1)Cc1cc(F)c(F)cc1F,7.167491087293763,339.321,0.9976999999999996,1,4
2562923,CHEMBL8260,IC50,>,200000.0,nM,,CHEMBL284,Dipeptidyl peptidase 4,O=c1cc(-c2ccccc2)oc2cc(O)c(O)c(O)c12,3.6989700043360187,270.24,2.576800000000001,3,5
2562929,CHEMBL210276,IC50,>,200000.0,nM,,CHEMBL284,Dipeptidyl peptidase 4,O=c1c(O)c(-c2ccccc2)oc2cc(O)ccc12,3.6989700043360187,254.24099999999999,2.871200000000001,2,4
2562930,CHEMBL50,IC50,=,130000.0,nM,,CHEMBL284,Dipeptidyl peptidase 4,O=c1c(O)c(-c2ccc(O)c(O)c2)oc2cc(O)cc(O)c12,3.886056647693163,302.23800000000006,1.988,5,7
2562931,CHEMBL150,IC50,=,132000.0,nM,,CHEMBL284,Dipeptidyl peptidase 4,O=c1c(O)c(-c2ccc(O)cc2)oc2cc(O)cc(O)c12,3.87942606879415,286.23900000000003,2.2824000000000004,4,6
2562932,CHEMBL226335,IC50,=,145000.0,nM,,CHEMBL284,Dipeptidyl peptidase 4,C[C@@H]1O[C@@H](OC[C@H]2O[C@@H](Oc3c(-c4ccc(O)c(O)c4)oc4cc(O)cc(O)c4c3=O)[C@H](O)[C@@H](O)[C@@H]2O)[C@H](O)[C@H](O)[C@H]1O,3.838631997765025,610.5210000000004,-1.6871000000000003,10,16
2562933,CHEMBL485818,IC50,=,225000.0,nM,,CHEMBL284,Dipeptidyl peptidase 4,O=C(O)[C@H]1O[C@@H](Oc2cc3oc(-c4ccccc4)cc(=O)c3c(O)c2O)[C@H](O)[C@@H](O)[C@@H]1O,3.6478174818886373,446.36400000000015,0.14219999999999955,6,10
2572462,CHEMBL479380,IC50,=,165.0,nM,6.78,CHEMBL284,Dipeptidyl peptidase 4,N#Cc1ccc(N2C[C@@H]3[C@H](C2)[C@H]3NCC(=O)N2C[C@@H](F)C[C@H]2C#N)cc1,6.782516055786093,353.40100000000007,1.0450599999999997,1,5
2572472,CHEMBL480713,IC50,>,10000.0,nM,,CHEMBL284,Dipeptidyl peptidase 4,N#Cc1ccc(N2C[C@@H]3[C@H](C2)[C@H]3NCC(=O)N2CCSC2)nc1,5.0,329.42900000000003,0.5103799999999998,1,6
2572473,CHEMBL480712,IC50,=,93.0,nM,7.03,CHEMBL284,Dipeptidyl peptidase 4,N#Cc1ccc(N2C[C@@H]3[C@H](C2)[C@H]3NCC(=O)N2CC(F)(F)C[C@H]2C#N)nc1,7.031517051446065,372.3790000000001,0.7372599999999996,1,6
2572474,CHEMBL519272,IC50,=,1300.0,nM,5.89,CHEMBL284,Dipeptidyl peptidase 4,N#C[C@@H]1C[C@H](F)CN1C(=O)CN[C@H]1[C@@H]2CN(c3ncccc3Cl)C[C@@H]21,5.886056647693163,363.82400000000007,1.22178,1,5
2572475,CHEMBL452998,IC50,=,91.0,nM,7.04,CHEMBL284,Dipeptidyl peptidase 4,N#Cc1cccnc1N1C[C@@H]2[C@H](C1)[C@H]2NCC(=O)N1C[C@@H](F)C[C@H]1C#N,7.040958607678906,354.38900000000007,0.4400600000000001,1,6
2572476,CHEMBL480705,IC50,=,78.0,nM,7.11,CHEMBL284,Dipeptidyl peptidase 4,N#C[C@@H]1C[C@H](F)CN1C(=O)CN[C@H]1[C@@H]2CN(c3ncccc3[N+](=O)[O-])C[C@@H]21,7.107905397309519,374.37600000000015,0.4765800000000002,1,7
2572477,CHEMBL519265,IC50,=,147.0,nM,6.83,CHEMBL284,Dipeptidyl peptidase 4,N#Cc1ccc(N2C[C@@H]3[C@H](C2)[C@H]3NCC(=O)N2C[C@@H](F)C[C@H]2C#N)nc1,6.8326826652518236,354.38900000000007,0.4400599999999997,1,6
2572478,CHEMBL480324,IC50,=,123.0,nM,6.91,CHEMBL284,Dipeptidyl peptidase 4,N#C[C@@H]1C[C@H](F)CN1C(=O)CN[C@H]1[C@@H]2CN(c3ccc(C(F)(F)F)cn3)C[C@@H]21,6.910094888560602,397.3760000000001,1.5871800000000003,1,5
2572479,CHEMBL479736,IC50,=,85.0,nM,7.07,CHEMBL284,Dipeptidyl peptidase 4,N#C[C@@H]1C[C@H](F)CN1C(=O)CN[C@H]1[C@@H]2CN(c3ccc([N+](=O)[O-])cn3)C[C@@H]21,7.070581074285707,374.37600000000015,0.47658,1,7
2572480,CHEMBL471956,IC50,=,49.0,nM,7.31,CHEMBL284,Dipeptidyl peptidase 4,N#C[C@@H]1C[C@H](F)CN1C(=O)CN[C@H]1[C@@H]2CN(c3ccc(Cl)cn3)C[C@@H]21,7.309803919971486,363.8240000000001,1.22178,1,5
2572481,CHEMBL511125,IC50,=,27.0,nM,7.57,CHEMBL284,Dipeptidyl peptidase 4,N#C[C@@H]1C[C@H](F)CN1C(=O)CN[C@H]1[C@@H]2CN(c3ccccn3)C[C@@H]21,7.568636235841013,329.3790000000001,0.5683799999999997,1,5
2572482,CHEMBL509391,IC50,=,3670.0,nM,5.43,CHEMBL284,Dipeptidyl peptidase 4,N#C[C@@H]1C[C@H](F)CN1C(=O)CN[C@H]1[C@@H]2CN(c3nccc4ccccc34)C[C@@H]21,5.43533393574791,379.43900000000014,1.72158,1,5
2572483,CHEMBL480537,IC50,=,221.0,nM,6.66,CHEMBL284,Dipeptidyl peptidase 4,N#C[C@@H]1C[C@H](F)CN1C(=O)CN[C@H]1[C@@H]2CN(c3nc4ccccc4o3)C[C@@H]21,6.655607726314889,369.40000000000015,1.3145799999999999,1,6
2572484,CHEMBL480536,IC50,=,186.0,nM,6.73,CHEMBL284,Dipeptidyl peptidase 4,N#C[C@@H]1C[C@H](F)CN1C(=O)CN[C@H]1[C@@H]2CN(c3nc4ccccc4s3)C[C@@H]21,6.730487055782084,385.46800000000013,1.78308,1,6
2572485,CHEMBL482104,IC50,=,186.0,nM,6.73,CHEMBL284,Dipeptidyl peptidase 4,N#C[C@@H]1C[C@H](F)CN1C(=O)CN[C@H]1[C@@H]2CN(c3cnc4ccccc4n3)C[C@@H]21,6.730487055782084,380.42700000000013,1.11658,1,6
2572486,CHEMBL479983,IC50,=,146.0,nM,6.84,CHEMBL284,Dipeptidyl peptidase 4,N#C[C@@H]1C[C@H](F)CN1C(=O)CN[C@H]1[C@@H]2CN(c3nccs3)C[C@@H]21,6.835647144215563,335.4080000000001,0.6298800000000002,1,6
2572487,CHEMBL482262,IC50,=,181.0,nM,6.74,CHEMBL284,Dipeptidyl peptidase 4,N#C[C@@H]1C[C@H](F)CN1C(=O)CN[C@H]1[C@@H]2CN(c3nccc(C(F)(F)F)n3)C[C@@H]21,6.7423214251308154,398.3640000000001,0.9821800000000005,1,6
2572488,CHEMBL482261,IC50,=,84.0,nM,7.08,CHEMBL284,Dipeptidyl peptidase 4,N#C[C@@H]1C[C@H](F)CN1C(=O)CN[C@H]1[C@@H]2CN(c3ncccn3)C[C@@H]21,7.075720713938118,330.3670000000001,-0.03661999999999899,1,6
2572489,CHEMBL480943,IC50,=,1715.0,nM,5.77,CHEMBL284,Dipeptidyl peptidase 4,N#Cc1ccc(N2C[C@@H]3[C@H](C2)[C@H]3NCC(=O)N2C[C@@H](F)C[C@H]2C#N)c2ccccc12,5.7657358756212105,403.4610000000001,2.1982599999999994,1,5
2572490,CHEMBL480942,IC50,=,118.0,nM,6.93,CHEMBL284,Dipeptidyl peptidase 4,N#Cc1cc(F)cc(N2C[C@@H]3[C@H](C2)[C@H]3NCC(=O)N2C[C@@H](F)C[C@H]2C#N)c1,6.928117992693875,371.3910000000001,1.1841599999999997,1,5
2572491,CHEMBL520921,IC50,=,630.0,nM,6.2,CHEMBL284,Dipeptidyl peptidase 4,N#Cc1c(F)cc(F)cc1N1C[C@@H]2[C@H](C1)[C@H]2NCC(=O)N1C[C@@H](F)C[C@H]1C#N,6.200659450546418,389.38100000000014,1.3232599999999997,1,5
2572492,CHEMBL479803,IC50,=,422.0,nM,6.38,CHEMBL284,Dipeptidyl peptidase 4,N#Cc1cc(F)ccc1N1C[C@@H]2[C@H](C1)[C@H]2NCC(=O)N1C[C@@H](F)C[C@H]1C#N,6.374687549038326,371.3910000000001,1.1841599999999999,1,5
2572493,CHEMBL480781,IC50,=,141.0,nM,6.85,CHEMBL284,Dipeptidyl peptidase 4,N#Cc1cc(C(F)(F)F)ccc1N1C[C@@H]2[C@H](C1)[C@H]2NCC(=O)N1C[C@@H](F)C[C@H]1C#N,6.85078088734462,421.3980000000002,2.06386,1,5
2572494,CHEMBL479794,IC50,=,92.0,nM,7.04,CHEMBL284,Dipeptidyl peptidase 4,N#Cc1c(F)cccc1N1C[C@@H]2[C@H](C1)[C@H]2NCC(=O)N1C[C@@H](F)C[C@H]1C#N,7.036212172654444,371.3910000000001,1.1841599999999999,1,5
2572495,CHEMBL481177,IC50,=,63.0,nM,7.2,CHEMBL284,Dipeptidyl peptidase 4,N#Cc1cccc(F)c1N1C[C@@H]2[C@H](C1)[C@H]2NCC(=O)N1C[C@@H](F)C[C@H]1C#N,7.200659450546418,371.3910000000001,1.1841599999999999,1,5
2572496,CHEMBL520266,IC50,=,42.0,nM,7.38,CHEMBL284,Dipeptidyl peptidase 4,N#Cc1c(N2C[C@@H]3[C@H](C2)[C@H]3NCC(=O)N2C[C@@H](F)C[C@H]2C#N)cccc1C(F)(F)F,7.376750709602099,421.3980000000001,2.06386,1,5
2572497,CHEMBL479538,IC50,=,31.0,nM,7.51,CHEMBL284,Dipeptidyl peptidase 4,N#Cc1c(Cl)cccc1N1C[C@@H]2[C@H](C1)[C@H]2NCC(=O)N1C[C@@H](F)C[C@H]1C#N,7.508638306165727,387.8460000000001,1.6984599999999996,1,5
2572498,CHEMBL471960,IC50,=,51.0,nM,7.29,CHEMBL284,Dipeptidyl peptidase 4,N#Cc1ccccc1N1C[C@@H]2[C@H](C1)[C@H]2NCC(=O)N1C[C@@H](F)C[C@H]1C#N,7.292429823902063,353.40100000000007,1.0450599999999997,1,5
2572499,CHEMBL471785,IC50,=,3740.0,nM,5.43,CHEMBL284,Dipeptidyl peptidase 4,N#C[C@@H]1C[C@H](F)CN1C(=O)CN[C@H]1[C@@H]2CN(c3ccc(C(=O)NC4CC4)cc3)C[C@@H]21,5.42712839779952,411.4810000000002,1.0655800000000002,2,5
2572500,CHEMBL471784,IC50,=,3430.0,nM,5.46,CHEMBL284,Dipeptidyl peptidase 4,CNC(=O)c1ccc(N2C[C@@H]3[C@H](C2)[C@H]3NCC(=O)N2C[C@@H](F)C[C@H]2C#N)cc1,5.464705879957229,385.4430000000001,0.5329800000000013,2,5
2572501,CHEMBL480155,IC50,=,95.0,nM,7.02,CHEMBL284,Dipeptidyl peptidase 4,N#C[C@@H]1C[C@H](F)CN1C(=O)CN[C@H]1[C@@H]2CN(c3ccc(C(N)=O)cc3)C[C@@H]21,7.022276394711152,371.41600000000017,0.2722800000000017,2,5
2572502,CHEMBL480154,IC50,=,229.0,nM,6.64,CHEMBL284,Dipeptidyl peptidase 4,CCOC(=O)c1ccc(N2C[C@@H]3[C@H](C2)[C@H]3NCC(=O)N2C[C@@H](F)C[C@H]2C#N)cc1,6.640164517660112,400.4540000000001,1.3500800000000002,1,6
2572503,CHEMBL480914,IC50,=,109.0,nM,6.96,CHEMBL284,Dipeptidyl peptidase 4,CC(=O)c1ccc(N2C[C@@H]3[C@H](C2)[C@H]3NCC(=O)N2C[C@@H](F)C[C@H]2C#N)cc1,6.962573502059376,370.4280000000001,1.3759799999999998,1,5
2572504,CHEMBL480913,IC50,=,2540.0,nM,5.59,CHEMBL284,Dipeptidyl peptidase 4,N#Cc1ccc(N2C[C@@H]3[C@H](C2)[C@H]3NCC(=O)N2C[C@@H](F)C[C@H]2C#N)cc1C(F)(F)F,5.5951662833800615,421.3980000000001,2.06386,1,5
2572505,CHEMBL481288,IC50,=,59.0,nM,7.23,CHEMBL284,Dipeptidyl peptidase 4,N#Cc1ccc(N2C[C@@H]3[C@H](C2)[C@H]3NCC(=O)N2C[C@@H](F)C[C@H]2C#N)c(C(F)(F)F)c1,7.229147988357855,421.3980000000001,2.06386,1,5
2572506,CHEMBL481290,IC50,=,152.0,nM,6.82,CHEMBL284,Dipeptidyl peptidase 4,N#Cc1ccc(N2C[C@@H]3[C@H](C2)[C@H]3NCC(=O)N2C[C@@H](F)C[C@H]2C#N)cc1Cl,6.818156412055227,387.8460000000001,1.6984599999999996,1,5
2572507,CHEMBL481669,IC50,=,95.0,nM,7.02,CHEMBL284,Dipeptidyl peptidase 4,N#Cc1ccc(N2C[C@@H]3[C@H](C2)[C@H]3NCC(=O)N2C[C@@H](F)C[C@H]2C#N)c(Cl)c1,7.022276394711152,387.8460000000001,1.69846,1,5
2572508,CHEMBL520434,IC50,=,38.0,nM,7.42,CHEMBL284,Dipeptidyl peptidase 4,N#Cc1c(F)cc(N2C[C@@H]3[C@H](C2)[C@H]3NCC(=O)N2C[C@@H](F)C[C@H]2C#N)cc1F,7.42021640338319,389.38100000000014,1.3232599999999997,1,5
2572509,CHEMBL479567,IC50,=,110.0,nM,6.96,CHEMBL284,Dipeptidyl peptidase 4,N#Cc1ccc(N2C[C@@H]3[C@H](C2)[C@H]3NCC(=O)N2C[C@@H](F)C[C@H]2C#N)cc1F,6.958607314841775,371.3910000000001,1.1841599999999999,1,5
2572510,CHEMBL479381,IC50,=,153.0,nM,6.82,CHEMBL284,Dipeptidyl peptidase 4,N#Cc1ccc(N2C[C@@H]3[C@H](C2)[C@H]3NCC(=O)N2C[C@@H](F)C[C@H]2C#N)c(F)c1,6.815308569182402,371.3910000000001,1.1841599999999997,1,5
2605864,CHEMBL515378,IC50,=,251.0,nM,6.6,CHEMBL284,Dipeptidyl peptidase 4,CC(C)(C)C(NC(=O)C[C@@H](N)C(=O)N1CCC[C@H]1C#N)c1ccccc1,6.600326278518962,356.47,2.1219800000000006,2,4
2605876,CHEMBL461117,IC50,=,0.6,nM,9.22,CHEMBL284,Dipeptidyl peptidase 4,CC[C@H](C)[C@H](N)C(=O)N1C[C@@H](F)C[C@H]1C#N,9.221848749616356,227.28299999999996,0.82238,1,3
2605879,CHEMBL456413,IC50,=,22.0,nM,7.66,CHEMBL284,Dipeptidyl peptidase 4,N#C[C@H]1C[C@@H](F)CN1C(=O)[C@@H](N)C(c1ccc(F)cc1)c1ccc(F)cc1,7.657577319177793,373.37800000000004,2.8865800000000013,1,3
2605882,CHEMBL456419,IC50,=,6.2,nM,8.21,CHEMBL284,Dipeptidyl peptidase 4,CC1(NCC(=O)N2C[C@H](F)C[C@@H]2C#N)CCN(S(C)(=O)=O)CC1,8.207608310501746,346.4280000000001,-0.14731999999999967,1,5
2605885,CHEMBL456420,IC50,=,0.13,nM,9.89,CHEMBL284,Dipeptidyl peptidase 4,N#Cc1ccc(N[C@@H]2CNC(C(=O)N3CCC[C@H]3C#N)C2)cc1C#N,9.886056647693163,334.38300000000004,1.0869399999999991,2,6
2605887,CHEMBL445437,IC50,=,0.15,nM,9.82,CHEMBL284,Dipeptidyl peptidase 4,N#Cc1ccc(N[C@@H]2CNC(C(=O)N3CCC[C@H]3C#N)C2)cc1Cl,9.823908740944319,343.818,1.868659999999999,2,5
2606571,CHEMBL459357,IC50,=,4.3,nM,8.37,CHEMBL284,Dipeptidyl peptidase 4,CN(C)C(=O)[C@@H](c1ccc(C2=CN3N=CNC3C=C2)cc1)[C@H](N)C(=O)N1CC[C@H](F)C1,8.366531544420413,426.4960000000002,0.8414000000000007,2,6
2606587,CHEMBL460842,IC50,=,8.0,nM,8.1,CHEMBL284,Dipeptidyl peptidase 4,O=C(CNC12CC3CC(CC(C3)C1)C2)N1CCC[C@H]1B(O)O,8.096910013008056,306.2149999999999,0.5477999999999996,3,4
2606590,CHEMBL445949,IC50,=,0.48,nM,9.32,CHEMBL284,Dipeptidyl peptidase 4,CC(C)[C@H](Oc1ccc(CNC(=O)[C@@H]2CCCN2C(=O)C[C@H](N)Cc2cc(F)ccc2F)cc1)C(=O)O.O=C(O)C(F)(F)F,9.318758762624412,631.5950000000004,3.6534000000000004,4,6
2606599,CHEMBL459591,IC50,=,18.0,nM,7.75,CHEMBL284,Dipeptidyl peptidase 4,CC(C)=CCN1C(C2CC[C@H]3NCC[C@@H]23)=NC2C1C(=O)N(CC(=O)c1ccccc1)C(=O)N2C,7.7447274948966935,463.5820000000003,2.5263999999999998,1,6
2606603,CHEMBL459806,IC50,<,10.0,nM,,CHEMBL284,Dipeptidyl peptidase 4,Cn1c(=O)cc(N2CCC[C@@H](N)C2)n(Cc2ccccc2C#N)c1=O.O=C(O)C(F)(F)F,8.0,453.4210000000001,1.0277799999999997,2,6
2606606,CHEMBL459807,IC50,=,2.28,nM,8.64,CHEMBL284,Dipeptidyl peptidase 4,COc1ccccc1N1CCc2nc(C)c(CN)c(-c3ccc(Cl)cc3Cl)c2C1=O,8.642065152999546,442.3460000000001,5.034020000000004,1,4
2606609,CHEMBL460013,IC50,=,7690.0,nM,5.11,CHEMBL284,Dipeptidyl peptidase 4,CC(N)/C(F)=C1\CCC[C@@H]1C#N.Cl,5.114073660198569,204.67600000000002,2.302680000000001,1,2
2609323,CHEMBL473166,IC50,=,85.0,nM,7.07,CHEMBL284,Dipeptidyl peptidase 4,CC(C)(CC(=O)N[C@H]1C[C@@H]1c1ccccc1)NCC(=O)N1CCC[C@H]1C#N,7.070581074285707,368.4810000000002,1.9315799999999994,2,4
2609324,CHEMBL514617,IC50,=,54.0,nM,7.27,CHEMBL284,Dipeptidyl peptidase 4,CC(C)(CC(=O)N[C@H]1C[C@@H]1c1ccc(F)cc1)NCC(=O)N1CCC[C@H]1C#N,7.267606240177032,386.4710000000003,2.0706799999999994,2,4
2609325,CHEMBL473172,IC50,=,64.0,nM,7.19,CHEMBL284,Dipeptidyl peptidase 4,CC(C)(CC(=O)N[C@H]1C[C@@H]1c1cccc(F)c1)NCC(=O)N1CCC[C@H]1C#N,7.1938200260161125,386.4710000000003,2.0706799999999994,2,4
2609326,CHEMBL515552,IC50,=,84.0,nM,7.08,CHEMBL284,Dipeptidyl peptidase 4,CC(C)(CC(=O)N[C@H]1C[C@@H]1c1ccc(F)cc1F)NCC(=O)N1CCC[C@H]1C#N,7.075720713938118,404.46100000000024,2.2097800000000003,2,4
2609327,CHEMBL472976,IC50,=,75.0,nM,7.12,CHEMBL284,Dipeptidyl peptidase 4,CC(C)(CC(=O)N[C@H]1C[C@@H]1c1cc(F)cc(F)c1)NCC(=O)N1CCC[C@H]1C#N,7.1249387366083,404.46100000000024,2.2097800000000003,2,4
2609328,CHEMBL472977,IC50,=,62.0,nM,7.21,CHEMBL284,Dipeptidyl peptidase 4,CC(C)(CC(=O)N[C@H]1C[C@@H]1c1ccc(F)c(F)c1)NCC(=O)N1CCC[C@H]1C#N,7.2076083105017466,404.46100000000024,2.2097800000000003,2,4
2609329,CHEMBL473176,IC50,=,85.0,nM,7.07,CHEMBL284,Dipeptidyl peptidase 4,CC(C)(CC(=O)N[C@H]1C[C@@H]1c1ccc(C(F)(F)F)cc1)NCC(=O)N1CCC[C@H]1C#N,7.070581074285707,436.47800000000024,2.950380000000001,2,4
2609330,CHEMBL473973,IC50,=,60.0,nM,7.22,CHEMBL284,Dipeptidyl peptidase 4,CC(C)(CC(=O)N[C@H]1C[C@@H]1c1cccc(C(F)(F)F)c1)NCC(=O)N1CCC[C@H]1C#N,7.221848749616356,436.47800000000024,2.950380000000002,2,4
2609331,CHEMBL474559,IC50,=,73.0,nM,7.14,CHEMBL284,Dipeptidyl peptidase 4,CC(C)(CC(=O)N[C@H]1C[C@@H]1c1cccc(OC(F)(F)F)c1)NCC(=O)N1CCC[C@H]1C#N,7.136677139879544,452.47700000000026,2.8301800000000013,2,5
2609332,CHEMBL474560,IC50,=,86.0,nM,7.07,CHEMBL284,Dipeptidyl peptidase 4,CC(C)(CC(=O)N[C@H]1C[C@@H]1c1ccc(Cl)cc1)NCC(=O)N1CCC[C@H]1C#N,7.0655015487564325,402.9260000000003,2.5849800000000007,2,4
2609333,CHEMBL463481,IC50,=,42.0,nM,7.38,CHEMBL284,Dipeptidyl peptidase 4,CC(C)(CC(=O)N[C@H]1C[C@@H]1c1cccc(Cl)c1)NCC(=O)N1CCC[C@H]1C#N,7.376750709602099,402.9260000000003,2.5849800000000007,2,4
2609334,CHEMBL474959,IC50,=,68.0,nM,7.17,CHEMBL284,Dipeptidyl peptidase 4,CC(C)(CC(=O)N[C@H]1C[C@@H]1c1ccc(Cl)c(Cl)c1)NCC(=O)N1CCC[C@H]1C#N,7.167491087293763,437.37100000000027,3.238380000000002,2,4
2609335,CHEMBL474960,IC50,=,101.0,nM,7.0,CHEMBL284,Dipeptidyl peptidase 4,COc1ccc([C@H]2C[C@@H]2NC(=O)CC(C)(C)NCC(=O)N2CCC[C@H]2C#N)cc1OC,6.995678626217358,428.53300000000024,1.94878,2,6
2609336,CHEMBL472797,IC50,=,24.0,nM,7.62,CHEMBL284,Dipeptidyl peptidase 4,CC(C)(CC(=O)N[C@H]1C[C@@H]1c1cccnc1)NCC(=O)N1C[C@@H](F)C[C@H]1C#N,7.619788758288394,387.4590000000002,1.2745800000000003,2,5
2609337,CHEMBL474767,IC50,=,16.0,nM,7.8,CHEMBL284,Dipeptidyl peptidase 4,Cc1ncsc1[C@H]1C[C@@H]1NC(=O)CC(C)(C)NCC(=O)N1C[C@@H](F)C[C@H]1C#N,7.795880017344075,407.5150000000002,1.6444999999999994,2,6
2609338,CHEMBL474768,IC50,=,56.0,nM,7.25,CHEMBL284,Dipeptidyl peptidase 4,CC(C)(CC(=O)N[C@@H]1C[C@H]1c1cccc(Cl)c1)NCC(=O)N1CCC[C@H]1C#N,7.251811972993799,402.9260000000003,2.5849800000000007,2,4
2609340,CHEMBL447393,IC50,=,27.0,nM,7.57,CHEMBL284,Dipeptidyl peptidase 4,CC(C)(CC(=O)N[C@@H]1C[C@H]1c1cccc(Cl)c1)NCC(=O)N1C[C@@H](F)C[C@H]1C#N,7.568636235841013,420.9160000000002,2.5329800000000002,2,4
2609341,CHEMBL464092,IC50,=,19.0,nM,7.72,CHEMBL284,Dipeptidyl peptidase 4,CC(C)(CC(=O)N[C@H]1C[C@@H]1c1ccccc1)NCC(=O)N1C[C@@H](F)C[C@H]1C#N,7.721246399047171,386.4710000000002,1.8795799999999996,2,4
2609342,CHEMBL517776,IC50,=,15.0,nM,7.82,CHEMBL284,Dipeptidyl peptidase 4,CC(C)(CC(=O)N[C@H]1C[C@@H]1c1cccc(Cl)c1)NCC(=O)N1C[C@@H](F)C[C@H]1C#N,7.823908740944319,420.9160000000002,2.5329800000000002,2,4
2609343,CHEMBL464093,IC50,=,21.0,nM,7.68,CHEMBL284,Dipeptidyl peptidase 4,CC(C)(CC(=O)N[C@H]1C[C@@H]1c1cccc(F)c1)NCC(=O)N1C[C@@H](F)C[C@H]1C#N,7.6777807052660805,404.46100000000024,2.01868,2,4
2609344,CHEMBL463277,IC50,=,22.0,nM,7.66,CHEMBL284,Dipeptidyl peptidase 4,COc1ccc([C@H]2C[C@@H]2NC(=O)CC(C)(C)NCC(=O)N2C[C@@H](F)C[C@H]2C#N)cc1,7.657577319177793,416.4970000000001,1.8881800000000002,2,5
2609345,CHEMBL518831,IC50,=,26.0,nM,7.58,CHEMBL284,Dipeptidyl peptidase 4,COc1cccc([C@H]2C[C@@H]2NC(=O)CC(C)(C)NCC(=O)N2C[C@@H](F)C[C@H]2C#N)c1,7.585026652029182,416.4970000000002,1.8881800000000002,2,5
2609346,CHEMBL462839,IC50,=,17.0,nM,7.77,CHEMBL284,Dipeptidyl peptidase 4,CCOc1cccc([C@H]2C[C@@H]2NC(=O)CC(C)(C)NCC(=O)N2C[C@@H](F)C[C@H]2C#N)c1,7.769551078621726,430.5240000000001,2.2782799999999996,2,5
2609347,CHEMBL463230,IC50,=,20.0,nM,7.7,CHEMBL284,Dipeptidyl peptidase 4,CC(C)(CC(=O)N[C@H]1C[C@@H]1c1cccc(OC(F)(F)F)c1)NCC(=O)N1C[C@@H](F)C[C@H]1C#N,7.698970004336019,470.4670000000002,2.7781800000000008,2,5
2609348,CHEMBL463231,IC50,=,26.0,nM,7.58,CHEMBL284,Dipeptidyl peptidase 4,CC(C)(CC(=O)N[C@H]1C[C@@H]1c1cccc(Cl)c1)NCC(=O)N1CC(F)(F)C[C@H]1C#N,7.585026652029182,438.90600000000023,2.8301800000000013,2,4
2690353,CHEMBL562525,IC50,=,27.0,nM,7.57,CHEMBL284,Dipeptidyl peptidase 4,N[C@@H](CC(=O)N1CCC[C@H]1CNC(=O)c1ccccc1)Cc1cccc(Cl)c1,7.568636235841013,399.92200000000014,3.020900000000002,2,3
2690354,CHEMBL550862,IC50,=,49.0,nM,7.31,CHEMBL284,Dipeptidyl peptidase 4,N[C@@H](CC(=O)N1CCC[C@H]1CNC(=O)c1ccccc1F)Cc1ccccc1F,7.309803919971486,401.4570000000001,2.6457000000000006,2,3
2690355,CHEMBL552263,IC50,=,92.0,nM,7.04,CHEMBL284,Dipeptidyl peptidase 4,N[C@@H](CC(=O)N1CCC[C@H]1CNC(=O)c1cccc(F)c1)Cc1ccccc1F,7.036212172654444,401.4570000000001,2.6457000000000006,2,3
2690356,CHEMBL553936,IC50,=,92.0,nM,7.04,CHEMBL284,Dipeptidyl peptidase 4,N[C@@H](CC(=O)N1CCC[C@H]1CNC(=O)c1ccc(F)cc1)Cc1ccccc1F,7.036212172654444,401.4570000000001,2.6457000000000006,2,3
2690357,CHEMBL560123,IC50,=,47.0,nM,7.33,CHEMBL284,Dipeptidyl peptidase 4,N[C@@H](CC(=O)N1CCC[C@H]1CNC(=O)c1ccccn1)Cc1ccccc1F,7.327902142064283,384.4550000000001,1.9016000000000006,2,4
2690358,CHEMBL563911,IC50,=,87.0,nM,7.06,CHEMBL284,Dipeptidyl peptidase 4,N[C@@H](CC(=O)N1CCC[C@H]1CNC(=O)c1cccnc1)Cc1ccccc1F,7.060480747381382,384.4550000000001,1.9016000000000006,2,4
2690359,CHEMBL562981,IC50,=,66.0,nM,7.18,CHEMBL284,Dipeptidyl peptidase 4,N[C@@H](CC(=O)N1CCC[C@H]1CNC(=O)c1ccncc1)Cc1ccccc1F,7.180456064458132,384.4550000000001,1.9016000000000006,2,4
2690360,CHEMBL557851,IC50,=,77.0,nM,7.11,CHEMBL284,Dipeptidyl peptidase 4,CS(=O)(=O)c1ccc(C(=O)NC[C@@H]2CCCN2C(=O)C[C@H](N)Cc2ccccc2F)cc1,7.113509274827518,461.5590000000002,1.9101000000000001,2,5
2690361,CHEMBL563108,IC50,=,27.0,nM,7.57,CHEMBL284,Dipeptidyl peptidase 4,CS(=O)(=O)c1ccccc1C(=O)NC[C@@H]1CCCN1C(=O)C[C@H](N)Cc1ccccc1F,7.568636235841013,461.55900000000025,1.9101000000000006,2,5
2690362,CHEMBL564043,IC50,=,14.0,nM,7.85,CHEMBL284,Dipeptidyl peptidase 4,CS(=O)(=O)c1ccccc1C(=O)NC[C@@H]1CCCN1C(=O)C[C@H](N)Cc1cccc(Cl)c1,7.853871964321762,478.01400000000024,2.424400000000001,2,5
2690363,CHEMBL564249,IC50,=,0.38,nM,9.42,CHEMBL284,Dipeptidyl peptidase 4,CS(=O)(=O)c1cccc(C(=O)NC[C@@H]2CCCN2C(=O)C[C@H](N)Cc2cccc(Cl)c2)c1,9.42021640338319,478.01400000000024,2.424400000000001,2,5
2690364,CHEMBL561120,IC50,=,12.0,nM,7.92,CHEMBL284,Dipeptidyl peptidase 4,N[C@@H](CC(=O)N1CCC[C@H]1CNC(=O)C1CC1)Cc1cccc(Cl)c1,7.920818753952375,363.889,2.1170999999999998,2,3
2690365,CHEMBL563648,IC50,=,9.0,nM,8.05,CHEMBL284,Dipeptidyl peptidase 4,N[C@@H](CC(=O)N1CCC[C@H]1CNC(=O)C1CC1)Cc1cc(F)c(F)cc1F,8.045757490560675,383.41400000000004,1.8809999999999996,2,3
2690366,CHEMBL539187,IC50,=,34.0,nM,7.47,CHEMBL284,Dipeptidyl peptidase 4,N[C@@H](CC(=O)N1CCC[C@H]1CNS(=O)(=O)c1ccccc1)Cc1ccccc1F,7.468521082957745,419.5220000000001,2.0551000000000004,2,4
2690367,CHEMBL561322,IC50,=,8.0,nM,8.1,CHEMBL284,Dipeptidyl peptidase 4,N[C@@H](CC(=O)N1CCC[C@H]1CNS(=O)(=O)c1ccccc1)Cc1cccc(Cl)c1,8.096910013008056,435.9770000000001,2.569400000000001,2,4
2690368,CHEMBL549842,IC50,=,53.0,nM,7.28,CHEMBL284,Dipeptidyl peptidase 4,N[C@@H](CC(=O)N1CCC[C@H]1CNS(=O)(=O)c1ccccc1F)Cc1ccccc1F,7.275724130399211,437.5120000000001,2.1942000000000004,2,4
2690369,CHEMBL562603,IC50,=,94.0,nM,7.03,CHEMBL284,Dipeptidyl peptidase 4,N[C@@H](CC(=O)N1CCC[C@H]1CNS(=O)(=O)c1cccc(F)c1)Cc1ccccc1F,7.026872146400302,437.5120000000001,2.1942000000000004,2,4
2690370,CHEMBL565056,IC50,=,27.0,nM,7.57,CHEMBL284,Dipeptidyl peptidase 4,N[C@@H](CC(=O)N1CCC[C@H]1CNS(=O)(=O)c1ccc(F)cc1)Cc1ccccc1F,7.568636235841013,437.5120000000001,2.1942000000000004,2,4
2690371,CHEMBL549432,IC50,=,20.0,nM,7.7,CHEMBL284,Dipeptidyl peptidase 4,N[C@@H](CC(=O)N1CCC[C@H]1CNS(=O)(=O)c1ccc(Cl)cc1)Cc1ccccc1F,7.698970004336019,453.96700000000016,2.7085,2,4
2690372,CHEMBL560183,IC50,=,24.0,nM,7.62,CHEMBL284,Dipeptidyl peptidase 4,N[C@@H](CC(=O)N1CCC[C@H]1CNS(=O)(=O)c1cc(Cl)ccc1Cl)Cc1ccccc1F,7.619788758288394,488.4120000000002,3.361900000000001,2,4
2690373,CHEMBL560184,IC50,=,30.0,nM,7.52,CHEMBL284,Dipeptidyl peptidase 4,N[C@@H](CC(=O)N1CCC[C@H]1CNS(=O)(=O)C1CC1)Cc1cccc(Cl)c1,7.522878745280337,399.9440000000002,1.6727,2,4
2690374,CHEMBL563272,IC50,=,8.0,nM,8.1,CHEMBL284,Dipeptidyl peptidase 4,N[C@@H](CC(=O)N1CCC[C@H]1CNS(=O)(=O)C1CC1)Cc1cc(F)c(F)cc1F,8.096910013008056,419.4690000000002,1.4365999999999997,2,4
2697712,CHEMBL385517,IC50,=,3.0,nM,8.52,CHEMBL284,Dipeptidyl peptidase 4,N#C[C@@H]1C[C@@H]2C[C@@H]2N1C(=O)[C@@H](N)C12CC3CC(CC(O)(C3)C1)C2,8.522878745280337,315.4170000000001,1.157979999999999,2,4
2697713,CHEMBL539691,IC50,=,105.0,nM,6.98,CHEMBL284,Dipeptidyl peptidase 4,Cl.N#C[C@@H]1CS[C@H]2C[C@@H](N)C(=O)N12,6.978810700930062,219.69699999999997,-0.06711999999999996,1,4
2697714,CHEMBL564670,IC50,=,26.0,nM,7.58,CHEMBL284,Dipeptidyl peptidase 4,Cl.N#C[C@@H]1CS[C@H]2C[C@](N)(c3ccccc3)C(=O)N12,7.585026652029182,295.795,1.45978,1,4
2697715,CHEMBL560583,IC50,=,56.0,nM,7.25,CHEMBL284,Dipeptidyl peptidase 4,CC[C@@]1(N)C[C@@H]2SC[C@@H](C#N)N2C1=O.Cl,7.251811972993799,247.75099999999998,0.7130800000000002,1,4
2697716,CHEMBL564854,IC50,=,33.0,nM,7.48,CHEMBL284,Dipeptidyl peptidase 4,CC(C)[C@@]1(N)C[C@@H]2SC[C@@H](C#N)N2C1=O.Cl,7.481486060122112,261.77799999999996,0.9590799999999999,1,4
2697717,CHEMBL561263,IC50,=,63.0,nM,7.2,CHEMBL284,Dipeptidyl peptidase 4,CC(C)C[C@@]1(N)C[C@@H]2SC[C@@H](C#N)N2C1=O.Cl,7.200659450546418,275.805,1.34918,1,4
2697718,CHEMBL563772,IC50,=,53.0,nM,7.28,CHEMBL284,Dipeptidyl peptidase 4,CC[C@H](C)[C@@]1(N)C[C@@H]2SC[C@@H](C#N)N2C1=O.Cl,7.275724130399211,275.805,1.34918,1,4
2697719,CHEMBL561462,IC50,=,109.0,nM,6.96,CHEMBL284,Dipeptidyl peptidase 4,Cl.N#C[C@@H]1CS[C@H]2C[C@](N)(Cc3ccccc3)C(=O)N12,6.962573502059376,309.822,1.5457800000000002,1,4
2697720,CHEMBL558956,IC50,=,89.0,nM,7.05,CHEMBL284,Dipeptidyl peptidase 4,Cl.N#C[C@@H]1CS[C@H]2C[C@](N)(C3CCCC3)C(=O)N12,7.050609993355087,287.816,1.49328,1,4
2697721,CHEMBL560985,IC50,=,59.0,nM,7.23,CHEMBL284,Dipeptidyl peptidase 4,Cl.N#C[C@@H]1CS[C@H]2C[C@](N)(C3CCCCC3)C(=O)N12,7.229147988357855,301.843,1.88338,1,4
2697722,CHEMBL558313,IC50,=,205.0,nM,6.69,CHEMBL284,Dipeptidyl peptidase 4,Cl.N#C[C@@H]1CS[C@H]2C[C@](N)(CCc3ccccc3)C(=O)N12,6.688246138944246,323.849,1.93588,1,4
2697723,CHEMBL556219,IC50,=,118.0,nM,6.93,CHEMBL284,Dipeptidyl peptidase 4,Cl.N#C[C@@H]1CS[C@H]2C[C@](N)(CC3CCCCC3)C(=O)N12,6.928117992693875,315.87000000000006,2.27348,1,4
2697724,CHEMBL552403,IC50,=,152.0,nM,6.82,CHEMBL284,Dipeptidyl peptidase 4,Cl.N#C[C@@H]1CS[C@H]2C[C@](N)(c3ccc(F)cc3)C(=O)N12,6.818156412055227,313.785,1.5988799999999999,1,4
2697778,CHEMBL558509,IC50,>,1600.0,nM,,CHEMBL284,Dipeptidyl peptidase 4,N#C[C@@H]1CS[C@H]2C[C@H](N)C(=O)N12,5.795880017344075,183.23599999999996,-0.48891999999999997,1,4
2697779,CHEMBL556220,IC50,>,16000.0,nM,,CHEMBL284,Dipeptidyl peptidase 4,N#C[C@@H]1CS[C@H]2C[C@@H](NC3CCCC3)C(=O)N12,4.795880017344075,251.35499999999993,1.0845799999999999,1,4
2697780,CHEMBL552404,IC50,>,16000.0,nM,,CHEMBL284,Dipeptidyl peptidase 4,N#C[C@@H]1CS[C@H]2C[C@@H](NCCc3ccccc3)C(=O)N12,4.795880017344075,287.38800000000003,1.3846800000000001,1,4
2697781,CHEMBL551323,IC50,>,1600.0,nM,,CHEMBL284,Dipeptidyl peptidase 4,N#C[C@@H]1CS[C@H]2CC[C@@H](N)C(=O)N12,5.795880017344075,197.263,-0.09882000000000002,1,4
2697782,CHEMBL87265,IC50,>,1600.0,nM,,CHEMBL284,Dipeptidyl peptidase 4,N#C[C@@H]1CS[C@H]2CC[C@H](N)C(=O)N12,5.795880017344075,197.263,-0.09882000000000002,1,4
2706890,CHEMBL562388,IC50,=,15.0,nM,7.82,CHEMBL284,Dipeptidyl peptidase 4,N[C@H]1Cn2c(nc3ncccc32)C[C@@H]1c1cc(F)c(F)cc1F.O=C(O)C(F)(F)F.O=C(O)C(F)(F)F,7.823908740944319,546.3460000000002,3.7824000000000018,3,5
2706891,CHEMBL541438,IC50,=,11.0,nM,7.96,CHEMBL284,Dipeptidyl peptidase 4,N[C@H]1Cn2c(nc3cnc(C(F)(F)F)cc32)C[C@@H]1c1cc(F)c(F)cc1F.O=C(O)C(F)(F)F.O=C(O)C(F)(F)F,7.958607314841775,614.3430000000002,4.8012000000000015,3,5
2706892,CHEMBL557514,IC50,=,23.0,nM,7.64,CHEMBL284,Dipeptidyl peptidase 4,Cc1cc2c(cn1)nc1n2C[C@H](N)[C@@H](c2cc(F)c(F)cc2F)C1.O=C(O)C(F)(F)F.O=C(O)C(F)(F)F,7.638272163982407,560.3730000000003,4.090820000000002,3,5
2706893,CHEMBL557447,IC50,=,15.0,nM,7.82,CHEMBL284,Dipeptidyl peptidase 4,N[C@H]1Cn2c(nc3cnc(Cl)cc32)C[C@@H]1c1cc(F)c(F)cc1F.O=C(O)C(F)(F)F.O=C(O)C(F)(F)F,7.823908740944319,580.7910000000003,4.435800000000001,3,5
2706894,CHEMBL559477,IC50,=,12.0,nM,7.92,CHEMBL284,Dipeptidyl peptidase 4,N[C@H]1Cn2c(nc3cnc(F)cc32)C[C@@H]1c1cc(F)c(F)cc1F.O=C(O)C(F)(F)F.O=C(O)C(F)(F)F,7.920818753952375,564.3360000000002,3.9215000000000018,3,5
2706895,CHEMBL552068,IC50,=,8.3,nM,8.08,CHEMBL284,Dipeptidyl peptidase 4,Cl.N[C@H]1Cn2c(nc3cnccc32)C[C@@H]1c1cc(F)c(F)cc1F,8.080921907623926,354.76300000000003,2.9376000000000015,1,3
2706896,CHEMBL562188,IC50,=,6.7,nM,8.17,CHEMBL284,Dipeptidyl peptidase 4,N[C@H]1Cn2c(nc3cnccc32)C[C@@H]1c1cc(F)c(F)cc1F.O=C(O)C(F)(F)F.O=C(O)C(F)(F)F,8.173925197299173,546.3460000000002,3.7824000000000018,3,5
2706897,CHEMBL549502,IC50,=,51.0,nM,7.29,CHEMBL284,Dipeptidyl peptidase 4,N[C@H]1Cn2c(nc3ccncc32)C[C@@H]1c1cc(F)c(F)cc1F.O=C(O)C(F)(F)F.O=C(O)C(F)(F)F,7.292429823902063,546.3460000000001,3.7824000000000018,3,5
2706898,CHEMBL560926,IC50,=,329.0,nM,6.48,CHEMBL284,Dipeptidyl peptidase 4,N[C@H]1Cn2c(nc3cccnc32)C[C@@H]1c1cc(F)c(F)cc1F.O=C(O)C(F)(F)F.O=C(O)C(F)(F)F,6.482804102050026,546.3460000000001,3.7824000000000018,3,5
2706899,CHEMBL556494,IC50,=,8.6,nM,8.07,CHEMBL284,Dipeptidyl peptidase 4,CC(=O)Nc1ccc2c(c1)nc1n2C[C@H](N)[C@@H](c2cc(F)c(F)cc2F)C1.O=C(O)C(F)(F)F,8.065501548756432,488.3880000000001,3.7125000000000012,3,4
2706900,CHEMBL561793,IC50,=,7.1,nM,8.15,CHEMBL284,Dipeptidyl peptidase 4,CS(=O)(=O)Nc1ccc2c(c1)nc1n2C[C@H](N)[C@@H](c2cc(F)c(F)cc2F)C1.O=C(O)C(F)(F)F,8.148741651280925,524.4430000000002,3.1256000000000013,3,5
2706901,CHEMBL560729,IC50,=,52.0,nM,7.28,CHEMBL284,Dipeptidyl peptidase 4,CN(C)C(=O)c1ccc2c(c1)nc1n2C[C@H](N)[C@@H](c2cc(F)c(F)cc2F)C1.O=C(O)C(F)(F)F,7.2839966563652006,502.4150000000001,3.4559000000000006,2,4
2706902,CHEMBL563383,IC50,=,13.0,nM,7.89,CHEMBL284,Dipeptidyl peptidase 4,N[C@H]1Cn2c(nc3cc(C(=O)O)ccc32)C[C@@H]1c1cc(F)c(F)cc1F.O=C(O)C(F)(F)F,7.886056647693163,475.3450000000001,3.452300000000001,3,4
2706903,CHEMBL549645,IC50,=,56.0,nM,7.25,CHEMBL284,Dipeptidyl peptidase 4,CS(=O)(=O)c1ccc2nc3n(c2c1)C[C@H](N)[C@@H](c1cc(F)c(F)cc1F)C3.O=C(O)C(F)(F)F,7.251811972993799,509.42800000000017,3.1576000000000013,2,5
2706904,CHEMBL560192,IC50,=,8.0,nM,8.1,CHEMBL284,Dipeptidyl peptidase 4,CCS(=O)(=O)c1ccc2c(c1)nc1n2C[C@H](N)[C@@H](c2cc(F)c(F)cc2F)C1.O=C(O)C(F)(F)F,8.096910013008056,523.4550000000002,3.5477000000000016,2,5
2706905,CHEMBL559940,IC50,=,4.2,nM,8.38,CHEMBL284,Dipeptidyl peptidase 4,CS(=O)(=O)c1ccc2c(c1)nc1n2C[C@H](N)[C@@H](c2cc(F)c(F)cc2F)C1.O=C(O)C(F)(F)F,8.3767507096021,509.42800000000017,3.1576000000000013,2,5
2706906,CHEMBL550801,IC50,=,47.0,nM,7.33,CHEMBL284,Dipeptidyl peptidase 4,N[C@H]1Cn2c(nc3ccc(C(F)(F)F)cc32)C[C@@H]1c1cc(F)c(F)cc1F.O=C(O)C(F)(F)F,7.327902142064283,499.333,4.772900000000002,2,3
2706907,CHEMBL552479,IC50,=,14.0,nM,7.85,CHEMBL284,Dipeptidyl peptidase 4,N[C@H]1Cn2c(nc3cc(C(F)(F)F)ccc32)C[C@@H]1c1cc(F)c(F)cc1F.O=C(O)C(F)(F)F,7.853871964321762,499.3330000000001,4.772900000000002,2,3
2706908,CHEMBL562953,IC50,=,18.0,nM,7.75,CHEMBL284,Dipeptidyl peptidase 4,Cc1ccc2c(c1)nc1n2C[C@H](N)[C@@H](c2cc(F)c(F)cc2F)C1.O=C(O)C(F)(F)F,7.7447274948966935,445.3630000000001,4.062520000000002,2,3
2706909,CHEMBL563155,IC50,=,53.0,nM,7.28,CHEMBL284,Dipeptidyl peptidase 4,N[C@H]1Cn2c(nc3ccc(OC(F)(F)F)cc32)C[C@@H]1c1cc(F)c(F)cc1F.O=C(O)C(F)(F)F,7.275724130399211,515.3320000000001,4.652700000000002,2,4
2706910,CHEMBL550598,IC50,=,28.0,nM,7.55,CHEMBL284,Dipeptidyl peptidase 4,COc1ccc2c(c1)nc1n2C[C@H](N)[C@@H](c2cc(F)c(F)cc2F)C1.O=C(O)C(F)(F)F,7.552841968657781,461.36200000000014,3.7627000000000015,2,4
2706911,CHEMBL562530,IC50,=,22.0,nM,7.66,CHEMBL284,Dipeptidyl peptidase 4,N[C@H]1Cn2c(nc3c(F)c(F)c(F)cc32)C[C@@H]1c1cc(F)c(F)cc1F.O=C(O)C(F)(F)F,7.657577319177793,485.30600000000004,4.171400000000001,2,3
2706912,CHEMBL558253,IC50,=,47.0,nM,7.33,CHEMBL284,Dipeptidyl peptidase 4,N[C@H]1Cn2c(nc3c(F)cc(F)cc32)C[C@@H]1c1cc(F)c(F)cc1F.O=C(O)C(F)(F)F,7.327902142064283,467.3160000000001,4.032300000000002,2,3
2706913,CHEMBL560669,IC50,=,17.0,nM,7.77,CHEMBL284,Dipeptidyl peptidase 4,N[C@H]1Cn2c(nc3ccc(F)cc32)C[C@@H]1c1cc(F)c(F)cc1F.O=C(O)C(F)(F)F,7.769551078621726,449.326,3.893200000000002,2,3
2706914,CHEMBL552071,IC50,=,77.0,nM,7.11,CHEMBL284,Dipeptidyl peptidase 4,N[C@H]1Cn2c(nc3cc(F)ccc32)C[C@@H]1c1cc(F)c(F)cc1F.O=C(O)C(F)(F)F,7.113509274827518,449.3260000000001,3.893200000000002,2,3
2706915,CHEMBL537962,IC50,=,30.0,nM,7.52,CHEMBL284,Dipeptidyl peptidase 4,N[C@H]1Cn2c(nc3c(F)cccc32)C[C@@H]1c1cc(F)c(F)cc1F.O=C(O)C(F)(F)F,7.522878745280337,449.3260000000001,3.893200000000002,2,3
2706916,CHEMBL549913,IC50,=,68.0,nM,7.17,CHEMBL284,Dipeptidyl peptidase 4,N[C@H]1Cn2c(nc3ccccc32)C[C@@H]1c1cc(F)c(F)cc1F.O=C(O)C(F)(F)F,7.167491087293763,431.336,3.754100000000002,2,3
2712718,CHEMBL558647,IC50,=,2.7,nM,8.57,CHEMBL284,Dipeptidyl peptidase 4,N[C@@H](CC(=O)N1CCC[C@H]1CN(C1CC1)S(=O)(=O)C(F)(F)F)Cc1cc(F)c(F)cc1F,8.568636235841012,487.4660000000001,2.668800000000001,1,4
2712719,CHEMBL558452,IC50,=,1.5,nM,8.82,CHEMBL284,Dipeptidyl peptidase 4,CN(C[C@@H]1CCCN1C(=O)C[C@H](N)Cc1cc(F)c(F)cc1F)S(=O)(=O)C(F)(F)F,8.823908740944319,461.42800000000005,2.1361999999999997,1,4
2712720,CHEMBL559602,IC50,=,5.6,nM,8.25,CHEMBL284,Dipeptidyl peptidase 4,N[C@@H](CC(=O)N1CCC[C@H]1CNS(=O)(=O)CC(F)(F)F)Cc1cc(F)c(F)cc1F,8.2518119729938,461.4280000000001,1.8364999999999996,2,4
2712721,CHEMBL564283,IC50,=,12.0,nM,7.92,CHEMBL284,Dipeptidyl peptidase 4,N[C@@H](CC(=O)N1CCC[C@H]1CNS(=O)(=O)C(F)(F)F)Cc1cc(F)c(F)cc1F,7.920818753952375,447.4010000000001,1.7939999999999996,2,4
2712722,CHEMBL559543,IC50,=,27.0,nM,7.57,CHEMBL284,Dipeptidyl peptidase 4,CS(=O)(=O)NC[C@@H]1CCCN1C(=O)C[C@H](N)Cc1cc(F)c(F)cc1F,7.568636235841013,393.43100000000004,0.9040000000000002,2,4
2712723,CHEMBL559601,IC50,=,7.8,nM,8.11,CHEMBL284,Dipeptidyl peptidase 4,CN(C[C@@H]1CCCN1C(=O)C[C@H](N)Cc1cc(F)c(F)cc1F)C(=O)C(C)(F)F,8.10790539730952,421.4100000000001,2.4684,1,3
2712724,CHEMBL550321,IC50,=,6.8,nM,8.17,CHEMBL284,Dipeptidyl peptidase 4,CN(C[C@@H]1CCCN1C(=O)C[C@H](N)Cc1cc(F)c(F)cc1F)C(=O)C(C)(C)C,8.167491087293763,413.48400000000015,2.859300000000001,1,3
2712725,CHEMBL564105,IC50,=,1.1,nM,8.96,CHEMBL284,Dipeptidyl peptidase 4,CN(C[C@@H]1CCCN1C(=O)C[C@H](N)Cc1cc(F)c(F)cc1F)C(=O)C1CC1,8.958607314841775,397.44100000000014,2.2232000000000003,1,3
2712726,CHEMBL550114,IC50,=,3.5,nM,8.46,CHEMBL284,Dipeptidyl peptidase 4,N[C@@H](CC(=O)N1CCC[C@H]1CNC(=O)CC(F)(F)F)Cc1cc(F)c(F)cc1F,8.455931955649724,425.3730000000001,2.4234,2,3
2712727,CHEMBL557860,IC50,=,5.9,nM,8.23,CHEMBL284,Dipeptidyl peptidase 4,CC(F)(F)C(=O)NC[C@@H]1CCCN1C(=O)C[C@H](N)Cc1cc(F)c(F)cc1F,8.229147988357855,407.3830000000001,2.1262,2,3
2712728,CHEMBL558323,IC50,=,6.3,nM,8.2,CHEMBL284,Dipeptidyl peptidase 4,CC(C)(F)C(=O)NC[C@@H]1CCCN1C(=O)C[C@H](N)Cc1cc(F)c(F)cc1F,8.200659450546418,403.4200000000001,2.2191,2,3
2712729,CHEMBL558322,IC50,=,3.7,nM,8.43,CHEMBL284,Dipeptidyl peptidase 4,CC(C)(C)C(=O)NC[C@@H]1CCCN1C(=O)C[C@H](N)Cc1cc(F)c(F)cc1F,8.431798275933005,399.45700000000005,2.517100000000001,2,3
2712730,CHEMBL557723,IC50,=,4.8,nM,8.32,CHEMBL284,Dipeptidyl peptidase 4,N[C@@H](CC(=O)N1CCC[C@H]1CNC(=O)C1CCCC1)Cc1cc(F)c(F)cc1F,8.318758762624412,411.46800000000013,2.6612,2,3
2712731,CHEMBL563901,IC50,=,2.2,nM,8.66,CHEMBL284,Dipeptidyl peptidase 4,N[C@@H](CC(=O)N1CCC[C@H]1CNC(=O)C1CCC1)Cc1cc(F)c(F)cc1F,8.657577319177793,397.4410000000001,2.2710999999999997,2,3
2712732,CHEMBL554908,IC50,=,1.3,nM,8.89,CHEMBL284,Dipeptidyl peptidase 4,N[C@@H](CC(=O)N1CCC[C@H]1CNC(=O)C1CC1(F)F)Cc1cc(F)c(F)cc1F,8.886056647693163,419.3940000000001,2.1262,2,3
2712733,CHEMBL552069,IC50,=,2.7,nM,8.57,CHEMBL284,Dipeptidyl peptidase 4,N[C@@H](CC(=O)N1CCC[C@H]1CNC(=O)C1(C(F)(F)F)CC1)Cc1cc(F)c(F)cc1F,8.568636235841012,451.4110000000002,2.8135000000000012,2,3
2712734,CHEMBL549992,IC50,=,10.0,nM,8.0,CHEMBL284,Dipeptidyl peptidase 4,N[C@@H](CC(=O)N1CCC[C@H]1COCC1CC1)Cc1cc(F)c(F)cc1F,8.0,370.41499999999996,2.7814000000000005,1,3
2712735,CHEMBL557315,IC50,=,6.1,nM,8.21,CHEMBL284,Dipeptidyl peptidase 4,N[C@@H](CC(=O)N1CCC[C@H]1COc1ccnc(C(F)(F)F)n1)Cc1cc(F)c(F)cc1F,8.214670164989233,462.3940000000001,3.2426000000000013,1,5
2712736,CHEMBL565101,IC50,=,2.3,nM,8.64,CHEMBL284,Dipeptidyl peptidase 4,N#Cc1ccnc(OC[C@@H]2CCCN2C(=O)C[C@H](N)Cc2cc(F)c(F)cc2F)c1,8.638272163982407,418.4190000000001,2.7004800000000007,1,5
2712737,CHEMBL563849,IC50,=,2.0,nM,8.7,CHEMBL284,Dipeptidyl peptidase 4,N#Cc1ccc(OC[C@@H]2CCCN2C(=O)C[C@H](N)Cc2cc(F)c(F)cc2F)nc1,8.698970004336019,418.41900000000004,2.7004800000000007,1,5
2712738,CHEMBL549296,IC50,=,3.9,nM,8.41,CHEMBL284,Dipeptidyl peptidase 4,N[C@@H](CC(=O)N1CCC[C@H]1CNc1nccc(C(F)(F)F)n1)Cc1cc(F)c(F)cc1F,8.4089353929735,461.41000000000014,3.2757000000000014,2,5
2712739,CHEMBL549581,IC50,=,7.1,nM,8.15,CHEMBL284,Dipeptidyl peptidase 4,N[C@@H](CC(=O)N1CCC[C@H]1CNc1ncc(F)cn1)Cc1cc(F)c(F)cc1F,8.148741651280925,411.40300000000013,2.396,2,5
2712740,CHEMBL564488,IC50,=,5.4,nM,8.27,CHEMBL284,Dipeptidyl peptidase 4,N[C@@H](CC(=O)N1CCC[C@H]1CNc1ncccn1)Cc1cc(F)c(F)cc1F,8.267606240177031,393.4130000000001,2.2569,2,5
2712741,CHEMBL562467,IC50,=,15.0,nM,7.82,CHEMBL284,Dipeptidyl peptidase 4,N[C@@H](CC(=O)N1CCC[C@H]1CNc1ccc(C(F)(F)F)nc1)Cc1cc(F)c(F)cc1F,7.823908740944319,460.42200000000014,3.8807000000000027,2,4
2712742,CHEMBL556708,IC50,=,6.3,nM,8.2,CHEMBL284,Dipeptidyl peptidase 4,N[C@@H](CC(=O)N1CCC[C@H]1CNc1ccc(F)cn1)Cc1cc(F)c(F)cc1F,8.200659450546418,410.41500000000013,3.0010000000000012,2,4
2712743,CHEMBL562072,IC50,=,3.2,nM,8.49,CHEMBL284,Dipeptidyl peptidase 4,N#Cc1cccnc1NC[C@@H]1CCCN1C(=O)C[C@H](N)Cc1cc(F)c(F)cc1F,8.494850021680094,417.43500000000006,2.733580000000001,2,5
2712744,CHEMBL552127,IC50,=,4.0,nM,8.4,CHEMBL284,Dipeptidyl peptidase 4,CN(C[C@@H]1CCCN1C(=O)C[C@H](N)Cc1cc(F)c(F)cc1F)c1ccc(C#N)cn1,8.397940008672037,431.4620000000001,2.757880000000001,1,5
2712745,CHEMBL563244,IC50,=,3.5,nM,8.46,CHEMBL284,Dipeptidyl peptidase 4,N#Cc1ccc(NC[C@@H]2CCCN2C(=O)C[C@H](N)Cc2cc(F)c(F)cc2F)nc1,8.455931955649724,417.43500000000006,2.733580000000001,2,5
2713676,CHEMBL1202082,IC50,=,53.5,nM,7.27,CHEMBL284,Dipeptidyl peptidase 4,CCCCN1CCN(CCNCC(=O)N2CCC[C@@H]2C#N)C1=O.O=C(O)C(=O)O,7.2716462179787715,411.4590000000001,-0.21611999999999681,3,6
2713677,CHEMBL1202090,IC50,=,68.1,nM,7.17,CHEMBL284,Dipeptidyl peptidase 4,CC(C)(C)N1CCN(CCNCC(=O)N2CCC[C@@H]2C#N)C1=O.O=C(O)C(=O)O,7.166852888087215,411.4590000000001,-0.21771999999999664,3,6
2713678,CHEMBL1202091,IC50,=,47.8,nM,7.32,CHEMBL284,Dipeptidyl peptidase 4,CC(C)N1CCN(CCNCC(=O)N2CCC[C@@H]2C#N)C1=O.O=C(O)C(=O)O,7.320572103387881,397.43200000000013,-0.6078199999999956,3,6
2713679,CHEMBL1202092,IC50,=,68.6,nM,7.16,CHEMBL284,Dipeptidyl peptidase 4,N#C[C@H]1CCCN1C(=O)CNCCN1CCN(C2CCCCC2)C1=O.O=C(O)C(=O)O,7.163675884293248,437.49700000000036,0.3164800000000024,3,6
2713680,CHEMBL1202083,IC50,=,34.8,nM,7.46,CHEMBL284,Dipeptidyl peptidase 4,N#C[C@H]1CCCN1C(=O)CNCCN1CCN(c2ccccc2)C1=O.O=C(O)C(=O)O,7.458420756053419,431.4490000000001,0.18838000000000277,3,6
2713681,CHEMBL1202086,IC50,=,29.3,nM,7.53,CHEMBL284,Dipeptidyl peptidase 4,Cc1ccc(N2CCN(CCNCC(=O)N3CCC[C@@H]3C#N)C2=O)cc1.O=C(O)C(=O)O,7.533132379645891,445.4760000000002,0.4968000000000016,3,6
2713682,CHEMBL1202093,IC50,=,82.4,nM,7.08,CHEMBL284,Dipeptidyl peptidase 4,COc1ccc(N2CCN(CCNCC(=O)N3CCC[C@@H]3C#N)C2=O)cc1.O=C(O)C(=O)O,7.084072788302884,461.47500000000025,0.1969800000000016,3,7
2713683,CHEMBL1202081,IC50,=,65.1,nM,7.19,CHEMBL284,Dipeptidyl peptidase 4,COc1cccc(N2CCN(CCNCC(=O)N3CCC[C@@H]3C#N)C2=O)c1.O=C(O)C(=O)O,7.186419011431808,461.47500000000025,0.1969800000000025,3,7
2713684,CHEMBL1202089,IC50,=,25.8,nM,7.59,CHEMBL284,Dipeptidyl peptidase 4,N#C[C@H]1CCCN1C(=O)CNCCN1CCN(c2ccc(Cl)cc2)C1=O.O=C(O)C(=O)O,7.58838029403677,465.8940000000002,0.8417800000000006,3,6
2713685,CHEMBL1202087,IC50,=,44.5,nM,7.35,CHEMBL284,Dipeptidyl peptidase 4,N#C[C@H]1CCCN1C(=O)CNCCN1CCN(c2ccc(F)cc2)C1=O.O=C(O)C(=O)O,7.351639989019068,449.43900000000014,0.327480000000001,3,6
2713686,CHEMBL1202088,IC50,=,60.1,nM,7.22,CHEMBL284,Dipeptidyl peptidase 4,N#C[C@H]1CCCN1C(=O)CNCCN1CCN(c2cccc(F)c2)C1=O.O=C(O)C(=O)O,7.221125527997261,449.43900000000014,0.327480000000001,3,6
2713687,CHEMBL1202084,IC50,=,133.6,nM,6.87,CHEMBL284,Dipeptidyl peptidase 4,N#C[C@H]1CCCN1C(=O)CNCCN1CCN(c2ccccc2F)C1=O.O=C(O)C(=O)O,6.874193541860473,449.43900000000014,0.327480000000001,3,6
2713688,CHEMBL1202094,IC50,=,20.4,nM,7.69,CHEMBL284,Dipeptidyl peptidase 4,COc1cc(OC)cc(N2CCN(CCNCC(=O)N3CCC[C@@H]3C#N)C2=O)c1.O=C(O)C(=O)O,7.690369832574102,491.50100000000026,0.20558000000000198,3,8
2713689,CHEMBL1202080,IC50,=,2.0,nM,8.7,CHEMBL284,Dipeptidyl peptidase 4,COc1ccc(N2CCN(CCNCC(=O)N3CCC[C@@H]3C#N)C2=O)cc1OC.O=C(O)C(=O)O,8.698970004336019,491.5010000000003,0.20558000000000176,3,8
2713690,CHEMBL1202085,IC50,=,165.6,nM,6.78,CHEMBL284,Dipeptidyl peptidase 4,COc1cc(N2CCN(CCNCC(=O)N3CCC[C@@H]3C#N)C2=O)cc(OC)c1OC.O=C(O)C(=O)O,6.780939667551139,521.5270000000004,0.2141800000000028,3,9
2713692,CHEMBL376359,IC50,<,10.0,nM,,CHEMBL284,Dipeptidyl peptidase 4,Cn1c(=O)cc(N2CCC[C@@H](N)C2)n(Cc2ccccc2C#N)c1=O,8.0,339.39900000000006,0.3944800000000006,1,5
2993840,CHEMBL567263,IC50,=,90.0,nM,7.05,CHEMBL284,Dipeptidyl peptidase 4,N[C@@H](CCN1CCC[C@H]1CNC(=O)c1ccccc1)Cc1ccccc1F,7.045757490560675,369.4840000000001,2.9800000000000013,2,3
2993841,CHEMBL566460,IC50,=,31.0,nM,7.51,CHEMBL284,Dipeptidyl peptidase 4,N[C@@H](CCN1CCC[C@H]1c1nc(-c2ccccc2)no1)Cc1ccccc1F,7.508638306165727,380.46700000000016,3.9727000000000032,1,5
2993842,CHEMBL585663,IC50,=,90.0,nM,7.05,CHEMBL284,Dipeptidyl peptidase 4,N[C@@H](CCN1CCC[C@H]1c1noc(-c2ccccc2)n1)Cc1ccccc1F,7.045757490560675,380.4670000000001,3.9727000000000032,1,5
2993843,CHEMBL565613,IC50,=,62.0,nM,7.21,CHEMBL284,Dipeptidyl peptidase 4,N[C@@H](CCN1CCC[C@H]1c1ncn(-c2ccccc2)n1)Cc1ccccc1F,7.2076083105017466,379.4830000000001,3.503400000000002,1,4
2993844,CHEMBL584276,IC50,=,120.0,nM,6.92,CHEMBL284,Dipeptidyl peptidase 4,N[C@@H](CCN1CCC[C@H]1c1nnc(-c2ccccc2)o1)Cc1ccccc1F,6.920818753952375,380.46700000000016,3.9727000000000032,1,5
2993845,CHEMBL566617,IC50,=,76.0,nM,7.12,CHEMBL284,Dipeptidyl peptidase 4,N[C@@H](CCN1CCC[C@H]1c1nc(-c2ccccc2)co1)Cc1ccccc1F,7.119186407719209,379.47900000000016,4.5777000000000045,1,4
2993846,CHEMBL565999,IC50,=,180.0,nM,6.75,CHEMBL284,Dipeptidyl peptidase 4,N[C@@H](CCN1CCC[C@H]1c1ccn(-c2ccccc2)n1)Cc1ccccc1F,6.7447274948966935,378.4950000000001,4.108400000000003,1,3
2993847,CHEMBL566854,IC50,=,130.0,nM,6.89,CHEMBL284,Dipeptidyl peptidase 4,N[C@@H](CCN1CCC[C@H]1c1cn(-c2ccccc2)nn1)Cc1ccccc1F,6.886056647693163,379.4830000000001,3.503400000000002,1,4
2994443,CHEMBL1090,IC50,=,62.0,nM,7.21,CHEMBL284,Dipeptidyl peptidase 4,Nc1ncnc2c1ncn2[C@@H]1O[C@H](CO)[C@@H](O)[C@@H]1O,7.2076083105017466,267.245,-1.9800000000000006,4,8
2995124,CHEMBL567278,IC50,=,7.0,nM,8.15,CHEMBL284,Dipeptidyl peptidase 4,N[C@@H](CC(=O)N1CCC[C@H]1c1nc(C2CC2)no1)Cc1cc(F)c(F)cc1F,8.154901959985743,394.3970000000001,2.9879000000000007,1,5
2995125,CHEMBL565633,IC50,=,2.0,nM,8.7,CHEMBL284,Dipeptidyl peptidase 4,CC(C)(C)c1noc([C@@H]2CCCN2C(=O)C[C@H](N)Cc2cc(F)c(F)cc2F)n1,8.698970004336019,410.44000000000005,3.4080000000000013,1,5
2995126,CHEMBL566672,IC50,=,3.0,nM,8.52,CHEMBL284,Dipeptidyl peptidase 4,N[C@@H](CC(=O)N1CCC[C@H]1c1nc(CC2CC2)no1)Cc1cc(F)c(F)cc1F,8.522878745280337,408.4240000000001,3.0630000000000006,1,5
2995127,CHEMBL565813,IC50,=,2.0,nM,8.7,CHEMBL284,Dipeptidyl peptidase 4,N[C@@H](CC(=O)N1CCC[C@H]1c1nc(C2(C(F)(F)F)CC2)no1)Cc1cc(F)c(F)cc1F,8.698970004336019,462.39400000000023,3.7044000000000024,1,5
2995128,CHEMBL585129,IC50,=,4.0,nM,8.4,CHEMBL284,Dipeptidyl peptidase 4,N[C@@H](CC(=O)N1CCC[C@H]1c1nc(N2CCOCC2)no1)Cc1cc(F)c(F)cc1F,8.397940008672037,439.43800000000016,1.9470999999999994,1,7
2995129,CHEMBL566616,IC50,=,4.0,nM,8.4,CHEMBL284,Dipeptidyl peptidase 4,N[C@@H](CC(=O)N1CCC[C@H]1c1nc(N2CCCC2)no1)Cc1cc(F)c(F)cc1F,8.397940008672037,423.4390000000001,2.710700000000001,1,6
2995130,CHEMBL566425,IC50,=,1.0,nM,9.0,CHEMBL284,Dipeptidyl peptidase 4,CS(=O)(=O)N1CC(c2noc([C@@H]3CCCN3C(=O)C[C@H](N)Cc3cc(F)c(F)cc3F)n2)C1,9.0,487.50400000000025,1.4692999999999996,1,7
2995131,CHEMBL567279,IC50,=,5.0,nM,8.3,CHEMBL284,Dipeptidyl peptidase 4,CC(=O)N1CC(c2noc([C@@H]3CCCN3C(=O)C[C@H](N)Cc3cc(F)c(F)cc3F)n2)C1,8.301029995663981,451.4490000000001,2.0562,1,6
2995132,CHEMBL584494,IC50,=,10.0,nM,8.0,CHEMBL284,Dipeptidyl peptidase 4,N[C@@H](CC(=O)N1CCC[C@H]1c1nc(-c2ccccn2)no1)Cc1cc(F)c(F)cc1F,8.0,431.4180000000002,3.172500000000001,1,6
2995133,CHEMBL566628,IC50,=,2.0,nM,8.7,CHEMBL284,Dipeptidyl peptidase 4,N[C@@H](CC(=O)N1CCC[C@H]1c1nc(-c2cnccn2)no1)Cc1cc(F)c(F)cc1F,8.698970004336019,432.4060000000002,2.5675,1,7
2995134,CHEMBL567727,IC50,=,4.0,nM,8.4,CHEMBL284,Dipeptidyl peptidase 4,N[C@@H](CC(=O)N1CCC[C@H]1c1nc(-c2ncccn2)no1)Cc1cc(F)c(F)cc1F,8.397940008672037,432.4060000000002,2.5675,1,7
2995135,CHEMBL566829,IC50,=,3.0,nM,8.52,CHEMBL284,Dipeptidyl peptidase 4,N[C@@H](CC(=O)N1CCC[C@H]1c1nc(-c2ncc(F)cc2F)no1)Cc1cc(F)c(F)cc1F,8.522878745280337,467.39800000000014,3.450700000000002,1,6
2995136,CHEMBL566419,IC50,=,17.0,nM,7.77,CHEMBL284,Dipeptidyl peptidase 4,N[C@@H](CC(=O)N1CCC[C@H]1c1noc(C2CC2)n1)Cc1cc(F)c(F)cc1F,7.769551078621726,394.3970000000001,2.9879000000000007,1,5
2995137,CHEMBL584692,IC50,=,11.0,nM,7.96,CHEMBL284,Dipeptidyl peptidase 4,N[C@@H](CC(=O)N1CCC[C@H]1c1noc(C2(C(F)(F)F)CC2)n1)Cc1cc(F)c(F)cc1F,7.958607314841775,462.3940000000002,3.7044000000000024,1,5
2995138,CHEMBL584698,IC50,=,17.0,nM,7.77,CHEMBL284,Dipeptidyl peptidase 4,N[C@@H](CC(=O)N1CCC[C@H]1c1noc(C2(O)CC2)n1)Cc1cc(F)c(F)cc1F,7.769551078621726,410.3960000000001,2.091899999999999,2,6
2995139,CHEMBL585290,IC50,=,22.0,nM,7.66,CHEMBL284,Dipeptidyl peptidase 4,N[C@@H](CC(=O)N1CCC[C@H]1c1noc(C2(F)CC2)n1)Cc1cc(F)c(F)cc1F,7.657577319177793,412.38700000000006,3.0691000000000015,1,5
2995140,CHEMBL567728,IC50,=,16.0,nM,7.8,CHEMBL284,Dipeptidyl peptidase 4,CC(C)(F)c1nc([C@@H]2CCCN2C(=O)C[C@H](N)Cc2cc(F)c(F)cc2F)no1,7.795880017344075,414.403,3.315100000000001,1,5
2995141,CHEMBL565600,IC50,=,2.0,nM,8.7,CHEMBL284,Dipeptidyl peptidase 4,CC1(c2nc([C@@H]3CCCN3C(=O)C[C@H](N)Cc3cc(F)c(F)cc3F)no2)COC1,8.698970004336019,424.4230000000001,2.3984000000000005,1,6
2995142,CHEMBL567270,IC50,=,28.0,nM,7.55,CHEMBL284,Dipeptidyl peptidase 4,N[C@@H](CC(=O)N1CCC[C@H]1c1ncn(-c2ccccn2)n1)Cc1cc(F)c(F)cc1F,7.552841968657781,430.43400000000014,2.7032,1,5
2995143,CHEMBL568111,IC50,=,32.0,nM,7.5,CHEMBL284,Dipeptidyl peptidase 4,CC(C)(C)c1nc([C@@H]2CCCN2C(=O)C[C@H](N)Cc2cc(F)c(F)cc2F)no1,7.494850021680094,410.44000000000005,3.4080000000000013,1,5
3003679,CHEMBL567893,IC50,=,10000.0,nM,5.0,CHEMBL284,Dipeptidyl peptidase 4,COC(=O)[C@@H]1CCCN1C(=O)[C@@H](Cc1ccccc1)N(C)C(=O)[C@H](C)NC(=O)[C@@H](NC(=O)C[C@H](O)[C@H](CC(C)C)NC(=O)[C@H](CC(N)=O)NC(=O)[C@H](CC(C)C)NC(=O)[C@H](OC(=O)[C@@H](OC(=O)[C@H](C(C)C)N(C)C)C(C)C)C(C)C)[C@@H](C)O,5.0,1174.4449999999988,0.48519999999999347,8,17
3099269,CHEMBL590326,IC50,=,510.0,nM,6.29,CHEMBL284,Dipeptidyl peptidase 4,COc1cc2c(cc1OC)C1CC(N)C(N3CCCC3=O)CN1CC2,6.292429823902063,345.44300000000015,1.3250000000000002,1,5
3099270,CHEMBL592779,IC50,=,30.0,nM,7.52,CHEMBL284,Dipeptidyl peptidase 4,COc1cc2c(cc1OC)C1CC(N)C(N3CCCCC3=O)CN1CC2,7.522878745280337,359.4700000000002,1.7150999999999998,1,5
3099271,CHEMBL592778,IC50,=,22.0,nM,7.66,CHEMBL284,Dipeptidyl peptidase 4,COc1cc2c(cc1OC)[C@@H]1C[C@H](N)[C@@H](N3CCCCC3=O)CN1CC2,7.657577319177793,359.4700000000002,1.7150999999999998,1,5
3099272,CHEMBL600440,IC50,=,7800.0,nM,5.11,CHEMBL284,Dipeptidyl peptidase 4,COc1cc2c(cc1OC)[C@H]1C[C@@H](N)[C@H](N3CCCCC3=O)CN1CC2,5.107905397309519,359.4700000000002,1.7150999999999998,1,5
3099273,CHEMBL592547,IC50,=,430.0,nM,6.37,CHEMBL284,Dipeptidyl peptidase 4,COc1cc2c(cc1OC)C1CC(N)C(N3CCCCCC3=O)CN1CC2,6.366531544420414,373.49700000000024,2.1052,1,5
3099274,CHEMBL605285,IC50,=,1330.0,nM,5.88,CHEMBL284,Dipeptidyl peptidase 4,COc1cc2c(cc1OC)C1CC(N)C(N3CCC[S+]3[O-])CN1CC2,5.876148359032914,365.49900000000014,1.0719999999999996,1,6
3099275,CHEMBL589598,IC50,=,142.0,nM,6.85,CHEMBL284,Dipeptidyl peptidase 4,COc1cc2c(cc1OC)C1CC(N)C(N3CCCC[S+]3[O-])CN1CC2,6.847711655616943,379.5260000000002,1.4621000000000002,1,6
3099276,CHEMBL590330,IC50,=,1150.0,nM,5.94,CHEMBL284,Dipeptidyl peptidase 4,COc1cc2c(cc1OC)C1CC(N)C(N3CCOC3=O)CN1CC2,5.939302159646388,347.41500000000013,1.1548,1,6
3099277,CHEMBL600045,IC50,=,142.0,nM,6.85,CHEMBL284,Dipeptidyl peptidase 4,COc1cc2c(cc1OC)C1CC(N)C(N3CCCOC3=O)CN1CC2,6.847711655616943,361.4420000000002,1.5448999999999997,1,6
3099278,CHEMBL590086,IC50,=,19.0,nM,7.72,CHEMBL284,Dipeptidyl peptidase 4,COc1cc2c(cc1OC)C1CC(N)C(N3CCC(C)CC3=O)CN1CC2,7.721246399047171,373.4970000000002,1.9610999999999998,1,5
3099279,CHEMBL590329,IC50,=,3.7,nM,8.43,CHEMBL284,Dipeptidyl peptidase 4,COc1cc2c(cc1OC)C1CC(N)C(N3CC(C)CCC3=O)CN1CC2,8.431798275933005,373.49700000000024,1.9610999999999998,1,5
3099280,CHEMBL590812,IC50,=,9.3,nM,8.03,CHEMBL284,Dipeptidyl peptidase 4,COc1cc2c(cc1OC)C1CC(N)C(N3CC(C)CC3=O)CN1CC2,8.031517051446064,359.4700000000002,1.5710000000000002,1,5
3099281,CHEMBL601074,IC50,=,13.0,nM,7.89,CHEMBL284,Dipeptidyl peptidase 4,CCC1CC(=O)N(C2CN3CCc4cc(OC)c(OC)cc4C3CC2N)C1,7.886056647693163,373.4970000000001,1.9610999999999998,1,5
3099282,CHEMBL591060,IC50,=,10000.0,nM,5.0,CHEMBL284,Dipeptidyl peptidase 4,COc1cc2c(cc1OC)C1CC(N)C(N3CCC(C)C3=O)CN1CC2,5.0,359.47000000000014,1.5710000000000002,1,5
3099283,CHEMBL591289,IC50,=,2200.0,nM,5.66,CHEMBL284,Dipeptidyl peptidase 4,COc1cc2c(cc1OC)C1CC(N)C(N3C(=O)CCC3C)CN1CC2,5.657577319177793,359.4700000000002,1.7135,1,5
3099284,CHEMBL591290,IC50,=,13.0,nM,7.89,CHEMBL284,Dipeptidyl peptidase 4,COc1cc2c(cc1OC)[C@@H]1C[C@H](N)[C@@H](N3C[C@@H](C)CC3=O)CN1CC2,7.886056647693163,359.4700000000002,1.5710000000000002,1,5
3099285,CHEMBL591291,IC50,=,2.6,nM,8.59,CHEMBL284,Dipeptidyl peptidase 4,COc1cc2c(cc1OC)[C@@H]1C[C@H](N)[C@@H](N3C[C@H](C)CC3=O)CN1CC2,8.585026652029182,359.4700000000002,1.5710000000000002,1,5
3099286,CHEMBL591118,IC50,=,6.8,nM,8.17,CHEMBL284,Dipeptidyl peptidase 4,COc1cc2c(cc1OC)[C@@H]1C[C@H](N)[C@@H](N3C[C@@H](CF)CC3=O)CN1CC2,8.167491087293763,377.4600000000002,1.5206,1,5
3099287,CHEMBL591117,IC50,=,3.6,nM,8.44,CHEMBL284,Dipeptidyl peptidase 4,COc1cc2c(cc1OC)[C@@H]1C[C@H](N)[C@@H](N3C[C@H](CF)CC3=O)CN1CC2,8.443697499232712,377.4600000000002,1.5206,1,5
3101902,CHEMBL591982,IC50,=,61.0,nM,7.21,CHEMBL284,Dipeptidyl peptidase 4,CCc1cccc([C@H]2CN3CCc4cc(OC)c(OC)cc4[C@@H]3CC2N)c1,7.214670164989233,366.50500000000005,3.680200000000002,1,4
3101905,CHEMBL591277,IC50,=,38.0,nM,7.42,CHEMBL284,Dipeptidyl peptidase 4,COc1cc2c(cc1OC)[C@@H]1CC(N)[C@@H](c3cccc(C4CC4)c3)CN1CC2,7.42021640338319,378.51600000000025,3.995200000000003,1,4
3101908,CHEMBL591278,IC50,=,5500.0,nM,5.26,CHEMBL284,Dipeptidyl peptidase 4,COc1cc2c(cc1OC)[C@@H]1CC(N)[C@@H](c3cccc(C(C)C)c3)CN1CC2,5.259637310505756,380.5320000000002,4.241200000000004,1,4
3101911,CHEMBL591279,IC50,=,0.5,nM,9.3,CHEMBL284,Dipeptidyl peptidase 4,COc1cc2c(cc1OC)[C@@H]1CC(N)[C@@H](c3cccc(CF)c3)CN1CC2,9.301029995663981,370.4680000000002,3.5873000000000026,1,4
3101914,CHEMBL601937,IC50,=,1.7,nM,8.77,CHEMBL284,Dipeptidyl peptidase 4,COc1cc2c(cc1OC)[C@@H]1CC(N)[C@@H](c3cc(C)ccc3C)CN1CC2,8.769551078621726,366.50500000000017,3.7346400000000033,1,4
3101919,CHEMBL598470,IC50,=,1.2,nM,8.92,CHEMBL284,Dipeptidyl peptidase 4,COc1cc2c(cc1OC)[C@@H]1CC(N)[C@@H](c3cc(CF)ccn3)CN1CC2,8.920818753952375,371.45600000000013,2.9823000000000013,1,5
3101934,CHEMBL590557,IC50,=,11.0,nM,7.96,CHEMBL284,Dipeptidyl peptidase 4,COc1cc2c(cc1OC)[C@@H]1C[C@H](N)[C@@H](c3cc(C)ccn3)CN1CC2,7.958607314841775,353.4660000000001,2.821220000000001,1,5
3101935,CHEMBL598754,IC50,=,53000.0,nM,4.28,CHEMBL284,Dipeptidyl peptidase 4,COc1cc2c(cc1OC)[C@H]1C[C@@H](N)[C@H](c3cc(C)ccn3)CN1CC2,4.275724130399211,353.4660000000001,2.821220000000001,1,5
3101936,CHEMBL598755,IC50,=,19.0,nM,7.72,CHEMBL284,Dipeptidyl peptidase 4,COc1cc2c(cc1OC)[C@@H]1CC(N)[C@@H](c3cc(C)ccn3)CN1CC2,7.721246399047171,353.4660000000001,2.821220000000001,1,5
3134828,CHEMBL401229,IC50,>,3000.0,nM,,CHEMBL284,Dipeptidyl peptidase 4,Nc1ccc([C@@H]2CN(c3nc4c(cc3F)c(=O)c(C(=O)O)cn4C3CC3)C[C@@H]2N)cc1,5.522878745280337,423.44800000000015,2.082,3,6
3134829,CHEMBL236934,IC50,>,3000.0,nM,,CHEMBL284,Dipeptidyl peptidase 4,CC(C)c1ccc([C@@H]2CN(c3nc4c(cc3F)c(=O)c(C(=O)O)cn4C3CC3)C[C@@H]2N)cc1,5.522878745280337,450.51400000000024,3.6232000000000015,2,5
3134830,CHEMBL236935,IC50,>,3000.0,nM,,CHEMBL284,Dipeptidyl peptidase 4,COC(=O)c1ccc([C@@H]2CN(c3nc4c(cc3F)c(=O)c(C(=O)O)cn4C3CC3)C[C@@H]2N)cc1,5.522878745280337,466.4690000000003,2.2864000000000004,2,7
3134831,CHEMBL237140,IC50,>,3000.0,nM,,CHEMBL284,Dipeptidyl peptidase 4,COc1ccc([C@@H]2CN(c3nc4c(cc3F)c(=O)c(C(=O)O)cn4C3CC3)C[C@@H]2N)cc1,5.522878745280337,438.45900000000023,2.5084,2,6
3134832,CHEMBL237141,IC50,>,3000.0,nM,,CHEMBL284,Dipeptidyl peptidase 4,CN(C)c1ccc([C@@H]2CN(c3nc4c(cc3F)c(=O)c(C(=O)O)cn4C3CC3)C[C@@H]2N)cc1,5.522878745280337,451.50200000000024,2.5658000000000003,2,6
3134833,CHEMBL237357,IC50,>,3000.0,nM,,CHEMBL284,Dipeptidyl peptidase 4,N[C@H]1CN(c2nc3c(cc2F)c(=O)c(C(=O)O)cn3C2CC2)C[C@H]1c1ccc(O)cc1,5.522878745280337,424.4320000000002,2.2054,3,6
3134834,CHEMBL235202,IC50,>,3000.0,nM,,CHEMBL284,Dipeptidyl peptidase 4,N#Cc1cccnc1N1C[C@H](c2ccccc2)[C@@H](N)C1,5.522878745280337,264.33200000000005,1.8843799999999997,1,4
3134835,CHEMBL235420,IC50,>,3000.0,nM,,CHEMBL284,Dipeptidyl peptidase 4,N[C@H]1CN(c2cc(-c3ccccc3Cl)ncn2)C[C@@H]1c1ccccc1,5.522878745280337,350.85300000000007,3.728100000000002,1,4
3134836,CHEMBL392698,IC50,>,3000.0,nM,,CHEMBL284,Dipeptidyl peptidase 4,N[C@H]1CN(c2cc(Cl)nc(-c3ccccc3)n2)C[C@@H]1c1ccccc1,5.522878745280337,350.8530000000001,3.728100000000003,1,4
3134837,CHEMBL238201,IC50,>,3000.0,nM,,CHEMBL284,Dipeptidyl peptidase 4,Cn1cnc2c(N3C[C@H](c4ccccc4)[C@@H](N)C3)ncnc21,5.522878745280337,294.362,1.2943999999999996,1,5
3134838,CHEMBL238202,IC50,>,3000.0,nM,,CHEMBL284,Dipeptidyl peptidase 4,N[C@H]1CN(c2cc(-c3ccc(O)cc3)ncn2)C[C@@H]1c1ccccc1,5.522878745280337,332.40700000000004,2.7803000000000004,2,5
3134839,CHEMBL392907,IC50,>,3000.0,nM,,CHEMBL284,Dipeptidyl peptidase 4,N[C@H]1CN(c2cc(-c3ccc(Cl)cc3)ncn2)C[C@@H]1c1ccccc1,5.522878745280337,350.85300000000007,3.728100000000003,1,4
3134840,CHEMBL398101,IC50,>,3000.0,nM,,CHEMBL284,Dipeptidyl peptidase 4,CC(=O)c1ccc(N2C[C@H](c3ccccc3)[C@@H](N)C2)nc1,5.522878745280337,281.359,2.2153,1,4
3134841,CHEMBL234986,IC50,>,3000.0,nM,,CHEMBL284,Dipeptidyl peptidase 4,N[C@H]1CN(c2cnc3ccccc3n2)C[C@@H]1c1ccccc1,5.522878745280337,290.37,2.5609,1,4
3134842,CHEMBL234987,IC50,>,3000.0,nM,,CHEMBL284,Dipeptidyl peptidase 4,N[C@H]1CN(c2ccc3ccccc3n2)C[C@@H]1c1ccccc1,5.522878745280337,289.382,3.1659000000000015,1,3
3272085,CHEMBL76578,IC50,>,100000.0,nM,,CHEMBL284,Dipeptidyl peptidase 4,O=C(CO)[C@@H]1CCCN1C(=O)[C@@H]1CCCN1C(=O)NCc1ccccc1,4.0,359.42600000000004,0.9130000000000003,2,4
3302951,CHEMBL1083589,IC50,=,12.0,nM,7.92,CHEMBL284,Dipeptidyl peptidase 4,Cl.N#C[C@@H]1CCCN1C(=O)CN[C@H]1C[C@H]2C[C@@H](O)C[C@H]2C1,7.920818753952375,313.82900000000006,1.0618799999999997,2,4
3302952,CHEMBL1082653,IC50,=,8.0,nM,8.1,CHEMBL284,Dipeptidyl peptidase 4,CO[C@H]1C[C@H]2C[C@@H](NCC(=O)N3CCC[C@H]3C#N)C[C@H]2C1.Cl,8.096910013008056,327.85600000000005,1.7159799999999998,1,4
3302953,CHEMBL1082654,IC50,=,59.0,nM,7.23,CHEMBL284,Dipeptidyl peptidase 4,CCO[C@H]1C[C@H]2C[C@@H](NCC(=O)N3CCC[C@H]3C#N)C[C@H]2C1.Cl,7.229147988357855,341.883,2.10608,1,4
3302954,CHEMBL1082973,IC50,=,65.0,nM,7.19,CHEMBL284,Dipeptidyl peptidase 4,CN(C)C(=O)O[C@H]1C[C@H]2C[C@@H](NCC(=O)N3CCC[C@H]3C#N)C[C@H]2C1.Cl,7.187086643357144,384.9080000000001,1.7677799999999997,1,5
3302955,CHEMBL1082974,IC50,=,80.0,nM,7.1,CHEMBL284,Dipeptidyl peptidase 4,CCN(CC)C(=O)O[C@H]1C[C@H]2C[C@@H](NCC(=O)N3CCC[C@H]3C#N)C[C@H]2C1.Cl,7.096910013008056,412.96200000000016,2.5479800000000004,1,5
3302956,CHEMBL1083916,IC50,=,204.0,nM,6.69,CHEMBL284,Dipeptidyl peptidase 4,CC(C)NC(=O)O[C@H]1C[C@H]2C[C@@H](NCC(=O)N3CCC[C@H]3C#N)C[C@H]2C1.Cl,6.690369832574102,398.9350000000001,2.2041799999999996,2,5
3302957,CHEMBL1084473,IC50,=,326.0,nM,6.49,CHEMBL284,Dipeptidyl peptidase 4,CC(C)(C)NC(=O)O[C@H]1C[C@H]2C[C@@H](NCC(=O)N3CCC[C@H]3C#N)C[C@H]2C1.Cl,6.486782399932061,412.96200000000016,2.594280000000001,2,5
3302958,CHEMBL1082345,IC50,=,121.0,nM,6.92,CHEMBL284,Dipeptidyl peptidase 4,Cl.N#C[C@@H]1CCCN1C(=O)CN[C@@H]1C[C@@H]2C[C@H](OC(=O)Nc3ccccc3)C[C@@H]2C1,6.91721462968355,432.95200000000017,3.3182800000000023,2,5
3302959,CHEMBL1082346,IC50,=,27.0,nM,7.57,CHEMBL284,Dipeptidyl peptidase 4,CO[C@@H]1C[C@H]2C[C@@H](NCC(=O)N3CCC[C@H]3C#N)C[C@H]2C1.Cl,7.568636235841013,327.85600000000005,1.7159799999999998,1,4
3302960,CHEMBL1082347,IC50,=,27.0,nM,7.57,CHEMBL284,Dipeptidyl peptidase 4,CO[C@@H]1C[C@H]2C[C@H](NCC(=O)N3CCC[C@H]3C#N)C[C@H]2C1.Cl,7.568636235841013,327.85600000000005,1.7159799999999998,1,4
3302961,CHEMBL1082348,IC50,=,47.0,nM,7.33,CHEMBL284,Dipeptidyl peptidase 4,CO[C@H]1C[C@H]2C[C@H](NCC(=O)N3CCC[C@H]3C#N)C[C@H]2C1.Cl,7.327902142064283,327.85600000000005,1.7159799999999998,1,4
3302991,CHEMBL1082350,IC50,=,32.0,nM,7.5,CHEMBL284,Dipeptidyl peptidase 4,CC(=O)O[C@H]1C[C@H]2C[C@@H](NCC(=O)N3CCC[C@H]3C#N)C[C@H]2C1.Cl,7.494850021680094,355.86600000000004,1.63268,1,5
3313828,CHEMBL1085552,IC50,=,19.0,nM,7.72,CHEMBL284,Dipeptidyl peptidase 4,COc1ccc(NC(=O)CC(C)(C)NCC(=O)N2C[C@@H](F)C[C@H]2C#N)nc1,7.721246399047171,377.4200000000001,1.2495799999999992,2,6
3313829,CHEMBL1085306,IC50,=,19.0,nM,7.72,CHEMBL284,Dipeptidyl peptidase 4,CC(C)(CC(=O)Nc1ccccn1)NCC(=O)N1C[C@@H](F)C[C@H]1C#N,7.721246399047171,347.3940000000001,1.2409799999999997,2,5
3313830,CHEMBL1085305,IC50,=,27.0,nM,7.57,CHEMBL284,Dipeptidyl peptidase 4,COc1ccc(NC(=O)CC(C)(C)NCC(=O)N2C[C@@H](F)C[C@H]2C#N)cc1OC,7.568636235841013,406.45800000000014,1.8631799999999994,2,6
3313831,CHEMBL1084972,IC50,=,29.0,nM,7.54,CHEMBL284,Dipeptidyl peptidase 4,CC(C)(CC(=O)NC1CCCC1)NCC(=O)N1C[C@@H](F)C[C@H]1C#N,7.5376020021010435,338.427,1.2660800000000005,2,4
3313832,CHEMBL1084601,IC50,=,66.0,nM,7.18,CHEMBL284,Dipeptidyl peptidase 4,CC(C)(CC(=O)N1C2CCC1CC2)NCC(=O)N1C[C@@H](F)C[C@H]1C#N,7.180456064458132,350.43800000000005,1.36068,1,4
3313833,CHEMBL1085598,IC50,=,160.0,nM,6.8,CHEMBL284,Dipeptidyl peptidase 4,CC(C)(CC(=O)N1CCCCCC1)NCC(=O)N1C[C@@H](F)C[C@H]1C#N,6.795880017344075,352.45400000000006,1.6098800000000004,1,4
3313834,CHEMBL1085597,IC50,=,63.0,nM,7.2,CHEMBL284,Dipeptidyl peptidase 4,CCOC(=O)N1CCN(C(=O)CC(C)(C)NCC(=O)N2C[C@@H](F)C[C@H]2C#N)CC1,7.200659450546418,411.4780000000002,0.5079800000000019,1,6
3313835,CHEMBL1085596,IC50,=,93.0,nM,7.03,CHEMBL284,Dipeptidyl peptidase 4,CN1CCN(C(=O)CC(C)(C)NCC(=O)N2C[C@@H](F)C[C@H]2C#N)CC1,7.031517051446065,353.4420000000001,-0.018719999999997183,1,5
3313836,CHEMBL1085595,IC50,=,24.0,nM,7.62,CHEMBL284,Dipeptidyl peptidase 4,CC(C)(CC(=O)N1CCN(S(C)(=O)=O)CC1)NCC(=O)N1C[C@@H](F)C[C@H]1C#N,7.619788758288394,417.5070000000002,-0.6889199999999962,1,6
3313837,CHEMBL1085333,IC50,=,20.0,nM,7.7,CHEMBL284,Dipeptidyl peptidase 4,CC(C)(CC(=O)N1CCOCC1)NCC(=O)N1C[C@@H](F)C[C@H]1C#N,7.698970004336019,340.399,0.06608000000000214,1,5
3313838,CHEMBL1085332,IC50,=,26.0,nM,7.58,CHEMBL284,Dipeptidyl peptidase 4,CC(C)(CC(=O)N1CCC(=O)CC1)NCC(=O)N1C[C@@H](F)C[C@H]1C#N,7.585026652029182,352.4100000000001,0.3987800000000017,1,5
3313839,CHEMBL1085075,IC50,=,18.0,nM,7.75,CHEMBL284,Dipeptidyl peptidase 4,CC(C)(CC(=O)N1CC=CCC1)NCC(=O)N1C[C@@H](F)C[C@H]1C#N,7.7447274948966935,336.411,0.9957800000000001,1,4
3313840,CHEMBL1085074,IC50,=,27.0,nM,7.57,CHEMBL284,Dipeptidyl peptidase 4,CC(C)(CC(=O)N1CCCCC1)NCC(=O)N1C[C@@H](F)C[C@H]1C#N,7.568636235841013,338.427,1.2197799999999999,1,4
3313841,CHEMBL1085580,IC50,=,27.0,nM,7.57,CHEMBL284,Dipeptidyl peptidase 4,CC(C)(CC(=O)N1CCSC1)NCC(=O)N1C[C@@H](F)C[C@H]1C#N,7.568636235841013,342.44000000000005,0.7401800000000003,1,5
3313842,CHEMBL1085579,IC50,=,32.0,nM,7.5,CHEMBL284,Dipeptidyl peptidase 4,C[C@@H]1CCCN1C(=O)CC(C)(C)NCC(=O)N1C[C@@H](F)C[C@H]1C#N,7.494850021680094,338.427,1.21818,1,4
3313843,CHEMBL1086039,IC50,=,24.0,nM,7.62,CHEMBL284,Dipeptidyl peptidase 4,CC(C)(CC(=O)N1CCC[C@H]1CO)NCC(=O)N1C[C@@H](F)C[C@H]1C#N,7.619788758288394,354.4260000000001,0.1905800000000013,2,5
3313844,CHEMBL1082465,IC50,=,39.0,nM,7.41,CHEMBL284,Dipeptidyl peptidase 4,CC(C)(CC(=O)N1CC[C@@H](F)C1)NCC(=O)N1C[C@@H](F)C[C@H]1C#N,7.4089353929735005,342.39000000000004,0.7776800000000008,1,4
3313845,CHEMBL1082464,IC50,=,50.0,nM,7.3,CHEMBL284,Dipeptidyl peptidase 4,CC(C)(CC(=O)N1CC[C@H](O)C1)NCC(=O)N1C[C@@H](F)C[C@H]1C#N,7.301029995663981,340.39900000000006,-0.19951999999999837,2,5
3313846,CHEMBL1082463,IC50,=,30.0,nM,7.52,CHEMBL284,Dipeptidyl peptidase 4,CC(C)(CC(=O)N1CC[C@@H](O)C1)NCC(=O)N1C[C@@H](F)C[C@H]1C#N,7.522878745280337,340.39900000000006,-0.19951999999999837,2,5
3313847,CHEMBL1082462,IC50,=,15.0,nM,7.82,CHEMBL284,Dipeptidyl peptidase 4,CC(C)(CC(=O)N1CCCC1)NCC(=O)N1C[C@@H](F)C[C@H]1C#N,7.823908740944319,324.40000000000003,0.8296800000000002,1,4
3313848,CHEMBL1086502,IC50,=,180.0,nM,6.75,CHEMBL284,Dipeptidyl peptidase 4,CC(C)(CC(=O)N1CC[C@@H](O)C1)NCC(=O)N1CCC[C@H]1C#N,6.7447274948966935,322.4090000000001,-0.14751999999999876,2,5
3313849,CHEMBL1082997,IC50,=,71.0,nM,7.15,CHEMBL284,Dipeptidyl peptidase 4,CC(C)(CC(=O)N1CCCC1)NCC(=O)N1CCC[C@H]1C#N,7.1487416512809245,306.41,0.8816800000000007,1,4
3313850,CHEMBL1082996,IC50,=,15.0,nM,7.82,CHEMBL284,Dipeptidyl peptidase 4,C#C[C@@H]1C[C@H](F)CN1C(=O)CC(C)(C)CC(=O)N[C@H]1C[C@@H]1c1cccc(Cl)c1,7.823908740944319,404.9130000000001,3.6907000000000023,1,2
3317308,CHEMBL1085269,IC50,=,9.0,nM,8.05,CHEMBL284,Dipeptidyl peptidase 4,CN(C)C(=O)N1C[C@H]2C[C@@H](NCC(=O)N3CCC[C@H]3C#N)C[C@H]2C1,8.045757490560675,333.4360000000001,0.4825800000000007,1,4
3317311,CHEMBL1085522,IC50,=,120.0,nM,6.92,CHEMBL284,Dipeptidyl peptidase 4,CC(C)NC(=O)N1C[C@H]2C[C@@H](NCC(=O)N3CCC[C@H]3C#N)C[C@H]2C1,6.920818753952375,347.46300000000014,0.918980000000001,2,4
3317312,CHEMBL1082707,IC50,=,39.0,nM,7.41,CHEMBL284,Dipeptidyl peptidase 4,N#C[C@@H]1CCCN1C(=O)CN[C@@H]1C[C@@H]2CN(C(=O)N3CCCC3)C[C@@H]2C1,7.4089353929735005,359.4740000000003,1.016780000000001,1,4
3317313,CHEMBL1082708,IC50,=,69.0,nM,7.16,CHEMBL284,Dipeptidyl peptidase 4,N#C[C@@H]1CCCN1C(=O)CN[C@@H]1C[C@@H]2CN(C(=O)N3CCCCC3)C[C@@H]2C1,7.161150909262744,373.5010000000003,1.4068800000000006,1,4
3317314,CHEMBL1082716,IC50,=,50.0,nM,7.3,CHEMBL284,Dipeptidyl peptidase 4,N#C[C@@H]1CCCN1C(=O)CN[C@@H]1C[C@@H]2CN(C(=O)N3CCOCC3)C[C@@H]2C1,7.301029995663981,375.4730000000003,0.2531800000000015,1,5
3317315,CHEMBL1083031,IC50,=,24.0,nM,7.62,CHEMBL284,Dipeptidyl peptidase 4,COC(=O)N1C[C@H]2C[C@@H](NCC(=O)N3CCC[C@H]3C#N)C[C@H]2C1,7.619788758288394,320.39300000000003,0.56738,1,5
3317316,CHEMBL1083032,IC50,=,14.0,nM,7.85,CHEMBL284,Dipeptidyl peptidase 4,N#C[C@@H]1CCCN1C(=O)CN[C@@H]1C[C@@H]2CN(C(=O)CO)C[C@@H]2C1,7.853871964321762,320.39300000000014,-0.6801199999999985,2,5
3317317,CHEMBL1086466,IC50,=,83.0,nM,7.08,CHEMBL284,Dipeptidyl peptidase 4,CN(C)C(=O)N1C[C@H]2C[C@H](NCC(=O)N3CCC[C@H]3C#N)C[C@H]2C1,7.080921907623926,333.4360000000001,0.4825800000000007,1,4
3317318,CHEMBL1083287,IC50,=,13.0,nM,7.89,CHEMBL284,Dipeptidyl peptidase 4,CN(C)C(=O)N1C[C@@H]2C[C@](C)(NCC(=O)N3CCC[C@H]3C#N)C[C@@H]2C1,7.886056647693163,347.46300000000014,0.8726800000000003,1,4
3317319,CHEMBL1083588,IC50,=,13.0,nM,7.89,CHEMBL284,Dipeptidyl peptidase 4,CN(C)C(=O)N1C[C@@H]2C[C@@](C)(NCC(=O)N3CCC[C@H]3C#N)C[C@@H]2C1,7.886056647693163,347.46300000000014,0.8726800000000003,1,4
3434572,CHEMBL387050,IC50,=,8000.0,nM,5.1,CHEMBL284,Dipeptidyl peptidase 4,O=C1c2ccccc2CN1CC(=O)N1CCC[C@H]1B(O)O,5.096910013008056,288.1119999999999,-0.3545999999999997,2,4
3434573,CHEMBL1243372,IC50,=,10.0,nM,8.0,CHEMBL284,Dipeptidyl peptidase 4,N#C[C@@H]1CCCN1C(=O)[C@@H](N)CCCN1Cc2ccccc2C1=O,8.0,326.40000000000003,1.2644799999999994,1,4
3434574,CHEMBL1243373,IC50,>,20000.0,nM,,CHEMBL284,Dipeptidyl peptidase 4,O=C(NCC(=O)N1CCC[C@H]1B(O)O)c1cccc2ccccc12,4.698970004336019,326.1610000000001,0.5726000000000001,3,4
3434575,CHEMBL1243374,IC50,>,100000.0,nM,,CHEMBL284,Dipeptidyl peptidase 4,N#C[C@@H]1CCCN1C(=O)CNC(=O)c1cccc2ccccc12,4.0,307.35300000000007,2.084179999999999,1,3
3434576,CHEMBL1243402,IC50,>,100000.0,nM,,CHEMBL284,Dipeptidyl peptidase 4,N#C[C@@H]1CCCN1C(=O)[C@@H]1C[C@@H](CC(=O)N2Cc3ccccc3C2)C(=O)N1,4.0,366.4210000000001,0.9381799999999993,1,4
3434577,CHEMBL1243403,IC50,>,100000.0,nM,,CHEMBL284,Dipeptidyl peptidase 4,N#C[C@@H]1CCCN1C(=O)[C@@H]1C[C@H](CC(=O)N2Cc3ccccc3C2)C(=O)N1,4.0,366.4210000000001,0.9381799999999993,1,4
3434578,CHEMBL1242939,IC50,>,100000.0,nM,,CHEMBL284,Dipeptidyl peptidase 4,N#C[C@@H]1CCCN1C(=O)[C@@H]1C[C@@H](CC(=O)N2Cc3ccc(Cl)cc3C2)C(=O)N1,4.0,400.8660000000001,1.5915799999999993,1,4
3434579,CHEMBL1242940,IC50,>,100000.0,nM,,CHEMBL284,Dipeptidyl peptidase 4,N#C[C@@H]1CCCN1C(=O)[C@@H]1C[C@@H](CC(=O)N2Cc3ccc(F)cc3C2)C(=O)N1,4.0,384.4110000000001,1.0772799999999993,1,4
3434580,CHEMBL1242966,IC50,>,100000.0,nM,,CHEMBL284,Dipeptidyl peptidase 4,N#C[C@@H]1CCCN1C(=O)[C@@H]1C[C@@H](CC(=O)N2Cc3ccc(C(F)(F)F)cc3C2)C(=O)N1,4.0,434.4180000000001,1.9569799999999995,1,4
3434581,CHEMBL1242967,IC50,>,100000.0,nM,,CHEMBL284,Dipeptidyl peptidase 4,N#C[C@@H]1CCCN1C(=O)[C@@H]1C[C@@H](CC(=O)N2CCc3ccccc3C2)C(=O)N1,4.0,380.4480000000001,0.9806799999999989,1,4
3434582,CHEMBL1242993,IC50,>,100000.0,nM,,CHEMBL284,Dipeptidyl peptidase 4,N#C[C@@H]1CCCN1C(=O)[C@@H]1C[C@@H](CC(=O)N2CCc3ccsc3C2)C(=O)N1,4.0,386.4770000000001,1.0421799999999994,1,5
3434583,CHEMBL1242994,IC50,>,100000.0,nM,,CHEMBL284,Dipeptidyl peptidase 4,N#C[C@@H]1CCCN1C(=O)[C@@H]1C[C@@H](CC(=O)N2CCn3cc(C(F)(F)F)nc3C2)C(=O)N1,4.0,438.4100000000001,0.6534799999999996,1,5
3434584,CHEMBL1243027,IC50,>,100000.0,nM,,CHEMBL284,Dipeptidyl peptidase 4,N#C[C@@H]1CCCN1C(=O)[C@@H]1C[C@@H](CC(=O)N2CCn3c(nnc3C(F)(F)F)C2)C(=O)N1,4.0,439.3980000000001,0.0484800000000008,1,6
3434585,CHEMBL1243028,IC50,>,100000.0,nM,,CHEMBL284,Dipeptidyl peptidase 4,N#C[C@@H]1CCCN1C(=O)[C@@H]1C[C@@H](CC(=O)N2CCN(c3ccc(F)cc3)CC2)C(=O)N1,4.0,427.48000000000013,0.8836799999999996,1,5
3434586,CHEMBL1243060,IC50,>,100000.0,nM,,CHEMBL284,Dipeptidyl peptidase 4,N#C[C@@H]1CCCN1C(=O)[C@@H]1C[C@@H](CC(=O)N2CCN(c3ccncc3)CC2)C(=O)N1,4.0,410.4780000000001,0.13958000000000054,1,6
3434587,CHEMBL1243061,IC50,>,100000.0,nM,,CHEMBL284,Dipeptidyl peptidase 4,N#C[C@@H]1CCCN1C(=O)[C@@H]1C[C@@H](CC(=O)N2CC=C(c3ccc(Cl)cc3)CC2)C(=O)N1,4.0,440.9310000000002,2.36508,1,4
3434588,CHEMBL1243091,IC50,>,100000.0,nM,,CHEMBL284,Dipeptidyl peptidase 4,N#C[C@@H]1CCCN1C(=O)[C@@H]1C[C@@H](CC(=O)N2CCCC2)C(=O)N1,4.0,318.37700000000007,0.01818000000000125,1,4
3434589,CHEMBL1243092,IC50,>,100000.0,nM,,CHEMBL284,Dipeptidyl peptidase 4,N#C[C@@H]1CCCN1C(=O)[C@@H]1C[C@@H](CC(=O)N2CCCCC2)C(=O)N1,4.0,332.4040000000001,0.4082800000000009,1,4
3434590,CHEMBL1243093,IC50,>,100000.0,nM,,CHEMBL284,Dipeptidyl peptidase 4,N#C[C@@H]1CCCN1C(=O)[C@@H]1C[C@@H](CC(=O)Nc2ccccc2)C(=O)N1,4.0,340.38300000000004,1.0344799999999994,2,4
3434591,CHEMBL1243126,IC50,>,100000.0,nM,,CHEMBL284,Dipeptidyl peptidase 4,N#C[C@@H]1C[C@H](F)CN1C(=O)[C@@H]1C[C@@H](CC(=O)N2Cc3ccccc3C2)C(=O)N1,4.0,384.4110000000001,0.8861799999999995,1,4
3434592,CHEMBL1243127,IC50,>,100000.0,nM,,CHEMBL284,Dipeptidyl peptidase 4,N#C[C@@H]1C[C@H](F)CN1C(=O)[C@@H]1C[C@@H](CC(=O)N2Cc3ccc(Cl)cc3C2)C(=O)N1,4.0,418.8560000000001,1.5395799999999995,1,4
3434593,CHEMBL1243153,IC50,>,100000.0,nM,,CHEMBL284,Dipeptidyl peptidase 4,N#C[C@@H]1CC(F)(F)CN1C(=O)[C@@H]1C[C@@H](CC(=O)N2Cc3ccccc3C2)C(=O)N1,4.0,402.4010000000002,1.18338,1,4
3434594,CHEMBL1243154,IC50,>,100000.0,nM,,CHEMBL284,Dipeptidyl peptidase 4,O=C1N[C@H](C(=O)N2CCSC2)C[C@H]1CC(=O)N1Cc2ccccc2C1,4.0,359.45100000000014,0.9564999999999997,1,4
3434595,CHEMBL1243183,IC50,>,100000.0,nM,,CHEMBL284,Dipeptidyl peptidase 4,O=C1N[C@H](C(=O)N2CCCC2)C[C@H]1CC(=O)N1Cc2ccccc2C1,4.0,341.41100000000006,1.0459999999999994,1,3
3434596,CHEMBL1243184,IC50,=,570.0,nM,6.24,CHEMBL284,Dipeptidyl peptidase 4,O=C1N[C@H](C(=O)N2CCC[C@H]2B(O)O)C[C@H]1CC(=O)N1Cc2ccccc2C1,6.2441251443275085,385.22900000000016,-0.5733999999999986,3,5
3434597,CHEMBL1243215,IC50,>,100000.0,nM,,CHEMBL284,Dipeptidyl peptidase 4,CC(C)(C)NC(=O)[C@@H]1CCCN1C(=O)[C@@H]1C[C@@H](CC(=O)N2Cc3ccccc3C2)C(=O)N1,4.0,440.54400000000015,1.3293000000000017,2,4
3434598,CHEMBL1243216,IC50,>,100000.0,nM,,CHEMBL284,Dipeptidyl peptidase 4,NC(=O)[C@@H]1CCCN1C(=O)[C@@H]1C[C@@H](CC(=O)N2Cc3ccccc3C2)C(=O)N1,4.0,384.4360000000001,-0.10009999999999891,2,4
3434599,CHEMBL1243248,IC50,>,100000.0,nM,,CHEMBL284,Dipeptidyl peptidase 4,N#C[C@@H]1CCCN1C(=O)[C@@H]1CC(CC(=O)N2Cc3ccccc3C2)C(=O)N1,4.0,366.4210000000001,0.9381799999999993,1,4
3543707,CHEMBL1276590,IC50,=,2300.0,nM,5.64,CHEMBL284,Dipeptidyl peptidase 4,N[C@@H](CC(=O)N1CCN2C(=O)OCC2C1)Cc1cc(F)c(F)cc1F.O=C(O)/C=C/C(=O)O,5.638272163982407,473.4040000000001,0.7385999999999998,3,6
3543708,CHEMBL1276619,IC50,=,1240.0,nM,5.91,CHEMBL284,Dipeptidyl peptidase 4,CN1CC2CN(C(=O)C[C@H](N)Cc3cc(F)c(F)cc3F)CCN2C1=O.O=C(O)/C=C/C(=O)O,5.906578314837765,486.4470000000003,0.6538000000000007,3,5
3543709,CHEMBL1276682,IC50,=,1236.0,nM,5.91,CHEMBL284,Dipeptidyl peptidase 4,N[C@@H](CC(=O)N1CCN2C(=O)N(Cc3ccc(F)cc3)CC2C1)Cc1cc(F)c(F)cc1F.O=C(O)/C=C/C(=O)O,5.907981529247203,580.5350000000003,2.3633,3,5
3543710,CHEMBL1276591,IC50,=,1060.0,nM,5.97,CHEMBL284,Dipeptidyl peptidase 4,N[C@@H](CC(=O)N1CCN2C(=O)NCC2C1)Cc1cc(F)c(F)cc1F.O=C(O)/C=C/C(=O)O,5.97469413473523,472.42000000000013,0.3116000000000009,4,5
3543711,CHEMBL1276620,IC50,=,460.0,nM,6.34,CHEMBL284,Dipeptidyl peptidase 4,CCN1CC2CN(C(=O)C[C@H](N)Cc3cc(F)c(F)cc3F)CCN2C1=O.O=C(O)/C=C/C(=O)O,6.337242168318426,500.4740000000002,1.0439000000000014,3,5
3543712,CHEMBL1275851,IC50,=,360.0,nM,6.44,CHEMBL284,Dipeptidyl peptidase 4,COc1ccc(CN2CC3CN(C(=O)C[C@H](N)Cc4cc(F)c(F)cc4F)CCN3C2=O)cc1.O=C(O)/C=C/C(=O)O,6.443697499232712,592.5710000000004,2.2327999999999992,3,6
3543713,CHEMBL1276650,IC50,=,300.0,nM,6.52,CHEMBL284,Dipeptidyl peptidase 4,N[C@@H](CC(=O)N1CCN2C(=O)N(Cc3ccccc3)CC2C1)Cc1cc(F)c(F)cc1F.O=C(O)/C=C/C(=O)O,6.522878745280337,562.5450000000004,2.2242,3,5
3543714,CHEMBL1275853,IC50,=,124.0,nM,6.91,CHEMBL284,Dipeptidyl peptidase 4,COc1cccc(CN2CC3CN(C(=O)C[C@H](N)Cc4cc(F)c(F)cc4F)CCN3C2=O)c1.O=C(O)/C=C/C(=O)O,6.906578314837765,592.5710000000004,2.2327999999999997,3,6
3543715,CHEMBL1275854,IC50,=,114.0,nM,6.94,CHEMBL284,Dipeptidyl peptidase 4,COc1cc(CN2CC3CN(C(=O)C[C@H](N)Cc4cc(F)c(F)cc4F)CCN3C2=O)cc(OC)c1.O=C(O)/C=C/C(=O)O,6.943095148663527,622.5970000000003,2.2414000000000005,3,7
3543716,CHEMBL1275852,IC50,=,101.0,nM,7.0,CHEMBL284,Dipeptidyl peptidase 4,COc1ccccc1CN1CC2CN(C(=O)C[C@H](N)Cc3cc(F)c(F)cc3F)CCN2C1=O.O=C(O)/C=C/C(=O)O,6.995678626217358,592.5710000000004,2.2328,3,6
3603849,CHEMBL1288231,IC50,=,1.8,nM,8.74,CHEMBL284,Dipeptidyl peptidase 4,Cl.Cn1c(=O)[nH]c2cc(N3CCC[C@@](C)(N)C3)n(Cc3ccccc3)c2c1=O,8.744727494896694,403.91400000000016,1.8159999999999994,2,4
3603850,CHEMBL1288232,IC50,=,36.0,nM,7.44,CHEMBL284,Dipeptidyl peptidase 4,Cl.Cn1c(=O)c2c(cc(N3CCC[C@@](C)(N)C3)n2Cc2ccccc2C#N)n(C)c1=O,7.443697499232712,442.95100000000014,1.6980800000000003,1,5
3603851,CHEMBL1288260,IC50,=,28.0,nM,7.55,CHEMBL284,Dipeptidyl peptidase 4,Cl.Cn1c(=O)c2c(cc(N3CCC[C@@](C)(N)C3)n2Cc2cc(F)ccc2Cl)n(C)c1=O,7.552841968657781,470.37600000000015,2.618900000000001,1,4
3603852,CHEMBL1288261,IC50,=,27.0,nM,7.57,CHEMBL284,Dipeptidyl peptidase 4,Cc1ccc(F)cc1Cn1c(N2CCC[C@@](C)(N)C2)cc2c1c(=O)n(C)c(=O)n2C.Cl,7.568636235841013,449.95800000000014,2.27392,1,4
3603853,CHEMBL1288288,IC50,=,12.0,nM,7.92,CHEMBL284,Dipeptidyl peptidase 4,CCn1c(=O)n(C)c(=O)c2c1cc(N1CCC[C@@](C)(N)C1)n2Cc1cc(F)ccc1C#N.Cl,7.920818753952375,474.96800000000013,2.3200800000000004,1,5
3603854,CHEMBL1288289,IC50,=,13.0,nM,7.89,CHEMBL284,Dipeptidyl peptidase 4,CN(C)C(=O)Cn1c(=O)n(C)c(=O)c2c1cc(N1CCC[C@@](C)(N)C1)n2Cc1cc(F)ccc1Cl.Cl,7.886056647693163,541.4550000000004,2.170100000000001,1,5
3603855,CHEMBL1287844,IC50,=,23.0,nM,7.64,CHEMBL284,Dipeptidyl peptidase 4,Cl.Cn1c(=O)c2c(cc(N3CCC[C@@](C)(N)C3)n2Cc2cc(F)ccc2Cl)n(CCCO)c1=O,7.638272163982407,514.4290000000002,2.464300000000001,2,5
3603856,CHEMBL1287845,IC50,=,122.0,nM,6.91,CHEMBL284,Dipeptidyl peptidase 4,CCOCCCn1c(=O)n(C)c(=O)c2c1cc(N1CCC[C@@](C)(N)C1)n2Cc1cc(F)ccc1Cl.Cl,6.913640169325252,542.4830000000004,3.508500000000002,1,5
3603857,CHEMBL1287874,IC50,=,103.0,nM,6.99,CHEMBL284,Dipeptidyl peptidase 4,Cl.Cn1cnc2cc(N3CCC[C@@](C)(N)C3)n(Cc3cc(F)ccc3Cl)c2c1=O,6.987162775294828,440.35000000000014,3.3152000000000017,1,4
3603858,CHEMBL1287875,IC50,=,87.0,nM,7.06,CHEMBL284,Dipeptidyl peptidase 4,Cl.Cn1cnc2cc(N3CCC[C@@](C)(N)C3)n(Cc3cc(F)ccc3C#N)c2c1=O,7.060480747381382,430.91500000000013,2.533480000000001,1,5
3603859,CHEMBL1287901,IC50,=,23.0,nM,7.64,CHEMBL284,Dipeptidyl peptidase 4,Cc1ccc(F)cc1Cn1c(N2CCC[C@@](C)(N)C2)cc2ncn(C)c(=O)c21.Cl,7.638272163982407,419.9320000000001,2.9702200000000016,1,4
3603860,CHEMBL1287902,IC50,=,151.0,nM,6.82,CHEMBL284,Dipeptidyl peptidase 4,Cl.Cn1cnc2cc(N3CCC[C@@](C)(N)C3)n(Cc3ccccc3C#N)c2c1=O,6.82102305270683,412.9250000000001,2.39438,1,5
5131359,CHEMBL3216724,IC50,=,3.7,nM,8.43,CHEMBL284,Dipeptidyl peptidase 4,COC(=O)c1cccc(NC(=O)Cc2c(C)nc(CC(C)C)c(CN)c2-c2ccc(C)cc2)c1.Cl.Cl,8.431798275933005,532.5120000000003,5.834040000000007,2,5
5131360,CHEMBL3216940,IC50,=,19.0,nM,7.72,CHEMBL284,Dipeptidyl peptidase 4,Cc1ccc(-c2c(CC(=O)Nc3cccc(C(=O)O)c3)c(C)nc(CC(C)C)c2CN)cc1.Cl.Cl,7.721246399047171,518.4850000000004,5.745640000000007,3,4
5131361,CHEMBL3216270,IC50,=,8.1,nM,8.09,CHEMBL284,Dipeptidyl peptidase 4,Cc1ccc(-c2c(CC(=O)Nc3cccc(C(N)=O)c3)c(C)nc(CC(C)C)c2CN)cc1.Cl.Cl,8.09151498112135,517.5010000000003,5.146340000000006,3,4
5131362,CHEMBL3215827,IC50,=,1.8,nM,8.74,CHEMBL284,Dipeptidyl peptidase 4,CC(=O)c1cccc(NC(=O)Cc2c(C)nc(CC(C)C)c(CN)c2-c2ccc(C)cc2)c1.Cl.Cl,8.744727494896694,516.5130000000003,6.250040000000007,2,4
5131363,CHEMBL3216271,IC50,=,19.0,nM,7.72,CHEMBL284,Dipeptidyl peptidase 4,COC(=O)c1ccccc1NC(=O)Cc1c(C)nc(CC(C)C)c(CN)c1-c1ccc(C)cc1.Cl.Cl,7.721246399047171,532.5120000000003,5.834040000000007,2,5
5131364,CHEMBL3216483,IC50,=,23.0,nM,7.64,CHEMBL284,Dipeptidyl peptidase 4,COC(=O)c1cscc1NC(=O)Cc1c(C)nc(CC(C)C)c(CN)c1-c1ccc(C)cc1.Cl.Cl,7.638272163982407,538.5410000000004,5.895540000000007,2,6
5131365,CHEMBL3216272,IC50,=,30.0,nM,7.52,CHEMBL284,Dipeptidyl peptidase 4,Cc1ccc(-c2c(CC(=O)Nc3cscc3C(=O)O)c(C)nc(CC(C)C)c2CN)cc1.Cl.Cl,7.522878745280337,524.5140000000004,5.807140000000006,3,5
5131366,CHEMBL1644844,IC50,=,2.8,nM,8.55,CHEMBL284,Dipeptidyl peptidase 4,Cc1ccc(-c2c(CC(=O)Nc3cccc([S+](C)[O-])c3)c(C)nc(CC(C)C)c2CN)cc1.Cl,8.55284196865778,500.10800000000035,5.363040000000005,2,4
5131367,CHEMBL3217158,IC50,=,8.2,nM,8.09,CHEMBL284,Dipeptidyl peptidase 4,Cc1ccc(-c2c(CC(=O)Nc3cccc(S(C)(=O)=O)c3)c(C)nc(CC(C)C)c2CN)cc1.Cl.Cl,8.086186147616283,552.5680000000004,5.450940000000007,2,5
5131368,CHEMBL3215828,IC50,=,11.0,nM,7.96,CHEMBL284,Dipeptidyl peptidase 4,COC(=O)C1CCN(C(=O)Cc2c(C)nc(CC(C)C)c(CN)c2-c2ccc(C)cc2)C1.Cl.Cl,7.958607314841775,510.50600000000026,4.430240000000005,1,5
5131369,CHEMBL3215611,IC50,=,53.0,nM,7.28,CHEMBL284,Dipeptidyl peptidase 4,Cc1ccc(-c2c(CC(=O)N3CCC(S(C)(=O)=O)C3)c(C)nc(CC(C)C)c2CN)cc1.Cl.Cl,7.275724130399211,530.5620000000004,4.0542400000000045,1,5
5131370,CHEMBL3216064,IC50,=,1.1,nM,8.96,CHEMBL284,Dipeptidyl peptidase 4,COC(=O)[C@@H]1CCCN1C(=O)Cc1c(C)nc(CC(C)C)c(CN)c1-c1ccc(C)cc1.Cl.Cl,8.958607314841775,510.50600000000026,4.572740000000005,1,5
5131371,CHEMBL3216485,IC50,=,2.9,nM,8.54,CHEMBL284,Dipeptidyl peptidase 4,Cc1ccc(-c2c(CC(=O)N3CCC[C@H]3C(=O)O)c(C)nc(CC(C)C)c2CN)cc1.Cl.Cl,8.537602002101044,496.4790000000002,4.484340000000005,2,4
5131372,CHEMBL3216725,IC50,=,1.1,nM,8.96,CHEMBL284,Dipeptidyl peptidase 4,Cc1ccc(-c2c(CC(=O)N3CCC[C@H]3C(N)=O)c(C)nc(CC(C)C)c2CN)cc1.Cl.Cl,8.958607314841775,495.4950000000002,3.885040000000003,2,4
5131373,CHEMBL3216941,IC50,=,23.0,nM,7.64,CHEMBL284,Dipeptidyl peptidase 4,COC(=O)[C@H]1CCCN1C(=O)Cc1c(C)nc(CC(C)C)c(CN)c1-c1ccc(C)cc1.Cl.Cl,7.638272163982407,510.50600000000026,4.572740000000005,1,5
5131374,CHEMBL3216726,IC50,=,7.8,nM,8.11,CHEMBL284,Dipeptidyl peptidase 4,Cc1ccc(-c2c(CC(=O)N3CCC[C@@H]3C(=O)O)c(C)nc(CC(C)C)c2CN)cc1.Cl.Cl,8.10790539730952,496.4790000000002,4.484340000000005,2,4
5131375,CHEMBL3217159,IC50,=,12.0,nM,7.92,CHEMBL284,Dipeptidyl peptidase 4,Cc1ccc(-c2c(CC(=O)N3CCC[C@@H]3C(N)=O)c(C)nc(CC(C)C)c2CN)cc1.Cl.Cl,7.920818753952375,495.4950000000002,3.885040000000003,2,4
5131376,CHEMBL3216727,IC50,=,69.0,nM,7.16,CHEMBL284,Dipeptidyl peptidase 4,CNC(=O)Cc1c(C)nc(CC(C)C)c(CN)c1-c1ccc(C)cc1.Cl.Cl,7.161150909262744,412.40500000000003,4.154740000000005,2,3
5131377,CHEMBL3216942,IC50,=,17.0,nM,7.77,CHEMBL284,Dipeptidyl peptidase 4,COC(=O)CNC(=O)Cc1c(C)nc(CC(C)C)c(CN)c1-c1ccc(C)cc1.Cl.Cl,7.769551078621726,470.4410000000002,3.697940000000002,2,5
5131378,CHEMBL3217160,IC50,=,73.0,nM,7.14,CHEMBL284,Dipeptidyl peptidase 4,Cc1ccc(-c2c(CC(=O)NCC(=O)O)c(C)nc(CC(C)C)c2CN)cc1.Cl.Cl,7.136677139879544,456.41400000000016,3.6095400000000026,3,4
5131379,CHEMBL1614729,IC50,=,18.0,nM,7.75,CHEMBL284,Dipeptidyl peptidase 4,Cc1ccc(-c2c(CN)c(CC(C)C)nc(C)c2C(=O)O)cc1,7.7447274948966935,312.413,3.7208400000000026,2,3
5177076,CHEMBL1651763,IC50,=,0.87,nM,9.06,CHEMBL284,Dipeptidyl peptidase 4,N#Cc1ccccc1Cn1c(N2CCC[C@@H](N)C2)nc2sccc2c1=O,9.060480747381382,365.46200000000005,2.30548,1,6
5177077,CHEMBL1651764,IC50,=,1.32,nM,8.88,CHEMBL284,Dipeptidyl peptidase 4,Cc1csc2nc(N3CCC[C@@H](N)C3)n(Cc3ccccc3C#N)c(=O)c12,8.87942606879415,379.4890000000001,2.613900000000001,1,6
5177078,CHEMBL1651765,IC50,=,88.82,nM,7.05,CHEMBL284,Dipeptidyl peptidase 4,N#Cc1ccccc1Cn1c(N2CCC[C@@H](N)C2)nc2scc(C(F)(F)F)c2c1=O,7.051489231162343,433.45900000000006,3.3242800000000017,1,6
5177079,CHEMBL1651766,IC50,=,0.33,nM,9.48,CHEMBL284,Dipeptidyl peptidase 4,N#Cc1ccccc1Cn1c(N2CCC[C@@H](N)C2)nc2ccsc2c1=O,9.481486060122112,365.46200000000005,2.30548,1,6
5177080,CHEMBL1651767,IC50,=,1.72,nM,8.76,CHEMBL284,Dipeptidyl peptidase 4,Cc1csc2c(=O)n(Cc3ccccc3C#N)c(N3CCC[C@@H](N)C3)nc12,8.76447155309245,379.4890000000002,2.6139,1,6
5192902,CHEMBL1650449,IC50,=,10.0,nM,8.0,CHEMBL284,Dipeptidyl peptidase 4,Cn1c(=O)cc(N2CCC[C@@](C)(N)C2)n(Cc2cc(F)ccc2C#N)c1=O,8.0,371.41600000000005,0.9236800000000004,1,5
5192903,CHEMBL1650448,IC50,=,3800.0,nM,5.42,CHEMBL284,Dipeptidyl peptidase 4,Cn1c(=O)cc(N2CCCCC(N)C2)n(Cc2ccccc2C#N)c1=O,5.42021640338319,353.42600000000004,0.7845800000000002,1,5
5192904,CHEMBL1650447,IC50,=,590.0,nM,6.23,CHEMBL284,Dipeptidyl peptidase 4,Cn1c(=O)cc(NC2CCCCNC2)n(Cc2ccccc2C#N)c1=O,6.229147988357855,353.42600000000004,1.0209799999999998,2,5
5192905,CHEMBL1650446,IC50,=,17000.0,nM,4.77,CHEMBL284,Dipeptidyl peptidase 4,CCn1c(=O)cc(NCCN)n(Cc2ccccc2C#N)c1=O,4.769551078621726,313.36100000000005,0.3204800000000004,2,5
5192906,CHEMBL1650445,IC50,=,830.0,nM,6.08,CHEMBL284,Dipeptidyl peptidase 4,Cn1c(=O)cc(N2CCC[C@@H](N)C2)n(Cc2c(F)ccc(F)c2Cl)c1=O,6.080921907623926,384.814,1.4544,1,4
5192907,CHEMBL1650444,IC50,=,27.0,nM,7.57,CHEMBL284,Dipeptidyl peptidase 4,Cn1c(=O)cc(N2CCC[C@@H](N)C2)n(Cc2cc(Cl)ccc2Cl)c1=O,7.568636235841013,383.27900000000005,1.8296000000000001,1,4
5192908,CHEMBL1650443,IC50,=,4.0,nM,8.4,CHEMBL284,Dipeptidyl peptidase 4,Cn1c(=O)cc(N2CCC[C@@H](N)C2)n(Cc2cc(F)ccc2C#N)c1=O,8.397940008672037,357.38900000000007,0.5335800000000002,1,5
5192909,CHEMBL1650442,IC50,=,890.0,nM,6.05,CHEMBL284,Dipeptidyl peptidase 4,Cn1c(=O)cc(N2CCC[C@@H](N)C2)n(Cc2ccc(F)cc2Cl)c1=O,6.050609993355087,366.824,1.3153000000000001,1,4
5192910,CHEMBL1650441,IC50,=,14.0,nM,7.85,CHEMBL284,Dipeptidyl peptidase 4,Cn1c(=O)cc(N2CCC[C@@H](N)C2)n(Cc2cc(F)ccc2Cl)c1=O,7.853871964321762,366.824,1.3153000000000001,1,4
5192911,CHEMBL1650440,IC50,=,8.0,nM,8.1,CHEMBL284,Dipeptidyl peptidase 4,Cn1c(=O)cc(N2CCC[C@@H](N)C2)n(Cc2cc(F)ccc2Br)c1=O,8.096910013008056,411.27500000000003,1.4244,1,4
5192912,CHEMBL1650439,IC50,=,12.0,nM,7.92,CHEMBL284,Dipeptidyl peptidase 4,Cn1c(=O)cc(N2CCC[C@@H](N)C2)n(Cc2ccccc2Br)c1=O,7.920818753952375,393.285,1.2853000000000003,1,4
5192913,CHEMBL1650438,IC50,=,36.0,nM,7.44,CHEMBL284,Dipeptidyl peptidase 4,N[C@@H]1CCCN(c2cc(=O)[nH]c(=O)n2Cc2ccccc2Br)C1,7.443697499232712,379.25800000000004,1.2749000000000006,2,4
5192914,CHEMBL1650437,IC50,=,68.0,nM,7.17,CHEMBL284,Dipeptidyl peptidase 4,CCn1c(=O)cc(N2CCC[C@@H](N)C2)n(Cc2ccccc2C#N)c1=O,7.167491087293763,353.42600000000004,0.8773799999999997,1,5
5192915,CHEMBL1650436,IC50,=,57.0,nM,7.24,CHEMBL284,Dipeptidyl peptidase 4,Cn1c(=O)c(Cl)c(N2CCC[C@@H](N)C2)n(Cc2ccccc2C#N)c1=O,7.2441251443275085,373.84400000000005,1.0478799999999997,1,5
5192917,CHEMBL1650435,IC50,=,4.0,nM,8.4,CHEMBL284,Dipeptidyl peptidase 4,N#Cc1ccccc1Cn1c(N2CCC[C@@H](N)C2)cc(=O)[nH]c1=O,8.397940008672037,325.372,0.38408000000000037,2,5
5192918,CHEMBL1650434,IC50,=,6.0,nM,8.22,CHEMBL284,Dipeptidyl peptidase 4,N#Cc1ccc(F)cc1Cn1c(N2CCC[C@@H](N)C2)ncc(Br)c1=O,8.221848749616356,406.25900000000007,1.9923799999999996,1,5
5192919,CHEMBL1650433,IC50,=,8.0,nM,8.1,CHEMBL284,Dipeptidyl peptidase 4,N#Cc1ccc(F)cc1Cn1c(N2CCC[C@@H](N)C2)ncc(Cl)c1=O,8.096910013008056,361.80800000000005,1.8832799999999994,1,5
5192920,CHEMBL1650432,IC50,=,8.0,nM,8.1,CHEMBL284,Dipeptidyl peptidase 4,N#Cc1ccc(F)cc1Cn1c(N2CCC[C@@H](N)C2)ncc(F)c1=O,8.096910013008056,345.35300000000007,1.3689799999999996,1,5
5192921,CHEMBL1650431,IC50,=,430.0,nM,6.37,CHEMBL284,Dipeptidyl peptidase 4,N#Cc1cc(F)ccc1Cn1c(N2CCC[C@@H](N)C2)ncc(F)c1=O,6.366531544420414,345.35300000000007,1.3689799999999996,1,5
5192922,CHEMBL1650430,IC50,=,3.0,nM,8.52,CHEMBL284,Dipeptidyl peptidase 4,N#Cc1ccsc1Cn1c(N2CCC[C@@H](N)C2)ncc(Br)c1=O,8.522878745280337,394.298,1.91478,1,6
5192923,CHEMBL1650429,IC50,=,6.0,nM,8.22,CHEMBL284,Dipeptidyl peptidase 4,N#Cc1ccccc1Cn1c(N2CCC[C@@H](N)C2)ncc(/C=C/c2cccnc2)c1=O,8.221848749616356,412.49700000000007,2.656180000000001,1,6
5192924,CHEMBL1650428,IC50,=,21.0,nM,7.68,CHEMBL284,Dipeptidyl peptidase 4,N#Cc1ccccc1Cn1c(N2CCC[C@@H](N)C2)ncc(/C=C/c2ccc(F)cc2)c1=O,7.6777807052660805,429.4990000000001,3.400280000000002,1,5
5192925,CHEMBL1650427,IC50,=,22.0,nM,7.66,CHEMBL284,Dipeptidyl peptidase 4,N#Cc1ccccc1Cn1c(N2CCC[C@@H](N)C2)ncc(/C=C/c2ccccc2)c1=O,7.657577319177793,411.50900000000007,3.261180000000002,1,5
5192926,CHEMBL1650426,IC50,=,8.0,nM,8.1,CHEMBL284,Dipeptidyl peptidase 4,C=Cc1cnc(N2CCC[C@@H](N)C2)n(Cc2ccccc2C#N)c1=O,8.096910013008056,335.41100000000006,1.7337799999999999,1,5
5192927,CHEMBL1650425,IC50,=,570.0,nM,6.24,CHEMBL284,Dipeptidyl peptidase 4,CC(C)(C)C#Cc1cnc(N2CCC[C@@H](N)C2)n(Cc2ccccc2C#N)c1=O,6.2441251443275085,389.5030000000001,2.4883800000000003,1,5
5192928,CHEMBL1650424,IC50,=,20.0,nM,7.7,CHEMBL284,Dipeptidyl peptidase 4,N#Cc1ccccc1Cn1c(N2CCC[C@@H](N)C2)ncc(C#CCO)c1=O,7.698970004336019,363.4210000000001,0.4345799999999999,2,6
5192929,CHEMBL1650423,IC50,=,5.0,nM,8.3,CHEMBL284,Dipeptidyl peptidase 4,CC#Cc1cnc(N2CCC[C@@H](N)C2)n(Cc2ccccc2C#N)c1=O,8.301029995663981,347.4220000000001,1.4621799999999998,1,5
5192930,CHEMBL1650422,IC50,=,5.0,nM,8.3,CHEMBL284,Dipeptidyl peptidase 4,C#Cc1cnc(N2CCC[C@@H](N)C2)n(Cc2ccccc2C#N)c1=O,8.301029995663981,333.3950000000001,1.0720799999999997,1,5
5192931,CHEMBL1650421,IC50,=,200.0,nM,6.7,CHEMBL284,Dipeptidyl peptidase 4,N#Cc1ccccc1Cn1c(N2CCC[C@@H](N)C2)ncc(N2CCCC2)c1=O,6.698970004336019,378.4800000000002,1.69098,1,6
5192932,CHEMBL1650420,IC50,=,5.0,nM,8.3,CHEMBL284,Dipeptidyl peptidase 4,N#Cc1ccccc1Cn1c(N2CCC[C@@H](N)C2)ncc(-c2cc[nH]c2)c1=O,8.301029995663981,374.44800000000004,2.0858799999999995,2,5
5192933,CHEMBL1650419,IC50,=,77.0,nM,7.11,CHEMBL284,Dipeptidyl peptidase 4,Cc1nc(N2CCC[C@@H](N)C2)n(Cc2ccccc2C#N)c(=O)c1-c1ccoc1,7.113509274827518,389.4590000000002,2.6592000000000002,1,6
5192934,CHEMBL1650418,IC50,=,12.0,nM,7.92,CHEMBL284,Dipeptidyl peptidase 4,N#Cc1ccccc1Cn1c(N2CCC[C@@H](N)C2)ncc(-c2ccoc2)c1=O,7.920818753952375,375.4320000000001,2.3507800000000003,1,6
5192935,CHEMBL1650417,IC50,=,990.0,nM,6.0,CHEMBL284,Dipeptidyl peptidase 4,COc1ccccc1-c1cnc(N2CCC[C@@H](N)C2)n(Cc2ccccc2C#N)c1=O,6.00436480540245,415.4970000000001,2.7663800000000007,1,6
5192936,CHEMBL1650416,IC50,=,240.0,nM,6.62,CHEMBL284,Dipeptidyl peptidase 4,N#Cc1ccccc1Cn1c(N2CCC[C@@H](N)C2)ncc(-c2ccccc2F)c1=O,6.619788758288394,403.46100000000007,2.8968800000000012,1,5
5192937,CHEMBL1650415,IC50,=,540.0,nM,6.27,CHEMBL284,Dipeptidyl peptidase 4,Cc1nc(N2CCC[C@@H](N)C2)n(Cc2ccccc2C#N)c(=O)c1-c1ccccc1,6.267606240177032,399.49800000000016,3.066200000000001,1,5
5192938,CHEMBL1650414,IC50,=,23.0,nM,7.64,CHEMBL284,Dipeptidyl peptidase 4,N#Cc1ccccc1Cn1c(N2CCC[C@@H](N)C2)ncc(-c2ccccc2)c1=O,7.638272163982407,385.47100000000006,2.7577800000000012,1,5
5192939,CHEMBL1650413,IC50,=,13.0,nM,7.89,CHEMBL284,Dipeptidyl peptidase 4,N#Cc1ccccc1Cn1c(N2CCC[C@@H](N)C2)nc2c(c1=O)CCCC2,7.886056647693163,363.4650000000002,1.9695799999999994,1,5
5192940,CHEMBL1650412,IC50,=,23.0,nM,7.64,CHEMBL284,Dipeptidyl peptidase 4,N#Cc1ccccc1Cn1c(N2CCC[C@@H](N)C2)nc(-c2ccccc2)cc1=O,7.638272163982407,385.47100000000006,2.7577800000000012,1,5
5192941,CHEMBL1650411,IC50,=,4.0,nM,8.4,CHEMBL284,Dipeptidyl peptidase 4,COc1cnc(N2CCC[C@@H](N)C2)n(Cc2ccccc2C#N)c1=O,8.397940008672037,339.39900000000006,1.09938,1,6
5192942,CHEMBL1650410,IC50,=,17.0,nM,7.77,CHEMBL284,Dipeptidyl peptidase 4,CCc1cnc(N2CCC[C@@H](N)C2)n(Cc2ccccc2C#N)c1=O,7.769551078621726,337.4270000000001,1.6531799999999996,1,5
5192943,CHEMBL1650409,IC50,=,10.0,nM,8.0,CHEMBL284,Dipeptidyl peptidase 4,Cc1nc(N2CCC[C@@H](N)C2)n(Cc2ccccc2C#N)c(=O)c1C,8.0,337.42700000000013,1.7076199999999992,1,5
5192944,CHEMBL1650408,IC50,=,6.0,nM,8.22,CHEMBL284,Dipeptidyl peptidase 4,N#Cc1ccccc1Cn1c(N2CCC[C@@H](N)C2)ncc(I)c1=O,8.221848749616356,435.269,1.6953799999999999,1,5
5192945,CHEMBL1650407,IC50,=,7400.0,nM,5.13,CHEMBL284,Dipeptidyl peptidase 4,CC(C)(C)c1nc(N2CCC[C@@H](N)C2)n(Cc2ccccc2C#N)c(=O)c1Br,5.130768280269024,444.37700000000007,3.150780000000001,1,5
5192946,CHEMBL1650406,IC50,=,8.0,nM,8.1,CHEMBL284,Dipeptidyl peptidase 4,Cc1nc(N2CCC[C@@H](N)C2)n(Cc2ccccc2C#N)c(=O)c1Br,8.096910013008056,402.2960000000001,2.1616999999999997,1,5
5192947,CHEMBL1235761,IC50,=,5.0,nM,8.3,CHEMBL284,Dipeptidyl peptidase 4,N#Cc1ccccc1Cn1c(N2CCC[C@@H](N)C2)ncc(Br)c1=O,8.301029995663981,388.269,1.8532799999999998,1,5
5192948,CHEMBL1650405,IC50,=,7.0,nM,8.15,CHEMBL284,Dipeptidyl peptidase 4,N#Cc1ccccc1Cn1c(N2CCC[C@@H](N)C2)ncc(Cl)c1=O,8.154901959985743,343.81800000000004,1.7441799999999998,1,5
5192949,CHEMBL1650403,IC50,=,14.0,nM,7.85,CHEMBL284,Dipeptidyl peptidase 4,N#Cc1ccccc1Cn1c(N2CCC[C@@H](N)C2)nccc1=O,7.853871964321762,309.373,1.09078,1,5
5192950,CHEMBL1650404,IC50,=,6.0,nM,8.22,CHEMBL284,Dipeptidyl peptidase 4,N#Cc1ccccc1Cn1c(N2CCC[C@@H](N)C2)ncc(F)c1=O,8.221848749616356,327.363,1.2298799999999999,1,5
5208652,CHEMBL3216493,IC50,=,23.0,nM,7.64,CHEMBL284,Dipeptidyl peptidase 4,Cc1ccc(-c2c(CN)c(CC(C)C)nc3ccc(CCC(=O)O)cc23)cc1.Cl.Cl,7.638272163982407,449.4220000000002,5.7282200000000065,2,3
5208653,CHEMBL3215844,IC50,=,8.7,nM,8.06,CHEMBL284,Dipeptidyl peptidase 4,Cc1ccc(-c2c(CN)c(CC(C)C)nc3ccc(CCCC(=O)O)cc23)cc1.Cl.Cl,8.060480747381382,463.44900000000024,6.118320000000007,2,3
5208654,CHEMBL3216279,IC50,=,9.6,nM,8.02,CHEMBL284,Dipeptidyl peptidase 4,Cc1ccc(-c2c(CN)c(CC(C)C)nc3ccc(CCCCC(=O)O)cc23)cc1.Cl.Cl,8.017728766960431,477.4760000000003,6.508420000000007,2,3
5208655,CHEMBL3216495,IC50,=,6.6,nM,8.18,CHEMBL284,Dipeptidyl peptidase 4,Cc1ccc(-c2c(CN)c(CC(C)C)nc3ccc(CCCCCC(=O)O)cc23)cc1.Cl.Cl,8.18045606445813,491.5030000000003,6.8985200000000075,2,3
5208656,CHEMBL3142227,IC50,=,1.1,nM,8.96,CHEMBL284,Dipeptidyl peptidase 4,Cc1ccc(-c2c(CN)c(CC(C)C)nc3ccc(N4CC(=O)NCC4=O)cc23)cc1.Cl.Cl,8.958607314841775,489.4470000000002,4.1738200000000045,2,4
5208657,CHEMBL3215845,IC50,=,18.0,nM,7.75,CHEMBL284,Dipeptidyl peptidase 4,Cc1ccc(-c2c(CN)c(CC(C)C)nc(C)c2C(=O)O)cc1.Cl.Cl,7.7447274948966935,385.335,4.564440000000005,2,3
5208658,CHEMBL3216734,IC50,=,20.0,nM,7.7,CHEMBL284,Dipeptidyl peptidase 4,Cc1ccc(-c2c(CC(=O)O)c(C)nc(CC(C)C)c2CN)cc1.Cl.Cl,7.698970004336019,399.362,4.493340000000004,2,3
5208659,CHEMBL3216954,IC50,=,39.0,nM,7.41,CHEMBL284,Dipeptidyl peptidase 4,Cc1ccc(-c2c(CCC(=O)O)c(C)nc(CC(C)C)c2CN)cc1.Cl.Cl,7.4089353929735005,413.38900000000007,4.8834400000000056,2,3
5208660,CHEMBL3216718,IC50,=,66.0,nM,7.18,CHEMBL284,Dipeptidyl peptidase 4,Cc1ccc(-c2c(/C=C/C(=O)O)c(C)nc(CC(C)C)c2CN)cc1.Cl.Cl,7.180456064458132,411.3730000000001,4.964040000000006,2,3
5208661,CHEMBL3216937,IC50,=,57.0,nM,7.24,CHEMBL284,Dipeptidyl peptidase 4,CCCc1nc(C)c(C(=O)O)c(-c2ccc(C)cc2)c1CN.Cl.Cl,7.2441251443275085,371.30800000000005,4.318440000000004,2,3
5208662,CHEMBL3216477,IC50,=,58.0,nM,7.24,CHEMBL284,Dipeptidyl peptidase 4,CCCCc1nc(C)c(C(=O)O)c(-c2ccc(C)cc2)c1CN.Cl.Cl,7.236572006437063,385.3350000000001,4.708540000000005,2,3
5208663,CHEMBL3216938,IC50,=,18.0,nM,7.75,CHEMBL284,Dipeptidyl peptidase 4,Cc1ccc(-c2c(CN)c(CC(C)(C)C)nc(C)c2C(=O)O)cc1.Cl.Cl,7.7447274948966935,399.362,4.954540000000006,2,3
5208664,CHEMBL3216719,IC50,=,5.7,nM,8.24,CHEMBL284,Dipeptidyl peptidase 4,CCc1nc(CC(C)(C)C)c(CN)c(-c2ccc(C)cc2)c1C(=O)O.Cl.Cl,8.244125144327509,413.38900000000007,5.208520000000006,2,3
5208665,CHEMBL3215820,IC50,=,4.4,nM,8.36,CHEMBL284,Dipeptidyl peptidase 4,CCCc1nc(CC(C)(C)C)c(CN)c(-c2ccc(C)cc2)c1C(=O)O.Cl.Cl,8.356547323513812,427.4160000000001,5.598620000000007,2,3
5208666,CHEMBL3215608,IC50,=,19.0,nM,7.72,CHEMBL284,Dipeptidyl peptidase 4,Cc1ccc(-c2c(CN)c(CC(C)(C)C)nc(C(C)C)c2C(=O)O)cc1.Cl.Cl,7.721246399047171,427.4160000000001,5.769520000000007,2,3
5208667,CHEMBL3215606,IC50,=,4.6,nM,8.34,CHEMBL284,Dipeptidyl peptidase 4,Cc1ccc(-c2c(CN)c(CC(C)(C)C)nc(CC(C)C)c2C(=O)O)cc1.Cl.Cl,8.337242168318426,441.44300000000015,5.844620000000007,2,3
5208668,CHEMBL3216060,IC50,=,2.5,nM,8.6,CHEMBL284,Dipeptidyl peptidase 4,Cc1ccc(-c2c(CN)c(CC(C)(C)C)nc(Cc3ccccc3)c2C(=O)O)cc1.Cl.Cl,8.602059991327963,475.4600000000001,6.236920000000007,2,3
5208669,CHEMBL3215607,IC50,=,10.0,nM,8.0,CHEMBL284,Dipeptidyl peptidase 4,Cc1ccc(-c2c(CC(=O)O)c(C)nc(CC(C)(C)C)c2CN)cc1.Cl.Cl,8.0,413.38900000000007,4.8834400000000056,2,3
5208670,CHEMBL1672127,IC50,=,5.3,nM,8.28,CHEMBL284,Dipeptidyl peptidase 4,CCc1nc(CC(C)(C)C)c(CN)c(-c2ccc(C)cc2)c1CC(=O)O.O,8.275724130399212,372.5090000000001,3.469120000000002,2,3
5236280,CHEMBL1683476,IC50,=,601.0,nM,6.22,CHEMBL284,Dipeptidyl peptidase 4,Cl.N[C@@H](CC(=O)N1CCSC1C(=O)O)Cc1cc(F)c(F)cc1F,6.221125527997261,384.807,1.7717000000000003,2,4
5236281,CHEMBL1683477,IC50,=,204.0,nM,6.69,CHEMBL284,Dipeptidyl peptidase 4,COC(=O)C1SCCN1C(=O)C[C@H](N)Cc1cc(F)c(F)cc1F.Cl,6.690369832574102,398.834,1.8600999999999996,1,5
5236282,CHEMBL1683478,IC50,=,212.0,nM,6.67,CHEMBL284,Dipeptidyl peptidase 4,Cl.N[C@@H](CC(=O)N1CCSC1C(=O)NCC(=O)O)Cc1cc(F)c(F)cc1F,6.673664139071248,441.85900000000015,0.8878999999999997,3,5
5236283,CHEMBL1683479,IC50,=,101.0,nM,7.0,CHEMBL284,Dipeptidyl peptidase 4,CCOC(=O)CNC(=O)C1SCCN1C(=O)C[C@H](N)Cc1cc(F)c(F)cc1F.Cl,6.995678626217358,469.9130000000002,1.3664000000000005,2,6
5236284,CHEMBL1683480,IC50,=,1700.0,nM,5.77,CHEMBL284,Dipeptidyl peptidase 4,CN(C)C(=O)C1SCCN1C(=O)C[C@H](N)Cc1cc(F)c(F)cc1F.Cl,5.769551078621726,411.877,1.7753,1,4
5236285,CHEMBL1683481,IC50,=,807.0,nM,6.09,CHEMBL284,Dipeptidyl peptidase 4,Cl.N[C@@H](CC(=O)N1CCSC1C(=O)N1CCOCC1)Cc1cc(F)c(F)cc1F,6.09312646527793,453.9140000000002,1.5459,1,5
5236286,CHEMBL1683482,IC50,=,680.0,nM,6.17,CHEMBL284,Dipeptidyl peptidase 4,Cl.N[C@@H](CC(=O)N1CCSC1C(=O)N1CCNCC1)Cc1cc(F)c(F)cc1F,6.167491087293763,452.9300000000002,1.1189,2,5
5236287,CHEMBL1683483,IC50,=,88.0,nM,7.06,CHEMBL284,Dipeptidyl peptidase 4,Cl.N[C@@H](CC(=O)N1CCSC1C(=O)NCc1ccoc1)Cc1cc(F)c(F)cc1F,7.055517327849832,463.90900000000016,2.5965000000000007,2,5
5236288,CHEMBL1681806,IC50,=,77.0,nM,7.11,CHEMBL284,Dipeptidyl peptidase 4,Cl.N[C@@H](CC(=O)N1CCSC1C(=O)NCc1ccccc1)Cc1cc(F)c(F)cc1F,7.113509274827518,473.94800000000015,3.0035000000000016,2,4
5236289,CHEMBL1683484,IC50,=,357.0,nM,6.45,CHEMBL284,Dipeptidyl peptidase 4,Cl.N[C@@H](CC(=O)N1CCSC1C(=O)NCc1ccncc1)Cc1cc(F)c(F)cc1F,6.447331783887806,474.93600000000015,2.3985000000000003,2,5
5236291,CHEMBL1683485,IC50,=,328.0,nM,6.48,CHEMBL284,Dipeptidyl peptidase 4,Cl.N[C@@H](CC(=O)N1CCSC1C(=O)NCc1ccc(O)cc1)Cc1cc(F)c(F)cc1F,6.484126156288321,489.9470000000002,2.709100000000001,3,5
5236292,CHEMBL1683486,IC50,=,229.0,nM,6.64,CHEMBL284,Dipeptidyl peptidase 4,Cl.N[C@@H](CC(=O)N1CCSC1C(=O)NCc1ccc(C(=O)O)cc1)Cc1cc(F)c(F)cc1F,6.640164517660112,517.9570000000002,2.7017000000000007,3,5
5236293,CHEMBL1683487,IC50,=,41.0,nM,7.39,CHEMBL284,Dipeptidyl peptidase 4,CCOC(=O)COc1ccc(CNC(=O)C2SCCN2C(=O)C[C@H](N)Cc2cc(F)c(F)cc2F)cc1.Cl,7.3872161432802645,576.0370000000004,2.9454000000000016,2,7
5236294,CHEMBL1683488,IC50,=,51.0,nM,7.29,CHEMBL284,Dipeptidyl peptidase 4,Cl.N[C@@H](CC(=O)N1CCSC1C(=O)NCc1ccc(OCC(=O)O)cc1)Cc1cc(F)c(F)cc1F,7.292429823902063,547.9830000000003,2.4669000000000008,3,6
5236295,CHEMBL1683489,IC50,=,95.0,nM,7.02,CHEMBL284,Dipeptidyl peptidase 4,CCOC(=O)COc1cccc(CNC(=O)C2SCCN2C(=O)C[C@H](N)Cc2cc(F)c(F)cc2F)c1.Cl,7.022276394711152,576.0370000000004,2.9454000000000007,2,7
5236296,CHEMBL1683490,IC50,=,102.0,nM,6.99,CHEMBL284,Dipeptidyl peptidase 4,Cl.N[C@@H](CC(=O)N1CCSC1C(=O)NCc1cccc(OCC(=O)O)c1)Cc1cc(F)c(F)cc1F,6.991399828238082,547.9830000000003,2.4669000000000008,3,6
5236297,CHEMBL1683491,IC50,=,112.0,nM,6.95,CHEMBL284,Dipeptidyl peptidase 4,CCOC(=O)C1COc2cc(CNC(=O)C3SCCN3C(=O)C[C@H](N)Cc3cc(F)c(F)cc3F)ccc2O1.Cl,6.950781977329818,604.0470000000004,2.7064000000000017,2,8
5236298,CHEMBL1683492,IC50,=,192.0,nM,6.72,CHEMBL284,Dipeptidyl peptidase 4,Cl.N[C@@H](CC(=O)N1CCSC1C(=O)NCc1ccc2c(c1)OCC(C(=O)O)O2)Cc1cc(F)c(F)cc1F,6.716698771296451,575.9930000000004,2.2279,3,7
5236299,CHEMBL1683493,IC50,=,64.0,nM,7.19,CHEMBL284,Dipeptidyl peptidase 4,CCOC(=O)C1Oc2ccc(CNC(=O)C3SCCN3C(=O)C[C@H](N)Cc3cc(F)c(F)cc3F)cc2O1.Cl,7.1938200260161125,590.0200000000003,2.6639000000000004,2,8
5236300,CHEMBL1683494,IC50,=,64.0,nM,7.19,CHEMBL284,Dipeptidyl peptidase 4,Cl.N[C@@H](CC(=O)N1CCSC1C(=O)NCc1ccc2c(c1)OC(C(=O)O)O2)Cc1cc(F)c(F)cc1F,7.1938200260161125,561.9660000000003,2.1853999999999996,3,7
5236301,CHEMBL1683495,IC50,=,216.0,nM,6.67,CHEMBL284,Dipeptidyl peptidase 4,CC(Oc1ccc(CNC(=O)C2SCCN2C(=O)C[C@H](N)Cc2cc(F)c(F)cc2F)cc1)C(=O)O.Cl,6.665546248849069,562.0100000000002,2.855400000000001,3,6
5236302,CHEMBL1683496,IC50,=,56.0,nM,7.25,CHEMBL284,Dipeptidyl peptidase 4,CC(C)(Oc1ccc(CNC(=O)C2SCCN2C(=O)C[C@H](N)Cc2cc(F)c(F)cc2F)cc1)C(=O)O.Cl,7.251811972993799,576.0370000000003,3.245500000000001,3,6
5236303,CHEMBL1683497,IC50,=,28.0,nM,7.55,CHEMBL284,Dipeptidyl peptidase 4,Cl.N[C@@H](CC(=O)N1CCSC1C(=O)NCc1ccc(OC(Cc2ccccc2)C(=O)O)cc1)Cc1cc(F)c(F)cc1F,7.552841968657781,638.1080000000003,4.0782000000000025,3,6
5236304,CHEMBL1683498,IC50,=,6.0,nM,8.22,CHEMBL284,Dipeptidyl peptidase 4,CC(C)C(Oc1ccc(CNC(=O)C2SCCN2C(=O)C[C@H](N)Cc2cc(F)c(F)cc2F)cc1)C(=O)O.Cl,8.221848749616356,590.0640000000003,3.4915000000000016,3,6
5236305,CHEMBL1683499,IC50,=,77.0,nM,7.11,CHEMBL284,Dipeptidyl peptidase 4,CCOC(=O)C(Oc1ccc(CNC(=O)C2SCCN2C(=O)C[C@H](N)Cc2cc(F)c(F)cc2F)cc1)C(C)C.Cl,7.113509274827518,618.1180000000003,3.970000000000003,2,7
5236306,CHEMBL1683500,IC50,=,80.0,nM,7.1,CHEMBL284,Dipeptidyl peptidase 4,CC(C)C(C(=O)O)N(C)c1ccc(CNC(=O)C2SCCN2C(=O)C[C@H](N)Cc2cc(F)c(F)cc2F)cc1.Cl,7.096910013008056,603.1070000000003,3.548900000000002,3,6
5236307,CHEMBL1683501,IC50,=,80.0,nM,7.1,CHEMBL284,Dipeptidyl peptidase 4,CCOC(=O)C(C(C)C)N(C)c1ccc(CNC(=O)C2SCCN2C(=O)C[C@H](N)Cc2cc(F)c(F)cc2F)cc1.Cl,7.096910013008056,631.1610000000004,4.027400000000004,2,7
5236308,CHEMBL1683502,IC50,=,13.0,nM,7.89,CHEMBL284,Dipeptidyl peptidase 4,CC(C)(Nc1ccc(CNC(=O)C2SCCN2C(=O)C[C@H](N)Cc2cc(F)c(F)cc2F)cc1)C(=O)O.Cl,7.886056647693163,575.0530000000003,3.2786000000000013,4,6
5236309,CHEMBL1683503,IC50,=,68.0,nM,7.17,CHEMBL284,Dipeptidyl peptidase 4,CCOC(=O)C(C)(C)Nc1ccc(CNC(=O)C2SCCN2C(=O)C[C@H](N)Cc2cc(F)c(F)cc2F)cc1.Cl,7.167491087293763,603.1070000000004,3.7571000000000017,3,7
5236310,CHEMBL1683504,IC50,=,3.0,nM,8.52,CHEMBL284,Dipeptidyl peptidase 4,CC(C)C(Nc1ccc(CNC(=O)C2SCCN2C(=O)C[C@H](N)Cc2cc(F)c(F)cc2F)cc1)C(=O)O.Cl,8.522878745280337,589.0800000000003,3.5246000000000017,4,6
5236311,CHEMBL1683505,IC50,=,50.0,nM,7.3,CHEMBL284,Dipeptidyl peptidase 4,CCOC(=O)C(Nc1ccc(CNC(=O)C2SCCN2C(=O)C[C@H](N)Cc2cc(F)c(F)cc2F)cc1)C(C)C.Cl,7.301029995663981,617.1340000000004,4.0031000000000025,3,7
5236312,CHEMBL1683506,IC50,=,1.0,nM,9.0,CHEMBL284,Dipeptidyl peptidase 4,CC(C)[C@@H](Nc1ccc(CNC(=O)[C@@H]2SCCN2C(=O)C[C@H](N)Cc2cc(F)c(F)cc2F)cc1)C(=O)O.Cl,9.0,589.0800000000003,3.5246000000000017,4,6
5236313,CHEMBL1683507,IC50,=,17.0,nM,7.77,CHEMBL284,Dipeptidyl peptidase 4,CCOC(=O)[C@H](Nc1ccc(CNC(=O)[C@@H]2SCCN2C(=O)C[C@H](N)Cc2cc(F)c(F)cc2F)cc1)C(C)C.Cl,7.769551078621726,617.1340000000004,4.0031000000000025,3,7
5236314,CHEMBL1683508,IC50,=,1.2,nM,8.92,CHEMBL284,Dipeptidyl peptidase 4,CC(C)[C@H](Nc1ccc(CNC(=O)[C@@H]2SCCN2C(=O)C[C@H](N)Cc2cc(F)c(F)cc2F)cc1)C(=O)O,8.920818753952375,552.6190000000003,3.102800000000001,4,6
5236315,CHEMBL1683641,IC50,=,25.0,nM,7.6,CHEMBL284,Dipeptidyl peptidase 4,CCOC(=O)[C@@H](Nc1ccc(CNC(=O)[C@@H]2SCCN2C(=O)C[C@H](N)Cc2cc(F)c(F)cc2F)cc1)C(C)C,7.6020599913279625,580.6730000000003,3.5813000000000024,3,7
5236316,CHEMBL1614845,IC50,=,10.0,nM,8.0,CHEMBL284,Dipeptidyl peptidase 4,CC(C)[C@@H](Nc1ccc(CNC(=O)[C@H]2SCCN2C(=O)C[C@H](N)Cc2cc(F)c(F)cc2F)cc1)C(=O)O,8.0,552.6190000000003,3.102800000000001,4,6
5236317,CHEMBL1683642,IC50,=,175.0,nM,6.76,CHEMBL284,Dipeptidyl peptidase 4,CCOC(=O)[C@H](Nc1ccc(CNC(=O)[C@H]2SCCN2C(=O)C[C@H](N)Cc2cc(F)c(F)cc2F)cc1)C(C)C,6.756961951313706,580.6730000000003,3.5813000000000024,3,7
5236318,CHEMBL1683643,IC50,=,13.0,nM,7.89,CHEMBL284,Dipeptidyl peptidase 4,CC(C)[C@H](Nc1ccc(CNC(=O)[C@H]2SCCN2C(=O)C[C@H](N)Cc2cc(F)c(F)cc2F)cc1)C(=O)O,7.886056647693163,552.6190000000003,3.102800000000001,4,6
5236319,CHEMBL1683644,IC50,=,309.0,nM,6.51,CHEMBL284,Dipeptidyl peptidase 4,CCOC(=O)[C@@H](Nc1ccc(CNC(=O)[C@H]2SCCN2C(=O)C[C@H](N)Cc2cc(F)c(F)cc2F)cc1)C(C)C,6.510041520575165,580.6730000000003,3.5813000000000024,3,7
5237506,CHEMBL1682975,IC50,=,140.0,nM,6.85,CHEMBL284,Dipeptidyl peptidase 4,CN([C@H]1CC[C@H]([C@H](N)Cc2cc(F)ccc2F)CC1)S(=O)(=O)c1ccccc1,6.853871964321762,408.5140000000001,3.714100000000003,1,3
5237507,CHEMBL1682976,IC50,=,110.0,nM,6.96,CHEMBL284,Dipeptidyl peptidase 4,CN([C@H]1CC[C@H]([C@H](N)Cc2cc(F)ccc2F)CC1)S(=O)(=O)c1ccccc1C(F)(F)F,6.958607314841775,476.51100000000014,4.732900000000003,1,3
5237508,CHEMBL1682977,IC50,=,85.0,nM,7.07,CHEMBL284,Dipeptidyl peptidase 4,CN([C@H]1CC[C@H]([C@H](N)Cc2cc(F)ccc2F)CC1)S(=O)(=O)c1cccc(C#N)c1,7.070581074285707,433.52400000000017,3.5857800000000024,1,4
5237509,CHEMBL1682978,IC50,=,180.0,nM,6.75,CHEMBL284,Dipeptidyl peptidase 4,CN([C@H]1CC[C@H]([C@H](N)Cc2cc(F)ccc2F)CC1)S(=O)(=O)c1ccc(C#N)cc1,6.7447274948966935,433.52400000000017,3.5857800000000024,1,4
5237510,CHEMBL1682979,IC50,=,140.0,nM,6.85,CHEMBL284,Dipeptidyl peptidase 4,CN([C@H]1CC[C@H]([C@H](N)Cc2cc(F)ccc2F)CC1)S(=O)(=O)c1ccc(N)cc1,6.853871964321762,423.52900000000017,3.2963000000000013,2,4
5237511,CHEMBL1682980,IC50,=,400.0,nM,6.4,CHEMBL284,Dipeptidyl peptidase 4,CN([C@H]1CC[C@H]([C@H](N)Cc2cc(F)ccc2F)CC1)S(=O)(=O)c1ccc(OC(F)(F)F)cc1,6.3979400086720375,492.51000000000016,4.612700000000003,1,4
5237512,CHEMBL1682981,IC50,=,99.0,nM,7.0,CHEMBL284,Dipeptidyl peptidase 4,CN([C@H]1CC[C@H]([C@H](N)Cc2cc(F)ccc2F)CC1)S(=O)(=O)c1cccc(C(N)=O)c1,7.00436480540245,451.5390000000002,2.8130000000000006,2,4
5237513,CHEMBL1682982,IC50,=,84.0,nM,7.08,CHEMBL284,Dipeptidyl peptidase 4,CN([C@H]1CC[C@H]([C@H](N)Cc2cc(F)ccc2F)CC1)S(=O)(=O)c1ccc(C(N)=O)cc1,7.075720713938118,451.5390000000002,2.8130000000000006,2,4
5237514,CHEMBL1682983,IC50,=,150.0,nM,6.82,CHEMBL284,Dipeptidyl peptidase 4,CN([C@H]1CC[C@H]([C@H](N)Cc2cc(F)ccc2F)CC1)S(=O)(=O)c1ccc(F)cc1F,6.823908740944319,444.49400000000014,3.992300000000002,1,3
5237515,CHEMBL1682984,IC50,=,130.0,nM,6.89,CHEMBL284,Dipeptidyl peptidase 4,CN([C@H]1CC[C@H]([C@H](N)Cc2cc(F)ccc2F)CC1)S(=O)(=O)c1ccc(-c2cnco2)cc1,6.886056647693163,475.5610000000002,4.369100000000003,1,5
5237516,CHEMBL1682985,IC50,=,94.0,nM,7.03,CHEMBL284,Dipeptidyl peptidase 4,CN([C@H]1CC[C@H]([C@H](N)Cc2cc(F)ccc2F)CC1)S(=O)(=O)c1ccc(-c2csnn2)cc1,7.026872146400302,492.6170000000002,4.232600000000002,1,6
5237517,CHEMBL1683086,IC50,=,280.0,nM,6.55,CHEMBL284,Dipeptidyl peptidase 4,Cc1[nH]ncc1S(=O)(=O)N(C)[C@H]1CC[C@H]([C@H](N)Cc2cc(F)ccc2F)CC1,6.552841968657781,412.5060000000002,2.7456200000000006,2,4
5237518,CHEMBL1683087,IC50,=,500.0,nM,6.3,CHEMBL284,Dipeptidyl peptidase 4,Cn1cnc(S(=O)(=O)N(C)[C@H]2CC[C@H]([C@H](N)Cc3cc(F)ccc3F)CC2)c1,6.301029995663981,412.50600000000014,2.4475999999999996,1,4
5237519,CHEMBL1683088,IC50,=,170.0,nM,6.77,CHEMBL284,Dipeptidyl peptidase 4,Cc1oncc1S(=O)(=O)N(C)[C@H]1CC[C@H]([C@H](N)Cc2cc(F)ccc2F)CC1,6.769551078621726,413.4900000000002,3.0105200000000014,1,5
5237520,CHEMBL1683089,IC50,=,100.0,nM,7.0,CHEMBL284,Dipeptidyl peptidase 4,CC(=O)Nc1nc(C)c(S(=O)(=O)N(C)[C@H]2CC[C@H]([C@H](N)Cc3cc(F)ccc3F)CC2)s1,7.0,486.61000000000024,3.4374200000000013,2,6
5237521,CHEMBL1683090,IC50,=,110.0,nM,6.96,CHEMBL284,Dipeptidyl peptidase 4,CN([C@H]1CC[C@H]([C@H](N)Cc2cc(F)ccc2F)CC1)S(=O)(=O)c1cccnc1,6.958607314841775,409.5020000000001,3.1091000000000015,1,4
5237522,CHEMBL1683091,IC50,=,55.0,nM,7.26,CHEMBL284,Dipeptidyl peptidase 4,Cc1noc(C)c1S(=O)(=O)N(C)[C@H]1CC[C@H]([C@H](N)Cc2cc(F)ccc2F)CC1,7.259637310505756,427.51700000000017,3.3189400000000013,1,5
5237523,CHEMBL1683092,IC50,=,38.0,nM,7.42,CHEMBL284,Dipeptidyl peptidase 4,CCN([C@H]1CC[C@H]([C@H](N)Cc2cc(F)ccc2F)CC1)S(=O)(=O)c1c(C)noc1C,7.42021640338319,441.54400000000027,3.7090400000000026,1,5
5237524,CHEMBL1683093,IC50,=,670.0,nM,6.17,CHEMBL284,Dipeptidyl peptidase 4,Cc1noc(C)c1S(=O)(=O)N(Cc1ccccc1)[C@H]1CC[C@H]([C@H](N)Cc2cc(F)ccc2F)CC1,6.173925197299173,503.6150000000003,4.889340000000004,1,5
5237525,CHEMBL1683094,IC50,=,570.0,nM,6.24,CHEMBL284,Dipeptidyl peptidase 4,Cc1noc(C)c1S(=O)(=O)N(CCCC(F)(F)F)[C@H]1CC[C@H]([C@H](N)Cc2cc(F)ccc2F)CC1,6.2441251443275085,523.5680000000002,5.031640000000005,1,5
5237526,CHEMBL1683095,IC50,=,260.0,nM,6.58,CHEMBL284,Dipeptidyl peptidase 4,CCN([C@H]1CC[C@H]([C@H](N)Cc2cc(F)ccc2F)CC1)S(C)(=O)=O,6.585026652029182,360.47000000000014,2.674900000000001,1,3
5237527,CHEMBL1683096,IC50,=,1300.0,nM,5.89,CHEMBL284,Dipeptidyl peptidase 4,CS(=O)(=O)N(Cc1ccccc1)[C@H]1CC[C@H]([C@H](N)Cc2cc(F)ccc2F)CC1,5.886056647693163,422.5410000000002,3.8552000000000026,1,3
5237528,CHEMBL1683097,IC50,=,2400.0,nM,5.62,CHEMBL284,Dipeptidyl peptidase 4,CS(=O)(=O)N(CCCC(F)(F)F)[C@H]1CC[C@H]([C@H](N)Cc2cc(F)ccc2F)CC1,5.619788758288394,442.4940000000002,3.9975000000000023,1,3
5237529,CHEMBL1683098,IC50,=,120.0,nM,6.92,CHEMBL284,Dipeptidyl peptidase 4,CC(=O)N(C)[C@H]1CC[C@H]([C@H](N)Cc2cc(F)ccc2F)CC1,6.920818753952375,310.3880000000001,2.8717000000000015,1,2
5237530,CHEMBL1683099,IC50,=,990.0,nM,6.0,CHEMBL284,Dipeptidyl peptidase 4,CC(=O)N(C)[C@H]1CC[C@@H]([C@H](N)Cc2cc(F)ccc2F)CC1,6.00436480540245,310.3880000000001,2.8717000000000015,1,2
5237531,CHEMBL1683100,IC50,=,130.0,nM,6.89,CHEMBL284,Dipeptidyl peptidase 4,CC(C)C(=O)N(C)[C@H]1CC[C@H]([C@H](N)Cc2cc(F)ccc2F)CC1,6.886056647693163,338.44200000000006,3.5078000000000022,1,2
5237532,CHEMBL1683101,IC50,=,110.0,nM,6.96,CHEMBL284,Dipeptidyl peptidase 4,CN(C(=O)C(C)(C)C)[C@H]1CC[C@H]([C@H](N)Cc2cc(F)ccc2F)CC1,6.958607314841775,352.46900000000005,3.8979000000000026,1,2
5237533,CHEMBL1683102,IC50,=,730.0,nM,6.14,CHEMBL284,Dipeptidyl peptidase 4,CN(C(=O)CCN)[C@H]1CC[C@H]([C@H](N)Cc2cc(F)ccc2F)CC1,6.136677139879544,339.43000000000006,2.2006000000000006,2,3
5237534,CHEMBL1683103,IC50,=,140.0,nM,6.85,CHEMBL284,Dipeptidyl peptidase 4,CN(C(=O)CCC(=O)O)[C@H]1CC[C@H]([C@H](N)Cc2cc(F)ccc2F)CC1,6.853871964321762,368.4240000000001,2.7166000000000006,2,3
5237535,CHEMBL1683104,IC50,=,140.0,nM,6.85,CHEMBL284,Dipeptidyl peptidase 4,CN(C(=O)c1cccnc1)[C@H]1CC[C@H]([C@H](N)Cc2cc(F)ccc2F)CC1,6.853871964321762,373.44700000000006,3.5606000000000018,1,3
5237536,CHEMBL1683105,IC50,=,120.0,nM,6.92,CHEMBL284,Dipeptidyl peptidase 4,CN(C(=O)c1csnn1)[C@H]1CC[C@H]([C@H](N)Cc2cc(F)ccc2F)CC1,6.920818753952375,380.4640000000001,3.017100000000001,1,5
5237537,CHEMBL1683106,IC50,=,120.0,nM,6.92,CHEMBL284,Dipeptidyl peptidase 4,CN(C(=O)c1ccno1)[C@H]1CC[C@H]([C@H](N)Cc2cc(F)ccc2F)CC1,6.920818753952375,363.4080000000001,3.1536000000000017,1,4
5237538,CHEMBL1683107,IC50,=,110.0,nM,6.96,CHEMBL284,Dipeptidyl peptidase 4,CN(C(=O)c1c[nH]c2ccccc12)[C@H]1CC[C@H]([C@H](N)Cc2cc(F)ccc2F)CC1,6.958607314841775,411.4960000000002,4.646900000000004,2,2
5237539,CHEMBL1683108,IC50,=,140.0,nM,6.85,CHEMBL284,Dipeptidyl peptidase 4,Cc1noc(C)c1C(=O)N(C)[C@H]1CC[C@H]([C@H](N)Cc2cc(F)ccc2F)CC1,6.853871964321762,391.4620000000001,3.7704400000000025,1,4
5237540,CHEMBL1683109,IC50,=,140.0,nM,6.85,CHEMBL284,Dipeptidyl peptidase 4,Cn1ccc(C(=O)N(C)[C@H]2CC[C@H]([C@H](N)Cc3cc(F)ccc3F)CC2)n1,6.853871964321762,376.4510000000001,2.8991000000000016,1,3
5237541,CHEMBL1683110,IC50,=,260.0,nM,6.58,CHEMBL284,Dipeptidyl peptidase 4,CCN(C(C)=O)[C@H]1CC[C@H]([C@H](N)Cc2cc(F)ccc2F)CC1,6.585026652029182,324.4150000000001,3.261800000000002,1,2
5237542,CHEMBL1683111,IC50,=,110.0,nM,6.96,CHEMBL284,Dipeptidyl peptidase 4,CC(=O)N(Cc1ccccc1)[C@H]1CC[C@H]([C@H](N)Cc2cc(F)ccc2F)CC1,6.958607314841775,386.4860000000001,4.4421000000000035,1,2
5237543,CHEMBL1683112,IC50,=,100.0,nM,7.0,CHEMBL284,Dipeptidyl peptidase 4,CC(=O)N(CCCC(F)(F)F)[C@H]1CC[C@H]([C@H](N)Cc2cc(F)ccc2F)CC1,7.0,406.43900000000014,4.584400000000004,1,2
5237544,CHEMBL1683113,IC50,=,1000.0,nM,6.0,CHEMBL284,Dipeptidyl peptidase 4,N[C@H](Cc1cc(F)ccc1F)[C@H]1CC[C@@H](N2CCC(F)(F)C2)CC1,6.0,344.3960000000001,3.7344000000000035,1,2
5237545,CHEMBL1683114,IC50,=,850.0,nM,6.07,CHEMBL284,Dipeptidyl peptidase 4,N[C@H](Cc1cc(F)ccc1F)[C@H]1CC[C@H](N2CCC(F)(F)C2)CC1,6.070581074285707,344.3960000000001,3.7344000000000035,1,2
5237546,CHEMBL1683115,IC50,=,280.0,nM,6.55,CHEMBL284,Dipeptidyl peptidase 4,N[C@H](Cc1cc(F)ccc1F)[C@H]1CC[C@@H](N2CCn3c(nnc3C(F)(F)F)C2)CC1,6.552841968657781,429.4370000000001,3.5195000000000025,1,4
5237547,CHEMBL1681802,IC50,=,330.0,nM,6.48,CHEMBL284,Dipeptidyl peptidase 4,N[C@H](Cc1cc(F)ccc1F)[C@H]1CC[C@H](N2CCn3c(nnc3C(F)(F)F)C2)CC1,6.481486060122113,429.4370000000001,3.5195000000000025,1,4
5237548,CHEMBL1683116,IC50,=,1800.0,nM,5.75,CHEMBL284,Dipeptidyl peptidase 4,N[C@H](Cc1cc(F)ccc1F)[C@H]1CC[C@@H](N2CCCCC2)CC1,5.7447274948966935,322.44300000000015,3.8793000000000033,1,2
5237549,CHEMBL1683117,IC50,=,330.0,nM,6.48,CHEMBL284,Dipeptidyl peptidase 4,N[C@H](Cc1cc(F)ccc1F)[C@H]1CC[C@H](N2CCCCC2)CC1,6.481486060122113,322.44300000000015,3.8793000000000033,1,2
5237550,CHEMBL1683118,IC50,=,1300.0,nM,5.89,CHEMBL284,Dipeptidyl peptidase 4,NC(=O)C1CCCN([C@H]2CC[C@@H]([C@H](N)Cc3cc(F)ccc3F)CC2)C1,5.886056647693163,365.46800000000013,2.5907,2,3
5237551,CHEMBL1683119,IC50,=,57.0,nM,7.24,CHEMBL284,Dipeptidyl peptidase 4,NC(=O)C1CCCN([C@H]2CC[C@H]([C@H](N)Cc3cc(F)ccc3F)CC2)C1,7.2441251443275085,365.46800000000013,2.5907,2,3
5237552,CHEMBL1683120,IC50,=,200.0,nM,6.7,CHEMBL284,Dipeptidyl peptidase 4,NC(=O)[C@H]1CCCN([C@H]2CC[C@H]([C@H](N)Cc3cc(F)ccc3F)CC2)C1,6.698970004336019,365.46800000000013,2.5907,2,3
5237553,CHEMBL1683121,IC50,=,70.0,nM,7.16,CHEMBL284,Dipeptidyl peptidase 4,NC(=O)[C@@H]1CCCN([C@H]2CC[C@H]([C@H](N)Cc3cc(F)ccc3F)CC2)C1,7.154901959985743,365.46800000000013,2.5907,2,3
5237554,CHEMBL1683122,IC50,=,310.0,nM,6.51,CHEMBL284,Dipeptidyl peptidase 4,NC(=O)O[C@@H]1CCCN([C@H]2CC[C@H]([C@H](N)Cc3cc(F)ccc3F)CC2)C1,6.508638306165727,381.46700000000016,2.953100000000001,2,4
5237555,CHEMBL1683123,IC50,=,270.0,nM,6.57,CHEMBL284,Dipeptidyl peptidase 4,N[C@H](Cc1cc(F)ccc1F)[C@H]1CC[C@H](N2CCC[C@@H](O)C2)CC1,6.568636235841013,338.4420000000001,2.850100000000001,2,3
5237556,CHEMBL1683124,IC50,=,910.0,nM,6.04,CHEMBL284,Dipeptidyl peptidase 4,N[C@H](Cc1cc(F)ccc1F)[C@H]1CC[C@H](NCCCC(F)(F)F)CC1,6.040958607678906,364.40200000000004,4.3255000000000035,2,2
5237557,CHEMBL1683125,IC50,=,290.0,nM,6.54,CHEMBL284,Dipeptidyl peptidase 4,CN(Cc1ccc(C#N)cc1)[C@H]1CC[C@H]([C@H](N)Cc2cc(F)ccc2F)CC1,6.5376020021010435,383.4860000000001,4.397080000000003,1,3
5237558,CHEMBL1683126,IC50,=,220.0,nM,6.66,CHEMBL284,Dipeptidyl peptidase 4,CN(Cc1cccc(C#N)c1)[C@H]1CC[C@H]([C@H](N)Cc2cc(F)ccc2F)CC1,6.657577319177793,383.48600000000005,4.397080000000003,1,3
5237559,CHEMBL1683127,IC50,=,710.0,nM,6.15,CHEMBL284,Dipeptidyl peptidase 4,CCN(Cc1ccccc1)[C@H]1CC[C@H]([C@H](N)Cc2cc(F)ccc2F)CC1,6.1487416512809245,372.50300000000004,4.915500000000004,1,2
5237560,CHEMBL1683128,IC50,=,690.0,nM,6.16,CHEMBL284,Dipeptidyl peptidase 4,N[C@H](Cc1cc(F)ccc1F)[C@H]1CC[C@H](N(CCCC(F)(F)F)Cc2ccccc2)CC1,6.161150909262744,454.52700000000016,6.2381000000000055,1,2
5237561,CHEMBL1683129,IC50,=,450.0,nM,6.35,CHEMBL284,Dipeptidyl peptidase 4,CC(=O)N1CCC([C@H](N)Cc2cc(F)ccc2F)CC1,6.346787486224656,282.33400000000006,2.0931,1,2
5237562,CHEMBL1683130,IC50,=,130.0,nM,6.89,CHEMBL284,Dipeptidyl peptidase 4,CS(=O)(=O)N1CCC([C@H](N)Cc2cc(F)ccc2F)CC1,6.886056647693163,318.3890000000001,1.5062000000000002,1,3
5237563,CHEMBL1683131,IC50,=,450.0,nM,6.35,CHEMBL284,Dipeptidyl peptidase 4,N[C@H](Cc1cc(F)ccc1F)C1CCN(c2ccccn2)CC1,6.346787486224656,317.38300000000004,3.146200000000002,1,3
5237564,CHEMBL1683132,IC50,=,110.0,nM,6.96,CHEMBL284,Dipeptidyl peptidase 4,N[C@H](Cc1cc(F)ccc1F)C1CCN(c2cccnc2)CC1,6.958607314841775,317.38300000000004,3.146200000000002,1,3
5237565,CHEMBL1683133,IC50,=,430.0,nM,6.37,CHEMBL284,Dipeptidyl peptidase 4,N[C@H](Cc1cc(F)ccc1F)C1CCN(c2ccncc2)CC1,6.366531544420414,317.38300000000004,3.146200000000002,1,3
5237566,CHEMBL1683134,IC50,=,77.0,nM,7.11,CHEMBL284,Dipeptidyl peptidase 4,N#Cc1cncc(N2CCC([C@H](N)Cc3cc(F)ccc3F)CC2)c1,7.113509274827518,342.3930000000001,3.0178800000000017,1,4
5237567,CHEMBL1683135,IC50,=,71.0,nM,7.15,CHEMBL284,Dipeptidyl peptidase 4,Cc1ccc(N2CCC([C@H](N)Cc3cc(F)ccc3F)CC2)c(C)n1,7.1487416512809245,345.4370000000001,3.763040000000003,1,3
5237568,CHEMBL1683136,IC50,=,110.0,nM,6.96,CHEMBL284,Dipeptidyl peptidase 4,N[C@H](Cc1cc(F)ccc1F)C1CCN(c2ccc(F)nc2)CC1,6.958607314841775,335.37300000000005,3.285300000000002,1,3
5237569,CHEMBL1683137,IC50,=,82.0,nM,7.09,CHEMBL284,Dipeptidyl peptidase 4,CCOC(=O)c1cncc(N2CCC([C@H](N)Cc3cc(F)ccc3F)CC2)c1,7.086186147616283,389.4460000000001,3.3229000000000015,1,5
5237570,CHEMBL1683138,IC50,=,18.0,nM,7.75,CHEMBL284,Dipeptidyl peptidase 4,NOC(=O)c1cncc(N2CCC([C@H](N)Cc3cc(F)ccc3F)CC2)c1,7.7447274948966935,376.4070000000001,2.1766999999999994,2,6
5237571,CHEMBL1683139,IC50,=,670.0,nM,6.17,CHEMBL284,Dipeptidyl peptidase 4,N[C@H](Cc1cc(F)ccc1F)C1CCN(c2ncccn2)CC1,6.173925197299173,318.37100000000004,2.541200000000001,1,4
5237572,CHEMBL1683140,IC50,=,75.0,nM,7.12,CHEMBL284,Dipeptidyl peptidase 4,N[C@H](Cc1cc(F)ccc1F)C1CCN(c2cncnc2)CC1,7.1249387366083,318.37100000000004,2.541200000000001,1,4
5237573,CHEMBL1683141,IC50,=,78.0,nM,7.11,CHEMBL284,Dipeptidyl peptidase 4,COc1ncc(N2CCC([C@H](N)Cc3cc(F)ccc3F)CC2)cn1,7.107905397309519,348.3970000000001,2.5498000000000003,1,5
5237574,CHEMBL1683142,IC50,=,72.0,nM,7.14,CHEMBL284,Dipeptidyl peptidase 4,N[C@H](Cc1cc(F)ccc1F)C1CCN(c2cnc(O)nc2)CC1,7.142667503568732,334.37000000000006,2.2468000000000004,2,5
5237575,CHEMBL1683143,IC50,=,54.0,nM,7.27,CHEMBL284,Dipeptidyl peptidase 4,COC(=O)C1CCCC(N2CCC([C@H](N)Cc3cc(F)ccc3F)CC2)C1,7.267606240177032,380.4790000000001,3.278400000000002,1,4
5237576,CHEMBL1683144,IC50,=,51.0,nM,7.29,CHEMBL284,Dipeptidyl peptidase 4,N[C@H](Cc1cc(F)ccc1F)C1CCN(C2CCCC(C(=O)O)C2)CC1,7.292429823902063,366.45200000000017,3.1900000000000013,2,3
5237577,CHEMBL1683145,IC50,=,21.0,nM,7.68,CHEMBL284,Dipeptidyl peptidase 4,NC(=O)C1CCCC(N2CCC([C@H](N)Cc3cc(F)ccc3F)CC2)C1,7.6777807052660805,365.46800000000013,2.5907,2,3
5240815,CHEMBL1683557,IC50,=,13.0,nM,7.89,CHEMBL284,Dipeptidyl peptidase 4,N[C@H]1CN(c2cc(-c3cc(F)cc(F)c3F)ncn2)C[C@@H]1c1ccccc1,7.886056647693163,370.37800000000004,3.4920000000000027,1,4
5240816,CHEMBL1683558,IC50,=,488.0,nM,6.31,CHEMBL284,Dipeptidyl peptidase 4,N[C@H]1CN(c2cc(-c3cc(F)c(F)cc3F)ncn2)C[C@@H]1N1CCCC1=O,6.311580177997289,377.3700000000002,1.6992,1,5
5240817,CHEMBL1683559,IC50,=,47.0,nM,7.33,CHEMBL284,Dipeptidyl peptidase 4,N[C@H]1CN(c2cc(-c3cc(F)c(F)cc3F)ncn2)C[C@@H]1N1CCCCC1=O,7.327902142064283,391.3970000000002,2.0893,1,5
5240818,CHEMBL1683560,IC50,=,1.6,nM,8.8,CHEMBL284,Dipeptidyl peptidase 4,N[C@H]1CN(c2cc(N3CCc4nocc4C3)ncn2)C[C@@H]1c1ccccc1,8.795880017344075,362.43700000000007,1.9583999999999988,1,7
5240819,CHEMBL1683561,IC50,=,153.0,nM,6.82,CHEMBL284,Dipeptidyl peptidase 4,N[C@H]1CN(c2cc(N3CCc4nocc4C3)ncn2)C[C@@H]1N1CCCC1=O,6.815308569182402,369.4290000000002,0.16559999999999908,1,8
5240820,CHEMBL1683562,IC50,=,12.0,nM,7.92,CHEMBL284,Dipeptidyl peptidase 4,N[C@H]1CN(c2cc(N3CCc4nocc4C3)ncn2)C[C@@H]1N1CCCCC1=O,7.920818753952375,383.45600000000024,0.5556999999999988,1,8
5240821,CHEMBL1683563,IC50,=,19.0,nM,7.72,CHEMBL284,Dipeptidyl peptidase 4,N[C@H]1CN(c2cc(NC3CC3)ncn2)C[C@@H]1c1ccccc1,7.721246399047171,295.39,1.981999999999999,2,5
5240822,CHEMBL1683564,IC50,=,1400.0,nM,5.85,CHEMBL284,Dipeptidyl peptidase 4,N[C@H]1CN(c2cc(NC3CC3)ncn2)C[C@@H]1N1CCCC1=O,5.853871964321762,302.38200000000006,0.18919999999999937,2,6
5240823,CHEMBL1683565,IC50,=,74.0,nM,7.13,CHEMBL284,Dipeptidyl peptidase 4,N[C@H]1CN(c2cc(NC3CC3)ncn2)C[C@@H]1N1CCCCC1=O,7.130768280269024,316.4090000000001,0.579299999999999,2,6
5240824,CHEMBL1683566,IC50,=,39.0,nM,7.41,CHEMBL284,Dipeptidyl peptidase 4,COc1ccc(-c2cc(N3C[C@H](N)[C@@H](N4CCCCC4=O)C3)ncn2)cn1,7.4089353929735005,368.4410000000001,1.0755999999999992,1,7
5240825,CHEMBL1683567,IC50,=,59.0,nM,7.23,CHEMBL284,Dipeptidyl peptidase 4,N[C@H]1CN(c2ncnc(-c3ccccc3)n2)C[C@@H]1N1CCCCC1=O,7.229147988357855,338.41500000000025,1.0669999999999995,1,6
5240826,CHEMBL1683568,IC50,=,26.0,nM,7.58,CHEMBL284,Dipeptidyl peptidase 4,N[C@H]1CN(c2cc(N3CCC(F)(F)C3)ncn2)C[C@@H]1N1CCCCC1=O,7.585026652029182,366.41600000000017,0.8503999999999996,1,6
5240827,CHEMBL1683569,IC50,=,37.0,nM,7.43,CHEMBL284,Dipeptidyl peptidase 4,N[C@H]1CN(c2ncnc(N3CCC(F)(F)C3)n2)C[C@@H]1N1CCCCC1=O,7.431798275933005,367.40400000000017,0.2453999999999994,1,7
5240828,CHEMBL1683570,IC50,=,8.4,nM,8.08,CHEMBL284,Dipeptidyl peptidase 4,N[C@H]1CN(c2cc(N3CCC(F)(F)C3)ncn2)C[C@@H]1N1CC(F)(F)CCC1=O,8.075720713938118,402.39600000000013,1.0955999999999995,1,6
5240829,CHEMBL1683571,IC50,=,23.0,nM,7.64,CHEMBL284,Dipeptidyl peptidase 4,N[C@H]1CN(c2ncnc(N3CCC(F)(F)C3)n2)C[C@@H]1N1CC(F)(F)CCC1=O,7.638272163982407,403.3840000000001,0.4905999999999995,1,7
5240830,CHEMBL1683572,IC50,=,13.0,nM,7.89,CHEMBL284,Dipeptidyl peptidase 4,Cc1nc(N2C[C@H](N)[C@@H](N3CC(F)(F)CCC3=O)C2)cc(N2CCC(F)(F)C2)n1,7.886056647693163,416.4230000000002,1.4040199999999992,1,6
5244133,CHEMBL1684000,IC50,=,17.83,nM,7.75,CHEMBL284,Dipeptidyl peptidase 4,N[C@@H](CC(=O)N1CCn2nnc(-c3cnco3)c2C1)Cc1cc(F)c(F)cc1F.O=C(O)/C=C/C(=O)O,7.748848656824645,522.4400000000003,1.3644999999999998,3,8
5244134,CHEMBL1683999,IC50,=,47.27,nM,7.33,CHEMBL284,Dipeptidyl peptidase 4,N[C@@H](CC(=O)N1CCn2nnc(-c3ccsc3)c2C1)Cc1cc(F)c(F)cc1F.O=C(O)/C=C/C(=O)O,7.325414397697086,537.5200000000003,2.4379999999999997,3,7
5244135,CHEMBL1683998,IC50,=,22.76,nM,7.64,CHEMBL284,Dipeptidyl peptidase 4,Cl.N[C@@H](CC(=O)N1CCn2nnc(-c3cccs3)c2C1)Cc1cc(F)c(F)cc1F,7.642827742276967,457.90900000000016,3.1480000000000015,1,5
5244136,CHEMBL1683997,IC50,=,26.17,nM,7.58,CHEMBL284,Dipeptidyl peptidase 4,N[C@@H](CC(=O)N1CCn2nnc(-c3ccoc3)c2C1)Cc1cc(F)c(F)cc1F.O=C(O)/C=C/C(=O)O,7.582196277360119,521.4520000000003,1.9695,3,7
5244137,CHEMBL1683996,IC50,=,15.8,nM,7.8,CHEMBL284,Dipeptidyl peptidase 4,Cl.N[C@@H](CC(=O)N1CCn2nnc(-c3ccco3)c2C1)Cc1cc(F)c(F)cc1F,7.801342913045577,441.8410000000002,2.679500000000001,1,5
5244138,CHEMBL1683995,IC50,=,33.25,nM,7.48,CHEMBL284,Dipeptidyl peptidase 4,N[C@@H](CC(=O)N1CCn2nnc(-c3ccccn3)c2C1)Cc1cc(F)c(F)cc1F.O=C(O)/C=C/C(=O)O,7.478208350360877,532.4790000000004,1.7714999999999999,3,7
5244139,CHEMBL1683994,IC50,=,28.6,nM,7.54,CHEMBL284,Dipeptidyl peptidase 4,Cl.N[C@@H](CC(=O)N1CCn2nnc(-c3ccncc3)c2C1)Cc1cc(F)c(F)cc1F,7.543633966870957,452.86800000000017,2.4815000000000005,1,5
5244140,CHEMBL1683993,IC50,=,33.17,nM,7.48,CHEMBL284,Dipeptidyl peptidase 4,CS(=O)(=O)c1ccc(-c2nnn3c2CN(C(=O)C[C@H](N)Cc2cc(F)c(F)cc2F)CC3)cc1.Cl,7.479254528480517,529.9720000000003,2.4900000000000007,1,6
5244141,CHEMBL1683992,IC50,=,33.78,nM,7.47,CHEMBL284,Dipeptidyl peptidase 4,Cl.N[C@@H](CC(=O)N1CCn2nnc(-c3ccc(C(=O)O)cc3)c2C1)Cc1cc(F)c(F)cc1F,7.47134035476501,495.88900000000024,2.784700000000001,2,5
5244142,CHEMBL1683991,IC50,=,12.4,nM,7.91,CHEMBL284,Dipeptidyl peptidase 4,COC(=O)c1ccc(-c2nnn3c2CN(C(=O)C[C@H](N)Cc2cc(F)c(F)cc2F)CC3)cc1.O=P(O)(O)O,7.906578314837765,571.4490000000004,1.5227,4,7
5244143,CHEMBL1683990,IC50,=,26.64,nM,7.57,CHEMBL284,Dipeptidyl peptidase 4,CN(C)C(=O)c1ccc(-c2nnn3c2CN(C(=O)C[C@H](N)Cc2cc(F)c(F)cc2F)CC3)cc1.Cl,7.574465779501737,522.9590000000003,2.7883000000000018,1,5
5244144,CHEMBL1683989,IC50,=,36.43,nM,7.44,CHEMBL284,Dipeptidyl peptidase 4,Cl.NC(=O)c1ccc(-c2nnn3c2CN(C(=O)C[C@H](N)Cc2cc(F)c(F)cc2F)CC3)cc1,7.438540828758084,494.90500000000026,2.1854000000000005,2,5
5244145,CHEMBL1683988,IC50,=,46.61,nM,7.33,CHEMBL284,Dipeptidyl peptidase 4,COC(=O)c1cccc(-c2nnn3c2CN(C(=O)C[C@H](N)Cc2cc(F)c(F)cc2F)CC3)c1.Cl,7.331520897067414,509.9160000000002,2.8731000000000013,1,6
5244146,CHEMBL1683987,IC50,=,30.03,nM,7.52,CHEMBL284,Dipeptidyl peptidase 4,Cl.N#Cc1ccc(-c2nnn3c2CN(C(=O)C[C@H](N)Cc2cc(F)c(F)cc2F)CC3)cc1,7.522444667801019,476.89000000000016,2.9581800000000014,1,5
5244147,CHEMBL1683986,IC50,=,75.35,nM,7.12,CHEMBL284,Dipeptidyl peptidase 4,Cl.N[C@@H](CC(=O)N1CCn2nnc(-c3ccc(C(F)(F)F)cc3)c2C1)Cc1cc(F)c(F)cc1F,7.122916743349349,519.8770000000002,4.105300000000003,1,4
5244148,CHEMBL1683985,IC50,=,46.89,nM,7.33,CHEMBL284,Dipeptidyl peptidase 4,Cl.N[C@@H](CC(=O)N1CCn2nnc(-c3ccc(Cl)cc3)c2C1)Cc1cc(F)c(F)cc1F,7.328919767261151,486.32500000000016,3.739900000000003,1,4
5244149,CHEMBL1683984,IC50,=,45.2,nM,7.34,CHEMBL284,Dipeptidyl peptidase 4,N[C@@H](CC(=O)N1CCn2nnc(-c3ccc(F)cc3)c2C1)Cc1cc(F)c(F)cc1F.O=P(O)(O)O,7.3448615651886175,531.4030000000002,1.8752000000000009,4,5
5244150,CHEMBL1683983,IC50,=,37.54,nM,7.43,CHEMBL284,Dipeptidyl peptidase 4,N[C@@H](CC(=O)N1CCn2nnc(-c3ccccc3)c2C1)Cc1cc(F)c(F)cc1F.O=P(O)(O)O,7.425505731714672,513.4130000000002,1.7361000000000009,4,5
5244151,CHEMBL1683982,IC50,=,52.34,nM,7.28,CHEMBL284,Dipeptidyl peptidase 4,CN(C)C(=O)c1nnn2c1CN(C(=O)C[C@H](N)Cc1cc(F)c(F)cc1F)CC2.Cl,7.281166281696138,446.86100000000005,1.1212999999999995,1,5
5244152,CHEMBL1683981,IC50,=,29.92,nM,7.52,CHEMBL284,Dipeptidyl peptidase 4,Cl.NC(=O)c1nnn2c1CN(C(=O)C[C@H](N)Cc1cc(F)c(F)cc1F)CC2,7.524038410807576,418.8070000000002,0.5183999999999995,2,5
5244153,CHEMBL1683980,IC50,=,15.09,nM,7.82,CHEMBL284,Dipeptidyl peptidase 4,COC(=O)c1nnn2c1CN(C(=O)C[C@H](N)Cc1cc(F)c(F)cc1F)CC2.Cl,7.82131076022441,433.81800000000004,1.2060999999999995,1,6
5244154,CHEMBL1683979,IC50,=,50.66,nM,7.29,CHEMBL284,Dipeptidyl peptidase 4,N[C@@H](CC(=O)N1CCn2nnc(C(F)(F)F)c2C1)Cc1cc(F)c(F)cc1F.O=C(O)/C=C/C(=O)O,7.295334814545471,523.3900000000002,1.7282999999999997,3,6
5244155,CHEMBL1683978,IC50,=,22.53,nM,7.65,CHEMBL284,Dipeptidyl peptidase 4,Cl.N[C@@H](CC(=O)N1CCn2nnc(C(F)F)c2C1)Cc1cc(F)c(F)cc1F,7.647238808276169,425.78900000000016,2.3571,1,4
5244156,CHEMBL1681811,IC50,=,77.06,nM,7.11,CHEMBL284,Dipeptidyl peptidase 4,Cc1nnn2c1CN(C(=O)C[C@H](N)Cc1cc(F)c(F)cc1F)CC2.Cl,7.113170995323018,389.809,1.7279199999999995,1,4
5244157,CHEMBL1683977,IC50,=,89.5,nM,7.05,CHEMBL284,Dipeptidyl peptidase 4,N[C@@H](CC(=O)N1CCn2nncc2C1)Cc1cc(F)c(F)cc1F.O=C(O)/C=C/C(=O)O,7.048176964684088,455.39300000000014,0.7094999999999992,3,6
5294379,CHEMBL1688409,IC50,<,50000.0,nM,,CHEMBL284,Dipeptidyl peptidase 4,Cc1nc(C(=O)O)cc(-c2ccc(F)cc2)c1CN,4.301029995663981,260.268,2.35302,2,3
5294380,CHEMBL1688410,IC50,<,50000.0,nM,,CHEMBL284,Dipeptidyl peptidase 4,Cc1nc(C(=O)O)cc(-c2ccc(F)cc2F)c1CN,4.301029995663981,278.258,2.49212,2,3
5294381,CHEMBL1688411,IC50,>,50000.0,nM,,CHEMBL284,Dipeptidyl peptidase 4,Cc1nc(C(N)=O)cc(-c2ccc(Cl)cc2Cl)c1C#N,4.301029995663981,306.15200000000004,3.3344000000000014,1,3
5294382,CHEMBL1688412,IC50,>,50000.0,nM,,CHEMBL284,Dipeptidyl peptidase 4,CNC(=O)c1cc(-c2ccc(Cl)cc2Cl)c(C#N)c(C)n1,4.301029995663981,320.17900000000003,3.595100000000002,1,3
5294383,CHEMBL1688413,IC50,<,50000.0,nM,,CHEMBL284,Dipeptidyl peptidase 4,Cc1nc(C(N)=O)cc(-c2ccccc2F)c1CN,4.301029995663981,259.284,1.7537200000000002,2,3
5294384,CHEMBL1688414,IC50,<,50000.0,nM,,CHEMBL284,Dipeptidyl peptidase 4,Cc1nc(C(=O)NC2CC2)cc(-c2ccccc2F)c1CN,4.301029995663981,299.3490000000001,2.54702,2,3
5294385,CHEMBL1687950,IC50,<,50000.0,nM,,CHEMBL284,Dipeptidyl peptidase 4,Cc1nc(C(=O)N2CCCC2)cc(-c2ccccc2F)c1CN,4.301029995663981,313.3760000000001,2.8908200000000006,1,3
5294386,CHEMBL1688415,IC50,=,80.0,nM,7.1,CHEMBL284,Dipeptidyl peptidase 4,Cc1nc(C(=O)NC2CC2)cc(-c2ccc(F)cc2)c1CN,7.096910013008056,299.34900000000005,2.54702,2,3
5294387,CHEMBL1688416,IC50,=,686.0,nM,6.16,CHEMBL284,Dipeptidyl peptidase 4,Cc1nc(C(=O)N2CCCC2)cc(-c2ccc(F)cc2)c1CN,6.163675884293248,313.37600000000003,2.8908200000000006,1,3
5294388,CHEMBL1688417,IC50,<,50000.0,nM,,CHEMBL284,Dipeptidyl peptidase 4,Cc1nc(C(=O)N2CCOCC2)cc(-c2ccc(F)cc2)c1CN,4.301029995663981,329.37500000000006,2.1272200000000003,1,4
5294389,CHEMBL1688418,IC50,=,937.0,nM,6.03,CHEMBL284,Dipeptidyl peptidase 4,CCOC(=O)C1CCN(C(=O)c2cc(-c3ccc(F)cc3)c(CN)c(C)n2)CC1,6.028260409112222,399.46600000000024,3.070120000000001,1,5
5294390,CHEMBL1688419,IC50,=,674.0,nM,6.17,CHEMBL284,Dipeptidyl peptidase 4,Cc1nc(C(=O)NC2CC2)cc(-c2ccc(F)cc2F)c1CN,6.17134010346468,317.33900000000006,2.6861200000000007,2,3
5294391,CHEMBL1688420,IC50,<,50000.0,nM,,CHEMBL284,Dipeptidyl peptidase 4,COC(=O)CNC(=O)c1cc(-c2ccc(F)cc2F)c(CN)c(C)n1,4.301029995663981,349.33700000000016,1.6967199999999996,2,5
5294392,CHEMBL1688421,IC50,<,50000.0,nM,,CHEMBL284,Dipeptidyl peptidase 4,Cc1nc(C(=O)N2CCCC2)cc(-c2ccc(F)cc2F)c1CN,4.301029995663981,331.36600000000004,3.0299200000000006,1,3
5294393,CHEMBL1688422,IC50,<,50000.0,nM,,CHEMBL284,Dipeptidyl peptidase 4,Cc1nc(C(=O)N2CCOCC2)cc(-c2ccc(F)cc2F)c1CN,4.301029995663981,347.36500000000007,2.26632,1,4
5294394,CHEMBL1688423,IC50,=,674.0,nM,6.17,CHEMBL284,Dipeptidyl peptidase 4,Cc1cc(NC(=O)c2cc(-c3ccc(F)cc3F)c(CN)c(C)n2)no1,6.17134010346468,358.3480000000001,3.342640000000001,2,5
5294395,CHEMBL1688424,IC50,<,50000.0,nM,,CHEMBL284,Dipeptidyl peptidase 4,CNC(=O)c1cc(-c2ccc(Cl)cc2)c(CN)c(C)n1,4.301029995663981,289.766,2.52872,2,3
5294396,CHEMBL1688425,IC50,=,16.0,nM,7.8,CHEMBL284,Dipeptidyl peptidase 4,Cc1nc(C(N)=O)cc(-c2ccc(Cl)cc2Cl)c1CN,7.795880017344075,310.1840000000001,2.9214200000000003,2,3
5294397,CHEMBL1688426,IC50,=,11.0,nM,7.96,CHEMBL284,Dipeptidyl peptidase 4,CNC(=O)c1cc(-c2ccc(Cl)cc2Cl)c(CN)c(C)n1,7.958607314841775,324.21100000000007,3.1821200000000003,2,3
5294398,CHEMBL1688427,IC50,<,50000.0,nM,,CHEMBL284,Dipeptidyl peptidase 4,Cc1nc(C(=O)NC2CC2)cc(-c2ccc(Cl)cc2Cl)c1CN,4.301029995663981,350.2490000000001,3.7147200000000025,2,3
5294399,CHEMBL1688428,IC50,=,44.0,nM,7.36,CHEMBL284,Dipeptidyl peptidase 4,Cc1nc(C(=O)N2CCCC2)cc(-c2ccc(Cl)cc2Cl)c1CN,7.356547323513812,364.2760000000001,4.058520000000003,1,3
5294400,CHEMBL1688429,IC50,<,50000.0,nM,,CHEMBL284,Dipeptidyl peptidase 4,Cc1nc(C(=O)N2CCOCC2)cc(-c2ccc(Cl)cc2Cl)c1CN,4.301029995663981,380.27500000000015,3.294920000000001,1,4
5294401,CHEMBL1688430,IC50,<,50000.0,nM,,CHEMBL284,Dipeptidyl peptidase 4,Cc1nc(C(=O)NCC(N)=O)cc(-c2ccc(Cl)cc2Cl)c1CN,4.301029995663981,367.23600000000016,2.0376200000000004,3,4
5294402,CHEMBL1688431,IC50,=,10.0,nM,8.0,CHEMBL284,Dipeptidyl peptidase 4,Cc1nc(C(=O)NCC#N)cc(-c2ccc(Cl)cc2Cl)c1CN,8.0,349.22100000000006,3.0759000000000007,2,4
5294403,CHEMBL1688432,IC50,>,50000.0,nM,,CHEMBL284,Dipeptidyl peptidase 4,COc1ccc(-c2cc(C(=O)NC3CC3)nc(C)c2CN)cc1,4.301029995663981,311.38500000000005,2.4165200000000002,2,4
5294404,CHEMBL1688433,IC50,>,50000.0,nM,,CHEMBL284,Dipeptidyl peptidase 4,COc1ccc(-c2cc(C(=O)N3CCCC3)nc(C)c2CN)cc1,4.301029995663981,325.41200000000003,2.76032,1,4
5294405,CHEMBL1688434,IC50,>,50000.0,nM,,CHEMBL284,Dipeptidyl peptidase 4,COc1ccc(-c2cc(C(=O)N3CCOCC3)nc(C)c2CN)cc1,4.301029995663981,341.41100000000006,1.9967199999999998,1,5
5294406,CHEMBL1688435,IC50,>,50000.0,nM,,CHEMBL284,Dipeptidyl peptidase 4,COc1ccc(-c2cc(C(=O)NCc3ccc(Cl)c(Cl)c3)nc(C)c2CN)cc1,4.301029995663981,430.33500000000015,4.761120000000004,2,4
5294407,CHEMBL1688436,IC50,>,50000.0,nM,,CHEMBL284,Dipeptidyl peptidase 4,COc1ccc(-c2cc(C(=O)Nc3cc(C)on3)nc(C)c2CN)cc1,4.301029995663981,352.3940000000001,3.0730400000000007,2,6
5294408,CHEMBL1688437,IC50,>,50000.0,nM,,CHEMBL284,Dipeptidyl peptidase 4,COc1ccc(-c2cc(C(=O)N3CC[C@@H](N)C3)nc(C)c2CN)cc1,4.301029995663981,340.4270000000001,1.69752,2,5
5294409,CHEMBL1688438,IC50,>,50000.0,nM,,CHEMBL284,Dipeptidyl peptidase 4,COc1ccc(-c2cc(C(=O)N3CCC(N)CC3)nc(C)c2CN)cc1,4.301029995663981,354.45400000000006,2.0876200000000003,2,5
5294410,CHEMBL1688514,IC50,>,50000.0,nM,,CHEMBL284,Dipeptidyl peptidase 4,COc1ccc(-c2cc(C(=O)NCCN3CCNCC3)nc(C)c2CN)cc1,4.301029995663981,383.4960000000002,1.1593200000000012,3,6
5294411,CHEMBL1688515,IC50,>,50000.0,nM,,CHEMBL284,Dipeptidyl peptidase 4,Cc1nc(CN)cc(-c2ccccc2F)c1C(N)=O,4.301029995663981,259.284,1.75372,2,3
5294412,CHEMBL1688516,IC50,>,50000.0,nM,,CHEMBL284,Dipeptidyl peptidase 4,Cc1nc(CN)cc(-c2ccc(Cl)cc2)c1C(N)=O,4.301029995663981,275.73900000000003,2.26802,2,3
5294413,CHEMBL1688517,IC50,>,50000.0,nM,,CHEMBL284,Dipeptidyl peptidase 4,Cc1nc(CN)cc(-c2ccc(Cl)cc2Cl)c1C(N)=O,4.301029995663981,310.1840000000001,2.9214200000000012,2,3
5294414,CHEMBL1688518,IC50,>,50000.0,nM,,CHEMBL284,Dipeptidyl peptidase 4,COc1ccc(-c2cc(CN)nc(C)c2C(N)=O)cc1,4.301029995663981,271.31999999999994,1.6232199999999999,2,4
5294415,CHEMBL1688519,IC50,>,50000.0,nM,,CHEMBL284,Dipeptidyl peptidase 4,Cc1nc(-c2ccc(F)cc2)cc(C(=O)N2CCCC2)c1CN,4.301029995663981,313.3760000000001,2.8908199999999997,1,3
5294416,CHEMBL1688520,IC50,>,50000.0,nM,,CHEMBL284,Dipeptidyl peptidase 4,Cc1nc(-c2ccc(Cl)cc2)cc(C(=O)N2CCCC2)c1CN,4.301029995663981,329.8310000000002,3.405120000000002,1,3
5294417,CHEMBL1688521,IC50,>,50000.0,nM,,CHEMBL284,Dipeptidyl peptidase 4,Cc1nc(-c2ccc(Cl)cc2)cc(C(=O)N2CCOCC2)c1CN,4.301029995663981,345.8300000000002,2.64152,1,4
5294418,CHEMBL1688522,IC50,>,50000.0,nM,,CHEMBL284,Dipeptidyl peptidase 4,CCOC(=O)C1CCN(C(=O)c2cc(-c3ccc(Cl)cc3)nc(C)c2CN)CC1,4.301029995663981,415.9210000000002,3.5844200000000015,1,5
5294419,CHEMBL1688523,IC50,>,50000.0,nM,,CHEMBL284,Dipeptidyl peptidase 4,Cc1nc(-c2ccc(Cl)cc2Cl)cc(C(=O)NC2CC2)c1CN,4.301029995663981,350.24900000000014,3.7147200000000016,2,3
5294420,CHEMBL1688524,IC50,>,50000.0,nM,,CHEMBL284,Dipeptidyl peptidase 4,Cc1nc(-c2ccc(Cl)cc2Cl)cc(C(=O)N2CCCC2)c1CN,4.301029995663981,364.27600000000024,4.058520000000003,1,3
5294421,CHEMBL1688525,IC50,>,50000.0,nM,,CHEMBL284,Dipeptidyl peptidase 4,Cc1nc(-c2ccc(Cl)cc2Cl)cc(C(=O)N2CCOCC2)c1CN,4.301029995663981,380.27500000000026,3.294920000000002,1,4
5294422,CHEMBL1688526,IC50,>,50000.0,nM,,CHEMBL284,Dipeptidyl peptidase 4,COc1ccc(-c2cc(C(=O)NC3CC3)c(CN)c(C)n2)cc1,4.301029995663981,311.385,2.4165200000000002,2,4
5294423,CHEMBL1688527,IC50,>,50000.0,nM,,CHEMBL284,Dipeptidyl peptidase 4,COc1ccc(-c2cc(C(=O)N3CCCC3)c(CN)c(C)n2)cc1,4.301029995663981,325.412,2.760320000000001,1,4
5294424,CHEMBL1688528,IC50,>,50000.0,nM,,CHEMBL284,Dipeptidyl peptidase 4,COc1ccc(-c2cc(C(=O)N3CCOCC3)c(CN)c(C)n2)cc1,4.301029995663981,341.41100000000006,1.9967199999999996,1,5
5294425,CHEMBL214381,IC50,=,3000.0,nM,5.52,CHEMBL284,Dipeptidyl peptidase 4,CC[C@H](C)[C@H](N)C(=O)N1CCC[C@H]1C(=O)N[C@H](C(=O)O)[C@@H](C)CC,5.522878745280337,341.45200000000006,0.966300000000001,3,4
6162115,CHEMBL1761683,IC50,=,35600.0,nM,4.45,CHEMBL284,Dipeptidyl peptidase 4,CC(=O)O[C@H]1CC[C@@]2(C)C(=CC[C@@H]3[C@@H]2CC[C@]2(C)C(C(C)=O)=CC[C@@H]32)C1,4.448550002027125,356.50600000000014,5.006200000000005,0,3
6162116,CHEMBL1761684,IC50,=,21300.0,nM,4.67,CHEMBL284,Dipeptidyl peptidase 4,CC(=O)[C@H]1C(NCc2ccccc2)C[C@H]2[C@@H]3CC=C4C[C@@H](O)CC[C@]4(C)[C@H]3CC[C@]12C,4.671620396561262,421.62500000000034,5.283600000000005,2,3
6162117,CHEMBL1761685,IC50,=,26200.0,nM,4.58,CHEMBL284,Dipeptidyl peptidase 4,COc1ccc(/C=C/C(=O)C2=CC[C@H]3[C@@H]4CC=C5C[C@@H](O)CC[C@]5(C)[C@H]4CC[C@]23C)cc1OC,4.581698708680254,462.6300000000003,6.146100000000007,1,4
6162118,CHEMBL1761686,IC50,=,32700.0,nM,4.49,CHEMBL284,Dipeptidyl peptidase 4,CCCN1C(c2ccc(OC)cc2)CC(=O)[C@H]2C1C[C@H]1[C@@H]3CC=C4C[C@@H](O)CC[C@]4(C)[C@H]3CC[C@]21C,4.485452247339714,491.7160000000004,6.339500000000009,1,4
6162119,CHEMBL1761687,IC50,=,29100.0,nM,4.54,CHEMBL284,Dipeptidyl peptidase 4,CCCN1C(c2ccc(C(C)C)cc2)CC(=O)[C@H]2C1C[C@H]1[C@@H]3CC=C4C[C@@H](O)CC[C@]4(C)[C@H]3CC[C@]21C,4.536107011014093,503.7710000000004,7.45430000000001,1,3
6164131,CHEMBL1765236,IC50,=,0.7,nM,9.15,CHEMBL284,Dipeptidyl peptidase 4,C[C@H](NC(=O)CCC(=O)O)C(=O)N[C@@H](C)C(=O)N1CCC[C@H]1C(=O)N[C@@H](Cc1ccccc1)C(=O)N[C@@H](C)C(=O)N1CCC[C@H]1B(O)O,9.154901959985743,672.5450000000002,-1.9131999999999896,7,9
6164145,CHEMBL1765235,IC50,=,7.0,nM,8.15,CHEMBL284,Dipeptidyl peptidase 4,C[C@H](NC(=O)[C@@H]1CCCN1C(=O)[C@@H](N)Cc1ccccc1)C(=O)N1CCC[C@H]1B(O)O,8.154901959985743,430.3140000000002,-0.9448999999999972,4,6
6164146,CHEMBL1765234,IC50,=,19.0,nM,7.72,CHEMBL284,Dipeptidyl peptidase 4,CC(C)[C@H](NC(=O)[C@@H]1CCCN1C(=O)[C@@H](N)C1CCCCC1)C(=O)N1CCC[C@H]1B(O)O,7.721246399047171,450.3890000000003,0.028800000000002712,4,6
6181075,CHEMBL1771583,IC50,=,3100.0,nM,5.51,CHEMBL284,Dipeptidyl peptidase 4,O=C1c2c(Cl)c(Cl)c(Cl)c(Cl)c2C(=O)N1c1cccc(CCc2cccc(C(F)(F)F)c2)c1,5.508638306165727,533.1600000000003,7.904800000000005,0,2
6181076,CHEMBL1771584,IC50,=,4000.0,nM,5.4,CHEMBL284,Dipeptidyl peptidase 4,O=C1c2c(Cl)c(Cl)c(Cl)c(Cl)c2C(=O)N1c1cccc(CCc2ccccc2C(F)(F)F)c1,5.3979400086720375,533.1600000000003,7.904800000000005,0,2
6203094,CHEMBL1779688,IC50,=,92.6,nM,7.03,CHEMBL284,Dipeptidyl peptidase 4,CN1CCN(C(=O)C[C@H](N)Cc2cc(F)c(F)cc2F)CC1=O,7.033389013318065,329.322,0.6644,1,3
6203095,CHEMBL1779689,IC50,=,311.0,nM,6.51,CHEMBL284,Dipeptidyl peptidase 4,N[C@@H](CC(=O)N1CCN(c2ccccn2)C(=O)C1)Cc1cc(F)c(F)cc1F,6.507239610973162,392.38100000000014,1.6341999999999992,1,4
6203096,CHEMBL1779690,IC50,=,44.8,nM,7.35,CHEMBL284,Dipeptidyl peptidase 4,N[C@@H](CC(=O)N1CCN(Cc2ccc(-c3ccccc3)cc2)C(=O)C1)Cc1cc(F)c(F)cc1F,7.348721986001856,481.51800000000026,3.9018000000000033,1,3
6203097,CHEMBL1779691,IC50,=,42.7,nM,7.37,CHEMBL284,Dipeptidyl peptidase 4,N[C@@H](CC(=O)N1CCN(Cn2nnc3ccccc32)C(=O)C1)Cc1cc(F)c(F)cc1F,7.369572124974976,446.4330000000003,1.437,1,5
6203098,CHEMBL1779692,IC50,=,116.0,nM,6.94,CHEMBL284,Dipeptidyl peptidase 4,N[C@@H](CC(=O)N1CCN(CCN2CCOCC2)C(=O)C1)Cc1cc(F)c(F)cc1F,6.935542010773082,428.4550000000001,0.3668000000000031,1,5
6203099,CHEMBL1779693,IC50,=,54.1,nM,7.27,CHEMBL284,Dipeptidyl peptidase 4,N[C@@H](CC(=O)N1CCN(Cc2ccccc2)C(=O)C1)Cc1cc(F)c(F)cc1F,7.266802734893431,405.4200000000002,2.2348,1,3
6203100,CHEMBL1779694,IC50,=,38.5,nM,7.42,CHEMBL284,Dipeptidyl peptidase 4,N[C@@H](CC(=O)N1CCN(Cc2ccc([N+](=O)[O-])cc2)C(=O)C1)Cc1cc(F)c(F)cc1F,7.414539270491499,450.4170000000002,2.1430000000000007,1,5
6203101,CHEMBL1779695,IC50,=,13.7,nM,7.86,CHEMBL284,Dipeptidyl peptidase 4,N[C@@H](CC(=O)N1CCN(Cc2ccccc2[N+](=O)[O-])C(=O)C1)Cc1cc(F)c(F)cc1F,7.863279432843593,450.41700000000026,2.1430000000000007,1,5
6203102,CHEMBL1779696,IC50,=,48.9,nM,7.31,CHEMBL284,Dipeptidyl peptidase 4,N#Cc1ccccc1CN1CCN(C(=O)C[C@H](N)Cc2cc(F)c(F)cc2F)CC1=O,7.31069114087638,430.4300000000001,2.1064800000000004,1,4
6203103,CHEMBL1779697,IC50,=,50.7,nM,7.29,CHEMBL284,Dipeptidyl peptidase 4,N[C@@H](CC(=O)N1CCN(Cc2ccccc2C(F)(F)F)C(=O)C1)Cc1cc(F)c(F)cc1F,7.294992040666664,473.4170000000002,3.2536000000000023,1,3
6203104,CHEMBL1779698,IC50,=,38.9,nM,7.41,CHEMBL284,Dipeptidyl peptidase 4,CCc1ccc(CN2CCN(C(=O)C[C@H](N)Cc3cc(F)c(F)cc3F)CC2=O)cc1,7.410050398674292,433.4740000000001,2.797200000000001,1,3
6203105,CHEMBL1779699,IC50,=,33.9,nM,7.47,CHEMBL284,Dipeptidyl peptidase 4,COc1ccc(CN2CCN(C(=O)C[C@H](N)Cc3cc(F)c(F)cc3F)CC2=O)cc1,7.4698003017969175,435.4460000000001,2.2434000000000003,1,4
6203106,CHEMBL1779700,IC50,=,33.8,nM,7.47,CHEMBL284,Dipeptidyl peptidase 4,N[C@@H](CC(=O)N1CCN(Cc2ccc(F)cc2)C(=O)C1)Cc1cc(F)c(F)cc1F,7.471083299722345,423.4100000000002,2.373900000000001,1,3
6203107,CHEMBL1779701,IC50,=,30.8,nM,7.51,CHEMBL284,Dipeptidyl peptidase 4,N[C@@H](CC(=O)N1CCN(Cc2ccc(I)cc2)C(=O)C1)Cc1cc(F)c(F)cc1F,7.511449283499556,531.3160000000003,2.8394000000000013,1,3
6203108,CHEMBL1779702,IC50,=,26.7,nM,7.57,CHEMBL284,Dipeptidyl peptidase 4,N[C@@H](CC(=O)N1CCN(Cc2cccc(Cl)c2)C(=O)C1)Cc1cc(F)c(F)cc1F,7.573488738635425,439.86500000000024,2.888200000000001,1,3
6203109,CHEMBL1779703,IC50,=,29.0,nM,7.54,CHEMBL284,Dipeptidyl peptidase 4,N[C@@H](CC(=O)N1CCN(Cc2ccccc2Cl)C(=O)C1)Cc1cc(F)c(F)cc1F,7.5376020021010435,439.86500000000024,2.888200000000001,1,3
6203110,CHEMBL1779704,IC50,=,7.4,nM,8.13,CHEMBL284,Dipeptidyl peptidase 4,COc1cc(CN2CCN(C(=O)C[C@H](N)Cc3cc(F)c(F)cc3F)CC2=O)c([N+](=O)[O-])cc1OC,8.130768280269024,510.4690000000003,2.1601999999999997,1,7
6203111,CHEMBL1779705,IC50,=,12.0,nM,7.92,CHEMBL284,Dipeptidyl peptidase 4,N[C@@H](CC(=O)N1CCNC(=O)[C@H]1CO)Cc1cc(F)c(F)cc1F,7.920818753952375,345.321,-0.31689999999999996,3,4
6203112,CHEMBL1779706,IC50,=,7.4,nM,8.13,CHEMBL284,Dipeptidyl peptidase 4,COC[C@@H]1C(=O)NCCN1C(=O)C[C@H](N)Cc1cc(F)c(F)cc1F,8.130768280269024,359.348,0.3372000000000016,2,4
6203113,CHEMBL1779707,IC50,=,4.3,nM,8.37,CHEMBL284,Dipeptidyl peptidase 4,CCOC[C@@H]1C(=O)NCCN1C(=O)C[C@H](N)Cc1cc(F)c(F)cc1F,8.366531544420413,373.375,0.7273000000000013,2,4
6203114,CHEMBL1779708,IC50,=,1.7,nM,8.77,CHEMBL284,Dipeptidyl peptidase 4,N[C@@H](CC(=O)N1CCNC(=O)[C@H]1COC1CCCC1)Cc1cc(F)c(F)cc1F,8.769551078621726,413.4400000000001,1.6499999999999997,2,4
6203115,CHEMBL1779709,IC50,=,2.2,nM,8.66,CHEMBL284,Dipeptidyl peptidase 4,CC(C)OC[C@@H]1C(=O)NCCN1C(=O)C[C@H](N)Cc1cc(F)c(F)cc1F,8.657577319177793,387.40200000000004,1.1158000000000001,2,4
6203116,CHEMBL1779710,IC50,=,0.9,nM,9.05,CHEMBL284,Dipeptidyl peptidase 4,CC(C)(C)OC[C@@H]1C(=O)NCCN1C(=O)C[C@H](N)Cc1cc(F)c(F)cc1F,9.045757490560675,401.4290000000001,1.5058999999999998,2,4
6203117,CHEMBL1779711,IC50,=,17.0,nM,7.77,CHEMBL284,Dipeptidyl peptidase 4,CCN(C)C[C@@H]1C(=O)NCCN1C(=O)C[C@H](N)Cc1cc(F)c(F)cc1F,7.769551078621726,386.418,0.6425000000000017,2,4
6203118,CHEMBL1779712,IC50,=,11.0,nM,7.96,CHEMBL284,Dipeptidyl peptidase 4,CCN(CC)C[C@@H]1C(=O)NCCN1C(=O)C[C@H](N)Cc1cc(F)c(F)cc1F,7.958607314841775,400.44500000000005,1.0326000000000013,2,4
6203119,CHEMBL1779713,IC50,=,5.2,nM,8.28,CHEMBL284,Dipeptidyl peptidase 4,N[C@@H](CC(=O)N1CCNC(=O)[C@H]1CN1CCOCC1)Cc1cc(F)c(F)cc1F,8.2839966563652,414.4280000000001,0.023000000000002574,2,5
6203120,CHEMBL1779714,IC50,=,1.3,nM,8.89,CHEMBL284,Dipeptidyl peptidase 4,CC(C)(C)SC[C@@H]1C(=O)NCCN1C(=O)C[C@H](N)Cc1cc(F)c(F)cc1F,8.886056647693163,417.49700000000007,2.2225,2,4
6301104,CHEMBL1809262,IC50,=,34.0,nM,7.47,CHEMBL284,Dipeptidyl peptidase 4,CC(C)Cc1nc2ccc(OCC(N)=O)cc2c(-c2ccccc2)c1CN,7.468521082957745,363.46100000000007,3.4231000000000016,2,4
6301105,CHEMBL1809263,IC50,=,49.0,nM,7.31,CHEMBL284,Dipeptidyl peptidase 4,CC(C)Cc1nc2ccc(OCC(N)=O)cc2c(-c2cccc(F)c2)c1CN,7.309803919971486,381.4510000000001,3.5622000000000007,2,4
6301106,CHEMBL1809264,IC50,=,57.0,nM,7.24,CHEMBL284,Dipeptidyl peptidase 4,Cc1cccc(-c2c(CN)c(CC(C)C)nc3ccc(OCC(N)=O)cc23)c1,7.2441251443275085,377.48800000000017,3.7315200000000024,2,4
6301107,CHEMBL1808463,IC50,=,26.0,nM,7.58,CHEMBL284,Dipeptidyl peptidase 4,CC(C)Cc1nc2ccc(OCC(N)=O)cc2c(-c2ccc(F)cc2)c1CN,7.585026652029182,381.4510000000001,3.5622000000000007,2,4
6301108,CHEMBL1808464,IC50,=,4.2,nM,8.38,CHEMBL284,Dipeptidyl peptidase 4,Cc1ccc(-c2c(CN)c(CC(C)C)nc3ccc(OCC(N)=O)cc23)cc1,8.3767507096021,377.48800000000017,3.7315200000000024,2,4
6301109,CHEMBL3216514,IC50,=,84.0,nM,7.08,CHEMBL284,Dipeptidyl peptidase 4,COC(=O)COc1ccc2nc(CC(C)C)c(CN)c(-c3ccc(C)cc3)c2c1.Cl.Cl,7.075720713938118,465.4210000000001,5.262820000000007,1,5
6301110,CHEMBL3215633,IC50,=,52.0,nM,7.28,CHEMBL284,Dipeptidyl peptidase 4,CNC(=O)COc1ccc2nc(CC(C)C)c(CN)c(-c3ccc(C)cc3)c2c1.Cl.Cl,7.2839966563652006,464.43700000000007,4.835820000000005,2,4
6301111,CHEMBL3216748,IC50,=,7.5,nM,8.12,CHEMBL284,Dipeptidyl peptidase 4,Cc1ccc(-c2c(CN)c(CC(C)C)nc3ccc(CCC(N)=O)cc23)cc1.Cl.Cl,8.1249387366083,448.43800000000016,5.128920000000005,2,3
6301112,CHEMBL1808468,IC50,=,1.8,nM,8.74,CHEMBL284,Dipeptidyl peptidase 4,Cc1ccc(-c2c(CN)c(CC(C)C)nc3ccc(/C=C/C(N)=O)cc23)cc1,8.744727494896694,373.5000000000001,4.365920000000004,2,3
6301113,CHEMBL3216749,IC50,=,55.0,nM,7.26,CHEMBL284,Dipeptidyl peptidase 4,Cc1ccc(-c2c(CN)c(CC(C)C)nc3ccc(C(N)=O)cc23)cc1.Cl.Cl,7.259637310505756,420.38400000000007,4.809920000000005,2,3
6301114,CHEMBL3215858,IC50,=,100.0,nM,7.0,CHEMBL284,Dipeptidyl peptidase 4,Cc1ccc(-c2c(CN)c(CC(C)C)nc3ccc(C(=O)O)cc23)cc1.Cl.Cl,7.0,421.3680000000001,5.409220000000006,2,3
6301115,CHEMBL3215634,IC50,=,9.2,nM,8.04,CHEMBL284,Dipeptidyl peptidase 4,Cc1ccc(-c2c(CN)c(CC(C)C)nc3ccc(-c4nn[nH]n4)cc23)cc1.Cl.Cl,8.036212172654444,445.3980000000001,4.891120000000005,2,5
6301116,CHEMBL3215859,IC50,=,11.0,nM,7.96,CHEMBL284,Dipeptidyl peptidase 4,Cc1ccc(-c2c(CN)c(CC(C)C)nc3ccc(-c4noc(=O)[nH]4)cc23)cc1.Cl.Cl,7.958607314841775,461.3930000000001,5.054320000000005,2,5
6301117,CHEMBL1808473,IC50,=,2.2,nM,8.66,CHEMBL284,Dipeptidyl peptidase 4,Cc1ccc(-c2c(CN)c(CC(C)C)nc3ccc(N4CCNC(=O)C4)cc23)cc1,8.657577319177793,402.5420000000002,3.803620000000002,2,4
6301118,CHEMBL1808474,IC50,=,2.7,nM,8.57,CHEMBL284,Dipeptidyl peptidase 4,Cc1ccc(-c2c(CN)c(CC(C)C)nc3ccc(N4CCNC(=O)C4=O)cc23)cc1,8.568636235841012,416.5250000000002,3.3302200000000015,2,4
6301140,CHEMBL1808475,IC50,=,47.0,nM,7.33,CHEMBL284,Dipeptidyl peptidase 4,CC(C)Cn1c(CN)c(-c2ccccc2)c2cc(OCC(N)=O)ccc2c1=O.Cl,7.327902142064283,415.9210000000002,3.069100000000001,2,4
6310536,CHEMBL1814760,IC50,=,17700.0,nM,4.75,CHEMBL284,Dipeptidyl peptidase 4,Cl.O=C([C@@H]1C[C@H](NCc2ccnc3ccccc23)CN1)N1Cc2ccccc2C1,4.752026733638194,408.9330000000002,3.0191000000000017,2,4
6310537,CHEMBL1814633,IC50,>,50000.0,nM,,CHEMBL284,Dipeptidyl peptidase 4,N[C@@H](CC(=O)N1CCN(C(c2ccc(F)cc2)c2ccc(F)cc2)CC1)C(=O)N1Cc2ccccc2C1,4.301029995663981,504.58100000000036,3.4582000000000024,1,4
6310538,CHEMBL1814634,IC50,>,100000.0,nM,,CHEMBL284,Dipeptidyl peptidase 4,N[C@@H](CCC(=O)N1CCN(C(c2ccc(F)cc2)c2ccc(F)cc2)CC1)C(=O)N1Cc2ccccc2C1.O=C(O)C(F)(F)F,4.0,632.6300000000005,4.481600000000004,2,5
6310539,CHEMBL1814737,IC50,>,100000.0,nM,,CHEMBL284,Dipeptidyl peptidase 4,N[C@@H](CCC(=O)N1CCN(Cc2ccc(F)cc2)CC1)C(=O)N1Cc2ccccc2C1.O=C(O)C(F)(F)F,4.0,538.5420000000004,2.7531000000000008,2,5
6310540,CHEMBL1814738,IC50,>,100000.0,nM,,CHEMBL284,Dipeptidyl peptidase 4,O=C(CCC(=O)N1Cc2ccccc2C1)N1CCN(C(c2ccc(F)cc2)c2ccc(F)cc2)CC1.O=C(O)C(F)(F)F,4.0,603.5880000000004,5.1543000000000045,1,4
6310541,CHEMBL1814739,IC50,>,50000.0,nM,,CHEMBL284,Dipeptidyl peptidase 4,N[C@@H](CC(=O)N1CCN(C(c2ccc(F)cc2)c2ccc(F)cc2)CC1)C(=O)N1Cc2ccc(F)cc2C1.O=C(O)C(F)(F)F,4.301029995663981,636.5930000000004,4.2306000000000035,2,5
6310542,CHEMBL1814740,IC50,>,100000.0,nM,,CHEMBL284,Dipeptidyl peptidase 4,N[C@@H](CC(=O)N1CCN(C(c2ccccc2)c2ccc(Cl)cc2)CC1)C(=O)N1Cc2ccc(F)cc2C1.O=C(O)C(F)(F)F,4.0,635.0580000000004,4.605800000000004,2,5
6310543,CHEMBL1814741,IC50,>,50000.0,nM,,CHEMBL284,Dipeptidyl peptidase 4,N[C@@H](CC(=O)N1CCN(C(c2ccccc2)c2ccc(Cl)cc2)CC1)C(=O)N1Cc2ccccc2C1.O=C(O)C(F)(F)F,4.301029995663981,617.0680000000006,4.466700000000004,2,5
6310544,CHEMBL3216066,IC50,>,100000.0,nM,,CHEMBL284,Dipeptidyl peptidase 4,Cl.Cl.N[C@@H](CC(=O)N1CCN(Cc2ccc3ccccc3c2)CC1)C(=O)N1Cc2ccccc2C1,4.0,515.4850000000002,3.5874000000000024,1,4
6310545,CHEMBL1814743,IC50,>,100000.0,nM,,CHEMBL284,Dipeptidyl peptidase 4,N#Cc1ccccc1-c1ccc(CN2CCN(C(=O)C[C@H](N)C(=O)N3Cc4ccccc4C3)CC2)cc1,4.0,493.6110000000003,3.1292800000000014,1,5
6310546,CHEMBL1814744,IC50,>,100000.0,nM,,CHEMBL284,Dipeptidyl peptidase 4,N[C@@H](CC(=O)N1CCN(Cc2c(F)cccc2Cl)CC1)C(=O)N1Cc2ccccc2C1.O=C(O)C(F)(F)F,4.0,558.9600000000005,3.0164,2,5
6311179,CHEMBL1814745,IC50,>,100000.0,nM,,CHEMBL284,Dipeptidyl peptidase 4,N[C@@H](CC(=O)N1CCCN(C(c2ccc(F)cc2)c2ccc(F)cc2)CC1)C(=O)N1Cc2ccccc2C1.O=C(O)C(F)(F)F,4.0,632.6300000000005,4.481600000000004,2,5
6311180,CHEMBL3215830,IC50,>,100000.0,nM,,CHEMBL284,Dipeptidyl peptidase 4,Cl.Cl.N[C@@H](CC(=O)N1C[C@H]2C[C@@H]1CN2C(c1ccc(F)cc1)c1ccc(F)cc1)C(=O)N1Cc2ccccc2C1,4.0,589.5140000000001,4.442700000000004,1,4
6311181,CHEMBL1814747,IC50,>,100000.0,nM,,CHEMBL284,Dipeptidyl peptidase 4,N[C@@H](CC(=O)N1CCN(Cc2ccc(F)cc2)CC1)C(=O)N1Cc2ccccc2C1.O=C(O)C(F)(F)F,4.0,524.5150000000003,2.3629999999999995,2,5
6311182,CHEMBL1814748,IC50,>,100000.0,nM,,CHEMBL284,Dipeptidyl peptidase 4,C[C@H]1CN(C(=O)C[C@H](N)C(=O)N2Cc3ccccc3C2)CCN1C(c1ccc(F)cc1)c1ccc(F)cc1.O=C(O)C(F)(F)F,4.0,632.6300000000005,4.480000000000005,2,5
6311183,CHEMBL1814749,IC50,>,50000.0,nM,,CHEMBL284,Dipeptidyl peptidase 4,C[C@@H]1CN(C(=O)C[C@H](N)C(=O)N2Cc3ccccc3C2)CCN1C(c1ccc(F)cc1)c1ccc(F)cc1.O=C(O)C(F)(F)F,4.301029995663981,632.6300000000005,4.480000000000005,2,5
6311184,CHEMBL3216276,IC50,>,100000.0,nM,,CHEMBL284,Dipeptidyl peptidase 4,Cl.Cl.N[C@@H](CC(=O)N1CCN(C(c2ccc(F)cc2)c2ccc(F)cc2)C(=O)C1)C(=O)N1Cc2ccccc2C1,4.0,591.4860000000002,3.828400000000003,1,4
6311185,CHEMBL1814751,IC50,>,100000.0,nM,,CHEMBL284,Dipeptidyl peptidase 4,N[C@@H](CC(=O)N1CCN(C(=O)C2c3ccccc3-c3ccccc32)CC1)C(=O)N1Cc2ccccc2C1.O=C(O)C(F)(F)F,4.0,608.6170000000005,3.362800000000002,2,5
6311186,CHEMBL1814752,IC50,>,100000.0,nM,,CHEMBL284,Dipeptidyl peptidase 4,N[C@@H](CC(=O)N1CCN(C(=O)C(c2ccc(Cl)cc2)c2ccc(Cl)cc2)CC1)C(=O)N1Cc2ccccc2C1.O=C(O)C(F)(F)F,4.0,679.5230000000005,4.689200000000005,2,5
6311187,CHEMBL1814753,IC50,>,100000.0,nM,,CHEMBL284,Dipeptidyl peptidase 4,Cl.N[C@@H](CC(=O)N1CCN(C(=O)c2cccc(-c3ccccc3)c2)CC1)C(=O)N1Cc2ccccc2C1,4.0,519.0450000000002,3.319600000000001,1,4
6311188,CHEMBL1811949,IC50,>,100000.0,nM,,CHEMBL284,Dipeptidyl peptidase 4,CC(C)c1cc(C(C)C)c(S(=O)(=O)N2CCN(C(=O)C[C@H](N)C(=O)N3Cc4ccccc4C3)CC2)c(C(C)C)c1.Cl,4.0,605.2450000000003,4.571300000000004,1,5
6311189,CHEMBL1814754,IC50,>,100000.0,nM,,CHEMBL284,Dipeptidyl peptidase 4,Cl.N[C@@H](CC(=O)N1CCC[C@H]1C(=O)N1CCN(C(c2ccc(F)cc2)c2ccc(F)cc2)CC1)C(=O)N1Cc2ccccc2C1,4.0,638.1589999999999,3.871000000000003,1,5
6311190,CHEMBL1814755,IC50,>,100000.0,nM,,CHEMBL284,Dipeptidyl peptidase 4,Cl.N[C@@H](CC(=O)N1CCC[C@H]1C(=O)NC(c1ccc(F)cc1)c1ccc(F)cc1)C(=O)N1Cc2ccccc2C1,4.0,569.0520000000001,3.8430000000000026,2,4
6311191,CHEMBL1814756,IC50,>,100000.0,nM,,CHEMBL284,Dipeptidyl peptidase 4,Cl.N[C@@H](CC(=O)N1CCC(N2CCCCC2)CC1)C(=O)N1Cc2ccccc2C1,4.0,420.9850000000002,2.1449,1,4
6311192,CHEMBL1814757,IC50,>,100000.0,nM,,CHEMBL284,Dipeptidyl peptidase 4,N[C@@H](CC(=O)NC(c1ccccc1)c1ccccc1)C(=O)N1Cc2ccccc2C1.O=C(O)C(F)(F)F,4.0,513.5160000000003,3.785300000000002,3,4
6311193,CHEMBL1814758,IC50,>,100000.0,nM,,CHEMBL284,Dipeptidyl peptidase 4,N[C@@H](CC(=O)NC(c1ccc(F)cc1)c1ccc(F)cc1)C(=O)N1Cc2ccccc2C1.O=C(O)C(F)(F)F,4.0,549.4960000000003,4.063500000000002,3,4
6311194,CHEMBL1814632,IC50,>,100000.0,nM,,CHEMBL284,Dipeptidyl peptidase 4,Cl.N[C@@H](CC(=O)NC12CC3CC(CC(O)(C3)C1)C2)C(=O)N1Cc2ccccc2C1,4.0,419.95300000000026,1.8678999999999986,3,4
6311195,CHEMBL1814759,IC50,>,100000.0,nM,,CHEMBL284,Dipeptidyl peptidase 4,Cl.N[C@@H](CC(=O)NC1CCN(C(c2ccc(F)cc2)c2ccc(F)cc2)C1)C(=O)N1Cc2ccccc2C1,4.0,541.0420000000001,3.926300000000003,2,4
6311196,CHEMBL3216065,IC50,>,100000.0,nM,,CHEMBL284,Dipeptidyl peptidase 4,COc1ccc2ccccc2c1CN[C@@H]1CN[C@H](C(=O)N2Cc3ccccc3C2)C1.Cl.Cl,4.0,474.4320000000002,4.0545000000000035,2,4
6321332,CHEMBL1812727,IC50,>,100000.0,nM,,CHEMBL284,Dipeptidyl peptidase 4,Cn1c(CO)c(-c2ccccc2)c2cc(Cl)ccc2c1=O,4.0,299.75700000000006,3.351200000000002,1,2
6321333,CHEMBL1812728,IC50,=,16000.0,nM,4.8,CHEMBL284,Dipeptidyl peptidase 4,Cn1c(CN)c(-c2ccccc2)c2cc(Cl)ccc2c1=O,4.795880017344075,298.7730000000001,3.3176000000000014,1,2
6321334,CHEMBL1812729,IC50,=,87000.0,nM,4.06,CHEMBL284,Dipeptidyl peptidase 4,Cl.Cn1c(CCN)c(-c2ccccc2)c2cc(Cl)ccc2c1=O,4.060480747381382,349.26100000000014,3.781900000000003,1,2
6321335,CHEMBL1812730,IC50,>,100000.0,nM,,CHEMBL284,Dipeptidyl peptidase 4,Cn1c(N)c(-c2ccccc2)c2cc(Cl)ccc2c1=O,4.0,284.74600000000004,3.4411000000000014,1,2
6321336,CHEMBL1812731,IC50,>,100000.0,nM,,CHEMBL284,Dipeptidyl peptidase 4,CNCc1c(-c2ccccc2)c2cc(Cl)ccc2c(=O)n1CC(C)C,4.0,354.88100000000014,4.697300000000004,1,2
6321337,CHEMBL1812732,IC50,>,100000.0,nM,,CHEMBL284,Dipeptidyl peptidase 4,CC(C)Cn1c(CN(C)C)c(-c2ccccc2)c2cc(Cl)ccc2c1=O,4.0,368.90800000000013,5.039500000000005,0,2
6321338,CHEMBL1812733,IC50,=,8300.0,nM,5.08,CHEMBL284,Dipeptidyl peptidase 4,CCn1c(CN)c(-c2ccccc2)c2cc(Cl)ccc2c1=O,5.080921907623926,312.80000000000007,3.800500000000002,1,2
6321339,CHEMBL1812734,IC50,=,2400.0,nM,5.62,CHEMBL284,Dipeptidyl peptidase 4,CCCn1c(CN)c(-c2ccccc2)c2cc(Cl)ccc2c1=O,5.619788758288394,326.8270000000001,4.190600000000003,1,2
6321340,CHEMBL1812735,IC50,=,2400.0,nM,5.62,CHEMBL284,Dipeptidyl peptidase 4,CCCCn1c(CN)c(-c2ccccc2)c2cc(Cl)ccc2c1=O,5.619788758288394,340.8540000000001,4.580700000000004,1,2
6321341,CHEMBL1812736,IC50,=,1600.0,nM,5.8,CHEMBL284,Dipeptidyl peptidase 4,CC(C)Cn1c(CN)c(-c2ccccc2)c2cc(Cl)ccc2c1=O,5.795880017344075,340.8540000000001,4.436600000000004,1,2
6321342,CHEMBL1812737,IC50,=,3800.0,nM,5.42,CHEMBL284,Dipeptidyl peptidase 4,CCCCCn1c(CN)c(-c2ccccc2)c2cc(Cl)ccc2c1=O,5.42021640338319,354.8810000000001,4.970800000000004,1,2
6321343,CHEMBL1812738,IC50,=,1900.0,nM,5.72,CHEMBL284,Dipeptidyl peptidase 4,CC(C)(C)Cn1c(CN)c(-c2ccccc2)c2cc(Cl)ccc2c1=O,5.721246399047171,354.8810000000001,4.826700000000004,1,2
6321344,CHEMBL1812900,IC50,=,980.0,nM,6.01,CHEMBL284,Dipeptidyl peptidase 4,CC(C)Cn1c(CN)c(-c2ccccc2)c2cc(C(=O)O)ccc2c1=O.Cl,6.008773924307505,386.8790000000001,3.9032000000000022,2,3
6321345,CHEMBL1812901,IC50,=,360.0,nM,6.44,CHEMBL284,Dipeptidyl peptidase 4,CC(C)Cn1c(CN)c(-c2ccccc2)c2cc(C(N)=O)ccc2c1=O.Cl,6.443697499232712,385.89500000000015,3.303900000000002,2,3
6321346,CHEMBL1812902,IC50,=,1100.0,nM,5.96,CHEMBL284,Dipeptidyl peptidase 4,CC(C)Cn1c(CN)c(-c2ccccc2)c2cc(C#N)ccc2c1=O.Cl,5.958607314841775,367.88000000000005,4.076680000000003,1,3
6321347,CHEMBL1812903,IC50,=,2400.0,nM,5.62,CHEMBL284,Dipeptidyl peptidase 4,CC(C)Cn1c(CN)c(-c2ccccc2)c2ccc(C(N)=O)cc2c1=O.Cl,5.619788758288394,385.89500000000015,3.303900000000002,2,3
6321348,CHEMBL1812904,IC50,=,1900.0,nM,5.72,CHEMBL284,Dipeptidyl peptidase 4,CNC(=O)c1ccc2c(=O)n(CC(C)C)c(CN)c(-c3ccccc3)c2c1.Cl,5.721246399047171,399.92199999999997,3.5646000000000018,2,3
6321349,CHEMBL1812905,IC50,=,4000.0,nM,5.4,CHEMBL284,Dipeptidyl peptidase 4,CC(C)Cn1c(CN)c(-c2ccccc2)c2cc(C(=O)N(C)C)ccc2c1=O.Cl,5.3979400086720375,413.9490000000001,3.9068000000000027,1,3
6321350,CHEMBL1812906,IC50,=,790.0,nM,6.1,CHEMBL284,Dipeptidyl peptidase 4,CC(C)Cn1c(CN)c(-c2ccccc2)c2cc(O)ccc2c1=O.Cl,6.102372908709558,358.8690000000001,3.9106000000000027,2,3
6321351,CHEMBL1812907,IC50,=,870.0,nM,6.06,CHEMBL284,Dipeptidyl peptidase 4,COc1ccc2c(=O)n(CC(C)C)c(CN)c(-c3ccccc3)c2c1,6.060480747381382,336.435,3.791800000000002,1,3
6321353,CHEMBL1812909,IC50,=,1100.0,nM,5.96,CHEMBL284,Dipeptidyl peptidase 4,CC(C)Cn1c(CN)c(-c2ccccc2)c2ccc(OCC(N)=O)cc2c1=O.Cl,5.958607314841775,415.9210000000002,3.069100000000001,2,4
6321354,CHEMBL1812910,IC50,=,280.0,nM,6.55,CHEMBL284,Dipeptidyl peptidase 4,CC(C)Cn1c(CN)c(-c2ccccc2)c2cc(/C=C/C(N)=O)ccc2c1=O.Cl,6.552841968657781,411.93300000000016,3.7035000000000022,2,3
6321355,CHEMBL1812911,IC50,=,1500.0,nM,5.82,CHEMBL284,Dipeptidyl peptidase 4,CC(C)Cn1c(CN)c(-c2ccccc2)c2cc(CCC(N)=O)ccc2c1=O.Cl,5.823908740944319,413.9490000000001,3.6229000000000027,2,3
6335423,CHEMBL1819089,IC50,=,0.34,nM,9.47,CHEMBL284,Dipeptidyl peptidase 4,Cl.Cn1c(=O)c2c(cc(N3CCC[C@@H](N)C3)n2Cc2cc(F)ccc2C#N)n(C)c1=O,9.468521082957745,446.91400000000016,1.44708,1,5
6335424,CHEMBL1819092,IC50,>,1000.0,nM,,CHEMBL284,Dipeptidyl peptidase 4,CC[C@]1(N)CCCN(c2cc3c(c(=O)n(C)c(=O)n3C)n2Cc2cc(F)ccc2C#N)C1,6.0,438.5070000000002,1.8054799999999998,1,5
6335425,CHEMBL1819091,IC50,=,26.0,nM,7.58,CHEMBL284,Dipeptidyl peptidase 4,CC[C@@]1(N)CCCN(c2cc3c(c(=O)n(C)c(=O)n3C)n2Cc2cc(F)ccc2C#N)C1,7.585026652029182,438.5070000000002,1.8054799999999998,1,5
6335426,CHEMBL1819090,IC50,=,1.1,nM,8.96,CHEMBL284,Dipeptidyl peptidase 4,Cn1c(=O)c2c(cc(N3CCC[C@@](C)(N)C3)n2Cc2cc(F)ccc2C#N)n(C)c1=O,8.958607314841775,424.4800000000001,1.4153799999999996,1,5
7852224,CHEMBL1909975,IC50,=,3.0,nM,8.52,CHEMBL284,Dipeptidyl peptidase 4,NCc1c(N)nc(-c2cc(F)cc(F)c2)nc1-c1ccc(Cl)cc1Cl,8.522878745280337,381.2130000000001,4.436500000000001,2,4
7853086,CHEMBL122206,IC50,=,7.0,nM,8.15,CHEMBL284,Dipeptidyl peptidase 4,COc1cc2c(cc1OC)-c1nc(N)c(CN)c(-c3ccc(Cl)cc3Cl)c1C2,8.154901959985743,416.30800000000016,4.684700000000003,2,5
7853087,CHEMBL331950,IC50,=,920.0,nM,6.04,CHEMBL284,Dipeptidyl peptidase 4,NCc1c(-c2ccc(Cl)cc2Cl)cc(-c2ccccc2)nc1N,6.036212172654444,344.24500000000006,4.763300000000003,2,3
7962678,CHEMBL1929387,IC50,=,3.8,nM,8.42,CHEMBL284,Dipeptidyl peptidase 4,Cc1cc2ncc(C(=O)NCC(C)(C)NCC(=O)N3CCC[C@H]3C#N)cn2n1.Cl,8.42021640338319,419.9170000000001,1.0720999999999998,2,6
7962679,CHEMBL1929388,IC50,=,13.0,nM,7.89,CHEMBL284,Dipeptidyl peptidase 4,Cc1cc2ncc(C(=O)NCC(C)(C)NCC(=O)N3CCC[C@H]3C#N)c(C)n2n1.Cl,7.886056647693163,433.94400000000013,1.3805199999999997,2,6
7962680,CHEMBL1929389,IC50,=,32.0,nM,7.5,CHEMBL284,Dipeptidyl peptidase 4,Cc1cc2ncc(C(=O)NCC(C)(C)NCC(=O)N3CCC[C@H]3C#N)c(C(F)(F)F)n2n1.Cl,7.494850021680094,487.91400000000016,2.0909,2,6
7962681,CHEMBL1929390,IC50,=,1.8,nM,8.74,CHEMBL284,Dipeptidyl peptidase 4,Cc1cc2ncc(C(=O)NCC(C)(C)NCC(=O)N3CCC[C@H]3C#N)c(O)n2n1.Cl,8.744727494896694,435.9160000000001,0.7776999999999996,3,7
7962682,CHEMBL1929391,IC50,=,15.0,nM,7.82,CHEMBL284,Dipeptidyl peptidase 4,Cc1c(C(=O)NCC(C)(C)NCC(=O)N2CCC[C@H]2C#N)cnc2cc(C(C)(C)C)nn12.Cl,7.823908740944319,476.02500000000015,2.3696000000000006,2,6
7962683,CHEMBL1929392,IC50,=,11.0,nM,7.96,CHEMBL284,Dipeptidyl peptidase 4,Cc1c(C(=O)NCC(C)(C)NCC(=O)N2CCC[C@H]2C#N)cnc2cc(-c3ccccc3)nn12.Cl,7.958607314841775,496.01500000000004,2.739100000000001,2,6
7962684,CHEMBL1929393,IC50,=,80.0,nM,7.1,CHEMBL284,Dipeptidyl peptidase 4,Cc1nc2cc(C(C)(C)C)nn2c(C)c1C(=O)NCC(C)(C)NCC(=O)N1CCC[C@H]1C#N.Cl,7.096910013008056,490.0520000000003,2.6780200000000014,2,6
7962685,CHEMBL1929394,IC50,=,28.0,nM,7.55,CHEMBL284,Dipeptidyl peptidase 4,Cc1nc2cc(-c3ccccc3)nn2c(C)c1C(=O)NCC(C)(C)NCC(=O)N1CCC[C@H]1C#N.Cl,7.552841968657781,510.0420000000003,3.047520000000001,2,6
7962686,CHEMBL1929395,IC50,=,110.0,nM,6.96,CHEMBL284,Dipeptidyl peptidase 4,Cc1cc2nc(C)c(C(=O)NCC(C)(C)NCC(=O)N3CCC[C@H]3C#N)c(C)n2n1.Cl,6.958607314841775,447.9710000000002,1.6889399999999997,2,6
8037767,CHEMBL1951417,IC50,=,2100.0,nM,5.68,CHEMBL284,Dipeptidyl peptidase 4,Cn1cnc2c(C#N)c(N3CCNCC3)n(Cc3ccccc3)c2c1=O,5.6777807052660805,348.41,1.0645799999999994,1,5
8037768,CHEMBL1951418,IC50,=,400.0,nM,6.4,CHEMBL284,Dipeptidyl peptidase 4,COc1cccc(C(=O)Cn2cnc3c(C#N)c(N4CCNCC4)n(Cc4ccccc4)c3c2=O)c1,6.3979400086720375,482.5440000000003,2.41908,1,7
8037769,CHEMBL1951419,IC50,=,23.0,nM,7.64,CHEMBL284,Dipeptidyl peptidase 4,CC#CCn1c(N2CCNCC2)c(C#N)c2ncn(CC(=O)c3cccc(OC)c3)c(=O)c21,7.638272163982407,444.49500000000023,1.3940799999999987,1,7
8037770,CHEMBL1951420,IC50,=,10.0,nM,8.0,CHEMBL284,Dipeptidyl peptidase 4,COc1cccc(C(=O)Cn2cnc3c(C#N)c(N4CCNCC4)n(CC=C(C)C)c3c2=O)c1,8.0,460.53800000000035,2.3369799999999996,1,7
8037771,CHEMBL1951421,IC50,=,20.0,nM,7.7,CHEMBL284,Dipeptidyl peptidase 4,Cn1cnc2c(C#N)c(N3CCC[C@H](N)C3)n(Cc3ccccc3)c2c1=O,7.698970004336019,362.437,1.5824799999999994,1,5
8037772,CHEMBL1951422,IC50,=,25.0,nM,7.6,CHEMBL284,Dipeptidyl peptidase 4,COc1cccc(C(=O)Cn2cnc3c(C#N)c(N4CCC[C@@H](N)C4)n(Cc4ccccc4)c3c2=O)c1,7.6020599913279625,496.57100000000037,2.936980000000001,1,7
8037773,CHEMBL1951423,IC50,=,4.0,nM,8.4,CHEMBL284,Dipeptidyl peptidase 4,COc1cccc(C(=O)Cn2cnc3c(C#N)c(N4CCC[C@H](N)C4)n(Cc4ccccc4)c3c2=O)c1,8.397940008672037,496.57100000000037,2.936980000000001,1,7
8037774,CHEMBL1951424,IC50,=,17.0,nM,7.77,CHEMBL284,Dipeptidyl peptidase 4,N#Cc1c(N2CCC[C@H](N)C2)n(Cc2ccccc2)c2c(=O)n(Cc3ccnc4ccccc34)cnc12,7.769551078621726,489.58300000000025,3.641980000000002,1,6
8038707,CHEMBL1951425,IC50,=,60.0,nM,7.22,CHEMBL284,Dipeptidyl peptidase 4,CC#CCn1c(N2CCC[C@@H](N)C2)c(C#N)c2ncn(CC(=O)c3cccc(OC)c3)c(=O)c21,7.221848749616356,458.5220000000003,1.9119799999999991,1,7
8038708,CHEMBL1951426,IC50,=,15.0,nM,7.82,CHEMBL284,Dipeptidyl peptidase 4,CC#CCn1c(N2CCC[C@H](N)C2)c(C#N)c2ncn(CC(=O)c3cccc(OC)c3)c(=O)c21,7.823908740944319,458.5220000000003,1.9119799999999991,1,7
8038709,CHEMBL1951427,IC50,=,10.0,nM,8.0,CHEMBL284,Dipeptidyl peptidase 4,CC#CCn1c(N2CCC[C@H](N)C2)c(C#N)c2ncn(Cc3ccnc4ccccc34)c(=O)c21,8.0,451.5340000000002,2.61698,1,6
8038710,CHEMBL1951428,IC50,=,5.0,nM,8.3,CHEMBL284,Dipeptidyl peptidase 4,CC#CCn1c(N2CCC[C@H](N)C2)c(C#N)c2ncn(Cc3nccc4ccccc34)c(=O)c21,8.301029995663981,451.5340000000002,2.61698,1,6
8038711,CHEMBL1951429,IC50,=,4.0,nM,8.4,CHEMBL284,Dipeptidyl peptidase 4,COc1cccc(C(=O)Cn2cnc3c(C#N)c(N4CCC[C@@H](N)C4)n(CC=C(C)C)c3c2=O)c1,8.397940008672037,474.5650000000004,2.8548800000000005,1,7
8038712,CHEMBL1951430,IC50,=,1.0,nM,9.0,CHEMBL284,Dipeptidyl peptidase 4,COc1cccc(C(=O)Cn2cnc3c(C#N)c(N4CCC[C@H](N)C4)n(CC=C(C)C)c3c2=O)c1,9.0,474.5650000000004,2.8548800000000005,1,7
8038713,CHEMBL1951431,IC50,=,4.0,nM,8.4,CHEMBL284,Dipeptidyl peptidase 4,CC(C)=CCn1c(N2CCC[C@H](N)C2)c(C#N)c2ncn(Cc3ccnc4ccccc34)c(=O)c21,8.397940008672037,467.5770000000002,3.5598800000000024,1,6
8038714,CHEMBL1951432,IC50,=,0.5,nM,9.3,CHEMBL284,Dipeptidyl peptidase 4,CC(C)=CCn1c(N2CCC[C@H](N)C2)c(C#N)c2ncn(Cc3nccc4ccccc34)c(=O)c21,9.301029995663981,467.5770000000002,3.5598800000000024,1,6
8038715,CHEMBL1951433,IC50,=,3.0,nM,8.52,CHEMBL284,Dipeptidyl peptidase 4,CC(C)=CCn1c(N2CCC[C@H](N)C2)c(C#N)c2ncn(Cc3nc(C)c4ccccc4n3)c(=O)c21,8.522878745280337,482.59200000000027,3.263300000000002,1,7
8038716,CHEMBL1951434,IC50,=,8.0,nM,8.1,CHEMBL284,Dipeptidyl peptidase 4,CC(C)=CCn1c(N2CCC[C@H](N)C2)c(C#N)c2ncn(Cc3ncc4ccccc4n3)c(=O)c21,8.096910013008056,468.5650000000002,2.954880000000001,1,7
8038717,CHEMBL1951435,IC50,=,9.0,nM,8.05,CHEMBL284,Dipeptidyl peptidase 4,CC(C)=CCn1c(N2CCC[C@H](N)C2)c(C#N)c2ncn(C)c(=O)c21,8.045757490560675,340.4310000000001,1.5003799999999998,1,5
8038719,CHEMBL1951436,IC50,=,60.0,nM,7.22,CHEMBL284,Dipeptidyl peptidase 4,N#Cc1c(N2CCCNCC2)n(Cc2ccccc2)c2c(=O)n(Cc3nccc4ccccc34)cnc12,7.221848749616356,489.58300000000025,3.5141800000000014,1,6
8038720,CHEMBL1951437,IC50,=,7.0,nM,8.15,CHEMBL284,Dipeptidyl peptidase 4,CC(C)=CCn1c(N2CCCNCC2)c(C#N)c2ncn(Cc3nccc4ccccc34)c(=O)c21,8.154901959985743,467.5770000000002,3.432080000000002,1,6
8038721,CHEMBL1951438,IC50,=,6.0,nM,8.22,CHEMBL284,Dipeptidyl peptidase 4,CC#CCn1c(N2CCCNCC2)c(C#N)c2ncn(Cc3nccc4ccccc34)c(=O)c21,8.221848749616356,451.5340000000002,2.4891799999999993,1,6
8038722,CHEMBL1951439,IC50,=,9.0,nM,8.05,CHEMBL284,Dipeptidyl peptidase 4,CC#CCn1c(N2CCCNCC2)c(C#N)c2ncn(Cc3nc(C)c4ccccc4n3)c(=O)c21,8.045757490560675,466.54900000000026,2.1925999999999997,1,7
8038723,CHEMBL1951440,IC50,=,45.0,nM,7.35,CHEMBL284,Dipeptidyl peptidase 4,CC#CCn1c(N2CCCNCC2)c(C#N)c2ncn(Cc3ncc4ccccc4n3)c(=O)c21,7.346787486224656,452.5220000000002,1.884179999999999,1,7
8038724,CHEMBL1951595,IC50,=,1.5,nM,8.82,CHEMBL284,Dipeptidyl peptidase 4,COc1cccc(C(=O)Cn2c(=O)c3c(c(C#N)c(N4CCC[C@H](N)C4)n3Cc3ccccc3)n(C)c2=O)c1,8.823908740944319,526.5970000000003,2.2406800000000002,1,7
8038725,CHEMBL1951596,IC50,=,4.0,nM,8.4,CHEMBL284,Dipeptidyl peptidase 4,Cn1c(=O)n(Cc2nccc3ccccc23)c(=O)c2c1c(C#N)c(N1CCC[C@H](N)C1)n2Cc1ccccc1,8.397940008672037,519.6090000000004,2.9456800000000003,1,6
8038726,CHEMBL1951597,IC50,=,10.0,nM,8.0,CHEMBL284,Dipeptidyl peptidase 4,Cn1c(=O)c2c(c(C#N)c(N3CCC[C@H](N)C3)n2Cc2ccccc2)n(C)c1=O,8.0,392.46300000000014,0.8861799999999995,1,5
8038727,CHEMBL1951598,IC50,=,0.5,nM,9.3,CHEMBL284,Dipeptidyl peptidase 4,COc1cccc(C(=O)Cn2c(=O)c3c(c(C#N)c(N4CCC[C@H](N)C4)n3CC=C(C)C)n(C)c2=O)c1,9.301029995663981,504.59100000000035,2.158579999999999,1,7
8038728,CHEMBL1951599,IC50,=,1.0,nM,9.0,CHEMBL284,Dipeptidyl peptidase 4,CC(C)=CCn1c(N2CCC[C@H](N)C2)c(C#N)c2c1c(=O)n(Cc1nccc3ccccc13)c(=O)n2C,9.0,497.6030000000003,2.8635800000000007,1,6
8038729,CHEMBL1951600,IC50,=,2.0,nM,8.7,CHEMBL284,Dipeptidyl peptidase 4,CC(C)=CCn1c(N2CCC[C@H](N)C2)c(C#N)c2c1c(=O)n(Cc1nc(C)c3ccccc3n1)c(=O)n2C,8.698970004336019,512.6180000000003,2.567000000000001,1,7
8038730,CHEMBL1951601,IC50,=,9.0,nM,8.05,CHEMBL284,Dipeptidyl peptidase 4,CC(C)=CCn1c(N2CCC[C@H](N)C2)c(C#N)c2c1c(=O)n(Cc1cnc3ccccc3n1)c(=O)n2C,8.045757490560675,498.5910000000003,2.2585800000000003,1,7
8038731,CHEMBL1951602,IC50,=,25.0,nM,7.6,CHEMBL284,Dipeptidyl peptidase 4,CC(C)=CCn1c(N2CCC[C@H](N)C2)c(C#N)c2c1c(=O)n(Cc1ncccc1C#N)c(=O)n2C,7.6020599913279625,472.5530000000003,1.5820599999999998,1,7
8038732,CHEMBL1951603,IC50,=,2.0,nM,8.7,CHEMBL284,Dipeptidyl peptidase 4,CC#CCn1c(N2CCC[C@H](N)C2)c(C#N)c2c1c(=O)n(CC(=O)c1cccc(OC)c1)c(=O)n2C,8.698970004336019,488.5480000000003,1.2156799999999992,1,7
8038733,CHEMBL1951604,IC50,=,4.0,nM,8.4,CHEMBL284,Dipeptidyl peptidase 4,CC#CCn1c(N2CCC[C@H](N)C2)c(C#N)c2c1c(=O)n(Cc1nccc3ccccc13)c(=O)n2C,8.397940008672037,481.56000000000023,1.9206799999999993,1,6
8038734,CHEMBL1951605,IC50,=,20.0,nM,7.7,CHEMBL284,Dipeptidyl peptidase 4,CC#CCn1c(N2CCC[C@@H](N)C2)c(C#N)c2c1c(=O)n(Cc1nc(C)c3ccccc3n1)c(=O)n2C,7.698970004336019,496.5750000000003,1.6240999999999997,1,7
8038735,CHEMBL1951606,IC50,=,250.0,nM,6.6,CHEMBL284,Dipeptidyl peptidase 4,CC#CCn1c(N2CCC[C@H](N)C2)c(C#N)c2c1c(=O)n(Cc1nc(C)c3ccccc3n1)c(=O)n2C,6.6020599913279625,496.5750000000003,1.6240999999999997,1,7
8038736,CHEMBL1951607,IC50,=,2.0,nM,8.7,CHEMBL284,Dipeptidyl peptidase 4,COc1cccc(C(=O)Cn2c(=O)c3c(c(C#N)c(N4CCCNCC4)n3CC=C(C)C)n(C)c2=O)c1,8.698970004336019,504.59100000000035,2.030779999999999,1,7
8038737,CHEMBL1951608,IC50,=,3.0,nM,8.52,CHEMBL284,Dipeptidyl peptidase 4,CC(C)=CCn1c(N2CCCNCC2)c(C#N)c2c1c(=O)n(Cc1nccc3ccccc13)c(=O)n2C,8.522878745280337,497.6030000000003,2.735780000000001,1,6
8038738,CHEMBL1951609,IC50,=,2.0,nM,8.7,CHEMBL284,Dipeptidyl peptidase 4,CC(C)=CCn1c(N2CCCNCC2)c(C#N)c2c1c(=O)n(Cc1nc(C)c3ccccc3n1)c(=O)n2C,8.698970004336019,512.6180000000003,2.4392000000000005,1,7
8038739,CHEMBL1951610,IC50,=,10.0,nM,8.0,CHEMBL284,Dipeptidyl peptidase 4,CC(C)=CCn1c(N2CCCNCC2)c(C#N)c2c1c(=O)n(Cc1cn3ccccc3n1)c(=O)n2C,8.0,486.58000000000027,1.8352799999999996,1,6
8038740,CHEMBL1951611,IC50,=,1.0,nM,9.0,CHEMBL284,Dipeptidyl peptidase 4,CC(C)=CCn1c(N2CCCNCC2)c(C#N)c2c1c(=O)n(Cc1ncc3ccccc3c1C#N)c(=O)n2C,9.0,522.6130000000003,2.6074600000000006,1,7
8038741,CHEMBL1949693,IC50,=,5.5,nM,8.26,CHEMBL284,Dipeptidyl peptidase 4,CC(C)=CCn1c(N2CCCNCC2)c(C#N)c2c1c(=O)n(Cc1c(C#N)cnc3ccccc13)c(=O)n2C,8.259637310505756,522.6130000000003,2.6074600000000006,1,7
8038742,CHEMBL1951612,IC50,=,5.0,nM,8.3,CHEMBL284,Dipeptidyl peptidase 4,CC#CCn1c(N2CCCNCC2)c(C#N)c2c1c(=O)n(Cc1nccc3ccccc13)c(=O)n2C,8.301029995663981,481.56000000000023,1.7928799999999991,1,6
8038743,CHEMBL1951613,IC50,=,7.5,nM,8.12,CHEMBL284,Dipeptidyl peptidase 4,CC#CCn1c(N2CCCNCC2)c(C#N)c2c1c(=O)n(Cc1nc(C)c3ccccc3n1)c(=O)n2C,8.1249387366083,496.5750000000003,1.4962999999999995,1,7
8038744,CHEMBL1951416,IC50,=,1.0,nM,9.0,CHEMBL284,Dipeptidyl peptidase 4,CC#CCn1c(N2CCCNCC2)c(C#N)c2c1c(=O)n(Cc1ncc3ccccc3c1C#N)c(=O)n2C,9.0,506.5700000000003,1.664559999999999,1,7
8038745,CHEMBL1951614,IC50,=,2.0,nM,8.7,CHEMBL284,Dipeptidyl peptidase 4,CC#CCn1c(N2CCCNCC2)c(C#N)c2c1c(=O)n(Cc1c(C#N)cnc3ccccc13)c(=O)n2C,8.698970004336019,506.5700000000003,1.6645599999999994,1,7
10848040,CHEMBL2011528,IC50,=,1650.0,nM,5.78,CHEMBL284,Dipeptidyl peptidase 4,N[C@H]1CN(c2ccc(-n3ccc(OCc4ccccc4)cc3=O)cn2)C[C@@H]1c1cc(F)ccc1F,5.782516055786093,474.51100000000014,4.020800000000003,1,5
10848041,CHEMBL2011534,IC50,=,1100.0,nM,5.96,CHEMBL284,Dipeptidyl peptidase 4,N[C@H]1CN(c2ccc(-n3ccc(OCc4ccccc4)cc3=O)cn2)C[C@@H]1c1cc(F)c(F)cc1F,5.958607314841775,492.50100000000015,4.159900000000003,1,5
10848042,CHEMBL2011535,IC50,=,350.0,nM,6.46,CHEMBL284,Dipeptidyl peptidase 4,N[C@H]1CN(c2ccc(-n3ccc(OCc4ccccc4)cc3=O)cn2)CC[C@@H]1c1cc(F)c(F)cc1F,6.455931955649724,506.5280000000002,4.550000000000004,1,5
10848043,CHEMBL2011537,IC50,>,100000.0,nM,,CHEMBL284,Dipeptidyl peptidase 4,N[C@@H]1CCN(c2ccc(-n3ccc(OCc4ccccc4)cc3=O)cn2)C1,4.0,362.43300000000005,2.3489000000000004,1,5
10865609,CHEMBL2022512,IC50,=,13100.0,nM,4.88,CHEMBL284,Dipeptidyl peptidase 4,N#C[C@@H]1CCCN1C(=O)CNC(=O)c1ccc(-c2cccs2)cc1,4.882728704344236,339.42,2.6594800000000003,1,4
10865697,CHEMBL2024671,IC50,>,100000.0,nM,,CHEMBL284,Dipeptidyl peptidase 4,N#C[C@@H]1CCCN1C(=O)[C@H]1CCCN1C(=O)CCCc1ccccc1,4.0,339.439,2.5148800000000007,0,3
10865698,CHEMBL2024672,IC50,>,100000.0,nM,,CHEMBL284,Dipeptidyl peptidase 4,N#C[C@@H]1CCCN1C(=O)CNC(=O)c1ccccc1,4.0,257.293,0.9309799999999993,1,3
10865699,CHEMBL2024673,IC50,>,100000.0,nM,,CHEMBL284,Dipeptidyl peptidase 4,COc1cccc(C(=O)NCC(=O)N2CCC[C@H]2C#N)c1,4.0,287.31899999999996,0.9395799999999996,1,4
10865700,CHEMBL2024674,IC50,>,100000.0,nM,,CHEMBL284,Dipeptidyl peptidase 4,CC(C)CC(=O)NCC(=O)N1CCC[C@H]1C#N,4.0,237.30299999999997,0.6632799999999999,1,3
10865701,CHEMBL2022505,IC50,>,100000.0,nM,,CHEMBL284,Dipeptidyl peptidase 4,N#C[C@@H]1CCCN1C(=O)CNC(=O)CCc1ccccc1,4.0,285.347,1.2499799999999992,1,3
10865702,CHEMBL2022506,IC50,>,100000.0,nM,,CHEMBL284,Dipeptidyl peptidase 4,N#C[C@@H]1CCCN1C(=O)CNC(=O)Cc1cccs1,4.0,277.349,0.9213799999999996,1,4
10865703,CHEMBL2022507,IC50,>,100000.0,nM,,CHEMBL284,Dipeptidyl peptidase 4,N#C[C@@H]1CCCN1C(=O)CNC(=O)Cc1ccc(Cl)cc1,4.0,305.765,1.5132799999999997,1,3
10865704,CHEMBL2022508,IC50,>,100000.0,nM,,CHEMBL284,Dipeptidyl peptidase 4,N#C[C@@H]1CCCN1C(=O)CNC(=O)C(c1ccc(Cl)cc1)c1ccc(Cl)cc1,4.0,416.3080000000001,3.7560800000000025,1,3
10865705,CHEMBL2022509,IC50,>,100000.0,nM,,CHEMBL284,Dipeptidyl peptidase 4,N#C[C@@H]1CCCN1C(=O)CNC(=O)c1ccc(OC(F)(F)F)cc1,4.0,341.289,1.8295799999999998,1,4
10865706,CHEMBL2022510,IC50,>,100000.0,nM,,CHEMBL284,Dipeptidyl peptidase 4,COc1ccc(C(=O)NCC(=O)N2CCC[C@H]2C#N)cc1OC1CCCC1,4.0,371.4370000000002,2.26098,1,5
10865707,CHEMBL2022511,IC50,>,100000.0,nM,,CHEMBL284,Dipeptidyl peptidase 4,N#C[C@@H]1CCCN1C(=O)CNC(=O)c1c(Cl)cccc1Cl,4.0,326.183,2.23778,1,3
10865708,CHEMBL2022513,IC50,>,100000.0,nM,,CHEMBL284,Dipeptidyl peptidase 4,N#C[C@@H]1CCCN1C(=O)CNC(=O)c1cccc(-c2ccccc2)c1,4.0,333.391,2.5979799999999997,1,3
10865709,CHEMBL2022514,IC50,>,100000.0,nM,,CHEMBL284,Dipeptidyl peptidase 4,N#C[C@@H]1CCCN1C(=O)CNC(=O)c1ccc2ccccc2c1,4.0,307.35300000000007,2.08418,1,3
10865711,CHEMBL2022515,IC50,>,100000.0,nM,,CHEMBL284,Dipeptidyl peptidase 4,COc1cccc(S(=O)(=O)NCC(=O)N2CCC[C@H]2C#N)c1,4.0,323.374,0.48807999999999985,1,5
10865712,CHEMBL2022516,IC50,>,100000.0,nM,,CHEMBL284,Dipeptidyl peptidase 4,N#C[C@@H]1CCCN1C(=O)CNC(=O)CN1CCN(C(c2ccc(F)cc2)c2ccc(F)cc2)CC1,4.0,481.5470000000002,2.3025800000000007,1,5
10865713,CHEMBL2022517,IC50,>,100000.0,nM,,CHEMBL284,Dipeptidyl peptidase 4,N#C[C@@H]1CCCN1C(=O)CNC(=O)CCC(=O)NCc1ccc(F)cc1,4.0,360.38900000000007,0.8528799999999994,2,4
10865714,CHEMBL2022518,IC50,>,100000.0,nM,,CHEMBL284,Dipeptidyl peptidase 4,N#C[C@@H]1CCCN1C(=O)CNC(=O)CCC(=O)NC(c1ccc(F)cc1)c1ccc(F)cc1,4.0,454.4770000000001,2.5813800000000002,2,4
10865715,CHEMBL2022519,IC50,>,100000.0,nM,,CHEMBL284,Dipeptidyl peptidase 4,N#C[C@@H]1CCCN1C(=O)CNC(=O)CCC(=O)N1CCN(Cc2ccc(F)cc2)CC1,4.0,429.49600000000027,0.8808800000000008,1,5
10865716,CHEMBL2022520,IC50,>,100000.0,nM,,CHEMBL284,Dipeptidyl peptidase 4,N#C[C@@H]1CCCN1C(=O)CNC(=O)CCC(=O)N1CCN(C(c2ccc(F)cc2)c2ccc(F)cc2)CC1,4.0,523.5840000000002,2.6093800000000007,1,5
10865717,CHEMBL2022521,IC50,>,100000.0,nM,,CHEMBL284,Dipeptidyl peptidase 4,N#C[C@@H]1CCCN1C(=O)CNC(=O)Cn1cc(-c2ccc(F)c(F)c2)nn1,4.0,374.35100000000006,0.8540799999999995,1,5
10865718,CHEMBL2022522,IC50,>,100000.0,nM,,CHEMBL284,Dipeptidyl peptidase 4,CC(C)(C)OC(=O)N1CCN(c2cn(CC(=O)NCC(=O)N3CCC[C@H]3C#N)nn2)CC1,4.0,446.51200000000034,-0.03401999999999794,1,8
10865719,CHEMBL2022523,IC50,>,100000.0,nM,,CHEMBL284,Dipeptidyl peptidase 4,O=C(NCC(=O)N1CCCC1)c1ccccc1,4.0,232.28300000000002,1.0387999999999993,1,2
10865720,CHEMBL2022524,IC50,>,100000.0,nM,,CHEMBL284,Dipeptidyl peptidase 4,CC(C)(C)NC(=O)[C@@H]1CCCN1C(=O)CNC(=O)c1ccccc1,4.0,331.416,1.3220999999999998,2,3
10865721,CHEMBL2022525,IC50,>,100000.0,nM,,CHEMBL284,Dipeptidyl peptidase 4,N#C[C@@H]1C[C@H](N=[N+]=[N-])CN1C(=O)CNC(=O)c1ccccc1,4.0,298.306,1.21978,1,4
10865722,CHEMBL2022526,IC50,>,100000.0,nM,,CHEMBL284,Dipeptidyl peptidase 4,N#C[C@@H]1C[C@H](N=[N+]=[N-])CN1C(=O)CNC(=O)c1cccc2ccccc12,4.0,348.36600000000004,2.37298,1,4
10865723,CHEMBL2022527,IC50,>,100000.0,nM,,CHEMBL284,Dipeptidyl peptidase 4,N#C[C@@H]1C[C@@H](N=[N+]=[N-])CN1C(=O)CNC(=O)c1cccc2ccccc12,4.0,348.36600000000004,2.37298,1,4
10865724,CHEMBL2022528,IC50,>,100000.0,nM,,CHEMBL284,Dipeptidyl peptidase 4,N#C[C@@H]1C[C@H](F)CN1C(=O)CNC(=O)c1cccc2ccccc12,4.0,325.3430000000001,2.0321799999999994,1,3
10865725,CHEMBL2022529,IC50,>,100000.0,nM,,CHEMBL284,Dipeptidyl peptidase 4,N#C[C@@H]1CC(F)(F)CN1C(=O)CNC(=O)c1ccccc1,4.0,293.273,1.1761800000000002,1,3
10865726,CHEMBL2022530,IC50,>,100000.0,nM,,CHEMBL284,Dipeptidyl peptidase 4,N#C[C@@H]1CC(F)(F)CN1C(=O)CNC(=O)c1cccc2ccccc12,4.0,343.3330000000001,2.3293800000000005,1,3
10865727,CHEMBL2021934,IC50,>,100000.0,nM,,CHEMBL284,Dipeptidyl peptidase 4,CC1C[C@@H](C#N)N(C(=O)CNC(=O)c2ccccc2)C1,4.0,271.32000000000005,1.1769799999999995,1,3
10865728,CHEMBL2022531,IC50,>,100000.0,nM,,CHEMBL284,Dipeptidyl peptidase 4,C=C1C[C@@H](C#N)N(C(=O)CNC(=O)c2cccc3ccccc23)C1,4.0,319.3640000000001,2.25028,1,3
10865729,CHEMBL2022532,IC50,>,100000.0,nM,,CHEMBL284,Dipeptidyl peptidase 4,CCC1C[C@@H](C#N)N(C(=O)CNC(=O)c2cccc3ccccc23)C1,4.0,335.4070000000001,2.7202800000000007,1,3
10865730,CHEMBL2022533,IC50,>,100000.0,nM,,CHEMBL284,Dipeptidyl peptidase 4,N#C[C@@H]1C[C@H](C(F)(F)F)CN1C(=O)CNC(=O)c1cccc2ccccc12,4.0,375.3500000000001,2.872580000000002,1,3
10865731,CHEMBL2022534,IC50,>,100000.0,nM,,CHEMBL284,Dipeptidyl peptidase 4,N#C[C@@H]1CCCCN1C(=O)CNC(=O)c1ccccc1,4.0,271.32,1.3210799999999998,1,3
10865732,CHEMBL2022535,IC50,>,100000.0,nM,,CHEMBL284,Dipeptidyl peptidase 4,N#C[C@@H]1CCCCN1C(=O)CNC(=O)c1cccc2ccccc12,4.0,321.38000000000005,2.4742800000000003,1,3
10869443,CHEMBL2023067,IC50,=,1.4,nM,8.85,CHEMBL284,Dipeptidyl peptidase 4,N#Cc1ccccc1Cn1c(N2CCC[C@@H](N)C2)nc2c(Br)c[nH]c2c1=O,8.853871964321762,427.30600000000004,2.33458,2,5
10869444,CHEMBL2023066,IC50,=,2.34,nM,8.63,CHEMBL284,Dipeptidyl peptidase 4,N#Cc1ccccc1Cn1c(N2CCC[C@@H](N)C2)nc2[nH]c(-c3cccnc3)cc2c1=O,8.630784142589857,425.4960000000001,2.634080000000001,2,6
10869445,CHEMBL2022464,IC50,=,13.78,nM,7.86,CHEMBL284,Dipeptidyl peptidase 4,Cc1cc2c(=O)n(Cc3ccccc3C#N)c(N3CCC[C@@H](N)C3)nc2[nH]1,7.860750782428393,362.4370000000002,1.8804999999999998,2,5
10869446,CHEMBL2022467,IC50,=,2.64,nM,8.58,CHEMBL284,Dipeptidyl peptidase 4,N#Cc1ccccc1Cn1c(N2CCC[C@@H](N)C2)nc2[nH]c(Br)cc2c1=O,8.578396073130168,427.30600000000004,2.33458,2,5
10961279,CHEMBL2058973,IC50,=,0.61,nM,9.21,CHEMBL284,Dipeptidyl peptidase 4,O=C([C@@H]1C[C@H](N2CCN(c3nccc4ccccc34)CC2)CN1)N1CCSC1,9.214670164989233,397.5480000000003,1.6202,1,6
10961280,CHEMBL2058974,IC50,=,0.73,nM,9.14,CHEMBL284,Dipeptidyl peptidase 4,O=C([C@@H]1C[C@H](N2CCN(c3ncc(Cl)c4ccccc34)CC2)CN1)N1CCSC1,9.136677139879543,431.99300000000034,2.2736,1,6
10961281,CHEMBL2058975,IC50,=,0.51,nM,9.29,CHEMBL284,Dipeptidyl peptidase 4,N#Cc1cnc(N2CCN([C@@H]3CN[C@H](C(=O)N4CCSC4)C3)CC2)c2ccccc12,9.292429823902063,422.5580000000003,1.4918799999999999,1,7
10961282,CHEMBL2058968,IC50,=,2.2,nM,8.66,CHEMBL284,Dipeptidyl peptidase 4,O=C([C@@H]1C[C@H](N2CCN(c3ccc4ccccc4n3)CC2)CN1)N1CCSC1,8.657577319177793,397.5480000000003,1.6202,1,6
10961283,CHEMBL2058969,IC50,=,0.95,nM,9.02,CHEMBL284,Dipeptidyl peptidase 4,O=C([C@@H]1C[C@H](N2CCN(c3ccnc4ccccc34)CC2)CN1)N1CCSC1,9.022276394711152,397.5480000000003,1.6202,1,6
10961284,CHEMBL2058970,IC50,=,0.56,nM,9.25,CHEMBL284,Dipeptidyl peptidase 4,Cc1cc(N2CCN([C@@H]3CN[C@H](C(=O)N4CCSC4)C3)CC2)c2ccccc2n1,9.2518119729938,411.5750000000002,1.92862,1,6
10961285,CHEMBL2058971,IC50,=,0.37,nM,9.43,CHEMBL284,Dipeptidyl peptidase 4,O=C([C@@H]1C[C@H](N2CCN(c3cc(C(F)(F)F)nc4ccccc34)CC2)CN1)N1CCSC1,9.431798275933005,465.5450000000003,2.6390000000000002,1,6
10961286,CHEMBL2058972,IC50,=,0.61,nM,9.21,CHEMBL284,Dipeptidyl peptidase 4,O=C([C@@H]1C[C@H](N2CCN(c3ccnc4cc(Cl)ccc34)CC2)CN1)N1CCSC1,9.214670164989233,431.99300000000034,2.2736,1,6
10961287,CHEMBL2058759,IC50,=,1.6,nM,8.8,CHEMBL284,Dipeptidyl peptidase 4,O=C([C@@H]1C[C@H](N2CCN(c3ccnc4cc(C(F)(F)F)ccc34)CC2)CN1)N1CCSC1,8.795880017344075,465.5450000000003,2.6390000000000002,1,6
10961288,CHEMBL2058760,IC50,=,0.8,nM,9.1,CHEMBL284,Dipeptidyl peptidase 4,O=C([C@@H]1C[C@H](N2CCN(c3nc4ccccc4[nH]3)CC2)CN1)N1CCSC1,9.096910013008056,386.52500000000026,0.9483000000000004,2,6
10961289,CHEMBL2058761,IC50,=,0.59,nM,9.23,CHEMBL284,Dipeptidyl peptidase 4,O=C([C@@H]1C[C@H](N2CCN(c3nc4cc(Cl)ccc4[nH]3)CC2)CN1)N1CCSC1,9.229147988357855,420.9700000000003,1.6017,2,6
10961290,CHEMBL2058762,IC50,=,0.39,nM,9.41,CHEMBL284,Dipeptidyl peptidase 4,N#Cc1ccc2[nH]c(N3CCN([C@@H]4CN[C@H](C(=O)N5CCSC5)C4)CC3)nc2c1,9.4089353929735,411.53500000000025,0.8199799999999999,2,7
10961291,CHEMBL2058967,IC50,=,1.2,nM,8.92,CHEMBL284,Dipeptidyl peptidase 4,O=C([C@@H]1C[C@H](N2CCN(c3nc4ccccc4o3)CC2)CN1)N1CCSC1,8.920818753952375,387.50900000000024,1.2132,1,7
10961292,CHEMBL2058756,IC50,=,0.5,nM,9.3,CHEMBL284,Dipeptidyl peptidase 4,N#Cc1ccc2oc(N3CCN([C@@H]4CN[C@H](C(=O)N5CCSC5)C4)CC3)nc2c1,9.301029995663981,412.5190000000003,1.08488,1,8
10961293,CHEMBL2058757,IC50,=,0.55,nM,9.26,CHEMBL284,Dipeptidyl peptidase 4,O=C([C@@H]1C[C@H](N2CCN(c3nc4ccccc4s3)CC2)CN1)N1CCSC1,9.259637310505756,403.5770000000003,1.6816999999999998,1,7
10961294,CHEMBL2058758,IC50,=,0.42,nM,9.38,CHEMBL284,Dipeptidyl peptidase 4,N#Cc1ccc2sc(N3CCN([C@@H]4CN[C@H](C(=O)N5CCSC5)C4)CC3)nc2c1,9.3767507096021,428.5870000000003,1.5533799999999998,1,8
10982097,CHEMBL2063024,IC50,=,2.3,nM,8.64,CHEMBL284,Dipeptidyl peptidase 4,C[C@H](N)C(=O)N1C[C@@H](O)C[C@H]1B(O)O,8.638272163982407,202.019,-2.692599999999998,4,5
10982098,CHEMBL2063025,IC50,=,23.0,nM,7.64,CHEMBL284,Dipeptidyl peptidase 4,C[C@H](N)C(=O)N1C[C@H](O)C[C@H]1B(O)O,7.638272163982407,202.019,-2.692599999999998,4,5
10982099,CHEMBL2063026,IC50,=,2.1,nM,8.68,CHEMBL284,Dipeptidyl peptidase 4,C[C@H](N)C(=O)N1C[C@H](F)C[C@H]1B(O)O,8.67778070526608,204.01,-1.7153999999999994,3,4
10982100,CHEMBL2063027,IC50,=,200.0,nM,6.7,CHEMBL284,Dipeptidyl peptidase 4,C[C@H](N)C(=O)N1CC(=O)C[C@H]1B(O)O,6.698970004336019,200.00300000000001,-2.484399999999998,3,5
10982101,CHEMBL2063028,IC50,=,18000.0,nM,4.75,CHEMBL284,Dipeptidyl peptidase 4,C[C@H](N)C(=O)N1C[C@@H](Cl)C[C@H]1B(O)O,4.7447274948966935,220.465,-1.446099999999999,3,4
10982102,CHEMBL2063029,IC50,=,29.0,nM,7.54,CHEMBL284,Dipeptidyl peptidase 4,N[C@@H](CCC(=O)O)C(=O)N1C[C@@H](O)C[C@H]1B(O)O,7.5376020021010435,260.055,-2.847699999999997,5,6
10982103,CHEMBL2063030,IC50,=,17.0,nM,7.77,CHEMBL284,Dipeptidyl peptidase 4,N[C@@H](CCC(=O)O)C(=O)N1C[C@H](O)C[C@H]1B(O)O,7.769551078621726,260.055,-2.847699999999997,5,6
10982104,CHEMBL2063031,IC50,=,53.0,nM,7.28,CHEMBL284,Dipeptidyl peptidase 4,CC(C)(C)[C@H](N)C(=O)N1C[C@@H](O)C[C@H]1B(O)O,7.275724130399211,244.1,-1.6663999999999977,4,5
10982105,CHEMBL2063032,IC50,=,59.0,nM,7.23,CHEMBL284,Dipeptidyl peptidase 4,CC(C)(C)[C@H](N)C(=O)N1C[C@H](O)C[C@H]1B(O)O,7.229147988357855,244.1,-1.6663999999999977,4,5
10982106,CHEMBL2063033,IC50,=,6.2,nM,8.21,CHEMBL284,Dipeptidyl peptidase 4,O=C([C@@H]1CCCN1)N1C[C@@H](O)C[C@H]1B(O)O,8.207608310501746,228.05700000000004,-2.2877999999999976,4,5
10982107,CHEMBL2063034,IC50,=,6.5,nM,8.19,CHEMBL284,Dipeptidyl peptidase 4,O=C([C@@H]1CCCN1)N1C[C@H](O)C[C@H]1B(O)O,8.187086643357144,228.05700000000004,-2.2877999999999976,4,5
10982108,CHEMBL2063035,IC50,=,20.0,nM,7.7,CHEMBL284,Dipeptidyl peptidase 4,O=C([C@@H]1C[C@@H](O)CN1)N1C[C@@H](O)C[C@H]1B(O)O,7.698970004336019,244.056,-3.3169999999999975,5,6
10982109,CHEMBL2063036,IC50,=,48.0,nM,7.32,CHEMBL284,Dipeptidyl peptidase 4,O=C([C@@H]1C[C@@H](O)CN1)N1C[C@H](O)C[C@H]1B(O)O,7.318758762624412,244.056,-3.3169999999999975,5,6
10982110,CHEMBL2063037,IC50,=,15.0,nM,7.82,CHEMBL284,Dipeptidyl peptidase 4,O=C([C@@H]1C[C@H](O)CN1)N1C[C@@H](O)C[C@H]1B(O)O,7.823908740944319,244.056,-3.3169999999999975,5,6
10982111,CHEMBL2063038,IC50,=,16.0,nM,7.8,CHEMBL284,Dipeptidyl peptidase 4,O=C([C@@H]1C[C@H](O)CN1)N1C[C@H](O)C[C@H]1B(O)O,7.795880017344075,244.056,-3.3169999999999975,5,6
10982112,CHEMBL2063039,IC50,=,17.0,nM,7.77,CHEMBL284,Dipeptidyl peptidase 4,N[C@@H](CCCC(=O)O)C(=O)N1C[C@H](O)C[C@H]1B(O)O,7.769551078621726,274.082,-2.4575999999999976,5,6
10982113,CHEMBL2063040,IC50,=,0.3,nM,9.52,CHEMBL284,Dipeptidyl peptidase 4,N=C(N)NCCC[C@H](N)C(=O)N1C[C@@H](O)C[C@H]1B(O)O,9.522878745280337,287.129,-3.4492299999999974,7,6
10991390,CHEMBL2069828,IC50,=,85.7,nM,7.07,CHEMBL284,Dipeptidyl peptidase 4,N[C@@H](CC(=O)N1CCN(c2ccc([N+](=O)[O-])cc2)CC1)Cc1cc(F)c(F)cc1F,7.0670191780768015,422.4070000000002,2.620800000000001,1,5
10991391,CHEMBL2069829,IC50,=,194.0,nM,6.71,CHEMBL284,Dipeptidyl peptidase 4,N[C@@H](CC(=O)N1CCN(c2ccc([N+](=O)[O-])cc2F)CC1)Cc1cc(F)c(F)cc1F,6.7121982700697735,440.3970000000002,2.759900000000001,1,5
10991392,CHEMBL2069830,IC50,=,291.0,nM,6.54,CHEMBL284,Dipeptidyl peptidase 4,N[C@@H](CC(=O)N1CCN(c2ccc(F)cc2F)CC1)Cc1cc(F)c(F)cc1F,6.536107011014093,413.39000000000016,2.990800000000001,1,3
10991393,CHEMBL2069831,IC50,=,264.0,nM,6.58,CHEMBL284,Dipeptidyl peptidase 4,CC(O)c1ccc(N2CCN(C(=O)C[C@H](N)Cc3cc(F)c(F)cc3F)CC2)cc1,6.578396073130169,421.4630000000001,2.765900000000001,2,4
10991394,CHEMBL2069832,IC50,=,99.7,nM,7.0,CHEMBL284,Dipeptidyl peptidase 4,CC(=O)c1ccc(N2CCN(C(=O)C[C@H](N)Cc3cc(F)c(F)cc3F)CC2)cc1,7.001304841688344,419.44700000000006,2.9152000000000013,1,4
10991395,CHEMBL2069833,IC50,=,569.0,nM,6.25,CHEMBL284,Dipeptidyl peptidase 4,N[C@@H](CC(=O)N1CCN(c2ccccc2-c2ccccc2)CC1)Cc1cc(F)c(F)cc1F,6.244887733604929,453.50800000000027,4.3796000000000035,1,3
10991396,CHEMBL2069834,IC50,=,50.4,nM,7.3,CHEMBL284,Dipeptidyl peptidase 4,N#Cc1ccccc1N1CCN(C(=O)C[C@H](N)Cc2cc(F)c(F)cc2F)CC1,7.297569463554475,402.4200000000001,2.5842800000000006,1,4
10991397,CHEMBL2069835,IC50,=,101.0,nM,7.0,CHEMBL284,Dipeptidyl peptidase 4,N#Cc1ccc(N2CCN(C(=O)C[C@H](N)Cc3cc(F)c(F)cc3F)CC2)cc1,6.995678626217358,402.4200000000001,2.5842800000000006,1,4
10991398,CHEMBL2069836,IC50,=,103.0,nM,6.99,CHEMBL284,Dipeptidyl peptidase 4,COc1cc(CN2CCN(C(=O)C[C@H](N)Cc3cc(F)c(F)cc3F)CC2)cc(OC)c1,6.987162775294828,451.4890000000002,2.7254000000000005,1,5
10991399,CHEMBL2069837,IC50,=,212.0,nM,6.67,CHEMBL284,Dipeptidyl peptidase 4,N[C@@H](CC(=O)N1CCN(C(c2ccc(F)cc2)c2ccc(F)cc2)CC1)Cc1cc(F)c(F)cc1F,6.673664139071248,503.51500000000027,4.5758000000000045,1,3
10991400,CHEMBL2069838,IC50,=,52.6,nM,7.28,CHEMBL284,Dipeptidyl peptidase 4,N[C@@H](CC(=O)N1CCN(C(=O)c2ccccc2)CC1)Cc1cc(F)c(F)cc1F,7.279014255846261,405.4200000000002,2.3484000000000007,1,3
10991401,CHEMBL2069839,IC50,=,45.3,nM,7.34,CHEMBL284,Dipeptidyl peptidase 4,N[C@@H](CC(=O)N1CCN(C(=O)c2ccc(F)cc2)CC1)Cc1cc(F)c(F)cc1F,7.343901797987168,423.4100000000002,2.4875000000000007,1,3
10991402,CHEMBL2069840,IC50,=,39.0,nM,7.41,CHEMBL284,Dipeptidyl peptidase 4,N[C@@H](CC(=O)N1CCN(C(=O)c2ccc(O)cc2)CC1)Cc1cc(F)c(F)cc1F,7.4089353929735005,421.4190000000002,2.0540000000000003,2,4
10991403,CHEMBL2069841,IC50,=,64.6,nM,7.19,CHEMBL284,Dipeptidyl peptidase 4,N[C@@H](CC(=O)N1CCN(C(=O)c2ccc(OC(F)(F)F)cc2)CC1)Cc1cc(F)c(F)cc1F,7.189767482004916,489.4160000000002,3.2470000000000026,1,4
10991404,CHEMBL2069842,IC50,=,56.4,nM,7.25,CHEMBL284,Dipeptidyl peptidase 4,N[C@@H](CC(=O)N1CCN(C(=O)c2ccc(C(F)(F)F)cc2)CC1)Cc1cc(F)c(F)cc1F,7.248720896016658,473.4170000000002,3.367200000000003,1,3
10991405,CHEMBL2069843,IC50,=,45.3,nM,7.34,CHEMBL284,Dipeptidyl peptidase 4,N[C@@H](CC(=O)N1CCN(C(=O)c2ccc(S(N)(=O)=O)cc2)CC1)Cc1cc(F)c(F)cc1F,7.343901797987168,484.5000000000003,0.9958000000000004,2,5
10991406,CHEMBL2069844,IC50,=,53.4,nM,7.27,CHEMBL284,Dipeptidyl peptidase 4,N[C@@H](CC(=O)N1CCN(C(=O)c2ccc(C(=O)O)cc2)CC1)Cc1cc(F)c(F)cc1F,7.272458742971444,449.4290000000002,2.0466000000000006,2,4
10991407,CHEMBL2069845,IC50,=,56.9,nM,7.25,CHEMBL284,Dipeptidyl peptidase 4,N[C@@H](CC(=O)N1CCN(C(=O)c2cccc(C(=O)O)c2)CC1)Cc1cc(F)c(F)cc1F,7.244887733604929,449.4290000000002,2.0466000000000006,2,4
10991408,CHEMBL2069846,IC50,=,47.7,nM,7.32,CHEMBL284,Dipeptidyl peptidase 4,CN1CCN(c2ccc(C(=O)N3CCN(C(=O)C[C@H](N)Cc4cc(F)c(F)cc4F)CC3)cc2)CC1,7.321481620959886,503.56900000000024,2.1002,1,5
10991409,CHEMBL2069847,IC50,=,67.7,nM,7.17,CHEMBL284,Dipeptidyl peptidase 4,N[C@@H](CC(=O)N1CCN(C(=O)c2ccco2)CC1)Cc1cc(F)c(F)cc1F,7.169411331314856,395.3810000000001,1.9414000000000007,1,4
10991410,CHEMBL2069848,IC50,=,24.9,nM,7.6,CHEMBL284,Dipeptidyl peptidase 4,N[C@@H](CC(=O)N1CCN(C(=O)c2ccc3ccccc3n2)CC1)Cc1cc(F)c(F)cc1F,7.603800652904264,456.46800000000025,2.896600000000002,1,4
10991411,CHEMBL2069849,IC50,=,65.4,nM,7.18,CHEMBL284,Dipeptidyl peptidase 4,COc1cccc2cc(C(=O)N3CCN(C(=O)C[C@H](N)Cc4cc(F)c(F)cc4F)CC3)oc12,7.184422251675732,475.4670000000002,3.103200000000002,1,5
10991412,CHEMBL2069850,IC50,=,57.6,nM,7.24,CHEMBL284,Dipeptidyl peptidase 4,N[C@@H](CC(=O)N1CCN(C(=O)c2ccccn2)CC1)Cc1cc(F)c(F)cc1F,7.239577516576788,406.4080000000002,1.7434000000000005,1,4
10991413,CHEMBL2069851,IC50,=,74.4,nM,7.13,CHEMBL284,Dipeptidyl peptidase 4,N[C@@H](CC(=O)N1CCN(C(=O)c2cnccn2)CC1)Cc1cc(F)c(F)cc1F,7.128427064454121,407.3960000000002,1.1384000000000003,1,5
10991414,CHEMBL2069852,IC50,=,91.5,nM,7.04,CHEMBL284,Dipeptidyl peptidase 4,N[C@@H](CC(=O)N1CCN(C(=O)c2ccc(O)nc2)CC1)Cc1cc(F)c(F)cc1F,7.0385789059335515,422.4070000000002,1.4490000000000003,2,5
10991415,CHEMBL2069853,IC50,=,31.2,nM,7.51,CHEMBL284,Dipeptidyl peptidase 4,N[C@@H](CC(=O)N1CCN(C(=O)c2cc(O)c3cccc(O)c3n2)CC1)Cc1cc(F)c(F)cc1F,7.505845405981558,488.4660000000003,2.3078000000000003,3,6
10991416,CHEMBL2069854,IC50,=,50.6,nM,7.3,CHEMBL284,Dipeptidyl peptidase 4,N[C@@H](CC(=O)N1CCN(C(=O)c2cc3ccccc3s2)CC1)Cc1cc(F)c(F)cc1F,7.295849483160201,461.50900000000024,3.563100000000003,1,4
10991417,CHEMBL2069855,IC50,=,33.9,nM,7.47,CHEMBL284,Dipeptidyl peptidase 4,Cn1c(C(=O)N2CCN(C(=O)C[C@H](N)Cc3cc(F)c(F)cc3F)CC2)cc2ccccc21,7.4698003017969175,458.48400000000015,2.8401000000000005,1,3
10991418,CHEMBL2069856,IC50,=,76.2,nM,7.12,CHEMBL284,Dipeptidyl peptidase 4,N[C@@H](CC(=O)N1CCN(C(=O)c2cc3ccccc3o2)CC1)Cc1cc(F)c(F)cc1F,7.1180450286604,445.44100000000026,3.0946000000000016,1,4
10991419,CHEMBL2069308,IC50,=,36.7,nM,7.43,CHEMBL284,Dipeptidyl peptidase 4,N[C@@H](CC(=O)N1CCN(C(=O)c2ccc3cccnc3n2)CC1)Cc1cc(F)c(F)cc1F,7.43533393574791,457.45600000000024,2.2916,1,5
10991420,CHEMBL2069857,IC50,=,42.2,nM,7.38,CHEMBL284,Dipeptidyl peptidase 4,N[C@@H](CC(=O)N1CCN(C(=O)c2cc(Cl)ccn2)CC1)Cc1cc(F)c(F)cc1F,7.374687549038326,440.85300000000024,2.3968000000000007,1,4
10991421,CHEMBL2069858,IC50,=,30.5,nM,7.52,CHEMBL284,Dipeptidyl peptidase 4,N[C@@H](CC(=O)N1CCN(C(=O)c2cccc(-c3ccc(F)cc3)n2)CC1)Cc1cc(F)c(F)cc1F,7.515700160653214,500.49600000000027,3.5495000000000028,1,4
10991422,CHEMBL2069859,IC50,=,113.9,nM,6.94,CHEMBL284,Dipeptidyl peptidase 4,N[C@@H](CC(=O)N1CCN(C(=O)c2cccc(F)n2)CC1)Cc1cc(F)c(F)cc1F,6.9434762759209,424.3980000000002,1.8825000000000003,1,4
10991423,CHEMBL2069860,IC50,=,57.4,nM,7.24,CHEMBL284,Dipeptidyl peptidase 4,N[C@@H](CC(=O)N1CCN(C(=O)c2ncc(F)cc2F)CC1)Cc1cc(F)c(F)cc1F,7.241088107602026,442.3880000000002,2.0216000000000003,1,4
11014676,CHEMBL2086587,IC50,=,320.0,nM,6.5,CHEMBL284,Dipeptidyl peptidase 4,NC(=O)[C@@H]1CCCN1C(=O)CCNC(=O)c1ccccc1,6.494850021680094,289.335,0.2828,2,3
11014677,CHEMBL2086588,IC50,=,890.0,nM,6.05,CHEMBL284,Dipeptidyl peptidase 4,COc1ccc(C(=O)NCCC(=O)N2CCC[C@H]2C(N)=O)cc1,6.050609993355087,319.361,0.2914000000000009,2,4
11014678,CHEMBL2086589,IC50,=,863.0,nM,6.06,CHEMBL284,Dipeptidyl peptidase 4,NC(=O)[C@@H]1CCCN1C(=O)CCNC(=O)c1ccc(O)cc1,6.06398920428479,305.334,-0.011600000000000166,3,4
11014679,CHEMBL2086590,IC50,=,93.0,nM,7.03,CHEMBL284,Dipeptidyl peptidase 4,NC(=O)[C@@H]1CCCN1C(=O)CCNC(=O)c1ccc(F)cc1,7.031517051446065,307.325,0.4218999999999998,2,3
11014680,CHEMBL2086591,IC50,=,31.0,nM,7.51,CHEMBL284,Dipeptidyl peptidase 4,N#Cc1ccc(C(=O)NCCC(=O)N2CCC[C@H]2C(N)=O)cc1,7.508638306165727,314.34499999999997,0.15448000000000028,2,4
11014681,CHEMBL2086592,IC50,=,28.0,nM,7.55,CHEMBL284,Dipeptidyl peptidase 4,NC(=O)[C@@H]1CCCN1C(=O)CCNC(=O)c1ccc(C(F)(F)F)cc1,7.552841968657781,357.332,1.3015999999999994,2,3
11014682,CHEMBL2086593,IC50,=,715.0,nM,6.15,CHEMBL284,Dipeptidyl peptidase 4,Cc1ccc(C(=O)NCCC(=O)N2CCC[C@H]2C(N)=O)cc1,6.145693958198919,303.362,0.5912200000000009,2,3
11014683,CHEMBL2086594,IC50,=,107.0,nM,6.97,CHEMBL284,Dipeptidyl peptidase 4,NC(=O)[C@@H]1CCCN1C(=O)CCNC(=O)c1ccc(-c2ccccc2)cc1,6.97061622231479,365.43300000000005,1.9497999999999993,2,3
11014684,CHEMBL2086595,IC50,=,298.0,nM,6.53,CHEMBL284,Dipeptidyl peptidase 4,NC(=O)[C@@H]1CCCN1C(=O)CCCNC(=O)c1ccccc1,6.525783735923745,303.36199999999997,0.6728999999999998,2,3
11014685,CHEMBL2086596,IC50,=,869.0,nM,6.06,CHEMBL284,Dipeptidyl peptidase 4,COc1ccc(C(=O)NCCCC(=O)N2CCC[C@H]2C(N)=O)cc1,6.060980223551334,333.388,0.6815000000000005,2,4
11014686,CHEMBL2086597,IC50,=,843.0,nM,6.07,CHEMBL284,Dipeptidyl peptidase 4,NC(=O)[C@@H]1CCCN1C(=O)CCCNC(=O)c1ccc(O)cc1,6.074172425375258,319.361,0.3784999999999997,3,4
11014687,CHEMBL2086598,IC50,=,74.0,nM,7.13,CHEMBL284,Dipeptidyl peptidase 4,NC(=O)[C@@H]1CCCN1C(=O)CCCNC(=O)c1ccc(F)cc1,7.130768280269024,321.352,0.8119999999999994,2,3
11014688,CHEMBL2086599,IC50,=,26.0,nM,7.58,CHEMBL284,Dipeptidyl peptidase 4,N#Cc1ccc(C(=O)NCCCC(=O)N2CCC[C@H]2C(N)=O)cc1,7.585026652029182,328.37199999999996,0.54458,2,4
11014689,CHEMBL2086600,IC50,=,19.0,nM,7.72,CHEMBL284,Dipeptidyl peptidase 4,NC(=O)[C@@H]1CCCN1C(=O)CCCNC(=O)c1ccc(C(F)(F)F)cc1,7.721246399047171,371.359,1.6916999999999993,2,3
11014690,CHEMBL2086601,IC50,=,694.0,nM,6.16,CHEMBL284,Dipeptidyl peptidase 4,Cc1ccc(C(=O)NCCCC(=O)N2CCC[C@H]2C(N)=O)cc1,6.158640529545145,317.389,0.9813199999999997,2,3
11014691,CHEMBL2086602,IC50,=,104.0,nM,6.98,CHEMBL284,Dipeptidyl peptidase 4,NC(=O)[C@@H]1CCCN1C(=O)CCCNC(=O)c1ccc(-c2ccccc2)cc1,6.982966660701219,379.46000000000004,2.339899999999999,2,3
11014692,CHEMBL2086603,IC50,=,311.0,nM,6.51,CHEMBL284,Dipeptidyl peptidase 4,NC(=O)[C@@H]1CCCN1C(=O)c1ccc(NC(=O)c2ccccc2)cc1,6.507239610973162,337.379,2.0287999999999995,2,3
11014693,CHEMBL2086604,IC50,=,879.0,nM,6.06,CHEMBL284,Dipeptidyl peptidase 4,COc1ccc(C(=O)Nc2ccc(C(=O)N3CCC[C@H]3C(N)=O)cc2)cc1,6.056011124926228,367.4050000000001,2.0374,2,4
11014694,CHEMBL2086605,IC50,=,863.0,nM,6.06,CHEMBL284,Dipeptidyl peptidase 4,NC(=O)[C@@H]1CCCN1C(=O)c1ccc(NC(=O)c2ccc(O)cc2)cc1,6.06398920428479,353.37800000000004,1.7343999999999995,3,4
11014695,CHEMBL2086606,IC50,=,100.0,nM,7.0,CHEMBL284,Dipeptidyl peptidase 4,NC(=O)[C@@H]1CCCN1C(=O)c1ccc(NC(=O)c2ccc(F)cc2)cc1,7.0,355.369,2.1678999999999995,2,3
11014696,CHEMBL2086607,IC50,=,34.0,nM,7.47,CHEMBL284,Dipeptidyl peptidase 4,N#Cc1ccc(C(=O)Nc2ccc(C(=O)N3CCC[C@H]3C(N)=O)cc2)cc1,7.468521082957745,362.389,1.90048,2,4
11014697,CHEMBL2086608,IC50,=,31.0,nM,7.51,CHEMBL284,Dipeptidyl peptidase 4,NC(=O)[C@@H]1CCCN1C(=O)c1ccc(NC(=O)c2ccc(C(F)(F)F)cc2)cc1,7.508638306165727,405.37600000000003,3.047600000000001,2,3
11014698,CHEMBL2086609,IC50,=,723.0,nM,6.14,CHEMBL284,Dipeptidyl peptidase 4,Cc1ccc(C(=O)Nc2ccc(C(=O)N3CCC[C@H]3C(N)=O)cc2)cc1,6.140861702705469,351.40600000000006,2.3372200000000003,2,3
11014699,CHEMBL2086610,IC50,=,116.0,nM,6.94,CHEMBL284,Dipeptidyl peptidase 4,NC(=O)[C@@H]1CCCN1C(=O)c1ccc(NC(=O)c2ccc(-c3ccccc3)cc2)cc1,6.935542010773082,413.4770000000001,3.695800000000002,2,3
11014700,CHEMBL2086611,IC50,=,10.3,nM,7.99,CHEMBL284,Dipeptidyl peptidase 4,N#Cc1ccc(C(=O)NCCC(=O)N2CCC[C@H]2C#N)cc1,7.987162775294828,296.3299999999999,1.19276,1,4
11014701,CHEMBL2086612,IC50,=,13.2,nM,7.88,CHEMBL284,Dipeptidyl peptidase 4,N#C[C@@H]1CCCN1C(=O)CCNC(=O)c1ccc(C(F)(F)F)cc1,7.87942606879415,339.317,2.33988,1,3
11014702,CHEMBL2086613,IC50,=,2.3,nM,8.64,CHEMBL284,Dipeptidyl peptidase 4,N#Cc1ccc(C(=O)NCCCC(=O)N2CCC[C@H]2C#N)cc1,8.638272163982407,310.3569999999999,1.58286,1,4
11014703,CHEMBL2086614,IC50,=,3.8,nM,8.42,CHEMBL284,Dipeptidyl peptidase 4,N#C[C@@H]1CCCN1C(=O)CCCNC(=O)c1ccc(C(F)(F)F)cc1,8.42021640338319,353.344,2.7299800000000003,1,3
11014704,CHEMBL2086615,IC50,=,11.6,nM,7.94,CHEMBL284,Dipeptidyl peptidase 4,N#Cc1ccc(C(=O)Nc2ccc(C(=O)N3CCC[C@H]3C#N)cc2)cc1,7.935542010773082,344.37399999999997,2.938760000000001,1,4
11014705,CHEMBL2086616,IC50,=,14.3,nM,7.84,CHEMBL284,Dipeptidyl peptidase 4,N#C[C@@H]1CCCN1C(=O)c1ccc(NC(=O)c2ccc(C(F)(F)F)cc2)cc1,7.844663962534938,387.36100000000005,4.085880000000003,1,3
12034795,CHEMBL2147702,IC50,=,4.5,nM,8.35,CHEMBL284,Dipeptidyl peptidase 4,O=C([C@@H]1C[C@H](N2CCN(c3nc(-c4ccccc4)cs3)CC2)CN1)N1CCSC1,8.346787486224656,429.6150000000003,2.1955,1,7
12034796,CHEMBL2147703,IC50,=,0.26,nM,9.59,CHEMBL284,Dipeptidyl peptidase 4,O=C([C@@H]1C[C@H](N2CCN(c3nccn3-c3ccccc3)CC2)CN1)N1CCSC1,9.585026652029182,412.56300000000033,1.2576999999999996,1,6
12034797,CHEMBL2147704,IC50,=,0.2,nM,9.7,CHEMBL284,Dipeptidyl peptidase 4,O=C([C@@H]1C[C@H](N2CCN(c3nnnn3-c3ccccc3)CC2)CN1)N1CCSC1,9.698970004336019,414.5390000000003,0.04770000000000185,1,8
12034798,CHEMBL2147705,IC50,=,4.0,nM,8.4,CHEMBL284,Dipeptidyl peptidase 4,O=C([C@@H]1C[C@H](N2CCC(c3nnnn3-c3ccccc3)CC2)CN1)N1CCSC1,8.397940008672037,413.5510000000003,1.1051000000000002,1,7
12034799,CHEMBL2147706,IC50,=,4.3,nM,8.37,CHEMBL284,Dipeptidyl peptidase 4,O=C([C@@H]1C[C@H](N2CCN(c3nnnn3C3CCCCC3)CC2)CN1)N1CCSC1,8.366531544420413,420.58700000000033,0.5637000000000016,1,8
12034800,CHEMBL2147707,IC50,=,0.94,nM,9.03,CHEMBL284,Dipeptidyl peptidase 4,O=C([C@@H]1C[C@H](N2CCN(c3ccnn3-c3ccccc3)CC2)CN1)N1CCSC1,9.0268721464003,412.56300000000033,1.2576999999999996,1,6
12034802,CHEMBL2147709,IC50,=,0.32,nM,9.49,CHEMBL284,Dipeptidyl peptidase 4,O=C([C@@H]1C[C@H](N2CCN(c3cc(C(F)(F)F)nn3-c3ccccc3)CC2)CN1)N1CCSC1,9.494850021680094,480.5600000000003,2.2765000000000004,1,6
12034803,CHEMBL2147710,IC50,=,5.6,nM,8.25,CHEMBL284,Dipeptidyl peptidase 4,O=C([C@@H]1C[C@H](N2CCC(c3cc(C(F)(F)F)nn3-c3ccccc3)CC2)CN1)N1CCSC1,8.2518119729938,479.5720000000003,3.3339000000000016,1,5
12034804,CHEMBL2147711,IC50,=,2.9,nM,8.54,CHEMBL284,Dipeptidyl peptidase 4,Cc1cc(N2CCN([C@@H]3CN[C@H](C(=O)N4CCSC4)C3)CC2)n(-c2ccc(F)cc2)n1,8.537602002101044,444.5800000000002,1.7052199999999997,1,6
12034805,CHEMBL2147712,IC50,=,0.3,nM,9.52,CHEMBL284,Dipeptidyl peptidase 4,Cc1cc(N2CCN([C@@H]3CN[C@H](C(=O)N4CCSC4)C3)CC2)n(-c2cccc(F)c2)n1,9.522878745280337,444.5800000000002,1.70522,1,6
12034806,CHEMBL2147713,IC50,=,0.85,nM,9.07,CHEMBL284,Dipeptidyl peptidase 4,Cc1cc(N2CCN([C@@H]3CN[C@H](C(=O)N4CCSC4)C3)CC2)n(-c2ccccc2F)n1,9.070581074285707,444.5800000000002,1.7052200000000002,1,6
12034807,CHEMBL2147714,IC50,=,3.4,nM,8.47,CHEMBL284,Dipeptidyl peptidase 4,Cc1cc(N2CCN([C@@H]3CN[C@H](C(=O)N4CCSC4)C3)CC2)n(-c2ccc(Cl)cc2)n1,8.468521082957745,461.03500000000025,2.21952,1,6
12034808,CHEMBL2147715,IC50,=,12.0,nM,7.92,CHEMBL284,Dipeptidyl peptidase 4,Cc1cc(N2CCN([C@@H]3CN[C@H](C(=O)N4CCSC4)C3)CC2)n(-c2ccc(C#N)cc2)n1,7.920818753952375,451.60000000000025,1.4378000000000004,1,7
12034809,CHEMBL2147772,IC50,=,5.0,nM,8.3,CHEMBL284,Dipeptidyl peptidase 4,Cc1cc(N2CCN([C@@H]3CN[C@H](C(=O)N4CCSC4)C3)CC2)n(-c2ccncc2)n1,8.301029995663981,427.5780000000002,0.9611200000000013,1,7
12034810,CHEMBL2147773,IC50,=,0.62,nM,9.21,CHEMBL284,Dipeptidyl peptidase 4,Cc1cc(N2CCN([C@@H]3CN[C@H](C(=O)N4CCSC4)C3)CC2)n(-c2cccnc2)n1,9.207608310501746,427.5780000000002,0.9611200000000013,1,7
12034811,CHEMBL2147771,IC50,=,0.63,nM,9.2,CHEMBL284,Dipeptidyl peptidase 4,Cc1cc(N2CCN([C@@H]3CN[C@H](C(=O)N4CCSC4)C3)CC2)n(-c2ccccn2)n1,9.200659450546418,427.5780000000002,0.9611200000000013,1,7
12034812,CHEMBL2147774,IC50,=,15.0,nM,7.82,CHEMBL284,Dipeptidyl peptidase 4,Cc1cc(N2CCN([C@@H]3CN[C@H](C(=O)N4CCSC4)C3)CC2)n(-c2ccc(C#N)cn2)n1,7.823908740944319,452.58800000000025,0.8328000000000011,1,8
12034813,CHEMBL2147775,IC50,=,6.3,nM,8.2,CHEMBL284,Dipeptidyl peptidase 4,Cc1cc(N2CCN([C@H]3CN[C@H](C(=O)N4CCSC4)C3)CC2)n(-c2ccccc2)n1,8.200659450546418,426.5900000000002,1.5661200000000006,1,6
12034816,CHEMBL2147776,IC50,>,1000.0,nM,,CHEMBL284,Dipeptidyl peptidase 4,Cc1cc(N2CCN([C@H]3CN[C@@H](C(=O)N4CCSC4)C3)CC2)n(-c2ccccc2)n1,6.0,426.5900000000002,1.5661200000000006,1,6
12035240,CHEMBL2147777,IC50,=,0.37,nM,9.43,CHEMBL284,Dipeptidyl peptidase 4,Cc1cc(N2CCN([C@@H]3CN[C@H](C(=O)N4CCSC4)C3)CC2)n(-c2ccccc2)n1,9.431798275933005,426.5900000000002,1.5661200000000006,1,6
12044045,CHEMBL2147070,IC50,=,0.48,nM,9.32,CHEMBL284,Dipeptidyl peptidase 4,Cl.Cn1c(=O)c2c(nc(N3CCC[C@@H](N)C3)n2Cc2cc(F)ccc2Cl)c2ccc(C(=O)O)cc21,9.318758762624412,520.3920000000002,3.776500000000002,2,5
12044073,CHEMBL2147057,IC50,=,418.0,nM,6.38,CHEMBL284,Dipeptidyl peptidase 4,Cl.N[C@@H]1CCCN(c2nc3c4ccccc4[nH]c(=O)c3n2Cc2ccccc2Cl)C1,6.3788237182249645,444.3660000000002,3.9288000000000025,2,4
12044074,CHEMBL2147087,IC50,=,103.0,nM,6.99,CHEMBL284,Dipeptidyl peptidase 4,Cl.Cn1c(=O)c2c(nc(N3CCC[C@@H](N)C3)n2Cc2ccccc2Cl)c2ccccc21,6.987162775294828,458.39300000000014,3.9392000000000023,1,4
12044075,CHEMBL2147184,IC50,=,400.0,nM,6.4,CHEMBL284,Dipeptidyl peptidase 4,CCn1c(=O)c2c(nc(N3CCC[C@@H](N)C3)n2Cc2ccccc2Cl)c2ccccc21.Cl,6.3979400086720375,472.42,4.422100000000004,1,4
12044076,CHEMBL2147185,IC50,=,3400.0,nM,5.47,CHEMBL284,Dipeptidyl peptidase 4,CCCn1c(=O)c2c(nc(N3CCC[C@@H](N)C3)n2Cc2ccccc2Cl)c2ccccc21.Cl,5.468521082957745,486.44700000000006,4.812200000000004,1,4
12044077,CHEMBL2147186,IC50,>,10000.0,nM,,CHEMBL284,Dipeptidyl peptidase 4,Cl.N[C@@H]1CCCN(c2nc3c4ccccc4n(Cc4ccccc4)c(=O)c3n2Cc2ccccc2Cl)C1,5.0,534.4910000000002,5.450500000000004,1,4
12044078,CHEMBL2147187,IC50,=,660.0,nM,6.18,CHEMBL284,Dipeptidyl peptidase 4,COc1cccc2c3nc(N4CCC[C@@H](N)C4)n(Cc4ccccc4Cl)c3c(=O)n(C)c12.Cl,6.180456064458132,488.41900000000015,3.947800000000002,1,5
12044079,CHEMBL2147188,IC50,=,271.0,nM,6.57,CHEMBL284,Dipeptidyl peptidase 4,COC(=O)c1cccc2c3nc(N4CCC[C@@H](N)C4)n(Cc4ccccc4Cl)c3c(=O)n(C)c12.Cl,6.567030709125595,516.4290000000003,3.7258000000000018,1,6
12044080,CHEMBL2147189,IC50,=,72.0,nM,7.14,CHEMBL284,Dipeptidyl peptidase 4,Cl.Cn1c(=O)c2c(nc(N3CCC[C@@H](N)C3)n2Cc2ccccc2Cl)c2cccc(C(=O)O)c21,7.142667503568732,502.4020000000002,3.6374000000000013,2,5
12044081,CHEMBL2147190,IC50,=,66.0,nM,7.18,CHEMBL284,Dipeptidyl peptidase 4,Cl.Cn1c(=O)c2c(nc(N3CCC[C@@H](N)C3)n2Cc2ccccc2Cl)c2ccc(F)cc21,7.180456064458132,476.38300000000015,4.078300000000002,1,4
12044082,CHEMBL2147191,IC50,=,72.0,nM,7.14,CHEMBL284,Dipeptidyl peptidase 4,Cl.Cn1c(=O)c2c(nc(N3CCC[C@@H](N)C3)n2Cc2ccccc2Cl)c2ccc(-c3ccccc3)cc21,7.142667503568732,534.4910000000002,5.606200000000005,1,4
12044083,CHEMBL2147192,IC50,=,340.0,nM,6.47,CHEMBL284,Dipeptidyl peptidase 4,Cc1ccc2c3nc(N4CCC[C@@H](N)C4)n(Cc4ccccc4Cl)c3c(=O)n(C)c2c1,6.468521082957745,435.9590000000001,3.825820000000002,1,4
12044084,CHEMBL2147193,IC50,=,66.0,nM,7.18,CHEMBL284,Dipeptidyl peptidase 4,COc1ccc2c3nc(N4CCC[C@@H](N)C4)n(Cc4ccccc4Cl)c3c(=O)n(C)c2c1.Cl,7.180456064458132,488.41900000000015,3.947800000000003,1,5
12044085,CHEMBL2147194,IC50,=,17.0,nM,7.77,CHEMBL284,Dipeptidyl peptidase 4,COCc1ccc2c3nc(N4CCC[C@@H](N)C4)n(Cc4ccccc4Cl)c3c(=O)n(C)c2c1.Cl,7.769551078621726,502.4460000000002,4.085600000000003,1,5
12044086,CHEMBL2147183,IC50,=,22.0,nM,7.66,CHEMBL284,Dipeptidyl peptidase 4,Cn1c(=O)c2c(nc(N3CCC[C@@H](N)C3)n2Cc2ccccc2Cl)c2ccc(CO)cc21,7.657577319177793,451.9580000000001,3.0097000000000014,2,5
12044087,CHEMBL2147195,IC50,=,16.0,nM,7.8,CHEMBL284,Dipeptidyl peptidase 4,COC(=O)c1ccc2c3nc(N4CCC[C@@H](N)C4)n(Cc4ccccc4Cl)c3c(=O)n(C)c2c1.Cl,7.795880017344075,516.4290000000002,3.7258000000000018,1,6
12044088,CHEMBL2147196,IC50,=,12.0,nM,7.92,CHEMBL284,Dipeptidyl peptidase 4,Cl.Cn1c(=O)c2c(nc(N3CCC[C@@H](N)C3)n2Cc2ccccc2Cl)c2ccc(C(N)=O)cc21,7.920818753952375,501.41800000000023,3.0381,2,5
12044089,CHEMBL2147071,IC50,=,10.0,nM,8.0,CHEMBL284,Dipeptidyl peptidase 4,CN(C)C(=O)c1ccc2c3nc(N4CCC[C@@H](N)C4)n(Cc4ccccc4Cl)c3c(=O)n(C)c2c1.Cl,8.0,529.4720000000003,3.6410000000000013,1,5
12044090,CHEMBL2147072,IC50,=,6.3,nM,8.2,CHEMBL284,Dipeptidyl peptidase 4,Cn1c(=O)c2c(nc(N3CCC[C@@H](N)C3)n2Cc2ccccc2Cl)c2ccc(C#N)cc21,8.200659450546418,446.94200000000006,3.3890800000000016,1,5
12044091,CHEMBL2147073,IC50,=,1.6,nM,8.8,CHEMBL284,Dipeptidyl peptidase 4,Cl.Cn1c(=O)c2c(nc(N3CCC[C@@H](N)C3)n2Cc2ccccc2Cl)c2ccc(C(=O)O)cc21,8.795880017344075,502.4020000000002,3.6374000000000013,2,5
12044092,CHEMBL2147074,IC50,=,3.8,nM,8.42,CHEMBL284,Dipeptidyl peptidase 4,Cl.Cn1c(=O)c2c(nc(N3CCC[C@@H](N)C3)n2Cc2ccccc2Cl)c2ccc(CC(=O)O)cc21,8.42021640338319,516.4290000000002,3.566300000000002,2,5
12044093,CHEMBL2147075,IC50,=,90.0,nM,7.05,CHEMBL284,Dipeptidyl peptidase 4,COc1ccc2c(c1)c1nc(N3CCC[C@@H](N)C3)n(Cc3ccccc3Cl)c1c(=O)n2C.Cl,7.045757490560675,488.41900000000004,3.947800000000002,1,5
12044094,CHEMBL2147076,IC50,=,94.0,nM,7.03,CHEMBL284,Dipeptidyl peptidase 4,Cc1ccc2c(c1)c1nc(N3CCC[C@@H](N)C3)n(Cc3ccccc3Cl)c1c(=O)n2C.Cl,7.026872146400302,472.42,4.247620000000003,1,4
12044095,CHEMBL2147077,IC50,=,56.0,nM,7.25,CHEMBL284,Dipeptidyl peptidase 4,Cl.Cn1c(=O)c2c(nc(N3CCC[C@@H](N)C3)n2Cc2ccccc2Cl)c2cc(F)ccc21,7.251811972993799,476.38300000000015,4.078300000000002,1,4
12044096,CHEMBL2147078,IC50,=,60.0,nM,7.22,CHEMBL284,Dipeptidyl peptidase 4,Cl.Cn1c(=O)c2c(nc(N3CCC[C@@H](N)C3)n2Cc2ccccc2Cl)c2cc(OC(F)F)ccc21,7.221848749616356,524.3990000000001,4.540600000000003,1,5
12044097,CHEMBL2147079,IC50,=,21.0,nM,7.68,CHEMBL284,Dipeptidyl peptidase 4,COC(=O)c1ccc2c(c1)c1nc(N3CCC[C@@H](N)C3)n(Cc3ccccc3Cl)c1c(=O)n2C.Cl,7.6777807052660805,516.4290000000002,3.7258000000000018,1,6
12044098,CHEMBL2147080,IC50,=,14.0,nM,7.85,CHEMBL284,Dipeptidyl peptidase 4,Cl.Cn1c(=O)c2c(nc(N3CCC[C@@H](N)C3)n2Cc2ccccc2Cl)c2cc(C(N)=O)ccc21,7.853871964321762,501.41800000000023,3.0381,2,5
12044099,CHEMBL2147081,IC50,=,13.0,nM,7.89,CHEMBL284,Dipeptidyl peptidase 4,CN(C)C(=O)c1ccc2c(c1)c1nc(N3CCC[C@@H](N)C3)n(Cc3ccccc3Cl)c1c(=O)n2C.Cl,7.886056647693163,529.4720000000002,3.6410000000000022,1,5
12044100,CHEMBL2147082,IC50,=,5.8,nM,8.24,CHEMBL284,Dipeptidyl peptidase 4,Cl.Cn1c(=O)c2c(nc(N3CCC[C@@H](N)C3)n2Cc2ccccc2Cl)c2cc(C(=O)O)ccc21,8.236572006437063,502.4020000000002,3.6374000000000013,2,5
12044101,CHEMBL2147083,IC50,=,3.5,nM,8.46,CHEMBL284,Dipeptidyl peptidase 4,Cl.Cn1c(=O)c2c(nc(N3CCC[C@@H](N)C3)n2Cc2ccccc2Cl)c2cc(CC(=O)O)ccc21,8.455931955649724,516.4290000000002,3.566300000000002,2,5
12044102,CHEMBL2147084,IC50,=,54.0,nM,7.27,CHEMBL284,Dipeptidyl peptidase 4,Cl.Cn1c(=O)c2c(nc(N3CCC[C@@H](N)C3)n2Cc2ccccc2Cl)c2c(C(=O)O)cccc21,7.267606240177032,502.4020000000002,3.6374000000000013,2,5
12044103,CHEMBL2147085,IC50,=,17.0,nM,7.77,CHEMBL284,Dipeptidyl peptidase 4,Cl.Cn1c(=O)c2c(nc(N3CCC[C@@H](N)C3)n2Cc2ccccc2Cl)c2c(CC(=O)O)cccc21,7.769551078621726,516.4290000000002,3.566300000000002,2,5
12044104,CHEMBL2147086,IC50,=,64.0,nM,7.19,CHEMBL284,Dipeptidyl peptidase 4,Cl.Cn1c(=O)c2c(nc(N3CCC[C@@H](N)C3)n2Cc2ccccc2)c2cc(C(=O)O)ccc21,7.1938200260161125,467.95700000000016,2.984000000000001,2,5
12044105,CHEMBL2147058,IC50,=,11.0,nM,7.96,CHEMBL284,Dipeptidyl peptidase 4,Cc1ccccc1Cn1c(N2CCC[C@@H](N)C2)nc2c3cc(C(=O)O)ccc3n(C)c(=O)c21.Cl,7.958607314841775,481.9840000000002,3.2924200000000012,2,5
12044106,CHEMBL2147059,IC50,=,38.0,nM,7.42,CHEMBL284,Dipeptidyl peptidase 4,COc1ccccc1Cn1c(N2CCC[C@@H](N)C2)nc2c3cc(C(=O)O)ccc3n(C)c(=O)c21.Cl,7.42021640338319,497.9830000000001,2.992600000000001,2,6
12044107,CHEMBL2147060,IC50,=,160.0,nM,6.8,CHEMBL284,Dipeptidyl peptidase 4,Cl.Cn1c(=O)c2c(nc(N3CCC[C@@H](N)C3)n2Cc2ccccc2F)c2cc(C(=O)O)ccc21,6.795880017344075,485.9470000000002,3.123100000000001,2,5
12044108,CHEMBL2147049,IC50,=,110.0,nM,6.96,CHEMBL284,Dipeptidyl peptidase 4,Cl.Cn1c(=O)c2c(nc(N3CCC[C@@H](N)C3)n2Cc2cccc(Cl)c2)c2cc(C(=O)O)ccc21,6.958607314841775,502.4020000000002,3.6374000000000013,2,5
12044109,CHEMBL2147061,IC50,>,10000.0,nM,,CHEMBL284,Dipeptidyl peptidase 4,Cl.Cn1c(=O)c2c(nc(N3CCC[C@@H](N)C3)n2Cc2ccc(Cl)cc2)c2cc(C(=O)O)ccc21,5.0,502.4020000000002,3.637400000000002,2,5
12044110,CHEMBL2147062,IC50,=,150.0,nM,6.82,CHEMBL284,Dipeptidyl peptidase 4,COc1cccc(Cn2c(N3CCC[C@@H](N)C3)nc3c4cc(C(=O)O)ccc4n(C)c(=O)c32)c1.Cl,6.823908740944319,497.98300000000023,2.9926000000000017,2,6
12044111,CHEMBL2147063,IC50,=,6900.0,nM,5.16,CHEMBL284,Dipeptidyl peptidase 4,COc1ccc(Cn2c(N3CCC[C@@H](N)C3)nc3c4cc(C(=O)O)ccc4n(C)c(=O)c32)cc1.Cl,5.161150909262744,497.9830000000001,2.992600000000001,2,6
12044112,CHEMBL2147064,IC50,=,3500.0,nM,5.46,CHEMBL284,Dipeptidyl peptidase 4,Cl.Cn1c(=O)c2c(nc(N3CCC[C@@H](N)C3)n2CCc2ccccc2Cl)c2cc(C(=O)O)ccc21,5.455931955649724,516.4290000000002,3.831800000000002,2,5
12044113,CHEMBL2147065,IC50,=,8900.0,nM,5.05,CHEMBL284,Dipeptidyl peptidase 4,Cl.Cn1c(=O)c2c(nc(N3CCC[C@@H](N)C3)n2CC2CCCCC2)c2cc(C(=O)O)ccc21,5.050609993355087,474.00500000000034,3.516000000000001,2,5
12044114,CHEMBL2147066,IC50,=,51.0,nM,7.29,CHEMBL284,Dipeptidyl peptidase 4,CC(C)=CCn1c(N2CCC[C@@H](N)C2)nc2c3cc(C(=O)O)ccc3n(C)c(=O)c21.Cl,7.292429823902063,445.9510000000002,2.9019000000000017,2,5
12044115,CHEMBL2147067,IC50,=,90.0,nM,7.05,CHEMBL284,Dipeptidyl peptidase 4,CC#CCn1c(N2CCC[C@@H](N)C2)nc2c3cc(C(=O)O)ccc3n(C)c(=O)c21.Cl,7.045757490560675,429.9080000000001,1.9589999999999992,2,5
12044116,CHEMBL2147068,IC50,=,25.0,nM,7.6,CHEMBL284,Dipeptidyl peptidase 4,Cl.Cn1c(=O)c2c(nc(N3CCC[C@@H](N)C3)n2Cc2cc(Cl)ccc2Cl)c2cc(C(=O)O)ccc21,7.6020599913279625,536.8470000000002,4.290800000000002,2,5
12044117,CHEMBL2147069,IC50,=,4.8,nM,8.32,CHEMBL284,Dipeptidyl peptidase 4,Cl.Cn1c(=O)c2c(nc(N3CCC[C@@H](N)C3)n2Cc2cc(F)ccc2Cl)c2cc(C(=O)O)ccc21,8.318758762624412,520.3920000000002,3.776500000000002,2,5
12044118,CHEMBL2147056,IC50,=,0.55,nM,9.26,CHEMBL284,Dipeptidyl peptidase 4,Cc1ccc(F)cc1Cn1c(N2CCC[C@@H](N)C2)nc2c3ccc(C(=O)O)cc3n(C)c(=O)c21.Cl,9.259637310505756,499.9740000000002,3.4315200000000012,2,5
12049460,CHEMBL2153742,IC50,=,400.0,nM,6.4,CHEMBL284,Dipeptidyl peptidase 4,CC(=O)Nc1ccc(OP(=O)(Oc2ccc(NC(C)=O)cc2)C2CCCN2C(=O)[C@@H]2CCCN2)cc1,6.3979400086720375,514.5190000000003,3.9548000000000023,3,7
12049461,CHEMBL2153743,IC50,=,16.0,nM,7.8,CHEMBL284,Dipeptidyl peptidase 4,COC(=O)c1ccc(OP(=O)(Oc2ccc(C(=O)OC)cc2)C2CCCN2C(=O)[C@@H]2CCCN2)cc1,7.795880017344075,516.4870000000004,3.611200000000002,1,9
12049462,CHEMBL2153744,IC50,=,23.0,nM,7.64,CHEMBL284,Dipeptidyl peptidase 4,CCOC(=O)CNC(=O)c1ccc(OP(=O)(Oc2ccc(C(=O)NCC(=O)OCC)cc2)C2CCCN2C(=O)[C@@H]2CCCN2)cc1,7.638272163982407,658.6450000000001,2.6238,3,11
12078476,CHEMBL2159175,IC50,=,257.0,nM,6.59,CHEMBL284,Dipeptidyl peptidase 4,Cn1c(=O)c2c(-c3ccccc3)c(CN)c(N)nc2n(C)c1=O,6.590066876668706,311.345,0.34009999999999957,2,5
12078477,CHEMBL2159176,IC50,=,1070.0,nM,5.97,CHEMBL284,Dipeptidyl peptidase 4,Cn1c(=O)c2c(-c3ccc(F)cc3)c(CN)c(N)nc2n(C)c1=O,5.97061622231479,329.33500000000004,0.4792,2,5
12078478,CHEMBL2159177,IC50,=,128.0,nM,6.89,CHEMBL284,Dipeptidyl peptidase 4,Cn1c(=O)c2c(-c3ccc(Br)cc3)c(CN)c(N)nc2n(C)c1=O,6.892790030352131,390.2410000000002,1.1025999999999998,2,5
12078479,CHEMBL2159178,IC50,=,2800.0,nM,5.55,CHEMBL284,Dipeptidyl peptidase 4,COc1cccc(-c2c(CN)c(N)nc3c2c(=O)n(C)c(=O)n3C)c1,5.552841968657781,341.37100000000004,0.3486999999999998,2,6
12078480,CHEMBL2159179,IC50,=,57.0,nM,7.24,CHEMBL284,Dipeptidyl peptidase 4,COc1ccccc1-c1c(CN)c(N)nc2c1c(=O)n(C)c(=O)n2C,7.2441251443275085,341.37100000000004,0.34869999999999984,2,6
12078481,CHEMBL2159180,IC50,=,69.0,nM,7.16,CHEMBL284,Dipeptidyl peptidase 4,Cn1c(=O)c2c(-c3ccccc3C#N)c(CN)c(N)nc2n(C)c1=O,7.161150909262744,336.3550000000001,0.21177999999999975,2,6
12078482,CHEMBL2159181,IC50,=,33.0,nM,7.48,CHEMBL284,Dipeptidyl peptidase 4,Cn1c(=O)c2c(-c3ccccc3Cl)c(CN)c(N)nc2n(C)c1=O,7.481486060122112,345.7900000000001,0.9935,2,5
12078483,CHEMBL2159182,IC50,=,17.0,nM,7.77,CHEMBL284,Dipeptidyl peptidase 4,Cn1c(=O)c2c(-c3ccccc3Br)c(CN)c(N)nc2n(C)c1=O,7.769551078621726,390.2410000000002,1.1025999999999998,2,5
12078484,CHEMBL2159183,IC50,=,371.0,nM,6.43,CHEMBL284,Dipeptidyl peptidase 4,Cn1c(=O)c2c(-c3cccc(Cl)c3Cl)c(CN)c(N)nc2n(C)c1=O,6.430626090384954,380.2350000000001,1.6468999999999996,2,5
12078485,CHEMBL2159184,IC50,=,24.0,nM,7.62,CHEMBL284,Dipeptidyl peptidase 4,Cn1c(=O)c2c(-c3ccc(Cl)cc3Cl)c(CN)c(N)nc2n(C)c1=O,7.619788758288394,380.2350000000001,1.6468999999999996,2,5
12078486,CHEMBL2159185,IC50,=,29.0,nM,7.54,CHEMBL284,Dipeptidyl peptidase 4,Cn1c(=O)c2c(-c3cc(Cl)ccc3Cl)c(CN)c(N)nc2n(C)c1=O,7.5376020021010435,380.2350000000001,1.6468999999999996,2,5
12078487,CHEMBL2159186,IC50,=,20.0,nM,7.7,CHEMBL284,Dipeptidyl peptidase 4,COc1ccc(F)cc1-c1c(CN)c(N)nc2c1c(=O)n(C)c(=O)n2C,7.698970004336019,359.3610000000001,0.4878000000000001,2,6
12078488,CHEMBL2159187,IC50,=,7.6,nM,8.12,CHEMBL284,Dipeptidyl peptidase 4,Cn1c(=O)c2c(-c3cc(F)ccc3Cl)c(CN)c(N)nc2n(C)c1=O,8.119186407719209,363.7800000000001,1.1325999999999998,2,5
12078489,CHEMBL2159188,IC50,=,4.8,nM,8.32,CHEMBL284,Dipeptidyl peptidase 4,Cn1c(=O)c2c(-c3cc(F)ccc3Br)c(CN)c(N)nc2n(C)c1=O,8.318758762624412,408.2310000000002,1.2416999999999998,2,5
12078490,CHEMBL2159189,IC50,=,260.0,nM,6.58,CHEMBL284,Dipeptidyl peptidase 4,Cn1c(=O)c2c(-c3cc(F)ccc3Br)c(CN)c(O)nc2n(C)c1=O,6.585026652029182,409.2150000000002,1.3651,2,5
12078491,CHEMBL2159190,IC50,=,2.8,nM,8.55,CHEMBL284,Dipeptidyl peptidase 4,CNc1nc2c(c(-c3cc(F)ccc3Br)c1CN)c(=O)n(C)c(=O)n2C,8.55284196865778,422.2580000000002,1.7011999999999996,2,5
12078492,CHEMBL2159191,IC50,=,6.9,nM,8.16,CHEMBL284,Dipeptidyl peptidase 4,CCNc1nc2c(c(-c3cc(F)ccc3Br)c1CN)c(=O)n(C)c(=O)n2C,8.161150909262744,436.28500000000025,2.0912999999999995,2,5
12078493,CHEMBL2159192,IC50,=,2.8,nM,8.55,CHEMBL284,Dipeptidyl peptidase 4,CCN(CC)c1nc2c(c(-c3cc(F)ccc3Br)c1CN)c(=O)n(C)c(=O)n2C,8.55284196865778,464.3390000000002,2.505700000000001,1,5
12078494,CHEMBL2159193,IC50,=,4.6,nM,8.34,CHEMBL284,Dipeptidyl peptidase 4,Cn1c(=O)c2c(-c3cc(F)ccc3Br)c(CN)c(N3CCOCC3)nc2n(C)c1=O,8.337242168318426,478.3220000000004,1.4960999999999998,1,6
12078495,CHEMBL2159194,IC50,=,9.9,nM,8.0,CHEMBL284,Dipeptidyl peptidase 4,CN1CCN(c2nc3c(c(-c4cc(F)ccc4Br)c2CN)c(=O)n(C)c(=O)n3C)CC1,8.00436480540245,491.3650000000003,1.4112999999999996,1,6
12152733,CHEMBL2178959,IC50,>,100000.0,nM,,CHEMBL284,Dipeptidyl peptidase 4,CC(C)(C)OC(=O)NCc1cn([C@H]2C[C@@H](C(=O)N3CCC[C@H]3C#N)N(C(=O)CCCc3ccccc3)C2)nn1,4.0,535.6490000000003,2.9822800000000003,1,7
12152734,CHEMBL2178958,IC50,>,100000.0,nM,,CHEMBL284,Dipeptidyl peptidase 4,N#C[C@@H]1CCCN1C(=O)[C@@H]1C[C@H](N=[N+]=[N-])CN1C(=O)CCCc1ccccc1,4.0,380.4520000000002,2.803680000000001,0,4
12152735,CHEMBL189620,IC50,>,100000.0,nM,,CHEMBL284,Dipeptidyl peptidase 4,N#C[C@@H]1CCCN1C(=O)[C@@H]1CCCN1C(=O)CCCc1ccccc1,4.0,339.439,2.5148800000000007,0,3
12152736,CHEMBL2178957,IC50,>,100000.0,nM,,CHEMBL284,Dipeptidyl peptidase 4,CC(C)(C)OC(=O)NCc1cn([C@@H]2C[C@@H](C(=O)N3CCCC3)N(C(=O)CCCc3ccccc3)C2)nn1,4.0,510.6390000000004,3.0901000000000005,1,6
12152737,CHEMBL2178956,IC50,>,100000.0,nM,,CHEMBL284,Dipeptidyl peptidase 4,O=C([C@@H]1C[C@@H](n2cc(-c3ccccc3)nn2)CN1C(=O)CCCc1ccccc1)N1CCCC1,4.0,457.5780000000004,3.732400000000003,0,4
12152738,CHEMBL2178955,IC50,>,100000.0,nM,,CHEMBL284,Dipeptidyl peptidase 4,[N-]=[N+]=N[C@@H]1C[C@@H](C(=O)N2CCCC2)N(C(=O)CCCc2ccccc2)C1,4.0,355.44200000000006,2.911500000000001,0,3
12152740,CHEMBL2178975,IC50,>,100000.0,nM,,CHEMBL284,Dipeptidyl peptidase 4,O=C([C@@H]1C[C@H](n2cc(CN3CCNCC3)nn2)CN1C(=O)CCCc1ccccc1)N1CCCC1,4.0,479.62900000000036,1.4706000000000021,1,6
12152741,CHEMBL2178974,IC50,>,100000.0,nM,,CHEMBL284,Dipeptidyl peptidase 4,CC(C)(C)OC(=O)N1CCN(Cc2cn([C@H]3C[C@@H](C(=O)N4CCCC4)N(C(=O)CCCc4ccccc4)C3)nn2)CC1,4.0,579.7460000000001,3.118100000000002,0,7
12152742,CHEMBL2178973,IC50,>,50000.0,nM,,CHEMBL284,Dipeptidyl peptidase 4,O=C([C@@H]1C[C@H](n2cc(CN3CCOCC3)nn2)CN1C(=O)CCCc1ccccc1)N1CCCC1,4.301029995663981,480.61300000000034,1.8976000000000015,0,6
12152743,CHEMBL2178972,IC50,>,100000.0,nM,,CHEMBL284,Dipeptidyl peptidase 4,CN(C)Cc1cn([C@H]2C[C@@H](C(=O)N3CCCC3)N(C(=O)CCCc3ccccc3)C2)nn1,4.0,438.5760000000002,2.127,0,5
12152744,CHEMBL2178971,IC50,>,100000.0,nM,,CHEMBL284,Dipeptidyl peptidase 4,Cl.NCc1cn([C@H]2C[C@@H](C(=O)N3CCCC3)N(C(=O)CCCc3ccccc3)C2)nn1,4.0,446.98300000000023,1.945899999999999,1,5
12152745,CHEMBL2178970,IC50,>,100000.0,nM,,CHEMBL284,Dipeptidyl peptidase 4,O=C([C@@H]1C[C@H](n2cc(COCc3ccccc3)nn2)CN1C(=O)CCCc1ccccc1)N1CCCC1,4.0,501.6310000000005,3.782200000000003,0,5
12152746,CHEMBL2178969,IC50,>,100000.0,nM,,CHEMBL284,Dipeptidyl peptidase 4,O=C([C@@H]1C[C@H](n2cc(-c3ccccn3)nn2)CN1C(=O)CCCc1ccccc1)N1CCCC1,4.0,458.5660000000004,3.1274000000000015,0,5
12152747,CHEMBL2178968,IC50,>,100000.0,nM,,CHEMBL284,Dipeptidyl peptidase 4,O=C([C@@H]1C[C@H](n2cc(-c3ccccn3)nn2)CN1C(=O)OCc1ccccc1)N1CCCC1,4.0,446.5110000000003,2.9147000000000016,0,6
12152748,CHEMBL2178967,IC50,>,100000.0,nM,,CHEMBL284,Dipeptidyl peptidase 4,O=C([C@@H]1C[C@H](n2cc(-c3ccc(Br)cc3)nn2)CN1C(=O)CCCc1ccccc1)N1CCCC1,4.0,536.4740000000003,4.494900000000004,0,4
12152749,CHEMBL2178966,IC50,>,100000.0,nM,,CHEMBL284,Dipeptidyl peptidase 4,O=C([C@@H]1C[C@H](n2cc(-c3ccccc3Cl)nn2)CN1C(=O)CCCc1ccccc1)N1CCCC1,4.0,492.0230000000005,4.385800000000004,0,4
12152750,CHEMBL2178965,IC50,>,100000.0,nM,,CHEMBL284,Dipeptidyl peptidase 4,O=C([C@@H]1C[C@H](n2cc(-c3ccc(F)c(F)c3)nn2)CN1C(=O)CCCc1ccccc1)N1CCCC1,4.0,493.55800000000045,4.010600000000003,0,4
12152751,CHEMBL2178964,IC50,>,100000.0,nM,,CHEMBL284,Dipeptidyl peptidase 4,O=C([C@@H]1C[C@H](n2cc(-c3ccc(F)cc3F)nn2)CN1C(=O)CCCc1ccccc1)N1CCCC1,4.0,493.55800000000045,4.010600000000003,0,4
12152752,CHEMBL2178963,IC50,>,100000.0,nM,,CHEMBL284,Dipeptidyl peptidase 4,O=C([C@@H]1C[C@H](n2cc(-c3ccc(F)cc3)nn2)CN1C(=O)CCCc1ccccc1)N1CCCC1,4.0,475.5680000000004,3.871500000000003,0,4
12152753,CHEMBL2178962,IC50,>,100000.0,nM,,CHEMBL284,Dipeptidyl peptidase 4,O=C([C@@H]1C[C@H](n2cc(-c3ccccc3)nn2)CN1C(=O)CCCc1ccccc1)N1CCCC1,4.0,457.5780000000004,3.732400000000003,0,4
12152754,CHEMBL2178961,IC50,>,100000.0,nM,,CHEMBL284,Dipeptidyl peptidase 4,O=C([C@@H]1C[C@H](n2cc(-c3ccccc3)nn2)CN1C(=O)OCc1ccccc1)N1CCCC1,4.0,445.5230000000003,3.519700000000002,0,5
12152755,CHEMBL2178960,IC50,>,100000.0,nM,,CHEMBL284,Dipeptidyl peptidase 4,CC(C)(C)OC(=O)NCc1cn([C@H]2C[C@@H](C(=O)N3CCCC3)N(C(=O)CCCc3ccccc3)C2)nn1,4.0,510.6390000000004,3.0901000000000005,1,6
12152756,CHEMBL2179408,IC50,>,100000.0,nM,,CHEMBL284,Dipeptidyl peptidase 4,CC(C)(C)OC(=O)NCc1cn([C@H]2C[C@@H](C(=O)N3CCCC3)N(C(=O)OCc3ccccc3)C2)nn1,4.0,498.58400000000034,2.8774000000000006,1,7
12152757,CHEMBL2179407,IC50,>,100000.0,nM,,CHEMBL284,Dipeptidyl peptidase 4,O=C([C@@H]1C[C@H](n2cc(C3CCCCC3)nn2)CN1C(=O)CCCc1ccccc1)N1CCCC1,4.0,463.6260000000003,4.113100000000004,0,4
12152758,CHEMBL2179406,IC50,>,100000.0,nM,,CHEMBL284,Dipeptidyl peptidase 4,O=C([C@@H]1C[C@H](n2cc(C3CC3)nn2)CN1C(=O)CCCc1ccccc1)N1CCCC1,4.0,421.54500000000024,2.942800000000001,0,4
12152759,CHEMBL2179405,IC50,>,100000.0,nM,,CHEMBL284,Dipeptidyl peptidase 4,C[Si](C)(C)c1cn([C@H]2C[C@@H](C(=O)N3CCCC3)N(C(=O)OCc3ccccc3)C2)nn1,4.0,441.6080000000001,2.3979,0,5
12152760,CHEMBL2178979,IC50,>,100000.0,nM,,CHEMBL284,Dipeptidyl peptidase 4,O=C([C@@H]1C[C@H](n2ccnn2)CN1C(=O)OCc1ccccc1)N1CCCC1,4.0,369.4250000000001,1.8527,0,5
12152761,CHEMBL2178978,IC50,>,100000.0,nM,,CHEMBL284,Dipeptidyl peptidase 4,[N-]=[N+]=N[C@H]1C[C@@H](C(=O)N2CCCC2)N(C(=O)CCCc2ccccc2)C1,4.0,355.44200000000006,2.911500000000001,0,3
12152762,CHEMBL2178977,IC50,>,100000.0,nM,,CHEMBL284,Dipeptidyl peptidase 4,[N-]=[N+]=N[C@H]1C[C@@H](C(=O)N2CCCC2)N(C(=O)OCc2ccccc2)C1,4.0,343.387,2.698800000000001,0,4
12152763,CHEMBL289651,IC50,>,100000.0,nM,,CHEMBL284,Dipeptidyl peptidase 4,O=C([C@@H]1CCCN1C(=O)CCCc1ccccc1)N1CCCC1,4.0,314.42900000000014,2.622700000000001,0,2
12152764,CHEMBL1088406,IC50,>,100000.0,nM,,CHEMBL284,Dipeptidyl peptidase 4,O=C([C@@H]1CCCN1C(=O)OCc1ccccc1)N1CCCC1,4.0,302.3740000000002,2.410000000000001,0,3
12182788,CHEMBL2206479,IC50,=,1100.0,nM,5.96,CHEMBL284,Dipeptidyl peptidase 4,N[C@@H](CC(=O)NC1(c2nc(-c3ccc(Cl)cc3)cs2)CCS(=O)(=O)CC1)Cc1cc(F)c(F)cc1F,5.958607314841775,558.0470000000004,4.361000000000004,2,6
12182790,CHEMBL2206477,IC50,=,670.0,nM,6.17,CHEMBL284,Dipeptidyl peptidase 4,COc1ccc(-c2csc(C3(NC(=O)C[C@H](N)Cc4ccccc4F)CCS(=O)(=O)CC3)n2)cc1,6.173925197299173,517.6480000000004,3.4380000000000024,2,7
12182792,CHEMBL2206466,IC50,=,490.0,nM,6.31,CHEMBL284,Dipeptidyl peptidase 4,N[C@@H](CC(=O)NC1(c2cccc(-c3ccncc3)c2)CCS(=O)(=O)CC1)Cc1ccccc1F,6.309803919971486,481.59300000000036,3.3679000000000023,2,5
12182793,CHEMBL2206467,IC50,=,390.0,nM,6.41,CHEMBL284,Dipeptidyl peptidase 4,N[C@@H](CC(=O)NC1(c2cccc(-c3nccs3)c2)CCS(=O)(=O)CC1)Cc1ccccc1F,6.4089353929735005,487.62200000000036,3.429400000000002,2,6
12182794,CHEMBL2206470,IC50,=,330.0,nM,6.48,CHEMBL284,Dipeptidyl peptidase 4,N[C@@H](CC(=O)NC1(c2cccc(-c3cn[nH]c3)c2)CCS(=O)(=O)CC1)Cc1ccccc1F,6.481486060122113,470.5700000000003,2.6960000000000006,3,5
12182795,CHEMBL2206472,IC50,=,280.0,nM,6.55,CHEMBL284,Dipeptidyl peptidase 4,Cc1ncc(-c2cccc(C3(NC(=O)C[C@H](N)Cc4ccccc4F)CCS(=O)(=O)CC3)c2)s1,6.552841968657781,501.6490000000002,3.737820000000003,2,6
12182796,CHEMBL2206473,IC50,=,250.0,nM,6.6,CHEMBL284,Dipeptidyl peptidase 4,N[C@@H](CC(=O)NC1(c2cccc(-c3cnc(C4CCCCN4)s3)c2)CCS(=O)(=O)CC1)Cc1ccccc1F,6.6020599913279625,570.7560000000004,4.244000000000003,3,7
12182797,CHEMBL2206481,IC50,=,190.0,nM,6.72,CHEMBL284,Dipeptidyl peptidase 4,N[C@@H](CC(=O)NC1(c2nc(-c3cccc(C(F)(F)F)c3)cs2)CCS(=O)(=O)CC1)Cc1cc(F)c(F)cc1F,6.721246399047171,591.5990000000004,4.726400000000004,2,6
12182799,CHEMBL2206486,IC50,=,160.0,nM,6.8,CHEMBL284,Dipeptidyl peptidase 4,Cn1cc(-c2ccccc2)nc1C1(NC(=O)C[C@H](N)Cc2cc(F)c(F)cc2F)CCS(=O)(=O)CC1,6.795880017344075,520.5770000000002,2.9846000000000013,2,5
12182800,CHEMBL2206480,IC50,=,110.0,nM,6.96,CHEMBL284,Dipeptidyl peptidase 4,N[C@@H](CC(=O)NC1(c2nc(-c3ccc(C(F)(F)F)cc3)cs2)CCS(=O)(=O)CC1)Cc1cc(F)c(F)cc1F,6.958607314841775,591.5990000000004,4.726400000000004,2,6
12182801,CHEMBL2206482,IC50,=,100.0,nM,7.0,CHEMBL284,Dipeptidyl peptidase 4,N[C@@H](CC(=O)NC1(c2nc(-c3ccc(F)cc3)cs2)CCS(=O)(=O)CC1)Cc1ccccc1F,7.0,505.6120000000003,3.568500000000002,2,6
12182802,CHEMBL2206483,IC50,=,94.0,nM,7.03,CHEMBL284,Dipeptidyl peptidase 4,N[C@@H](CC(=O)NC1(c2nnc(-c3ccccc3)o2)CCS(=O)(=O)CC1)Cc1cc(F)c(F)cc1F,7.026872146400302,508.52200000000033,2.634100000000001,2,7
12182803,CHEMBL2206471,IC50,=,84.0,nM,7.08,CHEMBL284,Dipeptidyl peptidase 4,Cn1cncc1-c1cccc(C2(NC(=O)C[C@H](N)Cc3ccccc3F)CCS(=O)(=O)CC2)c1,7.075720713938118,484.59700000000026,2.7064000000000004,2,5
12182804,CHEMBL2206488,IC50,=,83.0,nM,7.08,CHEMBL284,Dipeptidyl peptidase 4,N[C@@H](CC(=O)NC1(c2ccccc2)CCS(=O)(=O)CC1)Cc1cc(F)c(F)cc1F,7.080921907623926,440.4870000000002,2.5841000000000003,2,4
12182805,CHEMBL2206487,IC50,=,72.0,nM,7.14,CHEMBL284,Dipeptidyl peptidase 4,Cc1sc(C2(NC(=O)C[C@H](N)Cc3ccccc3F)CCS(=O)(=O)CC2)nc1-c1ccccc1,7.142667503568732,501.6490000000003,3.737820000000003,2,6
12182806,CHEMBL2206474,IC50,=,60.0,nM,7.22,CHEMBL284,Dipeptidyl peptidase 4,N[C@@H](CC(=O)NC1(c2nc(-c3ccccc3)cs2)CCS(=O)(=O)CC1)Cc1ccccc1F,7.221848749616356,487.62200000000036,3.429400000000002,2,6
12182807,CHEMBL2206478,IC50,=,59.0,nM,7.23,CHEMBL284,Dipeptidyl peptidase 4,COc1ccccc1-c1csc(C2(NC(=O)C[C@H](N)Cc3cc(F)c(F)cc3F)CCS(=O)(=O)CC2)n1,7.229147988357855,553.628,3.7162000000000024,2,7
12182808,CHEMBL2206484,IC50,=,55.0,nM,7.26,CHEMBL284,Dipeptidyl peptidase 4,N[C@@H](CC(=O)NC1(c2nnc(-c3cccc(F)c3)o2)CCS(=O)(=O)CC1)Cc1cc(F)c(F)cc1F,7.259637310505756,526.5120000000004,2.773200000000001,2,7
12182809,CHEMBL2206485,IC50,=,50.0,nM,7.3,CHEMBL284,Dipeptidyl peptidase 4,COc1cccc(-c2nnc(C3(NC(=O)C[C@H](N)Cc4cc(F)c(F)cc4F)CCS(=O)(=O)CC3)o2)c1,7.301029995663981,538.5480000000003,2.6427000000000014,2,8
12182810,CHEMBL2206468,IC50,=,41.0,nM,7.39,CHEMBL284,Dipeptidyl peptidase 4,N[C@@H](CC(=O)NC1(c2cccc(-c3cncs3)c2)CCS(=O)(=O)CC1)Cc1ccccc1F,7.3872161432802645,487.62200000000036,3.429400000000002,2,6
12182811,CHEMBL2206476,IC50,=,24.0,nM,7.62,CHEMBL284,Dipeptidyl peptidase 4,COc1cccc(-c2csc(C3(NC(=O)C[C@H](N)Cc4ccccc4F)CCS(=O)(=O)CC3)n2)c1,7.619788758288394,517.6480000000004,3.4380000000000024,2,7
12182812,CHEMBL2206475,IC50,=,16.0,nM,7.8,CHEMBL284,Dipeptidyl peptidase 4,N[C@@H](CC(=O)NC1(c2nc(-c3ccccc3)cs2)CCS(=O)(=O)CC1)Cc1cc(F)c(F)cc1F,7.795880017344075,523.6020000000004,3.707600000000002,2,6
12182813,CHEMBL2203319,IC50,=,12.0,nM,7.92,CHEMBL284,Dipeptidyl peptidase 4,N[C@@H](CC(=O)NC1(c2cccc(-n3ccnc3)c2)CCS(=O)(=O)CC1)Cc1cc(F)c(F)cc1F,7.920818753952375,506.5500000000003,2.769800000000001,2,5
12182814,CHEMBL2206469,IC50,=,7.8,nM,8.11,CHEMBL284,Dipeptidyl peptidase 4,N[C@@H](CC(=O)NC1(c2cccc(-c3cncs3)c2)CCS(=O)(=O)CC1)Cc1cc(F)c(F)cc1F,8.10790539730952,523.6020000000004,3.707600000000003,2,6
12588796,CHEMBL1229855,IC50,=,16.0,nM,7.8,CHEMBL284,Dipeptidyl peptidase 4,CC(=O)N(C)[C@H]1CC[C@H]([C@H](C)[C@H](N)C(=O)N2CC[C@H](F)C2)CC1,7.795880017344075,327.4440000000001,1.5572999999999992,1,3
12588806,CHEMBL1229644,IC50,=,22.0,nM,7.66,CHEMBL284,Dipeptidyl peptidase 4,CC(C)(CO)NCC(=O)N1C[C@@H](F)C[C@H]1[C@@H](O)c1nnc(C(C)(C)C)o1,7.657577319177793,372.44100000000014,0.7,3,7
12588807,CHEMBL1230044,IC50,=,65.0,nM,7.19,CHEMBL284,Dipeptidyl peptidase 4,N[C@H]1CN(C(=O)c2cnc3ccccc3n2)C[C@H]1C(=O)N1CCCC1,7.187086643357144,339.39900000000017,0.6514999999999989,1,5
12588808,CHEMBL1185242,IC50,=,12.0,nM,7.92,CHEMBL284,Dipeptidyl peptidase 4,CS(=O)(=O)c1ccc(-c2noc([C@@H](CC3CC3)[C@H](N)C(F)=C3CCCC3)n2)c(Cl)c1,7.920818753952375,453.9670000000002,4.802100000000004,1,6
12588809,CHEMBL1230015,IC50,=,19.0,nM,7.72,CHEMBL284,Dipeptidyl peptidase 4,CS(=O)(=O)c1ccc([C@H]2NO[C@H]([C@@H](CC3CC3)[C@H](N)C(=O)N3CC[C@H](F)C3)N2)c(F)c1,7.721246399047171,458.5310000000002,0.9923000000000017,3,7
12588810,CHEMBL2298396,IC50,=,23.0,nM,7.64,CHEMBL284,Dipeptidyl peptidase 4,N#C[C@@H]1C[C@@H]2C[C@@H]2N1C(=O)[C@@H](N)C12C[C@H]3C[C@@H](C1)C[C@](O)(C3)C2,7.638272163982407,315.4170000000001,1.157979999999999,2,4
12588814,CHEMBL1186902,IC50,=,223.0,nM,6.65,CHEMBL284,Dipeptidyl peptidase 4,N[C@@H](CC(=O)N1CCCN(C(=O)c2ccc(C(=O)O)cc2)CC1)Cc1cc(F)c(F)cc1F,6.651695136951839,463.4560000000002,2.436700000000001,2,4
12588816,CHEMBL1194345,IC50,=,67.0,nM,7.17,CHEMBL284,Dipeptidyl peptidase 4,N[C@H]1Cn2c(nc3cnccc32)C[C@@H]1c1cc(F)c(F)cc1F,7.173925197299173,318.302,2.5158000000000005,1,3
12588817,CHEMBL1197118,IC50,=,42.0,nM,7.38,CHEMBL284,Dipeptidyl peptidase 4,CS(=O)(=O)c1ccc2c(c1)nc1n2C[C@H](N)[C@@H](c2cc(F)c(F)cc2F)C1,7.376750709602099,395.4060000000001,2.524300000000001,1,4
12588820,CHEMBL1229820,IC50,=,0.5,nM,9.3,CHEMBL284,Dipeptidyl peptidase 4,COc1cc2c(cc1OC)[C@@H]1C[C@H](N)[C@@H](c3cccc(CF)c3)CN1CC2,9.301029995663981,370.4680000000002,3.5873000000000026,1,4
12588821,CHEMBL226396,IC50,=,5.0,nM,8.3,CHEMBL284,Dipeptidyl peptidase 4,Nc1nc(Cl)c2nc[nH]c2n1,8.301029995663981,169.57500000000002,0.5884999999999998,2,4
12588822,CHEMBL1236897,IC50,=,2000.0,nM,5.7,CHEMBL284,Dipeptidyl peptidase 4,OCCC(CCO)C(CO)(CO)CO,5.698970004336019,208.254,-1.6692999999999998,5,5
12588823,CHEMBL1233461,IC50,=,7.0,nM,8.15,CHEMBL284,Dipeptidyl peptidase 4,O=C(O)c1c(Cl)ccc(Cl)c1O,8.154901959985743,207.012,2.3972,2,2
12667692,CHEMBL2333024,IC50,>,100000.0,nM,,CHEMBL284,Dipeptidyl peptidase 4,CC(C)[C@H](NC(=O)c1cccnc1)C(=O)N1CCC[C@H]1B(O)O,4.0,319.17,-0.16099999999999992,3,5
12667693,CHEMBL2333023,IC50,=,1800.0,nM,5.75,CHEMBL284,Dipeptidyl peptidase 4,O=C(NCC(=O)N1CCC[C@H]1B(O)O)c1cccnc1,5.7447274948966935,277.08900000000006,-1.1855999999999998,3,5
12667695,CHEMBL2333026,IC50,>,100000.0,nM,,CHEMBL284,Dipeptidyl peptidase 4,C[C@@H](NC(=O)c1ccncc1)C(=O)N1CCC[C@H]1B(O)O,4.0,291.116,-0.7970999999999997,3,5
12667696,CHEMBL2333025,IC50,=,2800.0,nM,5.55,CHEMBL284,Dipeptidyl peptidase 4,O=C(NCC(=O)N1CCC[C@H]1B(O)O)c1ccncc1,5.552841968657781,277.08900000000006,-1.1855999999999998,3,5
12718706,CHEMBL2346919,IC50,=,211.9,nM,6.67,CHEMBL284,Dipeptidyl peptidase 4,CC#CCn1c(N2CCC[C@@H](N)C2)nc2ccn(C)c2c1=O,6.673869043289206,299.3780000000001,0.6857999999999994,1,4
12718718,CHEMBL2347039,IC50,=,1.55,nM,8.81,CHEMBL284,Dipeptidyl peptidase 4,CC#CCn1c(N2CCC[C@@H](N)C2)nc2ccn(Cc3nc(C)c4ccccc4n3)c2c1=O,8.809668301829708,441.53900000000027,2.44872,1,6
12718719,CHEMBL2347038,IC50,=,15.5,nM,7.81,CHEMBL284,Dipeptidyl peptidase 4,CC#CCn1c(N2CCC[C@@H](N)C2)nc2ccn(Cc3nc4ccccc4nc3C)c2c1=O,7.809668301829708,441.53900000000027,2.44872,1,6
12718720,CHEMBL2347037,IC50,=,5.93,nM,8.23,CHEMBL284,Dipeptidyl peptidase 4,CC#CCn1c(N2CCC[C@@H](N)C2)nc2ccn(Cc3cnc4ccccc4n3)c2c1=O,8.226945306635738,427.5120000000002,2.140299999999999,1,6
12718721,CHEMBL2347036,IC50,=,4.67,nM,8.33,CHEMBL284,Dipeptidyl peptidase 4,CC#CCn1c(N2CCC[C@@H](N)C2)nc2ccn(Cc3ccc4ccc(F)cc4n3)c2c1=O,8.330683119433887,444.51400000000024,2.8844000000000003,1,5
12718722,CHEMBL2347035,IC50,=,11.4,nM,7.94,CHEMBL284,Dipeptidyl peptidase 4,CC#CCn1c(N2CCC[C@@H](N)C2)nc2ccn(Cc3ccc4ccc(Cl)cc4n3)c2c1=O,7.943095148663527,460.9690000000003,3.3987000000000016,1,5
12718723,CHEMBL2346930,IC50,=,52.6,nM,7.28,CHEMBL284,Dipeptidyl peptidase 4,CC#CCn1c(N2CCC[C@@H](N)C2)nc2ccn(Cc3ccc4cc(C)ccc4n3)c2c1=O,7.279014255846261,440.5510000000003,3.053720000000001,1,5
12718724,CHEMBL2346929,IC50,=,14.5,nM,7.84,CHEMBL284,Dipeptidyl peptidase 4,CC#CCn1c(N2CCC[C@@H](N)C2)nc2ccn(Cc3ccc4cc(F)ccc4n3)c2c1=O,7.838631997765025,444.51400000000024,2.8844000000000003,1,5
12718725,CHEMBL2346928,IC50,=,60.1,nM,7.22,CHEMBL284,Dipeptidyl peptidase 4,CC#CCn1c(N2CCC[C@@H](N)C2)nc2ccn(Cc3ccc4cc(Cl)ccc4n3)c2c1=O,7.221125527997261,460.9690000000003,3.3987000000000016,1,5
12718726,CHEMBL2346927,IC50,=,139.2,nM,6.86,CHEMBL284,Dipeptidyl peptidase 4,CC#CCn1c(N2CCC[C@@H](N)C2)nc2ccn(Cc3ccc4cc(Br)ccc4n3)c2c1=O,6.856360764725457,505.42000000000024,3.5078000000000014,1,5
12718727,CHEMBL2346926,IC50,=,7.05,nM,8.15,CHEMBL284,Dipeptidyl peptidase 4,CC#CCn1c(N2CCC[C@@H](N)C2)nc2ccn(Cc3ccc4ccccc4n3)c2c1=O,8.1518108830086,426.5240000000002,2.7453000000000003,1,5
12718728,CHEMBL2346925,IC50,=,48.2,nM,7.32,CHEMBL284,Dipeptidyl peptidase 4,CC#CCn1c(N2CCC[C@@H](N)C2)nc2ccn(Cc3ccnc4ccccc34)c2c1=O,7.31695296176115,426.5240000000002,2.7453000000000003,1,5
12718729,CHEMBL2346924,IC50,=,27.6,nM,7.56,CHEMBL284,Dipeptidyl peptidase 4,CC#CCn1c(N2CCC[C@@H](N)C2)nc2ccn(Cc3nc4ccccc4[nH]3)c2c1=O,7.559090917934782,415.5010000000002,2.0733999999999995,2,5
12718730,CHEMBL2346923,IC50,=,44.1,nM,7.36,CHEMBL284,Dipeptidyl peptidase 4,CC#CCn1c(N2CCC[C@@H](N)C2)nc2ccn(Cc3c[nH]c4ccccc34)c2c1=O,7.355561410532162,414.5130000000002,2.6784,2,4
12718731,CHEMBL2346922,IC50,=,44.0,nM,7.36,CHEMBL284,Dipeptidyl peptidase 4,CC#CCn1c(N2CCC[C@@H](N)C2)nc2ccn(Cc3ncccn3)c2c1=O,7.356547323513812,377.45200000000017,0.9870999999999989,1,6
12718732,CHEMBL2346921,IC50,=,460.0,nM,6.34,CHEMBL284,Dipeptidyl peptidase 4,CC#CCn1c(N2CCC[C@@H](N)C2)nc2cc[nH]c2c1=O,6.337242168318426,285.35100000000006,0.6753999999999998,2,4
12718733,CHEMBL2346920,IC50,=,860.0,nM,6.07,CHEMBL284,Dipeptidyl peptidase 4,CC#CCn1c(N2CCC[C@@H](N)C2)nc2c(Br)c[nH]c2c1=O,6.0655015487564325,364.24700000000007,1.4378999999999995,2,4
13322354,CHEMBL2385280,IC50,>,100000.0,nM,,CHEMBL284,Dipeptidyl peptidase 4,N#C[C@@H]1CCCN1C(=O)CNC(=O)c1cccc2cccnc12,4.0,308.34100000000007,1.4791799999999995,1,4
13322355,CHEMBL2385279,IC50,>,100000.0,nM,,CHEMBL284,Dipeptidyl peptidase 4,N#C[C@@H]1CCCN1C(=O)CNC(=O)c1cccc2ccncc12,4.0,308.34100000000007,1.4791799999999993,1,4
13322356,CHEMBL2385278,IC50,>,100000.0,nM,,CHEMBL284,Dipeptidyl peptidase 4,N#C[C@@H]1CCCN1C(=O)CNC(=O)c1cccc2cnccc12,4.0,308.34100000000007,1.4791799999999993,1,4
13322357,CHEMBL2385277,IC50,>,100000.0,nM,,CHEMBL284,Dipeptidyl peptidase 4,N#C[C@@H]1CCCN1C(=O)CNC(=O)c1cccc2ncccc12,4.0,308.34100000000007,1.479179999999999,1,4
13322358,CHEMBL2385276,IC50,>,100000.0,nM,,CHEMBL284,Dipeptidyl peptidase 4,N#C[C@@H]1CCCN1C(=O)CNC(=O)c1cncc2ccccc12,4.0,308.34100000000007,1.4791799999999993,1,4
13322359,CHEMBL2385275,IC50,>,100000.0,nM,,CHEMBL284,Dipeptidyl peptidase 4,N#C[C@@H]1CCCN1C(=O)CNC(=O)c1ccnc2c(Br)cccc12,4.0,387.2370000000001,2.2416799999999997,1,4
13322360,CHEMBL2385274,IC50,>,100000.0,nM,,CHEMBL284,Dipeptidyl peptidase 4,N#C[C@@H]1CCCN1C(=O)CNC(=O)c1ccnc2c(Cl)cccc12,4.0,342.7860000000001,2.13258,1,4
13322361,CHEMBL2385273,IC50,>,100000.0,nM,,CHEMBL284,Dipeptidyl peptidase 4,N#C[C@@H]1CCCN1C(=O)CNC(=O)c1ccnc2cc(Br)ccc12,4.0,387.2370000000001,2.2416799999999997,1,4
13322362,CHEMBL2385272,IC50,>,100000.0,nM,,CHEMBL284,Dipeptidyl peptidase 4,N#C[C@@H]1CCCN1C(=O)CNC(=O)c1ccnc2cc(Cl)ccc12,4.0,342.7860000000001,2.132579999999999,1,4
13322363,CHEMBL2385271,IC50,>,100000.0,nM,,CHEMBL284,Dipeptidyl peptidase 4,COc1ccc2nccc(C(=O)NCC(=O)N3CCC[C@H]3C#N)c2c1,4.0,338.3670000000001,1.4877799999999999,1,5
13322364,CHEMBL2385270,IC50,>,100000.0,nM,,CHEMBL284,Dipeptidyl peptidase 4,N#C[C@@H]1CCCN1C(=O)CNC(=O)c1ccnc2ccc(F)cc12,4.0,326.3310000000001,1.6182799999999995,1,4
13322365,CHEMBL2385302,IC50,>,100000.0,nM,,CHEMBL284,Dipeptidyl peptidase 4,N#C[C@@H]1CCCN1C(=O)CNC(=O)c1ccnc2ccc(OC(F)(F)F)cc12,4.0,392.3370000000001,2.3777799999999996,1,5
13322366,CHEMBL2385301,IC50,>,100000.0,nM,,CHEMBL284,Dipeptidyl peptidase 4,N#C[C@@H]1CCCN1C(=O)CNC(=O)c1ccnc2ccc(Cl)cc12,4.0,342.7860000000001,2.132579999999999,1,4
13322367,CHEMBL2385300,IC50,>,100000.0,nM,,CHEMBL284,Dipeptidyl peptidase 4,N#C[C@@H]1CCCN1C(=O)CNC(=O)c1ccnc2cccc(Br)c12,4.0,387.2370000000001,2.2416799999999997,1,4
13322368,CHEMBL2385299,IC50,>,100000.0,nM,,CHEMBL284,Dipeptidyl peptidase 4,N#C[C@@H]1CCCN1C(=O)CNC(=O)c1ccnc2cccc(Cl)c12,4.0,342.7860000000001,2.132579999999999,1,4
13322369,CHEMBL2385298,IC50,>,100000.0,nM,,CHEMBL284,Dipeptidyl peptidase 4,N#C[C@@H]1CCCN1C(=O)CNC(=O)c1c(O)cnc2ccccc12,4.0,324.3400000000001,1.1847799999999993,2,5
13322370,CHEMBL2385297,IC50,>,100000.0,nM,,CHEMBL284,Dipeptidyl peptidase 4,N#C[C@@H]1CCCN1C(=O)CNC(=O)c1c2c(nc3ccccc13)CCCC2,4.0,362.4330000000002,2.3579800000000004,1,4
13322371,CHEMBL2385296,IC50,>,100000.0,nM,,CHEMBL284,Dipeptidyl peptidase 4,COc1ccc(-c2cc(C(=O)NCC(=O)N3CCC[C@H]3C#N)c3ccccc3n2)cc1,4.0,414.4650000000001,3.1547800000000015,1,5
13322372,CHEMBL2385295,IC50,>,100000.0,nM,,CHEMBL284,Dipeptidyl peptidase 4,N#C[C@@H]1CCCN1C(=O)CNC(=O)c1cc(O)nc2ccccc12,4.0,324.3400000000001,1.1847799999999997,2,5
13322373,CHEMBL2385294,IC50,>,100000.0,nM,,CHEMBL284,Dipeptidyl peptidase 4,Cc1nc2ccccc2c(C(=O)NCC(=O)N2CCC[C@H]2C#N)c1O,4.0,338.367,1.4931999999999999,2,5
13322374,CHEMBL2385293,IC50,>,100000.0,nM,,CHEMBL284,Dipeptidyl peptidase 4,Cc1cc(C(=O)NCC(=O)N2CCC[C@H]2C#N)c2ccccc2n1,4.0,322.368,1.7876,1,4
13322375,CHEMBL2385292,IC50,>,10000.0,nM,,CHEMBL284,Dipeptidyl peptidase 4,N#C[C@@H]1CCCN1C(=O)CN1Cc2ccccc2C1=O,5.0,269.30400000000003,1.15698,0,3
13322376,CHEMBL2385291,IC50,>,10000.0,nM,,CHEMBL284,Dipeptidyl peptidase 4,N#C[C@@H]1CCCN1C(=O)CNC(=O)C12CC3CC(CC(O)(C3)C1)C2,5.0,331.41600000000017,0.9484799999999989,2,4
13322377,CHEMBL2385290,IC50,>,100000.0,nM,,CHEMBL284,Dipeptidyl peptidase 4,N#Cc1ccc(NCC(=O)NCC(=O)N2CCC[C@H]2C#N)nc1,4.0,312.33299999999997,-0.0040400000000000436,2,6
13322378,CHEMBL2385289,IC50,>,100000.0,nM,,CHEMBL284,Dipeptidyl peptidase 4,N#C[C@@H]1CCCN1C(=O)CNS(=O)(=O)c1cccc2ccccc12,4.0,343.4080000000001,1.6326799999999997,1,4
13322379,CHEMBL2385288,IC50,>,100000.0,nM,,CHEMBL284,Dipeptidyl peptidase 4,N#C[C@@H]1CCCN1C(=O)COc1ccc2ccccc2c1,4.0,280.32700000000006,2.733180000000001,0,3
13322380,CHEMBL2385287,IC50,>,100000.0,nM,,CHEMBL284,Dipeptidyl peptidase 4,N#C[C@@H]1CCCN1C(=O)COc1cccc2ccccc12,4.0,280.32700000000006,2.733180000000001,0,3
13322381,CHEMBL2385286,IC50,>,100000.0,nM,,CHEMBL284,Dipeptidyl peptidase 4,N#C[C@@H]1CCCN1C(=O)CNC(=O)Cc1cccc2ccccc12,4.0,321.38000000000005,2.0130799999999995,1,3
13322382,CHEMBL2385285,IC50,>,100000.0,nM,,CHEMBL284,Dipeptidyl peptidase 4,N#C[C@@H]1CCCN1C(=O)CNC(=O)COc1cccc2ccccc12,4.0,337.3790000000001,1.8493799999999996,1,4
13322383,CHEMBL2385284,IC50,>,100000.0,nM,,CHEMBL284,Dipeptidyl peptidase 4,N#C[C@@H]1CCCN1C(=O)CNC(=O)COc1ccc2ccccc2c1,4.0,337.3790000000001,1.8493799999999994,1,4
13322384,CHEMBL2385283,IC50,>,100000.0,nM,,CHEMBL284,Dipeptidyl peptidase 4,N#C[C@@H]1CCCN1C(=O)CNC(=O)c1cc2ccccc2[nH]1,4.0,296.33000000000004,1.4122799999999993,2,3
13322385,CHEMBL2385282,IC50,>,100000.0,nM,,CHEMBL284,Dipeptidyl peptidase 4,N#C[C@@H]1CCCN1C(=O)CNC(=O)c1c[nH]c2ccccc12,4.0,296.33000000000004,1.412279999999999,2,3
13322386,CHEMBL2385281,IC50,>,100000.0,nM,,CHEMBL284,Dipeptidyl peptidase 4,N#C[C@@H]1CCCN1C(=O)CNC(=O)c1ccnc2ccccc12,4.0,308.34100000000007,1.4791799999999993,1,4
13394513,CHEMBL2408638,IC50,=,120.0,nM,6.92,CHEMBL284,Dipeptidyl peptidase 4,CC(C)=CCn1c(OCC(C)(C)CN)nc2c1c(=O)n(CC(=O)c1ccccc1)c(=O)n2C,6.920818753952375,453.54300000000023,2.1094999999999993,1,6
13394515,CHEMBL2408655,IC50,=,9.0,nM,8.05,CHEMBL284,Dipeptidyl peptidase 4,CC(C)=CCn1c(N2CCC3CNCC32)nc2c1c(=O)n(CC(=O)c1ccccc1)c(=O)n2C,8.045757490560675,462.55400000000026,1.5438999999999998,1,6
13394528,CHEMBL2408639,IC50,=,2500.0,nM,5.6,CHEMBL284,Dipeptidyl peptidase 4,CC(C)=CCn1c(OCC(C)(C)N)nc2c1c(=O)n(CC(=O)c1ccccc1)c(=O)n2C,5.6020599913279625,439.5160000000002,1.8618999999999997,1,6
13394530,CHEMBL2408651,IC50,=,290.0,nM,6.54,CHEMBL284,Dipeptidyl peptidase 4,CC(C)=CCn1c(OC[C@@H]2CCCN2)nc2c1c(=O)n(CC(=O)c1ccccc1)c(=O)n2C,6.5376020021010435,451.5270000000002,1.8765999999999996,1,6
13394531,CHEMBL2408649,IC50,>,5000.0,nM,,CHEMBL284,Dipeptidyl peptidase 4,CC(C)=CCn1c(OC[C@H]2CCCN2)nc2c1c(=O)n(CC(=O)c1ccccc1)c(=O)n2C,5.301029995663981,451.5270000000002,1.8765999999999996,1,6
13394532,CHEMBL2408646,IC50,=,910.0,nM,6.04,CHEMBL284,Dipeptidyl peptidase 4,CC(C)=CCn1c(O[C@@H]2CCNC2)nc2c1c(=O)n(CC(=O)c1ccccc1)c(=O)n2C,6.040958607678906,437.50000000000017,1.4864999999999993,1,6
13394533,CHEMBL2408644,IC50,=,715.0,nM,6.15,CHEMBL284,Dipeptidyl peptidase 4,CC(C)=CCn1c(O[C@H]2CCNC2)nc2c1c(=O)n(CC(=O)c1ccccc1)c(=O)n2C,6.145693958198919,437.50000000000017,1.4864999999999993,1,6
13394534,CHEMBL2408643,IC50,>,1000.0,nM,,CHEMBL284,Dipeptidyl peptidase 4,CC(C)=CCn1c(OC2CCNCC2)nc2c1c(=O)n(CC(=O)c1ccccc1)c(=O)n2C,6.0,451.5270000000002,1.8765999999999996,1,6
13394535,CHEMBL2408642,IC50,=,100.0,nM,7.0,CHEMBL284,Dipeptidyl peptidase 4,CC(C)=CCn1c(N2CCC3CNCC32)nc2c1c(=O)n(C)c(=O)n2C,7.0,358.44600000000014,0.19800000000000106,1,5
13394536,CHEMBL2408774,IC50,=,645.0,nM,6.19,CHEMBL284,Dipeptidyl peptidase 4,CC(C)=CCn1c(N2CC3CCNC3C2)nc2c1c(=O)n(CC(=O)c1ccccc1)c(=O)n2C,6.1904402853647325,462.55400000000026,1.5438999999999998,1,6
13394537,CHEMBL2408771,IC50,=,1.6,nM,8.8,CHEMBL284,Dipeptidyl peptidase 4,CC(C)=CCn1c(N2CC3CCCNC3C2)nc2c1c(=O)n(CC(=O)c1ccccc1)c(=O)n2C,8.795880017344075,476.5810000000003,1.9339999999999995,1,6
13421613,CHEMBL2418634,IC50,=,15.7,nM,7.8,CHEMBL284,Dipeptidyl peptidase 4,COc1ccc(Cn2cc(-c3ccc(C[C@H](N)C(=O)N4CCC[C@H]4C#N)cc3)nn2)cc1OC.Cl,7.804100347590766,496.9990000000002,2.816780000000001,1,7
13421614,CHEMBL2418633,IC50,=,10.02,nM,8.0,CHEMBL284,Dipeptidyl peptidase 4,Cl.N#C[C@@H]1CCCN1C(=O)[C@@H](N)Cc1ccc(-c2cn(Cc3ccc(Cl)c(Cl)c3)nn2)cc1,7.999132278468773,505.8370000000002,4.106380000000002,1,5
13421615,CHEMBL2418632,IC50,=,8.57,nM,8.07,CHEMBL284,Dipeptidyl peptidase 4,Cl.N#C[C@@H]1CCCN1C(=O)[C@@H](N)Cc1ccc(-c2cn(Cc3ccc(F)c(F)c3)nn2)cc1,8.067019178076801,472.92700000000013,3.0777800000000015,1,5
13421616,CHEMBL2418631,IC50,=,4.35,nM,8.36,CHEMBL284,Dipeptidyl peptidase 4,COc1ccc(Cn2cc(-c3ccc(C[C@H](N)C(=O)N4CCC[C@H]4C#N)cc3)nn2)cc1.Cl,8.361510743045363,466.9730000000001,2.8081800000000015,1,6
13421617,CHEMBL2418630,IC50,=,7.5,nM,8.12,CHEMBL284,Dipeptidyl peptidase 4,COc1cccc(Cn2cc(-c3ccc(C[C@H](N)C(=O)N4CCC[C@H]4C#N)cc3)nn2)c1.Cl,8.1249387366083,466.9730000000001,2.8081800000000015,1,6
13421618,CHEMBL2418629,IC50,=,20.84,nM,7.68,CHEMBL284,Dipeptidyl peptidase 4,COc1ccccc1Cn1cc(-c2ccc(C[C@H](N)C(=O)N3CCC[C@H]3C#N)cc2)nn1.Cl,7.681102285372513,466.9730000000001,2.8081800000000015,1,6
13421619,CHEMBL2418628,IC50,=,6.05,nM,8.22,CHEMBL284,Dipeptidyl peptidase 4,Cl.N#C[C@@H]1CCCN1C(=O)[C@@H](N)Cc1ccc(-c2cn(Cc3ccc(Cl)cc3)nn2)cc1,8.21824462534753,471.39200000000017,3.452980000000002,1,5
13421620,CHEMBL2417563,IC50,=,10.45,nM,7.98,CHEMBL284,Dipeptidyl peptidase 4,Cl.N#C[C@@H]1CCCN1C(=O)[C@@H](N)Cc1ccc(-c2cn(Cc3cccc(Cl)c3)nn2)cc1,7.980883709552927,471.39200000000017,3.452980000000002,1,5
13421621,CHEMBL2418627,IC50,=,15.24,nM,7.82,CHEMBL284,Dipeptidyl peptidase 4,Cl.N#C[C@@H]1CCCN1C(=O)[C@@H](N)Cc1ccc(-c2cn(Cc3ccccc3Cl)nn2)cc1,7.8170150329964185,471.39200000000017,3.452980000000002,1,5
13421622,CHEMBL2418626,IC50,=,3.79,nM,8.42,CHEMBL284,Dipeptidyl peptidase 4,Cl.N#C[C@@H]1CCCN1C(=O)[C@@H](N)Cc1ccc(-c2cn(Cc3ccc(F)cc3)nn2)cc1,8.421360790031928,454.9370000000001,2.9386800000000015,1,5
13421623,CHEMBL2418625,IC50,=,7.56,nM,8.12,CHEMBL284,Dipeptidyl peptidase 4,Cl.N#C[C@@H]1CCCN1C(=O)[C@@H](N)Cc1ccc(-c2cn(Cc3cccc(F)c3)nn2)cc1,8.121478204498793,454.9370000000001,2.9386800000000015,1,5
13421624,CHEMBL2418624,IC50,=,19.54,nM,7.71,CHEMBL284,Dipeptidyl peptidase 4,Cl.N#C[C@@H]1CCCN1C(=O)[C@@H](N)Cc1ccc(-c2cn(Cc3ccccc3F)nn2)cc1,7.709075440617245,454.9370000000001,2.9386800000000015,1,5
13421625,CHEMBL2418639,IC50,=,8.28,nM,8.08,CHEMBL284,Dipeptidyl peptidase 4,Cl.N#C[C@@H]1CCCN1C(=O)[C@@H](N)Cc1ccc(-c2cn(Cc3cccs3)nn2)cc1,8.08196966321512,442.9760000000001,2.861080000000001,1,6
13421626,CHEMBL2418638,IC50,=,17.61,nM,7.75,CHEMBL284,Dipeptidyl peptidase 4,Cl.N#C[C@@H]1CCCN1C(=O)[C@@H](N)Cc1ccc(-c2cn(Cc3ccncc3)nn2)cc1,7.754240644032723,437.9350000000001,2.1945799999999993,1,6
13421627,CHEMBL2418637,IC50,=,25.5,nM,7.59,CHEMBL284,Dipeptidyl peptidase 4,Cl.N#C[C@@H]1CCCN1C(=O)[C@@H](N)Cc1ccc(-c2cn(CCc3ccccc3)nn2)cc1,7.5934598195660445,450.97400000000016,2.9939800000000014,1,5
13421628,CHEMBL2418636,IC50,=,9.39,nM,8.03,CHEMBL284,Dipeptidyl peptidase 4,Cl.N#C[C@@H]1CCCN1C(=O)[C@@H](N)Cc1ccc(-c2cn(Cc3ccccc3)nn2)cc1,8.027334407733889,436.9470000000001,2.7995800000000006,1,5
13421629,CHEMBL2418635,IC50,=,265.0,nM,6.58,CHEMBL284,Dipeptidyl peptidase 4,Cl.Cn1cc(-c2ccc(C[C@H](N)C(=O)N3CCC[C@H]3C#N)cc2)nn1,6.576754126063192,360.84900000000005,1.2882799999999994,1,5
13441650,CHEMBL2425883,IC50,>,10000.0,nM,,CHEMBL284,Dipeptidyl peptidase 4,CC#CCn1c(N2CCC[C@@H](N)C2)cc(=O)n(Cc2ccccc2)c1=O,5.0,352.43800000000005,1.0090999999999992,1,4
13441651,CHEMBL2425882,IC50,=,2177.5,nM,5.66,CHEMBL284,Dipeptidyl peptidase 4,CC#CCn1c(N2CCC[C@@H](N)C2)cc(=O)n(CC#CC)c1=O,5.6620418363203,314.38900000000007,-0.01589999999999958,1,4
13441652,CHEMBL2424672,IC50,=,198.0,nM,6.7,CHEMBL284,Dipeptidyl peptidase 4,CC#CCn1c(N2CCC[C@@H](N)C2)cc(=O)n(C)c1=O,6.703334809738469,276.34000000000003,-0.5021999999999986,1,4
13441696,CHEMBL2425887,IC50,=,31.3,nM,7.5,CHEMBL284,Dipeptidyl peptidase 4,CC#CCn1c(N2CCC[C@@H](N)C2)cc(=O)n(Cc2ccc3c(ccc4ccccc43)n2)c1=O,7.504455662453552,453.54600000000016,2.7105000000000006,1,5
13441698,CHEMBL2425885,IC50,=,22.0,nM,7.66,CHEMBL284,Dipeptidyl peptidase 4,CC#CCn1c(N2CCC[C@@H](N)C2)cc(=O)n(Cc2nc3ccccc3[nH]2)c1=O,7.657577319177793,392.4630000000001,0.8853999999999991,2,5
13441701,CHEMBL2425888,IC50,=,10.8,nM,7.97,CHEMBL284,Dipeptidyl peptidase 4,CC#CCn1c(N2CCC[C@@H](N)C2)cc(=O)n(Cc2ccc3cc(Br)ccc3n2)c1=O,7.966576244513051,482.3820000000001,2.3198,1,5
13441702,CHEMBL2425891,IC50,=,9.1,nM,8.04,CHEMBL284,Dipeptidyl peptidase 4,CC#CCn1c(N2CCC[C@@H](N)C2)cc(=O)n(Cc2ccc3cc(C)ccc3n2)c1=O,8.040958607678906,417.51300000000015,1.8657199999999994,1,5
13441704,CHEMBL2425889,IC50,=,6.6,nM,8.18,CHEMBL284,Dipeptidyl peptidase 4,CC#CCn1c(N2CCC[C@@H](N)C2)cc(=O)n(Cc2ccc3cc(Cl)ccc3n2)c1=O,8.18045606445813,437.9310000000001,2.210699999999999,1,5
13441708,CHEMBL2425884,IC50,=,3.4,nM,8.47,CHEMBL284,Dipeptidyl peptidase 4,CC#CCn1c(N2CCC[C@@H](N)C2)cc(=O)n(Cc2ncccn2)c1=O,8.468521082957745,354.41400000000004,-0.20089999999999897,1,6
13441709,CHEMBL2425886,IC50,=,3.1,nM,8.51,CHEMBL284,Dipeptidyl peptidase 4,CC#CCn1c(N2CCC[C@@H](N)C2)cc(=O)n(Cc2ccc3ccccc3n2)c1=O,8.508638306165727,403.4860000000001,1.5572999999999992,1,5
13441711,CHEMBL2425890,IC50,=,2.0,nM,8.7,CHEMBL284,Dipeptidyl peptidase 4,CC#CCn1c(N2CCC[C@@H](N)C2)cc(=O)n(Cc2ccc3cc(F)ccc3n2)c1=O,8.698970004336019,421.4760000000001,1.6964,1,5
13441712,CHEMBL2425892,IC50,=,1.9,nM,8.72,CHEMBL284,Dipeptidyl peptidase 4,CC#CCn1c(N2CCC[C@@H](N)C2)cc(=O)n(Cc2ccc3cc(OC)ccc3n2)c1=O,8.721246399047171,433.51200000000017,1.5658999999999992,1,6
13441714,CHEMBL2425895,IC50,=,1.2,nM,8.92,CHEMBL284,Dipeptidyl peptidase 4,CC#CCn1c(N2CCC[C@@H](N)C2)cc(=O)n(Cc2cc(Cl)c3ccccc3n2)c1=O,8.920818753952375,437.93100000000015,2.2107,1,5
13441717,CHEMBL2425894,IC50,=,0.7,nM,9.15,CHEMBL284,Dipeptidyl peptidase 4,CC#CCn1c(N2CCC[C@@H](N)C2)cc(=O)n(Cc2ccc3ccc(F)cc3n2)c1=O,9.154901959985743,421.4760000000001,1.6963999999999995,1,5
13441719,CHEMBL2425893,IC50,=,0.4,nM,9.4,CHEMBL284,Dipeptidyl peptidase 4,CC#CCn1c(N2CCC[C@@H](N)C2)cc(=O)n(Cc2ccc3ccc(Cl)cc3n2)c1=O,9.397940008672037,437.9310000000001,2.210699999999999,1,5
13452829,CHEMBL2425082,IC50,>,100000.0,nM,,CHEMBL284,Dipeptidyl peptidase 4,N[C@@H]1C[C@@H](N2Cc3cn[nH]c3C2)CO[C@@H]1c1cc(F)ccc1F,4.0,320.343,1.8609999999999998,2,4
13452838,CHEMBL2425078,IC50,=,38000.0,nM,4.42,CHEMBL284,Dipeptidyl peptidase 4,N[C@@H]1C[C@@H](N2Cc3cn[nH]c3C2)CO[C@H]1c1cc(F)ccc1F,4.42021640338319,320.343,1.8609999999999998,2,4
13452841,CHEMBL2425080,IC50,=,26600.0,nM,4.58,CHEMBL284,Dipeptidyl peptidase 4,N[C@H]1C[C@H](N2Cc3cn[nH]c3C2)CO[C@H]1c1cc(F)ccc1F,4.575118363368933,320.343,1.8609999999999998,2,4
13452842,CHEMBL2425077,IC50,=,24400.0,nM,4.61,CHEMBL284,Dipeptidyl peptidase 4,N[C@@H]1C[C@H](N2Cc3cn[nH]c3C2)CO[C@H]1c1cc(F)ccc1F,4.61261017366127,320.343,1.8609999999999998,2,4
13452847,CHEMBL2425081,IC50,=,13100.0,nM,4.88,CHEMBL284,Dipeptidyl peptidase 4,N[C@@H]1C[C@H](N2Cc3cn[nH]c3C2)CO[C@@H]1c1cc(F)ccc1F,4.882728704344236,320.343,1.8609999999999998,2,4
13452848,CHEMBL2425065,IC50,=,12600.0,nM,4.9,CHEMBL284,Dipeptidyl peptidase 4,CC1(C)c2cnc(C3CC3)nc2CN1[C@H]1CO[C@H](c2cc(F)ccc2F)[C@@H](N)C1,4.899629454882437,400.47300000000007,3.5404000000000018,1,5
13452852,CHEMBL2425079,IC50,=,2800.0,nM,5.55,CHEMBL284,Dipeptidyl peptidase 4,N[C@H]1C[C@@H](N2Cc3cn[nH]c3C2)CO[C@H]1c1cc(F)ccc1F,5.552841968657781,320.343,1.8609999999999998,2,4
13452853,CHEMBL2425066,IC50,=,720.0,nM,6.14,CHEMBL284,Dipeptidyl peptidase 4,N[C@H]1C[C@@H](N2Cc3ccccc3C2=O)CO[C@@H]1c1cc(F)ccc1F,6.142667503568732,344.361,2.778100000000001,1,3
13452857,CHEMBL2425062,IC50,=,140.0,nM,6.85,CHEMBL284,Dipeptidyl peptidase 4,N[C@H]1C[C@@H](n2cc3cnc(C4CC4)nc3c2)CO[C@@H]1c1cc(F)c(F)cc1F,6.853871964321762,388.39300000000003,3.756000000000003,1,4
13452858,CHEMBL2425067,IC50,=,125.0,nM,6.9,CHEMBL284,Dipeptidyl peptidase 4,N[C@H]1C[C@@H](N2Cc3ccccc3O2)CO[C@@H]1c1cc(F)ccc1F,6.903089986991944,332.35,2.931700000000001,1,4
13452863,CHEMBL2425071,IC50,=,64.0,nM,7.19,CHEMBL284,Dipeptidyl peptidase 4,N[C@H]1C[C@@H](N2Cc3cn[nH]c3C2)CO[C@@H]1c1ccccc1Cl,7.1938200260161125,318.808,2.2362,2,4
13452864,CHEMBL2425076,IC50,=,56.0,nM,7.25,CHEMBL284,Dipeptidyl peptidase 4,N[C@H]1C[C@H](N2Cc3cn[nH]c3C2)CO[C@@H]1c1cc(F)ccc1F,7.251811972993799,320.343,1.8609999999999998,2,4
13452867,CHEMBL2425073,IC50,=,48.0,nM,7.32,CHEMBL284,Dipeptidyl peptidase 4,N[C@H]1C[C@@H](N2Cc3cn[nH]c3C2)CO[C@@H]1c1cc(F)c(Cl)cc1F,7.318758762624412,354.788,2.514400000000001,2,4
13452869,CHEMBL2425074,IC50,=,37.0,nM,7.43,CHEMBL284,Dipeptidyl peptidase 4,N[C@H]1C[C@@H](N2Cc3cn[nH]c3C2)CO[C@@H]1c1cc(F)ccc1Cl,7.431798275933005,336.798,2.3753,2,4
13452870,CHEMBL2425063,IC50,=,37.0,nM,7.43,CHEMBL284,Dipeptidyl peptidase 4,N[C@H]1C[C@@H](N2CCn3c(nnc3C(F)(F)F)C2)CO[C@@H]1c1cc(F)ccc1F,7.431798275933005,403.3550000000001,2.2481999999999998,1,5
13452874,CHEMBL2425072,IC50,=,27.0,nM,7.57,CHEMBL284,Dipeptidyl peptidase 4,N[C@H]1C[C@@H](N2Cc3cn[nH]c3C2)CO[C@@H]1c1ccc(F)cc1F,7.568636235841013,320.343,1.8609999999999995,2,4
13452875,CHEMBL2425064,IC50,=,27.0,nM,7.57,CHEMBL284,Dipeptidyl peptidase 4,CC1(C)c2nc(C3CC3)ncc2CN1[C@H]1CO[C@H](c2cc(F)ccc2F)[C@@H](N)C1,7.568636235841013,400.4730000000001,3.5404000000000018,1,5
13452879,CHEMBL2425068,IC50,=,11.0,nM,7.96,CHEMBL284,Dipeptidyl peptidase 4,Cc1nc2c(o1)CN([C@H]1CO[C@H](c3cc(F)ccc3F)[C@@H](N)C1)C2,7.958607314841775,335.3540000000001,2.4343200000000005,1,5
13452896,CHEMBL2425069,IC50,=,1.6,nM,8.8,CHEMBL284,Dipeptidyl peptidase 4,N[C@H]1C[C@@H](N2Cc3nc(C(F)(F)F)[nH]c3C2)CO[C@@H]1c1cc(F)ccc1F,8.795880017344075,388.34000000000003,2.8798000000000012,2,4
13452898,CHEMBL2425070,IC50,=,1.4,nM,8.85,CHEMBL284,Dipeptidyl peptidase 4,N[C@H]1C[C@@H](N2Cc3cn[nH]c3C2)CO[C@@H]1c1cc(F)ccc1F,8.853871964321762,320.343,1.8609999999999998,2,4
13452899,CHEMBL2425060,IC50,=,1.3,nM,8.89,CHEMBL284,Dipeptidyl peptidase 4,N[C@H]1C[C@@H](N2Cc3cnc(C(F)(F)F)nc3C2)CO[C@@H]1c1cc(F)c(F)cc1F,8.886056647693163,418.34100000000007,3.0858000000000017,1,5
13452901,CHEMBL2425075,IC50,=,1.0,nM,9.0,CHEMBL284,Dipeptidyl peptidase 4,N[C@H]1C[C@@H](N2Cc3cn[nH]c3C2)CO[C@@H]1c1cc(F)c(F)cc1F,9.0,338.333,2.0000999999999998,2,4
13452903,CHEMBL2425061,IC50,=,0.66,nM,9.18,CHEMBL284,Dipeptidyl peptidase 4,N[C@H]1C[C@@H](N2Cc3cnc(C4CC4)nc3C2)CO[C@@H]1c1cc(F)c(F)cc1F,9.18045606445813,390.409,2.944400000000001,1,5
13452905,CHEMBL2425059,IC50,=,0.5,nM,9.3,CHEMBL284,Dipeptidyl peptidase 4,N[C@H]1C[C@@H](N2Cc3cnc(C(F)(F)F)nc3C2)CC[C@@H]1c1cc(F)c(F)cc1F,9.301029995663981,416.3690000000001,3.8919000000000032,1,4
13856207,CHEMBL3093901,IC50,=,209.0,nM,6.68,CHEMBL284,Dipeptidyl peptidase 4,N#C[C@@H]1CCCN1C(=O)[C@@H](N)Cc1cccc(C(F)(F)F)c1,6.679853713888946,311.307,2.0897799999999993,1,3
13856215,CHEMBL3093900,IC50,=,63.0,nM,7.2,CHEMBL284,Dipeptidyl peptidase 4,N#Cc1cccc(C[C@H](N)C(=O)N2CCC[C@H]2C#N)c1,7.200659450546418,268.31999999999994,0.9426599999999999,1,4
13856222,CHEMBL3093899,IC50,=,46.0,nM,7.34,CHEMBL284,Dipeptidyl peptidase 4,N#C[C@@H]1CCCN1C(=O)[C@@H](N)Cc1ccccc1C(F)(F)F,7.337242168318426,311.307,2.0897799999999993,1,3
13856229,CHEMBL3093898,IC50,=,27.0,nM,7.57,CHEMBL284,Dipeptidyl peptidase 4,N#Cc1ccccc1C[C@H](N)C(=O)N1CCC[C@H]1C#N,7.568636235841013,268.31999999999994,0.9426599999999997,1,4
13856236,CHEMBL3093897,IC50,=,42.0,nM,7.38,CHEMBL284,Dipeptidyl peptidase 4,Cc1ccccc1C[C@H](N)C(=O)N1CCC[C@H]1C#N,7.376750709602099,257.33699999999993,1.3794000000000002,1,3
13856244,CHEMBL200347,IC50,=,145.0,nM,6.84,CHEMBL284,Dipeptidyl peptidase 4,N#C[C@@H]1CCCN1C(=O)[C@@H](N)Cc1ccc(-c2ccccc2)cc1,6.838631997765025,319.408,2.7379800000000003,1,3
13856251,CHEMBL3093896,IC50,=,4.0,nM,8.4,CHEMBL284,Dipeptidyl peptidase 4,N#C[C@@H]1CCCN1C(=O)[C@@H](N)Cc1ccc(Br)cc1,8.397940008672037,322.206,1.8334799999999996,1,3
13856258,CHEMBL3093925,IC50,=,4.0,nM,8.4,CHEMBL284,Dipeptidyl peptidase 4,N#C[C@@H]1CCCN1C(=O)[C@@H](N)Cc1ccc(Cl)cc1,8.397940008672037,277.755,1.7243799999999996,1,3
13856265,CHEMBL3093924,IC50,=,31.0,nM,7.51,CHEMBL284,Dipeptidyl peptidase 4,N#C[C@@H]1CCCN1C(=O)[C@@H](N)Cc1ccc(C(F)(F)F)cc1,7.508638306165727,311.307,2.0897799999999997,1,3
13856273,CHEMBL3093923,IC50,=,21.0,nM,7.68,CHEMBL284,Dipeptidyl peptidase 4,N#Cc1ccc(C[C@H](N)C(=O)N2CCC[C@H]2C#N)cc1,7.6777807052660805,268.31999999999994,0.9426599999999997,1,4
13856279,CHEMBL3093922,IC50,=,20.0,nM,7.7,CHEMBL284,Dipeptidyl peptidase 4,N#C[C@@H]1CCCN1C(=O)[C@@H](N)Cc1ccc([N+](=O)[O-])cc1,7.698970004336019,288.307,0.9791799999999996,1,5
13856285,CHEMBL3093921,IC50,=,75.0,nM,7.12,CHEMBL284,Dipeptidyl peptidase 4,N#C[C@@H]1CCCN1C(=O)[C@@H](N)Cc1ccc(N)cc1,7.1249387366083,258.325,0.6531799999999993,2,4
13856292,CHEMBL3093920,IC50,=,29.0,nM,7.54,CHEMBL284,Dipeptidyl peptidase 4,COc1ccc(C[C@H](N)C(=O)N2CCC[C@H]2C#N)cc1,7.5376020021010435,273.33599999999996,1.07958,1,4
13856299,CHEMBL3093919,IC50,=,17.0,nM,7.77,CHEMBL284,Dipeptidyl peptidase 4,Cc1ccc(C[C@H](N)C(=O)N2CCC[C@H]2C#N)cc1,7.769551078621726,257.337,1.3793999999999997,1,3
13856306,CHEMBL3093918,IC50,=,11.0,nM,7.96,CHEMBL284,Dipeptidyl peptidase 4,N#C[C@@H]1CCCN1C(=O)[C@@H](N)Cc1ccc(F)cc1,7.958607314841775,261.3,1.2100799999999994,1,3
13856312,CHEMBL3093917,IC50,=,248.0,nM,6.61,CHEMBL284,Dipeptidyl peptidase 4,N#C[C@@H]1CCCN1C(=O)[C@@H](N)Cc1cccc(F)c1,6.605548319173784,261.3,1.2100799999999996,1,3
13856319,CHEMBL3093916,IC50,=,18.0,nM,7.75,CHEMBL284,Dipeptidyl peptidase 4,N#C[C@@H]1CCCN1C(=O)[C@@H](N)Cc1ccccc1F,7.7447274948966935,261.3,1.2100799999999994,1,3
13856325,CHEMBL201268,IC50,=,27.0,nM,7.57,CHEMBL284,Dipeptidyl peptidase 4,N#C[C@@H]1CCCN1C(=O)[C@@H](N)Cc1ccccc1,7.568636235841013,243.31000000000003,1.0709799999999992,1,3
13856332,CHEMBL3093915,IC50,=,60.0,nM,7.22,CHEMBL284,Dipeptidyl peptidase 4,N#C[C@@H]1C[C@H](F)CN1C(=O)[C@@H](N)Cc1cc(F)cc(F)c1F,7.221848749616356,315.27,1.4362800000000002,1,3
13856339,CHEMBL3091488,IC50,=,23.0,nM,7.64,CHEMBL284,Dipeptidyl peptidase 4,N#C[C@@H]1C[C@H](F)CN1C(=O)[C@@H](N)Cc1ccc(F)c(F)c1F,7.638272163982407,315.27,1.43628,1,3
13856346,CHEMBL3093914,IC50,=,17.0,nM,7.77,CHEMBL284,Dipeptidyl peptidase 4,N#C[C@@H]1C[C@H](F)CN1C(=O)[C@@H](N)Cc1cc(F)c(F)cc1F,7.769551078621726,315.27,1.4362800000000004,1,3
13856353,CHEMBL3093913,IC50,=,6.0,nM,8.22,CHEMBL284,Dipeptidyl peptidase 4,N#C[C@@H]1C[C@H](F)CN1C(=O)[C@@H](N)Cc1ccc(F)cc1F,8.221848749616356,297.28,1.29718,1,3
13856360,CHEMBL3093912,IC50,=,20.0,nM,7.7,CHEMBL284,Dipeptidyl peptidase 4,N#C[C@@H]1C[C@H](F)CN1C(=O)[C@@H](N)Cc1ccccc1C(F)(F)F,7.698970004336019,329.297,2.03778,1,3
13856367,CHEMBL3093911,IC50,=,22.0,nM,7.66,CHEMBL284,Dipeptidyl peptidase 4,N#Cc1ccccc1C[C@H](N)C(=O)N1C[C@@H](F)C[C@H]1C#N,7.657577319177793,286.30999999999995,0.8906600000000001,1,4
13856374,CHEMBL3093910,IC50,=,94.0,nM,7.03,CHEMBL284,Dipeptidyl peptidase 4,N#C[C@@H]1C[C@H](F)CN1C(=O)[C@@H](N)Cc1ccc(OCc2ccccc2)cc1,7.026872146400302,367.4240000000001,2.5979800000000006,1,4
13856381,CHEMBL3093909,IC50,=,125.0,nM,6.9,CHEMBL284,Dipeptidyl peptidase 4,CC(C)(C)c1ccc(C[C@H](N)C(=O)N2C[C@@H](F)C[C@H]2C#N)cc1,6.903089986991944,317.40799999999996,2.3164800000000003,1,3
13856387,CHEMBL3093908,IC50,=,6.0,nM,8.22,CHEMBL284,Dipeptidyl peptidase 4,N#C[C@@H]1C[C@H](F)CN1C(=O)[C@@H](N)Cc1ccc(C(F)(F)F)cc1,8.221848749616356,329.29699999999997,2.0377800000000006,1,3
13856394,CHEMBL3093907,IC50,=,5.0,nM,8.3,CHEMBL284,Dipeptidyl peptidase 4,N#Cc1ccc(C[C@H](N)C(=O)N2C[C@@H](F)C[C@H]2C#N)cc1,8.301029995663981,286.30999999999995,0.8906599999999995,1,4
13856401,CHEMBL3093906,IC50,=,292.0,nM,6.54,CHEMBL284,Dipeptidyl peptidase 4,N#C[C@@H]1C[C@H](F)CN1C(=O)[C@@H](N)Cc1ccc([N+](=O)[O-])cc1,6.534617148551582,306.297,0.9271800000000002,1,5
13856408,CHEMBL3093905,IC50,=,15.0,nM,7.82,CHEMBL284,Dipeptidyl peptidase 4,COc1ccc(C[C@H](N)C(=O)N2C[C@@H](F)C[C@H]2C#N)cc1,7.823908740944319,291.32599999999996,1.0275799999999995,1,4
13856415,CHEMBL3093904,IC50,=,4.0,nM,8.4,CHEMBL284,Dipeptidyl peptidase 4,Cc1ccc(C[C@H](N)C(=O)N2C[C@@H](F)C[C@H]2C#N)cc1,8.397940008672037,275.327,1.3273999999999995,1,3
13856422,CHEMBL3093903,IC50,=,3.0,nM,8.52,CHEMBL284,Dipeptidyl peptidase 4,N#C[C@@H]1C[C@H](F)CN1C(=O)[C@@H](N)Cc1ccc(F)cc1,8.522878745280337,279.28999999999996,1.15808,1,3
13856471,CHEMBL3093902,IC50,=,17.0,nM,7.77,CHEMBL284,Dipeptidyl peptidase 4,N#C[C@@H]1C[C@H](F)CN1C(=O)[C@@H](N)Cc1ccccc1,7.769551078621726,261.3,1.01898,1,3
13903876,CHEMBL3112963,IC50,=,60000.0,nM,4.22,CHEMBL284,Dipeptidyl peptidase 4,CO[C@H]1CC[C@](CN)(c2ccccc2)CC1,4.221848749616356,219.32800000000003,2.4721,1,2
13903888,CHEMBL3112962,IC50,=,19900.0,nM,4.7,CHEMBL284,Dipeptidyl peptidase 4,NC[C@]1(c2ccccc2)CC[C@H](OCc2ccccc2)CC1,4.701146923590294,295.426,4.042500000000003,1,2
13903892,CHEMBL3112965,IC50,=,15700.0,nM,4.8,CHEMBL284,Dipeptidyl peptidase 4,CO[C@H]1CC[C@](CN)(c2cc(F)c(F)cc2F)CC1,4.804100347590766,273.29800000000006,2.889400000000001,1,2
13903897,CHEMBL3112961,IC50,=,11900.0,nM,4.92,CHEMBL284,Dipeptidyl peptidase 4,NC[C@]1(c2ccccc2)CC[C@H](OC/C=C/c2ccccc2)CC1,4.924453038607469,321.464,4.555700000000004,1,2
13903910,CHEMBL3112964,IC50,=,4200.0,nM,5.38,CHEMBL284,Dipeptidyl peptidase 4,CO[C@H]1CC[C@](CN)(c2cccc(Cl)c2)CC1,5.376750709602099,253.77300000000002,3.1255000000000015,1,2
13903922,CHEMBL3112969,IC50,=,250.0,nM,6.6,CHEMBL284,Dipeptidyl peptidase 4,NC[C@]1(c2cccc(Cl)c2)CC[C@H](N2CCCCC2)CC1,6.6020599913279625,306.8810000000001,3.9650000000000034,1,2
13903923,CHEMBL3112957,IC50,=,200.0,nM,6.7,CHEMBL284,Dipeptidyl peptidase 4,NC[C@]1(c2cccc(Cl)c2)CC[C@H](n2ncccc2=O)CC1,6.698970004336019,317.8200000000001,2.908500000000002,1,3
13903924,CHEMBL3112958,IC50,=,40.0,nM,7.4,CHEMBL284,Dipeptidyl peptidase 4,Cc1ccc(=O)n([C@H]2CC[C@](CN)(c3cccc(Cl)c3)CC2)n1,7.3979400086720375,331.8470000000001,3.216920000000002,1,3
13903925,CHEMBL3112970,IC50,=,40.0,nM,7.4,CHEMBL284,Dipeptidyl peptidase 4,NC[C@]1(c2cccc(Cl)c2)CC[C@H](N2CCn3c(nnc3C(F)(F)F)C2)CC1,7.3979400086720375,413.8750000000001,3.6052000000000026,1,4
13903926,CHEMBL3112966,IC50,=,20.0,nM,7.7,CHEMBL284,Dipeptidyl peptidase 4,NC[C@]1(c2cccc(Cl)c2)CC[C@H](N2CCCCC2=O)CC1,7.698970004336019,320.8640000000001,3.4916000000000027,1,2
13903929,CHEMBL3112971,IC50,=,9.0,nM,8.05,CHEMBL284,Dipeptidyl peptidase 4,NC[C@]1(c2cccc(Cl)c2)CC[C@H](N2CCc3c(nc(C(F)(F)F)nc3C3CC3)C2)CC1,8.045757490560675,464.9630000000002,5.223600000000006,1,4
13903930,CHEMBL3112967,IC50,=,7.0,nM,8.15,CHEMBL284,Dipeptidyl peptidase 4,NC[C@]1(c2cccc(Cl)c2)CC[C@H](N2CCn3c(nnc3C(F)(F)F)C2=O)CC1,8.154901959985743,427.8580000000001,3.245400000000002,1,4
13903932,CHEMBL3112960,IC50,=,4.0,nM,8.4,CHEMBL284,Dipeptidyl peptidase 4,NC[C@]1(c2cccc(Cl)c2)CC[C@H](n2nc(-c3cccnc3)ccc2=O)CC1,8.397940008672037,394.9060000000001,3.970500000000003,1,4
13903933,CHEMBL3112959,IC50,=,3.0,nM,8.52,CHEMBL284,Dipeptidyl peptidase 4,NC[C@]1(c2cccc(Cl)c2)CC[C@H](n2nc(-c3ccccc3)ccc2=O)CC1,8.522878745280337,393.9180000000001,4.5755000000000035,1,3
13903934,CHEMBL3112968,IC50,=,2.0,nM,8.7,CHEMBL284,Dipeptidyl peptidase 4,NC[C@]1(c2cccc(Cl)c2)CC[C@H](N2CCc3c(nc(C(F)(F)F)nc3C3CC3)C2=O)CC1,8.698970004336019,478.9460000000002,4.863800000000005,1,4
13910923,CHEMBL3114069,IC50,=,4364.0,nM,5.36,CHEMBL284,Dipeptidyl peptidase 4,N#C[C@@H]1C[C@H]2C[C@H]2N1C(=O)[C@@H](N)C12CC3CC(CC(O)(C3)C1)C2,5.360115258083696,315.4170000000001,1.157979999999999,2,4
13959522,CHEMBL3127979,IC50,=,113600.0,nM,,CHEMBL284,Dipeptidyl peptidase 4,N#C[C@@H]1CCCN1C(=O)[C@@H](N)Cc1ccoc1,3.944621668625,233.27100000000002,0.6639799999999995,1,4
13960730,CHEMBL3127983,IC50,=,520.0,nM,6.28,CHEMBL284,Dipeptidyl peptidase 4,N#C[C@@H]1CCCN1C(=O)[C@@H](N)Cc1ccccn1,6.2839966563652006,244.29800000000003,0.4659799999999993,1,4
13960731,CHEMBL3127988,IC50,=,390.0,nM,6.41,CHEMBL284,Dipeptidyl peptidase 4,N#C[C@@H]1C[C@H](F)CN1C(=O)[C@@H](N)Cc1csc(-c2ccccc2)n1,6.4089353929735005,344.415,2.142480000000001,1,5
13960732,CHEMBL3127982,IC50,=,330.0,nM,6.48,CHEMBL284,Dipeptidyl peptidase 4,N#C[C@@H]1CCCN1C(=O)[C@@H](N)Cc1cscn1,6.481486060122113,250.32700000000003,0.5274799999999996,1,5
13960737,CHEMBL3127980,IC50,=,170.0,nM,6.77,CHEMBL284,Dipeptidyl peptidase 4,N#C[C@@H]1CCCN1C(=O)[C@@H](N)Cc1ccsc1,6.769551078621726,249.33900000000003,1.1324799999999995,1,4
13960738,CHEMBL3127991,IC50,=,120.0,nM,6.92,CHEMBL284,Dipeptidyl peptidase 4,N#C[C@@H]1C[C@H](F)CN1C(=O)[C@@H](N)Cc1csc(-c2cccs2)n1,6.920818753952375,350.444,2.2039800000000005,1,6
13960739,CHEMBL3127990,IC50,=,50.0,nM,7.3,CHEMBL284,Dipeptidyl peptidase 4,N#C[C@@H]1C[C@H](F)CN1C(=O)[C@@H](N)Cc1csc(-c2ccc(C(F)(F)F)cc2)n1,7.301029995663981,412.41200000000003,3.1612800000000014,1,5
13960740,CHEMBL3127989,IC50,=,50.0,nM,7.3,CHEMBL284,Dipeptidyl peptidase 4,N#C[C@@H]1C[C@H](F)CN1C(=O)[C@@H](N)Cc1csc(-c2ccc(Cl)cc2)n1,7.301029995663981,378.86000000000007,2.7958800000000013,1,5
13960741,CHEMBL3127985,IC50,=,50.0,nM,7.3,CHEMBL284,Dipeptidyl peptidase 4,N#C[C@@H]1C[C@H](F)CN1C(=O)[C@@H](N)Cc1csc2ccccc12,7.301029995663981,317.389,2.2336800000000006,1,4
13960742,CHEMBL3127987,IC50,=,40.0,nM,7.4,CHEMBL284,Dipeptidyl peptidase 4,Cc1nc(C[C@H](N)C(=O)N2C[C@@H](F)C[C@H]2C#N)cs1,7.3979400086720375,282.34399999999994,0.7839000000000004,1,5
13960743,CHEMBL3127981,IC50,=,30.0,nM,7.52,CHEMBL284,Dipeptidyl peptidase 4,N#C[C@@H]1CCCN1C(=O)[C@@H](N)Cc1csc2ccccc12,7.522878745280337,299.39900000000006,2.28568,1,4
13960745,CHEMBL3127992,IC50,=,10.0,nM,8.0,CHEMBL284,Dipeptidyl peptidase 4,N#C[C@@H]1C[C@H](F)CN1C(=O)[C@@H](N)Cc1cc2c(cc1Br)OCO2,8.0,384.2050000000001,1.5101800000000003,1,5
13960747,CHEMBL3127984,IC50,=,5.0,nM,8.3,CHEMBL284,Dipeptidyl peptidase 4,N#C[C@@H]1C[C@H](F)CN1C(=O)[C@@H](N)Cc1cccs1,8.301029995663981,267.329,1.08048,1,4
13960748,CHEMBL3127986,IC50,=,4.0,nM,8.4,CHEMBL284,Dipeptidyl peptidase 4,N#C[C@@H]1C[C@H](F)CN1C(=O)[C@@H](N)Cc1cscn1,8.397940008672037,268.317,0.47548000000000046,1,5
14528199,CHEMBL3121246,IC50,=,113760.0,nM,,CHEMBL284,Dipeptidyl peptidase 4,CCOC(=O)c1c(O)cc(O)c2c1OC(c1ccc(O)cc1)CC2,3.944010416614309,330.33600000000007,3.046400000000001,3,6
14528200,CHEMBL251958,IC50,=,33110.0,nM,4.48,CHEMBL284,Dipeptidyl peptidase 4,COc1cc(O)c(C(=O)/C=C/c2ccc(O)cc2)c(OC)c1,4.4800408192479315,300.31000000000006,3.0111000000000008,2,5
14528201,CHEMBL599763,IC50,=,26920.0,nM,4.57,CHEMBL284,Dipeptidyl peptidase 4,O=C(/C=C/c1ccc(O[C@@H]2O[C@H](CO)[C@@H](O)[C@H](O)[C@H]2O)cc1)c1ccc(O)cc1O,4.5699249444480605,418.39800000000014,0.17259999999999942,6,9
14528203,CHEMBL75589,IC50,=,41690.0,nM,4.38,CHEMBL284,Dipeptidyl peptidase 4,COc1cc(O)c2c(=O)c(O)c(-c3ccc(OC)c(O)c3)oc2c1,4.3799681048737025,330.29200000000003,2.594000000000002,3,7
14528204,CHEMBL164,IC50,=,37150.0,nM,4.43,CHEMBL284,Dipeptidyl peptidase 4,O=c1c(O)c(-c2cc(O)c(O)c(O)c2)oc2cc(O)cc(O)c12,4.430041181903406,318.237,1.6935999999999998,6,8
14528205,CHEMBL1724888,IC50,=,38430.0,nM,4.42,CHEMBL284,Dipeptidyl peptidase 4,O=C(CC(O)CCc1ccccc1)c1ccc(O)cc1,4.415329615535652,270.32800000000003,2.958700000000001,2,3
14528206,CHEMBL2048503,IC50,=,41400.0,nM,4.38,CHEMBL284,Dipeptidyl peptidase 4,COC(=O)C1(O)CC(O)C(O)C(OC(=O)/C=C/c2ccc(O)c(O)c2)C1,4.382999658879101,368.33800000000014,-0.5575000000000003,5,9
14528207,CHEMBL3220151,IC50,=,22390.0,nM,4.65,CHEMBL284,Dipeptidyl peptidase 4,O=C(CCCCc1ccccc1)c1ccc(O)cc1,4.64994590642097,254.32900000000004,3.9879000000000033,1,2
14528208,CHEMBL17347,IC50,=,87720.0,nM,4.06,CHEMBL284,Dipeptidyl peptidase 4,CCOC(=O)/C=C/c1ccc(O)c(O)c1,4.056901376994515,208.213,1.6741,2,4
14528209,CHEMBL66879,IC50,=,83180.0,nM,4.08,CHEMBL284,Dipeptidyl peptidase 4,O=C(O)/C=C/c1ccc(O)cc1,4.079981083971085,164.16,1.49,2,2
14528210,CHEMBL508494,IC50,=,87100.0,nM,4.06,CHEMBL284,Dipeptidyl peptidase 4,COc1cc2cc(Oc3ccc4ccc(=O)oc4c3)c(=O)oc2cc1O,4.059981844992337,352.2980000000001,3.405900000000002,1,7
14528211,CHEMBL269277,IC50,=,55820.0,nM,4.25,CHEMBL284,Dipeptidyl peptidase 4,C=C(C)[C@@H]1CC[C@]2(C(=O)O)CC[C@]3(C)[C@H](CC[C@@H]4[C@@]5(C)CC[C@H](O)C(C)(C)[C@@H]5CC[C@]43C)[C@@H]12,4.253210167847388,456.7110000000003,7.089500000000009,2,2
14528212,CHEMBL400359,IC50,=,56230.0,nM,4.25,CHEMBL284,Dipeptidyl peptidase 4,COc1ccc2c(c1OC)CN(C)c1c-2ccc2cc3c(cc12)OCO3,4.250031916490597,349.38600000000014,4.202500000000004,0,5
14528213,CHEMBL3220152,IC50,=,32360.0,nM,4.49,CHEMBL284,Dipeptidyl peptidase 4,COc1ccc2c(c1OC)C(O)N(C)c1c-2ccc2cc3c(cc12)OCO3,4.489991487059766,365.38500000000016,3.6934000000000022,1,6
14528214,CHEMBL3220153,IC50,=,16580.0,nM,4.78,CHEMBL284,Dipeptidyl peptidase 4,CCCCCCCCCCCCCCCCC(=O)OC[C@H]1O[C@@H](O[C@H]2CC[C@@]3(C)C(=CC[C@H]4[C@@H]5CC[C@H]([C@H](C)/C=C/[C@@H](CC)C(C)C)[C@@]5(C)CC[C@@H]43)C2)[C@H](O)[C@@H](O)[C@@H]1O,4.780415473785745,827.2850000000001,12.047299999999984,3,7
14528215,CHEMBL221542,IC50,=,28840.0,nM,4.54,CHEMBL284,Dipeptidyl peptidase 4,CC[C@H](CC[C@@H](C)[C@H]1CC[C@H]2[C@@H]3CC=C4C[C@@H](O)CC[C@]4(C)[C@H]3CC[C@]12C)C(C)C,4.540004743952609,414.7180000000003,8.02480000000001,1,1
14528216,CHEMBL574038,IC50,=,14130.0,nM,4.85,CHEMBL284,Dipeptidyl peptidase 4,COc1cc([C@@H]2Oc3ccc4ccc(=O)oc4c3O[C@H]2CO)ccc1O,4.849857838151442,356.3300000000001,2.3806000000000007,2,7
14579385,CHEMBL3236100,IC50,=,1436.0,nM,5.84,CHEMBL284,Dipeptidyl peptidase 4,NC[C@H]1CN(c2ccccc2)C(=O)C[C@@H]1c1cc(F)ccc1F,5.842845560093719,316.351,3.060200000000002,1,2
14579386,CHEMBL3236101,IC50,=,378.0,nM,6.42,CHEMBL284,Dipeptidyl peptidase 4,N#Cc1ccc(N2C[C@H](CN)[C@@H](c3cc(F)ccc3F)CC2=O)cc1,6.422508200162775,341.3610000000001,2.9318800000000014,1,3
14579387,CHEMBL3236102,IC50,=,382.0,nM,6.42,CHEMBL284,Dipeptidyl peptidase 4,NC[C@H]1CN(c2ccc(F)cc2)C(=O)C[C@@H]1c1cc(F)ccc1F,6.4179366370882915,334.341,3.199300000000002,1,2
14579388,CHEMBL3236103,IC50,=,342.0,nM,6.47,CHEMBL284,Dipeptidyl peptidase 4,NC[C@H]1CN(c2ccc(C(F)(F)F)cc2)C(=O)C[C@@H]1c1cc(F)ccc1F,6.465973893943865,384.34800000000007,4.079000000000003,1,2
14579389,CHEMBL3236104,IC50,=,217.0,nM,6.66,CHEMBL284,Dipeptidyl peptidase 4,COc1ccc(N2C[C@H](CN)[C@@H](c3cc(F)ccc3F)CC2=O)cc1,6.663540266151471,346.37700000000007,3.0688000000000013,1,3
14579390,CHEMBL3236105,IC50,=,193.0,nM,6.71,CHEMBL284,Dipeptidyl peptidase 4,CS(=O)(=O)c1ccc(N2C[C@H](CN)[C@@H](c3cc(F)ccc3F)CC2=O)cc1,6.714442690992226,394.4430000000001,2.463700000000001,1,4
14579391,CHEMBL3236106,IC50,=,1388.0,nM,5.86,CHEMBL284,Dipeptidyl peptidase 4,NC[C@H]1CN(c2cccnc2)C(=O)C[C@@H]1c1cc(F)ccc1F,5.8576105338811635,317.339,2.4552000000000005,1,3
14579392,CHEMBL3236107,IC50,=,452.0,nM,6.34,CHEMBL284,Dipeptidyl peptidase 4,COc1ccc(N2C[C@H](CN)[C@@H](c3cc(F)ccc3F)CC2=O)cn1,6.3448615651886175,347.36500000000007,2.4638,1,4
14579393,CHEMBL3236108,IC50,=,443.0,nM,6.35,CHEMBL284,Dipeptidyl peptidase 4,NC[C@H]1CN(c2ccc(C(F)(F)F)nc2)C(=O)C[C@@H]1c1cc(F)ccc1F,6.3535962737769305,385.33600000000007,3.474000000000002,1,3
14579394,CHEMBL3236109,IC50,=,404.0,nM,6.39,CHEMBL284,Dipeptidyl peptidase 4,N#Cc1ccc(N2C[C@H](CN)[C@@H](c3cc(F)ccc3F)CC2=O)cn1,6.393618634889395,342.3490000000001,2.32688,1,4
14579395,CHEMBL3236110,IC50,=,885.0,nM,6.05,CHEMBL284,Dipeptidyl peptidase 4,NC[C@H]1CN(Cc2ccccc2)C(=O)C[C@@H]1c1cc(F)ccc1F,6.053056729302175,330.378,3.0558000000000014,1,2
14579396,CHEMBL3236111,IC50,=,910.0,nM,6.04,CHEMBL284,Dipeptidyl peptidase 4,NC[C@H]1CN(Cc2ccc(C(F)(F)F)cc2)C(=O)C[C@@H]1c1cc(F)ccc1F,6.040958607678906,398.37500000000006,4.074600000000004,1,2
14579397,CHEMBL3236112,IC50,=,1034.0,nM,5.99,CHEMBL284,Dipeptidyl peptidase 4,NC[C@H]1CN(c2ccc3ccccc3n2)C(=O)C[C@@H]1c1cc(F)ccc1F,5.985479461242076,367.39900000000006,3.6084000000000023,1,3
14579398,CHEMBL3236113,IC50,=,1023.0,nM,5.99,CHEMBL284,Dipeptidyl peptidase 4,NC[C@H]1CN(c2nccn3cnnc23)C(=O)C[C@@H]1c1cc(F)ccc1F,5.99012436628784,358.35200000000003,1.4978999999999993,1,5
14579399,CHEMBL3236114,IC50,=,997.0,nM,6.0,CHEMBL284,Dipeptidyl peptidase 4,Cc1cc(=O)n2nc(N3C[C@H](CN)[C@@H](c4cc(F)ccc4F)CC3=O)ccc2n1,6.001304841688344,399.4010000000001,1.7715199999999998,1,5
14579400,CHEMBL3236115,IC50,=,119.0,nM,6.92,CHEMBL284,Dipeptidyl peptidase 4,NC[C@H]1CN(CCc2ccccc2)C(=O)C[C@@H]1c1cc(F)ccc1F,6.924453038607469,344.40500000000003,3.098300000000001,1,2
14579401,CHEMBL3236116,IC50,=,84.0,nM,7.08,CHEMBL284,Dipeptidyl peptidase 4,NC[C@H]1CN(CCc2ccncc2)C(=O)C[C@@H]1c1cc(F)ccc1F,7.075720713938118,345.39300000000003,2.4933000000000005,1,3
14579402,CHEMBL3236117,IC50,=,77.6,nM,7.11,CHEMBL284,Dipeptidyl peptidase 4,Cc1cc2ncc(N3C[C@H](CN)[C@@H](c4cc(F)ccc4F)CC3=O)c(C)n2n1,7.110138278741812,385.4180000000002,2.7197400000000007,1,4
14579403,CHEMBL3236118,IC50,=,122.0,nM,6.91,CHEMBL284,Dipeptidyl peptidase 4,Cc1nnc2ccc(N3C[C@H](CN)[C@@H](c4cc(F)ccc4F)CC3=O)nn12,6.913640169325252,372.3790000000001,1.80632,1,5
14579404,CHEMBL3236119,IC50,=,79.0,nM,7.1,CHEMBL284,Dipeptidyl peptidase 4,NC[C@H]1CN(c2ccc3nnc(C(F)(F)F)n3n2)C(=O)C[C@@H]1c1cc(F)ccc1F,7.102372908709558,426.3490000000001,2.5167,1,5
14579405,CHEMBL3236120,IC50,=,74.0,nM,7.13,CHEMBL284,Dipeptidyl peptidase 4,NC[C@H]1CN(c2ccc3nc(C(F)(F)F)nn3n2)C(=O)C[C@@H]1c1cc(F)ccc1F,7.130768280269024,426.3490000000001,2.5167,1,5
14579406,CHEMBL3236121,IC50,=,8.5,nM,8.07,CHEMBL284,Dipeptidyl peptidase 4,NC[C@H]1CN(CCc2ccc3c(c2)OCO3)C(=O)C[C@@H]1c1cc(F)ccc1F,8.070581074285707,388.41400000000004,2.827000000000001,1,4
14579407,CHEMBL3236122,IC50,=,157.0,nM,6.8,CHEMBL284,Dipeptidyl peptidase 4,NC[C@H]1CN(CCc2ccncc2)C(=O)C[C@@H]1c1cc(F)c(F)cc1F,6.804100347590766,363.38300000000004,2.6324000000000005,1,3
14579408,CHEMBL3236123,IC50,=,119.0,nM,6.92,CHEMBL284,Dipeptidyl peptidase 4,Cc1cc2ncc(N3C[C@H](CN)[C@@H](c4cc(F)c(F)cc4F)CC3=O)c(C)n2n1,6.924453038607469,403.4080000000002,2.8588400000000007,1,4
14579409,CHEMBL3236124,IC50,=,125.0,nM,6.9,CHEMBL284,Dipeptidyl peptidase 4,NC[C@H]1CN(c2ccc3nnc(C(F)(F)F)n3n2)C(=O)C[C@@H]1c1cc(F)c(F)cc1F,6.903089986991944,444.3390000000001,2.655800000000001,1,5
14579410,CHEMBL3236125,IC50,=,111.0,nM,6.96,CHEMBL284,Dipeptidyl peptidase 4,NC[C@H]1CN(c2ccc3nc(C(F)(F)F)nn3n2)C(=O)C[C@@H]1c1cc(F)c(F)cc1F,6.954677021213342,444.3390000000001,2.655800000000001,1,5
14579411,CHEMBL3236126,IC50,=,19.0,nM,7.72,CHEMBL284,Dipeptidyl peptidase 4,NC[C@H]1CN(CCc2ccc3c(c2)OCO3)C(=O)C[C@@H]1c1cc(F)c(F)cc1F,7.721246399047171,406.40400000000005,2.966100000000001,1,4
14579412,CHEMBL3236127,IC50,=,197.0,nM,6.71,CHEMBL284,Dipeptidyl peptidase 4,NC[C@H]1CN(CCc2ccncc2)C(=O)C[C@@H]1c1ccc(Cl)cc1Cl,6.705533773838407,378.3030000000001,3.5219000000000023,1,3
14579413,CHEMBL3236128,IC50,=,148.0,nM,6.83,CHEMBL284,Dipeptidyl peptidase 4,Cc1cc2ncc(N3C[C@H](CN)[C@@H](c4ccc(Cl)cc4Cl)CC3=O)c(C)n2n1,6.8297382846050425,418.32800000000026,3.7483400000000016,1,4
14579414,CHEMBL3236129,IC50,=,134.0,nM,6.87,CHEMBL284,Dipeptidyl peptidase 4,NC[C@H]1CN(c2ccc3nnc(C(F)(F)F)n3n2)C(=O)C[C@@H]1c1ccc(Cl)cc1Cl,6.872895201635193,459.2590000000001,3.545300000000002,1,5
14579415,CHEMBL3236130,IC50,=,137.0,nM,6.86,CHEMBL284,Dipeptidyl peptidase 4,NC[C@H]1CN(c2ccc3nc(C(F)(F)F)nn3n2)C(=O)C[C@@H]1c1ccc(Cl)cc1Cl,6.863279432843593,459.2590000000001,3.545300000000002,1,5
14579416,CHEMBL3236131,IC50,=,43.0,nM,7.37,CHEMBL284,Dipeptidyl peptidase 4,NC[C@H]1CN(CCc2ccc3c(c2)OCO3)C(=O)C[C@@H]1c1ccc(Cl)cc1Cl,7.366531544420414,421.32400000000007,3.8556000000000026,1,4
14592990,CHEMBL3233843,IC50,=,19000.0,nM,4.72,CHEMBL284,Dipeptidyl peptidase 4,COc1ccc2nccc(C(=O)NCC(=O)N3CC(F)(F)C[C@H]3C#N)c2c1,4.721246399047171,374.34700000000004,1.7329799999999997,1,5
14593013,CHEMBL3233847,IC50,>,50000.0,nM,,CHEMBL284,Dipeptidyl peptidase 4,O=C(NCC(=O)N1CCC[C@H]1B(O)O)c1ccnc2ccccc12,4.301029995663981,327.1490000000001,-0.03239999999999976,3,5
14593040,CHEMBL3233538,IC50,>,100000.0,nM,,CHEMBL284,Dipeptidyl peptidase 4,N#C[C@@H]1CCCN1C(=O)[C@@H](CO)NC(=O)c1ccnc2ccccc12,4.0,338.3670000000001,0.84008,2,5
14593041,CHEMBL3233539,IC50,>,100000.0,nM,,CHEMBL284,Dipeptidyl peptidase 4,C[C@@H](NC(=O)c1ccnc2ccccc12)C(=O)N1CCC[C@H]1C#N,4.0,322.3680000000001,1.86768,1,4
14593042,CHEMBL3233540,IC50,>,100000.0,nM,,CHEMBL284,Dipeptidyl peptidase 4,C[C@H](NC(=O)c1ccnc2ccccc12)C(=O)N1CCC[C@H]1C#N,4.0,322.3680000000001,1.86768,1,4
14593043,CHEMBL3233541,IC50,>,100000.0,nM,,CHEMBL284,Dipeptidyl peptidase 4,N#C[C@@H]1CCCN1C(=O)C1(NC(=O)c2ccnc3ccccc23)CC1,4.0,334.37900000000013,2.0117799999999995,1,4
14593044,CHEMBL3233542,IC50,>,100000.0,nM,,CHEMBL284,Dipeptidyl peptidase 4,CN(CC(=O)N1CCC[C@H]1C#N)C(=O)c1ccnc2ccccc12,4.0,322.36800000000005,1.8213799999999996,0,4
14593045,CHEMBL3233543,IC50,>,100000.0,nM,,CHEMBL284,Dipeptidyl peptidase 4,N#C[C@@H]1CCCN1C(=O)CN(C(=O)c1ccnc2ccccc12)C1CC1,4.0,348.4060000000001,2.35398,0,4
14593046,CHEMBL3233544,IC50,>,100000.0,nM,,CHEMBL284,Dipeptidyl peptidase 4,N#C[C@@H]1CCCN1C(=O)CN(Cc1ccc(Cl)cc1)C(=O)c1ccnc2ccccc12,4.0,432.9110000000002,4.045180000000003,0,4
14593047,CHEMBL3233545,IC50,>,100000.0,nM,,CHEMBL284,Dipeptidyl peptidase 4,COCCN(CC(=O)N1CCC[C@H]1C#N)C(=O)c1ccnc2ccccc12,4.0,366.421,1.83798,0,5
14593048,CHEMBL3233546,IC50,>,100000.0,nM,,CHEMBL284,Dipeptidyl peptidase 4,CC(C)CCN(CC(=O)N1CCC[C@H]1C#N)C(=O)c1ccnc2ccccc12,4.0,378.47600000000006,3.237680000000002,0,4
14593049,CHEMBL3233547,IC50,>,100000.0,nM,,CHEMBL284,Dipeptidyl peptidase 4,COCCN(CC(=O)N1CCC[C@H]1C#N)Cc1ccnc2ccccc12,4.0,352.438,2.19778,0,5
14593050,CHEMBL3233548,IC50,>,100000.0,nM,,CHEMBL284,Dipeptidyl peptidase 4,CN(CC(=O)N1CCC[C@H]1C#N)Cc1ccnc2ccccc12,4.0,308.38500000000005,2.1811799999999995,0,4
14593051,CHEMBL3233549,IC50,>,100000.0,nM,,CHEMBL284,Dipeptidyl peptidase 4,CN(CC(=O)N1CCC[C@H]1C#N)CC(=O)N1CCC[C@H]1C#N,4.0,303.36600000000004,-0.052639999999999354,0,5
14593052,CHEMBL3233550,IC50,>,100000.0,nM,,CHEMBL284,Dipeptidyl peptidase 4,N#C[C@@H]1CCCN1C(=O)Cn1cc(-c2ccccc2)nn1,4.0,281.319,1.4596799999999999,0,4
14593053,CHEMBL3233551,IC50,>,100000.0,nM,,CHEMBL284,Dipeptidyl peptidase 4,N#C[C@@H]1CCCN1C(=O)Cn1cc(-c2ccc(F)cc2)nn1,4.0,299.309,1.5987799999999996,0,4
14593054,CHEMBL3233552,IC50,>,100000.0,nM,,CHEMBL284,Dipeptidyl peptidase 4,N#C[C@@H]1CCCN1C(=O)Cn1cc(CCC(=O)N2Cc3ccccc3C2)nn1,4.0,378.43600000000015,1.2676799999999993,0,5
14593055,CHEMBL3233553,IC50,>,100000.0,nM,,CHEMBL284,Dipeptidyl peptidase 4,N#C[C@@H]1CCCN1C(=O)Cn1cc(-c2cccc3ccccc23)nn1,4.0,331.3790000000001,2.6128800000000005,0,4
14593056,CHEMBL3233554,IC50,>,100000.0,nM,,CHEMBL284,Dipeptidyl peptidase 4,N#C[C@@H]1CCCN1C(=O)CNC(=O)c1ccncc1,4.0,258.281,0.3259799999999993,1,4
14593057,CHEMBL3233555,IC50,>,100000.0,nM,,CHEMBL284,Dipeptidyl peptidase 4,N#C[C@@H]1CCCN1C(=O)CNC(=O)c1ccnc(Cl)c1,4.0,292.726,0.9793799999999997,1,4
14593058,CHEMBL3233556,IC50,>,100000.0,nM,,CHEMBL284,Dipeptidyl peptidase 4,N#C[C@@H]1CCCN1C(=O)CNC(=O)c1ccnc(Br)c1,4.0,337.177,1.0884799999999994,1,4
14593059,CHEMBL3233557,IC50,>,100000.0,nM,,CHEMBL284,Dipeptidyl peptidase 4,N#C[C@@H]1CCCN1C(=O)CNC(=O)c1ccnc(N)c1,4.0,273.29600000000005,-0.0918199999999999,2,5
14593060,CHEMBL3233558,IC50,>,100000.0,nM,,CHEMBL284,Dipeptidyl peptidase 4,N#C[C@@H]1CCCN1C(=O)CNC(=O)c1ccnc(-c2ccccc2)c1,4.0,334.3790000000001,1.9929799999999998,1,4
14593061,CHEMBL3233559,IC50,>,100000.0,nM,,CHEMBL284,Dipeptidyl peptidase 4,COc1ccc(-c2cc(C(=O)NCC(=O)N3CCC[C@H]3C#N)ccn2)cc1OC,4.0,394.4310000000001,2.0101799999999996,1,6
14593062,CHEMBL3233560,IC50,>,100000.0,nM,,CHEMBL284,Dipeptidyl peptidase 4,N#Cc1ccc(-c2cc(C(=O)NCC(=O)N3CCC[C@H]3C#N)ccn2)cc1,4.0,359.38899999999995,1.8646599999999998,1,5
14593063,CHEMBL3233561,IC50,>,100000.0,nM,,CHEMBL284,Dipeptidyl peptidase 4,N#C[C@@H]1CCCN1C(=O)CNC(=O)Cc1ccncc1,4.0,272.308,0.2548799999999994,1,4
14593064,CHEMBL3233562,IC50,>,100000.0,nM,,CHEMBL284,Dipeptidyl peptidase 4,N#C[C@@H]1CCCN1C(=O)CNC(=O)C1CCNCC1,4.0,264.329,-0.38321999999999923,2,4
14593065,CHEMBL3233563,IC50,>,100000.0,nM,,CHEMBL284,Dipeptidyl peptidase 4,N#C[C@@H]1CCCN1C(=O)CNC(=O)c1ccnnc1,4.0,259.269,-0.2790200000000007,1,5
14593066,CHEMBL3233564,IC50,>,100000.0,nM,,CHEMBL284,Dipeptidyl peptidase 4,Cn1cncc1C(=O)NCC(=O)N1CCC[C@H]1C#N,4.0,261.2849999999999,-0.3355199999999998,1,4
14593067,CHEMBL3233565,IC50,>,100000.0,nM,,CHEMBL284,Dipeptidyl peptidase 4,N#C[C@@H]1CCCN1C(=O)CNC(=O)c1cnn[nH]1,4.0,248.24600000000004,-0.9509199999999995,2,5
14593068,CHEMBL3233566,IC50,>,100000.0,nM,,CHEMBL284,Dipeptidyl peptidase 4,N#C[C@@H]1CCCN1C(=O)CNC(=O)c1nc[nH]n1,4.0,248.24600000000004,-0.9509199999999995,2,5
14593069,CHEMBL3233567,IC50,>,100000.0,nM,,CHEMBL284,Dipeptidyl peptidase 4,N#C[C@@H]1CCCN1C(=O)CNC(=O)Cc1c[nH]cn1,4.0,261.285,-0.4170199999999995,2,4
14593070,CHEMBL3233568,IC50,>,100000.0,nM,,CHEMBL284,Dipeptidyl peptidase 4,Cc1ncsc1C(=O)NCC(=O)N1CCC[C@H]1C#N,4.0,278.33699999999993,0.6959,1,5
14593071,CHEMBL3233569,IC50,>,100000.0,nM,,CHEMBL284,Dipeptidyl peptidase 4,Cc1ncoc1C(=O)NCC(=O)N1CCC[C@H]1C#N,4.0,262.26899999999995,0.2273999999999996,1,5
14593072,CHEMBL3233570,IC50,>,100000.0,nM,,CHEMBL284,Dipeptidyl peptidase 4,N#C[C@@H]1CCCN1C(=O)CNC(=O)c1ccc(N)cc1,4.0,272.308,0.5131799999999997,2,4
14593073,CHEMBL3233571,IC50,>,100000.0,nM,,CHEMBL284,Dipeptidyl peptidase 4,N#C[C@@H]1CCCN1C(=O)CNC(=O)c1ccc(NC(=O)C(F)(F)F)cc1,4.0,368.31500000000005,1.4317799999999992,2,4
14593074,CHEMBL3233572,IC50,>,100000.0,nM,,CHEMBL284,Dipeptidyl peptidase 4,N#C[C@@H]1CCCN1C(=O)CNC(=O)c1ccnc2[nH]ccc12,4.0,297.31800000000004,0.8072799999999994,2,4
14593075,CHEMBL3233573,IC50,>,100000.0,nM,,CHEMBL284,Dipeptidyl peptidase 4,N#C[C@@H]1CCCN1C(=O)CNC(=O)c1ccnc2[nH]c(-c3ccc(F)cc3)nc12,4.0,392.3940000000001,2.00838,2,5
14593076,CHEMBL3233574,IC50,>,100000.0,nM,,CHEMBL284,Dipeptidyl peptidase 4,COc1ccc(-c2nc3c(C(=O)NCC(=O)N4CCC[C@H]4C#N)ccnc3[nH]2)cc1,4.0,404.4300000000001,1.87788,2,6
14593077,CHEMBL3233575,IC50,>,100000.0,nM,,CHEMBL284,Dipeptidyl peptidase 4,N#C[C@@H]1CCCN1C(=O)CNC(=O)c1ccnc2ncnn12,4.0,299.29400000000004,-0.6313200000000001,1,6
14593078,CHEMBL3233833,IC50,>,100000.0,nM,,CHEMBL284,Dipeptidyl peptidase 4,N#C[C@@H]1CCCN1C(=O)CNC(=O)c1ccnc2cnccc12,4.0,309.32900000000006,0.8741799999999991,1,5
14593079,CHEMBL3233834,IC50,>,100000.0,nM,,CHEMBL284,Dipeptidyl peptidase 4,Cc1ccc2c(C(=O)NCC(=O)N3CCC[C@H]3C#N)ccnc2c1,4.0,322.368,1.7875999999999999,1,4
14593080,CHEMBL3233835,IC50,>,100000.0,nM,,CHEMBL284,Dipeptidyl peptidase 4,Cc1cccc2nccc(C(=O)NCC(=O)N3CCC[C@H]3C#N)c12,4.0,322.36800000000005,1.7876,1,4
14593081,CHEMBL3233836,IC50,>,100000.0,nM,,CHEMBL284,Dipeptidyl peptidase 4,N#C[C@@H]1CCCN1C(=O)CNC(=O)c1ccnc2cc(-c3ccccc3)ccc12,4.0,384.43900000000014,3.146180000000001,1,4
14593082,CHEMBL3233837,IC50,>,100000.0,nM,,CHEMBL284,Dipeptidyl peptidase 4,N#C[C@@H]1CCCN1C(=O)CNC(=O)c1ccnc2cc(Nc3ccccc3)ccc12,4.0,399.4540000000001,3.222780000000001,2,5
14593083,CHEMBL3233838,IC50,>,100000.0,nM,,CHEMBL284,Dipeptidyl peptidase 4,N#C[C@@H]1CCCN1C(=O)CNC(=O)c1ccnc2cccc(-c3ccccc3)c12,4.0,384.43900000000014,3.146180000000001,1,4
14593084,CHEMBL3233839,IC50,>,100000.0,nM,,CHEMBL284,Dipeptidyl peptidase 4,COc1cccc2nccc(C(=O)NCC(=O)N3CCC[C@H]3C#N)c12,4.0,338.36700000000013,1.4877799999999999,1,5
14593085,CHEMBL3233840,IC50,>=,100000.0,nM,,CHEMBL284,Dipeptidyl peptidase 4,N#C[C@@H]1C[C@H](F)CN1C(=O)CNC(=O)c1ccnc2ccccc12,4.0,326.3310000000001,1.4271799999999997,1,4
14593086,CHEMBL3233841,IC50,>,100000.0,nM,,CHEMBL284,Dipeptidyl peptidase 4,N#C[C@@H]1C[C@@H](F)CN1C(=O)CNC(=O)c1ccnc2ccccc12,4.0,326.3310000000001,1.4271799999999997,1,4
14593087,CHEMBL3233842,IC50,>,100000.0,nM,,CHEMBL284,Dipeptidyl peptidase 4,N#C[C@@H]1CC(F)(F)CN1C(=O)CNC(=O)c1ccnc2ccccc12,4.0,344.3210000000001,1.7243800000000002,1,4
14593088,CHEMBL3233844,IC50,>,100000.0,nM,,CHEMBL284,Dipeptidyl peptidase 4,N#C[C@@H]1CC(F)(F)CN1C(=O)CNC(=O)c1ccnc2cccc(Br)c12,4.0,423.2170000000001,2.486880000000001,1,4
14593089,CHEMBL3233845,IC50,>,100000.0,nM,,CHEMBL284,Dipeptidyl peptidase 4,N#Cc1cccc2nccc(C(=O)NCC(=O)N3CC(F)(F)C[C@H]3C#N)c12,4.0,369.3310000000001,1.5960599999999996,1,5
14593090,CHEMBL3233846,IC50,>,100000.0,nM,,CHEMBL284,Dipeptidyl peptidase 4,O=C(NCC(=O)N1CCCC1)c1ccnc2ccccc12,4.0,283.331,1.5869999999999993,1,3
14593091,CHEMBL3233848,IC50,>,100000.0,nM,,CHEMBL284,Dipeptidyl peptidase 4,O=C(NCC(=O)N1CCC[C@H]1C(=O)CCl)c1ccnc2ccccc12,4.0,359.81300000000005,1.7634999999999992,1,4
14597077,CHEMBL2105762,IC50,=,1.6,nM,8.8,CHEMBL284,Dipeptidyl peptidase 4,CS(=O)(=O)n1cc2c(n1)CN([C@H]1CO[C@H](c3cc(F)ccc3F)[C@@H](N)C1)C2,8.795880017344075,398.4350000000001,1.1421,1,6
14979493,CHEMBL3343905,IC50,>,100000.0,nM,,CHEMBL284,Dipeptidyl peptidase 4,C=CC(O)C(/C=C/C#CC#CC#CC)O[C@@H]1O[C@H](CO)[C@@H](O)[C@H](O)[C@H]1O,4.0,362.378,-1.6952999999999996,5,7
14979494,CHEMBL3343904,IC50,>,100000.0,nM,,CHEMBL284,Dipeptidyl peptidase 4,CC#CC#CC#C/C=C/C=C/C(CCO)O[C@@H]1O[C@H](CO)[C@@H](O)[C@H](O)[C@H]1O,4.0,376.40500000000003,-1.3036,5,7
14979496,CHEMBL91933,IC50,=,890.0,nM,6.05,CHEMBL284,Dipeptidyl peptidase 4,O=Cc1ccc(-c2ccc(-c3cccs3)s2)s1,6.050609993355087,276.407,5.017600000000002,0,4
14979497,CHEMBL3343903,IC50,=,510.0,nM,6.29,CHEMBL284,Dipeptidyl peptidase 4,CCOCc1ccc(-c2ccc(-c3cccs3)s2)s1,6.292429823902063,306.47700000000003,5.741600000000003,0,4
14979498,CHEMBL3343902,IC50,=,2390.0,nM,5.62,CHEMBL284,Dipeptidyl peptidase 4,COCc1ccc(-c2ccc(-c3cccs3)s2)s1,5.621602099051862,292.45,5.351500000000002,0,4
14979499,CHEMBL90170,IC50,=,3350.0,nM,5.47,CHEMBL284,Dipeptidyl peptidase 4,OCc1ccc(-c2ccc(-c3cccs3)s2)s1,5.474955192963154,278.423,4.697400000000002,1,4
14979500,CHEMBL3343901,IC50,=,750.0,nM,6.12,CHEMBL284,Dipeptidyl peptidase 4,CC(C)CC(=O)OCCC#Cc1ccc(-c2ccc(COC(=O)CC(C)C)s2)s1,6.1249387366083,432.6070000000002,5.896800000000005,0,6
14979501,CHEMBL3343900,IC50,=,2810.0,nM,5.55,CHEMBL284,Dipeptidyl peptidase 4,OCc1ccc(-c2ccc(C#CC(O)CO)s2)s1,5.55129368009492,280.36999999999995,1.6736,3,5
14979502,CHEMBL3343899,IC50,=,2740.0,nM,5.56,CHEMBL284,Dipeptidyl peptidase 4,CC#CC#Cc1ccc(C#CC(O)CO)s1,5.562249437179612,230.28799999999998,0.8275999999999999,2,3
14989317,CHEMBL3357782,IC50,=,170.0,nM,6.77,CHEMBL284,Dipeptidyl peptidase 4,N[C@@H](CC(=O)N1[C@H](CNS(=O)(=O)C(F)(F)F)C[C@@H]2CCCC[C@@H]21)Cc1cc(F)c(F)cc1F,6.769551078621726,501.49300000000034,2.9627000000000008,2,4
14989318,CHEMBL3357781,IC50,=,430.0,nM,6.37,CHEMBL284,Dipeptidyl peptidase 4,CS(=O)(=O)NC[C@@H]1C[C@@H]2CCCC[C@@H]2N1C(=O)C[C@H](N)Cc1cc(F)c(F)cc1F,6.366531544420414,447.52300000000014,2.0727,2,4
14989319,CHEMBL3357780,IC50,=,140.0,nM,6.85,CHEMBL284,Dipeptidyl peptidase 4,Cc1ccc(S(=O)(=O)NC[C@@H]2C[C@@H]3CCCC[C@@H]3N2C(=O)C[C@H](N)Cc2cc(F)c(F)cc2F)cc1,6.853871964321762,523.6210000000002,3.8104200000000024,2,4
14989320,CHEMBL3357779,IC50,=,610.0,nM,6.21,CHEMBL284,Dipeptidyl peptidase 4,N[C@@H](CC(=O)N1[C@H](CNC(=O)c2ccccc2)C[C@@H]2CCCC[C@@H]21)Cc1cc(F)c(F)cc1F,6.214670164989233,473.53900000000027,3.9535000000000036,2,3
14989321,CHEMBL3357778,IC50,=,430.0,nM,6.37,CHEMBL284,Dipeptidyl peptidase 4,N[C@@H](CC(=O)N1[C@H](CNC(=O)C2CCCC2)C[C@@H]2CCCC[C@@H]21)Cc1cc(F)c(F)cc1F,6.366531544420414,465.56000000000023,3.829900000000002,2,3
14989322,CHEMBL3357777,IC50,=,330.0,nM,6.48,CHEMBL284,Dipeptidyl peptidase 4,N[C@@H](CC(=O)N1[C@H](CNC(=O)C2CCC2)C[C@@H]2CCCC[C@@H]21)Cc1cc(F)c(F)cc1F,6.481486060122113,451.5330000000002,3.4398000000000017,2,3
14989323,CHEMBL3357776,IC50,=,540.0,nM,6.27,CHEMBL284,Dipeptidyl peptidase 4,N[C@@H](CC(=O)N1[C@H](CNC(=O)C2CC2)C[C@@H]2CCCC[C@@H]21)Cc1cc(F)c(F)cc1F,6.267606240177032,437.50600000000014,3.0497000000000014,2,3
14989324,CHEMBL3357775,IC50,=,290.0,nM,6.54,CHEMBL284,Dipeptidyl peptidase 4,CC(=O)NC[C@@H]1C[C@@H]2CCCC[C@@H]2N1C(=O)C[C@H](N)Cc1cc(F)c(F)cc1F,6.5376020021010435,411.4680000000001,2.659600000000001,2,3
14989325,CHEMBL3357774,IC50,=,510.0,nM,6.29,CHEMBL284,Dipeptidyl peptidase 4,N[C@@H](CC(=O)N1[C@H](CO)C[C@@H]2CCCC[C@@H]21)Cc1cc(F)c(F)cc1F,6.292429823902063,370.41499999999996,2.5158000000000005,2,3
14989326,CHEMBL3357773,IC50,=,320.0,nM,6.5,CHEMBL284,Dipeptidyl peptidase 4,N[C@@H](CC(=O)N1[C@H](COC(=O)c2ccccc2)C[C@@H]2CCCC[C@@H]21)Cc1cc(F)c(F)cc1F,6.494850021680094,474.5230000000003,4.380500000000003,1,4
14989327,CHEMBL3357772,IC50,=,180.0,nM,6.75,CHEMBL284,Dipeptidyl peptidase 4,N[C@@H](CC(=O)N1[C@H](COC(=O)C2CCCC2)C[C@@H]2CCCC[C@@H]21)Cc1cc(F)c(F)cc1F,6.7447274948966935,466.5440000000002,4.256900000000003,1,4
14989328,CHEMBL3357771,IC50,=,70.0,nM,7.16,CHEMBL284,Dipeptidyl peptidase 4,N[C@@H](CC(=O)N1[C@H](COC(=O)C2CCC2)C[C@@H]2CCCC[C@@H]21)Cc1cc(F)c(F)cc1F,7.154901959985743,452.51700000000017,3.8668000000000022,1,4
14989329,CHEMBL3357770,IC50,=,80.0,nM,7.1,CHEMBL284,Dipeptidyl peptidase 4,N[C@@H](CC(=O)N1[C@H](COC(=O)C2CC2)C[C@@H]2CCCC[C@@H]21)Cc1cc(F)c(F)cc1F,7.096910013008056,438.4900000000001,3.476700000000001,1,4
14989330,CHEMBL3357769,IC50,=,70.0,nM,7.16,CHEMBL284,Dipeptidyl peptidase 4,CC(=O)OC[C@@H]1C[C@@H]2CCCC[C@@H]2N1C(=O)C[C@H](N)Cc1cc(F)c(F)cc1F,7.154901959985743,412.4520000000001,3.0866000000000007,1,4
14989332,CHEMBL3357768,IC50,=,3660.0,nM,5.44,CHEMBL284,Dipeptidyl peptidase 4,N[C@@H](CC(=O)N1[C@H](C(=O)O)C[C@@H]2CCCC[C@@H]21)Cc1cc(F)c(F)cc1F,5.436518914605589,384.39799999999997,2.6081000000000003,2,3
14989333,CHEMBL3357767,IC50,=,70.0,nM,7.16,CHEMBL284,Dipeptidyl peptidase 4,CCOC(=O)[C@@H]1C[C@@H]2CCCC[C@@H]2N1C(=O)C[C@H](N)Cc1cc(F)c(F)cc1F,7.154901959985743,412.45200000000006,3.0866000000000007,1,4
14989334,CHEMBL3357766,IC50,=,760.0,nM,6.12,CHEMBL284,Dipeptidyl peptidase 4,N[C@@H](CC(=O)N1[C@H](C(=O)NCC2CC2)C[C@@H]2CCCC[C@@H]21)Cc1cc(F)c(F)cc1F,6.119186407719209,437.50600000000014,3.0497000000000014,2,3
14989335,CHEMBL3357765,IC50,=,380.0,nM,6.42,CHEMBL284,Dipeptidyl peptidase 4,N[C@@H](CC(=O)N1[C@H](C(=O)NC2CC2)C[C@@H]2CCCC[C@@H]21)Cc1cc(F)c(F)cc1F,6.42021640338319,423.4790000000001,2.802100000000001,2,3
14989336,CHEMBL3357764,IC50,=,340.0,nM,6.47,CHEMBL284,Dipeptidyl peptidase 4,N[C@@H](CC(=O)N1[C@H](C(=O)NCc2ccccc2)C[C@@H]2CCCC[C@@H]21)Cc1cc(F)c(F)cc1F,6.468521082957745,473.53900000000027,3.8399000000000028,2,3
14989337,CHEMBL3357763,IC50,=,5810.0,nM,5.24,CHEMBL284,Dipeptidyl peptidase 4,N[C@@H](CC(=O)N1[C@H](C(=O)Nc2ccccc2)C[C@@H]2CCCC[C@@H]21)Cc1cc(F)c(F)cc1F,5.235823867609669,459.5120000000003,4.162200000000003,2,3
15010450,CHEMBL3310986,IC50,=,730.0,nM,6.14,CHEMBL284,Dipeptidyl peptidase 4,Cn1c(=O)c(C(C)(NN)Nc2ccccc2)c(O)c2ccccc21,6.136677139879544,324.38400000000007,1.9922000000000004,4,5
15010451,CHEMBL3310987,IC50,=,2950.0,nM,5.53,CHEMBL284,Dipeptidyl peptidase 4,CCn1c(=O)c(C(C)(NN)Nc2ccc(C)cc2)c(O)c2ccccc21,5.530177984021837,352.4380000000001,2.783520000000001,4,5
15010452,CHEMBL3310988,IC50,=,34650.0,nM,4.46,CHEMBL284,Dipeptidyl peptidase 4,Br.Cc1ccc(=N)n(Cc2cccc(F)c2)c1,4.460296761052175,297.171,3.041290000000001,1,1
15010459,CHEMBL3310990,IC50,>,100000.0,nM,,CHEMBL284,Dipeptidyl peptidase 4,N=CC(C(=O)c1ccccc1)c1ccccc1,4.0,223.275,3.3026700000000018,1,2
15065858,CHEMBL3329703,IC50,>,100000.0,nM,,CHEMBL284,Dipeptidyl peptidase 4,Cn1c(=O)n(Cc2ccccc2C#N)c2c(N3CCC[C@@H](N)C3)cc(N3CCOCC3)nc21,4.0,447.54300000000035,1.41908,1,7
15065859,CHEMBL3329702,IC50,>,100000.0,nM,,CHEMBL284,Dipeptidyl peptidase 4,Cn1c(=O)n(Cc2ccccc2C#N)c2c(N3CCC[C@@H](N)C3)cc(N3CCCC3)nc21,4.0,431.5440000000003,2.1826799999999995,1,6
15065860,CHEMBL3329701,IC50,>,100000.0,nM,,CHEMBL284,Dipeptidyl peptidase 4,Cn1c(=O)n(Cc2ccccc2C#N)c2c(N3CCC[C@@H](N)C3)cc(C(=O)O)nc21,4.0,406.4460000000002,1.2806799999999996,2,6
15065861,CHEMBL3329700,IC50,>,100000.0,nM,,CHEMBL284,Dipeptidyl peptidase 4,Cn1c(=O)n(Cc2ccccc2C#N)c2c(N3CCC[C@@H](N)C3)cc(C(N)=O)nc21,4.0,405.4620000000002,0.6813800000000003,2,6
15065862,CHEMBL3329699,IC50,>,100000.0,nM,,CHEMBL284,Dipeptidyl peptidase 4,Cn1c(=O)n(Cc2ccccc2C#N)c2c(N3CCC[C@@H](N)C3)cc(CO)nc21,4.0,392.4630000000002,1.0747799999999994,2,6
15065863,CHEMBL3329698,IC50,>,100000.0,nM,,CHEMBL284,Dipeptidyl peptidase 4,Cn1c(=O)n(Cc2ccccc2C#N)c2c(N3CCC[C@@H](N)C3)cc(C(F)(F)F)nc21,4.0,430.43400000000014,2.60128,1,5
15065864,CHEMBL3329697,IC50,>,100000.0,nM,,CHEMBL284,Dipeptidyl peptidase 4,CCc1cc(N2CCC[C@@H](N)C2)c2c(n1)n(C)c(=O)n2Cc1ccccc1C#N,4.0,390.49100000000016,2.1448799999999997,1,5
15065865,CHEMBL3329696,IC50,>,100000.0,nM,,CHEMBL284,Dipeptidyl peptidase 4,Cc1cc(N2CCC[C@@H](N)C2)c2c(n1)n(C)c(=O)n2Cc1ccccc1C#N,4.0,376.4640000000001,1.8908999999999996,1,5
15065866,CHEMBL3329695,IC50,>,100000.0,nM,,CHEMBL284,Dipeptidyl peptidase 4,COc1cc(N2CCC[C@@H](N)C2)c2c(n1)n(C)c(=O)n2Cc1ccccc1C#N,4.0,392.46300000000014,1.5910799999999998,1,6
15065867,CHEMBL3329694,IC50,>,100000.0,nM,,CHEMBL284,Dipeptidyl peptidase 4,Cn1c(=O)n(Cc2ccccc2C#N)c2c(N3CCC[C@H](N)C3)ccnc21,4.0,362.4370000000001,1.582479999999999,1,5
15065868,CHEMBL3329693,IC50,>,100000.0,nM,,CHEMBL284,Dipeptidyl peptidase 4,CC(=O)N[C@@H]1CCCN(c2ccnc3c2n(Cc2ccccc2C#N)c(=O)n3C)C1,4.0,404.47400000000016,1.7598799999999999,1,5
15065869,CHEMBL3329692,IC50,=,430.0,nM,6.37,CHEMBL284,Dipeptidyl peptidase 4,CN[C@@H]1CCCN(c2ccnc3c2n(Cc2ccccc2C#N)c(=O)n3C)C1,6.366531544420414,376.46400000000017,1.8431799999999998,1,5
15065870,CHEMBL3329691,IC50,=,5200.0,nM,5.28,CHEMBL284,Dipeptidyl peptidase 4,Cn1c(=O)n(Cc2ccccc2C#N)c2c(N3CCCNCC3)ccnc21,5.2839966563652006,362.4370000000001,1.454679999999999,1,5
15065871,CHEMBL3329690,IC50,>,100000.0,nM,,CHEMBL284,Dipeptidyl peptidase 4,Cn1c(=O)n(Cc2ccccc2C#N)c2c(NC3CCNCC3)ccnc21,4.0,362.4370000000001,1.8188799999999992,2,5
15065874,CHEMBL3329624,IC50,=,100.0,nM,7.0,CHEMBL284,Dipeptidyl peptidase 4,N#Cc1ccccc1Cn1c(=O)oc2nccc(N3CCC[C@@H](N)C3)c21,7.0,349.3940000000002,1.8369799999999998,1,6
15065875,CHEMBL3329625,IC50,=,3400.0,nM,5.47,CHEMBL284,Dipeptidyl peptidase 4,CC1(C)C(=O)N(Cc2ccccc2C#N)c2c(N3CCC[C@@H](N)C3)ccnc21,5.468521082957745,375.47600000000017,2.7051800000000004,1,5
15065876,CHEMBL3329626,IC50,=,45.0,nM,7.35,CHEMBL284,Dipeptidyl peptidase 4,N#Cc1ccccc1Cn1c(=O)[nH]c2nccc(N3CCC[C@@H](N)C3)c21,7.346787486224656,348.4100000000002,1.57208,2,5
15065877,CHEMBL3329627,IC50,=,13.0,nM,7.89,CHEMBL284,Dipeptidyl peptidase 4,Cn1c(=O)n(Cc2ccccc2C#N)c2c(N3CCC[C@@H](N)C3)ccnc21,7.886056647693163,362.4370000000001,1.582479999999999,1,5
15065878,CHEMBL3329628,IC50,=,480.0,nM,6.32,CHEMBL284,Dipeptidyl peptidase 4,CC(C)n1c(=O)n(Cc2ccccc2C#N)c2c(N3CCC[C@@H](N)C3)ccnc21,6.318758762624412,390.49100000000027,2.626380000000001,1,5
15065879,CHEMBL3329629,IC50,=,38000.0,nM,4.42,CHEMBL284,Dipeptidyl peptidase 4,Cn1c(=S)n(Cc2ccccc2C#N)c2c(N3CCC[C@@H](N)C3)ccnc21,4.42021640338319,378.50500000000017,2.9517700000000007,1,5
15065880,CHEMBL3329630,IC50,=,55000.0,nM,4.26,CHEMBL284,Dipeptidyl peptidase 4,Cn1c(=O)c(=O)n(Cc2ccccc2C#N)c2c(N3CCC[C@@H](N)C3)ccnc21,4.259637310505756,390.44700000000023,0.9426799999999999,1,6
15065881,CHEMBL3329631,IC50,=,1100.0,nM,5.96,CHEMBL284,Dipeptidyl peptidase 4,Cn1c(=O)n(Cc2ccccc2C#N)c2c(N3CCC[C@@H](N)C3)c3ccccc3nc21,5.958607314841775,412.4970000000002,2.7356800000000003,1,5
15065882,CHEMBL3329632,IC50,=,10.0,nM,8.0,CHEMBL284,Dipeptidyl peptidase 4,Cn1c(=O)n(Cc2ccccc2C#N)c2c(N3CCC[C@@H](N)C3)ncnc21,8.0,363.4250000000001,0.9774799999999993,1,6
15065883,CHEMBL3329633,IC50,=,45.0,nM,7.35,CHEMBL284,Dipeptidyl peptidase 4,Cn1c(=O)n(Cc2ccccc2C#N)c2c(N3CCC[C@@H](N)C3)cccc21,7.346787486224656,361.4490000000001,2.187479999999999,1,4
15065884,CHEMBL3329634,IC50,=,88000.0,nM,4.06,CHEMBL284,Dipeptidyl peptidase 4,Cn1c(=O)n(Cc2cccc(C#N)c2)c2c(N3CCC[C@@H](N)C3)ccnc21,4.055517327849831,362.4370000000001,1.582479999999999,1,5
15065885,CHEMBL3329635,IC50,>,100000.0,nM,,CHEMBL284,Dipeptidyl peptidase 4,Cn1c(=O)n(Cc2ccc(C#N)cc2)c2c(N3CCC[C@@H](N)C3)ccnc21,4.0,362.4370000000001,1.582479999999999,1,5
15065886,CHEMBL3329636,IC50,=,110.0,nM,6.96,CHEMBL284,Dipeptidyl peptidase 4,Cn1c(=O)n(Cc2ccccc2Cl)c2c(N3CCC[C@@H](N)C3)ccnc21,6.958607314841775,371.8720000000002,2.3641999999999994,1,4
15065887,CHEMBL3329637,IC50,=,2500.0,nM,5.6,CHEMBL284,Dipeptidyl peptidase 4,Cn1c(=O)n(Cc2ccccc2F)c2c(N3CCC[C@@H](N)C3)ccnc21,5.6020599913279625,355.4170000000001,1.849899999999999,1,4
15065888,CHEMBL3329638,IC50,=,16000.0,nM,4.8,CHEMBL284,Dipeptidyl peptidase 4,Cn1c(=O)n(Cc2ccc(Cl)cc2C#N)c2c(N3CCC[C@@H](N)C3)ccnc21,4.795880017344075,396.88200000000023,2.23588,1,5
15065889,CHEMBL3329639,IC50,=,20000.0,nM,4.7,CHEMBL284,Dipeptidyl peptidase 4,Cn1c(=O)n(Cc2ccc3ccccc3c2C#N)c2c(N3CCC[C@@H](N)C3)ccnc21,4.698970004336019,412.49700000000024,2.7356800000000003,1,5
15065890,CHEMBL3329640,IC50,>,100000.0,nM,,CHEMBL284,Dipeptidyl peptidase 4,Cn1c(=O)n(Cc2ccccc2C#N)c2c(N3CC(N)C3)ccnc21,4.0,334.3830000000001,0.8022799999999993,1,5
15065891,CHEMBL3329641,IC50,=,22.0,nM,7.66,CHEMBL284,Dipeptidyl peptidase 4,Cn1c(=O)n(Cc2ccccc2C#N)c2c(N3CC[C@@H](N)C3)ccnc21,7.657577319177793,348.4100000000001,1.1923799999999993,1,5
15065892,CHEMBL3329688,IC50,=,530.0,nM,6.28,CHEMBL284,Dipeptidyl peptidase 4,Cn1c(=O)n(Cc2ccccc2C#N)c2c(N3CCCCC(N)C3)ccnc21,6.275724130399211,376.46400000000017,1.9725799999999993,1,5
15065893,CHEMBL3329689,IC50,=,23000.0,nM,4.64,CHEMBL284,Dipeptidyl peptidase 4,Cn1c(=O)n(Cc2ccccc2C#N)c2c(N3CCNCC3)ccnc21,4.638272163982407,348.4100000000001,1.0645799999999992,1,5
15094916,CHEMBL3330055,IC50,=,640.0,nM,6.19,CHEMBL284,Dipeptidyl peptidase 4,N#C[C@@H]1C[C@H](F)CN1C(=O)C[C@H](N)Cc1ccc(C(F)(F)F)cc1,6.1938200260161125,343.32399999999996,2.427880000000001,1,3
15094917,CHEMBL3330054,IC50,=,430.0,nM,6.37,CHEMBL284,Dipeptidyl peptidase 4,N#C[C@@H]1C[C@H](F)CN1C(=O)C[C@H](N)Cc1ccc(I)cc1,6.366531544420414,401.22299999999996,2.01368,1,3
15094918,CHEMBL3330053,IC50,=,320.0,nM,6.5,CHEMBL284,Dipeptidyl peptidase 4,N#C[C@@H]1C[C@H](F)CN1C(=O)C[C@H](N)Cc1ccc(F)cc1,6.494850021680094,293.317,1.54818,1,3
15094919,CHEMBL3330052,IC50,=,220.0,nM,6.66,CHEMBL284,Dipeptidyl peptidase 4,N#C[C@@H]1C[C@H](F)CN1C(=O)C[C@H](N)Cc1cccc(F)c1,6.657577319177793,293.317,1.54818,1,3
15094920,CHEMBL3330051,IC50,=,160.0,nM,6.8,CHEMBL284,Dipeptidyl peptidase 4,Cc1ccccc1C[C@@H](N)CC(=O)N1C[C@@H](F)C[C@H]1C#N,6.795880017344075,289.3539999999999,1.7175,1,3
15094921,CHEMBL3330050,IC50,=,220.0,nM,6.66,CHEMBL284,Dipeptidyl peptidase 4,N#C[C@@H]1C[C@H](F)CN1C(=O)C[C@H](N)Cc1ccccc1Cl,6.657577319177793,309.77200000000005,2.06248,1,3
15094922,CHEMBL3330049,IC50,=,450.0,nM,6.35,CHEMBL284,Dipeptidyl peptidase 4,N#C[C@@H]1C[C@H](F)CN1C(=O)C[C@H](N)Cc1ccccc1,6.346787486224656,275.327,1.4090799999999999,1,3
15094976,CHEMBL3330073,IC50,=,10.0,nM,8.0,CHEMBL284,Dipeptidyl peptidase 4,N#C[C@@H]1C[C@@H]2CCC[C@@H]2N1C(=O)C[C@H](N)Cc1cc(F)c(F)cc1F,8.0,351.372,2.656980000000001,1,3
15094977,CHEMBL3330072,IC50,=,9650.0,nM,5.01,CHEMBL284,Dipeptidyl peptidase 4,N#C[C@@H]1C[C@@H]2CCC[C@@H]2N1C(=O)C[C@H](N)Cc1cc(F)cc(F)c1,5.015472686656207,333.382,2.517880000000001,1,3
15094978,CHEMBL3330071,IC50,=,47440.0,nM,4.32,CHEMBL284,Dipeptidyl peptidase 4,N#C[C@@H]1C[C@@H]2CCC[C@@H]2N1C(=O)C[C@H](N)Cc1ccc(Cl)c(Cl)c1,4.323855319643794,366.29200000000003,3.5464800000000016,1,3
15094979,CHEMBL3330070,IC50,=,70.0,nM,7.16,CHEMBL284,Dipeptidyl peptidase 4,N#C[C@@H]1C[C@@H]2CCC[C@@H]2N1C(=O)C[C@H](N)Cc1ccc(Cl)cc1Cl,7.154901959985743,366.29200000000003,3.5464800000000016,1,3
15094981,CHEMBL3330068,IC50,=,1980.0,nM,5.7,CHEMBL284,Dipeptidyl peptidase 4,N#C[C@@H]1C[C@@H]2CCC[C@@H]2N1C(=O)C[C@H](N)Cc1ccc(C(F)(F)F)cc1,5.703334809738469,365.399,3.2584800000000014,1,3
15094982,CHEMBL3330067,IC50,=,8800.0,nM,5.06,CHEMBL284,Dipeptidyl peptidase 4,N#C[C@@H]1C[C@@H]2CCC[C@@H]2N1C(=O)C[C@H](N)Cc1ccc(I)cc1,5.055517327849832,423.298,2.8442800000000013,1,3
15094983,CHEMBL3330066,IC50,=,270.0,nM,6.57,CHEMBL284,Dipeptidyl peptidase 4,N#C[C@@H]1C[C@@H]2CCC[C@@H]2N1C(=O)C[C@H](N)Cc1ccc(F)cc1,6.568636235841013,315.392,2.37878,1,3
15094984,CHEMBL3330065,IC50,=,130.0,nM,6.89,CHEMBL284,Dipeptidyl peptidase 4,N#C[C@@H]1C[C@@H]2CCC[C@@H]2N1C(=O)C[C@H](N)Cc1cccc(F)c1,6.886056647693163,315.392,2.37878,1,3
15094985,CHEMBL3330064,IC50,=,360.0,nM,6.44,CHEMBL284,Dipeptidyl peptidase 4,Cc1ccccc1C[C@@H](N)CC(=O)N1[C@H](C#N)C[C@@H]2CCC[C@@H]21,6.443697499232712,311.4290000000001,2.5481000000000007,1,3
15094986,CHEMBL3330063,IC50,=,70.0,nM,7.16,CHEMBL284,Dipeptidyl peptidase 4,N#C[C@@H]1C[C@@H]2CCC[C@@H]2N1C(=O)C[C@H](N)Cc1ccccc1Cl,7.154901959985743,331.847,2.893080000000001,1,3
15094987,CHEMBL3330062,IC50,=,440.0,nM,6.36,CHEMBL284,Dipeptidyl peptidase 4,N#C[C@@H]1C[C@@H]2CCC[C@@H]2N1C(=O)C[C@H](N)Cc1ccccc1,6.356547323513812,297.402,2.23968,1,3
15094990,CHEMBL3330061,IC50,=,1940.0,nM,5.71,CHEMBL284,Dipeptidyl peptidase 4,N#C[C@@H]1C[C@H](F)CN1C(=O)C[C@@H](N)Cc1ccccc1,5.7121982700697735,275.327,1.4090799999999999,1,3
15094991,CHEMBL3330060,IC50,=,50.0,nM,7.3,CHEMBL284,Dipeptidyl peptidase 4,N#C[C@@H]1C[C@H](F)CN1C(=O)C[C@H](N)Cc1cc(F)c(F)cc1F,7.301029995663981,329.29699999999997,1.8263800000000003,1,3
15094992,CHEMBL3330059,IC50,=,1580.0,nM,5.8,CHEMBL284,Dipeptidyl peptidase 4,N#C[C@@H]1C[C@H](F)CN1C(=O)C[C@H](N)Cc1cc(F)cc(F)c1,5.801342913045577,311.30699999999996,1.6872800000000001,1,3
15094993,CHEMBL3330058,IC50,=,530.0,nM,6.28,CHEMBL284,Dipeptidyl peptidase 4,N#C[C@@H]1C[C@H](F)CN1C(=O)C[C@H](N)Cc1ccc(Cl)c(Cl)c1,6.275724130399211,344.217,2.715880000000001,1,3
15094994,CHEMBL3330057,IC50,=,40.0,nM,7.4,CHEMBL284,Dipeptidyl peptidase 4,N#C[C@@H]1C[C@H](F)CN1C(=O)C[C@H](N)Cc1ccc(Cl)cc1Cl,7.3979400086720375,344.217,2.715880000000001,1,3
15094995,CHEMBL3330056,IC50,=,770.0,nM,6.11,CHEMBL284,Dipeptidyl peptidase 4,COc1ccc(C[C@@H](N)CC(=O)N2C[C@@H](F)C[C@H]2C#N)cc1,6.113509274827518,305.353,1.4176799999999996,1,4
15163470,CHEMBL3400963,IC50,=,6.0,nM,8.22,CHEMBL284,Dipeptidyl peptidase 4,Cc1oc(=O)oc1COC(=O)c1ccc2c(c1)c1nc(N3CCC[C@@H](N)C3)n(Cc3ccccc3Cl)c1c(=O)n2C.Cl,8.221848749616356,614.4860000000002,4.150820000000003,1,9
15163471,CHEMBL3400964,IC50,=,4.7,nM,8.33,CHEMBL284,Dipeptidyl peptidase 4,Cc1oc(=O)oc1COC(=O)c1ccc2c(c1)c1nc(N3CCC[C@@H](N)C3)n(Cc3cc(F)ccc3Cl)c1c(=O)n2C.Cl,8.327902142064282,632.4760000000002,4.289920000000004,1,9
15163472,CHEMBL3400965,IC50,=,1.4,nM,8.85,CHEMBL284,Dipeptidyl peptidase 4,Cc1oc(=O)oc1COC(=O)c1ccc2c3nc(N4CCC[C@@H](N)C4)n(Cc4ccccc4Cl)c3c(=O)n(C)c2c1.Cl,8.853871964321762,614.4860000000002,4.150820000000004,1,9
15163473,CHEMBL3400966,IC50,=,3.4,nM,8.47,CHEMBL284,Dipeptidyl peptidase 4,Cc1oc(=O)oc1COC(=O)c1ccc2c3nc(N4CCC[C@@H](N)C4)n(Cc4cc(F)ccc4Cl)c3c(=O)n(C)c2c1.Cl,8.468521082957745,632.4760000000001,4.289920000000004,1,9
15178621,CHEMBL3402118,IC50,=,500.0,nM,6.3,CHEMBL284,Dipeptidyl peptidase 4,Cn1c(=O)n(Cc2cc(C(=O)O)cc(C(=O)O)c2)c(=O)c2c1nc(N1CCC[C@@H](N)C1)n2Cc1ccccc1Cl,6.301029995663981,567.0020000000004,1.9705999999999997,3,7
15178623,CHEMBL3402120,IC50,=,230.0,nM,6.64,CHEMBL284,Dipeptidyl peptidase 4,Cn1c(=O)n(Cc2cccc(C(=O)O)c2)c(=O)c2c1nc(N1CCC[C@@H](N)C1)n2Cc1ccccc1Cl,6.638272163982407,522.9930000000004,2.2724,2,6
15178628,CHEMBL3402125,IC50,=,640.0,nM,6.19,CHEMBL284,Dipeptidyl peptidase 4,Cn1c(=O)n(Cc2ccc(F)c(C(=O)O)c2)c(=O)c2c1nc(N1CCC[C@@H](N)C1)n2Cc1ccccc1Cl,6.1938200260161125,540.9830000000004,2.411500000000001,2,6
15178632,CHEMBL3402129,IC50,=,36.0,nM,7.44,CHEMBL284,Dipeptidyl peptidase 4,COc1ccc(Cn2c(=O)c3c(nc(N4CCC[C@@H](N)C4)n3Cc3ccccc3Cl)n(C)c2=O)cc1C(=O)O,7.443697499232712,553.0190000000003,2.281,2,7
15249313,CHEMBL3425745,IC50,=,695.0,nM,6.16,CHEMBL284,Dipeptidyl peptidase 4,N[C@@H](CC(=O)N1CC[C@@H]2[C@@H](CCc3nnc(C(F)(F)F)n32)C1)Cc1ccccc1,6.158015195409886,407.4400000000001,2.5928000000000004,1,4
15249314,CHEMBL3425746,IC50,=,2801.0,nM,5.55,CHEMBL284,Dipeptidyl peptidase 4,N[C@@H](CC(=O)N1CC[C@@H]2[C@H](CCc3nnc(C(F)(F)F)n32)C1)Cc1ccccc1,5.552686891176432,407.4400000000001,2.5928000000000004,1,4
15249315,CHEMBL3425747,IC50,=,28.0,nM,7.55,CHEMBL284,Dipeptidyl peptidase 4,N[C@@H](CC(=O)N1CC[C@@H]2[C@@H](CCc3nnc(C(F)(F)F)n32)C1)Cc1cc(F)c(F)cc1F,7.552841968657781,461.41000000000014,3.0101000000000013,1,4
15249317,CHEMBL3425748,IC50,=,145.0,nM,6.84,CHEMBL284,Dipeptidyl peptidase 4,N[C@@H](CC(=O)N1CC[C@@H]2[C@H](CCc3nnc(C(F)(F)F)n32)C1)Cc1cc(F)c(F)cc1F,6.838631997765025,461.41000000000014,3.0101000000000013,1,4
15249319,CHEMBL3425749,IC50,=,85.0,nM,7.07,CHEMBL284,Dipeptidyl peptidase 4,CCc1nnc2n1[C@@H]1CCN(C(=O)C[C@H](N)Cc3cc(F)c(F)cc3F)C[C@@H]1CC2,7.070581074285707,421.4670000000001,2.553700000000001,1,4
15249320,CHEMBL3425750,IC50,=,108.0,nM,6.97,CHEMBL284,Dipeptidyl peptidase 4,CCc1nnc2n1[C@@H]1CCN(C(=O)C[C@H](N)Cc3cc(F)c(F)cc3F)C[C@H]1CC2,6.966576244513051,421.4670000000001,2.553700000000001,1,4
15249321,CHEMBL3425751,IC50,=,67.0,nM,7.17,CHEMBL284,Dipeptidyl peptidase 4,N[C@@H](CC(=O)N1CC[C@@H]2[C@@H](CCc3nnc(C(F)(F)C(F)(F)F)n32)C1)Cc1cc(F)c(F)cc1F,7.173925197299173,511.41700000000014,3.645400000000002,1,4
15249322,CHEMBL3425752,IC50,=,258.0,nM,6.59,CHEMBL284,Dipeptidyl peptidase 4,N[C@@H](CC(=O)N1CC[C@@H]2[C@H](CCc3nnc(C(F)(F)C(F)(F)F)n32)C1)Cc1cc(F)c(F)cc1F,6.58838029403677,511.41700000000014,3.645400000000002,1,4
15249324,CHEMBL3425753,IC50,=,100.0,nM,7.0,CHEMBL284,Dipeptidyl peptidase 4,Cc1nnc(C(F)(F)F)n1C1CCN(C(=O)C[C@H](N)Cc2cc(F)c(F)cc2F)CC1.Cl,7.0,485.8600000000002,3.568020000000002,1,4
15249325,CHEMBL3425754,IC50,=,94.0,nM,7.03,CHEMBL284,Dipeptidyl peptidase 4,Cl.N[C@@H](CC(=O)N1CC[C@@H]2[C@@H](Cc3nnc(C(F)(F)F)n32)C1)Cc1cc(F)c(F)cc1F,7.026872146400302,483.8440000000001,3.041800000000002,1,4
15617499,CHEMBL3580781,IC50,=,19.2,nM,7.72,CHEMBL284,Dipeptidyl peptidase 4,N[C@@H](CC(=O)N1CC(=O)Nc2cc(C(F)(F)F)ccc2C1)[C@H]1CCc2cc(F)c(F)cc21,7.716698771296451,453.41100000000023,3.711700000000002,2,3
15617500,CHEMBL3580780,IC50,=,20.0,nM,7.7,CHEMBL284,Dipeptidyl peptidase 4,COc1ccc2c(c1)NC(=O)CN(C(=O)C[C@H](N)[C@H]1CCc3cc(F)c(F)cc31)C2,7.698970004336019,415.44000000000017,2.701500000000001,2,4
15617501,CHEMBL3580779,IC50,=,3.8,nM,8.42,CHEMBL284,Dipeptidyl peptidase 4,N[C@@H](CC(=O)N1CC(=O)Nc2cc(F)ccc2C1)[C@H]1CCc2cc(F)c(F)cc21,8.42021640338319,403.40400000000017,2.8320000000000007,2,3
15617502,CHEMBL3580778,IC50,=,89.6,nM,7.05,CHEMBL284,Dipeptidyl peptidase 4,N[C@@H](CC(=O)N1CC(=O)Nc2nccnc2C1)[C@H]1CCc2cc(F)c(F)cc21,7.047691990337875,387.39000000000016,1.4828999999999994,2,5
15617503,CHEMBL3580777,IC50,=,148.0,nM,6.83,CHEMBL284,Dipeptidyl peptidase 4,N[C@@H](CC(=O)N1CC(=O)Nc2cccnc2C1)[C@H]1CCc2cc(F)c(F)cc21,6.8297382846050425,386.40200000000016,2.0879000000000003,2,4
15617504,CHEMBL3580782,IC50,=,15.4,nM,7.81,CHEMBL284,Dipeptidyl peptidase 4,N[C@@H](CC(=O)N1CC(=O)Nc2cc(Br)ccc2C1)[C@H]1CCc2cc(F)c(F)cc21,7.8124792791635365,464.31000000000023,3.455400000000002,2,3
15617505,CHEMBL3580776,IC50,=,4.9,nM,8.31,CHEMBL284,Dipeptidyl peptidase 4,N[C@@H](CC(=O)N1CC(=O)Nc2ccccc2C1)[C@H]1CCc2cc(F)c(F)cc21,8.309803919971486,385.41400000000016,2.6929000000000007,2,3
15617506,CHEMBL3580775,IC50,=,10.8,nM,7.97,CHEMBL284,Dipeptidyl peptidase 4,N[C@@H](CC(=O)N1CCn2c(nnc2C(F)(F)F)C1)[C@H]1CCc2cc(F)c(F)cc21,7.966576244513051,415.3660000000002,2.3647,1,4
15617507,CHEMBL3580783,IC50,=,18.6,nM,7.73,CHEMBL284,Dipeptidyl peptidase 4,N#Cc1ccc2c(c1)NC(=O)CN(C(=O)C[C@H](N)[C@H]1CCc3cc(F)c(F)cc31)C2,7.730487055782084,410.42400000000015,2.5645800000000003,2,4
15617508,CHEMBL3580784,IC50,=,19.8,nM,7.7,CHEMBL284,Dipeptidyl peptidase 4,N[C@@H](CC(=O)N1CC(=O)Nc2cc(F)c(F)cc2C1)[C@H]1CCc2cc(F)c(F)cc21,7.703334809738469,421.3940000000002,2.9711000000000007,2,3
15617509,CHEMBL3580785,IC50,=,299.0,nM,6.52,CHEMBL284,Dipeptidyl peptidase 4,N[C@@H](CC(=O)N1CCNc2ccccc2C1)[C@H]1CCc2cc(F)c(F)cc21,6.52432881167557,371.4310000000001,3.1663000000000006,2,3
15617510,CHEMBL3580786,IC50,=,346.0,nM,6.46,CHEMBL284,Dipeptidyl peptidase 4,N[C@@H](CC(=O)N1CCNc2cc(F)ccc2C1)[C@H]1CCc2cc(F)c(F)cc21,6.460923901207224,389.42100000000016,3.3054000000000014,2,3
15617511,CHEMBL3580787,IC50,=,2290.0,nM,5.64,CHEMBL284,Dipeptidyl peptidase 4,N[C@@H](CC(=O)N1CCNc2cc(C(F)(F)F)ccc2C1)[C@H]1CCc2cc(F)c(F)cc21,5.640164517660112,439.4280000000002,4.185100000000004,2,3
15617512,CHEMBL3580788,IC50,=,3.0,nM,8.52,CHEMBL284,Dipeptidyl peptidase 4,CN1C(=O)CN(C(=O)C[C@H](N)[C@H]2CCc3cc(F)c(F)cc32)Cc2ccccc21,8.522878745280337,399.44100000000014,2.717200000000001,1,3
15617513,CHEMBL3580789,IC50,=,3.4,nM,8.47,CHEMBL284,Dipeptidyl peptidase 4,CN1C(=O)CN(C(=O)C[C@H](N)[C@H]2CCc3cc(F)c(F)cc32)Cc2ccc(F)cc21,8.468521082957745,417.43100000000015,2.856300000000001,1,3
15617514,CHEMBL3580790,IC50,=,2.9,nM,8.54,CHEMBL284,Dipeptidyl peptidase 4,CCN1C(=O)CN(C(=O)C[C@H](N)[C@H]2CCc3cc(F)c(F)cc32)Cc2ccccc21,8.537602002101044,413.46800000000013,3.1073000000000013,1,3
15617515,CHEMBL3580791,IC50,=,6.4,nM,8.19,CHEMBL284,Dipeptidyl peptidase 4,CC(C)N1C(=O)CN(C(=O)C[C@H](N)[C@H]2CCc3cc(F)c(F)cc32)Cc2ccccc21,8.193820026016112,427.4950000000001,3.495800000000002,1,3
15617516,CHEMBL3580792,IC50,=,3.4,nM,8.47,CHEMBL284,Dipeptidyl peptidase 4,CCOC(=O)CN1C(=O)CN(C(=O)C[C@H](N)[C@H]2CCc3cc(F)c(F)cc32)Cc2ccccc21,8.468521082957745,471.5040000000002,2.650500000000001,1,5
15685981,CHEMBL537586,IC50,=,9.0,nM,8.05,CHEMBL284,Dipeptidyl peptidase 4,CC(C)N(C)C(=O)n1cnc(S(=O)(=O)C2CC3CCC2C3)n1,8.045757490560675,326.4220000000001,1.5487,0,5
15714185,CHEMBL3616890,IC50,=,19.4,nM,7.71,CHEMBL284,Dipeptidyl peptidase 4,CC#CCn1c(N2CCNCC2)nc2c1c(=O)n(Cc1nc(C)c3ccccc3n1)c(=O)n2C,7.712198270069774,458.52600000000024,0.6295200000000003,1,7
15714186,CHEMBL3616891,IC50,=,13900.0,nM,4.86,CHEMBL284,Dipeptidyl peptidase 4,CC#CCn1c(N2CCN3CCC[C@H]3C2)nc2c1c(=O)n(Cc1nc(C)c3ccccc3n1)c(=O)n2C,4.856985199745905,498.59100000000024,1.5043199999999997,0,7
15714187,CHEMBL3616892,IC50,>,100000.0,nM,,CHEMBL284,Dipeptidyl peptidase 4,CC#CCn1c(N2CCCCC2)nc2c1c(=O)n(Cc1nc(C)c3ccccc3n1)c(=O)n2C,4.0,457.5380000000002,2.2102199999999996,0,6
15714188,CHEMBL3616893,IC50,>,100000.0,nM,,CHEMBL284,Dipeptidyl peptidase 4,CC#CCn1c(OCC)nc2c1c(=O)n(Cc1nc(C)c3ccccc3n1)c(=O)n2C,4.0,418.45700000000016,1.6186199999999997,0,6
15714189,CHEMBL3616894,IC50,=,12200.0,nM,4.91,CHEMBL284,Dipeptidyl peptidase 4,CC#CCn1c(N2CCC[C@@H](NC(C)=O)C2)nc2c1c(=O)n(Cc1nc(C)c3ccccc3n1)c(=O)n2C,4.913640169325252,514.5900000000003,1.3248200000000003,1,7
15714190,CHEMBL3616895,IC50,>,50000.0,nM,,CHEMBL284,Dipeptidyl peptidase 4,CC#CCn1c(N2CCNC(=O)C2)nc2c1c(=O)n(Cc1nc(C)c3ccccc3n1)c(=O)n2C,4.301029995663981,472.50900000000024,0.15612000000000137,1,7
15714191,CHEMBL3616896,IC50,=,18100.0,nM,4.74,CHEMBL284,Dipeptidyl peptidase 4,CC#CCn1c(N2CC(=O)N[C@H](CO)C2)nc2c1c(=O)n(Cc1nc(C)c3ccccc3n1)c(=O)n2C,4.7423214251308154,502.5350000000003,-0.48297999999999797,2,8
15714192,CHEMBL3616897,IC50,>,100000.0,nM,,CHEMBL284,Dipeptidyl peptidase 4,CC#CCn1c(NCC(N)=O)nc2c1c(=O)n(Cc1nc(C)c3ccccc3n1)c(=O)n2C,4.0,446.4710000000002,0.11712000000000033,2,7
15714193,CHEMBL3616898,IC50,>,100000.0,nM,,CHEMBL284,Dipeptidyl peptidase 4,CC#CCn1c(NCCNC(C)=O)nc2c1c(=O)n(Cc1nc(C)c3ccccc3n1)c(=O)n2C,4.0,474.52500000000026,0.7679200000000002,2,7
15714194,CHEMBL3616899,IC50,>,50000.0,nM,,CHEMBL284,Dipeptidyl peptidase 4,CC#CCn1c(NCCNC(=O)c2ccncc2)nc2c1c(=O)n(Cc1nc(C)c3ccccc3n1)c(=O)n2C,4.301029995663981,537.5840000000003,1.4568199999999993,2,8
15714195,CHEMBL3616900,IC50,=,5.8,nM,8.24,CHEMBL284,Dipeptidyl peptidase 4,CC#CCn1c(N2CCNCC2)nc2c1c(=O)n(Cc1ncc3ccccc3n1)c(=O)n2C,8.236572006437063,444.4990000000002,0.32109999999999994,1,7
15714196,CHEMBL3616901,IC50,=,25.0,nM,7.6,CHEMBL284,Dipeptidyl peptidase 4,CC#CCn1c(N2CCNCC2)nc2c1c(=O)n(Cc1nc(OC)c3ccccc3n1)c(=O)n2C,7.6020599913279625,474.52500000000026,0.3297000000000003,1,8
15714197,CHEMBL3616902,IC50,=,29.0,nM,7.54,CHEMBL284,Dipeptidyl peptidase 4,CC#CCn1c(N2CCNCC2)nc2c1c(=O)n(Cc1ccc3ccccc3n1)c(=O)n2C,7.5376020021010435,443.5110000000002,0.9261000000000001,1,6
15714198,CHEMBL3616903,IC50,=,180.0,nM,6.75,CHEMBL284,Dipeptidyl peptidase 4,CC#CCn1c(N2CCNCC2)nc2c1c(=O)n(Cc1ccc3ccccc3c1)c(=O)n2C,6.7447274948966935,442.5230000000002,1.5310999999999997,1,5
15714199,CHEMBL3616888,IC50,=,650.0,nM,6.19,CHEMBL284,Dipeptidyl peptidase 4,CC#CCn1c(N2CCNCC2)nc2c1c(=O)n(Cc1csc(CO)n1)c(=O)n2C,6.187086643357144,429.5060000000002,-0.6732999999999989,2,8
15714200,CHEMBL3616904,IC50,=,1230.0,nM,5.91,CHEMBL284,Dipeptidyl peptidase 4,CC#CCn1c(N2CCNCC2)nc2c1c(=O)n(Cc1ccccc1)c(=O)n2C,5.910094888560602,392.46300000000014,0.3779000000000008,1,5
15714201,CHEMBL3616905,IC50,=,340.0,nM,6.47,CHEMBL284,Dipeptidyl peptidase 4,CC#CCn1c(N2CCNCC2)nc2c1c(=O)n(Cc1cccc(C#N)c1)c(=O)n2C,6.468521082957745,417.4730000000002,0.24958000000000058,1,6
15714202,CHEMBL3616906,IC50,=,1800.0,nM,5.75,CHEMBL284,Dipeptidyl peptidase 4,CC#CCn1c(N2CCNCC2)nc2c1c(=O)n(Cc1ccc(-c3ccccc3C#N)cc1)c(=O)n2C,5.7447274948966935,493.57100000000025,1.91658,1,6
15714203,CHEMBL3616907,IC50,=,180.0,nM,6.75,CHEMBL284,Dipeptidyl peptidase 4,CC#CCn1c(N2CCNCC2)nc2c1c(=O)n(Cc1nn(-c3ccccc3)nc1C)c(=O)n2C,6.7447274948966935,473.5410000000002,0.26702000000000203,1,7
15714204,CHEMBL3616908,IC50,=,1440.0,nM,5.84,CHEMBL284,Dipeptidyl peptidase 4,CC#CCn1c(N2CCNCC2)nc2c1c(=O)n(Cc1ccc(-n3cccn3)cc1)c(=O)n2C,5.841637507904751,458.5260000000002,0.5636000000000001,1,6
15714205,CHEMBL3616909,IC50,=,220.0,nM,6.66,CHEMBL284,Dipeptidyl peptidase 4,CC#CCn1c(N2CCNCC2)nc2c1c(=O)n(Cc1ccc(-n3cncn3)cc1)c(=O)n2C,6.657577319177793,459.5140000000002,-0.04139999999999833,1,7
15714206,CHEMBL3616910,IC50,>,100000.0,nM,,CHEMBL284,Dipeptidyl peptidase 4,CC#CCn1c(N2CCNC(=O)C2)nc2c1c(=O)n(Cc1ccccn1)c(=O)n2C,4.0,407.43400000000014,-0.7004999999999979,1,6
15714207,CHEMBL3616911,IC50,>,100000.0,nM,,CHEMBL284,Dipeptidyl peptidase 4,CC#CCn1c(N2CCNC(=O)C2)nc2c1c(=O)n(Cc1cccnc1)c(=O)n2C,4.0,407.43400000000014,-0.7004999999999979,1,6
15714208,CHEMBL3616912,IC50,>,100000.0,nM,,CHEMBL284,Dipeptidyl peptidase 4,CC#CCn1c(N2CCNC(=O)C2)nc2c1c(=O)n(Cc1ccncc1)c(=O)n2C,4.0,407.43400000000014,-0.7004999999999979,1,6
15714209,CHEMBL3616913,IC50,=,980.0,nM,6.01,CHEMBL284,Dipeptidyl peptidase 4,CC#CCn1c(N2CCC[C@@H](N)C2)nc2c1c(=O)n(C(C)C)c(=O)n2C,6.008773924307505,358.4460000000001,0.42840000000000056,1,5
15714210,CHEMBL3616914,IC50,>,100000.0,nM,,CHEMBL284,Dipeptidyl peptidase 4,Cn1c(N2CCNC(=O)C2)nc2c1c(=O)[nH]c(=O)n2C,4.0,278.272,-2.1034999999999977,2,5
15714211,CHEMBL3616915,IC50,>,100000.0,nM,,CHEMBL284,Dipeptidyl peptidase 4,CC#CCn1c(N2CCNC(=O)C2)nc2c1c(=O)[nH]c(=O)n2C,4.0,316.321,-1.6171999999999984,2,5
15714212,CHEMBL3616916,IC50,>,100000.0,nM,,CHEMBL284,Dipeptidyl peptidase 4,COc1nc(Cn2c(=O)c3c(nc(N4CCNC(=O)C4)n3C)n(C)c2=O)nc2ccccc12,4.0,450.45900000000023,-0.6299999999999981,1,8
15714213,CHEMBL3616917,IC50,>,100000.0,nM,,CHEMBL284,Dipeptidyl peptidase 4,CC#CCn1c(N2CCNC(=O)C2)nc2c1c(=O)n(Cc1nc(OC)c3ccccc3n1)c(=O)n2C,4.0,488.50800000000027,-0.14369999999999772,1,8
15714215,CHEMBL3616919,IC50,>,100000.0,nM,,CHEMBL284,Dipeptidyl peptidase 4,COc1nc(Cn2c(=O)c3c(nc(N4CCNC(=O)C4)n3CCC=C(C)C)n(C)c2=O)nc2ccccc12,4.0,518.5780000000003,1.189300000000001,1,8
15714350,CHEMBL4296719,IC50,=,23.0,nM,7.64,CHEMBL284,Dipeptidyl peptidase 4,O=C(CN[C@@H]1CCNC1)N1CCC[C@H]1B(O)O,7.638272163982407,241.1,-2.0590999999999973,4,5
15722570,CHEMBL3618140,IC50,=,1250.0,nM,5.9,CHEMBL284,Dipeptidyl peptidase 4,O=C(Nc1ccc(F)cc1)c1cnn(-c2ccccc2)c1NC(=O)C(F)(F)F,5.903089986991944,392.31200000000007,3.764500000000001,2,3
15722573,CHEMBL3618137,IC50,=,100000.0,nM,4.0,CHEMBL284,Dipeptidyl peptidase 4,COc1ccc(-n2ncc3c(=O)n(-c4nc(-c5ccc(Cl)cc5)cs4)c(C)nc32)cc1,4.0,449.9230000000001,4.665320000000003,0,6
15722576,CHEMBL3618134,IC50,=,2230.0,nM,5.65,CHEMBL284,Dipeptidyl peptidase 4,COc1ccc(-n2ncc3c(=O)n(-c4cc(C)ccn4)c(C)nc32)cc1,5.651695136951839,347.3780000000001,2.5918400000000004,0,5
15722579,CHEMBL3618039,IC50,=,11000.0,nM,4.96,CHEMBL284,Dipeptidyl peptidase 4,Cc1nc2c(cnn2-c2ccccc2)c(=O)n1-c1ccc(Br)cn1,4.958607314841775,382.22100000000006,3.037320000000001,0,4
15722580,CHEMBL3618038,IC50,=,1060.0,nM,5.97,CHEMBL284,Dipeptidyl peptidase 4,Cc1ccnc(-n2c(C)nc3c(cnn3-c3ccccc3)c2=O)c1,5.97469413473523,317.3520000000001,2.583240000000001,0,4
15722581,CHEMBL3618037,IC50,=,24000.0,nM,4.62,CHEMBL284,Dipeptidyl peptidase 4,Cc1nc2c(cnn2-c2ccccc2)c(=O)n1-c1ncccn1,4.619788758288394,304.31300000000005,1.6698199999999999,0,5
15722582,CHEMBL3618036,IC50,=,4000.0,nM,5.4,CHEMBL284,Dipeptidyl peptidase 4,Cc1nc2c(cnn2-c2ccccc2)c(=O)n1-c1ccccn1,5.3979400086720375,303.32500000000005,2.27482,0,4
15722586,CHEMBL3618032,IC50,=,1320.0,nM,5.88,CHEMBL284,Dipeptidyl peptidase 4,Cc1cc(C)c(-n2c(C)nc3c(cnn3-c3ccccc3)c2=O)c(C)c1,5.87942606879415,344.4180000000001,3.805080000000002,0,3
15762431,CHEMBL3632867,IC50,=,0.8,nM,9.1,CHEMBL284,Dipeptidyl peptidase 4,CC[C@@H](C)[C@H](N)C(=O)N1CC(F)(F)C[C@H]1C#N,9.096910013008056,245.27299999999994,1.11958,1,3
15762432,CHEMBL3632866,IC50,=,290.0,nM,6.54,CHEMBL284,Dipeptidyl peptidase 4,CC[C@@H](C)[C@H](N)C(=O)N1C[C@H](F)C[C@H]1C#N,6.5376020021010435,227.28299999999996,0.82238,1,3
15762433,CHEMBL3632865,IC50,=,0.6,nM,9.22,CHEMBL284,Dipeptidyl peptidase 4,CC[C@@H](C)[C@H](N)C(=O)N1C[C@@H](F)C[C@H]1C#N,9.221848749616356,227.28299999999996,0.82238,1,3
15762434,CHEMBL3632864,IC50,=,1.5,nM,8.82,CHEMBL284,Dipeptidyl peptidase 4,CC[C@@H](C)[C@H](N)C(=O)N1CCC[C@H]1C#N,8.823908740944319,209.29299999999995,0.8743799999999998,1,3
16265262,CHEMBL3644788,IC50,=,6.0,nM,8.22,CHEMBL284,Dipeptidyl peptidase 4,N[C@@H](CC(=O)N1CCc2c(nc(-c3ccco3)nc2C(F)(F)F)C1)CN1C(=O)CCC(F)(F)[C@@H]1O,8.221848749616356,503.4280000000003,1.9335999999999998,2,7
16269984,CHEMBL3644790,IC50,=,14.0,nM,7.85,CHEMBL284,Dipeptidyl peptidase 4,COCCc1nc2c(c(C(F)(F)F)n1)CCN(C(=O)C[C@H](N)CN1C(=O)CCC(F)(F)[C@@H]1O)C2,7.853871964321762,495.4490000000003,0.8625,2,7
16272442,CHEMBL3644783,IC50,=,5.0,nM,8.3,CHEMBL284,Dipeptidyl peptidase 4,N[C@@H](CC(=O)N1CCc2c(nc(C(F)(F)F)nc2C(F)(F)F)C1)CN1C(=O)CCC(F)(F)[C@@H]1O,8.301029995663981,505.3660000000002,1.6924,2,6
16275670,CHEMBL3644802,IC50,>,2500.0,nM,,CHEMBL284,Dipeptidyl peptidase 4,CC1CC(=O)N(C[C@@H](N)CC(=O)N2CCc3c(nc(C(C)(C)C)nc3C(F)(F)F)C2)C1=O,5.6020599913279625,455.48100000000017,1.7899999999999994,1,6
16278124,CHEMBL3644787,IC50,=,10.0,nM,8.0,CHEMBL284,Dipeptidyl peptidase 4,N[C@@H](CC(=O)N1CCc2c(nc(-c3ccncc3)nc2C(F)(F)F)C1)CN1C(=O)CCC(F)(F)[C@@H]1O,8.0,514.4550000000003,1.7355999999999994,2,7
16278421,CHEMBL3644799,IC50,=,409.0,nM,6.39,CHEMBL284,Dipeptidyl peptidase 4,CCCc1nc2c(c(C(F)(F)F)n1)CCN(C(=O)C[C@H](N)CN1C(=O)CCC(F)C1O)C2,6.388276691992658,461.46000000000026,1.3288999999999995,2,6
16283750,CHEMBL3644782,IC50,=,36.0,nM,7.44,CHEMBL284,Dipeptidyl peptidase 4,N[C@@H](CC(=O)N1CCc2c(nc(C(F)(F)F)nc2C(F)(F)F)C1)CN1C(=O)CCC(F)(F)[C@H]1O,7.443697499232712,505.3660000000002,1.6924,2,6
16285074,CHEMBL3644785,IC50,=,39.0,nM,7.41,CHEMBL284,Dipeptidyl peptidase 4,CC(C)(C)c1nc2c(c(C(F)(F)F)n1)CCN(C(=O)C[C@H](N)CN1C(=O)CCC(F)(F)C1O)C2,7.4089353929735005,493.4770000000003,1.9711,2,6
16289231,CHEMBL3644801,IC50,>,2500.0,nM,,CHEMBL284,Dipeptidyl peptidase 4,CC1CCC(=O)N(C[C@@H](N)CC(=O)N2CCc3c(nc(-c4cccs4)nc3C(F)(F)F)C2)C1=O,5.6020599913279625,495.5270000000001,2.6111000000000013,1,7
16292595,CHEMBL3644793,IC50,=,195.0,nM,6.71,CHEMBL284,Dipeptidyl peptidase 4,N[C@@H](CC(=O)N1CCc2c(nc(-c3cccs3)nc2C(F)(F)F)C1)CN1C(=O)CCC(F)(F)[C@H]1O,6.709965388637482,519.4960000000003,2.4021000000000012,2,7
16292839,CHEMBL3644786,IC50,=,17.0,nM,7.77,CHEMBL284,Dipeptidyl peptidase 4,N[C@@H](CC(=O)N1CCc2c(nc(C3CCC3)nc2C(F)(F)F)C1)CN1C(=O)CCC(F)(F)C1O,7.769551078621726,491.4610000000002,1.9410999999999992,2,6
16296253,CHEMBL3644791,IC50,=,160.0,nM,6.8,CHEMBL284,Dipeptidyl peptidase 4,COCCc1nc2c(c(C(F)(F)F)n1)CCN(C(=O)C[C@H](N)CN1C(=O)CCC(F)(F)[C@H]1O)C2,6.795880017344075,495.4490000000003,0.8625,2,7
16306966,CHEMBL3644794,IC50,=,57.0,nM,7.24,CHEMBL284,Dipeptidyl peptidase 4,N[C@@H](CC(=O)N1CCc2c(nc(-c3ccc(F)cc3)nc2C(F)(F)F)C1)CN1C(=O)CCC(F)(F)[C@H]1O,7.2441251443275085,531.4570000000003,2.4797000000000016,2,6
16307977,CHEMBL3644798,IC50,=,159.0,nM,6.8,CHEMBL284,Dipeptidyl peptidase 4,N[C@@H](CC(=O)N1CCc2c(nc(-c3cccs3)nc2C(F)(F)F)C1)CN1C(=O)CCC(F)C1O,6.798602875679548,501.50600000000026,2.1049,2,7
16312550,CHEMBL3644803,IC50,=,63.0,nM,7.2,CHEMBL284,Dipeptidyl peptidase 4,N[C@@H](CC(=O)N1CCc2c(nc(-c3ccncc3)nc2C(F)(F)F)C1)CN1C(=O)CCC(F)(F)[C@H]1O,7.200659450546418,514.4550000000003,1.7355999999999994,2,7
16313091,CHEMBL3644789,IC50,=,93.0,nM,7.03,CHEMBL284,Dipeptidyl peptidase 4,N[C@@H](CC(=O)N1CCc2c(nc(-c3ccco3)nc2C(F)(F)F)C1)CN1C(=O)CCC(F)(F)[C@H]1O,7.031517051446065,503.4280000000003,1.9335999999999998,2,7
16317545,CHEMBL3644792,IC50,=,10.0,nM,8.0,CHEMBL284,Dipeptidyl peptidase 4,N[C@@H](CC(=O)N1CCc2c(nc(-c3cccs3)nc2C(F)(F)F)C1)CN1C(=O)CCC(F)(F)[C@@H]1O,8.0,519.4960000000003,2.4021000000000012,2,7
16326371,CHEMBL3644796,IC50,=,197.0,nM,6.71,CHEMBL284,Dipeptidyl peptidase 4,CC(C)(C)c1nc2c(c(C(F)(F)F)n1)CCN(C(=O)C[C@H](N)CN1C(=O)CCC(F)C1O)C2,6.705533773838407,475.4870000000003,1.6739,2,6
16329140,CHEMBL3644784,IC50,=,20.0,nM,7.7,CHEMBL284,Dipeptidyl peptidase 4,CCCc1nc2c(c(C(F)(F)F)n1)CCN(C(=O)C[C@H](N)CN1C(=O)CCC(F)(F)C1O)C2,7.698970004336019,479.4500000000003,1.6260999999999999,2,6
16336488,CHEMBL3644797,IC50,=,81.0,nM,7.09,CHEMBL284,Dipeptidyl peptidase 4,N[C@@H](CC(=O)N1CCc2c(nc(-c3ccco3)nc2C(F)(F)F)C1)CN1C(=O)CCC(F)C1O,7.0915149811213505,485.4380000000003,1.6363999999999999,2,7
16350569,CHEMBL3644800,IC50,=,206.0,nM,6.69,CHEMBL284,Dipeptidyl peptidase 4,N[C@@H](CC(=O)N1CCc2c(nc(-c3ccncc3)nc2C(F)(F)F)C1)CN1C(=O)CCC(F)C1O,6.686132779630847,496.46500000000026,1.4383999999999995,2,7
16352886,CHEMBL3644795,IC50,=,2500.0,nM,5.6,CHEMBL284,Dipeptidyl peptidase 4,N[C@@H](CC(=O)N1CCc2c(nc(C(F)(F)F)nc2C(F)(F)F)C1)CN1C(=O)CCC(F)(F)C1=O,5.6020599913279625,503.35000000000025,1.9006,1,6
16378634,CHEMBL3734964,IC50,=,1.6,nM,8.8,CHEMBL284,Dipeptidyl peptidase 4,N[C@H]1C[C@@H](N2Cc3[nH]nc(NC(=O)C4CC4)c3C2)CO[C@@H]1c1cc(F)ccc1F,8.795880017344075,403.4330000000001,2.2094999999999994,3,5
16378635,CHEMBL3735129,IC50,=,4.3,nM,8.37,CHEMBL284,Dipeptidyl peptidase 4,N[C@H]1C[C@@H](N2Cc3[nH]nc(NC(=O)c4nccs4)c3C2)CO[C@@H]1c1cc(F)ccc1F,8.366531544420413,446.48300000000023,2.5698,3,7
16378636,CHEMBL3735925,IC50,=,3.7,nM,8.43,CHEMBL284,Dipeptidyl peptidase 4,N[C@H]1C[C@@H](N2Cc3[nH]nc(NC(=O)c4ccncc4)c3C2)CO[C@@H]1c1cc(F)ccc1F,8.431798275933005,440.45400000000024,2.5083,3,6
16378637,CHEMBL3734769,IC50,=,3.2,nM,8.49,CHEMBL284,Dipeptidyl peptidase 4,CS(=O)(=O)Nc1n[nH]c2c1CN([C@H]1CO[C@H](c3cc(F)ccc3F)[C@@H](N)C1)C2,8.494850021680094,413.45000000000016,1.2324999999999997,3,6
16378638,CHEMBL3734828,IC50,=,1.1,nM,8.96,CHEMBL284,Dipeptidyl peptidase 4,CCS(=O)(=O)Nc1n[nH]c2c1CN([C@H]1CO[C@H](c3cc(F)ccc3F)[C@@H](N)C1)C2,8.958607314841775,427.47700000000015,1.6225999999999996,3,6
16378639,CHEMBL3735461,IC50,=,1.3,nM,8.89,CHEMBL284,Dipeptidyl peptidase 4,N[C@H]1C[C@@H](N2Cc3[nH]nc(NS(=O)(=O)CC(F)(F)F)c3C2)CO[C@@H]1c1cc(F)ccc1F,8.886056647693163,481.4470000000002,2.164999999999999,3,6
16378640,CHEMBL3734999,IC50,=,1.8,nM,8.74,CHEMBL284,Dipeptidyl peptidase 4,N[C@H]1C[C@@H](N2Cc3[nH]nc(NS(=O)(=O)C4CC4)c3C2)CO[C@@H]1c1cc(F)ccc1F,8.744727494896694,439.4880000000002,1.7651,3,6
16378641,CHEMBL3735433,IC50,=,1.8,nM,8.74,CHEMBL284,Dipeptidyl peptidase 4,N[C@H]1C[C@@H](N2Cc3[nH]nc(NS(=O)(=O)Cc4ccncc4)c3C2)CO[C@@H]1c1cc(F)ccc1F,8.744727494896694,490.53600000000023,2.1978999999999997,3,7
16378642,CHEMBL3736137,IC50,=,0.3,nM,9.52,CHEMBL284,Dipeptidyl peptidase 4,N[C@H]1C[C@@H](N2Cc3[nH]nc(NS(=O)(=O)c4c[nH]cn4)c3C2)CO[C@@H]1c1cc(F)ccc1F,9.522878745280337,465.4860000000002,1.3848999999999998,4,7
16378643,CHEMBL3735917,IC50,=,1.7,nM,8.77,CHEMBL284,Dipeptidyl peptidase 4,CS(=O)(=O)c1n[nH]c2c1CN([C@H]1CO[C@H](c3cc(F)ccc3F)[C@@H](N)C1)C2,8.769551078621726,398.4350000000001,1.2644999999999997,2,6
16378644,CHEMBL3735694,IC50,=,1.7,nM,8.77,CHEMBL284,Dipeptidyl peptidase 4,CC(C)S(=O)(=O)c1n[nH]c2c1CN([C@H]1CO[C@H](c3cc(F)ccc3F)[C@@H](N)C1)C2,8.769551078621726,426.48900000000015,2.0431,2,6
16378645,CHEMBL3735843,IC50,=,0.4,nM,9.4,CHEMBL284,Dipeptidyl peptidase 4,N[C@H]1C[C@@H](N2Cc3[nH]nc(S(=O)(=O)c4ccccc4)c3C2)CO[C@@H]1c1cc(F)ccc1F,9.397940008672037,460.5060000000002,2.6938000000000004,2,6
16394166,CHEMBL3736188,IC50,=,2.3,nM,8.64,CHEMBL284,Dipeptidyl peptidase 4,N[C@H]1C[C@@H](N2Cc3cn(S(=O)(=O)C(F)(F)F)nc3C2)CO[C@@H]1c1cc(F)ccc1F,8.638272163982407,452.4050000000002,2.0321,1,6
16394167,CHEMBL3735281,IC50,=,1.8,nM,8.74,CHEMBL284,Dipeptidyl peptidase 4,CCS(=O)(=O)n1cc2c(n1)CN([C@H]1CO[C@H](c3cc(F)ccc3F)[C@@H](N)C1)C2,8.744727494896694,412.4620000000001,1.5322,1,6
16394168,CHEMBL3734912,IC50,=,5.7,nM,8.24,CHEMBL284,Dipeptidyl peptidase 4,CCCS(=O)(=O)n1cc2c(n1)CN([C@H]1CO[C@H](c3cc(F)ccc3F)[C@@H](N)C1)C2,8.244125144327509,426.48900000000015,1.9223,1,6
16394169,CHEMBL3735865,IC50,=,0.7,nM,9.15,CHEMBL284,Dipeptidyl peptidase 4,CC(C)S(=O)(=O)n1cc2c(n1)CN([C@H]1CO[C@H](c3cc(F)ccc3F)[C@@H](N)C1)C2,9.154901959985743,426.48900000000015,1.9206999999999996,1,6
16394170,CHEMBL3736190,IC50,=,1.6,nM,8.8,CHEMBL284,Dipeptidyl peptidase 4,N[C@H]1C[C@@H](N2Cc3cnn(S(=O)(=O)C4CC4)c3C2)CO[C@@H]1c1cc(F)ccc1F,8.795880017344075,424.4730000000001,1.6746999999999996,1,6
16394171,CHEMBL3735329,IC50,=,1.6,nM,8.8,CHEMBL284,Dipeptidyl peptidase 4,N[C@H]1C[C@@H](N2Cc3cn(S(=O)(=O)C4CC4)nc3C2)CO[C@@H]1c1cc(F)ccc1F,8.795880017344075,424.4730000000001,1.6746999999999996,1,6
16394172,CHEMBL3645492,IC50,=,2.6,nM,8.59,CHEMBL284,Dipeptidyl peptidase 4,N[C@H]1C[C@@H](N2Cc3cnn(S(=O)(=O)C4CCCC4)c3C2)CO[C@@H]1c1cc(F)ccc1F,8.585026652029182,452.5270000000002,2.4549000000000003,1,6
16394173,CHEMBL3736085,IC50,=,1.6,nM,8.8,CHEMBL284,Dipeptidyl peptidase 4,N[C@H]1C[C@@H](N2Cc3cn(S(=O)(=O)C4CCCC4)nc3C2)CO[C@@H]1c1cc(F)ccc1F,8.795880017344075,452.52700000000016,2.4549000000000003,1,6
16394174,CHEMBL3735852,IC50,=,4.9,nM,8.31,CHEMBL284,Dipeptidyl peptidase 4,Cn1cnc(S(=O)(=O)n2ncc3c2CN([C@H]2CO[C@H](c4cc(F)ccc4F)[C@@H](N)C2)C3)c1,8.309803919971486,464.49800000000016,1.3048999999999995,1,7
16394175,CHEMBL3736423,IC50,=,1.9,nM,8.72,CHEMBL284,Dipeptidyl peptidase 4,Cn1cnc(S(=O)(=O)n2cc3c(n2)CN([C@H]2CO[C@H](c4cc(F)ccc4F)[C@@H](N)C2)C3)c1,8.721246399047171,464.49800000000016,1.3048999999999995,1,7
16394176,CHEMBL3736511,IC50,=,2.3,nM,8.64,CHEMBL284,Dipeptidyl peptidase 4,N[C@H]1C[C@@H](N2Cc3cn(S(=O)(=O)c4ccccc4)nc3C2)CO[C@@H]1c1cc(F)ccc1F,8.638272163982407,460.5060000000002,2.5714000000000006,1,6
16394177,CHEMBL3736067,IC50,=,1.9,nM,8.72,CHEMBL284,Dipeptidyl peptidase 4,N[C@H]1C[C@@H](N2Cc3cn(S(=O)(=O)c4cccc(C(F)(F)F)c4)nc3C2)CO[C@@H]1c1cc(F)ccc1F,8.721246399047171,528.5030000000003,3.590200000000002,1,6
16394178,CHEMBL3736135,IC50,=,1.4,nM,8.85,CHEMBL284,Dipeptidyl peptidase 4,CCC(=O)Nc1n[nH]c2c1CN([C@H]1CO[C@H](c3cc(F)ccc3F)[C@@H](N)C1)C2,8.853871964321762,391.42200000000014,2.2095000000000002,3,5
16565491,CHEMBL3797441,IC50,>,100000.0,nM,,CHEMBL284,Dipeptidyl peptidase 4,N#C[C@@H]1C[C@H](N=[N+]=[N-])CN1C(=O)[C@@H](N)CC(=O)N1CCN(C(c2ccc(F)cc2)c2ccc(F)cc2)CC1.O=C(O)C(F)(F)F.O=C(O)C(F)(F)F,4.0,750.6040000000005,3.9857800000000028,3,8
16565492,CHEMBL3798441,IC50,=,2600.0,nM,5.58,CHEMBL284,Dipeptidyl peptidase 4,C[C@H]1C[C@@H](C#N)N(C(=O)[C@@H](N)CC(=O)N2CCN(C(c3ccc(F)cc3)c3ccc(F)cc3)CC2)C1.O=C(O)C(F)(F)F.O=C(O)C(F)(F)F,5.585026652029182,723.6180000000006,3.942980000000002,3,7
16565493,CHEMBL3799388,IC50,=,19400.0,nM,4.71,CHEMBL284,Dipeptidyl peptidase 4,CC1CCN(C(=O)[C@@H](N)CC(=O)N2CCN(C(c3ccc(F)cc3)c3ccc(F)cc3)CC2)C1.O=C(O)C(F)(F)F,4.7121982700697735,584.5860000000004,3.4175000000000013,2,5
16565494,CHEMBL3798777,IC50,=,16200.0,nM,4.79,CHEMBL284,Dipeptidyl peptidase 4,CC[C@@H](C)[C@H](N)C(=O)N1CCC(C)C1.O=C(O)C(F)(F)F,4.790484985457369,312.33199999999994,1.8615,2,3
16565495,CHEMBL3797842,IC50,=,680.0,nM,6.17,CHEMBL284,Dipeptidyl peptidase 4,C=C1C[C@@H](C#N)N(C(=O)[C@@H](N)CC(=O)N2CCN(C(c3ccc(F)cc3)c3ccc(F)cc3)CC2)C1.O=C(O)C(F)(F)F.O=C(O)C(F)(F)F,6.167491087293763,721.6020000000005,3.863080000000002,3,7
16565496,CHEMBL3800113,IC50,=,34000.0,nM,4.47,CHEMBL284,Dipeptidyl peptidase 4,C=C1CCN(C(=O)[C@@H](N)CC(=O)N2CCN(C(c3ccc(F)cc3)c3ccc(F)cc3)CC2)C1.O=C(O)C(F)(F)F.O=C(O)C(F)(F)F,4.468521082957745,696.5920000000006,3.970900000000003,3,6
16565497,CHEMBL3798975,IC50,>,50000.0,nM,,CHEMBL284,Dipeptidyl peptidase 4,C=C1CCN(C(=O)[C@@H](N)[C@H](C)CC)C1.O=C(O)C(F)(F)F,4.301029995663981,310.3159999999999,1.7815999999999999,2,3
16565498,CHEMBL3797358,IC50,>,100000.0,nM,,CHEMBL284,Dipeptidyl peptidase 4,CCC1CCN(C(=O)[C@@H](N)CC(=O)N2CCN(C(c3ccc(F)cc3)c3ccc(F)cc3)CC2)C1.O=C(O)C(F)(F)F.O=C(O)C(F)(F)F,4.0,712.6350000000006,4.440900000000004,3,6
16565499,CHEMBL3797398,IC50,>,100000.0,nM,,CHEMBL284,Dipeptidyl peptidase 4,CCC1CCN(C(=O)[C@@H](N)[C@H](C)CC)C1.O=C(O)C(F)(F)F,4.0,326.3589999999999,2.2515999999999994,2,3
16565500,CHEMBL3798691,IC50,>,100000.0,nM,,CHEMBL284,Dipeptidyl peptidase 4,N[C@@H](CC(=O)N1CCN(C(c2ccc(F)cc2)c2ccc(F)cc2)CC1)C(=O)N1CCC(C(F)(F)F)C1,4.0,524.5340000000002,3.3266000000000027,1,4
16565501,CHEMBL3800436,IC50,>,100000.0,nM,,CHEMBL284,Dipeptidyl peptidase 4,N[C@@H](CC(=O)N1CCN(C(c2ccc(F)cc2)c2ccc(F)cc2)CC1)C(=O)N1Cc2cn[nH]c2C1.O=C(O)C(F)(F)F,4.0,608.5680000000006,2.8146000000000004,3,6
16565502,CHEMBL3800132,IC50,>,100000.0,nM,,CHEMBL284,Dipeptidyl peptidase 4,CC[C@@H](C)[C@H](N)C(=O)N1Cc2cn[nH]c2C1.O=C(O)C(F)(F)F,4.0,336.31399999999996,1.2585999999999995,3,4
16565503,CHEMBL3798277,IC50,>,100000.0,nM,,CHEMBL284,Dipeptidyl peptidase 4,N[C@@H](CC(=O)N1CCN(C(c2ccc(F)cc2)c2ccc(F)cc2)CC1)C(=O)N1Cc2conc2C1.O=C(O)C(F)(F)F,4.0,609.5520000000006,3.0795000000000012,2,7
16565504,CHEMBL3800380,IC50,=,56000.0,nM,4.25,CHEMBL284,Dipeptidyl peptidase 4,CC[C@@H](C)[C@H](N)C(=O)N1Cc2conc2C1.O=C(O)C(F)(F)F,4.251811972993799,337.29799999999994,1.5234999999999996,2,5
16565505,CHEMBL3797355,IC50,>,100000.0,nM,,CHEMBL284,Dipeptidyl peptidase 4,Cc1nc2c(s1)CN(C(=O)[C@@H](N)CC(=O)N1CCN(C(c3ccc(F)cc3)c3ccc(F)cc3)CC1)C2.O=C(O)C(F)(F)F,4.0,639.6470000000004,3.8564200000000026,2,7
16565506,CHEMBL3797536,IC50,>,100000.0,nM,,CHEMBL284,Dipeptidyl peptidase 4,CC[C@@H](C)[C@H](N)C(=O)N1Cc2nc(C)sc2C1.O=C(O)C(F)(F)F,4.0,367.393,2.3004200000000004,2,5
16565507,CHEMBL3797299,IC50,=,790.0,nM,6.1,CHEMBL284,Dipeptidyl peptidase 4,N#C[C@@H]1[C@@H]2C[C@@H]2CN1C(=O)[C@@H](N)CC(=O)N1CCN(C(c2ccc(F)cc2)c2ccc(F)cc2)CC1.O=C(O)C(F)(F)F,6.102372908709558,607.5800000000004,2.9195800000000007,2,6
16565508,CHEMBL3799074,IC50,=,4000.0,nM,5.4,CHEMBL284,Dipeptidyl peptidase 4,CC[C@@H](C)[C@H](N)C(=O)N1C[C@H]2C[C@H]2[C@H]1C#N.O=C(O)C(F)(F)F,5.3979400086720375,335.32599999999996,1.3635800000000002,2,4
16584366,CHEMBL3804940,IC50,=,8.6,nM,8.07,CHEMBL284,Dipeptidyl peptidase 4,Cc1ccn2nc3c(c2n1)CN([C@@H]1CO[C@H](c2cc(F)c(F)cc2F)[C@@H](N)C1)C3,8.065501548756432,403.40800000000013,2.628120000000001,1,5
16584367,CHEMBL3805696,IC50,=,289.0,nM,6.54,CHEMBL284,Dipeptidyl peptidase 4,Cc1ccnc2c3c(nn12)CN([C@@H]1CC[C@H](c2cc(F)c(F)cc2F)[C@@H](N)C1)C3,6.539102157243452,401.43600000000015,3.4342200000000016,1,4
16584368,CHEMBL3805235,IC50,=,44.0,nM,7.36,CHEMBL284,Dipeptidyl peptidase 4,Cc1ccnc2c3c(nn12)CN([C@@H]1CO[C@H](c2cc(F)c(F)cc2F)[C@@H](N)C1)C3,7.356547323513812,403.40800000000013,2.628120000000001,1,5
16584392,CHEMBL3804854,IC50,=,699.0,nM,6.16,CHEMBL284,Dipeptidyl peptidase 4,Cc1ccn2nc3c(c2n1)CN([C@@H]1CC[C@H](c2cc(F)c(F)cc2F)[C@@H](N)C1)C3,6.1555228242543185,401.43600000000015,3.4342200000000016,1,4
16584393,CHEMBL3806164,IC50,=,1170.0,nM,5.93,CHEMBL284,Dipeptidyl peptidase 4,N[C@H]1C[C@H](N2Cc3nn4cccnc4c3C2)CC[C@@H]1c1cc(F)ccc1F,5.931814138253839,369.41900000000004,2.9867000000000017,1,4
16584394,CHEMBL3806052,IC50,=,0.12,nM,9.92,CHEMBL284,Dipeptidyl peptidase 4,N[C@H]1C[C@@H](N2Cc3nn4nccnc4c3C2)CO[C@@H]1c1cc(F)ccc1F,9.920818753952375,372.379,1.5756,1,6
16584395,CHEMBL3805353,IC50,=,3.5,nM,8.46,CHEMBL284,Dipeptidyl peptidase 4,N[C@H]1C[C@@H](N2Cc3nn4cncnc4c3C2)CO[C@@H]1c1cc(F)ccc1F,8.455931955649724,372.3790000000001,1.5756,1,6
16584396,CHEMBL3806310,IC50,=,0.6,nM,9.22,CHEMBL284,Dipeptidyl peptidase 4,Cc1cc(O)nc2c3c(nn12)CN([C@H]1CO[C@H](c2cc(F)c(F)cc2F)[C@@H](N)C1)C3,9.221848749616356,419.40700000000015,2.3337200000000005,2,6
16584397,CHEMBL3805154,IC50,=,0.5,nM,9.3,CHEMBL284,Dipeptidyl peptidase 4,Cc1cc(O)n2nc3c(c2n1)CN([C@H]1CO[C@H](c2cc(F)c(F)cc2F)[C@@H](N)C1)C3,9.301029995663981,419.40700000000015,2.3337200000000005,2,6
16584398,CHEMBL3804996,IC50,=,1.9,nM,8.72,CHEMBL284,Dipeptidyl peptidase 4,Cc1cc(C(F)(F)F)nc2c3c(nn12)CN([C@H]1CC[C@H](c2cc(F)c(F)cc2F)[C@@H](N)C1)C3,8.721246399047171,469.4330000000002,4.453020000000003,1,4
16584399,CHEMBL3805937,IC50,=,1.4,nM,8.85,CHEMBL284,Dipeptidyl peptidase 4,N[C@H]1C[C@@H](N2Cc3nn4c(C(F)(F)F)ccnc4c3C2)CO[C@@H]1c1cc(F)c(F)cc1F,8.853871964321762,457.3780000000002,3.3385000000000025,1,5
16584400,CHEMBL3805179,IC50,=,1.1,nM,8.96,CHEMBL284,Dipeptidyl peptidase 4,N[C@H]1C[C@@H](N2Cc3nn4c(C(F)(F)F)ccnc4c3C2)CC[C@@H]1c1cc(F)c(F)cc1F,8.958607314841775,455.40600000000023,4.144600000000003,1,4
16584401,CHEMBL3804950,IC50,=,2.9,nM,8.54,CHEMBL284,Dipeptidyl peptidase 4,Cc1ccnc2c3c(nn12)CN([C@H]1CO[C@H](c2cc(F)ccc2F)[C@@H](N)C1)C3,8.537602002101044,385.4180000000001,2.48902,1,5
16584402,CHEMBL3806021,IC50,=,0.6,nM,9.22,CHEMBL284,Dipeptidyl peptidase 4,Cc1ccnc2c3c(nn12)CN([C@H]1CO[C@H](c2cc(F)c(F)cc2F)[C@@H](N)C1)C3,9.221848749616356,403.40800000000013,2.628120000000001,1,5
16584403,CHEMBL3804994,IC50,=,54.0,nM,7.27,CHEMBL284,Dipeptidyl peptidase 4,Cc1ccnc2c3c(nn12)CN([C@H]1CC[C@H](c2cc(F)c(F)cc2F)[C@@H](N)C1)C3,7.267606240177032,401.43600000000015,3.4342200000000016,1,4
16584404,CHEMBL3805502,IC50,=,1.5,nM,8.82,CHEMBL284,Dipeptidyl peptidase 4,N[C@H]1C[C@@H](N2Cc3nn4ccc(C(F)(F)F)nc4c3C2)CO[C@@H]1c1cc(F)c(F)cc1F,8.823908740944319,457.3780000000002,3.3385000000000016,1,5
16584405,CHEMBL3805871,IC50,=,1.1,nM,8.96,CHEMBL284,Dipeptidyl peptidase 4,N[C@H]1C[C@@H](N2Cc3nn4ccc(C(F)(F)F)nc4c3C2)CC[C@@H]1c1cc(F)c(F)cc1F,8.958607314841775,455.40600000000023,4.144600000000003,1,4
16584406,CHEMBL3805400,IC50,=,1.5,nM,8.82,CHEMBL284,Dipeptidyl peptidase 4,Cc1ccn2nc3c(c2n1)CN([C@H]1CO[C@H](c2cc(F)ccc2F)[C@@H](N)C1)C3,8.823908740944319,385.4180000000001,2.489020000000001,1,5
16584407,CHEMBL3805751,IC50,=,0.5,nM,9.3,CHEMBL284,Dipeptidyl peptidase 4,Cc1ccn2nc3c(c2n1)CN([C@H]1CO[C@H](c2cc(F)c(F)cc2F)[C@@H](N)C1)C3,9.301029995663981,403.40800000000013,2.628120000000001,1,5
16584408,CHEMBL3806239,IC50,=,155.0,nM,6.81,CHEMBL284,Dipeptidyl peptidase 4,Cc1ccn2nc3c(c2n1)CN([C@H]1CC[C@H](c2cc(F)c(F)cc2F)[C@@H](N)C1)C3,6.809668301829708,401.43600000000015,3.4342200000000016,1,4
16584409,CHEMBL3806216,IC50,=,0.7,nM,9.15,CHEMBL284,Dipeptidyl peptidase 4,N[C@H]1C[C@@H](N2Cc3nn4cccnc4c3C2)CO[C@@H]1c1cc(F)ccc1F,9.154901959985743,371.3910000000001,2.1806,1,5
16584410,CHEMBL3806003,IC50,=,3.7,nM,8.43,CHEMBL284,Dipeptidyl peptidase 4,N[C@H]1C[C@@H](N2Cc3nn4cccnc4c3C2)CC[C@@H]1c1cc(F)c(F)cc1F,8.431798275933005,387.40900000000005,3.1258000000000017,1,4
16584411,CHEMBL3806026,IC50,=,7.3,nM,8.14,CHEMBL284,Dipeptidyl peptidase 4,N[C@H]1C[C@@H](N2Cc3nn4cccnc4c3C2)CC[C@@H]1c1cc(F)ccc1F,8.136677139879543,369.41900000000004,2.9867000000000017,1,4
16584412,CHEMBL3805346,IC50,=,1.7,nM,8.77,CHEMBL284,Dipeptidyl peptidase 4,N[C@H]1C[C@@H](N2Cc3cnc4nc(C5CC5)nn4c3C2)CC[C@@H]1c1cc(F)c(F)cc1F,8.769551078621726,428.46200000000016,3.398200000000001,1,5
16584413,CHEMBL3806041,IC50,=,0.24,nM,9.62,CHEMBL284,Dipeptidyl peptidase 4,N[C@H]1C[C@@H](N2Cc3cnc4nnc(C5CC5)n4c3C2)CC[C@@H]1c1cc(F)c(F)cc1F,9.619788758288394,428.46200000000016,3.398200000000001,1,5
16584414,CHEMBL3805629,IC50,=,0.23,nM,9.64,CHEMBL284,Dipeptidyl peptidase 4,Cc1nc2ncc3c(n2n1)CN([C@H]1CC[C@H](c2cc(F)c(F)cc2F)[C@@H](N)C1)C3,9.638272163982407,402.4240000000001,2.8292200000000003,1,5
16584415,CHEMBL3806023,IC50,=,0.56,nM,9.25,CHEMBL284,Dipeptidyl peptidase 4,Cc1nnc2ncc3c(n12)CN([C@H]1CC[C@H](c2cc(F)c(F)cc2F)[C@@H](N)C1)C3,9.2518119729938,402.4240000000001,2.8292200000000003,1,5
16584416,CHEMBL3806029,IC50,=,0.7,nM,9.15,CHEMBL284,Dipeptidyl peptidase 4,Cc1cc2ncc3c(n2n1)CN([C@H]1CO[C@H](c2cc(F)c(F)cc2F)[C@@H](N)C1)C3,9.154901959985743,403.40800000000013,2.628120000000001,1,5
16584417,CHEMBL3805966,IC50,=,0.14,nM,9.85,CHEMBL284,Dipeptidyl peptidase 4,Cc1cc2ncc3c(n2n1)CN([C@H]1CC[C@H](c2cc(F)c(F)cc2F)[C@@H](N)C1)C3,9.853871964321762,401.43600000000015,3.4342200000000016,1,4
16584418,CHEMBL3806179,IC50,=,16.0,nM,7.8,CHEMBL284,Dipeptidyl peptidase 4,Cc1cc2ncc3c(n2n1)CN([C@@H]1CC[C@H](c2cc(F)ccc2F)[C@@H](N)C1)C3,7.795880017344075,383.44600000000014,3.2951200000000016,1,4
16584419,CHEMBL3805294,IC50,=,0.7,nM,9.15,CHEMBL284,Dipeptidyl peptidase 4,Cc1cc2ncc3c(n2n1)CN([C@H]1CO[C@H](c2cc(F)ccc2F)[C@@H](N)C1)C3,9.154901959985743,385.4180000000001,2.48902,1,5
16584420,CHEMBL3806157,IC50,=,0.6,nM,9.22,CHEMBL284,Dipeptidyl peptidase 4,Cc1cc2ncc3c(n2n1)CN([C@H]1CC[C@H](c2cc(F)ccc2F)[C@@H](N)C1)C3,9.221848749616356,383.44600000000014,3.2951200000000016,1,4
16584421,CHEMBL3804982,IC50,=,26.0,nM,7.58,CHEMBL284,Dipeptidyl peptidase 4,Cc1cc2nc3c(cn2n1)CN([C@@H]1CC[C@H](c2cc(F)ccc2F)[C@@H](N)C1)C3,7.585026652029182,383.44600000000014,3.2951200000000016,1,4
16584422,CHEMBL3805226,IC50,=,1.1,nM,8.96,CHEMBL284,Dipeptidyl peptidase 4,Cc1cc2nc3c(cn2n1)CN([C@H]1CC[C@H](c2cc(F)ccc2F)[C@@H](N)C1)C3,8.958607314841775,383.44600000000014,3.2951200000000016,1,4
16609224,CHEMBL3687982,IC50,=,625.0,nM,6.2,CHEMBL284,Dipeptidyl peptidase 4,CCN1C(=O)Cn2c1nc1nc(N3CCC[C@@H](N)C3)n(Cc3cc(F)ccc3F)c1c2=O,6.204119982655925,443.4580000000002,1.2135000000000005,1,6
16609225,CHEMBL3687983,IC50,=,11.2,nM,7.95,CHEMBL284,Dipeptidyl peptidase 4,CCN1C(=O)Cn2c1nc1nc(N3CCC[C@@H](N)C3)n(Cc3cc(F)ccc3C(F)(F)F)c1c2=O,7.950781977329818,493.4650000000002,2.0932,1,6
16609226,CHEMBL3813856,IC50,=,13.5,nM,7.87,CHEMBL284,Dipeptidyl peptidase 4,CCN1C(=O)Cn2c1nc1nc(N3CCC[C@@H](N)C3)n(Cc3cc(F)ccc3C#N)c1c2=O,7.8696662315049934,450.47800000000024,0.9460799999999997,1,7
16609227,CHEMBL3687979,IC50,=,156.1,nM,6.81,CHEMBL284,Dipeptidyl peptidase 4,CN1C(=O)Cn2c1nc1nc(N3CCC[C@@H](N)C3)n(Cc3cc(F)ccc3F)c1c2=O,6.806597096937582,429.43100000000015,0.8234,1,6
16609228,CHEMBL3687977,IC50,=,27.4,nM,7.56,CHEMBL284,Dipeptidyl peptidase 4,CN1C(=O)Cn2c1nc1nc(N3CCC[C@@H](N)C3)n(Cc3cc(F)ccc3C(F)(F)F)c1c2=O,7.562249437179612,479.43800000000016,1.7031,1,6
16609229,CHEMBL3687984,IC50,=,1.7,nM,8.77,CHEMBL284,Dipeptidyl peptidase 4,CN1C(=O)Cn2c1nc1nc(N3CCC[C@@H](N)C3)n(Cc3cc(F)ccc3C#N)c1c2=O,8.769551078621726,436.4510000000002,0.5559799999999995,1,7
16609230,CHEMBL3687978,IC50,=,10.6,nM,7.97,CHEMBL284,Dipeptidyl peptidase 4,CN1C(=O)Cn2c1nc1nc(N3CCC[C@@H](N)C3)n(Cc3ccccc3C#N)c1c2=O,7.97469413473523,418.4610000000002,0.4168800000000006,1,7
16609231,CHEMBL3687980,IC50,=,123.0,nM,6.91,CHEMBL284,Dipeptidyl peptidase 4,CC#CCn1c(N2CCC[C@@H](N)C2)nc2nc3n(c(=O)c21)CC(=O)N3C,6.910094888560602,355.40200000000016,-0.47979999999999845,1,6
16763211,CHEMBL584162,IC50,=,14130.0,nM,4.85,CHEMBL284,Dipeptidyl peptidase 4,COc1cc([C@H]2Oc3ccc4ccc(=O)oc4c3O[C@@H]2CO)cc(OC)c1O,4.849857838151442,386.35600000000017,2.3892,2,8
16763212,CHEMBL3952716,IC50,=,206.71,nM,6.68,CHEMBL284,Dipeptidyl peptidase 4,N[C@@H]1Cc2c(ccc3ccc(=O)oc23)O[C@H]1c1cc(F)c(F)cc1F,6.684638513020665,347.292,3.2138000000000018,1,4
16763213,CHEMBL3926320,IC50,=,110.1,nM,6.96,CHEMBL284,Dipeptidyl peptidase 4,N[C@@H]1Cc2c(ccc3ccccc23)O[C@H]1c1cc(F)c(F)cc1F,6.9582126810282485,329.32099999999997,4.260600000000002,1,2
16763215,CHEMBL3928073,IC50,=,60.61,nM,7.22,CHEMBL284,Dipeptidyl peptidase 4,COc1ccc2ccc3c(c2c1)C[C@H](N)[C@@H](c1cc(F)c(F)cc1F)O3,7.21745571598999,359.34700000000004,4.269200000000003,1,3
16763216,CHEMBL3919178,IC50,=,216.2,nM,6.67,CHEMBL284,Dipeptidyl peptidase 4,N[C@@H]1Cc2c(ccc3ccc(Br)cc23)O[C@H]1c1cc(F)c(F)cc1F,6.665144310382709,408.21700000000004,5.023100000000002,1,2
16763217,CHEMBL3942715,IC50,=,205.2,nM,6.69,CHEMBL284,Dipeptidyl peptidase 4,N#Cc1ccc2ccc3c(c2c1)C[C@@H](N)[C@H](c1cc(F)c(F)cc1F)O3,6.687822643560222,354.331,4.132280000000002,1,3
16763218,CHEMBL3910262,IC50,=,14.6,nM,7.84,CHEMBL284,Dipeptidyl peptidase 4,CS(=O)(=O)c1cccc(-c2ccc3ccc4c(c3c2)C[C@@H](N)[C@H](c2cc(F)c(F)cc2F)O4)c1,7.835647144215563,483.5110000000002,5.331100000000005,1,4
16763219,CHEMBL3929146,IC50,=,49.73,nM,7.3,CHEMBL284,Dipeptidyl peptidase 4,COc1ccc2c3c(ccc2c1)O[C@@H](c1cc(F)c(F)cc1F)[C@H](N)C3,7.303381540767775,359.3470000000001,4.269200000000002,1,3
16763220,CHEMBL3892233,IC50,=,39.2,nM,7.41,CHEMBL284,Dipeptidyl peptidase 4,N[C@@H]1Cc2c(ccc3cc(Br)ccc23)O[C@H]1c1cc(F)c(F)cc1F,7.406713932979542,408.21700000000004,5.023100000000002,1,2
16763221,CHEMBL3920234,IC50,=,8.42,nM,8.07,CHEMBL284,Dipeptidyl peptidase 4,N#Cc1ccc2c3c(ccc2c1)O[C@@H](c1cc(F)c(F)cc1F)[C@H](N)C3,8.074687908500351,354.3310000000001,4.1322800000000015,1,3
16763222,CHEMBL3950517,IC50,=,17.65,nM,7.75,CHEMBL284,Dipeptidyl peptidase 4,N[C@H]1Cc2c(ccc3cc(C(=O)O)ccc23)O[C@@H]1c1cc(F)c(F)cc1F,7.753255290276159,373.33,3.958800000000002,2,3
16763223,CHEMBL3890161,IC50,=,70.42,nM,7.15,CHEMBL284,Dipeptidyl peptidase 4,N[C@H]1Cc2c(ccc3cc(N4CCOCC4)ccc23)O[C@@H]1c1cc(F)c(F)cc1F,7.1523039792658345,414.427,4.0972000000000035,1,4
16763224,CHEMBL3959221,IC50,=,10.9,nM,7.96,CHEMBL284,Dipeptidyl peptidase 4,CS(=O)(=O)Nc1ccc2c3c(ccc2c1)O[C@H](c1cc(F)c(F)cc1F)[C@@H](N)C3,7.962573502059376,422.42800000000017,3.632100000000001,2,4
16763225,CHEMBL3932825,IC50,=,10.71,nM,7.97,CHEMBL284,Dipeptidyl peptidase 4,CS(=O)(=O)c1ccc2c3c(ccc2c1)O[C@H](c1cc(F)c(F)cc1F)[C@@H](N)C3,7.970210529168145,407.4130000000001,3.664100000000002,1,4
16763226,CHEMBL3952691,IC50,=,78.33,nM,7.11,CHEMBL284,Dipeptidyl peptidase 4,COc1ccc2ccc3c(c2c1)C[C@H](N)[C@@H](c1ccc(F)cc1F)O3,7.1060718734573936,341.357,4.130100000000003,1,3
16763227,CHEMBL3981442,IC50,=,563.9,nM,6.25,CHEMBL284,Dipeptidyl peptidase 4,COc1ccc2ccc3c(c2c1)C[C@H](N)[C@@H](c1ccccc1F)O3,6.248797905411647,323.367,3.9910000000000023,1,3
16763228,CHEMBL3934008,IC50,=,32.64,nM,7.49,CHEMBL284,Dipeptidyl peptidase 4,COc1ccc2ccc3c(c2c1)C[C@H](N)[C@@H](c1cc(F)ccc1F)O3,7.486249849918177,341.357,4.130100000000002,1,3
16763229,CHEMBL3892398,IC50,=,121.56,nM,6.92,CHEMBL284,Dipeptidyl peptidase 4,COc1ccc2ccc3c(c2c1)C[C@H](N)[C@@H](c1cccc(F)c1)O3,6.915209308592095,323.367,3.9910000000000023,1,3
16763230,CHEMBL3972474,IC50,=,337.8,nM,6.47,CHEMBL284,Dipeptidyl peptidase 4,COc1ccc2ccc3c(c2c1)C[C@H](N)[C@@H](c1ccccc1Cl)O3,6.47134035476501,339.822,4.505300000000003,1,3
16763232,CHEMBL3955701,IC50,=,2930.0,nM,5.53,CHEMBL284,Dipeptidyl peptidase 4,COc1ccc2ccc3c(c2c1)C[C@@H](N)[C@H](c1cc(F)c(F)cc1F)O3,5.533132379645891,359.34700000000004,4.269200000000003,1,3
16763233,CHEMBL3901191,IC50,=,19.64,nM,7.71,CHEMBL284,Dipeptidyl peptidase 4,COc1ccc2c3c(ccc2c1)O[C@H](c1cc(F)c(F)cc1F)[C@@H](N)C3,7.706858516549069,359.3470000000001,4.269200000000002,1,3
16763235,CHEMBL3979508,IC50,=,5.17,nM,8.29,CHEMBL284,Dipeptidyl peptidase 4,N[C@H]1Cc2c(ccc3cc(Br)ccc23)O[C@@H]1c1cc(F)c(F)cc1F,8.286509456906057,408.21700000000004,5.023100000000002,1,2
16763238,CHEMBL3941804,IC50,=,2.06,nM,8.69,CHEMBL284,Dipeptidyl peptidase 4,COc1cc2ccc3c(c2cc1OC)C[C@H](N)[C@@H](c1cc(F)c(F)cc1F)O3,8.686132779630846,389.37300000000005,4.277800000000003,1,4
16763265,CHEMBL3942843,IC50,=,6.13,nM,8.21,CHEMBL284,Dipeptidyl peptidase 4,COc1cc2c3c(ccc2cc1NS(C)(=O)=O)O[C@H](c1cc(F)c(F)cc1F)[C@@H](N)C3,8.212539525481585,452.4540000000002,3.6407000000000007,2,5
16763266,CHEMBL3944427,IC50,=,1.9,nM,8.72,CHEMBL284,Dipeptidyl peptidase 4,COc1cc2c3c(ccc2cc1S(C)(=O)=O)O[C@H](c1cc(F)c(F)cc1F)[C@@H](N)C3,8.721246399047171,437.43900000000014,3.6727000000000016,1,5
16763291,CHEMBL3968332,IC50,=,50860.0,nM,4.29,CHEMBL284,Dipeptidyl peptidase 4,Cc1cc(=O)oc2c3c(ccc12)O[C@@H](c1cc(F)c(F)cc1F)[C@@H](N)C3,4.29362364416031,361.3190000000001,3.5222200000000017,1,4
16763292,CHEMBL3929764,IC50,=,21520.0,nM,4.67,CHEMBL284,Dipeptidyl peptidase 4,Cc1cc(=O)oc2c3c(ccc12)O[C@H](c1cc(F)c(F)cc1F)[C@H](N)C3,4.667157733005649,361.3190000000001,3.5222200000000017,1,4
16763293,CHEMBL3959577,IC50,=,154.67,nM,6.81,CHEMBL284,Dipeptidyl peptidase 4,Cc1cc(=O)oc2c3c(ccc12)O[C@H](c1cc(F)c(F)cc1F)[C@@H](N)C3,6.810593914470771,361.3190000000001,3.5222200000000017,1,4
16763296,CHEMBL3971196,IC50,=,13070.0,nM,4.88,CHEMBL284,Dipeptidyl peptidase 4,Cc1cc(=O)oc2c3c(ccc12)O[C@@H](c1cc(F)c(F)cc1F)[C@H](N)C3,4.883724412419456,361.3190000000001,3.5222200000000017,1,4
16823197,CHEMBL3945617,IC50,=,800.0,nM,6.1,CHEMBL284,Dipeptidyl peptidase 4,CC#CCn1c(N2CCC[C@@H](N)C2)nc2c1c(=O)n(CCCN1CCC(C(=O)Nc3ccc(C#N)cc3)CC1)c(=O)n2C,6.096910013008056,585.7130000000001,1.4599800000000025,2,8
16823198,CHEMBL3924059,IC50,=,770.0,nM,6.11,CHEMBL284,Dipeptidyl peptidase 4,CC#CCn1c(N2CCC[C@@H](N)C2)nc2c1c(=O)n(CCCN1CCC(C(=O)Nc3ccc(Br)cc3)CC1)c(=O)n2C,6.113509274827518,639.599,2.3508000000000013,2,7
16823199,CHEMBL3896047,IC50,=,360.0,nM,6.44,CHEMBL284,Dipeptidyl peptidase 4,CC#CCn1c(N2CCC[C@@H](N)C2)nc2c1c(=O)n(CCCN1CCC(C(=O)Nc3ccc(Cl)cc3)CC1)c(=O)n2C,6.443697499232712,595.148,2.2417000000000016,2,7
16823200,CHEMBL3915044,IC50,=,510.0,nM,6.29,CHEMBL284,Dipeptidyl peptidase 4,CC#CCn1c(N2CCC[C@@H](N)C2)nc2c1c(=O)n(CCCN1CCC(C(=O)Nc3ccc(F)cc3)CC1)c(=O)n2C,6.292429823902063,578.6930000000002,1.7274000000000016,2,7
16823201,CHEMBL3984849,IC50,=,120.0,nM,6.92,CHEMBL284,Dipeptidyl peptidase 4,CC#CCn1c(N2CCC[C@@H](N)C2)nc2c1c(=O)n(CCCN1CCC(C(=O)Nc3ccc(OC)cc3)CC1)c(=O)n2C,6.920818753952375,590.7290000000002,1.5969000000000027,2,8
16823202,CHEMBL3898220,IC50,=,300.0,nM,6.52,CHEMBL284,Dipeptidyl peptidase 4,CC#CCn1c(N2CCC[C@@H](N)C2)nc2c1c(=O)n(CCCN1CCC(C(=O)Nc3ccc(C)cc3)CC1)c(=O)n2C,6.522878745280337,574.7300000000002,1.8967200000000022,2,7
16823203,CHEMBL3976778,IC50,=,220.0,nM,6.66,CHEMBL284,Dipeptidyl peptidase 4,CC#CCn1c(N2CCC[C@@H](N)C2)nc2c1c(=O)n(CCCN1CCC(C(=O)Nc3ccccc3)CC1)c(=O)n2C,6.657577319177793,560.7030000000003,1.5883000000000027,2,7
16823204,CHEMBL3897118,IC50,=,260.0,nM,6.58,CHEMBL284,Dipeptidyl peptidase 4,CC#CCn1c(N2CCC[C@@H](N)C2)nc2c1c(=O)n(CCCN1CCC(C(=O)N(C)C)CC1)c(=O)n2C,6.585026652029182,512.6590000000004,0.03780000000000405,1,7
16823205,CHEMBL3968249,IC50,=,280.0,nM,6.55,CHEMBL284,Dipeptidyl peptidase 4,CC#CCn1c(N2CCC[C@@H](N)C2)nc2c1c(=O)n(CCCN1CCC(C(=O)Oc3ccccc3)CC1)c(=O)n2C,6.552841968657781,561.6870000000004,1.5552000000000024,1,8
16823206,CHEMBL3979866,IC50,=,360.0,nM,6.44,CHEMBL284,Dipeptidyl peptidase 4,CC#CCn1c(N2CCC[C@@H](N)C2)nc2c1c(=O)n(CCCN1CCC(C(=O)OC3CCCCC3)CC1)c(=O)n2C,6.443697499232712,567.7350000000005,1.825500000000002,1,8
16823207,CHEMBL3899590,IC50,=,890.0,nM,6.05,CHEMBL284,Dipeptidyl peptidase 4,CC#CCn1c(N2CCC[C@@H](N)C2)nc2c1c(=O)n(CCCN1CCC(C(=O)OC3CCCC3)CC1)c(=O)n2C,6.050609993355087,553.7080000000004,1.4354000000000022,1,8
16823208,CHEMBL3972227,IC50,=,610.0,nM,6.21,CHEMBL284,Dipeptidyl peptidase 4,CC#CCn1c(N2CCC[C@@H](N)C2)nc2c1c(=O)n(CCCN1CCC(C(=O)OC3CCC3)CC1)c(=O)n2C,6.214670164989233,539.6810000000005,1.0453000000000026,1,8
16823209,CHEMBL3933623,IC50,=,500.0,nM,6.3,CHEMBL284,Dipeptidyl peptidase 4,CC#CCn1c(N2CCC[C@@H](N)C2)nc2c1c(=O)n(CCCN1CCC(C(=O)OCCC)CC1)c(=O)n2C,6.301029995663981,527.6700000000004,0.9028000000000027,1,8
16823210,CHEMBL3980269,IC50,=,140.0,nM,6.85,CHEMBL284,Dipeptidyl peptidase 4,CC#CCn1c(N2CCC[C@@H](N)C2)nc2c1c(=O)n(CCCN1CCC(C(=O)OCC)CC1)c(=O)n2C,6.853871964321762,513.6430000000005,0.512700000000003,1,8
16823211,CHEMBL3910158,IC50,=,250.0,nM,6.6,CHEMBL284,Dipeptidyl peptidase 4,CC#CCn1c(N2CCC[C@@H](N)C2)nc2c1c(=O)n(CCCN1CCC(C(=O)OC)CC1)c(=O)n2C,6.6020599913279625,499.61600000000044,0.12260000000000337,1,8
16823212,CHEMBL3927979,IC50,=,2600.0,nM,5.58,CHEMBL284,Dipeptidyl peptidase 4,CC#CCn1c(N2CCCNCC2)nc2c1c(=O)n(CCCN1CCC(C(=O)OC(C)C)CC1)c(=O)n2C,5.585026652029182,527.6700000000004,0.7734000000000034,1,8
16823213,CHEMBL3909049,IC50,=,5400.0,nM,5.27,CHEMBL284,Dipeptidyl peptidase 4,CC#CCn1c(N2CCNCC2)nc2c1c(=O)n(CCCN1CCC(C(=O)OC(C)C)CC1)c(=O)n2C,5.267606240177032,513.6430000000005,0.38330000000000286,1,8
16823215,CHEMBL3920718,IC50,=,400.0,nM,6.4,CHEMBL284,Dipeptidyl peptidase 4,CC#CCn1c(N2CCC[C@@H](N)C2)nc2c1c(=O)n(CCCCN1CCC(C(=O)OC(C)C)CC1)c(=O)n2C,6.3979400086720375,541.6970000000003,1.2913000000000026,1,8
16823216,CHEMBL3892718,IC50,=,140.0,nM,6.85,CHEMBL284,Dipeptidyl peptidase 4,CC#CCn1c(N2CCC[C@@H](N)C2)nc2c1c(=O)n(CCCN1CCC(C(=O)OC(C)C)CC1)c(=O)n2C,6.853871964321762,527.6700000000004,0.9012000000000029,1,8
16823217,CHEMBL3929627,IC50,=,760.0,nM,6.12,CHEMBL284,Dipeptidyl peptidase 4,CC#CCn1c(N2CCC[C@@H](N)C2)nc2c1c(=O)n(CCN1CCC(C(=O)OC(C)C)CC1)c(=O)n2C,6.119186407719209,513.6430000000004,0.5111000000000032,1,8
16823218,CHEMBL3901674,IC50,=,250.0,nM,6.6,CHEMBL284,Dipeptidyl peptidase 4,CC#CCn1c(N2CCC[C@@H](N)C2)nc2c1c(=O)n(CCCCC1CCN(C(=O)OC(C)C)CC1)c(=O)n2C,6.6020599913279625,541.6970000000003,2.274800000000001,1,7
16823219,CHEMBL3902771,IC50,=,73.0,nM,7.14,CHEMBL284,Dipeptidyl peptidase 4,CC#CCn1c(N2CCC[C@@H](N)C2)nc2c1c(=O)n(CCCC1CCN(C(=O)OC(C)C)CC1)c(=O)n2C,7.136677139879544,527.6700000000004,1.8847000000000012,1,7
16823220,CHEMBL3973741,IC50,=,950.0,nM,6.02,CHEMBL284,Dipeptidyl peptidase 4,CC#CCn1c(N2CCC[C@@H](N)C2)nc2c1c(=O)n(CCC1CCN(C(=O)OC(C)C)CC1)c(=O)n2C,6.022276394711152,513.6430000000004,1.4946000000000017,1,7
16823221,CHEMBL3911786,IC50,=,5000.0,nM,5.3,CHEMBL284,Dipeptidyl peptidase 4,CC#CCn1c(N2CCC[C@@H](N)C2)nc2c1c(=O)n(CC1CCN(C(=O)OC(C)C)CC1)c(=O)n2C,5.301029995663981,499.6160000000004,1.1045000000000018,1,7
17611004,CHEMBL3704833,IC50,=,1.0,nM,9.0,CHEMBL284,Dipeptidyl peptidase 4,N#CC1CCCN1C(=O)CNCC(O)COc1ccccc1,9.0,303.362,0.5304799999999997,2,5
17614739,CHEMBL3645490,IC50,=,2.5,nM,8.6,CHEMBL284,Dipeptidyl peptidase 4,CS(=O)(=O)n1cc2c(n1)CN([C@H]1COC(c3cc(F)ccc3F)[C@@H](N)C1)C2,8.602059991327963,398.4350000000001,1.1421,1,6
17614740,CHEMBL3645491,IC50,=,2.2,nM,8.66,CHEMBL284,Dipeptidyl peptidase 4,CS(=O)(=O)n1cc2c(n1)CN([C@H]1COC(c3cc(F)c(F)cc3F)[C@@H](N)C1)C2,8.657577319177793,416.4250000000001,1.2812,1,6
17614741,CHEMBL3645496,IC50,=,1.9,nM,8.72,CHEMBL284,Dipeptidyl peptidase 4,N[C@H]1C[C@@H](N2Cc3cn(S(=O)(=O)C4CC4)nc3C2)COC1c1cc(F)c(F)cc1F,8.721246399047171,442.46300000000014,1.8137999999999999,1,6
17614742,CHEMBL3645493,IC50,=,1.6,nM,8.8,CHEMBL284,Dipeptidyl peptidase 4,N[C@H]1C[C@@H](N2Cc3cn(S(=O)(=O)C4CCCC4)nc3C2)COC1c1cc(F)ccc1F,8.795880017344075,452.52700000000016,2.4549000000000003,1,6
17614743,CHEMBL3645497,IC50,=,1.0,nM,9.0,CHEMBL284,Dipeptidyl peptidase 4,N[C@H]1C[C@@H](N2Cc3cn(S(=O)(=O)C4CC4)nc3C2)COC1c1cc(F)ccc1F,9.0,424.4730000000001,1.6746999999999996,1,6
17614744,CHEMBL3645494,IC50,=,1.3,nM,8.89,CHEMBL284,Dipeptidyl peptidase 4,N[C@H]1C[C@@H](N2Cc3cn(S(=O)(=O)C4CCCC4)nc3C2)COC1c1cc(F)c(F)cc1F,8.886056647693163,470.51700000000017,2.5940000000000003,1,6
17614745,CHEMBL3645495,IC50,=,1.6,nM,8.8,CHEMBL284,Dipeptidyl peptidase 4,N[C@H]1C[C@@H](N2Cc3cnn(S(=O)(=O)C4CC4)c3C2)COC1c1cc(F)ccc1F,8.795880017344075,424.4730000000001,1.6746999999999996,1,6
17630250,CHEMBL3675618,IC50,=,0.38,nM,9.42,CHEMBL284,Dipeptidyl peptidase 4,CC#CCn1c(N2CCC[C@@H](N)C2)nc2c1C(=O)N(Cc1nc(C)c3ccccc3n1)C1=NCCN12,9.42021640338319,483.58000000000027,1.9175199999999994,1,8
17630251,CHEMBL3675619,IC50,=,10.0,nM,8.0,CHEMBL284,Dipeptidyl peptidase 4,[C-]#[N+]c1ccc(CN2C(=O)c3c(nc(N4CCC[C@@H](N)C4)n3CC#CC)N3CCN=C23)cc1,8.0,442.52700000000027,2.21669,1,6
17630252,CHEMBL3675620,IC50,=,43.0,nM,7.37,CHEMBL284,Dipeptidyl peptidase 4,Cc1nc(CN2C(=O)c3c(nc(N4CCC[C@@H](N)C4)n3Cc3cc(F)ccc3F)N3CCN=C23)nc2ccccc12,7.366531544420414,557.6090000000003,3.220720000000002,1,8
17630253,CHEMBL3675621,IC50,=,99.0,nM,7.0,CHEMBL284,Dipeptidyl peptidase 4,Cc1nc(CN2C(=O)c3c(nc(N4CCC[C@@H](N)C4)n3Cc3cc(F)ccc3C#N)N3CCCN=C23)nc2ccccc12,7.00436480540245,578.6560000000003,3.3434000000000017,1,9
17630254,CHEMBL3675622,IC50,=,1.3,nM,8.89,CHEMBL284,Dipeptidyl peptidase 4,CC#CCn1c(N2CCC[C@@H](N)C2)nc2c1C(=O)N(Cc1nc(C)c3ccccc3n1)C1=NCCCN12,8.886056647693163,497.6070000000003,2.307619999999999,1,8
17630255,CHEMBL3675623,IC50,=,539.0,nM,6.27,CHEMBL284,Dipeptidyl peptidase 4,Cc1nc(CN2C(=O)c3c(nc(N4CCC[C@@H](N)C4)n3C)N3CCN=C23)nc2ccccc12,6.268411234813262,445.53100000000023,1.4312200000000013,1,8
17630256,CHEMBL3675624,IC50,=,1.6,nM,8.8,CHEMBL284,Dipeptidyl peptidase 4,CC(C)=CCn1c(N2CCC[C@@H](N)C2)nc2c1C(=O)N(Cc1nc(C)c3ccccc3n1)C1=NCCN12,8.795880017344075,499.62300000000033,2.8604200000000013,1,8
17630257,CHEMBL3675625,IC50,=,19.0,nM,7.72,CHEMBL284,Dipeptidyl peptidase 4,Cc1nc(CN2C(=O)c3c(nc(N4CCC[C@@H](N)C4)n3Cc3cccc(F)c3)N3CCN=C23)nc2ccccc12,7.721246399047171,539.6190000000003,3.081620000000001,1,8
17630258,CHEMBL3675626,IC50,=,32.0,nM,7.5,CHEMBL284,Dipeptidyl peptidase 4,Cc1nc(CN2C(=O)c3c(nc(N4CCC[C@@H](N)C4)n3Cc3ccccc3)N3CCN=C23)nc2ccccc12,7.494850021680094,521.6290000000002,2.94252,1,8
17630259,CHEMBL3675627,IC50,=,8.0,nM,8.1,CHEMBL284,Dipeptidyl peptidase 4,Cc1nc(CN2C(=O)c3c(nc(N4CCC[C@@H](N)C4)n3CC3CC3)N3CCN=C23)nc2ccccc12,8.096910013008056,485.59600000000034,2.304220000000001,1,8
17630260,CHEMBL3675628,IC50,=,39.0,nM,7.41,CHEMBL284,Dipeptidyl peptidase 4,CC#CCn1c(N2CCC[C@@H](N)C2)nc2c1C(=O)N(Cc1ccc(OC)cc1)C1=NCCCN12,7.4089353929735005,461.5700000000003,2.064599999999999,1,7
17630261,CHEMBL3675629,IC50,=,6113.0,nM,5.21,CHEMBL284,Dipeptidyl peptidase 4,CC#CCn1c(N2CCC[C@@H](N)C2)nc2c1C(=O)NC1=NCCCN12,5.21374560421022,341.4190000000001,0.1434000000000013,2,6
17630262,CHEMBL3675630,IC50,=,44.0,nM,7.36,CHEMBL284,Dipeptidyl peptidase 4,CC#CCn1c(N2CCC[C@@H](N)C2)nc2c1C(=O)N(Cc1cccc3ccccc13)C1=NCCCN12,7.356547323513812,481.60400000000027,3.209200000000001,1,6
17630263,CHEMBL3675631,IC50,=,11.0,nM,7.96,CHEMBL284,Dipeptidyl peptidase 4,CC#CCn1c(N2CCC[C@@H](N)C2)nc2c1C(=O)N(Cc1nccc(C#N)n1)C1=NCCN12,7.958607314841775,444.5030000000002,0.3275800000000011,1,9
17630264,CHEMBL3675632,IC50,=,9.0,nM,8.05,CHEMBL284,Dipeptidyl peptidase 4,CC#CCn1c(N2CCC[C@@H](N)C2)nc2c1C(=O)N(Cc1ccccc1C#N)C1=NCCN12,8.045757490560675,442.5270000000002,1.5375799999999993,1,7
17630265,CHEMBL3675633,IC50,=,29.0,nM,7.54,CHEMBL284,Dipeptidyl peptidase 4,Cc1nc(CN2C(=O)c3c(nc(N4CCC[C@@H](N)C4)n3Cc3sccc3F)N3CCN=C23)nc2ccccc12,7.5376020021010435,545.6480000000003,3.1431200000000015,1,9
17630266,CHEMBL3675634,IC50,=,14.0,nM,7.85,CHEMBL284,Dipeptidyl peptidase 4,Cc1nc(CN2C(=O)c3c(nc(N4CCC[C@@H](N)C4)n3CC3CC3(F)F)N3CCN=C23)nc2ccccc12,7.853871964321762,521.5760000000002,2.5494200000000005,1,8
17630267,CHEMBL3675635,IC50,=,29.0,nM,7.54,CHEMBL284,Dipeptidyl peptidase 4,Cc1nc(CN2C(=O)c3c(nc(N4CCC[C@@H](N)C4)n3CC3CCC3)N3CCN=C23)nc2ccccc12,7.5376020021010435,499.6230000000004,2.694320000000001,1,8
17630268,CHEMBL3675636,IC50,=,82.0,nM,7.09,CHEMBL284,Dipeptidyl peptidase 4,Cc1nc(CN2C(=O)c3c(nc(N4CCC[C@@H](N)C4)n3Cc3ccccc3C#N)N3CCN=C23)nc2ccccc12,7.086186147616283,546.6390000000004,2.8142000000000005,1,9
17630269,CHEMBL3675637,IC50,=,1.0,nM,9.0,CHEMBL284,Dipeptidyl peptidase 4,CC#CCn1c(N2CCC[C@@H](N)C2)nc2c1C(=O)N(Cc1nc(C)c3ccccc3n1)C1=N[C@@H](C)CN12,9.0,497.60700000000026,2.3060199999999993,1,8
17630579,CHEMBL3680628,IC50,=,6.0,nM,8.22,CHEMBL284,Dipeptidyl peptidase 4,CC#CCn1c(N2CCCC(NC(=O)OC(C)(C)C)C2)nc2c1c(=O)n(Cc1nc(NCc3ccccc3)c3ccccc3n1)c(=O)n2C,8.221848749616356,663.7830000000001,4.017100000000002,2,9
17630580,CHEMBL3680629,IC50,=,6.0,nM,8.22,CHEMBL284,Dipeptidyl peptidase 4,CC#CCn1c(N2CCC[C@@H](NC(=O)OC(C)(C)C)C2)nc2c1c(=O)n(Cc1cc(C#N)cc3ccccc13)c(=O)n2C,8.221848749616356,581.6770000000002,3.4866800000000024,1,7
17630581,CHEMBL3680630,IC50,=,9.0,nM,8.05,CHEMBL284,Dipeptidyl peptidase 4,CC#CCn1c(N2CCC[C@@H](NC(=O)OC(C)(C)C)C2)nc2c1c(=O)n(Cc1nc(-c3ccccc3)nc3ccccc13)c(=O)n2C,8.045757490560675,634.7410000000002,4.072000000000003,1,8
17630582,CHEMBL3680631,IC50,=,2.0,nM,8.7,CHEMBL284,Dipeptidyl peptidase 4,CC#CCn1c(N2CCC[C@@H](NC(=O)OC(C)(C)C)C2)nc2c1c(=O)n(Cc1cc(C#N)c3ccccc3n1)c(=O)n2C,8.698970004336019,582.6650000000002,2.881680000000001,1,8
17630583,CHEMBL3680632,IC50,=,5.0,nM,8.3,CHEMBL284,Dipeptidyl peptidase 4,CC#CCn1c(N2CCC[C@@H](NC(=O)OC(C)(C)C)C2)nc2c1c(=O)n(CC(=O)c1cccc(OC3CC3)c1)c(=O)n2C,8.301029995663981,590.6810000000003,2.8376,1,8
17630584,CHEMBL3680633,IC50,=,2.0,nM,8.7,CHEMBL284,Dipeptidyl peptidase 4,CC#CCn1c(N2CCC[C@@H](NC(=O)OC(C)(C)C)C2)nc2c1c(=O)n(Cc1ccc3nc(C)c(C)nc3c1)c(=O)n2C,8.698970004336019,586.6970000000002,3.021840000000001,1,8
17630585,CHEMBL3680634,IC50,=,2.0,nM,8.7,CHEMBL284,Dipeptidyl peptidase 4,CC#CCn1c(N2CCC[C@@H](NC(=O)OC(C)(C)C)C2)nc2c1c(=O)n(CC(=O)c1ccccc1Br)c(=O)n2C,8.698970004336019,613.5130000000001,3.0589000000000004,1,7
17630586,CHEMBL3680635,IC50,=,2.0,nM,8.7,CHEMBL284,Dipeptidyl peptidase 4,CC#CCn1c(N2CCC[C@@H](NC(=O)OC(C)(C)C)C2)nc2c1c(=O)n(Cc1nc3ccccc3c(C)c1C#N)c(=O)n2C,8.698970004336019,596.6920000000001,3.190100000000001,1,8
17630587,CHEMBL3680636,IC50,=,2.0,nM,8.7,CHEMBL284,Dipeptidyl peptidase 4,CC#CCn1c(N2CCC[C@@H](NC(=O)OC(C)(C)C)C2)nc2c1c(=O)n(Cc1nccc(-c3ccccc3)n1)c(=O)n2C,8.698970004336019,584.6810000000002,2.918800000000001,1,8
17630588,CHEMBL3680637,IC50,=,3.0,nM,8.52,CHEMBL284,Dipeptidyl peptidase 4,CC#CCn1c(N2CCC[C@@H](NC(=O)OC(C)(C)C)C2)nc2c1c(=O)n(CC(=O)c1ccccc1[N+](=O)[O-])c(=O)n2C,8.522878745280337,579.6140000000003,2.2045999999999992,1,9
17632174,CHEMBL3694421,IC50,=,6.8,nM,8.17,CHEMBL284,Dipeptidyl peptidase 4,CS(=O)(=O)n1cc2c(n1)CN([C@H]1CNC(c3cc(F)ccc3F)[C@@H](N)C1)C2,8.167491087293763,397.45100000000014,0.7150999999999995,2,6
17632175,CHEMBL3694422,IC50,=,0.7,nM,9.15,CHEMBL284,Dipeptidyl peptidase 4,N[C@H]1C[C@@H](N2Cc3cn(S(=O)(=O)C4CC4)nc3C2)CNC1c1cc(F)c(F)cc1F,9.154901959985743,441.4790000000001,1.3867999999999998,2,6
17632176,CHEMBL3694423,IC50,=,4.3,nM,8.37,CHEMBL284,Dipeptidyl peptidase 4,CS(=O)(=O)n1cc2c(n1)CN([C@@H]1C[C@H](N)C(c3cc(F)ccc3F)N(CC(N)=O)C1)C2,8.366531544420413,454.5030000000002,-0.08719999999999883,2,7
17632177,CHEMBL3694424,IC50,=,1.0,nM,9.0,CHEMBL284,Dipeptidyl peptidase 4,N[C@H]1C[C@@H](N2Cc3cn[nH]c3C2)CN(CC(=O)N2CC[C@@H](F)C2)C1c1cc(F)ccc1F,9.0,448.49300000000017,1.7167999999999997,2,5
17632178,CHEMBL3697938,IC50,=,0.9,nM,9.05,CHEMBL284,Dipeptidyl peptidase 4,CN1C[C@H](N2Cc3cn(S(C)(=O)=O)nc3C2)C[C@H](N)C1c1cc(F)c(F)cc1F,9.045757490560675,429.4680000000001,1.1964000000000001,1,6
17632179,CHEMBL3697939,IC50,=,14.5,nM,7.84,CHEMBL284,Dipeptidyl peptidase 4,CS(=O)(=O)n1cc2c(n1)CN([C@@H]1C[C@H](N)C(c3cc(F)ccc3F)N(C(=O)C(F)(F)F)C1)C2,7.838631997765025,493.45800000000014,1.5163999999999995,1,6
17632180,CHEMBL3697940,IC50,=,1.7,nM,8.77,CHEMBL284,Dipeptidyl peptidase 4,CS(=O)(=O)n1cc2c(n1)CN([C@@H]1C[C@H](N)C(c3cc(F)ccc3F)N(CCO)C1)C2,8.769551078621726,441.5040000000002,0.41979999999999934,2,7
17632181,CHEMBL3697941,IC50,=,1.6,nM,8.8,CHEMBL284,Dipeptidyl peptidase 4,CS(=O)(=O)n1cc2c(n1)CN([C@@H]1C[C@H](N)C(c3cc(F)ccc3F)N(CC3CC3)C1)C2,8.795880017344075,451.54300000000023,1.8374999999999995,1,6
17632182,CHEMBL3697942,IC50,=,0.4,nM,9.4,CHEMBL284,Dipeptidyl peptidase 4,C[C@H](F)CN1C[C@H](N2Cc3cn(S(C)(=O)=O)nc3C2)C[C@H](N)C1c1cc(F)ccc1F,9.397940008672037,457.5220000000002,1.7855000000000008,1,6
17632183,CHEMBL3697943,IC50,=,25.4,nM,7.59,CHEMBL284,Dipeptidyl peptidase 4,N[C@H]1C[C@@H](N2Cc3cn[nH]c3C2)CN(CCN2CCC(F)(F)C2)C1c1cc(F)ccc1F,7.595166283380062,452.5000000000001,2.4874,2,5
17632184,CHEMBL3697944,IC50,=,7.1,nM,8.15,CHEMBL284,Dipeptidyl peptidase 4,Cn1cc(CCN2C[C@H](N3Cc4cn[nH]c4C3)C[C@H](N)C2c2cc(F)ccc2F)cn1,8.148741651280925,427.5030000000001,2.1225999999999985,2,5
17632185,CHEMBL3697945,IC50,=,12.9,nM,7.89,CHEMBL284,Dipeptidyl peptidase 4,N[C@H]1C[C@@H](N2Cc3cn[nH]c3C2)CN(Cc2cnccn2)C1c1cc(F)ccc1F,7.889410289700751,411.46000000000004,2.1365999999999996,2,6
17632186,CHEMBL3697946,IC50,=,3.0,nM,8.52,CHEMBL284,Dipeptidyl peptidase 4,CS(=O)(=O)n1cc2c(n1)CN([C@@H]1C[C@H](N)C(c3cc(F)ccc3F)N(Cc3cncnc3)C1)C2,8.522878745280337,489.5520000000002,1.4176999999999988,1,8
17632187,CHEMBL3697947,IC50,=,2.9,nM,8.54,CHEMBL284,Dipeptidyl peptidase 4,N[C@H]1C[C@@H](N2Cc3cn[nH]c3C2)CN(Cc2cn[nH]c2)C1c1cc(F)ccc1F,8.537602002101044,399.449,2.069699999999999,3,5
17632188,CHEMBL3697948,IC50,=,53.3,nM,7.27,CHEMBL284,Dipeptidyl peptidase 4,CS(=O)(=O)N1C[C@@H](N2Cc3cn(S(C)(=O)=O)nc3C2)C[C@H](N)C1c1cc(F)ccc1F,7.273272790973428,475.54300000000023,0.3871000000000012,1,7
17632189,CHEMBL3697949,IC50,=,3.9,nM,8.41,CHEMBL284,Dipeptidyl peptidase 4,CS(=O)(=O)n1cc2c(n1)CN([C@H]1C[C@H](N)C(c3cc(F)ccc3F)N(Cc3cn[nH]c3)C1)C2,8.4089353929735,477.54100000000017,1.3507999999999987,2,7
17632190,CHEMBL3697950,IC50,=,24.6,nM,7.61,CHEMBL284,Dipeptidyl peptidase 4,CS(=O)(=O)n1cc2c(n1)CN([C@H]1C[C@H](N)C(c3cc(F)ccc3F)N(Cc3cncc4cccnc34)C1)C2,7.609064892896621,539.6120000000001,2.5709,1,8
17652370,CHEMBL3644451,IC50,=,2.3,nM,8.64,CHEMBL284,Dipeptidyl peptidase 4,N[C@H]1C[C@@H](N2Cc3c[nH]nc3C2)CSC1c1cc(F)ccc1F,8.638272163982407,336.411,2.5776000000000012,2,4
17652371,CHEMBL3644452,IC50,=,3.4,nM,8.47,CHEMBL284,Dipeptidyl peptidase 4,N[C@H]1C[C@@H](N2Cc3c[nH]nc3C2)CSC1c1cc(F)cc(F)c1F,8.468521082957745,354.401,2.7167000000000012,2,4
17652372,CHEMBL3644453,IC50,=,40.0,nM,7.4,CHEMBL284,Dipeptidyl peptidase 4,N[C@H]1C[C@@H](N2Cc3c[nH]nc3C2)C[S+]([O-])C1c1cc(F)cc(F)c1F,7.3979400086720375,370.4,1.7322,2,4
17652374,CHEMBL3644454,IC50,=,119.0,nM,6.92,CHEMBL284,Dipeptidyl peptidase 4,N[C@H]1C[C@@H](N2Cc3c[nH]nc3C2)CS(=O)(=O)C1c1cc(F)cc(F)c1F,6.924453038607469,386.399,1.3983,2,5
17652375,CHEMBL3644455,IC50,=,2.6,nM,8.59,CHEMBL284,Dipeptidyl peptidase 4,CC(C)(O)Cn1cc2c(n1)CN([C@H]1CSC(c3cc(F)cc(F)c3F)[C@@H](N)C1)C2,8.585026652029182,426.50800000000015,2.961000000000001,2,5
17652376,CHEMBL3644456,IC50,=,0.5,nM,9.3,CHEMBL284,Dipeptidyl peptidase 4,CS(=O)(=O)n1cc2c(n1)CN([C@H]1CSC(c3cc(F)cc(F)c3F)[C@@H](N)C1)C2,9.301029995663981,432.49300000000017,1.9977999999999998,1,6
17652377,CHEMBL3644457,IC50,=,1.6,nM,8.8,CHEMBL284,Dipeptidyl peptidase 4,CC(C)(F)Cn1cc2c(n1)CN([C@H]1CSC(c3cc(F)cc(F)c3F)[C@@H](N)C1)C2,8.795880017344075,428.49900000000014,3.938200000000003,1,4
17652378,CHEMBL3644458,IC50,=,0.6,nM,9.22,CHEMBL284,Dipeptidyl peptidase 4,CS(=O)(=O)n1cc2c(n1)CN([C@H]1CSC(c3cc(F)ccc3F)[C@@H](N)C1)C2,9.221848749616356,414.50300000000016,1.8586999999999998,1,6
17652379,CHEMBL3644459,IC50,=,0.17,nM,9.77,CHEMBL284,Dipeptidyl peptidase 4,NC(=O)c1[nH]nc2c1CN([C@H]1CSC(c3cc(F)ccc3F)[C@@H](N)C1)C2,9.769551078621726,379.43600000000015,1.6764999999999999,3,5
17652380,CHEMBL3644460,IC50,=,0.46,nM,9.34,CHEMBL284,Dipeptidyl peptidase 4,N#Cc1[nH]nc2c1CN([C@H]1CSC(c3cc(F)ccc3F)[C@@H](N)C1)C2,9.337242168318426,361.4210000000001,2.449280000000001,2,5
17652381,CHEMBL3644461,IC50,=,1.1,nM,8.96,CHEMBL284,Dipeptidyl peptidase 4,N[C@H]1C[C@@H](N2Cc3nc(C(F)(F)F)[nH]c3C2)CSC1c1cc(F)ccc1F,8.958607314841775,404.408,3.5964000000000027,2,4
17652382,CHEMBL3639433,IC50,=,0.7,nM,9.15,CHEMBL284,Dipeptidyl peptidase 4,N[C@H]1C[C@@H](N2Cc3cnc(C(F)(F)F)nc3C2)CSC1c1cc(F)ccc1F,9.154901959985743,416.41900000000004,3.663300000000002,1,5
17652383,CHEMBL3644462,IC50,=,0.7,nM,9.15,CHEMBL284,Dipeptidyl peptidase 4,N[C@H]1C[C@@H](N2Cc3nc(-c4ccccc4)[nH]c3C2)CSC1c1cc(F)ccc1F,9.154901959985743,412.50900000000007,4.244600000000004,2,4
17652384,CHEMBL3644463,IC50,=,1.7,nM,8.77,CHEMBL284,Dipeptidyl peptidase 4,NC(=O)Cn1cc2c(n1)CN([C@H]1CSC(c3cc(F)cc(F)c3F)[C@@H](N)C1)C2,8.769551078621726,411.45300000000015,1.6754000000000002,2,5
17652385,CHEMBL3644464,IC50,=,1.5,nM,8.82,CHEMBL284,Dipeptidyl peptidase 4,Cc1nc2c([nH]1)CN([C@H]1CSC(c3cc(F)ccc3F)[C@@H](N)C1)C2,8.823908740944319,350.4380000000001,2.8860200000000003,2,4
17652386,CHEMBL3644465,IC50,=,8.1,nM,8.09,CHEMBL284,Dipeptidyl peptidase 4,Cc1nc2c(o1)CN([C@H]1CSC(c3cc(F)ccc3F)[C@@H](N)C1)C2,8.09151498112135,351.4220000000001,3.150920000000001,1,5
17657787,CHEMBL3650433,IC50,=,5.7,nM,8.24,CHEMBL284,Dipeptidyl peptidase 4,Cn1c2nccc-2c(N2CCC[C@@H](N)C2)n(Cc2cc(F)ccc2C#N)c1=O,8.244125144327509,380.427,1.6731799999999997,1,5
17657788,CHEMBL3650440,IC50,=,34.0,nM,7.47,CHEMBL284,Dipeptidyl peptidase 4,Cn1c2nccc-2c(N2CCC[C@@H](N)C2)n(Cc2ccccc2C#N)c1=O,7.468521082957745,362.437,1.5340799999999994,1,5
17657789,CHEMBL3650435,IC50,=,1343.0,nM,5.87,CHEMBL284,Dipeptidyl peptidase 4,Cn1c2nccc-2c(N2CCC[C@@H](N)C2)n(Cc2cc(F)ccc2F)c1=O,5.871923987331285,373.407,1.9405999999999997,1,4
17657790,CHEMBL3650436,IC50,=,1590.0,nM,5.8,CHEMBL284,Dipeptidyl peptidase 4,Cn1c2nccc-2c(N2CCC[C@@H](N)C2)n(Cc2cccc(F)c2)c1=O,5.798602875679548,355.417,1.8014999999999994,1,4
17657791,CHEMBL3650439,IC50,=,5.6,nM,8.25,CHEMBL284,Dipeptidyl peptidase 4,Cn1c2nc(Cl)cc-2c(N2CCC[C@@H](N)C2)n(Cc2cc(F)ccc2C#N)c1=O,8.2518119729938,414.8720000000001,2.32658,1,5
17657792,CHEMBL3650434,IC50,=,106.0,nM,6.97,CHEMBL284,Dipeptidyl peptidase 4,Cn1c2ncnc-2c(N2CCC[C@@H](N)C2)n(Cc2ccccc2C#N)c1=O,6.97469413473523,363.42500000000007,0.9290799999999996,1,6
17657793,CHEMBL3650437,IC50,=,14.0,nM,7.85,CHEMBL284,Dipeptidyl peptidase 4,Cn1c2nc(C#N)cc-2c(N2CCC[C@@H](N)C2)n(Cc2cc(F)ccc2C#N)c1=O,7.853871964321762,405.4370000000001,1.5448599999999995,1,6
17657794,CHEMBL3650438,IC50,=,104.0,nM,6.98,CHEMBL284,Dipeptidyl peptidase 4,Cc1nc(Cn2c3nccc-3c(N3CCCC(N)C3)n(Cc3cc(F)ccc3C#N)c2=O)nc2ccccc12,6.982966660701219,522.5880000000002,3.4361000000000024,1,7
17660154,CHEMBL3686733,IC50,=,0.35,nM,9.46,CHEMBL284,Dipeptidyl peptidase 4,C[C@H](N)C(=S)N1CCC[C@H]1B(O)O,9.455931955649724,202.08800000000002,-0.8626000000000003,3,4
17660156,CHEMBL3686734,IC50,=,73.0,nM,7.14,CHEMBL284,Dipeptidyl peptidase 4,CC(C)[C@H](N)C(=S)N[C@@H](C)B(O)O,7.136677139879544,204.10400000000004,-0.7128,4,4
17660157,CHEMBL3639856,IC50,=,63.0,nM,7.2,CHEMBL284,Dipeptidyl peptidase 4,C[C@H](NC(=O)[C@H](C)N)B(O)O,7.200659450546418,159.982,-2.1496999999999984,4,4
17660158,CHEMBL3686735,IC50,=,6500.0,nM,5.19,CHEMBL284,Dipeptidyl peptidase 4,C[C@H](NC(=S)[C@H](C)N)B(O)O,5.187086643357144,176.04999999999998,-1.3488999999999998,4,4
17660160,CHEMBL3686736,IC50,=,44.0,nM,7.36,CHEMBL284,Dipeptidyl peptidase 4,CC(C)[C@H](N)C(=S)N1CCC[C@H]1B(O)O,7.356547323513812,230.142,-0.2264999999999998,3,4
17660161,CHEMBL3686737,IC50,=,1.0,nM,9.0,CHEMBL284,Dipeptidyl peptidase 4,N[C@H](C(=O)N1CCC[C@H]1B(O)O)C1CCCCC1,9.0,254.13899999999995,-0.10300000000000042,3,4
17660164,CHEMBL3686738,IC50,=,3.0,nM,8.52,CHEMBL284,Dipeptidyl peptidase 4,NCC(=S)N1CCC[C@H]1B(O)O,8.522878745280337,188.061,-1.2511000000000003,3,4
17660165,CHEMBL3686739,IC50,=,42.0,nM,7.38,CHEMBL284,Dipeptidyl peptidase 4,O=C(CNC12CC3CC(CC(O)(C3)C1)C2)N1CCC[C@H]1B(O)O,7.376750709602099,322.214,-0.3373000000000005,4,5
17660166,CHEMBL3686740,IC50,=,160.0,nM,6.8,CHEMBL284,Dipeptidyl peptidase 4,OB(O)[C@@H]1CCCN1C(=S)CNC12CC3CC(CC(O)(C3)C1)C2,6.795880017344075,338.2820000000002,0.4634999999999992,4,5
17660167,CHEMBL3686741,IC50,=,9.5,nM,8.02,CHEMBL284,Dipeptidyl peptidase 4,O=C(CNCc1ccccc1)N1CCC[C@H]1B(O)O,8.022276394711152,262.118,-0.2208,3,4
17660168,CHEMBL3686742,IC50,=,24.0,nM,7.62,CHEMBL284,Dipeptidyl peptidase 4,OB(O)[C@@H]1CCCN1C(=S)CNCc1ccccc1,7.619788758288394,278.18600000000004,0.5799999999999994,3,4
17660169,CHEMBL3686752,IC50,=,200.0,nM,6.7,CHEMBL284,Dipeptidyl peptidase 4,N[C@@H](CC(=O)O)C(=O)N1CCC[C@H]1B(O)O,6.698970004336019,230.02899999999997,-2.2085999999999983,4,5
17660170,CHEMBL3686743,IC50,=,17.0,nM,7.77,CHEMBL284,Dipeptidyl peptidase 4,N[C@@H](CC(=O)O)C(=S)N1CCC[C@H]1B(O)O,7.769551078621726,246.09699999999998,-1.4077999999999997,4,5
17660171,CHEMBL494497,IC50,=,6.0,nM,8.22,CHEMBL284,Dipeptidyl peptidase 4,N[C@@H](CCC(=O)O)C(=O)N1CCC[C@H]1B(O)O,8.221848749616356,244.05599999999998,-1.818499999999998,4,5
17660172,CHEMBL3686744,IC50,=,4.6,nM,8.34,CHEMBL284,Dipeptidyl peptidase 4,N[C@@H](CCC(=O)O)C(=S)N1CCC[C@H]1B(O)O,8.337242168318426,260.12399999999997,-1.0177,4,5
17660173,CHEMBL3686745,IC50,=,4.5,nM,8.35,CHEMBL284,Dipeptidyl peptidase 4,CCC[C@H](N)C(=O)N1CCC[C@H]1B(O)O,8.346787486224656,214.07399999999998,-0.8831999999999991,3,4
17660174,CHEMBL3686746,IC50,=,1.6,nM,8.8,CHEMBL284,Dipeptidyl peptidase 4,CCC[C@H](N)C(=S)N1CCC[C@H]1B(O)O,8.795880017344075,230.142,-0.08239999999999986,3,4
17660175,CHEMBL3686747,IC50,=,2.0,nM,8.7,CHEMBL284,Dipeptidyl peptidase 4,N[C@@H](Cc1c[nH]c2ccccc12)C(=O)N1CCC[C@H]1B(O)O,8.698970004336019,301.155,0.04070000000000007,4,4
17660176,CHEMBL3686748,IC50,=,1.6,nM,8.8,CHEMBL284,Dipeptidyl peptidase 4,N[C@@H](Cc1c[nH]c2ccccc12)C(=S)N1CCC[C@H]1B(O)O,8.795880017344075,317.223,0.8415000000000001,4,4
17660177,CHEMBL3686749,IC50,=,1.8,nM,8.74,CHEMBL284,Dipeptidyl peptidase 4,N=C(N)NCCC[C@H](N)C(=O)N1CCC[C@H]1B(O)O,8.744727494896694,271.13,-2.420029999999997,6,5
17660178,CHEMBL3686750,IC50,=,1.2,nM,8.92,CHEMBL284,Dipeptidyl peptidase 4,N=C(N)NCCC[C@H](N)C(=S)N1CCC[C@H]1B(O)O,8.920818753952375,287.198,-1.619229999999998,6,5
17660180,CHEMBL3686751,IC50,=,6.4,nM,8.19,CHEMBL284,Dipeptidyl peptidase 4,OB(O)[C@@H]1CCCN1C(=S)[C@@H]1CCCN1,8.193820026016112,228.126,-0.4577999999999995,3,4
17672029,CHEMBL3654418,IC50,=,2.3,nM,8.64,CHEMBL284,Dipeptidyl peptidase 4,CS(=O)(=O)n1cc2c(n1)CN([C@H]1CCO[C@H](c3cc(F)ccc3F)[C@@H](N)C1)C2,8.638272163982407,412.4620000000001,1.5321999999999996,1,6
17672030,CHEMBL3654419,IC50,=,2.2,nM,8.66,CHEMBL284,Dipeptidyl peptidase 4,N[C@H]1C[C@@H](N2Cc3cnn(-c4ncccn4)c3C2)CCO[C@@H]1c1cc(F)ccc1F,8.657577319177793,412.44400000000013,2.5037000000000003,1,6
17672031,CHEMBL3654420,IC50,=,3.0,nM,8.52,CHEMBL284,Dipeptidyl peptidase 4,N[C@H]1C[C@@H](N2Cc3cnn(-c4ccccc4)c3C2)CCO[C@@H]1c1cc(F)ccc1F,8.522878745280337,410.46800000000013,3.713700000000002,1,4
17672032,CHEMBL3654421,IC50,=,8.5,nM,8.07,CHEMBL284,Dipeptidyl peptidase 4,N#Cc1n[nH]c2c1CN([C@H]1CCO[C@H](c3cc(F)ccc3F)[C@@H](N)C1)C2,8.070581074285707,359.3800000000001,2.1227799999999997,2,5
17672033,CHEMBL3654422,IC50,=,2.6,nM,8.59,CHEMBL284,Dipeptidyl peptidase 4,NC(=O)c1n[nH]c2c1CN([C@H]1CCO[C@H](c3cc(F)ccc3F)[C@@H](N)C1)C2,8.585026652029182,377.3950000000001,1.3499999999999996,3,5
17672034,CHEMBL3654423,IC50,=,5.8,nM,8.24,CHEMBL284,Dipeptidyl peptidase 4,N[C@H]1C[C@@H](N2Cc3cn(S(=O)(=O)C4CC4)nc3C2)CCO[C@@H]1c1cc(F)ccc1F,8.236572006437063,438.50000000000017,2.0647999999999995,1,6
17672035,CHEMBL3654424,IC50,=,0.5,nM,9.3,CHEMBL284,Dipeptidyl peptidase 4,Cc1c2c(nn1S(=O)(=O)C1(C)CC1)CN([C@H]1CCO[C@H](c3cc(F)ccc3F)[C@@H](N)C1)C2,9.301029995663981,466.5540000000002,2.763320000000001,1,6
17672036,CHEMBL3654425,IC50,=,4.0,nM,8.4,CHEMBL284,Dipeptidyl peptidase 4,CC1(S(=O)(=O)n2cc3c(n2)CN([C@H]2CCO[C@H](c4cc(F)c(F)cc4F)[C@@H](N)C2)C3)CC1,8.397940008672037,470.5170000000002,2.594000000000001,1,6
17672037,CHEMBL3654426,IC50,=,4.1,nM,8.39,CHEMBL284,Dipeptidyl peptidase 4,N[C@H]1C[C@@H](N2Cc3cnc(C4CC4)nc3C2)CCO[C@@H]1c1cc(F)ccc1F,8.387216143280265,386.446,3.195400000000001,1,5
17672038,CHEMBL3654427,IC50,=,14.3,nM,7.84,CHEMBL284,Dipeptidyl peptidase 4,CS(=O)(=O)n1cc2c(n1)CN([C@H]1CCS[C@H](c3cc(F)ccc3F)[C@@H](N)C1)C2,7.844663962534938,428.53000000000014,2.2488,1,6
17672039,CHEMBL3654428,IC50,=,21.1,nM,7.68,CHEMBL284,Dipeptidyl peptidase 4,CC(C)(O)Cn1cc2c(n1)CN([C@H]1CCO[C@H](c3cc(F)ccc3F)[C@@H](N)C1)C2,7.675717544702307,406.4770000000001,2.495400000000001,2,5
17672040,CHEMBL3654429,IC50,=,5.9,nM,8.23,CHEMBL284,Dipeptidyl peptidase 4,N[C@H]1C[C@@H](N2Cc3cnn(-c4ccc(C(F)(F)F)cn4)c3C2)CCO[C@@H]1c1cc(F)ccc1F,8.229147988357855,479.45300000000026,4.127500000000004,1,5
17672041,CHEMBL3654430,IC50,=,8.1,nM,8.09,CHEMBL284,Dipeptidyl peptidase 4,CC1(S(=O)(=O)n2cc3c(n2)CN([C@H]2CCO[C@H](c4cc(F)ccc4F)[C@@H](N)C2)C3)CC1,8.09151498112135,452.5270000000002,2.4549000000000003,1,6
17686216,CHEMBL3687981,IC50,=,13.5,nM,7.87,CHEMBL284,Dipeptidyl peptidase 4,CCN1C(=O)Cn2c1nc1nc(N3CCC[C@@H](NC(=O)OC(C)(C)C)C3)n(Cc3cc(F)ccc3C#N)c1c2=O,7.8696662315049934,550.5950000000004,2.51208,1,8
17701080,CHEMBL16709,IC50,=,548.0,nM,6.26,CHEMBL284,Dipeptidyl peptidase 4,CC(C)C(N)C(=O)N1CCCC1,6.261219441515631,170.25599999999994,0.5920999999999998,1,2
17701081,CHEMBL17041,IC50,=,2000.0,nM,5.7,CHEMBL284,Dipeptidyl peptidase 4,CCC(C)C(N)C(=O)N1CCCC1,5.698970004336019,184.28299999999993,0.9821999999999999,1,2
17701082,CHEMBL3704834,IC50,=,12000.0,nM,4.92,CHEMBL284,Dipeptidyl peptidase 4,O=C(CNCC(O)COc1ccccc1)N1CCCC1,4.920818753952375,278.3520000000001,0.6382999999999988,2,4
17701083,CHEMBL3704835,IC50,=,8500.0,nM,5.07,CHEMBL284,Dipeptidyl peptidase 4,CC(C)C(NCC(O)COc1ccccc1)C(=O)N1CCCC1,5.070581074285707,320.43300000000016,1.6628999999999998,2,4
17701084,CHEMBL3704836,IC50,=,33000.0,nM,4.48,CHEMBL284,Dipeptidyl peptidase 4,CCC(C)C(NCC(O)COc1ccccc1)C(=O)N1CCCC1,4.481486060122113,334.4600000000002,2.053,2,4
17712984,CHEMBL4106669,IC50,=,18.5,nM,7.73,CHEMBL284,Dipeptidyl peptidase 4,Cc1ccc(S(=O)(=O)N=S(C)(=O)n2cc3c(n2)CN([C@H]2CO[C@H](c4cc(F)ccc4F)[C@@H](N)C2)C3)cc1,7.732828271596986,551.6410000000003,2.8926200000000017,1,7
17712985,CHEMBL3931183,IC50,=,34.5,nM,7.46,CHEMBL284,Dipeptidyl peptidase 4,C[C@]1(N2Cc3c[nH]nc3C2)CO[C@H](c2cc(F)ccc2F)[C@@H](N)C1,7.462180904926726,334.37000000000006,2.2511,2,4
17712986,CHEMBL3940772,IC50,=,37.0,nM,7.43,CHEMBL284,Dipeptidyl peptidase 4,C[C@]1(N2Cc3cn(S(C)(=O)=O)nc3C2)CO[C@H](c2cc(F)ccc2F)[C@@H](N)C1,7.431798275933005,412.4620000000001,1.5322,1,6
17712987,CHEMBL3970322,IC50,=,8.8,nM,8.06,CHEMBL284,Dipeptidyl peptidase 4,C[C@]1(N2Cc3cn(S(=O)(=O)NC(=O)OCc4ccccc4)nc3C2)CO[C@H](c2cc(F)ccc2F)[C@@H](N)C1,8.05551732784983,547.5840000000001,2.7437999999999994,2,8
17739783,CHEMBL4113723,IC50,=,0.05,nM,10.3,CHEMBL284,Dipeptidyl peptidase 4,CC#CCn1c(N2CCC[C@@H](N)C2)nc2c1c(=O)n(Cc1nc3cc(F)ccc3s1)c(=O)n2C,10.301029995663981,481.5570000000002,1.6445999999999998,1,7
17739784,CHEMBL4111229,IC50,=,0.1,nM,10.0,CHEMBL284,Dipeptidyl peptidase 4,CC#CCn1c(N2CCC[C@@H](N)C2)nc2c1c(=O)n(Cc1nc3ccccc3s1)c(=O)n2C,10.0,463.5670000000002,1.5054999999999996,1,7
17739785,CHEMBL4109453,IC50,=,0.2,nM,9.7,CHEMBL284,Dipeptidyl peptidase 4,CC#CCn1c(N2CCC[C@@H](N)C2)nc2c1c(=O)n(Cc1nc3cc(Cl)ccc3s1)c(=O)n2C,9.698970004336019,498.01200000000017,2.158900000000001,1,7
17749374,CHEMBL3935335,IC50,=,2.6,nM,8.59,CHEMBL284,Dipeptidyl peptidase 4,N[C@H]1C[C@@H](N2Cc3cnn(S(=O)(=O)C4CCCC4)c3C2)COC1c1cc(F)c(F)cc1F,8.585026652029182,470.5170000000002,2.5940000000000003,1,6
17762283,CHEMBL3924307,IC50,>,1000.0,nM,,CHEMBL284,Dipeptidyl peptidase 4,N[C@H]1CC(N2Cc3c[nH]nc3C2)c2ccccc2[C@@H]1c1cc(F)ccc1F,6.0,366.415,3.6077000000000012,2,3
17762284,CHEMBL3896302,IC50,=,9.0,nM,8.05,CHEMBL284,Dipeptidyl peptidase 4,CS(=O)(=O)n1cc2c(n1)CN([C@@H]1C[C@H](N)[C@@H](c3cc(F)ccc3F)[C@H]3CC13)C2,8.045757490560675,408.4740000000001,1.8040999999999991,1,5
17762285,CHEMBL3926627,IC50,=,5.4,nM,8.27,CHEMBL284,Dipeptidyl peptidase 4,CS(=O)(=O)n1cc2c(n1)CN([C@@H]1C[C@H](N)[C@@H](c3cc(F)ccc3F)[C@@H]3C[C@@H]31)C2,8.267606240177031,408.4740000000001,1.8040999999999991,1,5
17763448,CHEMBL3922613,IC50,=,2160.0,nM,5.67,CHEMBL284,Dipeptidyl peptidase 4,CC(C)=CCn1c(N2CCCC(N)C2)nc2c1c(=O)n(C(C)C(=O)c1ccccc1)c(=O)n2C,5.665546248849069,464.5700000000002,2.2343,1,6
17763449,CHEMBL3945052,IC50,=,264.0,nM,6.58,CHEMBL284,Dipeptidyl peptidase 4,COCCn1c(=O)c2c(nc(N3CCCC(N)C3)n2Cc2ccccc2C#N)n(C)c1=O,6.578396073130169,437.50400000000013,0.3905800000000026,1,7
17763450,CHEMBL3913618,IC50,=,16.0,nM,7.8,CHEMBL284,Dipeptidyl peptidase 4,C#CCn1c(=O)n(C)c(=O)c2c1nc(N1CCCC(N)C1)n2Cc1ccccc1C#N,7.795880017344075,417.4730000000001,0.3773800000000014,1,6
17763451,CHEMBL3913689,IC50,=,32.0,nM,7.5,CHEMBL284,Dipeptidyl peptidase 4,Cn1c(=O)c2c(nc(N3CCCC(N)C3)n2Cc2ccccc2C#N)n(-c2ccccc2)c1=O,7.494850021680094,455.5220000000001,1.7333799999999997,1,6
17763452,CHEMBL3904065,IC50,=,12.0,nM,7.92,CHEMBL284,Dipeptidyl peptidase 4,CC(C)=CCn1c(N2CCCC(N)C2)nc2c1c(=O)n(Cc1ccc3ccccc3n1)c(=O)n2C,7.920818753952375,473.58100000000024,2.3869000000000007,1,6
17763453,CHEMBL3934913,IC50,=,4.0,nM,8.4,CHEMBL284,Dipeptidyl peptidase 4,CC(C)=CCn1c(N2CCCC(N)C2)nc2c1c(=O)n(Cc1ncnc3ccccc13)c(=O)n2C,8.397940008672037,474.56900000000024,1.7818999999999998,1,7
17763454,CHEMBL3942798,IC50,=,9.0,nM,8.05,CHEMBL284,Dipeptidyl peptidase 4,CC(C)=CCn1c(N2CCCC(N)C2)nc2c1c(=O)n(Cc1cc3ccccc3cn1)c(=O)n2C,8.045757490560675,473.58100000000024,2.3869,1,6
17763455,CHEMBL3965610,IC50,=,5.0,nM,8.3,CHEMBL284,Dipeptidyl peptidase 4,CC(C)=CCn1c(N2CCCC(N)C2)nc2c1c(=O)n(CC(=O)c1cccc(C(=O)O)c1)c(=O)n2C,8.301029995663981,494.5520000000003,1.3715000000000006,2,7
17763456,CHEMBL3897624,IC50,=,5.0,nM,8.3,CHEMBL284,Dipeptidyl peptidase 4,CNC(=O)c1cccc(C(=O)Cn2c(=O)c3c(nc(N4CCCC(N)C4)n3CC=C(C)C)n(C)c2=O)c1,8.301029995663981,507.59500000000037,1.032900000000001,2,7
17763457,CHEMBL3957746,IC50,=,6.0,nM,8.22,CHEMBL284,Dipeptidyl peptidase 4,CC(C)=CCn1c(N2CCCC(N)C2)nc2c1c(=O)n(CC(=O)c1ccccc1C(=O)N1CCOCC1)c(=O)n2C,8.221848749616356,563.6590000000003,1.1457000000000017,1,8
17763458,CHEMBL3986470,IC50,=,6.0,nM,8.22,CHEMBL284,Dipeptidyl peptidase 4,CC#CCn1c(N2CCCC(N)C2)nc2c1c(=O)n(Cc1cc(=O)n(C)c3ccccc13)c(=O)n2C,8.221848749616356,487.56400000000025,0.747700000000002,1,6
17763459,CHEMBL3985360,IC50,=,9.0,nM,8.05,CHEMBL284,Dipeptidyl peptidase 4,CC#CCn1c(N2CCCC(N)C2)nc2c1c(=O)n(Cc1ccnc3ccccc13)c(=O)n2C,8.045757490560675,457.5380000000002,1.4440000000000002,1,6
17763460,CHEMBL3912125,IC50,=,250.0,nM,6.6,CHEMBL284,Dipeptidyl peptidase 4,CC(C)=CCn1c(N2CCCC(N)C2)nc2c1c(=O)n(CC(=O)N1CCCCC1)c(=O)n2C,6.6020599913279625,457.5790000000004,0.802900000000002,1,6
17763461,CHEMBL3974068,IC50,=,22.0,nM,7.66,CHEMBL284,Dipeptidyl peptidase 4,COc1cccc(C(=O)Cn2c(=O)c3c(nc(N4CCCC(N)C4)n3CC=C(C)C)n(C)c2=O)c1OC,7.657577319177793,510.5950000000004,1.6905000000000003,1,8
17763462,CHEMBL3903110,IC50,=,1.0,nM,9.0,CHEMBL284,Dipeptidyl peptidase 4,CC#CCn1c(N2CCC[C@@H](N)C2)nc2c1c(=O)n(Cc1ncc3ccccc3n1)c(=O)n2C,9.0,458.5260000000002,0.8390000000000004,1,7
17763463,CHEMBL3955534,IC50,=,2.0,nM,8.7,CHEMBL284,Dipeptidyl peptidase 4,CC#CCn1c(N2CCC[C@@H](N)C2)nc2c1c(=O)n(CC(=O)c1ccccc1OCC(=O)NCC)c(=O)n2C,8.698970004336019,535.6050000000002,0.24530000000000274,2,8
17763464,CHEMBL3889902,IC50,=,2.0,nM,8.7,CHEMBL284,Dipeptidyl peptidase 4,C/C=C/Cn1c(N2CCCC(N)C2)nc2c1c(=O)n(CC(=O)c1ccccc1NC(C)=O)c(=O)n2C,8.698970004336019,493.56800000000027,1.2416000000000005,2,7
17763466,CHEMBL3987141,IC50,=,3.0,nM,8.52,CHEMBL284,Dipeptidyl peptidase 4,C/C=C/Cn1c(N2CCCC(N)C2)nc2c1c(=O)n(CC(=O)c1ccccc1NC(=O)C(C)C)c(=O)n2C,8.522878745280337,521.6220000000003,1.8777000000000001,2,7
17763467,CHEMBL3958450,IC50,=,3.0,nM,8.52,CHEMBL284,Dipeptidyl peptidase 4,C/C=C/Cn1c(N2CCC[C@@H](N)C2)nc2c1c(=O)n(CC(=O)c1ccccc1)c(=O)n2C,8.522878745280337,436.5160000000002,1.2832,1,6
17763468,CHEMBL3898310,IC50,=,3.0,nM,8.52,CHEMBL284,Dipeptidyl peptidase 4,CC#CCn1c(N2CCC[C@H](N)C2)nc2c1c(=O)n(Cc1nc(C)cc3ccccc13)c(=O)n2C,8.522878745280337,471.5650000000002,1.7524199999999999,1,6
17763470,CHEMBL3966199,IC50,=,3.0,nM,8.52,CHEMBL284,Dipeptidyl peptidase 4,CC#CCn1c(N2CCC[C@H](N)C2)nc2c1c(=O)n(Cc1ncc(C)c3ccccc13)c(=O)n2C,8.522878745280337,471.5650000000002,1.7524199999999999,1,6
17763471,CHEMBL3903787,IC50,=,1.0,nM,9.0,CHEMBL284,Dipeptidyl peptidase 4,CC#CCn1c(N2CCC[C@@H](N)C2)nc2c1c(=O)n(Cc1ncc(C)c3ccccc13)c(=O)n2C,9.0,471.5650000000002,1.7524199999999999,1,6
17763472,CHEMBL3974699,IC50,=,3.0,nM,8.52,CHEMBL284,Dipeptidyl peptidase 4,CC#CCn1c(N2CCC[C@@H](N)C2)nc2c1c(=O)n(CC(=O)c1cccc3c1OCCO3)c(=O)n2C,8.522878745280337,492.53600000000034,0.5016000000000023,1,8
17763473,CHEMBL3912809,IC50,=,13.0,nM,7.89,CHEMBL284,Dipeptidyl peptidase 4,CC#CCn1c(N2CCC[C@H](N)C2)nc2c1c(=O)n(Cc1ccc(OC)c3ccccc13)c(=O)n2C,7.886056647693163,486.57600000000025,2.0576,1,6
17763474,CHEMBL3986074,IC50,=,8.0,nM,8.1,CHEMBL284,Dipeptidyl peptidase 4,CC#CCn1c(N2CCC[C@@H](N)C2)nc2c1c(=O)n(Cc1ccc(OC)c3ccccc13)c(=O)n2C,8.096910013008056,486.57600000000025,2.0576,1,6
17763475,CHEMBL3979864,IC50,=,4.0,nM,8.4,CHEMBL284,Dipeptidyl peptidase 4,CC#CCn1c(N2CCC[C@@H](N)C2)nc2c1c(=O)n(CC(=O)c1cccc3c1OCO3)c(=O)n2C,8.397940008672037,478.5090000000003,0.45910000000000184,1,8
17763477,CHEMBL3950914,IC50,=,4.0,nM,8.4,CHEMBL284,Dipeptidyl peptidase 4,C/C=C/Cn1c(N2CCC[C@H](N)C2)nc2c1c(=O)n(CC(=O)c1ccccc1NC(=O)C(C)C)c(=O)n2C,8.397940008672037,521.6220000000003,1.8777000000000001,2,7
17763478,CHEMBL3965981,IC50,=,1.0,nM,9.0,CHEMBL284,Dipeptidyl peptidase 4,C/C=C/Cn1c(N2CCC[C@@H](N)C2)nc2c1c(=O)n(CC(=O)c1ccccc1OCC(=O)NC)c(=O)n2C,9.0,523.5940000000003,0.4080000000000022,2,8
17763479,CHEMBL3893759,IC50,=,1.0,nM,9.0,CHEMBL284,Dipeptidyl peptidase 4,C/C=C/Cn1c(N2CCC[C@H](N)C2)nc2c1c(=O)n(CC(=O)c1ccccc1OCC(=O)NC)c(=O)n2C,9.0,523.5940000000003,0.4080000000000022,2,8
17763480,CHEMBL3903674,IC50,=,3.0,nM,8.52,CHEMBL284,Dipeptidyl peptidase 4,CC#CCn1c(N2CCC[C@@H](N)C2)nc2c1c(=O)n(CC(=O)c1ccccc1NC(=O)C(C)C)c(=O)n2C,8.522878745280337,519.6060000000002,1.3249000000000009,2,7
17763481,CHEMBL3926493,IC50,=,4.0,nM,8.4,CHEMBL284,Dipeptidyl peptidase 4,C/C=C/Cn1c(N2CCC[C@@H](N)C2)nc2c1c(=O)n(CC(=O)c1ccccc1NC(=O)C(C)C)c(=O)n2C,8.397940008672037,521.6220000000003,1.8777000000000001,2,7
17763482,CHEMBL3981831,IC50,=,3.0,nM,8.52,CHEMBL284,Dipeptidyl peptidase 4,CC#CCn1c(N2CCC[C@@H](N)C2)nc2c1c(=O)n(Cc1ccc(C#N)c3ccccc13)c(=O)n2C,8.522878745280337,481.56000000000023,1.9206799999999997,1,6
17763483,CHEMBL3953094,IC50,=,4.0,nM,8.4,CHEMBL284,Dipeptidyl peptidase 4,CC#CCn1c(N2CCC[C@@H](N)C2)nc2c1c(=O)n(Cc1nc(-c3ccccc3)c3ccccc3n1)c(=O)n2C,8.397940008672037,534.6240000000001,2.5060000000000002,1,7
17763484,CHEMBL3938646,IC50,=,2.0,nM,8.7,CHEMBL284,Dipeptidyl peptidase 4,CC#CCn1c(N2CCC[C@@H](N)C2)nc2c1c(=O)n(Cc1cc(C)c3nccnc3c1)c(=O)n2C,8.698970004336019,472.5530000000002,1.1474200000000006,1,7
17763485,CHEMBL3957200,IC50,=,12.0,nM,7.92,CHEMBL284,Dipeptidyl peptidase 4,CC#CCn1c(N2CCC[C@@H](N)C2)nc2c1c(=O)n(Cc1ccc(F)c3ccccc13)c(=O)n2C,7.920818753952375,474.5400000000002,2.1881000000000004,1,5
17763486,CHEMBL3958670,IC50,=,8.0,nM,8.1,CHEMBL284,Dipeptidyl peptidase 4,CC#CCn1c(N2CCC[C@@H](N)C2)nc2c1c(=O)n(C/C=C/c1c(F)c(F)c(F)c(F)c1F)c(=O)n2C,8.096910013008056,522.4780000000002,2.2564,1,5
17763487,CHEMBL3931178,IC50,=,13.0,nM,7.89,CHEMBL284,Dipeptidyl peptidase 4,CC#CCn1c(N2CCC[C@@H](N)C2)nc2c1c(=O)n(Cc1nc(C(F)(F)F)cc3ccccc13)c(=O)n2C,7.886056647693163,525.5350000000002,2.4628000000000005,1,6
17763488,CHEMBL3917354,IC50,=,6.0,nM,8.22,CHEMBL284,Dipeptidyl peptidase 4,CC#CCn1c(N2CCC[C@@H](N)C2)nc2c1c(=O)n(Cc1nc(C(F)F)cc3ccccc13)c(=O)n2C,8.221848749616356,507.5450000000002,2.3816000000000006,1,6
17763489,CHEMBL3948679,IC50,=,6.0,nM,8.22,CHEMBL284,Dipeptidyl peptidase 4,CC#CCn1c(N2CCC[C@@H](N)C2)nc2c1c(=O)n(CC(=O)c1ccccc1-c1ccccc1)c(=O)n2C,8.221848749616356,510.59800000000024,2.397400000000001,1,6
17763490,CHEMBL3911930,IC50,=,5.0,nM,8.3,CHEMBL284,Dipeptidyl peptidase 4,CC#CCn1c(N2CCC[C@@H](N)C2)nc2c1c(=O)n(Cc1nc(C)cc3ccccc13)c(=O)n2C1CC1,8.301029995663981,497.6030000000003,2.550320000000001,1,6
17763491,CHEMBL3939916,IC50,=,3.0,nM,8.52,CHEMBL284,Dipeptidyl peptidase 4,CC#CCn1c(N2CCC[C@@H](N)C2)nc2c1c(=O)n(CC(=O)c1cccc(OC)c1)c(=O)n2C,8.522878745280337,464.52600000000024,0.739000000000001,1,7
17763492,CHEMBL3938789,IC50,=,11.0,nM,7.96,CHEMBL284,Dipeptidyl peptidase 4,Cc1cc2ccccc2c(Cn2c(=O)c3c(nc(N4CCC[C@@H](N)C4)n3Cc3ccccc3Cl)n(C)c2=O)n1,7.958607314841775,544.0590000000002,3.4308200000000024,1,6
17763493,CHEMBL3962719,IC50,=,14.0,nM,7.85,CHEMBL284,Dipeptidyl peptidase 4,Cc1cc2ccccc2c(Cn2c(=O)c3c(nc(N4CCC[C@@H](N)C4)n3Cc3ccccc3Br)n(C)c2=O)n1,7.853871964321762,588.5100000000001,3.539920000000002,1,6
17772827,CHEMBL3913191,IC50,>,100000.0,nM,,CHEMBL284,Dipeptidyl peptidase 4,N#CC1CCCN1C(=O)CNC(=O)c1cccc2ccccc12,4.0,307.35300000000007,2.084179999999999,1,3
17772828,CHEMBL3937692,IC50,>,100000.0,nM,,CHEMBL284,Dipeptidyl peptidase 4,N#C[C@@H]1CCCN1C(=O)CNC(=O)c1cnc2ccccc2c1,4.0,308.34100000000007,1.479179999999999,1,4
17772829,CHEMBL3896942,IC50,>,100000.0,nM,,CHEMBL284,Dipeptidyl peptidase 4,N#CC1CCCN1C(=O)CNC(=O)c1cc2ccccc2[nH]1,4.0,296.33000000000004,1.4122799999999993,2,3
17772830,CHEMBL3984057,IC50,>,100000.0,nM,,CHEMBL284,Dipeptidyl peptidase 4,N#CC1CCCN1C(=O)CNC(=O)c1c[nH]c2ccccc12,4.0,296.33000000000004,1.412279999999999,2,3
17772833,CHEMBL3914236,IC50,>,100000.0,nM,,CHEMBL284,Dipeptidyl peptidase 4,N#CC1CCCN1C(=O)CNC(=O)c1cncc2ccccc12,4.0,308.34100000000007,1.4791799999999993,1,4
17772835,CHEMBL3920977,IC50,>,100000.0,nM,,CHEMBL284,Dipeptidyl peptidase 4,N#CC1CCCN1C(=O)CNC(=O)c1ccnc2ccccc12,4.0,308.34100000000007,1.4791799999999993,1,4
17772836,CHEMBL3934376,IC50,>,100000.0,nM,,CHEMBL284,Dipeptidyl peptidase 4,N#CC1CCCN1C(=O)CNC(=O)c1cccc2cnccc12,4.0,308.34100000000007,1.4791799999999993,1,4
17772864,CHEMBL3900683,IC50,>,100000.0,nM,,CHEMBL284,Dipeptidyl peptidase 4,[C-]#[N+][C@@H]1CCCN1C(=O)CNC(=O)c1ccnc2cc(C)ccc12,4.0,322.3680000000001,2.14081,1,3
17772866,CHEMBL3929674,IC50,>,100000.0,nM,,CHEMBL284,Dipeptidyl peptidase 4,N#C[C@@H]1CCCN1C(=O)CNC(=O)C1=CC=NC2=NC=CC12,4.0,297.31800000000004,0.16997999999999985,1,5
18097714,CHEMBL577,IC50,>,100000.0,nM,,CHEMBL284,Dipeptidyl peptidase 4,C[C@H](N[C@@H](CCc1ccccc1)C(=O)O)C(=O)N1CCC[C@H]1C(=O)O,4.0,348.39900000000017,1.1261000000000003,3,4
18097716,CHEMBL4067185,IC50,=,255.0,nM,6.59,CHEMBL284,Dipeptidyl peptidase 4,C[C@H](N[C@@H](CCc1ccccc1)C(=O)O)C(=O)N1C[C@@H](NC(=O)C[C@H](N)Cc2cc(F)c(F)cc2F)C[C@H]1C(=O)O,6.5934598195660445,578.5880000000003,1.5982000000000023,5,6
18097717,CHEMBL4086264,IC50,=,57.0,nM,7.24,CHEMBL284,Dipeptidyl peptidase 4,CC[C@H](N[C@@H](CCc1ccccc1)C(=O)O)C(=O)N1C[C@@H](NC(=O)C[C@H](N)Cc2cc(F)c(F)cc2F)C[C@H]1C(=O)O,7.2441251443275085,592.6150000000002,1.988300000000002,5,6
18097718,CHEMBL4078112,IC50,=,67.0,nM,7.17,CHEMBL284,Dipeptidyl peptidase 4,CCC[C@H](N[C@@H](CCc1ccccc1)C(=O)O)C(=O)N1C[C@@H](NC(=O)C[C@H](N)Cc2cc(F)c(F)cc2F)C[C@H]1C(=O)O,7.173925197299173,606.6420000000003,2.378400000000002,5,6
18097719,CHEMBL4090635,IC50,=,102.0,nM,6.99,CHEMBL284,Dipeptidyl peptidase 4,CCCC[C@H](N[C@@H](CCc1ccccc1)C(=O)O)C(=O)N1C[C@@H](NC(=O)C[C@H](N)Cc2cc(F)c(F)cc2F)C[C@H]1C(=O)O,6.991399828238082,620.6690000000003,2.768500000000002,5,6
18164868,CHEMBL4081713,IC50,=,29.0,nM,7.54,CHEMBL284,Dipeptidyl peptidase 4,Cc1ccc(-c2c(CN)c(CC(C)C)nc(C)c2C(=O)OCc2ccccc2C(=O)O)cc1.Cl.Cl,7.5376020021010435,519.4690000000003,5.921440000000007,2,5
18164869,CHEMBL4059789,IC50,=,80.0,nM,7.1,CHEMBL284,Dipeptidyl peptidase 4,Cc1ccc(-c2c(CN)c(CC(C)C)nc(C)c2C(=O)OC[C@H]2CC[C@H](C(=O)O)CC2)cc1.Cl.Cl,7.096910013008056,525.5170000000004,5.914040000000007,2,5
18164870,CHEMBL4071166,IC50,=,470.0,nM,6.33,CHEMBL284,Dipeptidyl peptidase 4,Cc1ccc(-c2c(CN)c(CC(C)C)nc(C)c2C(=O)OCCCC(=O)O)cc1.Cl.Cl,6.327902142064283,471.42500000000024,4.887840000000005,2,5
18164871,CHEMBL4098218,IC50,=,2.6,nM,8.59,CHEMBL284,Dipeptidyl peptidase 4,Cc1ccc(-c2c(CCc3nc(C(=O)O)cs3)c(C)nc(CC(C)C)c2CN)cc1.Cl.Cl,8.585026652029182,496.5040000000003,5.806140000000006,2,5
18164872,CHEMBL4097306,IC50,=,5.5,nM,8.26,CHEMBL284,Dipeptidyl peptidase 4,Cc1ccc(-c2c(/C=C/c3nc(C(=O)O)cs3)c(C)nc(CC(C)C)c2CN)cc1.Cl.Cl,8.259637310505756,494.4880000000002,6.1913400000000065,2,5
18164874,CHEMBL4089584,IC50,=,220.0,nM,6.66,CHEMBL284,Dipeptidyl peptidase 4,Cc1ccc(-c2c(CN)n(CC(C)C)c(=O)c3ccc(OCC(N)=O)cc23)cc1,6.657577319177793,393.4870000000002,2.9557200000000003,2,4
18164875,CHEMBL4068446,IC50,=,0.38,nM,9.42,CHEMBL284,Dipeptidyl peptidase 4,Cc1ccc(-c2c(CN)c(CC(C)C)nc3ccc(-c4nc(C(=O)O)cs4)cc23)cc1.Cl.Cl,9.42021640338319,504.4830000000001,6.532720000000006,2,5
18164876,CHEMBL4085490,IC50,=,28.0,nM,7.55,CHEMBL284,Dipeptidyl peptidase 4,Cc1ccc(-c2c(CN)c(CC(C)C)nc3ccc(-c4ccc(C(=O)O)o4)cc23)cc1.Cl.Cl,7.552841968657781,487.4270000000002,6.669220000000006,2,4
18164877,CHEMBL4078049,IC50,=,6.8,nM,8.17,CHEMBL284,Dipeptidyl peptidase 4,Cc1ccc(-c2c(CN)c(CC(C)C)nc3ccc(OCCCCCC(=O)O)cc23)cc1.Cl.Cl,8.167491087293763,507.50200000000035,6.734820000000007,2,4
18164878,CHEMBL4098936,IC50,=,4.6,nM,8.34,CHEMBL284,Dipeptidyl peptidase 4,Cc1ccc(-c2c(CN)c(CC(C)C)nc3ccc(OCCCCC(=O)O)cc23)cc1.Cl.Cl,8.337242168318426,493.4750000000003,6.344720000000007,2,4
18164879,CHEMBL4071958,IC50,=,17.0,nM,7.77,CHEMBL284,Dipeptidyl peptidase 4,Cc1ccc(-c2c(CN)c(CC(C)C)nc3ccc(OCCCC(=O)O)cc23)cc1.Cl.Cl,7.769551078621726,479.44800000000026,5.9546200000000065,2,4
18164880,CHEMBL4075351,IC50,=,29.0,nM,7.54,CHEMBL284,Dipeptidyl peptidase 4,Cc1ccc(-c2c(CN)c(CC(C)C)nc3ccc(OCCC(=O)O)cc23)cc1.Cl.Cl,7.5376020021010435,465.4210000000002,5.564520000000006,2,4
18164881,CHEMBL4082445,IC50,=,140.0,nM,6.85,CHEMBL284,Dipeptidyl peptidase 4,Cc1ccc(-c2c(CN)c(CC(C)C)nc3ccc(OCC(=O)O)cc23)cc1.Cl.Cl,6.853871964321762,451.3940000000002,5.174420000000006,2,4
18164888,CHEMBL4064424,IC50,=,720.0,nM,6.14,CHEMBL284,Dipeptidyl peptidase 4,NCc1c(Cc2ccccc2)nc2ccc(OCC(N)=O)cc2c1-c1ccccc1,6.142667503568732,397.4780000000001,3.815400000000002,2,4
18164889,CHEMBL4085958,IC50,=,250.0,nM,6.6,CHEMBL284,Dipeptidyl peptidase 4,CC(C)(C)Cc1nc2ccc(OCC(N)=O)cc2c(-c2ccccc2)c1CN,6.6020599913279625,377.4880000000001,3.813200000000001,2,4
18164891,CHEMBL4072939,IC50,=,540.0,nM,6.27,CHEMBL284,Dipeptidyl peptidase 4,CCCCCc1nc2ccc(OCC(N)=O)cc2c(-c2ccccc2)c1CN,6.267606240177032,377.4880000000001,3.957300000000002,2,4
18164892,CHEMBL4083433,IC50,=,620.0,nM,6.21,CHEMBL284,Dipeptidyl peptidase 4,CCCCc1nc2ccc(OCC(N)=O)cc2c(-c2ccccc2)c1CN,6.2076083105017466,363.46100000000007,3.5672000000000015,2,4
18164893,CHEMBL4101425,IC50,=,510.0,nM,6.29,CHEMBL284,Dipeptidyl peptidase 4,CCCc1nc2ccc(OCC(N)=O)cc2c(-c2ccccc2)c1CN,6.292429823902063,349.434,3.177100000000001,2,4
18164894,CHEMBL4092983,IC50,=,170.0,nM,6.77,CHEMBL284,Dipeptidyl peptidase 4,CC(C)Cc1nc2ccc(C(N)=O)cc2c(-c2ccccc2)c1CN,6.769551078621726,333.43500000000006,3.6579000000000015,2,3
18164895,CHEMBL4072218,IC50,=,630.0,nM,6.2,CHEMBL284,Dipeptidyl peptidase 4,CC(C)Cc1nc2ccc(Br)cc2c(-c2ccccc2)c1CN,6.200659450546418,369.3060000000001,5.321500000000005,1,2
18164896,CHEMBL4105034,IC50,=,470.0,nM,6.33,CHEMBL284,Dipeptidyl peptidase 4,CC(C)Cn1c(CN)c(-c2ccccc2)c2cc(C(N)=O)cnc2c1=O.Cl.Cl,6.327902142064283,423.3440000000001,3.120700000000001,2,4
18164897,CHEMBL4087191,IC50,=,1200.0,nM,5.92,CHEMBL284,Dipeptidyl peptidase 4,CC(C)Cn1c(CN)c(-c2ccccc2)c2cc(Br)cnc2c1=O,5.920818753952375,386.29300000000006,3.9407000000000023,1,3
18164898,CHEMBL1852708,IC50,=,360.0,nM,6.44,CHEMBL284,Dipeptidyl peptidase 4,CC(C)Cn1c(CN)c(-c2ccccc2)c2cc(C(N)=O)ccc2c1=O,6.443697499232712,349.43400000000014,2.8821000000000003,2,3
18164899,CHEMBL4079304,IC50,=,1200.0,nM,5.92,CHEMBL284,Dipeptidyl peptidase 4,CC(C)Cn1c(CN)c(-c2ccccc2)c2cc(Br)ccc2c1=O,5.920818753952375,385.30500000000006,4.545700000000004,1,2
18164900,CHEMBL4089615,IC50,=,8.5,nM,8.07,CHEMBL284,Dipeptidyl peptidase 4,Cc1ccc(-c2c(CCc3nc(C(N)=O)cs3)c(C)nc(CC(C)C)c2CN)cc1.Cl.Cl,8.070581074285707,495.52000000000027,5.206840000000006,2,5
18164901,CHEMBL4068477,IC50,=,2.1,nM,8.68,CHEMBL284,Dipeptidyl peptidase 4,Cc1ccc(-c2c(-c3nc(C(N)=O)cs3)cnc(CC(C)C)c2CN)cc1.Cl.Cl,8.67778070526608,453.43900000000025,4.780220000000005,2,5
18164902,CHEMBL4081741,IC50,=,13.0,nM,7.89,CHEMBL284,Dipeptidyl peptidase 4,Cc1ccc(-c2c(CN)c(CC(C)C)nc3ccc(OCCCCC(N)=O)cc23)cc1,7.886056647693163,419.5690000000003,4.901820000000004,2,4
18164903,CHEMBL4059815,IC50,=,7.2,nM,8.14,CHEMBL284,Dipeptidyl peptidase 4,Cc1ccc(-c2c(COCc3ccc(C(=O)O)cc3)c(C)nc(CC(C)C)c2CN)cc1.Cl.Cl,8.142667503568731,505.4860000000003,6.281240000000007,2,4
18164904,CHEMBL4100667,IC50,=,17.0,nM,7.77,CHEMBL284,Dipeptidyl peptidase 4,Cc1ccc(-c2c(CN)c(CC(C)C)nc(C)c2C(=O)OCc2ccc(C(=O)O)cc2)cc1.Cl.Cl,7.769551078621726,519.4690000000003,5.921440000000007,2,5
18164905,CHEMBL4082680,IC50,=,87.0,nM,7.06,CHEMBL284,Dipeptidyl peptidase 4,Cc1ccc(-c2c(CN)c(CC(C)C)nc(C)c2C(=O)OCc2cccc(C(=O)O)c2)cc1.Cl.Cl,7.060480747381382,519.4690000000003,5.921440000000007,2,5
18164906,CHEMBL4096274,IC50,=,8.7,nM,8.06,CHEMBL284,Dipeptidyl peptidase 4,CC(=O)c1csc(-c2cnc(CC(C)C)c(CN)c2-c2ccc(C)cc2)n1.Cl.Cl,8.060480747381382,452.4510000000001,5.883920000000005,1,5
18245800,CHEMBL4066703,IC50,=,70.0,nM,7.16,CHEMBL284,Dipeptidyl peptidase 4,N[C@@H](CC(=O)N1CC[C@H]2[C@H](CCc3nnc(C(F)(F)F)n32)C1)Cc1cc(F)c(F)cc1F,7.154901959985743,461.41000000000014,3.0101000000000013,1,4
18245801,CHEMBL4077696,IC50,=,537.0,nM,6.27,CHEMBL284,Dipeptidyl peptidase 4,N[C@@H](CC(=O)N1CC[C@H]2[C@@H](CCc3nnc(C(F)(F)F)n32)C1)Cc1cc(F)c(F)cc1F,6.270025714300444,461.41000000000014,3.0101000000000013,1,4
18245802,CHEMBL4063983,IC50,=,28.0,nM,7.55,CHEMBL284,Dipeptidyl peptidase 4,Cc1nnc2n1[C@@H]1CCN(C(=O)C[C@H](N)Cc3cc(F)c(F)cc3F)C[C@@H]1CC2.Cl,7.552841968657781,443.9010000000001,2.7215200000000013,1,4
18245803,CHEMBL4085550,IC50,=,31.8,nM,7.5,CHEMBL284,Dipeptidyl peptidase 4,CC(C)c1nnc2n1[C@@H]1CCN(C(=O)C[C@H](N)Cc3cc(F)c(F)cc3F)C[C@@H]1CC2.Cl,7.497572880015567,471.9550000000001,3.5365000000000024,1,4
18245804,CHEMBL4077174,IC50,=,123.3,nM,6.91,CHEMBL284,Dipeptidyl peptidase 4,Cl.N[C@@H](CC(=O)N1CC[C@@H]2[C@@H](CCc3nnc(Cc4ccccc4)n32)C1)Cc1cc(F)c(F)cc1F,6.909036923404268,519.9990000000003,4.003900000000003,1,4
18245805,CHEMBL4093298,IC50,=,139.0,nM,6.86,CHEMBL284,Dipeptidyl peptidase 4,CCOc1cccc(-c2nnc3n2[C@@H]2CCN(C(=O)C[C@H](N)Cc4cc(F)c(F)cc4F)C[C@@H]2CC3)n1.Cl,6.856985199745905,551.0130000000003,3.8738000000000024,1,6
18245806,CHEMBL4062977,IC50,=,43.4,nM,7.36,CHEMBL284,Dipeptidyl peptidase 4,Cl.N[C@@H](CC(=O)N1CC[C@@H]2[C@@H](CCc3nnc(-c4ccccn4)n32)C1)Cc1cc(F)c(F)cc1F,7.36251027048749,506.96000000000015,3.475100000000002,1,5
18245807,CHEMBL4090906,IC50,=,60.0,nM,7.22,CHEMBL284,Dipeptidyl peptidase 4,Cl.N[C@@H](CC(=O)N1CC[C@@H]2[C@@H](CCc3nnc(-c4cnccn4)n32)C1)Cc1cc(F)c(F)cc1F,7.221848749616356,507.94800000000015,2.8701000000000008,1,6
18245808,CHEMBL4071607,IC50,=,50.2,nM,7.3,CHEMBL284,Dipeptidyl peptidase 4,Cc1nc(-c2nnc3n2[C@@H]2CCN(C(=O)C[C@H](N)Cc4cc(F)c(F)cc4F)C[C@@H]2CC3)cs1.Cl,7.29929628285498,527.0160000000003,3.845020000000003,1,6
18245809,CHEMBL4098632,IC50,=,151.7,nM,6.82,CHEMBL284,Dipeptidyl peptidase 4,CC(C)c1nnc2n1[C@@H]1CCN(C(=O)C[C@H](N)Cc3cc(F)c(F)cc3F)C[C@H]1CC2.Cl,6.81901441921327,471.9550000000001,3.5365000000000024,1,4
18293683,CHEMBL4128601,IC50,=,65.36,nM,7.18,CHEMBL284,Dipeptidyl peptidase 4,N#Cc1ccc(F)cc1Cn1c(N2CCC[C@@H](N)C2)cc(=O)n(Cc2cc(F)cc(F)c2)c1=O,7.184687956475641,469.4670000000002,2.32308,1,5
18293684,CHEMBL4129968,IC50,=,188.7,nM,6.72,CHEMBL284,Dipeptidyl peptidase 4,Cc1cc(C)cc(Cn2c(=O)cc(N3CCC[C@@H](N)C3)n(Cc3cc(F)ccc3C#N)c2=O)c1,6.724228099835068,461.5410000000002,2.6617200000000008,1,5
18293685,CHEMBL4128052,IC50,=,64.47,nM,7.19,CHEMBL284,Dipeptidyl peptidase 4,COc1ccc(Cn2c(=O)cc(N3CCC[C@@H](N)C3)n(Cc3cc(F)ccc3C#N)c2=O)cc1OC,7.190642329788894,493.53900000000027,2.06208,1,7
18314053,CHEMBL4176189,IC50,=,22.0,nM,7.66,CHEMBL284,Dipeptidyl peptidase 4,CC(C)[C@H](N)C(=O)N1CCCC1B(O)O,7.657577319177793,214.07399999999998,-1.0272999999999988,3,4
18357658,CHEMBL4165788,IC50,>,100.0,nM,,CHEMBL284,Dipeptidyl peptidase 4,N#Cc1ccc(N2CCOCC2)cc1Cn1c(N2CCC[C@@H](N)C2)nc2cc[nH]c2c1=O,7.0,433.5160000000002,1.4086799999999997,2,7
18357659,CHEMBL4173013,IC50,>,100.0,nM,,CHEMBL284,Dipeptidyl peptidase 4,CN(C)c1ccc(C#N)c(Cn2c(N3CCC[C@@H](N)C3)nc3cc[nH]c3c2=O)c1,7.0,391.4790000000001,1.6380799999999995,2,6
18357660,CHEMBL4162340,IC50,=,2.3,nM,8.64,CHEMBL284,Dipeptidyl peptidase 4,N#Cc1ccc(F)cc1Cn1c(N2CCC[C@@H](N)C2)nc2cc[nH]c2c1=O,8.638272163982407,366.4000000000001,1.7111799999999995,2,5
18357661,CHEMBL4169618,IC50,=,2.4,nM,8.62,CHEMBL284,Dipeptidyl peptidase 4,N#Cc1ccc(F)cc1Cn1c(N2CCC[C@@H](N)C2)nc2[nH]ccc2c1=O,8.619788758288394,366.4000000000001,1.7111799999999995,2,5
18357662,CHEMBL4177478,IC50,=,6.8,nM,8.17,CHEMBL284,Dipeptidyl peptidase 4,N#Cc1ccc(F)cc1Cn1c(N2CCC[C@@H](N)C2)nc2scnc2c1=O,8.167491087293763,384.4400000000001,1.8395799999999995,1,7
18357663,CHEMBL4174924,IC50,=,15.3,nM,7.82,CHEMBL284,Dipeptidyl peptidase 4,Cn1cnc2nc(N3CCC[C@@H](N)C3)n(Cc3cc(F)ccc3C#N)c(=O)c21,7.815308569182402,381.4150000000001,1.11658,1,6
18357665,CHEMBL4169403,IC50,=,0.79,nM,9.1,CHEMBL284,Dipeptidyl peptidase 4,N#Cc1ccc(F)cc1Cn1c(N2CCC[C@@H](N)C2)nc2c(Br)c[nH]c2c1=O,9.102372908709558,445.2960000000001,2.47368,2,5
18357666,CHEMBL4161474,IC50,=,1.67,nM,8.78,CHEMBL284,Dipeptidyl peptidase 4,N#Cc1ccc(F)cc1Cn1c(N2CCC[C@@H](N)C2)nc2c(Br)c(Br)[nH]c2c1=O,8.777283528852417,524.1920000000001,3.23618,2,5
18357667,CHEMBL4172793,IC50,=,0.77,nM,9.11,CHEMBL284,Dipeptidyl peptidase 4,N#Cc1ccc(F)cc1Cn1c(N2CCC[C@@H](N)C2)nc2c(F)c[nH]c2c1=O,9.113509274827518,384.3900000000001,1.8502799999999995,2,5
18357668,CHEMBL4164893,IC50,=,1.25,nM,8.9,CHEMBL284,Dipeptidyl peptidase 4,N#Cc1ccc(F)cc1Cn1c(N2CCC[C@@H](N)C2)nc2c(F)c(F)[nH]c2c1=O,8.903089986991944,402.3800000000001,1.9893799999999993,2,5
18357669,CHEMBL4162532,IC50,=,18.0,nM,7.75,CHEMBL284,Dipeptidyl peptidase 4,CS(=O)(=O)n1ccc2nc(N3CCC[C@@H](N)C3)n(Cc3cc(F)ccc3C#N)c(=O)c21,7.7447274948966935,444.4920000000002,0.9922799999999999,1,7
18357670,CHEMBL4173215,IC50,=,26.6,nM,7.58,CHEMBL284,Dipeptidyl peptidase 4,N#Cc1ccc(F)cc1Cn1c(N2CCC[C@@H](N)C2)nc2ccn(Cc3cc(F)ccc3C#N)c2c1=O,7.575118363368933,499.52500000000026,3.243660000000001,1,6
18357671,CHEMBL4165967,IC50,=,0.76,nM,9.12,CHEMBL284,Dipeptidyl peptidase 4,N#Cc1ccc(F)cc1Cn1c(N2CCC[C@@H](N)C2)nc2c(-c3ccsc3)c[nH]c2c1=O,9.119186407719209,448.52700000000016,3.43968,2,6
18357672,CHEMBL4176578,IC50,=,0.54,nM,9.27,CHEMBL284,Dipeptidyl peptidase 4,N#Cc1ccc(F)cc1Cn1c(N2CCC[C@@H](N)C2)nc2c(-c3cccs3)c[nH]c2c1=O,9.267606240177031,448.52700000000016,3.43968,2,6
18357673,CHEMBL4164470,IC50,=,0.54,nM,9.27,CHEMBL284,Dipeptidyl peptidase 4,N#Cc1ccc(F)cc1Cn1c(N2CCC[C@@H](N)C2)nc2c(-c3ccc(F)cc3)c[nH]c2c1=O,9.267606240177031,460.48800000000017,3.5172800000000004,2,5
18357674,CHEMBL4175111,IC50,=,0.72,nM,9.14,CHEMBL284,Dipeptidyl peptidase 4,CS(=O)(=O)c1ccc(-c2c[nH]c3c(=O)n(Cc4cc(F)ccc4C#N)c(N4CCC[C@@H](N)C4)nc23)cc1,9.142667503568731,520.5900000000004,2.7816800000000006,2,7
18357675,CHEMBL4161924,IC50,=,1.58,nM,8.8,CHEMBL284,Dipeptidyl peptidase 4,CS(=O)(=O)c1ccccc1-c1c[nH]c2c(=O)n(Cc3cc(F)ccc3C#N)c(N3CCC[C@@H](N)C3)nc12,8.801342913045577,520.5900000000004,2.7816800000000006,2,7
18357676,CHEMBL4169845,IC50,=,0.61,nM,9.21,CHEMBL284,Dipeptidyl peptidase 4,CS(=O)(=O)c1cccc(-c2c[nH]c3c(=O)n(Cc4cc(F)ccc4C#N)c(N4CCC[C@@H](N)C4)nc23)c1,9.214670164989233,520.5900000000004,2.7816800000000006,2,7
18357677,CHEMBL4165359,IC50,=,1.69,nM,8.77,CHEMBL284,Dipeptidyl peptidase 4,CC(C)S(=O)(=O)c1ccc(-c2c[nH]c3c(=O)n(Cc4cc(F)ccc4C#N)c(N4CCC[C@@H](N)C4)nc23)cc1,8.772113295386326,548.6440000000003,3.5602800000000014,2,7
18357678,CHEMBL4173272,IC50,=,1.61,nM,8.79,CHEMBL284,Dipeptidyl peptidase 4,N#Cc1ccc(F)cc1Cn1c(N2CCC[C@@H](N)C2)nc2c(-c3ccc(S(N)(=O)=O)cc3)c[nH]c2c1=O,8.79317412396815,521.5780000000002,2.0255799999999997,3,7
18357679,CHEMBL4173673,IC50,=,1.45,nM,8.84,CHEMBL284,Dipeptidyl peptidase 4,CS(=O)(=O)c1ccc(-c2c[nH]c3c(=O)n(Cc4cc(F)ccc4C#N)c(N4CCC[C@@H](N)C4)nc23)cc1F,8.838631997765026,538.5800000000004,2.9207800000000006,2,7
18357680,CHEMBL4162971,IC50,=,0.77,nM,9.11,CHEMBL284,Dipeptidyl peptidase 4,CS(=O)(=O)c1ccc(-c2c[nH]c3c(=O)n(Cc4cc(F)ccc4C#N)c(N4CCC[C@@H](N)C4)nc23)c(F)c1,9.113509274827518,538.5800000000004,2.9207800000000006,2,7
18493689,CHEMBL4205581,IC50,=,49.0,nM,7.31,CHEMBL284,Dipeptidyl peptidase 4,N#Cc1ccccc1Cc1c(Cl)nc2ccnn2c1N1CCC[C@@H](N)C1,7.309803919971486,366.8560000000002,2.7726800000000003,1,5
18493690,CHEMBL4216792,IC50,=,10400.0,nM,4.98,CHEMBL284,Dipeptidyl peptidase 4,CCOC(=O)c1ccc(Cn2c(N3CCC[C@@H](N)C3)cc(=O)n3nccc23)cc1,4.982966660701219,395.4630000000001,1.6485,1,6
18493691,CHEMBL4217326,IC50,=,17200.0,nM,4.76,CHEMBL284,Dipeptidyl peptidase 4,O=c1cc(N2CCNCC2)n(Cc2ccc([N+](=O)[O-])cc2)c2ccnn12,4.764471553092451,354.37000000000006,0.8620999999999999,1,6
18493692,CHEMBL4212367,IC50,=,11500.0,nM,4.94,CHEMBL284,Dipeptidyl peptidase 4,N[C@@H]1CCCN(c2cc(=O)n3nccc3n2Cc2ccc([N+](=O)[O-])cc2)C1,4.939302159646388,368.3970000000001,1.38,1,6
18493693,CHEMBL4212894,IC50,=,400.0,nM,6.4,CHEMBL284,Dipeptidyl peptidase 4,Cc1ccc(Cn2c(N3CCNCC3)cc(=O)n3nccc23)cc1,6.3979400086720375,323.40000000000003,1.2623199999999999,1,4
18493694,CHEMBL4207996,IC50,=,2000.0,nM,5.7,CHEMBL284,Dipeptidyl peptidase 4,Cc1ccc(Cn2c(N3CCC[C@@H](N)C3)cc(=O)n3nccc23)cc1,5.698970004336019,337.427,1.7802199999999997,1,4
18493695,CHEMBL4208513,IC50,=,2500.0,nM,5.6,CHEMBL284,Dipeptidyl peptidase 4,O=c1cc(N2CCNCC2)n(Cc2ccccc2)c2ccnn12,5.6020599913279625,309.37300000000005,0.9538999999999997,1,4
18493696,CHEMBL4203639,IC50,=,46500.0,nM,4.33,CHEMBL284,Dipeptidyl peptidase 4,N[C@@H]1CCCN(c2cc(=O)n3nccc3n2Cc2ccccc2)C1,4.3325470471100465,323.40000000000003,1.4717999999999996,1,4
18493697,CHEMBL4204176,IC50,=,80.0,nM,7.1,CHEMBL284,Dipeptidyl peptidase 4,N#Cc1ccccc1Cn1c(N2CCNCC2)cc(=O)n2nccc12,7.096910013008056,334.383,0.8255799999999998,1,5
18493698,CHEMBL4213950,IC50,=,1200.0,nM,5.92,CHEMBL284,Dipeptidyl peptidase 4,O=c1cc(N2CCNCC2)n(Cc2ccccc2[N+](=O)[O-])c2ccnn12,5.920818753952375,354.3700000000001,0.8620999999999999,1,6
18493699,CHEMBL4210635,IC50,=,21500.0,nM,4.67,CHEMBL284,Dipeptidyl peptidase 4,N[C@@H]1CCCN(c2cc(=O)n3nccc3n2Cc2ccccc2F)C1,4.667561540084395,341.39000000000004,1.6108999999999998,1,4
18493700,CHEMBL4205100,IC50,=,59900.0,nM,4.22,CHEMBL284,Dipeptidyl peptidase 4,N[C@@H]1CCCN(c2cc(=O)n3nccc3n2Cc2ccc(C(=O)O)cc2)C1,4.2225731776106885,367.4090000000001,1.17,2,5
18493701,CHEMBL4215849,IC50,=,1300.0,nM,5.89,CHEMBL284,Dipeptidyl peptidase 4,N#Cc1ccccc1Cn1c(N2CCC[C@@H](N)C2)cc(=O)n2nccc12,5.886056647693163,348.41,1.3434799999999996,1,5
18662254,CHEMBL91777,IC50,=,65690.0,nM,4.18,CHEMBL284,Dipeptidyl peptidase 4,CC(C)[C@H](N)C(=O)N[C@@H](Cc1c[nH]c2ccccc12)C(=O)O,4.182500738132242,303.3620000000001,1.2631,4,3
18662261,CHEMBL288114,IC50,=,4650.0,nM,5.33,CHEMBL284,Dipeptidyl peptidase 4,O=C(O)c1cc(O)c(O)c(O)c1,5.3325470471100465,170.11999999999998,0.5015999999999998,4,4
18662262,CHEMBL297453,IC50,=,10210.0,nM,4.99,CHEMBL284,Dipeptidyl peptidase 4,O=C(O[C@@H]1Cc2c(O)cc(O)cc2O[C@@H]1c1cc(O)c(O)c(O)c1)c1cc(O)c(O)c(O)c1,4.99097425791309,458.37500000000017,2.233199999999999,8,11
18662263,CHEMBL257839,IC50,=,420.0,nM,6.38,CHEMBL284,Dipeptidyl peptidase 4,OC[C@H]1O[C@@H](Oc2cc3c(O)cc(O)cc3[o+]c2-c2ccc(O)c(O)c2)[C@H](O)[C@@H](O)[C@@H]1O,6.376750709602099,449.3880000000001,0.38199999999999973,8,10
18662264,CHEMBL2165586,IC50,=,10360.0,nM,4.99,CHEMBL284,Dipeptidyl peptidase 4,C[C@@H]1O[C@@H](OC[C@H]2O[C@@H](Oc3cc(O)c4c(c3)O[C@H](c3ccc(O)c(O)c3)CC4=O)[C@H](O)[C@@H](O)[C@@H]2O)[C@H](O)[C@H](O)[C@H]1O,4.984640244590786,596.5380000000005,-1.4596000000000007,9,15
18662265,CHEMBL592005,IC50,=,1410.0,nM,5.85,CHEMBL284,Dipeptidyl peptidase 4,COc1cc(-c2[o+]c3cc(O)cc(O)c3cc2O)cc(OC)c1O.[Cl-],5.85078088734462,366.75300000000004,0.22450000000000037,4,6
18662266,CHEMBL145,IC50,=,3370.0,nM,5.47,CHEMBL284,Dipeptidyl peptidase 4,O=C(O)/C=C/c1ccc(O)c(O)c1,5.4723700991286615,180.159,1.1956,3,3
18662267,CHEMBL511367,IC50,=,1410.0,nM,5.85,CHEMBL284,Dipeptidyl peptidase 4,Oc1cc(O)c2cc(O)c(-c3ccc(O)c(O)c3)[o+]c2c1.[Cl-],5.85078088734462,322.70000000000005,-0.08709999999999923,5,5
18662268,CHEMBL165,IC50,=,0.6,nM,9.22,CHEMBL284,Dipeptidyl peptidase 4,Oc1ccc(/C=C/c2cc(O)cc(O)c2)cc1,9.221848749616356,228.247,2.9738000000000016,3,3
18662269,CHEMBL44,IC50,=,480.0,nM,6.32,CHEMBL284,Dipeptidyl peptidase 4,O=c1c(-c2ccc(O)cc2)coc2cc(O)cc(O)c12,6.318758762624412,270.24,2.576800000000001,3,5
18662271,CHEMBL9352,IC50,=,240.0,nM,6.62,CHEMBL284,Dipeptidyl peptidase 4,O=C1C[C@@H](c2ccc(O)cc2)Oc2cc(O)cc(O)c21,6.619788758288394,272.25600000000003,2.5099000000000014,3,5
18662272,CHEMBL399121,IC50,=,280.0,nM,6.55,CHEMBL284,Dipeptidyl peptidase 4,COc1ccc([C@@H]2CC(=O)c3c(O)cc(O)cc3O2)cc1O,6.552841968657781,302.28200000000004,2.518500000000001,3,6
18662273,CHEMBL275638,IC50,=,170.0,nM,6.77,CHEMBL284,Dipeptidyl peptidase 4,O=c1cc(-c2ccccc2)oc2ccccc12,6.769551078621726,222.243,3.4600000000000017,0,2
18662275,CHEMBL28,IC50,=,140.0,nM,6.85,CHEMBL284,Dipeptidyl peptidase 4,O=c1cc(-c2ccc(O)cc2)oc2cc(O)cc(O)c12,6.853871964321762,270.24,2.576800000000001,3,5
18662276,CHEMBL151,IC50,=,120.0,nM,6.92,CHEMBL284,Dipeptidyl peptidase 4,O=c1cc(-c2ccc(O)c(O)c2)oc2cc(O)cc(O)c12,6.920818753952375,286.23900000000003,2.2824000000000004,4,6
18662278,CHEMBL4246951,IC50,=,28050.0,nM,4.55,CHEMBL284,Dipeptidyl peptidase 4,Brc1nc2n(n1)CC(c1cc3ccccc3o1)=NN2,4.55206713440782,318.134,2.6166,1,5
18662279,CHEMBL4247480,IC50,=,1.12,nM,8.95,CHEMBL284,Dipeptidyl peptidase 4,Cc1ccc2nc(CNc3nc(C)cs3)n(/N=C/c3ccc(O)cc3)c(=O)c2c1,8.950781977329818,405.4830000000002,3.669740000000002,2,7
18662280,CHEMBL4238698,IC50,=,1.22,nM,8.91,CHEMBL284,Dipeptidyl peptidase 4,Cc1csc(NC2c3cc(I)ccc3N=C(c3ccccc3)N2/N=C/c2cccc([N+](=O)[O-])c2)n1,8.913640169325252,594.4380000000001,6.5030200000000065,1,8
18662281,CHEMBL4242883,IC50,=,1.62,nM,8.79,CHEMBL284,Dipeptidyl peptidase 4,COc1ccc(/C=N/N2C(c3ccccc3)=Nc3ccc(I)cc3C2Nc2nccs2)cc1,8.790484985457368,565.44,6.295000000000004,1,7
18662282,CHEMBL4249193,IC50,=,1.33,nM,8.88,CHEMBL284,Dipeptidyl peptidase 4,O=[N+]([O-])c1cccc(/C=N/N2C(c3ccccc3)=Nc3ccccc3C2Nc2nccs2)c1,8.876148359032914,454.5150000000001,5.590000000000003,1,8
18662283,CHEMBL4239107,IC50,=,0.76,nM,9.12,CHEMBL284,Dipeptidyl peptidase 4,O=[N+]([O-])c1cccc(/C=N/N2C(c3ccccc3)=Nc3ccc(I)cc3C2Nc2nccs2)c1,9.119186407719209,580.4110000000002,6.194600000000003,1,8
18662284,CHEMBL4250492,IC50,=,14.0,nM,7.85,CHEMBL284,Dipeptidyl peptidase 4,N[C@@H](CCn1cc(-c2ccncc2)nn1)Cc1cc(F)c(F)cc1F,7.853871964321762,347.34400000000005,2.7175000000000002,1,4
18662286,CHEMBL4246674,IC50,=,19.6,nM,7.71,CHEMBL284,Dipeptidyl peptidase 4,CC(C)=CCn1c(N2CCCC(N)C2)nc2c1c(=O)n(Cc1ccccc1C#N)c(=O)n2C,7.707743928643524,447.54300000000023,1.7103799999999996,1,6
18662287,CHEMBL4246222,IC50,=,232.8,nM,6.63,CHEMBL284,Dipeptidyl peptidase 4,NCc1c(-c2ccc(Cl)cc2Cl)n(C[SH](=O)=O)c2ccccc12,6.633017024022149,369.2730000000001,3.6427000000000014,2,3
18662289,CHEMBL4241283,IC50,=,3.4,nM,8.47,CHEMBL284,Dipeptidyl peptidase 4,CC(C)(C)[C@H](N)C(=O)N1CCSCC1,8.468521082957745,216.34999999999994,0.9352000000000001,1,3
18662290,CHEMBL4250956,IC50,=,6.29,nM,8.2,CHEMBL284,Dipeptidyl peptidase 4,CC(C)C[C@H](N)C(=O)N1CCSCC1,8.201349354554731,216.34999999999994,0.9352000000000001,1,3
18662291,CHEMBL4241366,IC50,=,6.93,nM,8.16,CHEMBL284,Dipeptidyl peptidase 4,CCC(C)[C@H](N)C(=O)N1CCSCC1,8.159266765388193,216.34999999999994,0.9352000000000001,1,3
18662292,CHEMBL1976036,IC50,=,3440.0,nM,5.46,CHEMBL284,Dipeptidyl peptidase 4,O=C(N/N=C/c1cccc2ccccc12)c1[nH]nc2c1CCCC2,5.46344155742847,318.38000000000017,3.2056000000000013,2,3
18662293,CHEMBL4247286,IC50,=,2120.0,nM,5.67,CHEMBL284,Dipeptidyl peptidase 4,O=C(N/N=C/c1c(O)ccc2ccccc12)c1n[nH]c2c1CCCC2,5.673664139071248,334.3790000000002,2.911200000000001,3,4
18662294,CHEMBL4250558,IC50,=,94.82,nM,7.02,CHEMBL284,Dipeptidyl peptidase 4,O=C(CNC(=O)C1CCCN(S(=O)(=O)c2ccccc2)C1)Nc1ccc(Cl)cc1,7.023100049017062,435.9330000000001,2.4956000000000005,2,4
18662295,CHEMBL4245414,IC50,=,3730.0,nM,5.43,CHEMBL284,Dipeptidyl peptidase 4,O=C(CN1CCN(c2ccnc3cc(Cl)ccc23)CC1)N1CCCC1,5.428291168191312,358.8730000000003,2.632600000000001,0,4
18662296,CHEMBL4241199,IC50,=,720.0,nM,6.14,CHEMBL284,Dipeptidyl peptidase 4,COC(=O)c1cn([C@@H]2CN[C@H](C(=O)N3CCC(F)(F)C3)C2)nn1,6.142667503568732,329.3070000000001,-0.1647000000000003,1,6
18662297,CHEMBL4249750,IC50,=,660.0,nM,6.18,CHEMBL284,Dipeptidyl peptidase 4,O=C([C@@H]1C[C@H](n2cc(-c3ccccc3)nn2)CN1)N1CCC(F)(F)C1,6.180456064458132,347.36900000000014,1.7156999999999996,1,4
18662298,CHEMBL4240687,IC50,=,1320.0,nM,5.88,CHEMBL284,Dipeptidyl peptidase 4,Cc1cc(-c2cn([C@@H]3CN[C@H](C(=O)N4CCC(F)(F)C4)C3)nn2)ccc1F,5.87942606879415,379.3860000000001,2.16322,1,4
18672851,CHEMBL4247814,IC50,=,1270.0,nM,5.9,CHEMBL284,Dipeptidyl peptidase 4,CC1(C)[C@@H]2CC[C@@]1(C)[C@H](NCC(=O)N1CCC[C@H]1C#N)C2,5.896196279044043,289.423,2.3053799999999995,1,3
18672852,CHEMBL4242321,IC50,=,1780.0,nM,5.75,CHEMBL284,Dipeptidyl peptidase 4,CC1(C)[C@H]2CC[C@]1(C)[C@@H](NCC(=O)N1CCC[C@H]1C#N)C2,5.749579997691106,289.423,2.3053799999999995,1,3
18672853,CHEMBL4238169,IC50,=,15780.0,nM,4.8,CHEMBL284,Dipeptidyl peptidase 4,CC1(C)[C@H]2CC[C@]1(C)C(=O)[C@H]2NCC(=O)N1CCC[C@H]1C#N,4.801893001126598,303.40600000000006,1.4843799999999998,1,4
18672854,CHEMBL4238607,IC50,=,7580.0,nM,5.12,CHEMBL284,Dipeptidyl peptidase 4,CC1(C)[C@H]2CC[C@]1(C)[C@@H](O)[C@H]2NCC(=O)N1CCC[C@H]1C#N,5.120330794367947,305.422,1.27618,2,4
18896723,CHEMBL4555157,IC50,>,100000.0,nM,,CHEMBL284,Dipeptidyl peptidase 4,CCCCNc1nc2scnn2c(=O)c1[N+](=O)[O-],4.0,269.286,1.2711999999999997,1,7
18896724,CHEMBL4554062,IC50,=,68510.0,nM,4.16,CHEMBL284,Dipeptidyl peptidase 4,CC(C)CNc1nc2scnn2c(=O)c1[N+](=O)[O-],4.164246032480617,269.286,1.1270999999999998,1,7
18896725,CHEMBL4540237,IC50,>,100000.0,nM,,CHEMBL284,Dipeptidyl peptidase 4,CC(C)(C)Nc1nc2scnn2c(=O)c1[N+](=O)[O-],4.0,269.286,1.2695999999999996,1,7
18896726,CHEMBL4582763,IC50,>,100000.0,nM,,CHEMBL284,Dipeptidyl peptidase 4,CCCNc1nc2scnn2c(=O)c1[N+](=O)[O-],4.0,255.259,0.8810999999999998,1,7
18896727,CHEMBL4535561,IC50,=,76170.0,nM,4.12,CHEMBL284,Dipeptidyl peptidase 4,CC(C)Nc1nc2scnn2c(=O)c1[N+](=O)[O-],4.118216044406616,255.259,0.8794999999999997,1,7
18896728,CHEMBL4557028,IC50,>,100000.0,nM,,CHEMBL284,Dipeptidyl peptidase 4,CC(=O)OCCNc1nc2scnn2c(=O)c1[N+](=O)[O-],4.0,299.26800000000003,0.03419999999999984,1,9
18896729,CHEMBL4471409,IC50,>,100000.0,nM,,CHEMBL284,Dipeptidyl peptidase 4,CC(=O)OCCCNc1nc2scnn2c(=O)c1[N+](=O)[O-],4.0,313.2950000000001,0.4243000000000002,1,9
18896730,CHEMBL4448038,IC50,>,100000.0,nM,,CHEMBL284,Dipeptidyl peptidase 4,CC(=O)OCCCCNc1nc2scnn2c(=O)c1[N+](=O)[O-],4.0,327.3220000000001,0.8144,1,9
18896731,CHEMBL4525051,IC50,=,121300.0,nM,,CHEMBL284,Dipeptidyl peptidase 4,O=c1c([N+](=O)[O-])c(NCCO)nc2scnn12,3.916139199133427,257.231,-0.5366000000000006,2,8
18896732,CHEMBL4435578,IC50,>,100000.0,nM,,CHEMBL284,Dipeptidyl peptidase 4,O=c1c([N+](=O)[O-])c(NCCCO)nc2scnn12,4.0,271.258,-0.14650000000000024,2,8
18896733,CHEMBL4567960,IC50,>,100000.0,nM,,CHEMBL284,Dipeptidyl peptidase 4,O=c1c([N+](=O)[O-])c(NCCCCO)nc2scnn12,4.0,285.28499999999997,0.24359999999999965,2,8
18896734,CHEMBL4571225,IC50,=,55870.0,nM,4.25,CHEMBL284,Dipeptidyl peptidase 4,O=c1c([N+](=O)[O-])c(NCCc2ccc(Cl)cc2)nc2scnn12,4.252821328639835,351.77500000000003,2.3671999999999995,1,7
18896735,CHEMBL4463269,IC50,>,100000.0,nM,,CHEMBL284,Dipeptidyl peptidase 4,O=c1c([N+](=O)[O-])c(NCCc2ccc(O)cc2)nc2scnn12,4.0,333.32900000000006,1.4193999999999998,2,8
18896736,CHEMBL4466627,IC50,>,100000.0,nM,,CHEMBL284,Dipeptidyl peptidase 4,O=c1c([N+](=O)[O-])c(NCC(O)CO)nc2scnn12,4.0,287.257,-1.1757000000000004,3,9
18896737,CHEMBL4563602,IC50,>,100000.0,nM,,CHEMBL284,Dipeptidyl peptidase 4,CC1(C)OCC(CNc2nc3scnn3c(=O)c2[N+](=O)[O-])O1,4.0,327.3220000000001,0.6225999999999998,1,9
18934793,CHEMBL4516388,IC50,=,223.0,nM,6.65,CHEMBL284,Dipeptidyl peptidase 4,O=C(CCCCCO)N[C@@H](CC(=O)N1CCn2c(nnc2C(F)(F)F)C1)Cc1cc(F)c(F)cc1F,6.651695136951839,521.4620000000002,2.726700000000001,2,5
18934794,CHEMBL4464592,IC50,=,226.0,nM,6.65,CHEMBL284,Dipeptidyl peptidase 4,O=C(CCCCO)N[C@@H](CC(=O)N1CCn2c(nnc2C(F)(F)F)C1)Cc1cc(F)c(F)cc1F,6.645891560852599,507.4350000000002,2.3366,2,5
18934795,CHEMBL4458307,IC50,=,208.0,nM,6.68,CHEMBL284,Dipeptidyl peptidase 4,O=C(CCCO)N[C@@H](CC(=O)N1CCn2c(nnc2C(F)(F)F)C1)Cc1cc(F)c(F)cc1F,6.681936665037238,493.40800000000013,1.9465,2,5
18934796,CHEMBL4537702,IC50,=,217.0,nM,6.66,CHEMBL284,Dipeptidyl peptidase 4,O=C(CO)N[C@@H](CC(=O)N1CCn2c(nnc2C(F)(F)F)C1)Cc1cc(F)c(F)cc1F,6.663540266151471,465.3540000000001,1.1662999999999994,2,5
18934797,CHEMBL4524414,IC50,=,60.0,nM,7.22,CHEMBL284,Dipeptidyl peptidase 4,O=C(CCCCCO[N+](=O)[O-])N[C@@H](CC(=O)N1CCn2c(nnc2C(F)(F)F)C1)Cc1cc(F)c(F)cc1F,7.221848749616356,566.4590000000003,2.942700000000001,1,7
18934798,CHEMBL4577865,IC50,=,170.0,nM,6.77,CHEMBL284,Dipeptidyl peptidase 4,O=C(CCCCO[N+](=O)[O-])N[C@@H](CC(=O)N1CCn2c(nnc2C(F)(F)F)C1)Cc1cc(F)c(F)cc1F,6.769551078621726,552.4320000000002,2.552600000000001,1,7
18934799,CHEMBL4437841,IC50,=,197.0,nM,6.71,CHEMBL284,Dipeptidyl peptidase 4,O=C(CCCO[N+](=O)[O-])N[C@@H](CC(=O)N1CCn2c(nnc2C(F)(F)F)C1)Cc1cc(F)c(F)cc1F,6.705533773838407,538.4050000000002,2.1624999999999996,1,7
18934800,CHEMBL4434648,IC50,=,190.0,nM,6.72,CHEMBL284,Dipeptidyl peptidase 4,O=C(CO[N+](=O)[O-])N[C@@H](CC(=O)N1CCn2c(nnc2C(F)(F)F)C1)Cc1cc(F)c(F)cc1F,6.721246399047171,510.35100000000017,1.3822999999999992,1,7
19097413,CHEMBL4535549,IC50,=,3830000.0,nM,,CHEMBL284,Dipeptidyl peptidase 4,CC[C@H](C)[C@H](NC(=O)[C@H](CC(C)C)NC(=O)[C@@H]1CCCN1C(=O)[C@H](CC(C)C)NC(=O)[C@@H]1CCCN1C(=O)[C@@H](NC(=O)CN)[C@@H](C)CC)C(=O)O,2.416801226031377,721.9410000000001,1.1353000000000084,6,8
19099006,CHEMBL4446618,IC50,=,2.19,nM,8.66,CHEMBL284,Dipeptidyl peptidase 4,CC#CCn1c(N2CCC[C@@H](N)C2)cc(=O)n(Cc2cccc(F)c2C(=O)O)c1=O,8.659555885159882,414.4370000000001,0.8463999999999996,2,5
19099007,CHEMBL4452518,IC50,=,1.98,nM,8.7,CHEMBL284,Dipeptidyl peptidase 4,CC#CCn1c(N2CCC[C@@H](N)C2)nc2c1c(=O)n(Cc1ccccc1C(=O)O)c(=O)n2C,8.703334809738468,450.4990000000002,0.5940000000000012,2,6
19099008,CHEMBL4441220,IC50,=,10.21,nM,7.99,CHEMBL284,Dipeptidyl peptidase 4,CC#CCn1c(N2CCC[C@@H](N)C2)nc2c1c(=O)n(Cc1cccc(F)c1C(=O)O)c(=O)n2C,7.99097425791309,468.4890000000002,0.733100000000001,2,6
19099009,CHEMBL4528994,IC50,=,2.35,nM,8.63,CHEMBL284,Dipeptidyl peptidase 4,CC#CCn1c(N2CCC[C@@H](N)C2)nc2c1c(=O)n(Cc1ccc(F)cc1C(=O)O)c(=O)n2C,8.628932137728263,468.4890000000002,0.733100000000001,2,6
19099010,CHEMBL4458949,IC50,=,3.9,nM,8.41,CHEMBL284,Dipeptidyl peptidase 4,CC#CCn1c(N2CCC[C@@H](N)C2)nc2c1c(=O)n(Cc1c(Cl)cccc1C(=O)O)c(=O)n2C,8.4089353929735,484.9440000000002,1.2474000000000005,2,6
19099011,CHEMBL4465482,IC50,=,0.18,nM,9.74,CHEMBL284,Dipeptidyl peptidase 4,CC#CCn1c(N2CCC[C@@H](N)C2)nc2c1c(=O)n(Cc1cc(Cl)ccc1C(=O)O)c(=O)n2C,9.744727494896694,484.9440000000002,1.2474000000000005,2,6
19099012,CHEMBL4448186,IC50,=,0.1,nM,10.0,CHEMBL284,Dipeptidyl peptidase 4,CC#CCn1c(N2CCC[C@@H](N)C2)nc2c1c(=O)n(Cc1ccc(Cl)cc1C(=O)O)c(=O)n2C,10.0,484.9440000000002,1.2474000000000005,2,6
19099013,CHEMBL4544024,IC50,=,1.05,nM,8.98,CHEMBL284,Dipeptidyl peptidase 4,CC#CCn1c(N2CCC[C@@H](N)C2)nc2c1c(=O)n(Cc1c(Br)cccc1C(=O)O)c(=O)n2C,8.978810700930062,529.3950000000001,1.3565000000000005,2,6
19099014,CHEMBL4536341,IC50,=,0.72,nM,9.14,CHEMBL284,Dipeptidyl peptidase 4,CC#CCn1c(N2CCC[C@@H](N)C2)nc2c1c(=O)n(Cc1cc(Br)ccc1C(=O)O)c(=O)n2C,9.142667503568731,529.3950000000001,1.3565000000000005,2,6
19099015,CHEMBL4461587,IC50,=,0.22,nM,9.66,CHEMBL284,Dipeptidyl peptidase 4,CC#CCn1c(N2CCC[C@@H](N)C2)nc2c1c(=O)n(Cc1ccc(Br)cc1C(=O)O)c(=O)n2C,9.657577319177793,529.3950000000001,1.3565,2,6
19099016,CHEMBL4458832,IC50,=,5.99,nM,8.22,CHEMBL284,Dipeptidyl peptidase 4,CC#CCn1c(N2CCC[C@@H](N)C2)nc2c1c(=O)n(Cc1c(OC)cccc1C(=O)O)c(=O)n2C,8.22257317761069,480.52500000000026,0.6026000000000016,2,7
19099017,CHEMBL4588692,IC50,=,0.44,nM,9.36,CHEMBL284,Dipeptidyl peptidase 4,CC#CCn1c(N2CCC[C@@H](N)C2)nc2c1c(=O)n(Cc1cc(OC)ccc1C(=O)O)c(=O)n2C,9.356547323513812,480.52500000000026,0.6026000000000016,2,7
19099018,CHEMBL4464069,IC50,=,2.43,nM,8.61,CHEMBL284,Dipeptidyl peptidase 4,CC#CCn1c(N2CCC[C@@H](N)C2)nc2c1c(=O)n(Cc1cc(C#N)ccc1C(=O)O)c(=O)n2C,8.614393726401687,475.50900000000024,0.4656800000000009,2,7
19099019,CHEMBL4435383,IC50,=,2.91,nM,8.54,CHEMBL284,Dipeptidyl peptidase 4,CC#CCn1c(N2CCC[C@@H](N)C2)nc2c1c(=O)n(Cc1ccccc1C(=O)OC)c(=O)n2C,8.536107011014092,464.52600000000024,0.6824000000000006,1,7
19099020,CHEMBL4590999,IC50,=,5.06,nM,8.3,CHEMBL284,Dipeptidyl peptidase 4,CC#CCn1c(N2CCC[C@@H](N)C2)nc2c1c(=O)n(Cc1cccc(F)c1C(=O)OC)c(=O)n2C,8.2958494831602,482.51600000000025,0.8215000000000003,1,7
19099021,CHEMBL4465448,IC50,=,50.9,nM,7.29,CHEMBL284,Dipeptidyl peptidase 4,CC#CCn1c(N2CCC[C@@H](N)C2)nc2c1c(=O)n(Cc1c(Cl)cccc1C(=O)OC)c(=O)n2C,7.293282217663242,498.97100000000023,1.3357999999999999,1,7
19099022,CHEMBL4458152,IC50,=,5.61,nM,8.25,CHEMBL284,Dipeptidyl peptidase 4,CC#CCn1c(N2CCC[C@@H](N)C2)nc2c1c(=O)n(Cc1cc(Cl)ccc1C(=O)OC)c(=O)n2C,8.251037138743838,498.97100000000023,1.3358000000000008,1,7
19099023,CHEMBL4567320,IC50,=,20.48,nM,7.69,CHEMBL284,Dipeptidyl peptidase 4,CC#CCn1c(N2CCC[C@@H](N)C2)nc2c1c(=O)n(Cc1ccc(Cl)cc1C(=O)OC)c(=O)n2C,7.688670047696207,498.97100000000023,1.3357999999999999,1,7
19099024,CHEMBL4468590,IC50,=,74.43,nM,7.13,CHEMBL284,Dipeptidyl peptidase 4,CC#CCn1c(N2CCC[C@@H](N)C2)nc2c1c(=O)n(Cc1ccc(Cl)cc1C(=O)OCC)c(=O)n2C,7.128251981008129,512.9980000000003,1.7259,1,7
19099025,CHEMBL4465374,IC50,=,22.09,nM,7.66,CHEMBL284,Dipeptidyl peptidase 4,CC#CCn1c(N2CCC[C@@H](N)C2)nc2c1c(=O)n(Cc1ccc(Br)cc1C(=O)OC)c(=O)n2C,7.655804284128565,543.4220000000001,1.4449000000000003,1,7
19099026,CHEMBL4528149,IC50,=,85.48,nM,7.07,CHEMBL284,Dipeptidyl peptidase 4,CC#CCn1c(N2CCC[C@@H](N)C2)nc2c1c(=O)n(Cc1ccc(Br)cc1C(=O)OCC)c(=O)n2C,7.068135486507968,557.4490000000002,1.835,1,7
19149784,CHEMBL4454091,IC50,=,0.75,nM,9.12,CHEMBL284,Dipeptidyl peptidase 4,CCOC(=O)N1CCN(c2ccc3nnc(-c4cccc(C)c4)n3n2)CC1,9.1249387366083,366.4250000000002,2.3782200000000007,0,6
19149785,CHEMBL4529301,IC50,=,2.25,nM,8.65,CHEMBL284,Dipeptidyl peptidase 4,Cc1cccc(-c2nnc3ccc(N4CCN(C(=O)c5ccccc5)CC4)nn23)c1,8.647817481888637,398.47000000000014,3.062120000000001,0,5
19149786,CHEMBL4547171,IC50,=,2.0,nM,8.7,CHEMBL284,Dipeptidyl peptidase 4,Cc1cccc(-c2nnc3ccc(N4CCN(Cc5ccc(F)cc5)CC4)nn23)c1,8.698970004336019,402.4770000000001,3.561020000000002,0,5
19149787,CHEMBL4460852,IC50,=,1.75,nM,8.76,CHEMBL284,Dipeptidyl peptidase 4,Cc1cccc(-c2nnc3ccc(N4CCN(C(c5ccccc5)c5ccccc5)CC4)nn23)c1,8.756961951313706,460.58500000000015,5.011320000000005,0,5
19301460,CHEMBL4436620,IC50,=,74.6,nM,7.13,CHEMBL284,Dipeptidyl peptidase 4,CC#CCn1c(N2CCC[C@@H](N)C2)cc(=O)n(Cc2ccccc2C(=O)OC)c1=O,7.127261172527331,410.47400000000016,0.7957000000000001,1,6
19301461,CHEMBL4530011,IC50,=,56.6,nM,7.25,CHEMBL284,Dipeptidyl peptidase 4,CC#CCn1c(N2CCC[C@@H](N)C2)cc(=O)n(Cc2ccccc2CC(=O)OC)c1=O,7.247183568811729,424.5010000000002,0.7246000000000008,1,6
19301462,CHEMBL4538597,IC50,=,7.5,nM,8.12,CHEMBL284,Dipeptidyl peptidase 4,CC#CCn1c(N2CCC[C@@H](N)C2)cc(=O)n(Cc2ccccc2C(=O)O)c1=O,8.1249387366083,396.4470000000001,0.7072999999999998,2,5
19301463,CHEMBL4468423,IC50,=,89.8,nM,7.05,CHEMBL284,Dipeptidyl peptidase 4,CC#CCn1c(N2CCC[C@@H](N)C2)cc(=O)n(Cc2ccccc2CC(=O)O)c1=O,7.0467236633326955,410.47400000000016,0.6362000000000005,2,5
19301474,CHEMBL4438210,IC50,=,7.6,nM,8.12,CHEMBL284,Dipeptidyl peptidase 4,CC#CCn1c(N2CCC[C@@H](N)C2)cc(=O)n(Cc2ccc(F)cc2C(=O)O)c1=O,8.119186407719209,414.4370000000001,0.8463999999999996,2,5
19301476,CHEMBL4562685,IC50,=,3.9,nM,8.41,CHEMBL284,Dipeptidyl peptidase 4,CC#CCn1c(N2CCC[C@@H](N)C2)cc(=O)n(Cc2ccc(Cl)cc2C(=O)O)c1=O,8.4089353929735,430.89200000000017,1.3607,2,5
19301477,CHEMBL4527363,IC50,=,4.6,nM,8.34,CHEMBL284,Dipeptidyl peptidase 4,CC#CCn1c(N2CCC[C@@H](N)C2)cc(=O)n(Cc2ccc(Br)cc2C(=O)O)c1=O,8.337242168318426,475.34300000000013,1.4698,2,5
19301478,CHEMBL4558007,IC50,=,2.5,nM,8.6,CHEMBL284,Dipeptidyl peptidase 4,CC#CCn1c(N2CCC[C@@H](N)C2)cc(=O)n(Cc2cc(Br)ccc2C(=O)O)c1=O,8.602059991327963,475.34300000000013,1.4698,2,5
19301479,CHEMBL4581959,IC50,=,4.0,nM,8.4,CHEMBL284,Dipeptidyl peptidase 4,CC#CCn1c(N2CCC[C@@H](N)C2)cc(=O)n(Cc2cc(OC)ccc2C(=O)O)c1=O,8.397940008672037,426.4730000000002,0.7159000000000011,2,6
19301480,CHEMBL4516959,IC50,=,3.5,nM,8.46,CHEMBL284,Dipeptidyl peptidase 4,CC#CCn1c(N2CCC[C@@H](N)C2)cc(=O)n(Cc2cc(C#N)ccc2C(=O)O)c1=O,8.455931955649724,421.45700000000016,0.5789800000000005,2,6
19301481,CHEMBL4453917,IC50,=,93.2,nM,7.03,CHEMBL284,Dipeptidyl peptidase 4,CC#CCn1c(N2CCC[C@@H](N)C2)cc(=O)n(Cc2cccc(F)c2C(=O)OC)c1=O,7.030584087646019,428.46400000000017,0.9347999999999999,1,6
19301482,CHEMBL4445783,IC50,=,395.0,nM,6.4,CHEMBL284,Dipeptidyl peptidase 4,CC#CCn1c(N2CCC[C@@H](N)C2)cc(=O)n(Cc2cc(Br)ccc2C(=O)OC)c1=O,6.403402904373539,489.3700000000002,1.5582000000000003,1,6
19439488,CHEMBL4557196,IC50,=,4376.0,nM,5.36,CHEMBL284,Dipeptidyl peptidase 4,CC#CCn1c(N2CCC[C@@H](N)C2)nc2c1c(=O)nc1n2CCCN1Cc1nc(C)c2ccccc2n1,5.358922686674625,497.6070000000003,2.2057199999999995,1,8
19439489,CHEMBL4465057,IC50,=,790.0,nM,6.1,CHEMBL284,Dipeptidyl peptidase 4,CC#CCn1c(N2CCC[C@@H](N)C2)nc2c1c(=O)nc1n2CCCN1Cc1ccc(OC)cc1,6.102372908709558,461.5700000000003,1.9626999999999997,1,7
19439490,CHEMBL4537708,IC50,=,483.0,nM,6.32,CHEMBL284,Dipeptidyl peptidase 4,CC#CCn1c(N2CCC[C@@H](N)C2)nc2c1c(=O)nc1n2CCCN1Cc1cccc2ccccc12,6.316052869248487,481.60400000000027,3.1073000000000013,1,6
19439491,CHEMBL4443493,IC50,>,10000.0,nM,,CHEMBL284,Dipeptidyl peptidase 4,CC#CCn1c(N2CCC[C@@H](N)C2)nc2c1c(=O)nc1n2CCCN1CCCc1ccccc1,5.0,459.5980000000003,2.3867000000000003,1,6
19439492,CHEMBL4591675,IC50,=,421.0,nM,6.38,CHEMBL284,Dipeptidyl peptidase 4,CC#CCn1c(N2CCC[C@@H](N)C2)nc2c1c(=O)nc1n2CCCN1CC(=O)c1ccccc1,6.375717904164332,459.55400000000026,1.6368000000000003,1,7
19439496,CHEMBL4549857,IC50,>,10000.0,nM,,CHEMBL284,Dipeptidyl peptidase 4,CC#CCn1c(N2CCC[C@@H](N)C2)nc2c1C(=O)N(CCCc1ccccc1)C1=NCCCN12,5.0,459.5980000000003,2.4886,1,6
19439500,CHEMBL4443070,IC50,=,538.0,nM,6.27,CHEMBL284,Dipeptidyl peptidase 4,Cc1nc(CN2C(=O)c3c(nc(N4CCC[C@@H](N)C4)n3CC#N)N3CCN=C23)nc2ccccc12,6.269217724333611,470.5410000000003,1.4178000000000008,1,9
19439505,CHEMBL4464819,IC50,=,4.41,nM,8.36,CHEMBL284,Dipeptidyl peptidase 4,Cc1nc(CN2C(=O)c3c(nc(N4CCC[C@@H](N)C4)n3CC(=O)C3CC3)N3CCN=C23)nc2ccccc12,8.355561410532161,513.6060000000003,1.8733200000000003,1,9
19439510,CHEMBL4563476,IC50,=,28.7,nM,7.54,CHEMBL284,Dipeptidyl peptidase 4,Cc1nc(CN2C(=O)c3c(nc(N4CCC[C@@H](N)C4)n3Cc3cc(F)cs3)N3CCN=C23)nc2ccccc12,7.542118103266008,545.6480000000003,3.1431200000000015,1,9
19439512,CHEMBL4516443,IC50,=,11.2,nM,7.95,CHEMBL284,Dipeptidyl peptidase 4,CC#CCn1c(N2CCC[C@@H](N)C2)nc2c1C(=O)N(Cc1cccc(C#N)c1)C1=NCCN12,7.950781977329818,442.5270000000002,1.5375799999999993,1,7
19439513,CHEMBL4568895,IC50,=,10.0,nM,8.0,CHEMBL284,Dipeptidyl peptidase 4,CC#CCn1c(N2CCC[C@@H](N)C2)nc2c1C(=O)N(Cc1ccc(C#N)cc1)C1=NCCN12,8.0,442.5270000000002,1.5375799999999993,1,7
19442623,CHEMBL4456228,IC50,=,3900.0,nM,5.41,CHEMBL284,Dipeptidyl peptidase 4,O=c1[nH]c(=O)c2c(nc(N3CCNCC3)n2Cc2ccccc2)[nH]1,5.4089353929735005,326.35999999999996,-0.12919999999999904,3,5
20653408,CHEMBL4635648,IC50,>,1000.0,nM,,CHEMBL284,Dipeptidyl peptidase 4,CS(=O)(=O)n1cc2c(n1)CN([C@H]1C[C@H](N)[C@@H](c3cc(F)ccc3F)O[C@@H]1C(F)(F)F)C2,6.0,466.4320000000001,2.0729999999999995,1,6
20653409,CHEMBL4633377,IC50,>,1000.0,nM,,CHEMBL284,Dipeptidyl peptidase 4,CS(=O)(=O)n1cc2c(n1)CN([C@@H]1C[C@H](N)[C@@H](c3cc(F)ccc3F)O[C@H]1C(F)(F)F)C2,6.0,466.4320000000001,2.0729999999999995,1,6
20653410,CHEMBL4643841,IC50,>,1000.0,nM,,CHEMBL284,Dipeptidyl peptidase 4,CS(=O)(=O)n1cc2c(n1)CN([C@H]1C[C@H](N)[C@@H](c3cc(F)ccc3F)O[C@H]1C(F)(F)F)C2,6.0,466.4320000000001,2.0729999999999995,1,6
20653411,CHEMBL4635433,IC50,=,48.9,nM,7.31,CHEMBL284,Dipeptidyl peptidase 4,N[C@H]1C[C@@H](N2CCC(F)(F)C2)[C@@H](C(F)(F)F)O[C@@H]1c1cc(F)ccc1F,7.31069114087638,386.31100000000004,3.394000000000002,1,3
20653412,CHEMBL4640183,IC50,=,18.2,nM,7.74,CHEMBL284,Dipeptidyl peptidase 4,N[C@H]1C[C@@H](N2Cc3c[nH]nc3C2)[C@@H](C(F)(F)F)O[C@@H]1c1cc(F)ccc1F,7.739928612014925,388.34000000000003,2.791900000000001,2,4
20653413,CHEMBL4634272,IC50,=,20.6,nM,7.69,CHEMBL284,Dipeptidyl peptidase 4,CCOC(=O)c1nc2c(n1C)CN([C@@H]1C[C@H](N)[C@@H](c3cc(F)ccc3F)O[C@@H]1C(F)(F)F)C2,7.686132779630847,474.4300000000001,2.979000000000002,1,6
20653414,CHEMBL4644314,IC50,=,7.1,nM,8.15,CHEMBL284,Dipeptidyl peptidase 4,Cn1c(C(N)=O)nc2c1CN([C@@H]1C[C@H](N)[C@@H](c3cc(F)ccc3F)O[C@@H]1C(F)(F)F)C2,8.148741651280925,445.3920000000001,1.9011999999999998,2,5
20653415,CHEMBL4641763,IC50,=,3.9,nM,8.41,CHEMBL284,Dipeptidyl peptidase 4,CS(=O)(=O)n1cc2c(n1)CN([C@@H]1C[C@H](N)[C@@H](c3cc(F)c(F)cc3F)O[C@@H]1C(F)(F)F)C2,8.4089353929735,484.4220000000001,2.2120999999999995,1,6
20653416,CHEMBL4634474,IC50,=,26.5,nM,7.58,CHEMBL284,Dipeptidyl peptidase 4,N[C@H]1C[C@@H](N2Cc3cn(S(=O)(=O)C4CCCC4)nc3C2)[C@@H](C(F)(F)F)O[C@@H]1c1cc(F)ccc1F,7.576754126063192,520.5240000000001,3.3858000000000024,1,6
20653417,CHEMBL4636223,IC50,=,11.7,nM,7.93,CHEMBL284,Dipeptidyl peptidase 4,N[C@H]1C[C@@H](N2Cc3cn(S(=O)(=O)C4CC4)nc3C2)[C@@H](C(F)(F)F)O[C@@H]1c1cc(F)ccc1F,7.931814138253839,492.4700000000001,2.605600000000001,1,6
20653418,CHEMBL4649110,IC50,=,60.0,nM,7.22,CHEMBL284,Dipeptidyl peptidase 4,CCS(=O)(=O)n1cc2c(n1)CN([C@@H]1C[C@H](N)[C@@H](c3cc(F)ccc3F)O[C@@H]1C(F)(F)F)C2,7.221848749616356,480.4590000000001,2.4631000000000007,1,6
20653419,CHEMBL4646510,IC50,=,4.2,nM,8.38,CHEMBL284,Dipeptidyl peptidase 4,CS(=O)(=O)n1cc2c(n1)CN([C@@H]1C[C@H](N)[C@@H](c3cc(F)ccc3F)O[C@@H]1C(F)(F)F)C2,8.3767507096021,466.4320000000001,2.0729999999999995,1,6
20653420,CHEMBL4640418,IC50,=,22.1,nM,7.66,CHEMBL284,Dipeptidyl peptidase 4,CS(=O)(=O)n1cc2c(n1)CN([C@H]1CO[C@H](c3cc(F)ccc3F)[C@@H](N)[C@H]1F)C2,7.655607726314889,416.42500000000007,1.0900999999999998,1,6
20680783,CHEMBL4641140,IC50,=,2.8,nM,8.55,CHEMBL284,Dipeptidyl peptidase 4,Cc1ccc(NS(=O)(=O)c2ccc3c(c2)CCCC3)cc1,8.55284196865778,301.41100000000006,3.6746200000000027,1,2
20680787,CHEMBL4636081,IC50,=,28.62,nM,7.54,CHEMBL284,Dipeptidyl peptidase 4,CC#CCn1c(N2CCC[C@@H](N)C2)cc(=O)n(Cc2cn(CC(=O)N(C)C)nn2)c1=O,7.543330370576243,428.4970000000002,-1.3111999999999964,1,7
20680791,CHEMBL4647761,IC50,=,5.78,nM,8.24,CHEMBL284,Dipeptidyl peptidase 4,CC#CCn1c(N2CCC[C@H](N)C2)cc(=O)n(Cc2nc(C)c3cc(C)ccc3n2)c1=O,8.23807216157947,432.5280000000002,1.569139999999999,1,6
20680793,CHEMBL4642801,IC50,=,6.0,nM,8.22,CHEMBL284,Dipeptidyl peptidase 4,N[C@@H]1CN(c2ncc(Oc3c[nH]nc3C3=CCC(F)(F)CC3)cn2)C[C@@H]1c1cc(F)c(F)cc1F,8.221848749616356,492.4520000000002,4.543000000000003,2,6
20680794,CHEMBL4649180,IC50,=,2.07,nM,8.68,CHEMBL284,Dipeptidyl peptidase 4,CC#CCN1C(N2CCC[C@H](N)C2)=NC2C1C(=O)N(C(C)c1nc(C)c3ccccc3n1)C(=O)N2C,8.684029654543082,488.59600000000023,1.7059200000000019,1,8
20680795,CHEMBL4632896,IC50,=,2.72,nM,8.56,CHEMBL284,Dipeptidyl peptidase 4,CCOC(=O)c1c(C(C)C)cc(C(C)C)c(C(=O)OCC)c1-c1cc2ccc(-c3ccc4c(C)cccc4c3)cc2[nH]1,8.5654310959658,561.7220000000003,9.56372,1,4
20680796,CHEMBL4638480,IC50,=,0.76,nM,9.12,CHEMBL284,Dipeptidyl peptidase 4,O=[N+]([O-])c1cccc(/C=N/N2C(c3ccccc3)=Nc3ccc(I)cc3C2NC2NC=CS2)c1,9.119186407719209,582.4270000000001,5.3068000000000035,2,8
20680798,CHEMBL4647956,IC50,=,247.0,nM,6.61,CHEMBL284,Dipeptidyl peptidase 4,Cl.N#C[C@@H]1CCCN1C(=O)[C@@H](N)Cc1ccc(-c2cn(C3CC3)nn2)cc1,6.607303046740334,386.8870000000001,2.0861799999999997,1,5
20680799,CHEMBL4638352,IC50,=,12.0,nM,7.92,CHEMBL284,Dipeptidyl peptidase 4,N#C[C@@H]1CCCN1C(=O)CN(C(=O)CCCCCl)C12CC3CC(CC(O)(C3)C1)C2,7.920818753952375,421.9690000000003,2.8223800000000008,1,4
22463724,CHEMBL4761281,IC50,=,230.0,nM,6.64,CHEMBL284,Dipeptidyl peptidase 4,CC#CCn1c(N2CCC[C@@H](N)C2)nc2c1c(=O)n(CCCN1CCC(c3nc(-c4ccccc4)no3)CC1)c(=O)n2C,6.638272163982407,585.7130000000001,2.1672000000000002,1,9
22463725,CHEMBL4762199,IC50,=,47.0,nM,7.33,CHEMBL284,Dipeptidyl peptidase 4,CC#CCn1c(N2CCC[C@@H](N)C2)nc2c1c(=O)n(CCCN1CCC(n3cc(-c4ccccc4)nn3)CC1)c(=O)n2C,7.327902142064283,584.7290000000002,1.8332000000000015,1,8
22463726,CHEMBL4743350,IC50,=,190.0,nM,6.72,CHEMBL284,Dipeptidyl peptidase 4,CC#CCn1c(N2CCC[C@@H](N)C2)nc2c1c(=O)n(CCCN1CCC(c3nc(-c4ccccc4)cs3)CC1)c(=O)n2C,6.721246399047171,600.793,3.240700000000002,1,8
22463727,CHEMBL4744389,IC50,=,44.0,nM,7.36,CHEMBL284,Dipeptidyl peptidase 4,CC#CCn1c(N2CCC[C@@H](N)C2)nc2c1c(=O)n(CCCN1CCC(c3nc(-c4ccccc4)c[nH]3)CC1)c(=O)n2C,7.356547323513812,583.7410000000001,2.5073000000000016,2,7
22463728,CHEMBL4750433,IC50,=,120.0,nM,6.92,CHEMBL284,Dipeptidyl peptidase 4,CC#CCn1c(N2CCC[C@@H](N)C2)nc2c1c(=O)n(CCCN1CCC(c3ncc(-c4ccccc4)o3)CC1)c(=O)n2C,6.920818753952375,584.7250000000001,2.7722000000000007,1,8
22463729,CHEMBL4783756,IC50,=,190.0,nM,6.72,CHEMBL284,Dipeptidyl peptidase 4,CC#CCn1c(N2CCC[C@@H](N)C2)nc2c1c(=O)n(CCCN1CCC(c3cc(-c4ccccc4)on3)CC1)c(=O)n2C,6.721246399047171,584.7250000000001,2.7722000000000016,1,8
22463730,CHEMBL4796411,IC50,=,270.0,nM,6.57,CHEMBL284,Dipeptidyl peptidase 4,CC#CCn1c(N2CCC[C@@H](N)C2)nc2c1c(=O)n(CCCN1CCC(c3nnnn3-c3ccccc3)CC1)c(=O)n2C,6.568636235841013,585.7170000000001,1.0929000000000026,1,9
22463731,CHEMBL4784857,IC50,=,40.0,nM,7.4,CHEMBL284,Dipeptidyl peptidase 4,CC#CCn1c(N2CCC[C@@H](N)C2)nc2c1c(=O)n(CCCN1CCN(c3nc(-c4ccccc4)no3)CC1)c(=O)n2C,7.3979400086720375,586.7010000000001,1.1098000000000026,1,10
22463732,CHEMBL4795875,IC50,=,360.0,nM,6.44,CHEMBL284,Dipeptidyl peptidase 4,CC#CCn1c(N2CCC[C@@H](N)C2)nc2c1c(=O)n(CCCN1CCN(c3nc(-c4ccccc4)ns3)CC1)c(=O)n2C,6.443697499232712,602.769,1.5783000000000018,1,10
22463733,CHEMBL4742337,IC50,=,76.0,nM,7.12,CHEMBL284,Dipeptidyl peptidase 4,CC#CCn1c(N2CCC[C@@H](N)C2)nc2c1c(=O)n(CCCN1CCN(c3nnc(-c4ccccc4)[nH]3)CC1)c(=O)n2C,7.119186407719209,585.7170000000001,0.8449000000000031,2,9
22463734,CHEMBL4799779,IC50,=,83.0,nM,7.08,CHEMBL284,Dipeptidyl peptidase 4,CC#CCn1c(N2CCC[C@@H](N)C2)nc2c1c(=O)n(CCCN1CCN(c3cc(C)nn3-c3ccccc3)CC1)c(=O)n2C,7.080921907623926,598.7560000000001,1.5539200000000024,1,8
22463735,CHEMBL4740282,IC50,=,59.0,nM,7.23,CHEMBL284,Dipeptidyl peptidase 4,CC#CCn1c(N2CCC[C@@H](N)C2)nc2c1c(=O)n(CCCN1CCN(c3nc(-c4ccccc4)cs3)CC1)c(=O)n2C,7.229147988357855,601.7810000000001,2.183300000000001,1,9
22463736,CHEMBL4782382,IC50,=,680.0,nM,6.17,CHEMBL284,Dipeptidyl peptidase 4,CC#CCn1c(N2CCC[C@@H](N)C2)nc2c1c(=O)n(CCCN1CCN(c3noc(-c4ccccc4)n3)CC1)c(=O)n2C,6.167491087293763,586.7010000000001,1.1098000000000026,1,10
22463738,CHEMBL4785060,IC50,=,660.0,nM,6.18,CHEMBL284,Dipeptidyl peptidase 4,CC#CCn1c(N2CCC[C@@H](N)C2)nc2c1c(=O)n(CCCN1CCN(c3ncc(C)cn3)CC1)c(=O)n2C,6.180456064458132,534.6690000000003,0.15822000000000314,1,9
22463739,CHEMBL4745258,IC50,=,610.0,nM,6.21,CHEMBL284,Dipeptidyl peptidase 4,CC#CCn1c(N2CCC[C@@H](N)C2)nc2c1c(=O)n(CCCN1CCN(c3ncc(CC)cn3)CC1)c(=O)n2C,6.214670164989233,548.6960000000004,0.412200000000003,1,9
22463740,CHEMBL4776485,IC50,=,590.0,nM,6.23,CHEMBL284,Dipeptidyl peptidase 4,CC#CCn1c(N2CCC[C@@H](N)C2)nc2c1c(=O)n(CCCN1CCN(c3ncc(CCC)cn3)CC1)c(=O)n2C,6.229147988357855,562.7230000000004,0.8023000000000027,1,9
22463741,CHEMBL4764779,IC50,=,430.0,nM,6.37,CHEMBL284,Dipeptidyl peptidase 4,CC#CCn1c(N2CCC[C@@H](N)C2)nc2c1c(=O)n(CCCN1CCN(c3ncc(OC)cn3)CC1)c(=O)n2C,6.366531544420414,550.6680000000003,-0.14159999999999595,1,10
22463742,CHEMBL4749117,IC50,=,350.0,nM,6.46,CHEMBL284,Dipeptidyl peptidase 4,CC#CCn1c(N2CCC[C@@H](N)C2)nc2c1c(=O)n(CCCN1CCN(c3ncc(F)cn3)CC1)c(=O)n2C,6.455931955649724,538.6320000000003,-0.011099999999996557,1,9
22463743,CHEMBL4751384,IC50,=,740.0,nM,6.13,CHEMBL284,Dipeptidyl peptidase 4,CC#CCn1c(N2CCC[C@@H](N)C2)nc2c1c(=O)n(CCCN1CCN(c3ncc(C(F)(F)F)cn3)CC1)c(=O)n2C,6.130768280269024,588.639,0.8686000000000023,1,9
22483370,CHEMBL4750352,IC50,=,143.0,nM,6.84,CHEMBL284,Dipeptidyl peptidase 4,N[C@@H](CCn1cc(-c2ccccn2)nn1)Cc1cc(F)c(F)cc1F,6.844663962534939,347.34400000000005,2.7175000000000002,1,4
22483371,CHEMBL4790735,IC50,=,28.0,nM,7.55,CHEMBL284,Dipeptidyl peptidase 4,N[C@@H](CCn1cc(-c2cccnc2)nn1)Cc1cc(F)c(F)cc1F,7.552841968657781,347.34400000000005,2.7175000000000002,1,4
22483373,CHEMBL4792546,IC50,=,254.0,nM,6.59,CHEMBL284,Dipeptidyl peptidase 4,N[C@@H](CCn1ccnn1)Cc1cc(F)c(F)cc1F,6.5951662833800615,270.258,1.6554999999999995,1,3
22483374,CHEMBL4747721,IC50,=,133.0,nM,6.88,CHEMBL284,Dipeptidyl peptidase 4,Cc1cn(CC[C@H](N)Cc2cc(F)c(F)cc2F)nn1,6.876148359032914,284.285,1.9639199999999999,1,3
22483375,CHEMBL4789426,IC50,=,121.0,nM,6.92,CHEMBL284,Dipeptidyl peptidase 4,CC(C)(C)c1cn(CC[C@H](N)Cc2cc(F)c(F)cc2F)nn1,6.91721462968355,326.366,2.953000000000001,1,3
22483376,CHEMBL4790799,IC50,=,305.0,nM,6.52,CHEMBL284,Dipeptidyl peptidase 4,N[C@@H](Cc1cn(-c2cccnc2)nn1)Cc1cc(F)c(F)cc1F,6.515700160653214,333.317,2.1921,1,4
22483377,CHEMBL4763110,IC50,=,427.0,nM,6.37,CHEMBL284,Dipeptidyl peptidase 4,N[C@@H](Cc1cn(-c2ccncc2)nn1)Cc1cc(F)c(F)cc1F,6.369572124974976,333.317,2.1921,1,4
22483378,CHEMBL4745231,IC50,=,265.0,nM,6.58,CHEMBL284,Dipeptidyl peptidase 4,N[C@@H](Cc1cn(-c2cccc3ncccc23)nn1)Cc1cc(F)c(F)cc1F,6.576754126063192,383.37700000000007,3.3453000000000026,1,4
22483379,CHEMBL4798357,IC50,=,780.0,nM,6.11,CHEMBL284,Dipeptidyl peptidase 4,N[C@@H](Cc1cn(-c2ccc3ncccc3c2)nn1)Cc1cc(F)c(F)cc1F,6.107905397309519,383.37700000000007,3.3453000000000026,1,4
22791977,CHEMBL4746458,IC50,=,8.8,nM,8.06,CHEMBL284,Dipeptidyl peptidase 4,N[C@H]1C[C@@H](N2Cc3cn(S(=O)(=O)NC(=O)c4ccccc4)nc3C2)CO[C@@H]1c1cc(F)ccc1F,8.05551732784983,503.53100000000023,1.8573,2,7
22791978,CHEMBL4776573,IC50,=,18.0,nM,7.75,CHEMBL284,Dipeptidyl peptidase 4,CS(=O)(=NS(=O)(=O)c1ccccc1)n1cc2c(n1)CN([C@H]1CO[C@H](c3cc(F)ccc3F)[C@@H](N)C1)C2,7.7447274948966935,537.6140000000001,2.584200000000001,1,7
22800175,CHEMBL4798053,IC50,=,1200.0,nM,5.92,CHEMBL284,Dipeptidyl peptidase 4,Cc1ccc(Nc2cc(N3CCC[C@@H](N)C3)nc3ccnn23)c(N)c1,5.920818753952375,337.431,2.2910199999999996,3,6
22800176,CHEMBL4787437,IC50,=,9100.0,nM,5.04,CHEMBL284,Dipeptidyl peptidase 4,Cc1ccc(Nc2cc(N3CCC[C@@H](N)C3)nc3ccnn23)c(C)c1,5.040958607678906,336.443,3.017240000000001,2,5
22800177,CHEMBL4751895,IC50,=,25300.0,nM,4.6,CHEMBL284,Dipeptidyl peptidase 4,N[C@@H]1CCCN(c2cc(Nc3ccccc3Cl)n3nccc3n2)C1,4.5968794788241825,342.8340000000001,3.0538000000000016,2,5
22800178,CHEMBL4760965,IC50,=,17700.0,nM,4.75,CHEMBL284,Dipeptidyl peptidase 4,N[C@@H]1CCCN(c2cc(Nc3ccc(F)cc3F)n3nccc3n2)C1,4.752026733638194,344.3690000000001,2.678600000000001,2,5
22800179,CHEMBL4753503,IC50,=,22200.0,nM,4.65,CHEMBL284,Dipeptidyl peptidase 4,N[C@@H]1CCCN(c2cc(Nc3ccc(Cl)cc3Cl)n3nccc3n2)C1,4.653647025549361,377.2790000000001,3.707200000000002,2,5
22800180,CHEMBL4745889,IC50,=,11700.0,nM,4.93,CHEMBL284,Dipeptidyl peptidase 4,N[C@@H]1CCCN(c2cc(Nc3ccccc3[N+](=O)[O-])n3nccc3n2)C1,4.931814138253839,353.38600000000014,2.3086,2,7
22800181,CHEMBL4794198,IC50,>,100000.0,nM,,CHEMBL284,Dipeptidyl peptidase 4,CN(c1ccccc1)c1cc(N2CCC[C@@H](N)C2)nc2ccnn12,4.0,322.41599999999994,2.4246999999999996,1,5
22800182,CHEMBL4743490,IC50,=,300.0,nM,6.52,CHEMBL284,Dipeptidyl peptidase 4,N[C@@H]1CCCN(c2cc(NCc3ccccc3)n3nccc3n2)C1,6.522878745280337,322.4160000000001,2.2689000000000004,2,5
22800183,CHEMBL4763718,IC50,=,7900.0,nM,5.1,CHEMBL284,Dipeptidyl peptidase 4,N[C@@H]1CCCN(c2cc(NCc3ccc(O)cc3)n3nccc3n2)C1,5.102372908709558,338.4150000000001,1.9745,3,6
22800184,CHEMBL4791597,IC50,=,5700.0,nM,5.24,CHEMBL284,Dipeptidyl peptidase 4,N[C@@H]1CCCN(c2cc(NCc3ccc(Cl)cc3Cl)n3nccc3n2)C1,5.2441251443275085,391.30600000000015,3.575700000000002,2,5
22800185,CHEMBL4754343,IC50,=,1100.0,nM,5.96,CHEMBL284,Dipeptidyl peptidase 4,N[C@@H]1CCCN(c2cc(NCCc3ccc(Cl)cc3Cl)n3nccc3n2)C1,5.958607314841775,405.3330000000001,3.6182000000000016,2,5
22800186,CHEMBL4743516,IC50,=,8100.0,nM,5.09,CHEMBL284,Dipeptidyl peptidase 4,Cc1ccnc(Nc2cc(N3CCC[C@@H](N)C3)nc3ccnn23)c1,5.0915149811213505,323.404,2.10382,2,6
22800187,CHEMBL4786137,IC50,=,14400.0,nM,4.84,CHEMBL284,Dipeptidyl peptidase 4,N[C@@H]1CCCN(c2cc(Nc3cc(F)ccn3)n3nccc3n2)C1,4.841637507904751,327.3670000000001,1.9344999999999999,2,6
22800188,CHEMBL4794801,IC50,=,2400.0,nM,5.62,CHEMBL284,Dipeptidyl peptidase 4,N[C@@H]1CCCN(c2cc(Nc3cc(Cl)ccn3)n3nccc3n2)C1,5.619788758288394,343.8220000000001,2.4488000000000003,2,6
22800189,CHEMBL4779718,IC50,=,31800.0,nM,4.5,CHEMBL284,Dipeptidyl peptidase 4,N[C@@H]1CCCN(c2cc(Nc3cc[nH]n3)n3nccc3n2)C1,4.497572880015567,298.3540000000001,1.1234999999999993,3,6
22800190,CHEMBL4764894,IC50,=,800.0,nM,6.1,CHEMBL284,Dipeptidyl peptidase 4,Cc1ccc(Nc2cc(N3CCNCC3)nc3ccnn23)c(N)c1,6.096910013008056,323.404,1.7731199999999996,3,6
22800191,CHEMBL4752835,IC50,=,1600.0,nM,5.8,CHEMBL284,Dipeptidyl peptidase 4,Cc1ccc(Nc2cc(N3CCNCC3)nc3ccnn23)c(C)c1,5.795880017344075,322.416,2.49934,2,5
22800192,CHEMBL4782865,IC50,=,23600.0,nM,4.63,CHEMBL284,Dipeptidyl peptidase 4,Clc1ccccc1Nc1cc(N2CCNCC2)nc2ccnn12,4.627087997029894,328.80699999999996,2.5359,2,5
22800193,CHEMBL4798418,IC50,=,400.0,nM,6.4,CHEMBL284,Dipeptidyl peptidase 4,Fc1ccc(Nc2cc(N3CCNCC3)nc3ccnn23)c(F)c1,6.3979400086720375,330.342,2.1606999999999994,2,5
22800194,CHEMBL4749086,IC50,=,3500.0,nM,5.46,CHEMBL284,Dipeptidyl peptidase 4,O=[N+]([O-])c1ccccc1Nc1cc(N2CCNCC2)nc2ccnn12,5.455931955649724,339.35900000000004,1.7906999999999995,2,7
22800195,CHEMBL4776878,IC50,=,80500.0,nM,4.09,CHEMBL284,Dipeptidyl peptidase 4,CN(c1ccccc1)c1cc(N2CCNCC2)nc2ccnn12,4.094204119632131,308.38899999999995,1.9067999999999996,1,5
22800196,CHEMBL4765147,IC50,=,470.0,nM,6.33,CHEMBL284,Dipeptidyl peptidase 4,Clc1ccc(Nc2cc(N3CCNCC3)nc3ccnn23)c(Cl)c1,6.327902142064283,363.25199999999995,3.189300000000001,2,5
22800197,CHEMBL4764120,IC50,=,89.0,nM,7.05,CHEMBL284,Dipeptidyl peptidase 4,Clc1ccc(CCNc2cc(N3CCNCC3)nc3ccnn23)c(Cl)c1,7.050609993355087,391.30600000000004,3.1003000000000007,2,5
22800198,CHEMBL4784434,IC50,=,2.0,nM,8.7,CHEMBL284,Dipeptidyl peptidase 4,Fc1ccc(CNc2cc(N3CCNCC3)nc3ccnn23)c(F)c1,8.698970004336019,344.36899999999997,2.0292,2,5
22800199,CHEMBL4754461,IC50,=,2800.0,nM,5.55,CHEMBL284,Dipeptidyl peptidase 4,Cc1ccnc(Nc2cc(N3CCNCC3)nc3ccnn23)c1,5.552841968657781,309.37699999999995,1.5859199999999998,2,6
22800200,CHEMBL4751103,IC50,>,100000.0,nM,,CHEMBL284,Dipeptidyl peptidase 4,c1cc2nc(N3CCOCC3)cc(Nc3cc[nH]n3)n2n1,4.0,285.31100000000004,1.0325999999999995,2,6
22800201,CHEMBL4799877,IC50,>,100000.0,nM,,CHEMBL284,Dipeptidyl peptidase 4,CC(C)(C)Nc1cc(NC(C)(C)C)n2nccc2n1,4.0,261.373,3.150100000000002,2,4
22812737,CHEMBL4747683,IC50,=,2.0,nM,8.7,CHEMBL284,Dipeptidyl peptidase 4,CC#CCn1c(N2CCC[C@@H](N)C2)nc2c1c(=O)n(CC1=NC3C=CC=CC3C(C)=N1)c(=O)n2C,8.698970004336019,474.5690000000002,0.8313000000000024,1,7
22812740,CHEMBL4740030,IC50,>,100000.0,nM,,CHEMBL284,Dipeptidyl peptidase 4,N#C[C@@H]1CC(F)(F)CN1C(=O)CNC(=O)c1csc(-c2ccc(C(F)(F)F)cc2)n1,4.0,444.3850000000001,3.318480000000001,1,5
22812741,CHEMBL4762435,IC50,>,100000.0,nM,,CHEMBL284,Dipeptidyl peptidase 4,N#C[C@@H]1CC(F)(F)CN1C(=O)CNC(=O)c1csc(-c2ccc(Cl)cc2C(F)(F)F)n1,4.0,478.83000000000015,3.9718800000000023,1,5
22812742,CHEMBL4789754,IC50,>,100000.0,nM,,CHEMBL284,Dipeptidyl peptidase 4,N#C[C@@H]1CC(F)(F)CN1C(=O)CNC(=O)c1csc(Cc2ccc(Cl)cc2)n1,4.0,424.8600000000002,2.8768800000000017,1,5
22812743,CHEMBL4751873,IC50,=,200.0,nM,6.7,CHEMBL284,Dipeptidyl peptidase 4,N#C[C@@H]1CC(F)(F)CN1C(=O)CNC(=O)c1csc(Cc2ccccc2Br)n1,6.698970004336019,469.31100000000015,2.9859800000000014,1,5
22812744,CHEMBL4755802,IC50,=,52020.0,nM,4.28,CHEMBL284,Dipeptidyl peptidase 4,N#C[C@@H]1CC(F)(F)CN1C(=O)CNC(=O)c1csc(Cc2cccc(Br)c2)n1,4.283829652140146,469.31100000000015,2.9859800000000014,1,5
22812745,CHEMBL4746868,IC50,>,100000.0,nM,,CHEMBL284,Dipeptidyl peptidase 4,N#C[C@@H]1CC(F)(F)CN1C(=O)CNC(=O)c1csc(Cc2ccc(Br)cc2)n1,4.0,469.31100000000015,2.9859800000000014,1,5
22812746,CHEMBL4758377,IC50,>,100000.0,nM,,CHEMBL284,Dipeptidyl peptidase 4,N#C[C@@H]1CC(F)(F)CN1C(=O)CNC(=O)c1csc(Cc2ccccc2I)n1,4.0,516.3110000000001,2.8280800000000017,1,5
22812747,CHEMBL4748328,IC50,>,100000.0,nM,,CHEMBL284,Dipeptidyl peptidase 4,COc1ccc(Cc2nc(C(=O)NCC(=O)N3CC(F)(F)C[C@H]3C#N)cs2)cc1,4.0,420.4410000000001,2.23208,1,6
22812748,CHEMBL4750058,IC50,>,100000.0,nM,,CHEMBL284,Dipeptidyl peptidase 4,N#C[C@@H]1CC(F)(F)CN1C(=O)CNC(=O)c1csc(Cc2ccccc2-c2ccc3ccccc3c2)n1,4.0,516.5730000000002,5.043680000000005,1,5
22812749,CHEMBL4786982,IC50,>,100000.0,nM,,CHEMBL284,Dipeptidyl peptidase 4,N#C[C@@H]1CC(F)(F)CN1C(=O)CNC(=O)c1csc(Cc2ccc(Cl)c(Cl)c2)n1,4.0,459.30500000000023,3.530280000000002,1,5
22812750,CHEMBL4762591,IC50,>,100000.0,nM,,CHEMBL284,Dipeptidyl peptidase 4,N#C[C@@H]1CC(F)(F)CN1C(=O)CNC(=O)c1csc(Cc2ccc(Cl)cc2Cl)n1,4.0,459.30500000000023,3.530280000000002,1,5
22812751,CHEMBL4792518,IC50,>,100000.0,nM,,CHEMBL284,Dipeptidyl peptidase 4,N#C[C@@H]1CC(F)(F)CN1C(=O)CNC(=O)c1csc(Cc2cc(Cl)ccc2Cl)n1,4.0,459.30500000000023,3.530280000000002,1,5
22812752,CHEMBL4748332,IC50,>,100000.0,nM,,CHEMBL284,Dipeptidyl peptidase 4,N#C[C@@H]1CC(F)(F)CN1C(=O)CNC(=O)c1csc(Cc2ccc(F)c(F)c2)n1,4.0,426.39500000000015,2.5016800000000012,1,5
22812753,CHEMBL4785892,IC50,>,100000.0,nM,,CHEMBL284,Dipeptidyl peptidase 4,N#C[C@@H]1CC(F)(F)CN1C(=O)CNC(=O)c1csc(Cc2ccc(F)cc2Cl)n1,4.0,442.8500000000002,3.0159800000000017,1,5
22812754,CHEMBL4779526,IC50,=,68850.0,nM,4.16,CHEMBL284,Dipeptidyl peptidase 4,Cc1ccc(Cc2nc(C(=O)NCC(=O)N3CC(F)(F)C[C@H]3C#N)cs2)cc1,4.162096055407058,404.44200000000006,2.531900000000001,1,5
22812755,CHEMBL4744633,IC50,>,100000.0,nM,,CHEMBL284,Dipeptidyl peptidase 4,N#C[C@@H]1CC(F)(F)CN1C(=O)CNC(=O)c1csc(Cc2ccc(OC(F)(F)F)cc2)n1,4.0,474.4110000000002,3.1220800000000013,1,6
22812756,CHEMBL4799823,IC50,>,100000.0,nM,,CHEMBL284,Dipeptidyl peptidase 4,N#Cc1ccc(Cc2nc(C(=O)NCC(=O)N3CC(F)(F)C[C@H]3C#N)cs2)cc1,4.0,415.42500000000007,2.09516,1,6
22812757,CHEMBL4753316,IC50,>,100000.0,nM,,CHEMBL284,Dipeptidyl peptidase 4,N#Cc1ccc(-c2ccc(Cc3nc(C(=O)NCC(=O)N4CC(F)(F)C[C@H]4C#N)cs3)cc2)cc1,4.0,491.52300000000014,3.7621600000000024,1,6
22812758,CHEMBL4743815,IC50,>,100000.0,nM,,CHEMBL284,Dipeptidyl peptidase 4,N#C[C@@H]1CC(F)(F)CN1C(=O)CNC(=O)c1csc(Cc2ccc(-c3ccc(Cl)cc3)cc2)n1,4.0,500.95800000000025,4.543880000000004,1,5
22812759,CHEMBL4762306,IC50,>,100000.0,nM,,CHEMBL284,Dipeptidyl peptidase 4,CSc1ccc(Cc2nc(C(=O)NCC(=O)N3CC(F)(F)C[C@H]3C#N)cs2)cc1,4.0,436.50900000000007,2.945380000000001,1,6
22812760,CHEMBL4748662,IC50,=,4120.0,nM,5.38,CHEMBL284,Dipeptidyl peptidase 4,C[S+]([O-])c1ccc(Cc2nc(C(=O)NCC(=O)N3CC(F)(F)C[C@H]3C#N)cs2)cc1,5.3851027839668655,452.5080000000001,1.96088,1,6
22812761,CHEMBL4797479,IC50,=,10110.0,nM,5.0,CHEMBL284,Dipeptidyl peptidase 4,CS(=O)(=O)c1ccc(Cc2nc(C(=O)NCC(=O)N3CC(F)(F)C[C@H]3C#N)cs2)cc1,4.995248844408999,468.5070000000001,1.6269799999999996,1,7
22812762,CHEMBL4742308,IC50,>,100000.0,nM,,CHEMBL284,Dipeptidyl peptidase 4,N#C[C@@H]1CC(F)(F)CN1C(=O)CNC(=O)c1csc(Cc2ccc(-n3cccn3)cc2)n1,4.0,456.4780000000002,2.409180000000001,1,6
22812763,CHEMBL4761499,IC50,=,18710.0,nM,4.73,CHEMBL284,Dipeptidyl peptidase 4,N#C[C@@H]1CC(F)(F)CN1C(=O)CNC(=O)c1csc(Cc2ccc(-n3cncn3)cc2)n1,4.72792621249999,457.4660000000002,1.8041800000000001,1,7
22812764,CHEMBL4743736,IC50,>,100000.0,nM,,CHEMBL284,Dipeptidyl peptidase 4,N#C[C@@H]1CC(F)(F)CN1C(=O)CNC(=O)c1csc(CCCc2ccc(Cl)c(Cl)c2)n1,4.0,487.3590000000003,4.114780000000003,1,5
22812765,CHEMBL4781018,IC50,=,82530.0,nM,4.08,CHEMBL284,Dipeptidyl peptidase 4,N#Cc1ccc(CCCc2nc(C(=O)NCC(=O)N3CC(F)(F)C[C@H]3C#N)cs2)cc1,4.083388154890654,443.4790000000001,2.679660000000001,1,6
22812766,CHEMBL4746891,IC50,>,100000.0,nM,,CHEMBL284,Dipeptidyl peptidase 4,N#C[C@@H]1CC(F)(F)CN1C(=O)CNC(=O)c1csc(CSc2ccc(Cl)c(Cl)c2)n1,4.0,491.37200000000024,4.231780000000003,1,6
22812767,CHEMBL4780357,IC50,>,100000.0,nM,,CHEMBL284,Dipeptidyl peptidase 4,Cc1ccc(SCc2nc(C(=O)NCC(=O)N3CC(F)(F)C[C@H]3C#N)cs2)cc1,4.0,436.5090000000001,3.2334000000000023,1,6
22812768,CHEMBL4748680,IC50,=,44560.0,nM,4.35,CHEMBL284,Dipeptidyl peptidase 4,N#Cc1ccc(SCc2nc(C(=O)NCC(=O)N3CC(F)(F)C[C@H]3C#N)cs2)cc1,4.351054817834328,447.49200000000013,2.796660000000001,1,7
22812769,CHEMBL4776967,IC50,>,100000.0,nM,,CHEMBL284,Dipeptidyl peptidase 4,N#C[C@@H]1CC(F)(F)CN1C(=O)CNC(=O)c1csc(CSc2ccc(C(F)(F)F)cc2)n1,4.0,490.47900000000016,3.943780000000003,1,6
22812770,CHEMBL4791505,IC50,>,100000.0,nM,,CHEMBL284,Dipeptidyl peptidase 4,N#C[C@@H]1CC(F)(F)CN1C(=O)CNC(=O)c1csc(CS(=O)(=O)c2ccc(Cl)c(Cl)c2)n1,4.0,523.3700000000002,2.913380000000002,1,7
22812771,CHEMBL4789965,IC50,=,76790.0,nM,4.12,CHEMBL284,Dipeptidyl peptidase 4,N#Cc1ccc(S(=O)(=O)Cc2nc(C(=O)NCC(=O)N3CC(F)(F)C[C@H]3C#N)cs2)cc1,4.114695332411032,479.4900000000001,1.47826,1,8
22812772,CHEMBL4758299,IC50,>,100000.0,nM,,CHEMBL284,Dipeptidyl peptidase 4,N#C[C@@H]1CC(F)(F)CN1C(=O)CNC(=O)c1csc(CS(=O)(=O)c2ccc(C(F)(F)F)cc2)n1,4.0,522.4770000000002,2.6253800000000016,1,7
22812773,CHEMBL4759201,IC50,>,100000.0,nM,,CHEMBL284,Dipeptidyl peptidase 4,Cc1ccc(S(=O)(=O)Cc2nc(C(=O)NCC(=O)N3CC(F)(F)C[C@H]3C#N)cs2)cc1,4.0,468.5070000000001,1.915,1,7
22812774,CHEMBL4754490,IC50,>,100000.0,nM,,CHEMBL284,Dipeptidyl peptidase 4,N#C[C@@H]1CC(F)(F)CN1C(=O)CNC(=O)c1csc(COc2ccc(Cl)c(Cl)c2)n1,4.0,475.30400000000026,3.518480000000002,1,6
22812775,CHEMBL4747575,IC50,>,100000.0,nM,,CHEMBL284,Dipeptidyl peptidase 4,N#Cc1ccc(OCc2nc(C(=O)NCC(=O)N3CC(F)(F)C[C@H]3C#N)cs2)cc1,4.0,431.4240000000001,2.08336,1,7
23270331,CHEMBL4854306,IC50,>,30000.0,nM,,CHEMBL284,Dipeptidyl peptidase 4,Cc1ccc(Cl)cc1N1CCN(C(=O)CCC2(C3CC3)NC(=O)NC2=O)CC1,4.522878745280337,404.8980000000002,2.0654199999999996,2,4
23270332,CHEMBL4873384,IC50,>,30000.0,nM,,CHEMBL284,Dipeptidyl peptidase 4,O=C1NC(=O)[C@@H](CCC(=O)N2CCN(c3cc(Cl)cc(Cl)c3)CC2)N1,4.522878745280337,385.2510000000001,1.6302,2,4
23297202,CHEMBL4853464,IC50,=,18.2,nM,7.74,CHEMBL284,Dipeptidyl peptidase 4,N#Cc1ccccc1Cn1c(N2CCC[C@@H](N)C2)cc(=O)n(Cc2ccccc2)c1=O,7.739928612014925,415.4970000000001,1.9057799999999998,1,5
23297203,CHEMBL4862579,IC50,=,9.2,nM,8.04,CHEMBL284,Dipeptidyl peptidase 4,CC#CCn1c(N2CCC[C@@H](N)C2)cc(=O)n(Cc2ccc(C(=O)OC)cc2)c1=O,8.036212172654444,410.47400000000016,0.795700000000001,1,6
23297205,CHEMBL4856604,IC50,=,15.0,nM,7.82,CHEMBL284,Dipeptidyl peptidase 4,COC(=O)c1cccc(Cn2c(=O)cc(N3CCC[C@@H](N)C3)n(Cc3ccccc3C#N)c2=O)c1,7.823908740944319,473.53300000000024,1.6923799999999998,1,7
23297206,CHEMBL4864734,IC50,=,20.2,nM,7.7,CHEMBL284,Dipeptidyl peptidase 4,COC(=O)c1ccc(Cn2c(=O)cc(N3CCC[C@@H](N)C3)n(Cc3ccccc3C#N)c2=O)cc1,7.694648630553377,473.5330000000002,1.6923799999999993,1,7
23297212,CHEMBL4874467,IC50,=,9.1,nM,8.04,CHEMBL284,Dipeptidyl peptidase 4,CC#CCn1c(N2CCC[C@@H](N)C2)cc(=O)n(Cc2cccc(C(=O)NCC(=O)OC)c2)c1=O,8.040958607678906,467.52600000000024,-0.08809999999999762,2,7
23297214,CHEMBL4867117,IC50,=,47.6,nM,7.32,CHEMBL284,Dipeptidyl peptidase 4,CC#CCn1c(N2CCC[C@@H](N)C2)cc(=O)n(Cc2cccc(C(=O)N3CCC[C@@H]3C(=O)OC)c2)c1=O,7.3223930472795065,507.59100000000035,0.7867000000000024,1,7
23297215,CHEMBL4858093,IC50,=,23.7,nM,7.62,CHEMBL284,Dipeptidyl peptidase 4,CC#CCn1c(N2CCC[C@@H](N)C2)cc(=O)n(Cc2cccc(C(=O)N[C@@H](C)C(=O)OC)c2)c1=O,7.6252516539898965,481.5530000000002,0.30040000000000244,2,7
23297216,CHEMBL4869930,IC50,=,6.9,nM,8.16,CHEMBL284,Dipeptidyl peptidase 4,CC#CCn1c(N2CCC[C@@H](N)C2)cc(=O)n(Cc2cccc(C(=O)NCC(=O)O)c2)c1=O,8.161150909262744,453.4990000000002,-0.17649999999999794,3,6
23297217,CHEMBL4859630,IC50,=,34.6,nM,7.46,CHEMBL284,Dipeptidyl peptidase 4,CC#CCn1c(N2CCC[C@@H](N)C2)cc(=O)n(Cc2cccc(C(=O)N3CCC[C@H]3C(=O)O)c2)c1=O,7.460923901207224,493.5640000000003,0.6983000000000021,2,6
23297218,CHEMBL4871197,IC50,=,19.1,nM,7.72,CHEMBL284,Dipeptidyl peptidase 4,CC#CCn1c(N2CCC[C@@H](N)C2)cc(=O)n(Cc2cccc(C(=O)N3CCC[C@@H]3C(=O)O)c2)c1=O,7.718966632752273,493.5640000000003,0.6983000000000021,2,6
23297219,CHEMBL4858682,IC50,=,9.1,nM,8.04,CHEMBL284,Dipeptidyl peptidase 4,CC#CCn1c(N2CCC[C@@H](N)C2)cc(=O)n(Cc2cccc(C(=O)N[C@@H](C)C(=O)O)c2)c1=O,8.040958607678906,467.5260000000002,0.21200000000000213,3,6
23297220,CHEMBL4876933,IC50,>,1000.0,nM,,CHEMBL284,Dipeptidyl peptidase 4,CC#CCn1c(N2CCC[C@@H](N)C2)cc(=O)n(Cc2cccc(C(=O)O)c2F)c1=O,6.0,414.4370000000001,0.8463999999999996,2,5
23297221,CHEMBL4863102,IC50,=,1.0,nM,9.0,CHEMBL284,Dipeptidyl peptidase 4,CC#CCn1c(N2CCC[C@@H](N)C2)cc(=O)n(Cc2ccc(F)c(C(=O)O)c2)c1=O,9.0,414.4370000000001,0.8464000000000005,2,5
23297222,CHEMBL4857729,IC50,=,2.8,nM,8.55,CHEMBL284,Dipeptidyl peptidase 4,CC#CCn1c(N2CCC[C@@H](N)C2)cc(=O)n(Cc2cc(C(=O)O)ccc2F)c1=O,8.55284196865778,414.4370000000001,0.8463999999999996,2,5
23297223,CHEMBL4875769,IC50,>,1000.0,nM,,CHEMBL284,Dipeptidyl peptidase 4,CC#CCn1c(N2CCC[C@@H](N)C2)cc(=O)n(Cc2cccc(C(=O)O)c2Br)c1=O,6.0,475.34300000000013,1.4698,2,5
23297224,CHEMBL4856337,IC50,=,0.8,nM,9.1,CHEMBL284,Dipeptidyl peptidase 4,CC#CCn1c(N2CCC[C@@H](N)C2)cc(=O)n(Cc2ccc(Br)c(C(=O)O)c2)c1=O,9.096910013008056,475.34300000000013,1.4698,2,5
23297225,CHEMBL4860737,IC50,=,4.9,nM,8.31,CHEMBL284,Dipeptidyl peptidase 4,CC#CCn1c(N2CCC[C@@H](N)C2)cc(=O)n(Cc2cc(Br)cc(C(=O)O)c2)c1=O,8.309803919971486,475.34300000000013,1.4698,2,5
23297226,CHEMBL4873862,IC50,=,13.0,nM,7.89,CHEMBL284,Dipeptidyl peptidase 4,CC#CCn1c(N2CCC[C@@H](N)C2)cc(=O)n(Cc2cc(C(=O)O)ccc2Br)c1=O,7.886056647693163,475.34300000000013,1.4698,2,5
23297227,CHEMBL4865204,IC50,=,1.0,nM,9.0,CHEMBL284,Dipeptidyl peptidase 4,CC#CCn1c(N2CCC[C@@H](N)C2)cc(=O)n(Cc2ccc(Cl)c(C(=O)O)c2)c1=O,9.0,430.89200000000017,1.3606999999999998,2,5
23297228,CHEMBL4871141,IC50,=,7.0,nM,8.15,CHEMBL284,Dipeptidyl peptidase 4,CC#CCn1c(N2CCC[C@@H](N)C2)cc(=O)n(Cc2cccc(C(=O)OC)c2F)c1=O,8.154901959985743,428.46400000000017,0.9347999999999999,1,6
23297229,CHEMBL4846335,IC50,=,1.6,nM,8.8,CHEMBL284,Dipeptidyl peptidase 4,CC#CCn1c(N2CCC[C@@H](N)C2)cc(=O)n(Cc2ccc(F)c(C(=O)OC)c2)c1=O,8.795880017344075,428.46400000000017,0.9347999999999999,1,6
23297230,CHEMBL4876894,IC50,=,4.3,nM,8.37,CHEMBL284,Dipeptidyl peptidase 4,CC#CCn1c(N2CCC[C@@H](N)C2)cc(=O)n(Cc2cc(C(=O)OC)ccc2F)c1=O,8.366531544420413,428.46400000000017,0.9347999999999999,1,6
23297231,CHEMBL4852700,IC50,=,4.5,nM,8.35,CHEMBL284,Dipeptidyl peptidase 4,CC#CCn1c(N2CCC[C@@H](N)C2)cc(=O)n(Cc2cccc(C(=O)OC)c2Br)c1=O,8.346787486224656,489.3700000000002,1.5581999999999998,1,6
23297232,CHEMBL4851477,IC50,=,1.3,nM,8.89,CHEMBL284,Dipeptidyl peptidase 4,CC#CCn1c(N2CCC[C@@H](N)C2)cc(=O)n(Cc2ccc(Br)c(C(=O)OC)c2)c1=O,8.886056647693163,489.3700000000002,1.5581999999999998,1,6
23297233,CHEMBL4863369,IC50,=,1.3,nM,8.89,CHEMBL284,Dipeptidyl peptidase 4,CC#CCn1c(N2CCC[C@@H](N)C2)cc(=O)n(Cc2cc(Br)cc(C(=O)OC)c2)c1=O,8.886056647693163,489.3700000000002,1.5581999999999998,1,6
23297234,CHEMBL4856255,IC50,=,2.6,nM,8.59,CHEMBL284,Dipeptidyl peptidase 4,CC#CCn1c(N2CCC[C@@H](N)C2)cc(=O)n(Cc2cc(C(=O)OC)ccc2Br)c1=O,8.585026652029182,489.3700000000002,1.5581999999999998,1,6
23297235,CHEMBL4845890,IC50,=,1.1,nM,8.96,CHEMBL284,Dipeptidyl peptidase 4,CC#CCn1c(N2CCC[C@@H](N)C2)cc(=O)n(Cc2ccc(Cl)c(C(=O)OC)c2)c1=O,8.958607314841775,444.9190000000002,1.4490999999999998,1,6
23308664,CHEMBL4877950,IC50,>,4000.0,nM,,CHEMBL284,Dipeptidyl peptidase 4,COc1ccc(CNC(=O)C(=O)[C@@H]2CCCN2C(=O)CNC(=O)c2ccnc3ccccc23)cc1OC,5.3979400086720375,504.54300000000023,1.8583,2,7
23308665,CHEMBL4864133,IC50,>,3000.0,nM,,CHEMBL284,Dipeptidyl peptidase 4,O=C(NCc1ccc(F)cc1)C(=O)[C@@H]1CCCN1C(=O)CNC(=O)c1ccnc2ccccc12,5.522878745280337,462.48100000000017,1.9801999999999997,2,5
23308666,CHEMBL4859756,IC50,>,4000.0,nM,,CHEMBL284,Dipeptidyl peptidase 4,Cc1ccc(CNC(=O)C(=O)[C@@H]2CCCN2C(=O)CNC(=O)c2ccnc3ccccc23)c(C)c1,5.3979400086720375,472.5450000000002,2.4579400000000007,2,5
23308667,CHEMBL4853661,IC50,>,4000.0,nM,,CHEMBL284,Dipeptidyl peptidase 4,COc1ccc(CCNC(=O)C(=O)[C@@H]2CCCN2C(=O)CNC(=O)c2ccnc3ccccc23)cc1OC,5.3979400086720375,518.5700000000003,1.9008,2,7
23308668,CHEMBL4855449,IC50,>,4000.0,nM,,CHEMBL284,Dipeptidyl peptidase 4,CCCCCNC(=O)C(=O)[C@@H]1CCCN1C(=O)CNC(=O)c1ccnc2ccccc12,5.3979400086720375,424.5010000000001,1.8311000000000006,2,5
23308669,CHEMBL4878759,IC50,>,3000.0,nM,,CHEMBL284,Dipeptidyl peptidase 4,CC(C)(C)OC(=O)CNC(=O)C(=O)[C@@H]1CCCN1C(=O)CNC(=O)c1ccnc2ccccc12,5.522878745280337,468.51000000000016,0.9826000000000013,2,7
23308670,CHEMBL4868869,IC50,>,4000.0,nM,,CHEMBL284,Dipeptidyl peptidase 4,O=C(NCC(=O)N1CCOCC1)C(=O)[C@@H]1CCCN1C(=O)CNC(=O)c1ccnc2ccccc12,5.3979400086720375,481.5090000000002,-0.5002999999999973,2,7
23308671,CHEMBL4871602,IC50,>,4000.0,nM,,CHEMBL284,Dipeptidyl peptidase 4,CC(C)(C)NC(=O)CNC(=O)C(=O)[C@@H]1CCCN1C(=O)CNC(=O)c1ccnc2ccccc12,5.3979400086720375,467.5260000000002,0.5556000000000008,3,6
23308672,CHEMBL4854865,IC50,>,4000.0,nM,,CHEMBL284,Dipeptidyl peptidase 4,COC(=O)[C@H](Cc1ccccc1)NC(=O)CNC(=O)C(=O)[C@@H]1CCCN1C(=O)CNC(=O)c1ccnc2ccccc12,5.3979400086720375,573.6060000000004,0.5414000000000019,3,8
23308673,CHEMBL4864489,IC50,>,4000.0,nM,,CHEMBL284,Dipeptidyl peptidase 4,COC(=O)[C@H](CCC(=O)O)NC(=O)CNC(=O)C(=O)[C@@H]1CCCN1C(=O)CNC(=O)c1ccnc2ccccc12,5.3979400086720375,555.5440000000004,-0.8364999999999956,4,9
23308674,CHEMBL4876026,IC50,>,4000.0,nM,,CHEMBL284,Dipeptidyl peptidase 4,COC(=O)[C@H](CCCCNC(=O)OCc1ccccc1)NC(=O)CNC(=O)C(=O)[C@@H]1CCCN1C(=O)CNC(=O)c1ccnc2ccccc12,5.3979400086720375,688.7380000000002,1.3954000000000024,4,10
24719097,CHEMBL5171860,IC50,>,700000.0,nM,,CHEMBL284,Dipeptidyl peptidase 4,Cl.NS(=O)(=O)c1ccc(OCCNCC2COc3ccccc3O2)cc1,3.154901959985743,400.8840000000001,1.5641999999999991,2,6
24719098,CHEMBL5201114,IC50,>,700000.0,nM,,CHEMBL284,Dipeptidyl peptidase 4,CNS(=O)(=O)c1ccc(OCCNCC2COc3ccccc3O2)cc1.Cl,3.154901959985743,414.911,1.8249,2,6
24719099,CHEMBL5191609,IC50,>,700000.0,nM,,CHEMBL284,Dipeptidyl peptidase 4,CCNS(=O)(=O)c1ccc(OCCNCC2COc3ccccc3O2)cc1.Cl,3.154901959985743,428.93800000000016,2.2150000000000003,2,6
24719100,CHEMBL5193118,IC50,>,700000.0,nM,,CHEMBL284,Dipeptidyl peptidase 4,CN(C)S(=O)(=O)c1ccc(OCCNCC2COc3ccccc3O2)cc1.Cl,3.154901959985743,428.93800000000016,2.1671,1,6
24719101,CHEMBL5184240,IC50,>,700000.0,nM,,CHEMBL284,Dipeptidyl peptidase 4,CC(C)S(=O)(=O)Nc1ccc(OCCNCC2COc3ccccc3O2)cc1.Cl,3.154901959985743,442.9650000000001,3.066900000000001,2,6
24719102,CHEMBL5194237,IC50,=,300200.0,nM,,CHEMBL284,Dipeptidyl peptidase 4,CS(=O)(=O)Nc1ccc(OCCNCC2COc3ccccc3O2)cc1.Cl,3.5225893120927485,414.9110000000001,2.2883,2,6
24719103,CHEMBL5203377,IC50,>,700000.0,nM,,CHEMBL284,Dipeptidyl peptidase 4,CCS(=O)(=O)Nc1ccc(OCCNCC2COc3ccccc3O2)cc1.Cl,3.154901959985743,428.93800000000016,2.6784000000000012,2,6
24719104,CHEMBL5176469,IC50,=,326600.0,nM,,CHEMBL284,Dipeptidyl peptidase 4,CC(C)CS(=O)(=O)Nc1ccc(OCCNCC2COc3ccccc3O2)cc1.Cl,3.4859838195993507,456.99200000000013,3.314500000000002,2,6
24719105,CHEMBL5191973,IC50,=,669300.0,nM,,CHEMBL284,Dipeptidyl peptidase 4,[N-]=[N+]=NC(CCOc1ccc(S(N)(=O)=O)cc1)C1COc2ccccc2O1,3.1743791749964996,390.42100000000016,2.6218000000000012,1,6
24719106,CHEMBL5206696,IC50,=,326600.0,nM,,CHEMBL284,Dipeptidyl peptidase 4,COc1cc(S(N)(=O)=O)ccc1OCCC(N=[N+]=[N-])C1COc2ccccc2O1,3.4859838195993507,420.4470000000002,2.6304000000000007,1,7
24719107,CHEMBL5198237,IC50,=,33.2,nM,7.48,CHEMBL284,Dipeptidyl peptidase 4,COc1cc(S(N)(=O)=O)cc(OC)c1OCCC(N=[N+]=[N-])C1COc2ccccc2O1,7.478861916295964,450.4730000000002,2.6390000000000002,1,8
24719108,CHEMBL5177166,IC50,=,49.0,nM,7.31,CHEMBL284,Dipeptidyl peptidase 4,NC(CCOc1ccc(S(N)(=O)=O)cc1)C1COc2ccccc2O1,7.309803919971486,364.4230000000001,1.2702000000000009,2,6
24719109,CHEMBL5193531,IC50,=,57440.0,nM,4.24,CHEMBL284,Dipeptidyl peptidase 4,COc1cc(S(N)(=O)=O)ccc1OCCC(N)C1COc2ccccc2O1,4.240785568765756,394.4490000000002,1.2788000000000004,2,7
24719110,CHEMBL5205289,IC50,=,28.3,nM,7.55,CHEMBL284,Dipeptidyl peptidase 4,COc1cc(S(N)(=O)=O)cc(OC)c1OCCC(N)C1COc2ccccc2O1,7.548213564475709,424.4750000000002,1.2873999999999999,2,8
24719111,CHEMBL25554,IC50,>,700000.0,nM,,CHEMBL284,Dipeptidyl peptidase 4,COc1cccc(OC)c1OCCNCC1COc2ccccc2O1,3.154901959985743,345.39500000000004,2.512200000000001,1,6
24872437,CHEMBL1929396,IC50,=,3.3,nM,8.48,CHEMBL284,Dipeptidyl peptidase 4,Cc1cc2ncc(C(=O)NCC(C)(C)NCC(=O)N3CCC[C@H]3C#N)cn2n1,8.481486060122112,383.45600000000013,0.6503000000000008,2,6
24956783,CHEMBL3617968,IC50,>,30000.0,nM,,CHEMBL284,Dipeptidyl peptidase 4,CC(=O)C1=C(C)N(c2cccc(C(F)(F)F)c2)C(=O)N[C@@H]1c1ccc(C#N)nc1,4.522878745280337,400.36000000000007,4.105980000000003,1,4
24967450,CHEMBL5220594,IC50,=,0.16,nM,9.8,CHEMBL284,Dipeptidyl peptidase 4,C=COC(=O)[C@@H]1CCCN1C(=O)[C@H](CCCCNC(=O)OC(C)(C)C)NC(=O)OC(C)(C)C,9.795880017344075,469.57900000000024,3.2524000000000006,2,7
24967451,CHEMBL5219996,IC50,=,171.0,nM,6.77,CHEMBL284,Dipeptidyl peptidase 4,CC(C)(C)OC(=O)NCCCC[C@H](NC(=O)OC(C)(C)C)C(=O)N1CCC[C@H]1C(=O)O/C=C/c1ccccc1,6.767003889607846,545.6770000000004,4.779800000000004,2,7
24967452,CHEMBL5219532,IC50,=,0.37,nM,9.43,CHEMBL284,Dipeptidyl peptidase 4,CC(C)=CCC/C(C)=C/OC(=O)[C@@H]1CCCN1C(=O)[C@H](CCCCNC(=O)OC(C)(C)C)NC(=O)OC(C)(C)C,9.431798275933005,565.7520000000003,5.759100000000005,2,7
24967453,CHEMBL5219761,IC50,=,6.39,nM,8.19,CHEMBL284,Dipeptidyl peptidase 4,C/C=C/OC(=O)[C@@H]1CCCN1C(=O)[C@H](CCCCNC(=O)OC(C)(C)C)NC(=O)OC(C)(C)C,8.1944991418416,483.6060000000002,3.642500000000001,2,7
24967454,CHEMBL5220613,IC50,=,0.14,nM,9.85,CHEMBL284,Dipeptidyl peptidase 4,CCOC(=O)/C=C/OC(=O)[C@@H]1CCCN1C(=O)[C@H](CCCCNC(=O)OC(C)(C)C)NC(=O)OC(C)(C)C,9.853871964321762,541.6420000000003,3.1856999999999998,2,9
24967455,CHEMBL5220657,IC50,=,0.13,nM,9.89,CHEMBL284,Dipeptidyl peptidase 4,C=COC(=O)[C@@H]1CCCN1C(=O)[C@@H](N)CCCCN,9.886056647693163,269.3449999999999,0.12040000000000128,2,5
24967456,CHEMBL5220750,IC50,=,0.27,nM,9.57,CHEMBL284,Dipeptidyl peptidase 4,NCCCC[C@H](N)C(=O)N1CCC[C@H]1C(=O)O/C=C/c1ccccc1,9.568636235841012,345.443,1.6478000000000013,2,5
24967457,CHEMBL5220348,IC50,=,15.3,nM,7.82,CHEMBL284,Dipeptidyl peptidase 4,CC(C)=CCC/C(C)=C/OC(=O)[C@@H]1CCCN1C(=O)[C@@H](N)CCCCN,7.815308569182402,365.5180000000002,2.6270999999999995,2,5
24967458,CHEMBL5218500,IC50,=,0.75,nM,9.12,CHEMBL284,Dipeptidyl peptidase 4,C/C=C/OC(=O)[C@@H]1CCCN1C(=O)[C@@H](N)CCCCN,9.1249387366083,283.372,0.510500000000001,2,5
24967459,CHEMBL5220053,IC50,=,24.7,nM,7.61,CHEMBL284,Dipeptidyl peptidase 4,C=COC(=O)[C@@H]1CCCN1C(=O)CNC(=O)OC(C)(C)C,7.607303046740334,298.339,1.1887999999999999,1,5
24967460,CHEMBL5219939,IC50,=,0.26,nM,9.59,CHEMBL284,Dipeptidyl peptidase 4,CC(C)(C)OC(=O)NCC(=O)N1CCC[C@H]1C(=O)O/C=C/c1ccccc1,9.585026652029182,374.437,2.7162000000000006,1,5
24967461,CHEMBL5220415,IC50,=,5.9,nM,8.23,CHEMBL284,Dipeptidyl peptidase 4,CCOC(=O)/C=C/OC(=O)[C@@H]1CCCN1C(=O)CNC(=O)OC(C)(C)C,8.229147988357855,370.40200000000004,1.1220999999999997,1,7
24967462,CHEMBL5219299,IC50,=,0.28,nM,9.55,CHEMBL284,Dipeptidyl peptidase 4,C=COC(=O)[C@@H]1CCCN1C(=O)CN,9.55284196865778,198.22199999999995,-0.3771999999999997,1,4
24967463,CHEMBL5219451,IC50,=,0.28,nM,9.55,CHEMBL284,Dipeptidyl peptidase 4,NCC(=O)N1CCC[C@H]1C(=O)O/C=C/c1ccccc1,9.55284196865778,274.32,1.1501999999999997,1,4
24967464,CHEMBL5219735,IC50,=,1.17,nM,8.93,CHEMBL284,Dipeptidyl peptidase 4,CCOC(=O)/C=C/OC(=O)[C@@H]1CCCN1C(=O)CN,8.931814138253838,270.2849999999999,-0.4438999999999988,1,6
24967465,CHEMBL5220474,IC50,=,0.46,nM,9.34,CHEMBL284,Dipeptidyl peptidase 4,COC(=O)[C@@H]1CCCN1C(=O)[C@H](Cc1ccccc1)NC(=O)OCc1ccccc1,9.337242168318426,410.47000000000014,2.6881000000000004,1,5
24967466,CHEMBL5219966,IC50,=,10.2,nM,7.99,CHEMBL284,Dipeptidyl peptidase 4,COC(=O)C(Cc1ccccc1)NC(=O)[C@@H]1CCCN1C(=O)[C@H](Cc1ccccc1)NC(=O)OCc1ccccc1,7.991399828238082,557.6470000000004,3.4156000000000013,2,6
24967467,CHEMBL3185489,IC50,=,18.5,nM,7.73,CHEMBL284,Dipeptidyl peptidase 4,NC(CC(=O)N1CCn2c(nnc2C(F)(F)F)C1)Cc1cc(F)c(F)cc1F,7.732828271596986,407.31800000000015,2.0164999999999997,1,4
24989598,CHEMBL5267798,IC50,=,0.3,nM,9.52,CHEMBL284,Dipeptidyl peptidase 4,CC(C)[C@H](Nc1ccc(CNC(=O)[C@@H]2CSCN2C(=O)C[C@H](N)Cc2cc(F)ccc2F)cc1)C(=O)O,9.522878745280337,534.6290000000002,2.963700000000001,4,6
24989599,CHEMBL5287917,IC50,=,0.48,nM,9.32,CHEMBL284,Dipeptidyl peptidase 4,CC(C)[C@H](Nc1ccc(CNC(=O)[C@@H]2CCCN2C(=O)C[C@H](N)Cc2cc(F)ccc2F)cc1)C(=O)O,9.318758762624412,516.5890000000003,3.0532000000000012,4,5
25031954,CHEMBL5280972,IC50,=,53960.0,nM,4.27,CHEMBL284,Dipeptidyl peptidase 4,CCOC(=O)c1n[nH]c2c(C(=O)OCC)cnn2c1=O.[NaH],4.267928059000133,304.238,-0.8775000000000004,1,7
25031955,CHEMBL5285907,IC50,=,48130.0,nM,4.32,CHEMBL284,Dipeptidyl peptidase 4,CCOC(=O)c1cnn2c(=O)c(C(=O)NC(C)(C)C)n[nH]c12.[NaH],4.317584138322641,331.308,-0.5258999999999993,2,6
25031956,CHEMBL5284943,IC50,=,61090.0,nM,4.21,CHEMBL284,Dipeptidyl peptidase 4,N#Cc1cnn2c(=O)c([N+](=O)[O-])n[nH]c12.[NaH],4.2140298748679905,230.119,-1.4510200000000006,1,6
25031957,CHEMBL5273757,IC50,=,63560.0,nM,4.2,CHEMBL284,Dipeptidyl peptidase 4,N/C(=N\O)c1cnn2c(=O)c([N+](=O)[O-])n[nH]c12.[NaH],4.196816111464658,263.149,-2.2282000000000006,3,7
25031958,CHEMBL5285955,IC50,=,620000.0,nM,,CHEMBL284,Dipeptidyl peptidase 4,CCOC(=O)c1cnn2c(=O)c([N+](=O)[O-])n[nH]c12.[NaH],3.207608310501746,277.17199999999997,-1.1460000000000001,1,7
25040339,CHEMBL5291433,IC50,=,6250.0,nM,5.2,CHEMBL284,Dipeptidyl peptidase 4,NNc1nc(NN)nc(N2C(=O)CSC2=O)n1,5.204119982655925,256.251,-1.3574000000000006,4,10
25040340,CHEMBL5275453,IC50,=,2.32,nM,8.63,CHEMBL284,Dipeptidyl peptidase 4,O=C(CNc1nc(Nc2ccc(S(=O)(=O)Nc3nccs3)cc2)nc(N2CCOCC2)n1)Nc1ccc(F)cc1,8.6345120151091,585.6470000000004,2.8988000000000005,4,12
25040367,CHEMBL5270313,IC50,=,1.7,nM,8.77,CHEMBL284,Dipeptidyl peptidase 4,CC#CCN1C(N2CCC[C@@H](NC(=O)OC(C)(C)C)C2)=NC2N=C3N(C)C(=O)CN3C(=O)C21,8.769551078621726,457.53500000000025,0.035300000000001885,1,8
25040368,CHEMBL5278252,IC50,=,0.5,nM,9.3,CHEMBL284,Dipeptidyl peptidase 4,CC#CCn1c(N2CCC[C@@H](N)C2)nc2c(C)c(=O)n(Cc3nc(C)c4c(F)cccc4n3)c(=O)n21,9.301029995663981,490.54300000000023,1.3559399999999995,1,7
25040369,CHEMBL5278621,IC50,=,0.7,nM,9.15,CHEMBL284,Dipeptidyl peptidase 4,CC#CCn1c(N2CCC[C@@H](N)C2)nc2c(C)c(=O)n(Cc3nc(C)c4c(Cl)cccc4n3)c(=O)n21,9.154901959985743,506.9980000000003,1.8702399999999997,1,7
25040370,CHEMBL5289102,IC50,=,5.78,nM,8.24,CHEMBL284,Dipeptidyl peptidase 4,CC#CCn1c(N2CCC[C@@H](N)C2)cc(=O)n(Cc2nc(C)c3cc(C)ccc3n2)c1=O,8.23807216157947,432.5280000000002,1.569139999999999,1,6
25040371,CHEMBL5269668,IC50,=,0.09,nM,10.05,CHEMBL284,Dipeptidyl peptidase 4,CC#CCN1C(N2CCC[C@@H](N)C2)=NC2C1C(=O)N(Cc1cccnc1C#N)C(=O)N2Cc1cccnc1C#N,10.045757490560675,536.6000000000003,0.9970600000000036,1,10
25050372,CHEMBL1186023,IC50,=,0.48,nM,9.32,CHEMBL284,Dipeptidyl peptidase 4,CC(C)[C@H](Oc1ccc(CNC(=O)[C@@H]2CCCN2C(=O)C[C@H](N)Cc2cc(F)ccc2F)cc1)C(=O)O,9.318758762624412,517.5730000000002,3.0201000000000002,3,5
25050504,CHEMBL5267474,IC50,=,3.0,nM,8.52,CHEMBL284,Dipeptidyl peptidase 4,N#C[C@@H]1C[C@H](F)CN1C(=O)[C@@H](N)Cc1ccccc1F,8.522878745280337,279.29,1.15808,1,3
25050505,CHEMBL5279581,IC50,=,4.0,nM,8.4,CHEMBL284,Dipeptidyl peptidase 4,N#C[C@@H]1C[C@H](F)CN1C(=O)[C@@H](N)Cc1cccc(F)c1,8.397940008672037,279.29,1.1580800000000002,1,3
25050508,CHEMBL5270099,IC50,=,6.0,nM,8.22,CHEMBL284,Dipeptidyl peptidase 4,N#C[C@@H]1C[C@H](F)CN1C(=O)[C@@H](N)Cc1ccc(N)cc1,8.221848749616356,276.315,0.6011799999999999,2,4
25050509,CHEMBL5274564,IC50,=,6.0,nM,8.22,CHEMBL284,Dipeptidyl peptidase 4,N#C[C@@H]1C[C@H](F)CN1C(=O)[C@@H](N)Cc1ccc(Cl)cc1,8.221848749616356,295.745,1.6723800000000002,1,3
25050510,CHEMBL5272450,IC50,=,17.0,nM,7.77,CHEMBL284,Dipeptidyl peptidase 4,N#C[C@@H]1C[C@H](F)CN1C(=O)[C@@H](N)Cc1ccc(Br)cc1,7.769551078621726,340.196,1.7814800000000002,1,3
25050511,CHEMBL5288458,IC50,=,40.0,nM,7.4,CHEMBL284,Dipeptidyl peptidase 4,N#C[C@@H]1C[C@H](F)CN1C(=O)[C@@H](N)Cc1ccc(Cl)cc1Cl,7.3979400086720375,330.19000000000005,2.325780000000001,1,3
25050512,CHEMBL5280469,IC50,=,50.0,nM,7.3,CHEMBL284,Dipeptidyl peptidase 4,N#C[C@@H]1C[C@H](F)CN1C(=O)[C@@H](N)Cc1cc(Cl)c(Cl)cc1Cl,7.301029995663981,364.6350000000001,2.9791800000000013,1,3
25050513,CHEMBL5269848,IC50,=,10.0,nM,8.0,CHEMBL284,Dipeptidyl peptidase 4,N#C[C@@H]1[C@@H]2CCC[C@@H]2CN1C(=O)[C@@H](N)Cc1cc(F)c(F)cc1F,8.0,337.345,2.1243800000000004,1,3
25050514,CHEMBL5285902,IC50,=,5.0,nM,8.3,CHEMBL284,Dipeptidyl peptidase 4,N#C[C@@H]1C[C@H](c2cccs2)CN1C(=O)[C@@H](N)CF,8.301029995663981,267.32899999999995,1.2529800000000002,1,4
25050515,CHEMBL5275487,IC50,=,4.0,nM,8.4,CHEMBL284,Dipeptidyl peptidase 4,N#C[C@@H]1C[C@H](c2cscn2)CN1C(=O)[C@@H](N)CF,8.397940008672037,268.31699999999995,0.6479799999999999,1,5
25050516,CHEMBL5266321,IC50,=,10.0,nM,8.0,CHEMBL284,Dipeptidyl peptidase 4,N#C[C@@H]1C[C@H](c2ccc3c(c2Br)OCO3)CN1C(=O)[C@@H](N)CF,8.0,384.2050000000001,1.68268,1,5
25050518,CHEMBL5282739,IC50,=,247.0,nM,6.61,CHEMBL284,Dipeptidyl peptidase 4,N#C[C@@H]1CCCN1C(=O)C[C@@H](N)Cc1ccc(-c2cn(C3CC3)nn2)cc1,6.607303046740334,364.4530000000001,2.0544799999999994,1,5
25050519,CHEMBL5268023,IC50,=,863.0,nM,6.06,CHEMBL284,Dipeptidyl peptidase 4,N#C[C@@H]1CCCN1C(=O)C[C@@H](N)Cc1ccc(-c2cn(C3CCCCC3)nn2)cc1,6.06398920428479,406.5340000000002,3.2247800000000018,1,5
25050520,CHEMBL5266542,IC50,=,265.0,nM,6.58,CHEMBL284,Dipeptidyl peptidase 4,Cn1cc(-c2ccc(C[C@H](N)CC(=O)N3CCC[C@H]3C#N)cc2)nn1,6.576754126063192,338.41499999999996,1.25658,1,5
25050521,CHEMBL5276287,IC50,=,3.79,nM,8.42,CHEMBL284,Dipeptidyl peptidase 4,N#CC1CCCN1C(=O)[C@@H](N)Cc1ccc(-c2cn(Cc3ccc(F)cc3)nn2)cc1,8.421360790031928,418.4760000000001,2.5168800000000005,1,5
25050524,CHEMBL5283569,IC50,=,90.0,nM,7.05,CHEMBL284,Dipeptidyl peptidase 4,O=C(CNC(=O)C1CCCN(S(=O)(=O)c2ccccc2)C1)Nc1ccc(F)cc1,7.045757490560675,419.47800000000007,1.9812999999999998,2,4
25050526,CHEMBL5266987,IC50,=,14.0,nM,7.85,CHEMBL284,Dipeptidyl peptidase 4,CO[C@@H]1CCCN1C(=O)CC(C)(C)[C@H](N)C(=O)N1CCC[C@H]1C#N.O=C(O)C(F)(F)F,7.853871964321762,450.4580000000002,1.4727800000000004,2,6
25050527,CHEMBL5279548,IC50,=,27.0,nM,7.57,CHEMBL284,Dipeptidyl peptidase 4,N#C[C@@H]1C[C@H]2[C@H](CC2(F)F)N1C(=O)[C@@H](N)C12CC3CC(CC(O)(C3)C1)C2,7.568636235841013,365.4240000000002,1.7932799999999993,2,4
25050528,CHEMBL5274894,IC50,=,12.0,nM,7.92,CHEMBL284,Dipeptidyl peptidase 4,N#C[C@@H]1CCCN1C(=O)CNC1C[C@H]2CC(O)C[C@H]2C1,7.920818753952375,277.36800000000005,0.6400799999999991,2,4
25050529,CHEMBL5273881,IC50,=,8.0,nM,8.1,CHEMBL284,Dipeptidyl peptidase 4,COC1C[C@@H]2C[C@H](NCC(=O)N3CCC[C@H]3C#N)C[C@@H]2C1,8.096910013008056,291.39500000000004,1.2941799999999999,1,4
25050534,CHEMBL5266197,IC50,=,4.3,nM,8.37,CHEMBL284,Dipeptidyl peptidase 4,CC1c2nnc(C(F)(F)F)n2CCN1C(=O)C[C@H](N)Cc1cc(F)c(F)cc1F.Cl,8.366531544420413,457.8060000000001,2.999300000000001,1,4
25050537,CHEMBL5285297,IC50,=,150.0,nM,6.82,CHEMBL284,Dipeptidyl peptidase 4,COc1ccc(-c2cn(CC[C@H](N)Cc3cc(F)c(F)cc3F)nn2)cc1,6.823908740944319,376.382,3.331100000000001,1,4
25050538,CHEMBL5290009,IC50,=,150.0,nM,6.82,CHEMBL284,Dipeptidyl peptidase 4,N[C@@H](CCn1cc(-c2ccccc2)nn1)Cc1cc(F)c(F)cc1F,6.823908740944319,346.35600000000005,3.3225000000000016,1,3
25050539,CHEMBL5290055,IC50,=,150.0,nM,6.82,CHEMBL284,Dipeptidyl peptidase 4,N[C@@H](CCn1cc(CO)nn1)Cc1cc(F)c(F)cc1F,6.823908740944319,300.284,1.1477999999999995,2,4
25050540,CHEMBL5282009,IC50,=,150.0,nM,6.82,CHEMBL284,Dipeptidyl peptidase 4,Cc1ccc(-c2cn(CC[C@H](N)Cc3cc(F)c(F)cc3F)nn2)cc1,6.823908740944319,360.38300000000004,3.6309200000000015,1,3
25050541,CHEMBL5277626,IC50,=,150.0,nM,6.82,CHEMBL284,Dipeptidyl peptidase 4,Cn1ccnc1-c1cn(CC[C@H](N)Cc2cc(F)c(F)cc2F)nn1,6.823908740944319,350.34799999999996,2.0559999999999996,1,4
25050542,CHEMBL5267229,IC50,=,150.0,nM,6.82,CHEMBL284,Dipeptidyl peptidase 4,N[C@@H](CCn1cc(C2CCCCC2)nn1)Cc1cc(F)c(F)cc1F,6.823908740944319,352.40399999999994,3.7032000000000025,1,3
25050543,CHEMBL5288509,IC50,=,150.0,nM,6.82,CHEMBL284,Dipeptidyl peptidase 4,N[C@@H](CCn1cc(C(=O)O)nn1)Cc1cc(F)c(F)cc1F,6.823908740944319,314.267,1.3536999999999995,2,4
25050544,CHEMBL5267534,IC50,=,150.0,nM,6.82,CHEMBL284,Dipeptidyl peptidase 4,COc1ccc(-c2cnnn2CC[C@H](N)Cc2cc(F)c(F)cc2F)cc1,6.823908740944319,376.382,3.331100000000001,1,4
25050545,CHEMBL5282933,IC50,=,31.0,nM,7.51,CHEMBL284,Dipeptidyl peptidase 4,N[C@@H](CCNC(=O)N1CCn2c(nnc2C(F)(F)F)C1)Cc1cc(F)c(F)cc1F,7.508638306165727,436.3600000000001,2.1995000000000005,2,4
25050546,CHEMBL5279910,IC50,=,0.7,nM,9.15,CHEMBL284,Dipeptidyl peptidase 4,CS(=O)(=O)n1ncc2c1CN([C@H]1CO[C@H](c3cc(F)ccc3F)[C@@H](N)C1)C2,9.154901959985743,398.4350000000001,1.1421,1,6
25050547,CHEMBL5268418,IC50,=,0.7,nM,9.15,CHEMBL284,Dipeptidyl peptidase 4,N[C@H]1C[C@@H](N2Cc3cnn(S(=O)(=O)C(F)(F)F)c3C2)CO[C@@H]1c1cc(F)ccc1F,9.154901959985743,452.4050000000002,2.0321,1,6
25050548,CHEMBL5273218,IC50,=,0.7,nM,9.15,CHEMBL284,Dipeptidyl peptidase 4,CCS(=O)(=O)n1ncc2c1CN([C@H]1CO[C@H](c3cc(F)ccc3F)[C@@H](N)C1)C2,9.154901959985743,412.46200000000016,1.5322,1,6
25050549,CHEMBL5275162,IC50,=,0.7,nM,9.15,CHEMBL284,Dipeptidyl peptidase 4,CCCS(=O)(=O)n1ncc2c1CN([C@H]1CO[C@H](c3cc(F)ccc3F)[C@@H](N)C1)C2,9.154901959985743,426.48900000000015,1.9222999999999995,1,6
25050550,CHEMBL5277064,IC50,=,0.7,nM,9.15,CHEMBL284,Dipeptidyl peptidase 4,CC(C)S(=O)(=O)n1ncc2c1CN([C@H]1CO[C@H](c3cc(F)ccc3F)[C@@H](N)C1)C2,9.154901959985743,426.48900000000015,1.9206999999999996,1,6
25050553,CHEMBL5267753,IC50,=,0.7,nM,9.15,CHEMBL284,Dipeptidyl peptidase 4,Cn1ccnc1S(=O)(=O)n1ncc2c1CN([C@H]1CO[C@H](c3cc(F)ccc3F)[C@@H](N)C1)C2,9.154901959985743,464.4980000000002,1.3049,1,7
25050554,CHEMBL5283277,IC50,=,0.7,nM,9.15,CHEMBL284,Dipeptidyl peptidase 4,N[C@H]1C[C@@H](N2Cc3cnn(S(=O)(=O)c4ccccc4)c3C2)CO[C@@H]1c1cc(F)ccc1F,9.154901959985743,460.5060000000002,2.5714000000000006,1,6
25050555,CHEMBL5276887,IC50,=,0.7,nM,9.15,CHEMBL284,Dipeptidyl peptidase 4,N[C@H]1C[C@@H](N2Cc3cnn(S(=O)(=O)c4ccc(C(F)(F)F)cc4)c3C2)CO[C@@H]1c1cc(F)ccc1F,9.154901959985743,528.5030000000003,3.590200000000003,1,6
25050560,CHEMBL5274971,IC50,=,320.0,nM,6.5,CHEMBL284,Dipeptidyl peptidase 4,Cn1c(=O)n(CC(=O)N2CCC(N)CC2)c(=O)c2sc(N)nc21,6.494850021680094,338.39300000000003,-1.3113999999999988,2,7
25050561,CHEMBL5270627,IC50,=,489.0,nM,6.31,CHEMBL284,Dipeptidyl peptidase 4,Cn1c(=O)n(CC(=O)N2CCN(c3ccc(Cl)cc3)CC2)c(=O)c2sc(N)nc21,6.31069114087638,434.9090000000002,0.7411000000000001,1,7
25050562,CHEMBL5268865,IC50,=,329.0,nM,6.48,CHEMBL284,Dipeptidyl peptidase 4,Cn1c(=O)n(CC(=O)N2CCN(c3ccccn3)CC2)c(=O)c2sc(N)nc21,6.482804102050026,401.4520000000002,-0.517299999999999,1,8
25050563,CHEMBL5270959,IC50,=,320.0,nM,6.5,CHEMBL284,Dipeptidyl peptidase 4,Cn1c(=O)n(CC(=O)N2CCN(c3ncccn3)CC2)c(=O)c2sc(N)nc21,6.494850021680094,402.4400000000002,-1.1222999999999983,1,9
25050566,CHEMBL5277490,IC50,=,1.33,nM,8.88,CHEMBL284,Dipeptidyl peptidase 4,C#CCn1c(N2CCC[C@H](N)C2)nc2c1c(=O)n(Cc1nc(C)c3ccccc3n1)c(=O)n2C,8.876148359032914,458.52600000000024,0.7573200000000002,1,7
25050567,CHEMBL5289336,IC50,=,33500.0,nM,4.47,CHEMBL284,Dipeptidyl peptidase 4,O=C(O)Cc1ccccc1C(=O)Nc1ccc(S(=O)(=O)Nc2ncccn2)cc1,4.474955192963154,412.4270000000001,2.1567999999999996,3,6
25050568,CHEMBL430,IC50,=,2700.0,nM,5.57,CHEMBL284,Dipeptidyl peptidase 4,CO/N=C1\CN(c2nc3c(cc2F)c(=O)c(C(=O)O)cn3C2CC2)CC1CN,5.568636235841013,389.38700000000017,0.966,2,7
25050569,CHEMBL5277115,IC50,=,10100.0,nM,5.0,CHEMBL284,Dipeptidyl peptidase 4,Cc1c(C(=O)CS(=O)(=O)c2ccccc2)c(=O)n(-c2ccccc2)n1C,4.995678626217358,370.43000000000006,2.14102,0,4
25050570,CHEMBL5274711,IC50,=,112.0,nM,6.95,CHEMBL284,Dipeptidyl peptidase 4,Cc1c(-c2c(S(=O)(=O)c3ccccc3)cnc3ncnn23)c(=O)n(-c2ccccc2)n1C,6.950781977329818,446.49200000000013,2.42192,0,6
25050571,CHEMBL5275234,IC50,=,14.0,nM,7.85,CHEMBL284,Dipeptidyl peptidase 4,Cc1c(-c2c(S(=O)(=O)c3ccccc3)cnc3nnnn23)c(=O)n(-c2ccccc2)n1C,7.853871964321762,447.48000000000013,1.8169199999999994,0,7
25050572,CHEMBL5290399,IC50,<,15.0,nM,,CHEMBL284,Dipeptidyl peptidase 4,Cc1c(-c2cc(S(=O)(=O)c3ccccc3)n[nH]2)c(=O)n(C)n1C,7.823908740944319,332.3850000000001,1.2551199999999996,1,4
25050575,CHEMBL5271401,IC50,=,2.32,nM,8.63,CHEMBL284,Dipeptidyl peptidase 4,O=C(CNc1nc(Nc2ccc(S(=O)(=O)Nc3cncs3)cc2)nc(N2CCOCC2)n1)Nc1ccc(F)cc1,8.6345120151091,585.6470000000004,2.8988000000000005,4,12
25050577,CHEMBL5276961,IC50,=,1100000000.0,nM,,CHEMBL284,Dipeptidyl peptidase 4,COc1ccc(S(=O)(=O)Nc2nc(N3CCOCC3)nc(N3CCOCC3)n2)cc1,-0.04139268515822508,436.4940000000003,0.35420000000000096,1,10
25050608,CHEMBL5285764,IC50,=,620.0,nM,6.21,CHEMBL284,Dipeptidyl peptidase 4,O=C([C@H]1CC[C@@H](n2cc(-c3ccccc3O)nn2)C1)N1CCC(F)(F)C1,6.2076083105017466,362.38000000000017,2.8595000000000015,1,4
25050609,CHEMBL5278390,IC50,=,660.0,nM,6.18,CHEMBL284,Dipeptidyl peptidase 4,O=C([C@H]1CC[C@@H](n2cc(-c3ccc(-c4ccccc4)cc3)nn2)C1)N1CCC(F)(F)C1,6.180456064458132,422.4790000000002,4.820900000000004,0,3
25050610,CHEMBL5274068,IC50,=,720.0,nM,6.14,CHEMBL284,Dipeptidyl peptidase 4,COC(=O)c1cn([C@@H]2CC[C@H](C(=O)N3CCC(F)(F)C3)C2)nn1,6.142667503568732,328.3190000000001,1.2735,0,5
25050664,CHEMBL5274129,IC50,=,0.87,nM,9.06,CHEMBL284,Dipeptidyl peptidase 4,N[C@@H](CC(=O)N1CCC[C@H]1CNC(=O)c1cccnc1)[C@H]1CCc2cc(F)c(F)cc21,9.060480747381382,428.4830000000002,2.5280000000000005,2,4
25050665,CHEMBL5272644,IC50,=,1.06,nM,8.97,CHEMBL284,Dipeptidyl peptidase 4,CS(=O)(=O)c1cccc(C(=O)NC[C@@H]2CCCN2C(=O)C[C@H](N)[C@H]2CCc3cc(F)c(F)cc32)c1,8.97469413473523,505.5870000000003,2.5365,2,5
25050666,CHEMBL5276657,IC50,=,0.87,nM,9.06,CHEMBL284,Dipeptidyl peptidase 4,N[C@@H](CC(=O)N1CCC[C@H]1CNC(=O)c1cccc(S(N)(=O)=O)c1)[C@H]1CCc2cc(F)c(F)cc21,9.060480747381382,506.5750000000003,1.7804000000000002,3,5
25050667,CHEMBL5265910,IC50,=,0.87,nM,9.06,CHEMBL284,Dipeptidyl peptidase 4,N[C@@H](CC(=O)N1CCC[C@H]1CNC(=O)c1ccc(F)c(S(N)(=O)=O)c1)[C@H]1CCc2cc(F)c(F)cc21,9.060480747381382,524.5650000000003,1.9194999999999998,3,5
25050668,CHEMBL5269746,IC50,=,0.87,nM,9.06,CHEMBL284,Dipeptidyl peptidase 4,N[C@@H](CC(=O)N1CCC[C@H]1CNC(=O)c1cc(S(N)(=O)=O)c(F)cc1F)[C@H]1CCc2cc(F)c(F)cc21,9.060480747381382,542.5550000000003,2.0585999999999993,3,5
25050669,CHEMBL5277828,IC50,=,0.87,nM,9.06,CHEMBL284,Dipeptidyl peptidase 4,CCN(CC)S(=O)(=O)c1cccc(C(=O)NC[C@@H]2CCCN2C(=O)C[C@H](N)[C@H]2CCc3cc(F)c(F)cc32)c1,9.060480747381382,562.6830000000004,3.163500000000001,2,5
25050670,CHEMBL5269884,IC50,=,0.87,nM,9.06,CHEMBL284,Dipeptidyl peptidase 4,CCN(CC)S(=O)(=O)c1cc(C(=O)NC[C@@H]2CCCN2C(=O)C[C@H](N)[C@H]2CCc3cc(F)c(F)cc32)ccc1F,9.060480747381382,580.6730000000003,3.3026000000000026,2,5
25050671,CHEMBL5273793,IC50,=,0.87,nM,9.06,CHEMBL284,Dipeptidyl peptidase 4,CCN(CC)S(=O)(=O)c1cc(C(=O)NC[C@@H]2CCCN2C(=O)C[C@H](N)[C@H]2CCc3cc(F)c(F)cc32)c(F)cc1F,9.060480747381382,598.6630000000004,3.4417000000000026,2,5
25050672,CHEMBL5275046,IC50,=,1.1,nM,8.96,CHEMBL284,Dipeptidyl peptidase 4,CN1CCN(S(=O)(=O)c2cccc(C(=O)NC[C@@H]3CCCN3C(=O)C[C@H](N)[C@H]3CCc4cc(F)c(F)cc43)c2)CC1,8.958607314841775,589.7090000000003,2.0691000000000015,2,6
25050673,CHEMBL5276298,IC50,=,0.87,nM,9.06,CHEMBL284,Dipeptidyl peptidase 4,N[C@@H](CC(=O)N1CCC[C@H]1CNC(=O)c1cc(S(=O)(=O)N2CCCCC2)c(F)cc1F)[C@H]1CCc2cc(F)c(F)cc21,9.060480747381382,610.6740000000004,3.5858000000000017,2,5
25050674,CHEMBL5289339,IC50,=,0.87,nM,9.06,CHEMBL284,Dipeptidyl peptidase 4,N[C@@H](CC(=O)N1CCC[C@H]1CNC(=O)c1cc(S(=O)(=O)N2CCOCC2)c(F)cc1F)[C@H]1CCc2cc(F)c(F)cc21,9.060480747381382,612.6460000000004,2.4321,2,6
25050675,CHEMBL5279474,IC50,=,0.87,nM,9.06,CHEMBL284,Dipeptidyl peptidase 4,N[C@@H](CC(=O)N1CCC[C@H]1CNC(=O)c1cc(S(=O)(=O)N2CCC2)c(F)cc1F)[C@H]1CCc2cc(F)c(F)cc21,9.060480747381382,582.6200000000003,2.805600000000001,2,5
25050684,CHEMBL4242416,IC50,=,64.0,nM,7.19,CHEMBL284,Dipeptidyl peptidase 4,CC#CCn1c(N2CCC[C@@H](N)C2)cc(=O)n(Cc2cn(CCC(=O)OC)nn2)c1=O,7.1938200260161125,429.4810000000002,-0.8362999999999974,1,8
25050685,CHEMBL5287906,IC50,=,185.0,nM,6.73,CHEMBL284,Dipeptidyl peptidase 4,CC#CCn1c(N2CCC[C@@H](N)C2)cc(=O)n(Cc2cn(-c3ccccc3)nn2)c1=O,6.732828271596986,419.4890000000001,0.5897999999999999,1,6
25050686,CHEMBL5283810,IC50,=,12.45,nM,7.91,CHEMBL284,Dipeptidyl peptidase 4,CC#CCn1c(N2CCC[C@@H](N)C2)cc(=O)n(Cc2cn(CCC(=O)O)nn2)c1=O,7.904830648568245,415.4540000000002,-0.9246999999999967,2,7
25050687,CHEMBL5289984,IC50,=,9.56,nM,8.02,CHEMBL284,Dipeptidyl peptidase 4,CC#CCn1c(N2CCC[C@@H](N)C2)cc(=O)n(Cc2cn(C/C=C/C(=O)O)nn2)c1=O,8.0195421077239,427.46500000000015,-0.7585999999999968,2,7
25050706,CHEMBL5275484,IC50,=,395.0,nM,6.4,CHEMBL284,Dipeptidyl peptidase 4,CC#CCn1c(N2CCC[C@@H](N)C2)cc(=O)n(Cc2ccc(Br)cc2C(=O)OC)c1=O,6.403402904373539,489.3700000000002,1.5581999999999998,1,6
25050707,CHEMBL5286666,IC50,=,3.6,nM,8.44,CHEMBL284,Dipeptidyl peptidase 4,CC#CCn1c(N2CCC[C@@H](N)C2)cc(=O)n(Cc2cccc(C(=O)NC)c2)c1=O,8.443697499232712,409.4900000000001,0.36870000000000164,2,5
25050708,CHEMBL5268983,IC50,=,4.6,nM,8.34,CHEMBL284,Dipeptidyl peptidase 4,CC#CCn1c(N2CCC[C@@H](N)C2)cc(=O)n(Cc2cccc(C(=O)NCC)c2)c1=O,8.337242168318426,423.51700000000017,0.7588000000000013,2,5
25050709,CHEMBL5279728,IC50,=,1.6,nM,8.8,CHEMBL284,Dipeptidyl peptidase 4,CC#CCn1c(N2CCC[C@@H](N)C2)cc(=O)n(Cc2ccc(Cl)c(C(=O)N(C)C)c2)c1=O,8.795880017344075,457.9620000000002,1.3643,1,5
25050711,CHEMBL5285191,IC50,=,3160.0,nM,5.5,CHEMBL284,Dipeptidyl peptidase 4,C[C@H]1CCN(C(=O)CNc2cc3cc(-c4ccccc4)c(-c4ccccc4)cc3oc2=O)C1,5.5003129173815966,438.5270000000002,5.4073000000000055,1,4
25050724,CHEMBL5288974,IC50,=,1.12,nM,8.95,CHEMBL284,Dipeptidyl peptidase 4,Cc1ccc2cc(CNc3nc(C)cs3)n(/N=C/c3ccc(O)cc3)c(=O)c2c1,8.950781977329818,404.4950000000002,4.274740000000003,2,6
25050735,CHEMBL5289049,IC50,=,130.0,nM,6.89,CHEMBL284,Dipeptidyl peptidase 4,NCc1c(-c2ccc(Cl)cc2Cl)nc2ccccn12,6.886056647693163,292.169,3.7668000000000017,1,2
25050736,CHEMBL5265966,IC50,=,290.0,nM,6.54,CHEMBL284,Dipeptidyl peptidase 4,Cc1ccccc1-c1nc2ccccn2c1CN,6.5376020021010435,237.306,2.76842,1,2
25446663,CHEMBL5414025,IC50,=,280320.0,nM,,CHEMBL284,Dipeptidyl peptidase 4,CCOC(=O)C1=C(C)NC(C)=C(C(=O)OCC)C1c1cccc2c1OCO2,3.552345915512013,373.40500000000014,2.776300000000001,1,7
25491580,CHEMBL5430588,IC50,=,260.5,nM,6.58,CHEMBL284,Dipeptidyl peptidase 4,Nc1nc(NC2=NC(c3ccccc3)=CC(c3ccccc3)O2)nc(N2CCOCC2)n1,6.584192272364457,429.4840000000003,2.8709000000000007,2,9
25491581,CHEMBL5435689,IC50,=,8.3,nM,8.08,CHEMBL284,Dipeptidyl peptidase 4,Nc1nc(NC2=NC(c3ccccc3)=CC(c3ccccc3[N+](=O)[O-])O2)nc(N2CCOCC2)n1,8.080921907623926,474.4810000000004,2.7791000000000006,2,11
25491582,CHEMBL5399740,IC50,=,4.2,nM,8.38,CHEMBL284,Dipeptidyl peptidase 4,Nc1nc(NC2=NC(c3ccccc3)=CC(c3cccc([N+](=O)[O-])c3)O2)nc(N2CCOCC2)n1,8.3767507096021,474.4810000000004,2.7791000000000006,2,11
25491583,CHEMBL5405820,IC50,=,4.9,nM,8.31,CHEMBL284,Dipeptidyl peptidase 4,Nc1nc(NC2=NC(c3ccccc3)=CC(c3ccc([N+](=O)[O-])cc3)O2)nc(N2CCOCC2)n1,8.309803919971486,474.4810000000004,2.7791000000000006,2,11
25491584,CHEMBL5433150,IC50,=,23.8,nM,7.62,CHEMBL284,Dipeptidyl peptidase 4,Nc1nc(NC2=NC(c3ccccc3)=CC(c3ccccc3O)O2)nc(N2CCOCC2)n1,7.623423042943488,445.48300000000035,2.5765000000000002,3,10
25491585,CHEMBL5402568,IC50,=,22.1,nM,7.66,CHEMBL284,Dipeptidyl peptidase 4,Nc1nc(NC2=NC(c3ccccc3)=CC(c3cccc(O)c3)O2)nc(N2CCOCC2)n1,7.655607726314889,445.48300000000035,2.5765000000000002,3,10
25491586,CHEMBL5435542,IC50,=,22.4,nM,7.65,CHEMBL284,Dipeptidyl peptidase 4,Nc1nc(NC2=NC(c3ccccc3)=CC(c3ccc(O)cc3)O2)nc(N2CCOCC2)n1,7.649751981665837,445.48300000000035,2.5765000000000002,3,10
25491587,CHEMBL5424840,IC50,=,52.1,nM,7.28,CHEMBL284,Dipeptidyl peptidase 4,Nc1nc(NC2=NC(c3ccccc3)=CC(c3ccccc3Cl)O2)nc(N2CCOCC2)n1,7.283162276700476,463.9290000000003,3.524300000000001,2,9
25491588,CHEMBL5414427,IC50,=,32.3,nM,7.49,CHEMBL284,Dipeptidyl peptidase 4,Nc1nc(NC2=NC(c3ccccc3)=CC(c3cccc(Cl)c3)O2)nc(N2CCOCC2)n1,7.490797477668897,463.9290000000003,3.524300000000002,2,9
25491589,CHEMBL5424574,IC50,=,34.5,nM,7.46,CHEMBL284,Dipeptidyl peptidase 4,Nc1nc(NC2=NC(c3ccccc3)=CC(c3ccc(Cl)cc3)O2)nc(N2CCOCC2)n1,7.462180904926726,463.9290000000003,3.524300000000002,2,9
25491590,CHEMBL5409066,IC50,=,132.5,nM,6.88,CHEMBL284,Dipeptidyl peptidase 4,Cc1ccccc1C1C=C(c2ccccc2)N=C(Nc2nc(N)nc(N3CCOCC3)n2)O1,6.877784121727173,443.51100000000037,3.1793200000000015,2,9
25491591,CHEMBL5418532,IC50,=,78.2,nM,7.11,CHEMBL284,Dipeptidyl peptidase 4,Cc1cccc(C2C=C(c3ccccc3)N=C(Nc3nc(N)nc(N4CCOCC4)n3)O2)c1,7.106793246940152,443.5110000000003,3.1793200000000015,2,9
25491592,CHEMBL5414816,IC50,=,90.4,nM,7.04,CHEMBL284,Dipeptidyl peptidase 4,Cc1ccc(C2C=C(c3ccccc3)N=C(Nc3nc(N)nc(N4CCOCC4)n3)O2)cc1,7.043831569524636,443.5110000000003,3.1793200000000015,2,9
25620437,CHEMBL139702,IC50,=,30390.0,nM,4.52,CHEMBL284,Dipeptidyl peptidase 4,C=CC(C)(C)c1cc(/C=C/C(=O)c2ccc(O)cc2)c(OC)cc1O,4.517269299920057,338.4030000000001,4.466100000000004,2,4
25620438,CHEMBL5416545,IC50,=,7160.0,nM,5.14,CHEMBL284,Dipeptidyl peptidase 4,COc1cc(O)c(Cl)cc1/C=C/C(=O)c1ccc(O)cc1,5.145086977692144,304.72900000000004,3.6559000000000017,2,4
25620439,CHEMBL1778898,IC50,=,16390.0,nM,4.79,CHEMBL284,Dipeptidyl peptidase 4,COc1cc(O)c(Br)cc1/C=C/C(=O)c1ccc(O)cc1,4.785421046429501,349.18000000000006,3.7650000000000015,2,4
25620440,CHEMBL5397277,IC50,=,11040.0,nM,4.96,CHEMBL284,Dipeptidyl peptidase 4,COc1ccc(C(=O)/C=C/c2cc(Cl)c(O)cc2OC)cc1,4.95703092660682,318.7560000000001,3.9589000000000025,1,4
25620441,CHEMBL5405870,IC50,=,21170.0,nM,4.67,CHEMBL284,Dipeptidyl peptidase 4,CCOc1ccc(C(=O)/C=C/c2cc(Cl)c(O)cc2OC)cc1,4.674279141980588,332.7830000000001,4.349000000000004,1,4
25620442,CHEMBL5424118,IC50,=,11380.0,nM,4.94,CHEMBL284,Dipeptidyl peptidase 4,CCCOc1ccc(C(=O)/C=C/c2cc(Cl)c(O)cc2OC)cc1,4.943857737940948,346.81000000000006,4.739100000000004,1,4
25620443,CHEMBL5410220,IC50,=,42940.0,nM,4.37,CHEMBL284,Dipeptidyl peptidase 4,CCCCOc1ccc(C(=O)/C=C/c2cc(Cl)c(O)cc2OC)cc1,4.36713795989977,360.8370000000001,5.129200000000004,1,4
25620444,CHEMBL1778899,IC50,=,34000.0,nM,4.47,CHEMBL284,Dipeptidyl peptidase 4,COc1ccc(C(=O)/C=C/c2cc(Br)c(O)cc2OC)cc1,4.468521082957745,363.2070000000001,4.068000000000003,1,4
25620445,CHEMBL5408749,IC50,=,34950.0,nM,4.46,CHEMBL284,Dipeptidyl peptidase 4,CCOc1ccc(C(=O)/C=C/c2cc(Br)c(O)cc2OC)cc1,4.4565528199183,377.2340000000001,4.4581000000000035,1,4
25620446,CHEMBL5412386,IC50,=,26460.0,nM,4.58,CHEMBL284,Dipeptidyl peptidase 4,CCCOc1ccc(C(=O)/C=C/c2cc(Br)c(O)cc2OC)cc1,4.577410160148518,391.2610000000001,4.848200000000005,1,4
25620447,CHEMBL1778901,IC50,>,100000.0,nM,,CHEMBL284,Dipeptidyl peptidase 4,CCCCOc1ccc(C(=O)/C=C/c2cc(Br)c(O)cc2OC)cc1,4.0,405.2880000000001,5.238300000000005,1,4
25620448,CHEMBL5429047,IC50,=,9870.0,nM,5.01,CHEMBL284,Dipeptidyl peptidase 4,COc1cc(O)c(Cl)cc1/C=C/C(=O)c1ccc(Br)cc1,5.005682847330363,367.62600000000003,4.712800000000002,1,3
25620449,CHEMBL5414115,IC50,=,12580.0,nM,4.9,CHEMBL284,Dipeptidyl peptidase 4,COc1cc(O)c(Cl)cc1/C=C/C(=O)c1ccc(C(F)(F)F)cc1,4.90031935889075,356.72700000000003,4.969100000000003,1,3
25620450,CHEMBL5423189,IC50,=,49220.0,nM,4.31,CHEMBL284,Dipeptidyl peptidase 4,COc1cc(OC)c(/C=C/C(=O)c2ccc(O)cc2)cc1Cl,4.307858390633216,318.756,3.9589000000000025,1,4
25620451,CHEMBL5410710,IC50,>,100000.0,nM,,CHEMBL284,Dipeptidyl peptidase 4,COc1ccc(C(=O)/C=C/c2cc(Cl)c(OC)cc2OC)cc1,4.0,332.7830000000001,4.261900000000003,0,4
25620452,CHEMBL5439710,IC50,>,100000.0,nM,,CHEMBL284,Dipeptidyl peptidase 4,CCOc1ccc(C(=O)/C=C/c2cc(Cl)c(OC)cc2OC)cc1,4.0,346.81000000000006,4.652000000000005,0,4
25620453,CHEMBL5426741,IC50,>,100000.0,nM,,CHEMBL284,Dipeptidyl peptidase 4,CCCOc1ccc(C(=O)/C=C/c2cc(Cl)c(OC)cc2OC)cc1,4.0,360.8370000000001,5.042100000000005,0,4
25620454,CHEMBL5422010,IC50,=,6430.0,nM,5.19,CHEMBL284,Dipeptidyl peptidase 4,COc1cc(O)c(Cl)cc1/C=C/C(=O)c1cccc(O)c1,5.191789027075778,304.72900000000004,3.6559000000000017,2,4
25620455,CHEMBL5404677,IC50,=,8860.0,nM,5.05,CHEMBL284,Dipeptidyl peptidase 4,COc1cc(O)c(Cl)cc1/C=C/C(=O)c1ccc(O)c(O)c1,5.052566278112949,320.72800000000007,3.3615000000000013,3,5
25620456,CHEMBL5413637,IC50,=,9090.0,nM,5.04,CHEMBL284,Dipeptidyl peptidase 4,COc1ccc(C(=O)/C=C/c2cc(Cl)c(O)cc2OC)cc1O,5.041436116778033,334.7550000000001,3.6645000000000016,2,5
25620457,CHEMBL5411710,IC50,=,31950.0,nM,4.5,CHEMBL284,Dipeptidyl peptidase 4,COc1cc(C(=O)/C=C/c2cc(Cl)c(O)cc2OC)ccc1O,4.495529137505581,334.75500000000005,3.6645000000000025,2,5
25620458,CHEMBL5398811,IC50,=,15120.0,nM,4.82,CHEMBL284,Dipeptidyl peptidase 4,COc1cc(O)c(Cl)cc1/C=C/C(=O)c1ccc(O)c(C)c1,4.820448208834812,318.7560000000001,3.9643200000000016,2,4
25620459,CHEMBL5407794,IC50,=,4270.0,nM,5.37,CHEMBL284,Dipeptidyl peptidase 4,COc1cc(O)c(Cl)cc1/C=C/C(=O)c1ccc(O)c([N+](=O)[O-])c1,5.369572124974976,349.7260000000001,3.5641000000000016,2,6
25636095,CHEMBL1235760,IC50,=,2000.0,nM,5.7,CHEMBL284,Dipeptidyl peptidase 4,Cn1c(=O)c2c(nc(N3CCNCC3)n2Cc2ccccc2Cl)n(C)c1=O,5.698970004336019,388.8590000000001,0.5450000000000002,1,5
25636098,CHEMBL5432172,IC50,=,4.0,nM,8.4,CHEMBL284,Dipeptidyl peptidase 4,N#C[C@@H]1CCCN1C(=O)CNC12CC3CC(CC(C3)C1)C2,8.397940008672037,287.4070000000001,2.059379999999999,1,3
25636103,CHEMBL5408495,IC50,=,2.2,nM,8.66,CHEMBL284,Dipeptidyl peptidase 4,Cc1nnc(N2CCC[C@@H](N)C2)n(Cc2cc(F)ccc2C#N)c1=O,8.657577319177793,342.3780000000001,0.9333000000000001,1,6
25636106,CHEMBL4297435,IC50,=,12.0,nM,7.92,CHEMBL284,Dipeptidyl peptidase 4,COC(=O)c1nc(C(F)(F)F)n2c1CN(C(=O)C[C@H](N)Cc1cc(F)c(F)cc1F)CC2,7.920818753952375,464.3660000000002,2.4081,1,5
25636107,CHEMBL5418259,IC50,=,2.5,nM,8.6,CHEMBL284,Dipeptidyl peptidase 4,N[C@H]1C[C@@H](N2Cc3nn4c(C(F)(F)F)cc(C(F)(F)F)nc4c3C2)CO[C@@H]1c1cc(F)ccc1F,8.602059991327963,507.3850000000002,4.218200000000003,1,5
25636125,CHEMBL5430453,IC50,=,3.4,nM,8.47,CHEMBL284,Dipeptidyl peptidase 4,Cc1ccc2c(c1)CN(C(=O)CC(C)(C)NCC(=O)N1CCC[C@H]1C#N)C2,8.468521082957745,368.4810000000002,2.1101,1,4
25636132,CHEMBL5434074,IC50,=,0.22,nM,9.66,CHEMBL284,Dipeptidyl peptidase 4,N#Cc1ccc(F)cc1Cn1c(N2CCC[C@@H](N)C2)nc2cc(-c3cccnc3)sc2c1=O,9.657577319177793,460.5380000000002,3.5065800000000014,1,7
25642624,CHEMBL5397234,IC50,>,10000.0,nM,,CHEMBL284,Dipeptidyl peptidase 4,NC12CC3CC(C1)CC(NCC(=O)N1Cc4ccccc4C1)(C3)C2.O=C(O)C(F)(F)F.O=C(O)C(F)(F)F,5.0,553.5000000000003,3.4351000000000003,4,5
25642625,CHEMBL5433274,IC50,>,10000.0,nM,,CHEMBL284,Dipeptidyl peptidase 4,NC12CC3CC(C1)CC(NCC(=O)N1Cc4ccc(F)cc4C1)(C3)C2,5.0,343.44600000000014,2.3076,2,3
25642626,CHEMBL5396828,IC50,>,10000.0,nM,,CHEMBL284,Dipeptidyl peptidase 4,CC(C)[C@H](NC12CC3CC(CC(N)(C3)C1)C2)C(=O)N1Cc2ccccc2C1,5.0,367.5370000000001,3.193100000000001,2,3
25642627,CHEMBL5414516,IC50,>,10000.0,nM,,CHEMBL284,Dipeptidyl peptidase 4,CCCCNC12CC3CC(C1)CC(NCC(=O)N1Cc4ccccc4C1)(C3)C2,5.0,381.5640000000002,3.5995000000000026,2,3
25642628,CHEMBL5429724,IC50,>,10000.0,nM,,CHEMBL284,Dipeptidyl peptidase 4,N#CCCCCNC12CC3CC(C1)CC(NCC(=O)N1Cc4ccccc4C1)(C3)C2,5.0,406.57400000000024,3.493280000000002,2,4
25642629,CHEMBL5438345,IC50,>,10000.0,nM,,CHEMBL284,Dipeptidyl peptidase 4,N#Cc1cccc(CNC23CC4CC(CC(NCC(=O)N5Cc6ccccc6C5)(C4)C2)C3)c1,5.0,440.59100000000024,3.871280000000003,2,4
25642630,CHEMBL5402025,IC50,>,10000.0,nM,,CHEMBL284,Dipeptidyl peptidase 4,O=C(CNC12CC3CC(C1)CC(NCC(=O)N1Cc4ccccc4C1)(C3)C2)N1Cc2ccccc2C1,5.0,484.6440000000003,3.341800000000002,2,4
25642631,CHEMBL5438329,IC50,>,10000.0,nM,,CHEMBL284,Dipeptidyl peptidase 4,CCCCNC(=O)OC12CC3CC(CC(NCC(=O)N4Cc5ccccc5C4)(C3)C1)C2,5.0,425.57300000000026,3.736100000000002,2,4
25642632,CHEMBL5402378,IC50,>,10000.0,nM,,CHEMBL284,Dipeptidyl peptidase 4,CC(C)CCNC(=O)OC12CC3CC(CC(NCC(=O)N4Cc5ccccc5C4)(C3)C1)C2,5.0,439.6000000000003,3.9821000000000026,2,4
25642633,CHEMBL5410346,IC50,>,10000.0,nM,,CHEMBL284,Dipeptidyl peptidase 4,CCC(C)(C)NC(=O)OC12CC3CC(CC(NCC(=O)N4Cc5ccccc5C4)(C3)C1)C2,5.0,439.60000000000025,4.124600000000003,2,4
25642634,CHEMBL5426720,IC50,>,10000.0,nM,,CHEMBL284,Dipeptidyl peptidase 4,CC(C)(C)NC(=O)OC12CC3CC(CC(NCC(=O)N4Cc5ccccc5C4)(C3)C1)C2,5.0,425.57300000000026,3.7345000000000024,2,4
25642635,CHEMBL5403301,IC50,>,10000.0,nM,,CHEMBL284,Dipeptidyl peptidase 4,O=C(NCCF)OC12CC3CC(CC(NCC(=O)N4Cc5ccccc5C4)(C3)C1)C2,5.0,415.50900000000024,2.905500000000001,2,4
25642636,CHEMBL5431503,IC50,>,10000.0,nM,,CHEMBL284,Dipeptidyl peptidase 4,[N-]=[N+]=NCCCNC(=O)OC12CC3CC(CC(NCC(=O)N4Cc5ccccc5C4)(C3)C1)C2,5.0,452.55900000000037,3.6364000000000027,2,5
25642637,CHEMBL5431471,IC50,>,10000.0,nM,,CHEMBL284,Dipeptidyl peptidase 4,O=C(NCCCCO)OC12CC3CC(CC(NCC(=O)N4Cc5ccccc5C4)(C3)C1)C2,5.0,441.5720000000003,2.7085,3,5
25642638,CHEMBL5405991,IC50,>,10000.0,nM,,CHEMBL284,Dipeptidyl peptidase 4,O=C(N[C@H]1CC[C@H](O)CC1)OC12CC3CC(CC(NCC(=O)N4Cc5ccccc5C4)(C3)C1)C2,5.0,467.6100000000003,3.2395000000000014,3,5
25642639,CHEMBL5423126,IC50,>,10000.0,nM,,CHEMBL284,Dipeptidyl peptidase 4,NCCNC(=O)OC12CC3CC(CC(NCC(=O)N4Cc5ccccc5C4)(C3)C1)C2,5.0,412.5340000000002,1.8946999999999994,3,5
25642640,CHEMBL5439059,IC50,>,10000.0,nM,,CHEMBL284,Dipeptidyl peptidase 4,NCCCCNC(=O)OC12CC3CC(CC(NCC(=O)N4Cc5ccccc5C4)(C3)C1)C2,5.0,440.5880000000003,2.674900000000001,3,5
25642641,CHEMBL5408738,IC50,>,10000.0,nM,,CHEMBL284,Dipeptidyl peptidase 4,NCCCN1CCN(CCCNC(=O)OC23CC4CC(CC(NCC(=O)N5Cc6ccccc6C5)(C4)C2)C3)CC1,5.0,552.7640000000002,2.292500000000005,3,7
25642642,CHEMBL5399929,IC50,>,10000.0,nM,,CHEMBL284,Dipeptidyl peptidase 4,O=C(CNC12CC3CC(C1)CC(OC(=O)N1CCNCC1)(C3)C2)N1Cc2ccccc2C1,5.0,438.57200000000023,2.2516000000000007,2,5
25642643,CHEMBL5404995,IC50,>,10000.0,nM,,CHEMBL284,Dipeptidyl peptidase 4,O=C(NCc1ccccc1)OC12CC3CC(CC(NCC(=O)N4Cc5ccccc5C4)(C3)C1)C2,5.0,459.5900000000003,4.136200000000003,2,4
25642644,CHEMBL5401877,IC50,>,10000.0,nM,,CHEMBL284,Dipeptidyl peptidase 4,O=C(NCc1ccc(F)cc1F)OC12CC3CC(CC(NCC(=O)N4Cc5ccccc5C4)(C3)C1)C2,5.0,495.5700000000004,4.414400000000004,2,4
25642645,CHEMBL5438110,IC50,>,10000.0,nM,,CHEMBL284,Dipeptidyl peptidase 4,O=C(NCc1ccncc1)OC12CC3CC(CC(NCC(=O)N4Cc5ccccc5C4)(C3)C1)C2,5.0,460.5780000000003,3.531200000000002,2,5
25642646,CHEMBL5423199,IC50,>,10000.0,nM,,CHEMBL284,Dipeptidyl peptidase 4,O=C(NCc1ccccn1)OC12CC3CC(CC(NCC(=O)N4Cc5ccccc5C4)(C3)C1)C2,5.0,460.57800000000026,3.531200000000002,2,5
25642647,CHEMBL5438248,IC50,>,10000.0,nM,,CHEMBL284,Dipeptidyl peptidase 4,O=C(NCCc1ccccc1)OC12CC3CC(CC(NCC(=O)N4Cc5ccccc5C4)(C3)C1)C2,5.0,473.61700000000036,4.178700000000003,2,4
25642648,CHEMBL5422425,IC50,>,10000.0,nM,,CHEMBL284,Dipeptidyl peptidase 4,O=C(NCCCc1ccccc1)OC12CC3CC(CC(NCC(=O)N4Cc5ccccc5C4)(C3)C1)C2,5.0,487.6440000000004,4.568800000000004,2,4
25642649,CHEMBL5406353,IC50,>,10000.0,nM,,CHEMBL284,Dipeptidyl peptidase 4,O=C(NC(c1ccccc1)c1ccccc1)OC12CC3CC(CC(NCC(=O)N4Cc5ccccc5C4)(C3)C1)C2,5.0,535.6880000000002,5.725600000000005,2,4
25642650,CHEMBL5408720,IC50,>,10000.0,nM,,CHEMBL284,Dipeptidyl peptidase 4,O=C(NC(c1ccc(F)cc1)c1ccc(F)cc1)OC12CC3CC(CC(NCC(=O)N4Cc5ccccc5C4)(C3)C1)C2,5.0,571.6680000000001,6.003800000000005,2,4
25642651,CHEMBL5408398,IC50,>,10000.0,nM,,CHEMBL284,Dipeptidyl peptidase 4,O=C(NC12CC3CC(CC(C3)C1)C2)OC12CC3CC(CC(NCC(=O)N4Cc5ccccc5C4)(C3)C1)C2,5.0,503.68700000000035,4.904800000000004,2,4
25642652,CHEMBL5394582,IC50,>,10000.0,nM,,CHEMBL284,Dipeptidyl peptidase 4,O=C(NC12CC3CC(CC(O)(C3)C1)C2)OC12CC3CC(CC(NCC(=O)N4Cc5ccccc5C4)(C3)C1)C2.O=CO,5.0,565.7110000000005,3.720500000000002,4,6
25642653,CHEMBL5399390,IC50,>,10000.0,nM,,CHEMBL284,Dipeptidyl peptidase 4,Cl.Cl.NC12CC3CC(C1)CC(NC(=O)OC14CC5CC(CC(NCC(=O)N6Cc7ccccc7C6)(C5)C1)C4)(C3)C2,5.0,591.6239999999999,4.829700000000004,3,5
25642654,CHEMBL5434105,IC50,>,10000.0,nM,,CHEMBL284,Dipeptidyl peptidase 4,O=C(NC12CC3CC(C1)CC(OCc1ccc(F)cc1F)(C3)C2)OC12CC3CC(CC(NCC(=O)N4Cc5ccccc5C4)(C3)C1)C2,5.0,645.791,6.522400000000007,2,5
25642655,CHEMBL5400483,IC50,>,10000.0,nM,,CHEMBL284,Dipeptidyl peptidase 4,O=C(NC12CC3CC(CC(NCC(=O)N4Cc5ccccc5C4)(C3)C1)C2)OCC1c2ccccc2-c2ccccc21,5.0,547.6990000000004,5.748500000000005,2,4
25642656,CHEMBL5425283,IC50,>,10000.0,nM,,CHEMBL284,Dipeptidyl peptidase 4,CC(C)(OC(=O)NC12CC3CC(CC(NCC(=O)N4Cc5ccccc5C4)(C3)C1)C2)C(Cl)(Cl)Cl,5.0,528.9080000000002,5.084800000000004,2,4
25642657,CHEMBL5399745,IC50,>,10000.0,nM,,CHEMBL284,Dipeptidyl peptidase 4,CC(C)(C)OC(=O)NC12CC3CC(CC(NCC(=O)N4Cc5ccccc5C4)(C3)C1)C2,5.0,425.57300000000026,3.7345000000000024,2,4
25642658,CHEMBL5421476,IC50,>,10000.0,nM,,CHEMBL284,Dipeptidyl peptidase 4,CC(C)(C)OC(=O)NC12CC3CC(CC(NCC(=O)N4Cc5ccc(F)cc5C4)(C3)C1)C2,5.0,443.5630000000003,3.8736000000000033,2,4
25642659,CHEMBL5402430,IC50,>,10000.0,nM,,CHEMBL284,Dipeptidyl peptidase 4,CC(C)(C)OC(=O)NC12CC3CC(CC(NCC(=O)N4Cc5cc(F)c(F)cc5C4)(C3)C1)C2,5.0,461.5530000000003,4.012700000000003,2,4
25642660,CHEMBL5402264,IC50,>,10000.0,nM,,CHEMBL284,Dipeptidyl peptidase 4,CC(C)[C@H](NC12CC3CC(CC(NC(=O)OC(C)(C)C)(C3)C1)C2)C(=O)N1Cc2ccccc2C1,5.0,467.65400000000034,4.7591000000000045,2,4
25642661,CHEMBL5427056,IC50,>,10000.0,nM,,CHEMBL284,Dipeptidyl peptidase 4,CC(C)(C)COC(=O)NC12CC3CC(CC(NCC(=O)N4Cc5ccccc5C4)(C3)C1)C2,5.0,439.6000000000003,3.9821000000000026,2,4
25642662,CHEMBL5409197,IC50,>,10000.0,nM,,CHEMBL284,Dipeptidyl peptidase 4,O=C(NC12CC3CC(CC(NCC(=O)N4Cc5ccccc5C4)(C3)C1)C2)OCC(Cl)(Cl)Cl,5.0,500.85400000000027,4.306200000000003,2,4
25642663,CHEMBL5403872,IC50,>,10000.0,nM,,CHEMBL284,Dipeptidyl peptidase 4,CC(C)(C)NC(=O)NC12CC3CC(CC(NCC(=O)N4Cc5ccccc5C4)(C3)C1)C2,5.0,424.5890000000003,3.307500000000002,3,3
25642664,CHEMBL5398643,IC50,>,10000.0,nM,,CHEMBL284,Dipeptidyl peptidase 4,CC(C)(C)NC(=O)NC12CC3CC(CC(NCC(=O)N4Cc5ccc(F)cc5C4)(C3)C1)C2,5.0,442.5790000000003,3.446600000000002,3,3
25642665,CHEMBL5407990,IC50,>,10000.0,nM,,CHEMBL284,Dipeptidyl peptidase 4,CC(C)(C)NC(=O)NC12CC3CC(CC(NCC(=O)N4Cc5cc(F)c(F)cc5C4)(C3)C1)C2,5.0,460.5690000000003,3.585700000000002,3,3
25642666,CHEMBL5400525,IC50,>,10000.0,nM,,CHEMBL284,Dipeptidyl peptidase 4,O=C(NC12CC3CC(CC(C3)C1)C2)NC12CC3CC(CC(NCC(=O)N4Cc5ccccc5C4)(C3)C1)C2,5.0,502.7030000000004,4.477800000000003,3,3
25642667,CHEMBL5437013,IC50,>,10000.0,nM,,CHEMBL284,Dipeptidyl peptidase 4,O=C(NCc1ccccc1)NC12CC3CC(CC(NCC(=O)N4Cc5ccccc5C4)(C3)C1)C2,5.0,458.60600000000034,3.7092000000000027,3,3
25642668,CHEMBL5429638,IC50,>,10000.0,nM,,CHEMBL284,Dipeptidyl peptidase 4,CC(C)(C)C(=O)NC12CC3CC(CC(NCC(=O)N4Cc5ccccc5C4)(C3)C1)C2,5.0,409.57400000000024,3.3721000000000014,2,3
25642669,CHEMBL5438620,IC50,>,10000.0,nM,,CHEMBL284,Dipeptidyl peptidase 4,O=C(CNC12CC3CC(C1)CC(NC(=O)C14CC5CC(CC(C5)C1)C4)(C3)C2)N1Cc2ccccc2C1,5.0,487.68800000000044,4.542400000000002,2,3
25642670,CHEMBL5431284,IC50,>,10000.0,nM,,CHEMBL284,Dipeptidyl peptidase 4,O=C(CNC12CC3CC(C1)CC(NC(=O)C14CC5CC(CC(C5)C1)C4)(C3)C2)N1Cc2ccc(F)cc2C1,5.0,505.67800000000045,4.681500000000003,2,3
25642671,CHEMBL5425364,IC50,>,10000.0,nM,,CHEMBL284,Dipeptidyl peptidase 4,O=C(CC12CC3CC(CC(O)(C3)C1)C2)NC12CC3CC(CC(NCC(=O)N4Cc5ccccc5C4)(C3)C1)C2,5.0,517.7140000000004,4.047400000000002,3,4
25642672,CHEMBL5401924,IC50,>,10000.0,nM,,CHEMBL284,Dipeptidyl peptidase 4,N#Cc1ccc(CCC(=O)NC23CC4CC(CC(NCC(=O)N5Cc6ccccc6C5)(C4)C2)C3)cc1,5.0,482.6280000000004,3.8304800000000023,2,4
25642673,CHEMBL5398362,IC50,>,10000.0,nM,,CHEMBL284,Dipeptidyl peptidase 4,CC(C)(C)OC(=O)N[C@@H](Cc1ccccc1)C(=O)NC12CC3CC(CC(NCC(=O)N4Cc5ccccc5C4)(C3)C1)C2,5.0,572.75,4.462000000000004,3,5
25642824,CHEMBL5425473,IC50,=,3500.0,nM,5.46,CHEMBL284,Dipeptidyl peptidase 4,N[C@H](C(=O)N1Cc2ccccc2C1)C1CCC(O)CC1,5.455931955649724,274.36400000000003,1.4071999999999993,2,3
25642826,CHEMBL5440616,IC50,>,10000.0,nM,,CHEMBL284,Dipeptidyl peptidase 4,CCCCOC12CC3CC(CC(NCC(=O)N4Cc5ccccc5C4)(C3)C1)C2,5.0,382.5480000000002,4.026500000000003,1,3
25832291,CHEMBL5523593,IC50,=,440.0,nM,6.36,CHEMBL284,Dipeptidyl peptidase 4,O=C(NC12CC3CC(CC(NCC(=O)N4Cc5ccc(F)cc5C4)(C3)C1)C2)OCCOCCNc1ccc([N+](=O)[O-])c2nonc12,6.356547323513812,637.6690000000003,3.648200000000001,3,11
25832292,CHEMBL5527979,IC50,=,1700.0,nM,5.77,CHEMBL284,Dipeptidyl peptidase 4,O=C(NC12CC3CC(CC(NCC(=O)N4Cc5cc(F)c(F)cc5C4)(C3)C1)C2)OCCOCCNc1ccc([N+](=O)[O-])c2nonc12,5.769551078621726,655.6590000000003,3.787300000000002,3,11
25832293,CHEMBL5559023,IC50,>,10000.0,nM,,CHEMBL284,Dipeptidyl peptidase 4,CN(C)c1cccc2c(S(=O)(=O)NCCOCCOC(=O)NC34CC5CC(CC(NCC(=O)N6Cc7ccc(F)cc7C6)(C5)C3)C4)cccc12,5.0,707.869,4.289400000000003,3,8
25832294,CHEMBL5555335,IC50,>,10000.0,nM,,CHEMBL284,Dipeptidyl peptidase 4,CN(C)c1cccc2c(S(=O)(=O)NCCOCCOC(=O)NC34CC5CC(CC(NCC(=O)N6Cc7cc(F)c(F)cc7C6)(C5)C3)C4)cccc12,5.0,725.859,4.428500000000002,3,8
25832295,CHEMBL5558252,IC50,>,10000.0,nM,,CHEMBL284,Dipeptidyl peptidase 4,CC[N+]1=C(/C=C/C=C2/N(CCCCCC(=O)NC34CC5CC(CC(NCC(=O)N6Cc7cc(F)c(F)cc7C6)(C5)C3)C4)c3ccc(S(=O)(=O)O)cc3C2(C)C)C(C)(C)c2cc(S(=O)(=O)[O-])ccc21,5.0,974.2059999999998,7.6496000000000075,3,9
25832296,CHEMBL5558218,IC50,>,10000.0,nM,,CHEMBL284,Dipeptidyl peptidase 4,O=C(CCCCC1SCC2NC(=O)NC21)NCCOCCOC(=O)NC12CC3CC(CC(NCC(=O)N4Cc5ccc(F)cc5C4)(C3)C1)C2,5.0,700.878,2.9337000000000053,5,8
25832297,CHEMBL5505931,IC50,>,10000.0,nM,,CHEMBL284,Dipeptidyl peptidase 4,O=C(CCCCC1SCC2NC(=O)NC21)NCCOCCNC(=O)NC12CC3CC(CC(NCC(=O)N4Cc5ccc(F)cc5C4)(C3)C1)C2,5.0,699.894,2.506700000000005,6,7
25832298,CHEMBL5542622,IC50,>,10000.0,nM,,CHEMBL284,Dipeptidyl peptidase 4,O=C(CCCCC1SCC2NC(=O)NC21)NCCOCCOCCNC(=O)NC12CC3CC(CC(NCC(=O)N4Cc5ccc(F)cc5C4)(C3)C1)C2,5.0,743.947,2.523300000000006,6,8
25832299,CHEMBL5555956,IC50,>,10000.0,nM,,CHEMBL284,Dipeptidyl peptidase 4,O=C(CCCCC1SCC2NC(=O)NC21)NCCOCCOC(=O)NC12CC3CC(CC(NCC(=O)N4Cc5cc(F)c(F)cc5C4)(C3)C1)C2,5.0,718.868,3.0728000000000053,5,8
25832300,CHEMBL5558204,IC50,>,10000.0,nM,,CHEMBL284,Dipeptidyl peptidase 4,O=C(CCCCC1SCC2NC(=O)NC21)NCCOCCNC(=O)NC12CC3CC(CC(NCC(=O)N4Cc5cc(F)c(F)cc5C4)(C3)C1)C2,5.0,717.884,2.6458000000000057,6,7
25832301,CHEMBL5558846,IC50,>,10000.0,nM,,CHEMBL284,Dipeptidyl peptidase 4,O=C(CCCCC1SCC2NC(=O)NC21)NCCOCCOCCNC(=O)NC12CC3CC(CC(NCC(=O)N4Cc5cc(F)c(F)cc5C4)(C3)C1)C2,5.0,761.937,2.662400000000006,6,8
25919209,CHEMBL5555832,IC50,>,100000.0,nM,,CHEMBL284,Dipeptidyl peptidase 4,CN1CCN(C(=O)c2cc(Br)cc([N+](=O)[O-])c2N[C@@H]2CCCC[C@@H]2NC(=O)c2cc(=O)[nH]c3c(F)cccc23)CC1,4.0,629.4870000000002,3.8786000000000023,3,7
25986874,CHEMBL5562853,IC50,>,10000.0,nM,,CHEMBL284,Dipeptidyl peptidase 4,COC(CF)COc1ccc2nccc(C(=O)NCC(=O)N3CC(F)(F)C[C@H]3C#N)c2c1,5.0,450.41700000000026,2.0876799999999998,1,6
25986875,CHEMBL5590792,IC50,>,10000.0,nM,,CHEMBL284,Dipeptidyl peptidase 4,N#C[C@@H]1CC(F)(F)CN1C(=O)CNC(=O)c1ccnc2ccc(OCC(O)CF)cc12,5.0,436.3900000000002,1.43358,2,6
25986876,CHEMBL5569691,IC50,>,10000.0,nM,,CHEMBL284,Dipeptidyl peptidase 4,CC1(C)O[C@@H](CF)[C@H](COc2ccc3nccc(C(=O)NCC(=O)N4CC(F)(F)C[C@H]4C#N)c3c2)O1,5.0,506.4810000000003,2.5927800000000003,1,7
25986877,CHEMBL5566659,IC50,>,10000.0,nM,,CHEMBL284,Dipeptidyl peptidase 4,N#C[C@@H]1CC(F)(F)CN1C(=O)CNC(=O)c1ccnc2ccc(OC[C@H](O)[C@@H](O)CF)cc12,5.0,466.4160000000002,0.7944799999999996,3,7
25986878,CHEMBL5566777,IC50,>,10000.0,nM,,CHEMBL284,Dipeptidyl peptidase 4,C[N+](C)(CF)CCCOc1ccc2nccc(C(=O)NCC(=O)N3CC(F)(F)C[C@H]3C#N)c2c1.O=S(=O)([O-])c1ccccc1,5.0,635.6650000000003,3.0873800000000013,1,8
26036392,CHEMBL1201174,IC50,=,9.0,nM,8.05,CHEMBL284,Dipeptidyl peptidase 4,N[C@@H](CC(=O)N1CCn2c(nnc2C(F)(F)F)C1)Cc1cc(F)c(F)cc1F.O.O=P(O)(O)O,8.045757490560675,523.3270000000002,0.2631999999999995,4,5
26036394,CHEMBL2105754,IC50,=,4.0,nM,8.4,CHEMBL284,Dipeptidyl peptidase 4,Cn1c(=O)cc(N2CCC[C@@H](N)C2)n(Cc2cc(F)ccc2C#N)c1=O.O=C(O)CCC(=O)O,8.397940008672037,475.47700000000026,0.4693800000000018,3,7
26036395,CHEMBL5597715,IC50,=,2.27,nM,8.64,CHEMBL284,Dipeptidyl peptidase 4,Cc1nnc(N2CCC[C@@H](N)C2)n(Cc2cc(F)ccc2C#N)c1=O.O=C(O)c1ccccc1,8.643974142806877,464.5010000000002,2.3181000000000003,2,7
26036399,CHEMBL5598215,IC50,=,10.3,nM,7.99,CHEMBL284,Dipeptidyl peptidase 4,N[C@@H](CC(=O)N1CCc2c(nc(C(F)(F)F)nc2C(F)(F)F)C1)CN1CC(F)(F)CCC1=O.N[C@@H](CC(=O)N1CCc2c(nc(C(F)(F)F)nc2C(F)(F)F)C1)CN1CC(F)(F)CCC1=O.O.O.O.O=C(O)[C@H](O)[C@@H](O)C(=O)O.O=C(O)[C@H](O)[C@@H](O)C(=O)O,7.987162775294828,1332.9510000000002,-1.9712999999999918,10,18
26036400,CHEMBL5596356,IC50,=,1.0,nM,9.0,CHEMBL284,Dipeptidyl peptidase 4,Br.Cc1cc(N2CCN([C@@H]3CN[C@H](C(=O)N4CCSC4)C3)CC2)n(-c2ccccc2)n1.O,9.0,525.5170000000003,1.3193199999999992,1,6
26050013,CHEMBL5598430,IC50,>,10000.0,nM,,CHEMBL284,Dipeptidyl peptidase 4,Cn1c(=O)c2c(nc(S(C)(=O)=O)n2C)n(CC#Cc2cccc(NC(=O)CN3CCN(c4ccc5c(c4)C(=O)N(C4CCC(=O)NC4=O)C5=O)CC3)c2)c1=O,5.0,769.7969999999999,-0.9491999999999938,2,12
26141918,CHEMBL5630729,IC50,=,90.0,nM,7.05,CHEMBL284,Dipeptidyl peptidase 4,COc1cc(/C=C2\SC(=O)N(C(=O)CN3CCOCC3)C2=O)ccc1O,7.045757490560675,378.4060000000001,1.2959,1,8
26141922,CHEMBL5630847,IC50,=,16210.0,nM,4.79,CHEMBL284,Dipeptidyl peptidase 4,CS(=O)(=O)N1CCN(CC(=O)N2C(=O)S/C(=C\c3ccc([N+](=O)[O-])cc3)C2=O)CC1,4.790216985151485,454.4860000000003,0.7348999999999999,0,9
26141923,CHEMBL5630820,IC50,=,8030.0,nM,5.09,CHEMBL284,Dipeptidyl peptidase 4,O=C(CN1CCN(S(=O)(=O)c2ccccc2)CC1)N1C(=O)S/C(=C\c2ccc([N+](=O)[O-])cc2)C1=O,5.095284454721319,516.5570000000002,2.1642,0,9
26141924,CHEMBL5630400,IC50,=,34340.0,nM,4.46,CHEMBL284,Dipeptidyl peptidase 4,O=C(CN1CCn2c(nnc2C(F)(F)F)C1)N1C(=O)S/C(=C\c2ccc([N+](=O)[O-])cc2)C1=O,4.4641997091751024,482.4000000000002,2.2838000000000003,0,9
26141925,CHEMBL5630282,IC50,=,14940.0,nM,4.83,CHEMBL284,Dipeptidyl peptidase 4,CS(=O)(=O)n1cc2c(n1)CN(CC(=O)N1C(=O)S/C(=C\c3ccc([N+](=O)[O-])cc3)C1=O)C2,4.82564940252062,477.48000000000025,1.1776999999999995,0,10
26141926,CHEMBL5624477,IC50,=,3070.0,nM,5.51,CHEMBL284,Dipeptidyl peptidase 4,O=C1c2ccccc2C(=O)N1CC(=O)N1C(=O)S/C(=C\c2ccc([N+](=O)[O-])cc2)C1=O,5.512861624522814,437.3890000000001,2.453900000000001,0,8
26141927,CHEMBL5624654,IC50,=,2130.0,nM,5.67,CHEMBL284,Dipeptidyl peptidase 4,CS(=O)(=O)N1CCN(CC(=O)N2C(=O)S/C(=C\c3ccc(F)c(F)c3)C2=O)CC1,5.671620396561262,445.4690000000002,1.1049,0,7
26141928,CHEMBL5630679,IC50,=,6270.0,nM,5.2,CHEMBL284,Dipeptidyl peptidase 4,O=C(CN1CCN(S(=O)(=O)c2ccccc2)CC1)N1C(=O)S/C(=C\c2ccc(F)c(F)c2)C1=O,5.202732459169283,507.54000000000025,2.534200000000001,0,7
26141929,CHEMBL5629890,IC50,=,1220.0,nM,5.91,CHEMBL284,Dipeptidyl peptidase 4,O=C(CN1CCn2c(nnc2C(F)(F)F)C1)N1C(=O)S/C(=C\c2ccc(F)c(F)c2)C1=O,5.913640169325252,473.38300000000015,2.6538000000000013,0,7
26141930,CHEMBL5624938,IC50,=,2770.0,nM,5.56,CHEMBL284,Dipeptidyl peptidase 4,CS(=O)(=O)n1cc2c(n1)CN(CC(=O)N1C(=O)S/C(=C\c3ccc(F)c(F)c3)C1=O)C2,5.557520230935552,468.4630000000002,1.5476999999999996,0,8
26141931,CHEMBL5630880,IC50,=,8010.0,nM,5.1,CHEMBL284,Dipeptidyl peptidase 4,O=C1c2ccccc2C(=O)N1CC(=O)N1C(=O)S/C(=C\c2ccc(F)c(F)c2)C1=O,5.096367483915762,428.37200000000007,2.823900000000001,0,6
26141932,CHEMBL5630180,IC50,=,220.0,nM,6.66,CHEMBL284,Dipeptidyl peptidase 4,CS(=O)(=O)N1CCN(CC(=O)N2C(=O)S/C(=C\c3ccc(OCc4ccccc4)cc3)C2=O)CC1,6.657577319177793,515.6130000000003,2.4057000000000004,0,8
26141933,CHEMBL5624515,IC50,=,126.0,nM,6.9,CHEMBL284,Dipeptidyl peptidase 4,O=C(CN1CCN(S(=O)(=O)c2ccccc2)CC1)N1C(=O)S/C(=C\c2ccc(OCc3ccccc3)cc2)C1=O,6.899629454882437,577.6840000000003,3.8350000000000035,0,8
26141934,CHEMBL5630566,IC50,=,118.0,nM,6.93,CHEMBL284,Dipeptidyl peptidase 4,O=C(CN1CCn2c(nnc2C(F)(F)F)C1)N1C(=O)S/C(=C\c2ccc(OCc3ccccc3)cc2)C1=O,6.928117992693875,543.5270000000003,3.954600000000003,0,8
26141935,CHEMBL5631021,IC50,=,90.0,nM,7.05,CHEMBL284,Dipeptidyl peptidase 4,CS(=O)(=O)n1cc2c(n1)CN(CC(=O)N1C(=O)S/C(=C\c3ccc(OCc4ccccc4)cc3)C1=O)C2,7.045757490560675,538.6070000000002,2.8485000000000005,0,9
26141936,CHEMBL5624847,IC50,=,83.0,nM,7.08,CHEMBL284,Dipeptidyl peptidase 4,O=C1c2ccccc2C(=O)N1CC(=O)N1C(=O)S/C(=C\c2ccc(OCc3ccccc3)cc2)C1=O,7.080921907623926,498.5160000000002,4.124700000000003,0,7
26141937,CHEMBL5624539,IC50,=,428.0,nM,6.37,CHEMBL284,Dipeptidyl peptidase 4,CS(=O)(=O)N1CCN(CC(=O)N2C(=O)S/C(=C\c3ccc(NC(=O)c4cc(O)c(O)c(O)c4)cc3)C2=O)CC1,6.368556230986828,576.6090000000002,1.1957999999999995,4,11
26141938,CHEMBL5624476,IC50,=,169.0,nM,6.77,CHEMBL284,Dipeptidyl peptidase 4,O=C(Nc1ccc(/C=C2\SC(=O)N(C(=O)CN3CCN(S(=O)(=O)c4ccccc4)CC3)C2=O)cc1)c1cc(O)c(O)c(O)c1,6.772113295386326,638.6800000000004,2.6251000000000015,4,11
26141939,CHEMBL5631075,IC50,=,67.0,nM,7.17,CHEMBL284,Dipeptidyl peptidase 4,O=C(Nc1ccc(/C=C2\SC(=O)N(C(=O)CN3CCn4c(nnc4C(F)(F)F)C3)C2=O)cc1)c1cc(O)c(O)c(O)c1,7.173925197299173,604.5230000000004,2.7447000000000017,4,11
26141940,CHEMBL5630676,IC50,=,36.0,nM,7.44,CHEMBL284,Dipeptidyl peptidase 4,CS(=O)(=O)n1cc2c(n1)CN(CC(=O)N1C(=O)S/C(=C\c3ccc(NC(=O)c4cc(O)c(O)c(O)c4)cc3)C1=O)C2,7.443697499232712,599.6030000000002,1.6385999999999992,4,12
26141941,CHEMBL5624535,IC50,=,90.0,nM,7.05,CHEMBL284,Dipeptidyl peptidase 4,O=C(Nc1ccc(/C=C2\SC(=O)N(C(=O)CN3C(=O)c4ccccc4C3=O)C2=O)cc1)c1cc(O)c(O)c(O)c1,7.045757490560675,559.5120000000003,2.9148000000000023,4,10
26229130,CHEMBL3617973,IC50,>,30000.0,nM,,CHEMBL284,Dipeptidyl peptidase 4,CC1=C(C#N)[C@@H](c2ccc(C#N)cc2S(C)(=O)=O)N(C)C(=O)N1c1cccc(C(F)(F)F)c1,4.522878745280337,474.4640000000001,4.391260000000004,0,5
26769038,CHEMBL6033013,IC50,=,6.0,nM,8.22,CHEMBL284,Dipeptidyl peptidase 4,CC#CCn1c(N2CCCC(N)C2)nc2c1c(=O)n(Cc1nc(-c3ccccc3)c3ccccc3n1)c(=O)n2C1CC1,8.221848749616356,560.662,3.3039000000000014,1,7
27085583,CHEMBL5891902,IC50,=,4.4,nM,8.36,CHEMBL284,Dipeptidyl peptidase 4,N[C@H]1C[C@@H](N2Cc3nn4c(c3C2)CCCS4(=O)=O)CO[C@@H]1c1cc(F)ccc1F,8.356547323513812,424.4730000000001,1.4585,1,6
27085586,CHEMBL5790948,IC50,=,5.1,nM,8.29,CHEMBL284,Dipeptidyl peptidase 4,Cc1nn(S(C)(=O)=O)c2c1CN([C@H]1CO[C@H](c3cc(F)ccc3F)[C@@H](N)C1)C2,8.292429823902063,412.4620000000001,1.45052,1,6
27085589,CHEMBL6043018,IC50,=,18.2,nM,7.74,CHEMBL284,Dipeptidyl peptidase 4,N[C@H]1C[C@@H](N2Cc3cc(C(=O)O)sc3C2)CO[C@@H]1c1cc(F)ccc1F,7.739928612014925,380.416,2.8976000000000015,2,5
27085592,CHEMBL5828032,IC50,=,2.6,nM,8.59,CHEMBL284,Dipeptidyl peptidase 4,CS(=O)(=O)c1ccc2c(c1)CN([C@H]1CO[C@H](c3cc(F)ccc3F)[C@@H](N)C1)C2,8.585026652029182,408.47000000000014,2.541400000000001,1,5
27085595,CHEMBL5791601,IC50,=,6.5,nM,8.19,CHEMBL284,Dipeptidyl peptidase 4,N[C@H]1C[C@@H](N2Cc3ccc(Br)cc3C2)CO[C@@H]1c1cc(F)ccc1F,8.187086643357144,409.2740000000001,3.900400000000003,1,3
27085598,CHEMBL5763347,IC50,=,3.8,nM,8.42,CHEMBL284,Dipeptidyl peptidase 4,N[C@H]1C[C@@H](N2Cc3ccc(S(N)(=O)=O)cc3C2)CO[C@@H]1c1cc(F)ccc1F,8.42021640338319,409.4580000000001,1.7852999999999999,2,5
27085601,CHEMBL5894572,IC50,=,3.2,nM,8.49,CHEMBL284,Dipeptidyl peptidase 4,N[C@H]1C[C@@H](N2Cc3ccc(S(=O)(=O)C4CC4)cc3C2)CO[C@@H]1c1cc(F)ccc1F,8.494850021680094,434.50800000000015,3.0740000000000016,1,5
27336665,CHEMBL5939140,IC50,=,4.0,nM,8.4,CHEMBL284,Dipeptidyl peptidase 4,CC=CCn1c(N2CCC[C@H](N)C2)nc2c1c(=O)n(CC(=O)c1ccccc1NC(=O)C(C)C)c(=O)n2C,8.397940008672037,521.6220000000003,1.8777000000000001,2,7
27715985,CHEMBL6057823,IC50,=,0.21,nM,9.68,CHEMBL284,Dipeptidyl peptidase 4,CC#CCn1c(N2CCC[C@@H](N)C2)nc2c1c(=O)n(Cc1cccc(F)c1C#N)c(=O)n2C,9.67778070526608,449.4900000000002,0.9065799999999997,1,6
27715988,CHEMBL5896005,IC50,=,2.1,nM,8.68,CHEMBL284,Dipeptidyl peptidase 4,CC#CCn1c(N2CCC[C@@H](N)C2)nc2c1c(=O)n(Cc1cc(F)c(F)cc1C#N)c(=O)n2C,8.67778070526608,467.4800000000002,1.04568,1,6
27715991,CHEMBL5914058,IC50,=,0.08,nM,10.1,CHEMBL284,Dipeptidyl peptidase 4,CC#CCn1c(N2CCC[C@@H](N)C2)nc2c1c(=O)n(Cc1nccnc1C#N)c(=O)n2C,10.096910013008056,433.47600000000017,-0.4425199999999978,1,8
27715994,CHEMBL5834108,IC50,=,4.8,nM,8.32,CHEMBL284,Dipeptidyl peptidase 4,CC#CCn1c(N2CCC[C@@H](N)C2)nc2c1c(=O)n(Cc1ncccc1C(=O)OC)c(=O)n2C,8.318758762624412,465.51400000000024,0.07740000000000213,1,8
27811388,CHEMBL6051249,IC50,=,3320.0,nM,5.48,CHEMBL284,Dipeptidyl peptidase 4,NC1Cc2c(O)cccc2OC1c1cc(F)c(F)cc1F,5.478861916295964,295.25999999999993,2.8130000000000015,2,3
27811391,CHEMBL6011250,IC50,=,207.0,nM,6.68,CHEMBL284,Dipeptidyl peptidase 4,NC1Cc2c(ccc3ccc(=O)oc23)OC1c1cc(F)c(F)cc1F,6.684029654543083,347.292,3.2138000000000018,1,4
27811397,CHEMBL5756206,IC50,=,283.0,nM,6.55,CHEMBL284,Dipeptidyl peptidase 4,NC1Cc2cc(O)ccc2OC1c1cc(F)c(F)cc1F,6.548213564475709,295.25999999999993,2.8130000000000015,2,3
27811409,CHEMBL6013719,IC50,=,216.0,nM,6.67,CHEMBL284,Dipeptidyl peptidase 4,NC1Cc2c(ccc3ccc(Br)cc23)OC1c1cc(F)c(F)cc1F,6.665546248849069,408.21700000000004,5.023100000000002,1,2
27811412,CHEMBL5944167,IC50,=,9.17,nM,8.04,CHEMBL284,Dipeptidyl peptidase 4,N#Cc1ccc2c3c(ccc2c1)O[C@H](c1cc(F)c(F)cc1F)[C@@H](N)C3,8.03763066432998,354.3310000000001,4.1322800000000015,1,3
27811415,CHEMBL5857197,IC50,=,18.0,nM,7.75,CHEMBL284,Dipeptidyl peptidase 4,NC1Cc2c(ccc3cc(OC=O)ccc23)OC1c1cc(F)c(F)cc1F,7.7447274948966935,373.33,3.7958000000000025,1,4
27811418,CHEMBL6033078,IC50,=,205.0,nM,6.69,CHEMBL284,Dipeptidyl peptidase 4,N#Cc1ccc2ccc3c(c2c1)CC(N)C(c1cc(F)c(F)cc1F)O3,6.688246138944246,354.331,4.132280000000002,1,3
27811421,CHEMBL5914704,IC50,=,4.0,nM,8.4,CHEMBL284,Dipeptidyl peptidase 4,COc1cc2ccc3c(c2cc1OC)C[C@H](N)C(c1cc(F)c(F)cc1F)O3,8.397940008672037,389.37300000000005,4.277800000000003,1,4
27811424,CHEMBL5750623,IC50,=,169.0,nM,6.77,CHEMBL284,Dipeptidyl peptidase 4,CS(=O)(=O)c1ccc(-c2ccc3ccc4c(c3c2)CC(N)C(c2cc(F)c(F)cc2F)O4)cc1,6.772113295386326,483.5110000000002,5.331100000000005,1,4
27811427,CHEMBL5980526,IC50,=,74.0,nM,7.13,CHEMBL284,Dipeptidyl peptidase 4,N[C@H]1Cc2c(ccc3ccc(-c4cccc(C[SH](=O)=O)c4)cc23)O[C@@H]1c1cc(F)c(F)cc1F,7.130768280269024,483.51100000000014,5.039000000000003,2,4
27811430,CHEMBL5829004,IC50,=,110.0,nM,6.96,CHEMBL284,Dipeptidyl peptidase 4,NC1Cc2c(ccc3ccccc23)OC1c1cc(F)c(F)cc1F,6.958607314841775,329.32099999999997,4.260600000000002,1,2
27811439,CHEMBL5882105,IC50,=,11.0,nM,7.96,CHEMBL284,Dipeptidyl peptidase 4,CS(=O)(=O)Nc1ccc2c3c(ccc2c1)OC(c1cc(F)c(F)cc1F)C(N)C3,7.958607314841775,422.42800000000017,3.632100000000001,2,4
27811445,CHEMBL5749167,IC50,=,70.0,nM,7.16,CHEMBL284,Dipeptidyl peptidase 4,NC1Cc2c(ccc3cc(N4CCOCC4)ccc23)OC1c1cc(F)c(F)cc1F,7.154901959985743,414.427,4.0972000000000035,1,4
27811454,CHEMBL4550812,IC50,=,2.0,nM,8.7,CHEMBL284,Dipeptidyl peptidase 4,COc1cc2c3c(ccc2cc1C#N)O[C@H](c1cc(F)c(F)cc1F)[C@@H](N)C3,8.698970004336019,384.3570000000001,4.140880000000002,1,4
27811457,CHEMBL5958101,IC50,=,564.0,nM,6.25,CHEMBL284,Dipeptidyl peptidase 4,COc1ccc2ccc3c(c2c1)CC(N)C(c1ccccc1F)O3,6.248720896016658,323.367,3.9910000000000023,1,3
27811460,CHEMBL5814595,IC50,=,800.0,nM,6.1,CHEMBL284,Dipeptidyl peptidase 4,COc1ccc2ccc3c(c2c1)CC(N)C(c1ccc(F)cc1)O3,6.096910013008056,323.367,3.9910000000000023,1,3
27811463,CHEMBL5786497,IC50,=,78.0,nM,7.11,CHEMBL284,Dipeptidyl peptidase 4,COc1ccc2ccc3c(c2c1)CC(N)C(c1ccc(F)cc1F)O3,7.107905397309519,341.357,4.130100000000003,1,3
27811466,CHEMBL5976169,IC50,=,33.0,nM,7.48,CHEMBL284,Dipeptidyl peptidase 4,COc1ccc2ccc3c(c2c1)CC(N)C(c1cc(F)ccc1F)O3,7.481486060122112,341.357,4.130100000000002,1,3
27811469,CHEMBL5916381,IC50,=,338.0,nM,6.47,CHEMBL284,Dipeptidyl peptidase 4,COc1ccc2ccc3c(c2c1)CC(N)C(c1ccccc1Cl)O3,6.471083299722345,339.822,4.505300000000003,1,3
27811472,CHEMBL5902002,IC50,=,678.0,nM,6.17,CHEMBL284,Dipeptidyl peptidase 4,COc1ccc2ccc3c(c2c1)CC(N)C(c1ccc(Cl)cc1Cl)O3,6.168770306132936,374.26700000000005,5.158700000000003,1,3
27811475,CHEMBL5826806,IC50,=,56.0,nM,7.25,CHEMBL284,Dipeptidyl peptidase 4,COc1cc2ccc3c(c2cc1OC)CC(N)C(c1ccc(F)cc1F)O3,7.251811972993799,371.38300000000004,4.138700000000003,1,4
27811478,CHEMBL5964811,IC50,=,254.0,nM,6.59,CHEMBL284,Dipeptidyl peptidase 4,COc1cc2ccc3c(c2cc1OC)CC(N)C(c1ccccc1)O3,6.5951662833800615,335.403,3.860500000000002,1,4
27811481,CHEMBL6057630,IC50,=,55.0,nM,7.26,CHEMBL284,Dipeptidyl peptidase 4,COc1cc2ccc3c(c2cc1OC)CC(N)C(c1ccc(Cl)cc1Cl)O3,7.259637310505756,404.2930000000001,5.167300000000004,1,4
28152422,CHEMBL5888255,IC50,=,2.98,nM,8.53,CHEMBL284,Dipeptidyl peptidase 4,N[C@H]1C[C@@H](N2Cc3ccc(N4CCC(O)(C(=O)NCc5cc(F)cc(F)c5F)C4=O)cc3C2)CO[C@@H]1c1cc(F)ccc1F,8.525783735923746,616.5870000000003,3.3394000000000013,3,6
28152434,CHEMBL6000557,IC50,=,3.67,nM,8.44,CHEMBL284,Dipeptidyl peptidase 4,N[C@H]1C[C@@H](N2Cc3ccc(N4CCC(O)(C(=O)NCc5cccc(F)c5F)C4=O)cc3C2)CO[C@@H]1c1cc(F)ccc1F,8.435333935747911,598.5970000000003,3.2003000000000013,3,6
28152446,CHEMBL5881243,IC50,=,16.4,nM,7.79,CHEMBL284,Dipeptidyl peptidase 4,N[C@H]1C[C@@H](N2CCN(c3ncc(N4CCC(O)(C(=O)NCc5cccc(F)c5F)C4=O)cn3)CC2)CO[C@@H]1c1cc(F)ccc1F,7.785156151952302,643.6420000000003,1.7967000000000009,3,9
28152458,CHEMBL5964362,IC50,=,16.5,nM,7.78,CHEMBL284,Dipeptidyl peptidase 4,N[C@H]1C[C@@H](N2CCN(c3ncc(N4CCC(O)(C(=O)NCc5cc(F)cc(F)c5F)C4=O)cn3)CC2)CO[C@@H]1c1cc(F)ccc1F,7.782516055786093,661.6320000000003,1.9358000000000002,3,9
28152470,CHEMBL5903124,IC50,=,17.5,nM,7.76,CHEMBL284,Dipeptidyl peptidase 4,N[C@H]1C[C@@H](N2CCN(c3ccc(N4CC[C@](O)(C(=O)NCc5cc(F)cc(Cl)c5)C4=O)cn3)CC2)CO[C@@H]1c1cc(F)ccc1F,7.756961951313706,659.1090000000003,2.9160000000000004,3,8
28152482,CHEMBL5859631,IC50,=,1.91,nM,8.72,CHEMBL284,Dipeptidyl peptidase 4,N[C@H]1C[C@@H](n2cc(N3CCC(O)(C(=O)NCc4cc(Cl)cc(Cl)c4)C3=O)cn2)CO[C@@H]1c1cc(F)ccc1F,8.718966632752272,580.4190000000003,3.282300000000002,3,6
28152494,CHEMBL5968543,IC50,=,1.88,nM,8.73,CHEMBL284,Dipeptidyl peptidase 4,N[C@H]1C[C@@H](n2cc(N3CCC(O)(C(=O)NCc4cc(Cl)cc(Cl)c4F)C3=O)cn2)CO[C@@H]1c1cc(F)ccc1F,8.72584215073632,598.4090000000003,3.421400000000002,3,6
28152506,CHEMBL5993878,IC50,=,1.67,nM,8.78,CHEMBL284,Dipeptidyl peptidase 4,N[C@H]1C[C@@H](n2ncc(N3CC[C@](O)(C(=O)NCc4cc(F)cc(Cl)c4)C3=O)n2)CO[C@@H]1c1cc(F)ccc1F,8.777283528852417,564.9520000000002,2.1629999999999994,3,7
28152518,CHEMBL5998893,IC50,=,2.71,nM,8.57,CHEMBL284,Dipeptidyl peptidase 4,N[C@H]1C[C@@H](n2ncc(N3CCC(O)(C(=O)NCc4cccc(F)c4F)C3=O)n2)CO[C@@H]1c1cc(F)ccc1F,8.567030709125595,548.4970000000002,1.6486999999999992,3,7
28152530,CHEMBL5818540,IC50,=,2.96,nM,8.53,CHEMBL284,Dipeptidyl peptidase 4,N[C@H]1C[C@@H](n2ncc(N3CCC(O)(C(=O)NCc4cc(F)cc(F)c4F)C3=O)n2)CO[C@@H]1c1cc(F)ccc1F,8.528708288941061,566.4870000000002,1.787799999999999,3,7
28152542,CHEMBL5756218,IC50,<,1.52,nM,,CHEMBL284,Dipeptidyl peptidase 4,N[C@H]1C[C@@H](n2ncc(N3CCC(O)(C(=O)NCc4cc(Cl)cc(Cl)c4F)C3=O)n2)CO[C@@H]1c1cc(F)ccc1F,8.818156412055227,599.3970000000003,2.8164000000000007,3,7
28152554,CHEMBL6054858,IC50,=,3.43,nM,8.46,CHEMBL284,Dipeptidyl peptidase 4,N[C@H]1C[C@@H](n2ccc(N3CC[C@](O)(C(=O)NCc4cc(F)cc(Cl)c4)C3=O)n2)CO[C@@H]1c1cc(F)ccc1F,8.46470587995723,563.9640000000003,2.7680000000000007,3,6
28152566,CHEMBL5914544,IC50,=,3.27,nM,8.48,CHEMBL284,Dipeptidyl peptidase 4,N[C@H]1C[C@@H](n2ccc(N3CCC(O)(C(=O)NCc4cc(Cl)cc(Cl)c4F)C3=O)n2)CO[C@@H]1c1cc(F)ccc1F,8.485452247339714,598.4090000000003,3.421400000000002,3,6
28152578,CHEMBL5858632,IC50,=,7.56,nM,8.12,CHEMBL284,Dipeptidyl peptidase 4,N[C@H]1C[C@@H](n2ccc(N3CCC(O)(C(=O)NCc4cc(F)cc(F)c4F)C3=O)n2)CO[C@@H]1c1cc(F)ccc1F,8.121478204498793,565.4990000000003,2.3928000000000003,3,6
28152590,CHEMBL5961410,IC50,=,6.23,nM,8.21,CHEMBL284,Dipeptidyl peptidase 4,N[C@H]1C[C@@H](n2ccc(N3CCC(O)(C(=O)NCc4cc(F)cc(F)c4)C3=O)n2)CO[C@@H]1c1cc(F)ccc1F,8.20551195334083,547.5090000000002,2.2536999999999994,3,6
28152602,CHEMBL5884216,IC50,=,6.76,nM,8.17,CHEMBL284,Dipeptidyl peptidase 4,N[C@H]1C[C@@H](n2ccc(N3CCC(O)(C(=O)NCc4cccc(F)c4)C3=O)n2)CO[C@@H]1c1cc(F)ccc1F,8.170053304058364,529.5190000000002,2.1145999999999994,3,6
28152614,CHEMBL5861052,IC50,=,14.7,nM,7.83,CHEMBL284,Dipeptidyl peptidase 4,N[C@H]1C[C@@H](N2CC=C(c3ncc(N4CC[C@](O)(C(=O)NCc5cc(F)cc(Cl)c5)C4=O)cn3)CC2)CO[C@@H]1c1cc(F)ccc1F,7.8326826652518236,657.0930000000002,3.278100000000001,3,8
28230539,CHEMBL5870057,IC50,=,0.21,nM,9.68,CHEMBL284,Dipeptidyl peptidase 4,C[C@H](NC(=O)c1cccc(Cl)c1)C(=O)N1CCn2c(nnc2C(F)(F)F)C1,9.67778070526608,401.776,2.111,1,4
28230542,CHEMBL5759838,IC50,=,1.84,nM,8.73,CHEMBL284,Dipeptidyl peptidase 4,O=C(CN1CCn2c(nnc2C(F)(F)F)C1)NC1CCCCC1,8.735182176990463,331.34200000000016,1.5613999999999995,1,4
28230545,CHEMBL5951803,IC50,=,0.18,nM,9.74,CHEMBL284,Dipeptidyl peptidase 4,N#Cc1cccc(NC(=O)CN2CCn3c(nnc3C(F)(F)F)C2)c1,9.744727494896694,350.304,1.62288,1,5
28459862,CHEMBL6059875,IC50,=,6400.0,nM,5.19,CHEMBL284,Dipeptidyl peptidase 4,N[C@H](C(=O)N1CCC[C@H]1B(O)O)C12CC3CC(CC(C3)C1)C2,5.1938200260161125,306.2150000000001,0.5330999999999995,3,4
28459883,CHEMBL6020304,IC50,=,6000.0,nM,5.22,CHEMBL284,Dipeptidyl peptidase 4,N[C@H](C(=O)N1CCC[C@H]1B(O)O)C12CC3CC(CC(Cl)(C3)C1)C2,5.221848749616356,340.6600000000001,0.8944999999999994,3,4
28459904,CHEMBL5981431,IC50,=,2800.0,nM,5.55,CHEMBL284,Dipeptidyl peptidase 4,CC1([C@H](N)C(=O)N2CCC[C@H]2B(O)O)CCCCC1,5.552841968657781,268.166,0.2870999999999997,3,4
28459946,CHEMBL5824868,IC50,=,2000.0,nM,5.7,CHEMBL284,Dipeptidyl peptidase 4,CC[C@@H](C)[C@H](N)C(=O)N1CCC[C@H]1B(O)O,5.698970004336019,228.10099999999997,-0.637199999999999,3,4
28459988,CHEMBL5968328,IC50,=,2900.0,nM,5.54,CHEMBL284,Dipeptidyl peptidase 4,CC1([C@H](N)C(=O)N2CCC[C@H]2B(O)O)CCCC1,5.5376020021010435,254.13899999999998,-0.10299999999999998,3,4
28460009,CHEMBL6004569,IC50,=,12000.0,nM,4.92,CHEMBL284,Dipeptidyl peptidase 4,CC(C)(F)[C@H](N)C(=O)N1CCC[C@H]1B(O)O,4.920818753952375,232.064,-0.9351999999999996,3,4
28460051,CHEMBL5804725,IC50,=,900.0,nM,6.05,CHEMBL284,Dipeptidyl peptidase 4,CN(CB(O)O)C(=O)[C@@H](N)CCC(=O)O,6.045757490560675,218.01799999999994,-2.351099999999998,4,5
28460111,CHEMBL5848496,IC50,=,500.0,nM,6.3,CHEMBL284,Dipeptidyl peptidase 4,CC1(C)CN[C@@H]1C(=O)N1CCC[C@H]1B(O)O,6.301029995663981,226.08499999999998,-1.0125999999999997,3,4
28460189,CHEMBL5925037,IC50,=,22000.0,nM,4.66,CHEMBL284,Dipeptidyl peptidase 4,N[C@H](C(=O)N1CCC[C@H]1B(O)O)C1(C(F)(F)F)CC1,4.657577319177793,280.05500000000006,-0.3408000000000002,3,4
28460228,CHEMBL5957037,IC50,=,7200.0,nM,5.14,CHEMBL284,Dipeptidyl peptidase 4,N[C@H](C(=O)N1CCC[C@H]1B(O)O)C12CC3CC(CC(O)(C3)C1)C2,5.142667503568732,322.2140000000001,-0.35199999999999987,4,5
28460249,CHEMBL5855171,IC50,=,830000.0,nM,,CHEMBL284,Dipeptidyl peptidase 4,CC[C@@H](C)[C@H](N)C(=O)N1Cc2ccccc2[C@H]1B(O)O,3.0809219076239263,276.145,0.45529999999999987,3,4
28460267,CHEMBL5790536,IC50,=,22000.0,nM,4.66,CHEMBL284,Dipeptidyl peptidase 4,CC[C@H](C)[C@H](N)C(=O)N1Cc2ccccc2[C@H]1B(O)O,4.657577319177793,276.145,0.45529999999999987,3,4
28460291,CHEMBL5918829,IC50,=,1000000.0,nM,,CHEMBL284,Dipeptidyl peptidase 4,N[C@@H](CC(=O)N1CCN(C(c2ccc(F)cc2)c2ccc(F)cc2)CC1)C(=O)N1Cc2ccccc2[C@H]1B(O)O,3.0,548.3990000000005,2.011300000000001,3,6
28460309,CHEMBL5760702,IC50,>,100000000.0,nM,,CHEMBL284,Dipeptidyl peptidase 4,N[C@H](C(=O)N1Cc2ccc(F)cc2C1)C1CCCCC1,1.0,276.355,2.575500000000001,1,2
28460327,CHEMBL6014994,IC50,>,100000000.0,nM,,CHEMBL284,Dipeptidyl peptidase 4,NC(=O)C[C@H](N)C(=O)N1Cc2ccc(F)cc2C1,1.0,251.26099999999997,-0.1294000000000004,2,3
28460345,CHEMBL5968423,IC50,=,54760000.0,nM,,CHEMBL284,Dipeptidyl peptidase 4,CN(C)C(=O)C[C@H](N)C(=O)N1Cc2ccc(F)cc2C1,1.2615365605380475,279.31500000000005,0.4735000000000001,1,3
28460363,CHEMBL6039540,IC50,=,2070000.0,nM,,CHEMBL284,Dipeptidyl peptidase 4,CC1([C@H](N)C(=O)N2Cc3ccc(F)cc3C2)CCCCC1,2.684029654543082,290.38200000000006,2.965600000000001,1,2
28460384,CHEMBL5837755,IC50,=,20270000.0,nM,,CHEMBL284,Dipeptidyl peptidase 4,CC(C)[C@H](N)C(=O)N1Cc2ccc(F)cc2[C@H]1B(O)O,1.6931462513069913,280.108,0.2042999999999997,3,4
28460402,CHEMBL5745532,IC50,=,9818000.0,nM,,CHEMBL284,Dipeptidyl peptidase 4,CC(C)(C)[C@H](N)C(=O)N1Cc2ccc(F)cc2[C@H]1B(O)O,2.0079769722361496,294.135,0.5944,3,4
28460423,CHEMBL5766821,IC50,=,60270000.0,nM,,CHEMBL284,Dipeptidyl peptidase 4,O=C([C@@H]1CCCCN1)N1Cc2ccc(F)cc2C1,1.2198988085320883,248.301,1.8099999999999996,1,2
28460441,CHEMBL6059646,IC50,>,100000000.0,nM,,CHEMBL284,Dipeptidyl peptidase 4,NCCCC[C@H](N)C(=O)N1Cc2ccc(F)cc2C1,1.0,265.332,1.1242000000000003,2,3
28460459,CHEMBL5768759,IC50,=,4426000.0,nM,,CHEMBL284,Dipeptidyl peptidase 4,N[C@H](C(=O)N1Cc2ccc(F)cc2C1)C1CCCC1,2.3539885904087607,262.328,2.1853999999999996,1,2
28460480,CHEMBL5791516,IC50,=,472000.0,nM,,CHEMBL284,Dipeptidyl peptidase 4,NC1(C(=O)N2Cc3ccc(F)cc3C2)CCNCC1,3.326058001365912,263.316,0.7487999999999995,2,3
28460498,CHEMBL5925489,IC50,>,100000000.0,nM,,CHEMBL284,Dipeptidyl peptidase 4,NC1(C(=O)N2Cc3ccccc3C2)CCNCC1,1.0,245.32599999999994,0.6096999999999992,2,3
28460516,CHEMBL5994541,IC50,>,100000000.0,nM,,CHEMBL284,Dipeptidyl peptidase 4,NC1(C(=O)N2CCSC2)CCNCC1,1.0,215.32199999999995,-0.39979999999999993,2,4
28460552,CHEMBL5892398,IC50,=,2000.0,nM,5.7,CHEMBL284,Dipeptidyl peptidase 4,CC(C)[C@H](N)C(=O)N1C[C@H](O)C[C@H]1B(O)O,5.698970004336019,230.073,-2.056499999999998,4,5
28460570,CHEMBL6055810,IC50,=,9000.0,nM,5.05,CHEMBL284,Dipeptidyl peptidase 4,CC(C)[C@H](N)C(=O)N1C[C@@H](O)C[C@H]1B(O)O,5.045757490560675,230.073,-2.056499999999998,4,5
28460588,CHEMBL5817549,IC50,=,92000.0,nM,4.04,CHEMBL284,Dipeptidyl peptidase 4,CC1(C)CCCN[C@@H]1C(=O)N1CCC[C@H]1B(O)O,4.036212172654444,254.13899999999998,-0.23239999999999938,3,4
28460606,CHEMBL5980162,IC50,=,4500.0,nM,5.35,CHEMBL284,Dipeptidyl peptidase 4,CC(C)[C@H](N)C(=O)N1CCC[C@H]1C(=O)CO,5.346787486224656,228.29199999999994,-0.4778999999999995,2,4
28460624,CHEMBL5778991,IC50,=,1400.0,nM,5.85,CHEMBL284,Dipeptidyl peptidase 4,CC1(C)CCN[C@@H]1C(=O)N1CCC[C@H]1B(O)O,5.853871964321762,240.11199999999997,-0.622499999999999,3,4
28460645,CHEMBL5809136,IC50,=,1400.0,nM,5.85,CHEMBL284,Dipeptidyl peptidase 4,CC1([C@H](N)C(=O)N2CCC[C@H]2B(O)O)CC1,5.853871964321762,226.085,-0.8831999999999993,3,4
28460792,CHEMBL5993643,IC50,=,9300.0,nM,5.03,CHEMBL284,Dipeptidyl peptidase 4,N[C@H](C(=O)N1CCC[C@H]1B(O)O)C12CC3CC(CC(F)(C3)C1)C2,5.031517051446065,324.2050000000001,0.6251999999999995,3,4
28854221,CHEMBL6057192,IC50,>,10000.0,nM,,CHEMBL284,Dipeptidyl peptidase 4,N#C[C@@H]1CC(F)(F)CN1C(=O)CNC(=O)c1ccnc2ccc(-c3ccc(Cl)cc3)cc12,5.0,454.8640000000002,4.044780000000003,1,4
28854263,CHEMBL5922105,IC50,<,1000.0,nM,,CHEMBL284,Dipeptidyl peptidase 4,N#C[C@@H]1CC(F)(F)CN1C(=O)CNC(=O)c1ccnc2ccc(-c3ccccc3)cc12,6.0,420.41900000000015,3.3913800000000025,1,4
28854287,CHEMBL5893114,IC50,=,5500.0,nM,5.26,CHEMBL284,Dipeptidyl peptidase 4,N#C[C@@H]1CC(F)(F)CN1C(=O)CNC(=O)c1ccnc2ccc(-c3ccc4cc(Cl)ccc4c3)cc12,5.259637310505756,504.9240000000002,5.197980000000004,1,4
28854299,CHEMBL5963560,IC50,<,1000.0,nM,,CHEMBL284,Dipeptidyl peptidase 4,Cc1noc(C)c1-c1ccc2nccc(C(=O)NCC(=O)N3CC(F)(F)C[C@H]3C#N)c2c1,6.0,439.4220000000002,2.996220000000001,1,6
28854311,CHEMBL5989557,IC50,<,1000.0,nM,,CHEMBL284,Dipeptidyl peptidase 4,N#C[C@@H]1CC(F)(F)CN1C(=O)CNC(=O)c1ccnc2ccc(-c3cccnc3)cc12,6.0,421.40700000000015,2.786380000000001,1,5
28854323,CHEMBL5910743,IC50,<,1000.0,nM,,CHEMBL284,Dipeptidyl peptidase 4,N#C[C@@H]1CC(F)(F)CN1C(=O)CNC(=O)c1ccnc2ccc(-c3ccncc3)cc12,6.0,421.40700000000015,2.786380000000001,1,5
28854335,CHEMBL5774844,IC50,<,1000.0,nM,,CHEMBL284,Dipeptidyl peptidase 4,CC(C)(C)c1ccc(-c2ccc3nccc(C(=O)NCC(=O)N4CC(F)(F)C[C@H]4C#N)c3c2)cc1,6.0,476.52700000000027,4.688880000000004,1,4
28854347,CHEMBL5863326,IC50,=,5500.0,nM,5.26,CHEMBL284,Dipeptidyl peptidase 4,Cn1ccc2cc(-c3ccc4nccc(C(=O)NCC(=O)N5CC(F)(F)C[C@H]5C#N)c4c3)ccc21,5.259637310505756,473.48300000000023,3.8830800000000023,1,4
28854359,CHEMBL5811431,IC50,<,1000.0,nM,,CHEMBL284,Dipeptidyl peptidase 4,N#C[C@@H]1CC(F)(F)CN1C(=O)CNC(=O)c1ccnc2ccc(-c3ccc4[nH]ccc4c3)cc12,6.0,459.4560000000002,3.8726800000000026,2,4
28854371,CHEMBL5940064,IC50,<,1000.0,nM,,CHEMBL284,Dipeptidyl peptidase 4,Cn1cc(-c2ccc3nccc(C(=O)NCC(=O)N4CC(F)(F)C[C@H]4C#N)c3c2)cn1,6.0,424.4110000000001,2.12488,1,5
28854383,CHEMBL6061339,IC50,=,5500.0,nM,5.26,CHEMBL284,Dipeptidyl peptidase 4,N#C[C@@H]1CC(F)(F)CN1C(=O)CNC(=O)c1ccnc2ccc(-c3cnn(C4CC4)c3)cc12,5.259637310505756,450.44900000000024,2.9227800000000013,1,5
28854395,CHEMBL5863092,IC50,<,1000.0,nM,,CHEMBL284,Dipeptidyl peptidase 4,N#C[C@@H]1CC(F)(F)CN1C(=O)CNC(=O)c1ccnc2ccc(-c3ccc4c(c3)CCN4)cc12,6.0,461.47200000000026,3.3593800000000016,2,5
28854407,CHEMBL6009198,IC50,<,1000.0,nM,,CHEMBL284,Dipeptidyl peptidase 4,CC(C)C/C=C/c1ccc2nccc(C(=O)NCC(=O)N3CC(F)(F)C[C@H]3C#N)c2c1,6.0,426.46700000000016,3.783680000000002,1,4
28854419,CHEMBL5768485,IC50,<,1000.0,nM,,CHEMBL284,Dipeptidyl peptidase 4,N#C[C@@H]1CC(F)(F)CN1C(=O)CNC(=O)c1ccnc2ccc(/C=C/c3ccccc3)cc12,6.0,446.45700000000016,3.8947800000000026,1,4
28854431,CHEMBL5806862,IC50,<,1000.0,nM,,CHEMBL284,Dipeptidyl peptidase 4,CN(C)c1ccc2cc(-c3ccc4nccc(C(=O)NCC(=O)N5CC(F)(F)C[C@H]5C#N)c4c3)ccc2c1,6.0,513.5480000000002,4.610580000000004,1,5
28854443,CHEMBL5795763,IC50,=,5500.0,nM,5.26,CHEMBL284,Dipeptidyl peptidase 4,N#C[C@@H]1CC(F)(F)CN1C(=O)CNC(=O)c1ccnc2ccc(-c3ccc4c(c3)CCC(=O)N4)cc12,5.259637310505756,489.4820000000003,3.276080000000002,2,5
28854455,CHEMBL5921279,IC50,<,1000.0,nM,,CHEMBL284,Dipeptidyl peptidase 4,N#C[C@@H]1CC(F)(F)CN1C(=O)CNC(=O)c1ccnc2ccc(-c3ccc(=O)[nH]c3)cc12,6.0,437.4060000000002,2.07968,2,5
28854467,CHEMBL5792963,IC50,>,10000.0,nM,,CHEMBL284,Dipeptidyl peptidase 4,N#C[C@@H]1CC(F)(F)CN1C(=O)CNC(=O)c1ccnc2ccc(-c3ccc4c(c3)CCNC4=O)cc12,5.0,489.4820000000003,2.6772800000000005,2,5
28854479,CHEMBL5996478,IC50,=,5500.0,nM,5.26,CHEMBL284,Dipeptidyl peptidase 4,N#C[C@@H]1CC(F)(F)CN1C(=O)CNC(=O)c1ccnc2ccc(/C=C/c3ccncc3)cc12,5.259637310505756,447.44500000000016,3.289780000000002,1,5
28854491,CHEMBL5869718,IC50,<,1000.0,nM,,CHEMBL284,Dipeptidyl peptidase 4,N#C[C@@H]1CC(F)(F)CN1C(=O)CNC(=O)c1ccnc2ccc(/C=C/c3cccnc3)cc12,6.0,447.44500000000016,3.289780000000002,1,5
28854503,CHEMBL6020708,IC50,<,1000.0,nM,,CHEMBL284,Dipeptidyl peptidase 4,N#C[C@@H]1CC(F)(F)CN1C(=O)CNC(=O)c1ccnc2ccc(/C=C/c3ccccn3)cc12,6.0,447.44500000000016,3.289780000000002,1,5
28854515,CHEMBL5960859,IC50,<,1000.0,nM,,CHEMBL284,Dipeptidyl peptidase 4,COC(=O)/C=C/c1ccc2nccc(C(=O)NCC(=O)N3CC(F)(F)C[C@H]3C#N)c2c1,6.0,428.39500000000015,1.9105799999999997,1,6
28854542,CHEMBL5843264,IC50,<,1000.0,nM,,CHEMBL284,Dipeptidyl peptidase 4,C[C@@H](NC(=O)c1ccnc2ccc(-c3ccc(Cl)cc3)cc12)C(=O)N1CC(F)(F)C[C@H]1C#N,6.0,468.8910000000002,4.433280000000003,1,4
28854551,CHEMBL6041231,IC50,<,1000.0,nM,,CHEMBL284,Dipeptidyl peptidase 4,C[C@H](NC(=O)c1ccnc2ccc(-c3ccc(Cl)cc3)cc12)C(=O)N1CC(F)(F)C[C@H]1C#N,6.0,468.8910000000002,4.433280000000003,1,4
28854560,CHEMBL5877353,IC50,<,1000.0,nM,,CHEMBL284,Dipeptidyl peptidase 4,CC(C)[C@@H](NC(=O)c1ccnc2ccc(-c3ccc(Cl)cc3)cc12)C(=O)N1CC(F)(F)C[C@H]1C#N,6.0,496.9450000000002,5.069380000000004,1,4
28854569,CHEMBL5874851,IC50,=,5500.0,nM,5.26,CHEMBL284,Dipeptidyl peptidase 4,CC(C)[C@H](NC(=O)c1ccnc2ccc(-c3ccc(Cl)cc3)cc12)C(=O)N1CC(F)(F)C[C@H]1C#N,5.259637310505756,496.9450000000002,5.069380000000004,1,4
28854581,CHEMBL5857344,IC50,=,5500.0,nM,5.26,CHEMBL284,Dipeptidyl peptidase 4,COc1ccc(-c2ccc3nccc(C(=O)NCC(=O)N4CC(F)(F)C[C@H]4C#N)c3c2)cc1,5.259637310505756,450.44500000000016,3.399980000000002,1,5
28854593,CHEMBL5965812,IC50,<,1000.0,nM,,CHEMBL284,Dipeptidyl peptidase 4,N#C[C@@H]1CC(F)(F)CN1C(=O)CNC(=O)c1ccnc2ccc(-c3ccc(OC(F)(F)F)cc3)cc12,6.0,504.4150000000002,4.289980000000003,1,5
28854605,CHEMBL5824381,IC50,<,1000.0,nM,,CHEMBL284,Dipeptidyl peptidase 4,CN1CCN(Cc2ccc(-c3ccc4nccc(C(=O)NCC(=O)N5CC(F)(F)C[C@H]5C#N)c4c3)cc2)CC1,6.0,532.5950000000001,3.1387800000000015,1,6
28854635,CHEMBL5993572,IC50,<,1000.0,nM,,CHEMBL284,Dipeptidyl peptidase 4,COCCOc1ccc(-c2ccc3nccc(C(=O)NCC(=O)N4CC(F)(F)C[C@H]4C#N)c3c2)cn1,6.0,495.4860000000002,2.811580000000001,1,7
28854656,CHEMBL5794619,IC50,<,1000.0,nM,,CHEMBL284,Dipeptidyl peptidase 4,CC(=O)Nc1ccc(-c2ccc3nccc(C(=O)NCC(=O)N4CC(F)(F)C[C@H]4C#N)c3c2)cc1,6.0,477.47100000000023,3.3497800000000018,2,5
28854668,CHEMBL6008762,IC50,<,1000.0,nM,,CHEMBL284,Dipeptidyl peptidase 4,CC(=O)Nc1cccc(-c2ccc3nccc(C(=O)NCC(=O)N4CC(F)(F)C[C@H]4C#N)c3c2)c1,6.0,477.47100000000023,3.3497800000000018,2,5
28854680,CHEMBL5879869,IC50,<,1000.0,nM,,CHEMBL284,Dipeptidyl peptidase 4,CC(=O)Nc1ccccc1-c1ccc2nccc(C(=O)NCC(=O)N3CC(F)(F)C[C@H]3C#N)c2c1,6.0,477.47100000000023,3.3497800000000018,2,5
28854692,CHEMBL5912775,IC50,<,1000.0,nM,,CHEMBL284,Dipeptidyl peptidase 4,CNC(=O)c1ccc(-c2ccc3nccc(C(=O)NCC(=O)N4CC(F)(F)C[C@H]4C#N)c3c2)cc1,6.0,477.47100000000023,2.750980000000001,2,5
28854710,CHEMBL6002644,IC50,<,1000.0,nM,,CHEMBL284,Dipeptidyl peptidase 4,CNC(=O)c1cccc(-c2ccc3nccc(C(=O)NCC(=O)N4CC(F)(F)C[C@H]4C#N)c3c2)c1,6.0,477.47100000000023,2.750980000000001,2,5
28854728,CHEMBL5864124,IC50,>,10000.0,nM,,CHEMBL284,Dipeptidyl peptidase 4,N#C[C@@H]1CC(F)(F)CN1C(=O)CNC(=O)c1ccnc2ccc(-c3ccc4c(c3)CNC4=O)cc12,5.0,475.45500000000027,2.634780000000001,2,5
28854752,CHEMBL5764368,IC50,=,5500.0,nM,5.26,CHEMBL284,Dipeptidyl peptidase 4,N#C[C@@H]1CC(F)(F)CN1C(=O)CNC(=O)c1ccnc2ccc(-c3ccc4c(c3)C(=O)NCC4)cc12,5.259637310505756,489.4820000000003,2.6772800000000014,2,5
28854761,CHEMBL5778299,IC50,<,1000.0,nM,,CHEMBL284,Dipeptidyl peptidase 4,N#C[C@@H]1CC(F)(F)CN1C(=O)CNC(=O)c1ccnc2ccc(-c3cccc4c3CCC(=O)N4)cc12,6.0,489.4820000000003,3.276080000000001,2,5
28854773,CHEMBL5810438,IC50,<,1000.0,nM,,CHEMBL284,Dipeptidyl peptidase 4,N#C[C@@H]1CC(F)(F)CN1C(=O)CNC(=O)c1ccnc2ccc(-c3cccc4c3CCNC4=O)cc12,6.0,489.4820000000003,2.6772800000000005,2,5
28854785,CHEMBL5964389,IC50,<,1000.0,nM,,CHEMBL284,Dipeptidyl peptidase 4,CN1C(=O)CCc2cc(-c3ccc4nccc(C(=O)NCC(=O)N5CC(F)(F)C[C@H]5C#N)c4c3)ccc21,6.0,503.50900000000024,3.3003800000000023,1,5
28854794,CHEMBL5843472,IC50,=,5500.0,nM,5.26,CHEMBL284,Dipeptidyl peptidase 4,CN1CCc2cc(-c3ccc4nccc(C(=O)NCC(=O)N5CC(F)(F)C[C@H]5C#N)c4c3)ccc2C1=O,5.259637310505756,503.50900000000024,3.0194800000000015,1,5
28854803,CHEMBL6029701,IC50,>,10000.0,nM,,CHEMBL284,Dipeptidyl peptidase 4,N#C[C@@H]1CC(F)(F)CN1C(=O)CNC(=O)c1ccnc2ccc(/C=C/c3ccc4[nH]ncc4c3)cc12,5.0,486.4820000000002,3.771080000000002,2,5
28854812,CHEMBL5963388,IC50,=,5500.0,nM,5.26,CHEMBL284,Dipeptidyl peptidase 4,N#C[C@@H]1CC(F)(F)CN1C(=O)CNC(=O)c1ccnc2ccc(-c3ccc4c(c3)CCCN4)cc12,5.259637310505756,475.4990000000003,3.749480000000003,2,5
28854821,CHEMBL6061748,IC50,<,1000.0,nM,,CHEMBL284,Dipeptidyl peptidase 4,N#C[C@@H]1CC(F)(F)CN1C(=O)CNC(=O)c1ccnc2ccc(-c3ccc4c(c3)CCNC4)cc12,6.0,475.4990000000003,3.0370800000000013,2,5
28854833,CHEMBL6034496,IC50,<,1000.0,nM,,CHEMBL284,Dipeptidyl peptidase 4,N#C[C@@H]1CC(F)(F)CN1C(=O)CNC(=O)c1ccnc2ccc(/C=C/c3ccc4c(c3)CCN4)cc12,6.0,487.5100000000003,3.8627800000000025,2,5
28854842,CHEMBL5858334,IC50,<,1000.0,nM,,CHEMBL284,Dipeptidyl peptidase 4,CNC(=O)c1ccc(-c2ccc3nccc(C(=O)NCC(=O)N4CC(F)(F)C[C@H]4C#N)c3c2)cc1F,6.0,495.46100000000024,2.890080000000001,2,5
28854854,CHEMBL5822886,IC50,<,1000.0,nM,,CHEMBL284,Dipeptidyl peptidase 4,C[C@@H](NC(=O)c1ccncc1-c1ccccc1)C(=O)N1CC(F)(F)C[C@H]1C#N,6.0,384.38600000000014,2.6266800000000012,1,4
28854866,CHEMBL5947027,IC50,<,1000.0,nM,,CHEMBL284,Dipeptidyl peptidase 4,C[C@H](NC(=O)c1ccncc1-c1ccccc1)C(=O)N1CC(F)(F)C[C@H]1C#N,6.0,384.38600000000014,2.6266800000000012,1,4
28908593,CHEMBL6014809,IC50,=,7900.0,nM,5.1,CHEMBL284,Dipeptidyl peptidase 4,CC[C@@H](C)C(N)C(=O)N1Cc2ccc(F)cc2C1,5.102372908709558,250.31699999999995,2.0412999999999997,1,2
28908845,CHEMBL5874480,IC50,=,20270.0,nM,4.69,CHEMBL284,Dipeptidyl peptidase 4,CC(C)[C@H](N)C(=O)N1Cc2ccc(F)cc2C1,4.693146251306992,236.28999999999996,1.6511999999999996,1,2
28908863,CHEMBL6060914,IC50,=,9818.0,nM,5.01,CHEMBL284,Dipeptidyl peptidase 4,CC(C)(C)[C@H](N)C(=O)N1Cc2ccc(F)cc2C1,5.00797697223615,250.31699999999995,2.0412999999999997,1,2
28908995,CHEMBL5846428,IC50,=,21000.0,nM,4.68,CHEMBL284,Dipeptidyl peptidase 4,CC(C)[C@@H](C(=O)N1CCC[C@H]1B(O)O)N(C)C,4.6777807052660805,242.12800000000001,-0.424399999999999,2,4
29091128,CHEMBL1894963,IC50,=,15.66,nM,7.8,CHEMBL284,Dipeptidyl peptidase 4,Cn1c(=O)c2c(nc(N3CCOCC3)n2Cc2ccccc2)n(C)c1=O,7.805208242278075,355.398,0.31859999999999933,0,5
29091129,CHEMBL6133644,IC50,=,16.38,nM,7.79,CHEMBL284,Dipeptidyl peptidase 4,Cn1c(=O)c2c(nc(Oc3ccc([N+](=O)[O-])cc3)n2CC(=O)c2ccc(-c3ccccc3)cc2)n(C)c1=O,7.785686102575601,511.4940000000003,3.6841000000000017,0,7
29091130,CHEMBL6148404,IC50,=,16.97,nM,7.77,CHEMBL284,Dipeptidyl peptidase 4,Cn1c(=O)c2c(nc(N3CCOCC3)n2Cc2ccc(F)cc2)n(C)c1=O,7.770318157682325,373.38800000000003,0.4576999999999991,0,5
29091131,CHEMBL6147781,IC50,=,28.45,nM,7.55,CHEMBL284,Dipeptidyl peptidase 4,Cn1c(=O)c2c(nc(Oc3ccc4ccc(=O)oc4c3)n2CC(=O)c2ccc(-c3ccccc3)cc2)n(C)c1=O,7.54591772926891,534.5280000000002,3.8823000000000025,0,7
29091132,CHEMBL6160472,IC50,=,22.48,nM,7.65,CHEMBL284,Dipeptidyl peptidase 4,Cn1c(=O)c2c(nc(Oc3ccc([N+](=O)[O-])cc3)n2Cc2ccc(Cl)cc2Cl)n(C)c1=O,7.648203693102976,476.27600000000024,3.489300000000002,0,6
29091133,CHEMBL6091879,IC50,=,19.07,nM,7.72,CHEMBL284,Dipeptidyl peptidase 4,Cn1c(=O)c2c(nc(Oc3ccc(Br)cc3)n2CC(=O)c2ccc(-c3ccccc3)cc2)n(C)c1=O,7.719649306953994,545.3930000000003,4.538400000000005,0,5
29091134,CHEMBL6146956,IC50,=,16.9,nM,7.77,CHEMBL284,Dipeptidyl peptidase 4,Cn1c(=O)c2c(nc(Oc3ccc(C=O)cc3)n2Cc2ccc(Cl)cc2Cl)n(C)c1=O,7.772113295386326,459.28900000000027,3.393600000000002,0,5
29091135,CHEMBL6146627,IC50,=,20.41,nM,7.69,CHEMBL284,Dipeptidyl peptidase 4,Cn1c(=O)c2c(nc(Oc3ccc(C=O)cc3)n2Cc2ccc(F)cc2)n(C)c1=O,7.690156995283929,408.3890000000002,2.2258999999999993,0,5
29091136,CHEMBL5411258,IC50,=,27.91,nM,7.55,CHEMBL284,Dipeptidyl peptidase 4,COc1cccc(Cn2c(N3CCOCC3)nc3c2c(=O)n(C)c(=O)n3C)c1,7.554240163511369,385.4240000000001,0.3272000000000006,0,6
29091137,CHEMBL6133561,IC50,=,27.71,nM,7.56,CHEMBL284,Dipeptidyl peptidase 4,Cn1c(=O)c2c(nc(N3CCOCC3)n2Cc2cccc([N+](=O)[O-])c2)n(C)c1=O,7.557363474217769,400.3950000000001,0.22679999999999922,0,7
29091138,CHEMBL6143955,IC50,=,16.16,nM,7.79,CHEMBL284,Dipeptidyl peptidase 4,C=CCn1c(Oc2ccc([N+](=O)[O-])cc2)nc2c1c(=O)n(Cc1nc(C)c3ccccc3n1)c(=O)n2C,7.791558643561433,499.48700000000025,3.083120000000001,0,8
29091139,CHEMBL6102689,IC50,=,23.23,nM,7.63,CHEMBL284,Dipeptidyl peptidase 4,C=CCn1c(=O)c2c(ncn2Cc2ccc(C#N)cc2)n(Cc2ccccc2)c1=O,7.633950790199765,397.43800000000016,2.513980000000001,0,4
29091140,CHEMBL6150022,IC50,=,16.71,nM,7.78,CHEMBL284,Dipeptidyl peptidase 4,Cn1c(=O)n(Cc2ccccc2)c(=O)c2c1nc(Oc1ccc([N+](=O)[O-])cc1)n2Cc1ccc(C#N)cc1,7.777023550106609,508.49400000000026,3.5654800000000018,0,7
29091141,CHEMBL6132632,IC50,=,18.69,nM,7.73,CHEMBL284,Dipeptidyl peptidase 4,Cn1c(=O)[nH]c(=O)c2c1nc(Oc1ccc([N+](=O)[O-])cc1)n2Cc1ccc(C#N)cc1,7.728390698621168,418.36900000000014,2.0437799999999995,1,7
29091142,CHEMBL6091758,IC50,=,26.45,nM,7.58,CHEMBL284,Dipeptidyl peptidase 4,Cc1ccc(Cn2cnc3c2c(=O)n(Cc2ccc(C#N)cc2)c(=O)n3C)cc1,7.577574323628795,385.42700000000013,2.1734,0,4
29091143,CHEMBL6133793,IC50,=,26.2,nM,7.58,CHEMBL284,Dipeptidyl peptidase 4,Cn1c(=O)[nH]c(=O)c2c1nc(N1CCOCC1)n2Cc1ccc(Cl)cc1,7.581698708680254,375.81600000000003,0.9615999999999998,1,5
29093871,CHEMBL6160148,IC50,=,5.52,nM,8.26,CHEMBL284,Dipeptidyl peptidase 4,CC(=O)OC[C@H]1O[C@@H](NC(=S)Nc2nc(-c3ccccc3)cc(-c3ccc(Br)cc3)n2)[C@H](OC(C)=O)[C@@H](OC(C)=O)[C@@H]1OC(C)=O,8.2580609222708,715.5790000000001,3.9426000000000023,2,12
29093872,CHEMBL6133106,IC50,=,45.23,nM,7.34,CHEMBL284,Dipeptidyl peptidase 4,CC(=O)OC[C@H]1O[C@@H](NC(=S)Nc2nc(-c3ccc(F)cc3)cc(-c3ccc(Br)cc3)n2)[C@H](OC(C)=O)[C@@H](OC(C)=O)[C@@H]1OC(C)=O,7.344573412254081,733.5690000000001,4.081700000000003,2,12
29093873,CHEMBL6120725,IC50,=,12.78,nM,7.89,CHEMBL284,Dipeptidyl peptidase 4,CC(=O)OC[C@H]1O[C@@H](NC(=S)Nc2nc(-c3ccc(Cl)cc3)cc(-c3ccc(Br)cc3)n2)[C@H](OC(C)=O)[C@@H](OC(C)=O)[C@@H]1OC(C)=O,7.893469146177619,750.0240000000001,4.5960000000000045,2,12
29093874,CHEMBL6142024,IC50,=,17.31,nM,7.76,CHEMBL284,Dipeptidyl peptidase 4,CC(=O)OC[C@H]1O[C@@H](NC(=S)Nc2nc(-c3ccc(Br)cc3)cc(-c3cccc(Cl)c3)n2)[C@H](OC(C)=O)[C@@H](OC(C)=O)[C@@H]1OC(C)=O,7.7617029321246065,750.024,4.596000000000004,2,12
29093875,CHEMBL6103211,IC50,=,41.57,nM,7.38,CHEMBL284,Dipeptidyl peptidase 4,CC(=O)OC[C@H]1O[C@@H](NC(=S)Nc2nc(-c3ccc(Br)cc3)cc(-c3ccccc3Cl)n2)[C@H](OC(C)=O)[C@@H](OC(C)=O)[C@@H]1OC(C)=O,7.381219975493785,750.024,4.596000000000004,2,12
29093876,CHEMBL6161198,IC50,=,2.23,nM,8.65,CHEMBL284,Dipeptidyl peptidase 4,CC(=O)OC[C@H]1O[C@@H](NC(=S)Nc2nc(-c3ccc(Br)cc3)cc(-c3ccc(Br)cc3)n2)[C@H](OC(C)=O)[C@@H](OC(C)=O)[C@@H]1OC(C)=O,8.651695136951838,794.475,4.705100000000004,2,12
29093877,CHEMBL6148292,IC50,=,3.62,nM,8.44,CHEMBL284,Dipeptidyl peptidase 4,CC(=O)OC[C@H]1O[C@@H](NC(=S)Nc2nc(-c3ccc(C)cc3)cc(-c3ccc(Br)cc3)n2)[C@H](OC(C)=O)[C@@H](OC(C)=O)[C@@H]1OC(C)=O,8.441291429466835,729.6060000000001,4.251020000000003,2,12
29093878,CHEMBL6132720,IC50,=,8.19,nM,8.09,CHEMBL284,Dipeptidyl peptidase 4,CC(=O)OC[C@H]1O[C@@H](NC(=S)Nc2nc(-c3ccc(Br)cc3)cc(-c3ccc(C(C)C)cc3)n2)[C@H](OC(C)=O)[C@@H](OC(C)=O)[C@@H]1OC(C)=O,8.086716098239581,757.6600000000001,5.066000000000004,2,12
29093879,CHEMBL6103417,IC50,=,35.71,nM,7.45,CHEMBL284,Dipeptidyl peptidase 4,COc1ccc(-c2cc(-c3ccc(Br)cc3)nc(NC(=S)N[C@@H]3O[C@H](COC(C)=O)[C@@H](OC(C)=O)[C@H](OC(C)=O)[C@H]3OC(C)=O)n2)cc1,7.447210149807218,745.6050000000001,3.9512000000000027,2,13
29093880,CHEMBL6146407,IC50,=,25.71,nM,7.59,CHEMBL284,Dipeptidyl peptidase 4,COc1cccc(-c2cc(-c3ccc(Br)cc3)nc(NC(=S)N[C@@H]3O[C@H](COC(C)=O)[C@@H](OC(C)=O)[C@H](OC(C)=O)[C@H]3OC(C)=O)n2)c1,7.58989792335714,745.6050000000001,3.9512000000000027,2,13
29093881,CHEMBL6102893,IC50,=,24.32,nM,7.61,CHEMBL284,Dipeptidyl peptidase 4,COc1ccccc1-c1cc(-c2ccc(Br)cc2)nc(NC(=S)N[C@@H]2O[C@H](COC(C)=O)[C@@H](OC(C)=O)[C@H](OC(C)=O)[C@H]2OC(C)=O)n1,7.614036429399302,745.605,3.9512000000000027,2,13
29093882,CHEMBL6146824,IC50,=,64.27,nM,7.19,CHEMBL284,Dipeptidyl peptidase 4,CC(=O)OC[C@H]1O[C@@H](NC(=S)Nc2nc(-c3ccc(Br)cc3)cc(-c3ccc(N(C)C)cc3)n2)[C@H](OC(C)=O)[C@@H](OC(C)=O)[C@@H]1OC(C)=O,7.1919917000896,758.6480000000001,4.008600000000003,2,13
29093913,CHEMBL6164548,IC50,=,0.51,nM,9.29,CHEMBL284,Dipeptidyl peptidase 4,O=C(SC1=NC(c2ccc(Cl)cc2)=CC(c2ccc([N+](=O)[O-])cc2)N1)c1ccccc1CN1C(=O)c2ccccc2C1=O,9.292429823902063,609.0630000000002,6.659400000000007,1,8
29093918,CHEMBL6142483,IC50,=,2.9,nM,8.54,CHEMBL284,Dipeptidyl peptidase 4,Nc1nc(NC2=NC(c3ccccc3)=CC(c3cccc([N+](=O)[O-])c3)N2)nc(N2CCOCC2)n1,8.537602002101044,473.49700000000036,2.3521,3,11
29167073,CHEMBL6132970,IC50,>,10000.0,nM,,CHEMBL284,Dipeptidyl peptidase 4,CCN(C)C(=O)Oc1ccc(C(=O)N2CCC(Cc3ccccc3)CC2)cc1OC,5.0,410.5140000000001,4.240600000000004,0,4
29231826,CHEMBL6162422,IC50,=,2546.0,nM,5.59,CHEMBL284,Dipeptidyl peptidase 4,CC1=C(CC(=O)N2CCn3c(nnc3C(F)(F)F)C2)C(C)NC(=O)N1,5.594141600682363,358.32400000000007,1.0045000000000002,2,4
29231827,CHEMBL6160468,IC50,=,1033.0,nM,5.99,CHEMBL284,Dipeptidyl peptidase 4,CC1=C(CC(=O)N2CCCC2C#N)C(C)NC(=O)N1,5.985899678480379,262.313,0.8663799999999999,2,3
29231828,CHEMBL6167214,IC50,=,1193.0,nM,5.92,CHEMBL284,Dipeptidyl peptidase 4,CC1=C(CC(=O)N2CCCC(N)C2)C(C)NC(=O)N1,5.923359556329658,266.34499999999997,0.3015000000000009,3,3
29231829,CHEMBL6170772,IC50,=,942.0,nM,6.03,CHEMBL284,Dipeptidyl peptidase 4,CC1=C(CC(=O)N2Cc3cn(S(C)(=O)=O)nc3C2)C(C)NC(=O)N1,6.025949097207123,353.4040000000001,-0.10159999999999936,2,5
29231830,CHEMBL6142442,IC50,=,1061.0,nM,5.97,CHEMBL284,Dipeptidyl peptidase 4,CC1=C(CC(=O)N2CCn3c(nnc3C(F)(F)F)C2)C(c2ccc(F)c(F)c2)NC(=O)N1,5.974284616098659,456.3750000000001,2.6355000000000004,2,4
29231831,CHEMBL6167712,IC50,=,266.0,nM,6.58,CHEMBL284,Dipeptidyl peptidase 4,CC1=C(CC(=O)N2CCCC2C#N)C(c2ccc(F)c(F)c2)NC(=O)N1,6.575118363368933,360.36400000000003,2.4973799999999997,2,3
29231832,CHEMBL6167668,IC50,=,1037.0,nM,5.98,CHEMBL284,Dipeptidyl peptidase 4,CC1=C(CC(=O)N2CCCC(N)C2)C(c2ccc(F)c(F)c2)NC(=O)N1,5.984221243610959,364.396,1.9324999999999999,3,3
29231833,CHEMBL6148637,IC50,=,478.0,nM,6.32,CHEMBL284,Dipeptidyl peptidase 4,CC1=C(CC(=O)N2Cc3cn(S(C)(=O)=O)nc3C2)C(c2ccc(F)c(F)c2)NC(=O)N1,6.320572103387881,451.45500000000015,1.5293999999999999,2,5
29231834,CHEMBL6162166,IC50,=,226.0,nM,6.65,CHEMBL284,Dipeptidyl peptidase 4,Cc1nc(N2CCn3c(nnc3C(F)(F)F)C2)nc(C)c1CC(=O)O,6.645891560852599,356.3080000000001,1.3510400000000002,1,6
29231835,CHEMBL6164601,IC50,=,1229.0,nM,5.91,CHEMBL284,Dipeptidyl peptidase 4,Cc1nc(N2CCCC2C#N)nc(C)c1CC(=O)O,5.910448117113546,260.29699999999997,1.2129199999999998,1,5
29231836,CHEMBL6162308,IC50,=,1401.0,nM,5.85,CHEMBL284,Dipeptidyl peptidase 4,Cc1nc(N2CCCC(N)C2)nc(C)c1CC(=O)O,5.853561864714226,264.32899999999995,0.64804,2,5
29231837,CHEMBL6171671,IC50,=,769.0,nM,6.11,CHEMBL284,Dipeptidyl peptidase 4,Cc1nc(N2Cc3cn(S(C)(=O)=O)nc3C2)nc(C)c1CC(=O)O,6.114073660198569,351.38800000000015,0.24493999999999966,1,7
29231838,CHEMBL6162868,IC50,=,116.0,nM,6.94,CHEMBL284,Dipeptidyl peptidase 4,CC1=C(C(=O)O)C(c2ccc(F)c(F)c2)N=C(N)N1C(=O)CN1CCn2c(nnc2C(F)(F)F)C1,6.935542010773082,499.4000000000002,1.6474999999999995,2,7
29231839,CHEMBL6164012,IC50,=,390.0,nM,6.41,CHEMBL284,Dipeptidyl peptidase 4,CC1=C(C(=O)O)C(c2ccc(F)c(F)c2)N=C(N)N1C(=O)CN1CCCC1C#N,6.4089353929735005,403.3890000000002,1.5093800000000002,2,6
29231840,CHEMBL6169485,IC50,=,90.0,nM,7.05,CHEMBL284,Dipeptidyl peptidase 4,CC1=C(C(=O)O)C(c2ccc(F)c(F)c2)N=C(N)N1C(=O)CN1CCCC(N)C1,7.045757490560675,407.4210000000002,0.9445000000000009,3,6
29231841,CHEMBL6164347,IC50,=,2.0,nM,8.7,CHEMBL284,Dipeptidyl peptidase 4,CC1=C(C(=O)O)C(c2ccc(F)c(F)c2)N=C(N)N1C(=O)CN1Cc2cn(S(C)(=O)=O)nc2C1,8.698970004336019,494.48000000000025,0.5413999999999997,2,8
29231842,CHEMBL6173511,IC50,=,85.0,nM,7.07,CHEMBL284,Dipeptidyl peptidase 4,CC1=C([N+](=O)[O-])C(c2ccc(F)c(F)c2)N=C(N)N1C(=O)CN1CCn2c(nnc2C(F)(F)F)C1,7.070581074285707,500.38800000000026,1.7971000000000001,1,8
29231843,CHEMBL6170809,IC50,=,710.0,nM,6.15,CHEMBL284,Dipeptidyl peptidase 4,CC1=C([N+](=O)[O-])C(c2ccc(F)c(F)c2)N=C(N)N1C(=O)CN1CCCC1C#N,6.1487416512809245,404.37700000000024,1.65898,1,7
29231844,CHEMBL6147355,IC50,=,821.0,nM,6.09,CHEMBL284,Dipeptidyl peptidase 4,CC1=C([N+](=O)[O-])C(c2ccc(F)c(F)c2)N=C(N)N1C(=O)CN1CCCC(N)C1,6.085656842880559,408.4090000000003,1.0940999999999999,2,7
29231845,CHEMBL6134099,IC50,=,55.0,nM,7.26,CHEMBL284,Dipeptidyl peptidase 4,CC1=C([N+](=O)[O-])C(c2ccc(F)c(F)c2)N=C(N)N1C(=O)CN1Cc2cn(S(C)(=O)=O)nc2C1,7.259637310505756,495.4680000000003,0.6910000000000001,1,9
29231846,CHEMBL6146224,IC50,=,2542.0,nM,5.59,CHEMBL284,Dipeptidyl peptidase 4,CC1=C([N+](=O)[O-])C(c2ccc(F)c(F)c2)N=C(N)N1C(=O)CN1CCC[C@H]1C(=O)O,5.59482445378201,423.37600000000026,1.2199999999999998,2,7
29231847,CHEMBL6168838,IC50,=,1064.0,nM,5.97,CHEMBL284,Dipeptidyl peptidase 4,CC1=C(C(=O)O)C(c2ccc(F)c(F)c2)N=C(N)N1C(=O)CN1CCC[C@H]1C(=O)O,5.9730583720409705,422.3880000000002,1.0703999999999998,3,6
29316306,CHEMBL6192039,IC50,=,340.0,nM,6.47,CHEMBL284,Dipeptidyl peptidase 4,Cc1cc(C[C@@H](N)Cn2nncc2CO)c(F)cc1F,6.468521082957745,282.294,0.9270199999999995,2,4
29316308,CHEMBL6191350,IC50,=,340.0,nM,6.47,CHEMBL284,Dipeptidyl peptidase 4,COc1ccc(-c2cnnn2CC[C@H](N)Cc2cc(C)c(F)cc2F)cc1,6.468521082957745,372.41900000000004,3.500420000000002,1,4
29316309,CHEMBL6188802,IC50,=,340.0,nM,6.47,CHEMBL284,Dipeptidyl peptidase 4,Cc1cc(C[C@@H](N)Cn2nncc2-c2ccccc2)c(F)cc1F,6.468521082957745,328.36600000000004,3.101720000000001,1,3
29316310,CHEMBL6190034,IC50,=,190.0,nM,6.72,CHEMBL284,Dipeptidyl peptidase 4,N[C@H](Cc1cc(F)c(F)cc1F)Cn1cc(-c2ccccc2)nn1,6.721246399047171,332.329,2.9324000000000012,1,3
29316311,CHEMBL6189534,IC50,=,340.0,nM,6.47,CHEMBL284,Dipeptidyl peptidase 4,COc1ccc(-c2cnnn2C[C@H](N)Cc2cc(C)c(F)cc2F)cc1,6.468521082957745,358.392,3.1103200000000015,1,4
29316312,CHEMBL6190892,IC50,=,190.0,nM,6.72,CHEMBL284,Dipeptidyl peptidase 4,N[C@H](Cc1cc(F)c(F)cc1F)Cn1cc(CO)nn1,6.721246399047171,286.25699999999995,0.7577,2,4
29316313,CHEMBL6192284,IC50,=,190.0,nM,6.72,CHEMBL284,Dipeptidyl peptidase 4,COc1ccc(-c2cn(C[C@H](N)Cc3cc(F)c(F)cc3F)nn2)cc1,6.721246399047171,362.355,2.9410000000000016,1,4
