activity_id,molecule_chembl_id,standard_type,standard_relation,standard_value,standard_units,pchembl_value,target_chembl_id,target_pref_name,canonical_smiles,pIC50,MW,LogP,HBD,HBA,Lipinski_Violations
17739783,CHEMBL4113723,IC50,=,0.05,nM,10.3,CHEMBL284,Dipeptidyl peptidase 4,CC#CCn1c(N2CCC[C@@H](N)C2)nc2c1c(=O)n(Cc1nc3cc(F)ccc3s1)c(=O)n2C,10.30102999566398,481.5570000000002,1.6445999999999998,1,7,0
27715991,CHEMBL5914058,IC50,=,0.08,nM,10.1,CHEMBL284,Dipeptidyl peptidase 4,CC#CCn1c(N2CCC[C@@H](N)C2)nc2c1c(=O)n(Cc1nccnc1C#N)c(=O)n2C,10.096910013008056,433.47600000000017,-0.4425199999999978,1,8,0
730496,CHEMBL34062,IC50,=,0.1,nM,10.0,CHEMBL284,Dipeptidyl peptidase 4,COc1cc(OC)cc(-c2nc(N)c(CN)c(-c3ccc(Cl)cc3Cl)n2)c1,10.0,405.285,4.175500000000001,2,6,0
19099012,CHEMBL4448186,IC50,=,0.1,nM,10.0,CHEMBL284,Dipeptidyl peptidase 4,CC#CCn1c(N2CCC[C@@H](N)C2)nc2c1c(=O)n(Cc1ccc(Cl)cc1C(=O)O)c(=O)n2C,10.0,484.9440000000002,1.2474000000000005,2,6,0
17739784,CHEMBL4111229,IC50,=,0.1,nM,10.0,CHEMBL284,Dipeptidyl peptidase 4,CC#CCn1c(N2CCC[C@@H](N)C2)nc2c1c(=O)n(Cc1nc3ccccc3s1)c(=O)n2C,10.0,463.5670000000002,1.5054999999999996,1,7,0
16584394,CHEMBL3806052,IC50,=,0.12,nM,9.92,CHEMBL284,Dipeptidyl peptidase 4,N[C@H]1C[C@@H](N2Cc3nn4nccnc4c3C2)CO[C@@H]1c1cc(F)ccc1F,9.920818753952377,372.379,1.5756,1,6,0
2605885,CHEMBL456420,IC50,=,0.13,nM,9.89,CHEMBL284,Dipeptidyl peptidase 4,N#Cc1ccc(N[C@@H]2CNC(C(=O)N3CCC[C@H]3C#N)C2)cc1C#N,9.886056647693165,334.38300000000004,1.0869399999999991,2,6,0
24967455,CHEMBL5220657,IC50,=,0.13,nM,9.89,CHEMBL284,Dipeptidyl peptidase 4,C=COC(=O)[C@@H]1CCCN1C(=O)[C@@H](N)CCCCN,9.886056647693165,269.3449999999999,0.1204000000000012,2,5,0
1495801,CHEMBL370046,IC50,=,0.13,nM,9.89,CHEMBL284,Dipeptidyl peptidase 4,N#Cc1ccc(N[C@@H]2CN[C@H](C(=O)N3CCC[C@H]3C#N)C2)cc1C#N,9.886056647693165,334.38300000000004,1.0869399999999991,2,6,0
1495803,CHEMBL194717,IC50,=,0.13,nM,9.89,CHEMBL284,Dipeptidyl peptidase 4,N#Cc1ccc(N[C@@H]2CN[C@H](C(=O)N3CCC[C@H]3C#N)C2)cc1Cl,9.886056647693165,343.818,1.868659999999999,2,5,0
16584417,CHEMBL3805966,IC50,=,0.14,nM,9.85,CHEMBL284,Dipeptidyl peptidase 4,Cc1cc2ncc3c(n2n1)CN([C@H]1CC[C@H](c2cc(F)c(F)cc2F)[C@@H](N)C1)C3,9.853871964321762,401.43600000000015,3.4342200000000016,1,4,0
2605887,CHEMBL445437,IC50,=,0.15,nM,9.82,CHEMBL284,Dipeptidyl peptidase 4,N#Cc1ccc(N[C@@H]2CNC(C(=O)N3CCC[C@H]3C#N)C2)cc1Cl,9.82390874094432,343.818,1.868659999999999,2,5,0
24967450,CHEMBL5220594,IC50,=,0.16,nM,9.8,CHEMBL284,Dipeptidyl peptidase 4,C=COC(=O)[C@@H]1CCCN1C(=O)[C@H](CCCCNC(=O)OC(C)(C)C)NC(=O)OC(C)(C)C,9.795880017344077,469.57900000000024,3.2524000000000006,2,7,0
17652379,CHEMBL3644459,IC50,=,0.17,nM,9.77,CHEMBL284,Dipeptidyl peptidase 4,NC(=O)c1[nH]nc2c1CN([C@H]1CSC(c3cc(F)ccc3F)[C@@H](N)C1)C2,9.769551078621726,379.43600000000015,1.6765,3,5,0
19099011,CHEMBL4465482,IC50,=,0.18,nM,9.74,CHEMBL284,Dipeptidyl peptidase 4,CC#CCn1c(N2CCC[C@@H](N)C2)nc2c1c(=O)n(Cc1cc(Cl)ccc1C(=O)O)c(=O)n2C,9.744727494896694,484.9440000000002,1.2474000000000005,2,6,0
1495799,CHEMBL370540,IC50,=,0.18,nM,9.74,CHEMBL284,Dipeptidyl peptidase 4,N#C[C@@H]1CCCN1C(=O)[C@@H]1C[C@H](Nc2ccc([N+](=O)[O-])cc2)CN1,9.744727494896694,329.3600000000001,1.2517799999999994,2,6,0
28230545,CHEMBL5951803,IC50,=,0.18,nM,9.74,CHEMBL284,Dipeptidyl peptidase 4,N#Cc1cccc(NC(=O)CN2CCn3c(nnc3C(F)(F)F)C2)c1,9.744727494896694,350.304,1.62288,1,5,0
1495797,CHEMBL371143,IC50,=,0.19,nM,9.72,CHEMBL284,Dipeptidyl peptidase 4,N#Cc1ccc(N[C@@H]2CN[C@H](C(=O)N3CCC[C@H]3C#N)C2)cc1,9.721246399047171,309.373,1.2152599999999991,2,5,0
17739785,CHEMBL4109453,IC50,=,0.2,nM,9.7,CHEMBL284,Dipeptidyl peptidase 4,CC#CCn1c(N2CCC[C@@H](N)C2)nc2c1c(=O)n(Cc1nc3cc(Cl)ccc3s1)c(=O)n2C,9.69897000433602,498.01200000000017,2.158900000000001,1,7,0
728267,CHEMBL34842,IC50,=,0.2,nM,9.7,CHEMBL284,Dipeptidyl peptidase 4,NCc1c(N)nc(-c2ccc(F)cc2)nc1-c1ccc(Cl)cc1Cl,9.69897000433602,363.22300000000007,4.297400000000001,2,4,0
735314,CHEMBL36666,IC50,=,0.2,nM,9.7,CHEMBL284,Dipeptidyl peptidase 4,NCc1c(N)nc(-c2cccc(F)c2)nc1-c1ccc(Cl)cc1Cl,9.69897000433602,363.22300000000007,4.297400000000001,2,4,0
12034797,CHEMBL2147704,IC50,=,0.2,nM,9.7,CHEMBL284,Dipeptidyl peptidase 4,O=C([C@@H]1C[C@H](N2CCN(c3nnnn3-c3ccccc3)CC2)CN1)N1CCSC1,9.69897000433602,414.5390000000003,0.0477000000000018,1,8,0
28230539,CHEMBL5870057,IC50,=,0.21,nM,9.68,CHEMBL284,Dipeptidyl peptidase 4,C[C@H](NC(=O)c1cccc(Cl)c1)C(=O)N1CCn2c(nnc2C(F)(F)F)C1,9.67778070526608,401.776,2.111,1,4,0
27715985,CHEMBL6057823,IC50,=,0.21,nM,9.68,CHEMBL284,Dipeptidyl peptidase 4,CC#CCn1c(N2CCC[C@@H](N)C2)nc2c1c(=O)n(Cc1cccc(F)c1C#N)c(=O)n2C,9.67778070526608,449.4900000000002,0.9065799999999996,1,6,0
25636132,CHEMBL5434074,IC50,=,0.22,nM,9.66,CHEMBL284,Dipeptidyl peptidase 4,N#Cc1ccc(F)cc1Cn1c(N2CCC[C@@H](N)C2)nc2cc(-c3cccnc3)sc2c1=O,9.657577319177792,460.5380000000002,3.506580000000002,1,7,0
16584414,CHEMBL3805629,IC50,=,0.23,nM,9.64,CHEMBL284,Dipeptidyl peptidase 4,Cc1nc2ncc3c(n2n1)CN([C@H]1CC[C@H](c2cc(F)c(F)cc2F)[C@@H](N)C1)C3,9.638272163982409,402.4240000000001,2.8292200000000003,1,5,0
16584413,CHEMBL3806041,IC50,=,0.24,nM,9.62,CHEMBL284,Dipeptidyl peptidase 4,N[C@H]1C[C@@H](N2Cc3cnc4nnc(C5CC5)n4c3C2)CC[C@@H]1c1cc(F)c(F)cc1F,9.619788758288394,428.46200000000016,3.398200000000001,1,5,0
1497809,CHEMBL195420,IC50,=,0.25,nM,9.6,CHEMBL284,Dipeptidyl peptidase 4,N#Cc1ccc(N[C@@H]2CN[C@H](C(=O)N3CCC[C@H]3C#N)C2)nc1,9.602059991327964,310.361,0.6102599999999991,2,6,0
12034796,CHEMBL2147703,IC50,=,0.26,nM,9.59,CHEMBL284,Dipeptidyl peptidase 4,O=C([C@@H]1C[C@H](N2CCN(c3nccn3-c3ccccc3)CC2)CN1)N1CCSC1,9.585026652029182,412.56300000000033,1.2576999999999996,1,6,0
24967460,CHEMBL5219939,IC50,=,0.26,nM,9.59,CHEMBL284,Dipeptidyl peptidase 4,CC(C)(C)OC(=O)NCC(=O)N1CCC[C@H]1C(=O)O/C=C/c1ccccc1,9.585026652029182,374.437,2.7162000000000006,1,5,0
24967456,CHEMBL5220750,IC50,=,0.27,nM,9.57,CHEMBL284,Dipeptidyl peptidase 4,NCCCC[C@H](N)C(=O)N1CCC[C@H]1C(=O)O/C=C/c1ccccc1,9.568636235841012,345.443,1.6478000000000013,2,5,0
24967463,CHEMBL5219451,IC50,=,0.28,nM,9.55,CHEMBL284,Dipeptidyl peptidase 4,NCC(=O)N1CCC[C@H]1C(=O)O/C=C/c1ccccc1,9.55284196865778,274.32,1.1501999999999997,1,4,0
1495795,CHEMBL433811,IC50,=,0.28,nM,9.55,CHEMBL284,Dipeptidyl peptidase 4,COc1ccc(N[C@@H]2CN[C@H](C(=O)N3CCC[C@H]3C#N)C2)cc1OC,9.55284196865778,344.4150000000001,1.36078,2,6,0
24967462,CHEMBL5219299,IC50,=,0.28,nM,9.55,CHEMBL284,Dipeptidyl peptidase 4,C=COC(=O)[C@@H]1CCCN1C(=O)CN,9.55284196865778,198.22199999999995,-0.3771999999999997,1,4,0
1792484,CHEMBL217702,IC50,=,0.29,nM,9.54,CHEMBL284,Dipeptidyl peptidase 4,N[C@@H](CC(=O)N1CCCNC(=O)[C@H]1Cc1cnccn1)Cc1cc(F)c(F)cc1F,9.537602002101044,421.4230000000001,1.1136,2,5,0
1603735,CHEMBL195189,IC50,=,0.3,nM,9.52,CHEMBL284,Dipeptidyl peptidase 4,CC(C)[C@H](N)C(=O)N1CCC[C@@H]1B(O)O,9.522878745280336,214.074,-1.0272999999999988,3,4,0
12034805,CHEMBL2147712,IC50,=,0.3,nM,9.52,CHEMBL284,Dipeptidyl peptidase 4,Cc1cc(N2CCN([C@@H]3CN[C@H](C(=O)N4CCSC4)C3)CC2)n(-c2cccc(F)c2)n1,9.522878745280336,444.5800000000002,1.70522,1,6,0
16378642,CHEMBL3736137,IC50,=,0.3,nM,9.52,CHEMBL284,Dipeptidyl peptidase 4,N[C@H]1C[C@@H](N2Cc3[nH]nc(NS(=O)(=O)c4c[nH]cn4)c3C2)CO[C@@H]1c1cc(F)ccc1F,9.522878745280336,465.4860000000002,1.3848999999999998,4,7,0
12034802,CHEMBL2147709,IC50,=,0.32,nM,9.49,CHEMBL284,Dipeptidyl peptidase 4,O=C([C@@H]1C[C@H](N2CCN(c3cc(C(F)(F)F)nn3-c3ccccc3)CC2)CN1)N1CCSC1,9.494850021680094,480.5600000000003,2.2765000000000004,1,6,0
1495793,CHEMBL195063,IC50,=,0.33,nM,9.48,CHEMBL284,Dipeptidyl peptidase 4,COc1ccc(N[C@@H]2CN[C@H](C(=O)N3CCC[C@H]3C#N)C2)cc1,9.481486060122112,314.389,1.3521799999999995,2,5,0
5177079,CHEMBL1651766,IC50,=,0.33,nM,9.48,CHEMBL284,Dipeptidyl peptidase 4,N#Cc1ccccc1Cn1c(N2CCC[C@@H](N)C2)nc2ccsc2c1=O,9.481486060122112,365.4620000000001,2.30548,1,6,0
6335423,CHEMBL1819089,IC50,=,0.34,nM,9.47,CHEMBL284,Dipeptidyl peptidase 4,Cl.Cn1c(=O)c2c(cc(N3CCC[C@@H](N)C3)n2Cc2cc(F)ccc2C#N)n(C)c1=O,9.468521082957745,446.91400000000016,1.44708,1,5,0
17660154,CHEMBL3686733,IC50,=,0.35,nM,9.46,CHEMBL284,Dipeptidyl peptidase 4,C[C@H](N)C(=S)N1CCC[C@H]1B(O)O,9.455931955649724,202.088,-0.8626000000000003,3,4,0
12035240,CHEMBL2147777,IC50,=,0.37,nM,9.43,CHEMBL284,Dipeptidyl peptidase 4,Cc1cc(N2CCN([C@@H]3CN[C@H](C(=O)N4CCSC4)C3)CC2)n(-c2ccccc2)n1,9.431798275933003,426.5900000000002,1.5661200000000006,1,6,0
10961285,CHEMBL2058971,IC50,=,0.37,nM,9.43,CHEMBL284,Dipeptidyl peptidase 4,O=C([C@@H]1C[C@H](N2CCN(c3cc(C(F)(F)F)nc4ccccc34)CC2)CN1)N1CCSC1,9.431798275933003,465.5450000000003,2.639,1,6,0
17630250,CHEMBL3675618,IC50,=,0.38,nM,9.42,CHEMBL284,Dipeptidyl peptidase 4,CC#CCn1c(N2CCC[C@@H](N)C2)nc2c1C(=O)N(Cc1nc(C)c3ccccc3n1)C1=NCCN12,9.42021640338319,483.58000000000027,1.9175199999999992,1,8,0
2690363,CHEMBL564249,IC50,=,0.38,nM,9.42,CHEMBL284,Dipeptidyl peptidase 4,CS(=O)(=O)c1cccc(C(=O)NC[C@@H]2CCCN2C(=O)C[C@H](N)Cc2cccc(Cl)c2)c1,9.42021640338319,478.01400000000024,2.424400000000001,2,5,0
10961290,CHEMBL2058762,IC50,=,0.39,nM,9.41,CHEMBL284,Dipeptidyl peptidase 4,N#Cc1ccc2[nH]c(N3CCN([C@@H]4CN[C@H](C(=O)N5CCSC5)C4)CC3)nc2c1,9.4089353929735,411.53500000000025,0.8199799999999999,2,7,0
16378645,CHEMBL3735843,IC50,=,0.4,nM,9.4,CHEMBL284,Dipeptidyl peptidase 4,N[C@H]1C[C@@H](N2Cc3[nH]nc(S(=O)(=O)c4ccccc4)c3C2)CO[C@@H]1c1cc(F)ccc1F,9.397940008672036,460.5060000000002,2.6938000000000004,2,6,0
13441719,CHEMBL2425893,IC50,=,0.4,nM,9.4,CHEMBL284,Dipeptidyl peptidase 4,CC#CCn1c(N2CCC[C@@H](N)C2)cc(=O)n(Cc2ccc3ccc(Cl)cc3n2)c1=O,9.397940008672036,437.9310000000001,2.210699999999999,1,5,0
17632182,CHEMBL3697942,IC50,=,0.4,nM,9.4,CHEMBL284,Dipeptidyl peptidase 4,C[C@H](F)CN1C[C@H](N2Cc3cn(S(C)(=O)=O)nc3C2)C[C@H](N)C1c1cc(F)ccc1F,9.397940008672036,457.5220000000002,1.7855000000000008,1,6,0
10961294,CHEMBL2058758,IC50,=,0.42,nM,9.38,CHEMBL284,Dipeptidyl peptidase 4,N#Cc1ccc2sc(N3CCN([C@@H]4CN[C@H](C(=O)N5CCSC5)C4)CC3)nc2c1,9.3767507096021,428.5870000000003,1.5533799999999998,1,8,0
19099017,CHEMBL4588692,IC50,=,0.44,nM,9.36,CHEMBL284,Dipeptidyl peptidase 4,CC#CCn1c(N2CCC[C@@H](N)C2)nc2c1c(=O)n(Cc1cc(OC)ccc1C(=O)O)c(=O)n2C,9.356547323513812,480.52500000000026,0.6026000000000016,2,7,0
24967465,CHEMBL5220474,IC50,=,0.46,nM,9.34,CHEMBL284,Dipeptidyl peptidase 4,COC(=O)[C@@H]1CCCN1C(=O)[C@H](Cc1ccccc1)NC(=O)OCc1ccccc1,9.337242168318426,410.47000000000014,2.6881000000000004,1,5,0
17652380,CHEMBL3644460,IC50,=,0.46,nM,9.34,CHEMBL284,Dipeptidyl peptidase 4,N#Cc1[nH]nc2c1CN([C@H]1CSC(c3cc(F)ccc3F)[C@@H](N)C1)C2,9.337242168318426,361.4210000000001,2.449280000000001,2,5,0
1792483,CHEMBL216178,IC50,=,0.49,nM,9.31,CHEMBL284,Dipeptidyl peptidase 4,N[C@@H](CC(=O)N1CCCNC(=O)[C@H]1Cc1ccccn1)Cc1cc(F)c(F)cc1F,9.309803919971486,420.4350000000001,1.7186000000000003,2,4,0
16584407,CHEMBL3805751,IC50,=,0.5,nM,9.3,CHEMBL284,Dipeptidyl peptidase 4,Cc1ccn2nc3c(c2n1)CN([C@H]1CO[C@H](c2cc(F)c(F)cc2F)[C@@H](N)C1)C3,9.30102999566398,403.4080000000002,2.628120000000001,1,5,0
17652376,CHEMBL3644456,IC50,=,0.5,nM,9.3,CHEMBL284,Dipeptidyl peptidase 4,CS(=O)(=O)n1cc2c(n1)CN([C@H]1CSC(c3cc(F)cc(F)c3F)[C@@H](N)C1)C2,9.30102999566398,432.49300000000017,1.9978,1,6,0
25040368,CHEMBL5278252,IC50,=,0.5,nM,9.3,CHEMBL284,Dipeptidyl peptidase 4,CC#CCn1c(N2CCC[C@@H](N)C2)nc2c(C)c(=O)n(Cc3nc(C)c4c(F)cccc4n3)c(=O)n21,9.30102999566398,490.54300000000023,1.3559399999999997,1,7,0
13452905,CHEMBL2425059,IC50,=,0.5,nM,9.3,CHEMBL284,Dipeptidyl peptidase 4,N[C@H]1C[C@@H](N2Cc3cnc(C(F)(F)F)nc3C2)CC[C@@H]1c1cc(F)c(F)cc1F,9.30102999566398,416.3690000000001,3.8919000000000032,1,4,0
10961292,CHEMBL2058756,IC50,=,0.5,nM,9.3,CHEMBL284,Dipeptidyl peptidase 4,N#Cc1ccc2oc(N3CCN([C@@H]4CN[C@H](C(=O)N5CCSC5)C4)CC3)nc2c1,9.30102999566398,412.5190000000003,1.08488,1,8,0
8038714,CHEMBL1951432,IC50,=,0.5,nM,9.3,CHEMBL284,Dipeptidyl peptidase 4,CC(C)=CCn1c(N2CCC[C@H](N)C2)c(C#N)c2ncn(Cc3nccc4ccccc34)c(=O)c21,9.30102999566398,467.5770000000002,3.5598800000000024,1,6,0
12588820,CHEMBL1229820,IC50,=,0.5,nM,9.3,CHEMBL284,Dipeptidyl peptidase 4,COc1cc2c(cc1OC)[C@@H]1C[C@H](N)[C@@H](c3cccc(CF)c3)CN1CC2,9.30102999566398,370.4680000000002,3.5873000000000026,1,4,0
3101911,CHEMBL591279,IC50,=,0.5,nM,9.3,CHEMBL284,Dipeptidyl peptidase 4,COc1cc2c(cc1OC)[C@@H]1CC(N)[C@@H](c3cccc(CF)c3)CN1CC2,9.30102999566398,370.4680000000002,3.5873000000000026,1,4,0
17672035,CHEMBL3654424,IC50,=,0.5,nM,9.3,CHEMBL284,Dipeptidyl peptidase 4,Cc1c2c(nn1S(=O)(=O)C1(C)CC1)CN([C@H]1CCO[C@H](c3cc(F)ccc3F)[C@@H](N)C1)C2,9.30102999566398,466.5540000000002,2.763320000000001,1,6,0
16584397,CHEMBL3805154,IC50,=,0.5,nM,9.3,CHEMBL284,Dipeptidyl peptidase 4,Cc1cc(O)n2nc3c(c2n1)CN([C@H]1CO[C@H](c2cc(F)c(F)cc2F)[C@@H](N)C1)C3,9.30102999566398,419.40700000000015,2.3337200000000005,2,6,0
10961281,CHEMBL2058975,IC50,=,0.51,nM,9.29,CHEMBL284,Dipeptidyl peptidase 4,N#Cc1cnc(N2CCN([C@@H]3CN[C@H](C(=O)N4CCSC4)C3)CC2)c2ccccc12,9.292429823902063,422.5580000000003,1.49188,1,7,0
1497830,CHEMBL195335,IC50,=,0.53,nM,9.28,CHEMBL284,Dipeptidyl peptidase 4,N#C[C@@H]1CCCN1C(=O)[C@@H]1C[C@H](Nc2ccccc2)CN1,9.275724130399212,284.36300000000006,1.3435799999999996,2,4,0
18357672,CHEMBL4176578,IC50,=,0.54,nM,9.27,CHEMBL284,Dipeptidyl peptidase 4,N#Cc1ccc(F)cc1Cn1c(N2CCC[C@@H](N)C2)nc2c(-c3cccs3)c[nH]c2c1=O,9.267606240177033,448.52700000000016,3.43968,2,6,0
18357673,CHEMBL4164470,IC50,=,0.54,nM,9.27,CHEMBL284,Dipeptidyl peptidase 4,N#Cc1ccc(F)cc1Cn1c(N2CCC[C@@H](N)C2)nc2c(-c3ccc(F)cc3)c[nH]c2c1=O,9.267606240177033,460.48800000000017,3.5172800000000004,2,5,0
12044118,CHEMBL2147056,IC50,=,0.55,nM,9.26,CHEMBL284,Dipeptidyl peptidase 4,Cc1ccc(F)cc1Cn1c(N2CCC[C@@H](N)C2)nc2c3ccc(C(=O)O)cc3n(C)c(=O)c21.Cl,9.259637310505756,499.9740000000002,3.4315200000000012,2,5,0
10961293,CHEMBL2058757,IC50,=,0.55,nM,9.26,CHEMBL284,Dipeptidyl peptidase 4,O=C([C@@H]1C[C@H](N2CCN(c3nc4ccccc4s3)CC2)CN1)N1CCSC1,9.259637310505756,403.5770000000003,1.6816999999999998,1,7,0
10961284,CHEMBL2058970,IC50,=,0.56,nM,9.25,CHEMBL284,Dipeptidyl peptidase 4,Cc1cc(N2CCN([C@@H]3CN[C@H](C(=O)N4CCSC4)C3)CC2)c2ccccc2n1,9.2518119729938,411.5750000000002,1.92862,1,6,0
16584415,CHEMBL3806023,IC50,=,0.56,nM,9.25,CHEMBL284,Dipeptidyl peptidase 4,Cc1nnc2ncc3c(n12)CN([C@H]1CC[C@H](c2cc(F)c(F)cc2F)[C@@H](N)C1)C3,9.2518119729938,402.4240000000001,2.8292200000000003,1,5,0
10961289,CHEMBL2058761,IC50,=,0.59,nM,9.23,CHEMBL284,Dipeptidyl peptidase 4,O=C([C@@H]1C[C@H](N2CCN(c3nc4cc(Cl)ccc4[nH]3)CC2)CN1)N1CCSC1,9.229147988357855,420.9700000000003,1.6017,2,6,0
18662268,CHEMBL165,IC50,=,0.6,nM,9.22,CHEMBL284,Dipeptidyl peptidase 4,Oc1ccc(/C=C/c2cc(O)cc(O)c2)cc1,9.221848749616356,228.247,2.9738000000000016,3,3,0
17652378,CHEMBL3644458,IC50,=,0.6,nM,9.22,CHEMBL284,Dipeptidyl peptidase 4,CS(=O)(=O)n1cc2c(n1)CN([C@H]1CSC(c3cc(F)ccc3F)[C@@H](N)C1)C2,9.221848749616356,414.50300000000016,1.8587,1,6,0
16584402,CHEMBL3806021,IC50,=,0.6,nM,9.22,CHEMBL284,Dipeptidyl peptidase 4,Cc1ccnc2c3c(nn12)CN([C@H]1CO[C@H](c2cc(F)c(F)cc2F)[C@@H](N)C1)C3,9.221848749616356,403.4080000000002,2.628120000000001,1,5,0
15762433,CHEMBL3632865,IC50,=,0.6,nM,9.22,CHEMBL284,Dipeptidyl peptidase 4,CC[C@@H](C)[C@H](N)C(=O)N1C[C@@H](F)C[C@H]1C#N,9.221848749616356,227.28299999999996,0.82238,1,3,0
2605876,CHEMBL461117,IC50,=,0.6,nM,9.22,CHEMBL284,Dipeptidyl peptidase 4,CC[C@H](C)[C@H](N)C(=O)N1C[C@@H](F)C[C@H]1C#N,9.221848749616356,227.28299999999996,0.82238,1,3,0
16584420,CHEMBL3806157,IC50,=,0.6,nM,9.22,CHEMBL284,Dipeptidyl peptidase 4,Cc1cc2ncc3c(n2n1)CN([C@H]1CC[C@H](c2cc(F)ccc2F)[C@@H](N)C1)C3,9.221848749616356,383.44600000000014,3.2951200000000016,1,4,0
16584396,CHEMBL3806310,IC50,=,0.6,nM,9.22,CHEMBL284,Dipeptidyl peptidase 4,Cc1cc(O)nc2c3c(nn12)CN([C@H]1CO[C@H](c2cc(F)c(F)cc2F)[C@@H](N)C1)C3,9.221848749616356,419.40700000000015,2.3337200000000005,2,6,0
10961286,CHEMBL2058972,IC50,=,0.61,nM,9.21,CHEMBL284,Dipeptidyl peptidase 4,O=C([C@@H]1C[C@H](N2CCN(c3ccnc4cc(Cl)ccc34)CC2)CN1)N1CCSC1,9.214670164989233,431.99300000000034,2.2736,1,6,0
10961279,CHEMBL2058973,IC50,=,0.61,nM,9.21,CHEMBL284,Dipeptidyl peptidase 4,O=C([C@@H]1C[C@H](N2CCN(c3nccc4ccccc34)CC2)CN1)N1CCSC1,9.214670164989233,397.5480000000003,1.6202,1,6,0
12034810,CHEMBL2147773,IC50,=,0.62,nM,9.21,CHEMBL284,Dipeptidyl peptidase 4,Cc1cc(N2CCN([C@@H]3CN[C@H](C(=O)N4CCSC4)C3)CC2)n(-c2cccnc2)n1,9.207608310501746,427.5780000000002,0.9611200000000012,1,7,0
12034811,CHEMBL2147771,IC50,=,0.63,nM,9.2,CHEMBL284,Dipeptidyl peptidase 4,Cc1cc(N2CCN([C@@H]3CN[C@H](C(=O)N4CCSC4)C3)CC2)n(-c2ccccn2)n1,9.200659450546418,427.5780000000002,0.9611200000000012,1,7,0
13452903,CHEMBL2425061,IC50,=,0.66,nM,9.18,CHEMBL284,Dipeptidyl peptidase 4,N[C@H]1C[C@@H](N2Cc3cnc(C4CC4)nc3C2)CO[C@@H]1c1cc(F)c(F)cc1F,9.18045606445813,390.409,2.944400000000001,1,5,0
1968158,CHEMBL233564,IC50,=,0.67,nM,9.17,CHEMBL284,Dipeptidyl peptidase 4,N[C@H]1C[C@@H](N2Cc3cncnc3C2)CC[C@@H]1c1cc(F)c(F)cc1F,9.173925197299171,348.372,2.873100000000001,1,4,0
17652383,CHEMBL3644462,IC50,=,0.7,nM,9.15,CHEMBL284,Dipeptidyl peptidase 4,N[C@H]1C[C@@H](N2Cc3nc(-c4ccccc4)[nH]c3C2)CSC1c1cc(F)ccc1F,9.154901959985745,412.50900000000007,4.244600000000004,2,4,0
25050549,CHEMBL5275162,IC50,=,0.7,nM,9.15,CHEMBL284,Dipeptidyl peptidase 4,CCCS(=O)(=O)n1ncc2c1CN([C@H]1CO[C@H](c3cc(F)ccc3F)[C@@H](N)C1)C2,9.154901959985745,426.48900000000015,1.9222999999999997,1,6,0
25050550,CHEMBL5277064,IC50,=,0.7,nM,9.15,CHEMBL284,Dipeptidyl peptidase 4,CC(C)S(=O)(=O)n1ncc2c1CN([C@H]1CO[C@H](c3cc(F)ccc3F)[C@@H](N)C1)C2,9.154901959985745,426.48900000000015,1.9206999999999996,1,6,0
17632175,CHEMBL3694422,IC50,=,0.7,nM,9.15,CHEMBL284,Dipeptidyl peptidase 4,N[C@H]1C[C@@H](N2Cc3cn(S(=O)(=O)C4CC4)nc3C2)CNC1c1cc(F)c(F)cc1F,9.154901959985745,441.4790000000001,1.3867999999999998,2,6,0
25050553,CHEMBL5267753,IC50,=,0.7,nM,9.15,CHEMBL284,Dipeptidyl peptidase 4,Cn1ccnc1S(=O)(=O)n1ncc2c1CN([C@H]1CO[C@H](c3cc(F)ccc3F)[C@@H](N)C1)C2,9.154901959985745,464.4980000000002,1.3049,1,7,0
13441717,CHEMBL2425894,IC50,=,0.7,nM,9.15,CHEMBL284,Dipeptidyl peptidase 4,CC#CCn1c(N2CCC[C@@H](N)C2)cc(=O)n(Cc2ccc3ccc(F)cc3n2)c1=O,9.154901959985745,421.4760000000001,1.6963999999999997,1,5,0
25050548,CHEMBL5273218,IC50,=,0.7,nM,9.15,CHEMBL284,Dipeptidyl peptidase 4,CCS(=O)(=O)n1ncc2c1CN([C@H]1CO[C@H](c3cc(F)ccc3F)[C@@H](N)C1)C2,9.154901959985745,412.46200000000016,1.5322,1,6,0
17652382,CHEMBL3639433,IC50,=,0.7,nM,9.15,CHEMBL284,Dipeptidyl peptidase 4,N[C@H]1C[C@@H](N2Cc3cnc(C(F)(F)F)nc3C2)CSC1c1cc(F)ccc1F,9.154901959985745,416.419,3.663300000000002,1,5,0
25050554,CHEMBL5283277,IC50,=,0.7,nM,9.15,CHEMBL284,Dipeptidyl peptidase 4,N[C@H]1C[C@@H](N2Cc3cnn(S(=O)(=O)c4ccccc4)c3C2)CO[C@@H]1c1cc(F)ccc1F,9.154901959985745,460.5060000000002,2.571400000000001,1,6,0
25050547,CHEMBL5268418,IC50,=,0.7,nM,9.15,CHEMBL284,Dipeptidyl peptidase 4,N[C@H]1C[C@@H](N2Cc3cnn(S(=O)(=O)C(F)(F)F)c3C2)CO[C@@H]1c1cc(F)ccc1F,9.154901959985745,452.4050000000002,2.0321,1,6,0
16584416,CHEMBL3806029,IC50,=,0.7,nM,9.15,CHEMBL284,Dipeptidyl peptidase 4,Cc1cc2ncc3c(n2n1)CN([C@H]1CO[C@H](c2cc(F)c(F)cc2F)[C@@H](N)C1)C3,9.154901959985745,403.4080000000002,2.628120000000001,1,5,0
16584419,CHEMBL3805294,IC50,=,0.7,nM,9.15,CHEMBL284,Dipeptidyl peptidase 4,Cc1cc2ncc3c(n2n1)CN([C@H]1CO[C@H](c2cc(F)ccc2F)[C@@H](N)C1)C3,9.154901959985745,385.4180000000001,2.48902,1,5,0
25050546,CHEMBL5279910,IC50,=,0.7,nM,9.15,CHEMBL284,Dipeptidyl peptidase 4,CS(=O)(=O)n1ncc2c1CN([C@H]1CO[C@H](c3cc(F)ccc3F)[C@@H](N)C1)C2,9.154901959985745,398.4350000000001,1.1421,1,6,0
16394169,CHEMBL3735865,IC50,=,0.7,nM,9.15,CHEMBL284,Dipeptidyl peptidase 4,CC(C)S(=O)(=O)n1cc2c(n1)CN([C@H]1CO[C@H](c3cc(F)ccc3F)[C@@H](N)C1)C2,9.154901959985745,426.48900000000015,1.9206999999999996,1,6,0
16584409,CHEMBL3806216,IC50,=,0.7,nM,9.15,CHEMBL284,Dipeptidyl peptidase 4,N[C@H]1C[C@@H](N2Cc3nn4cccnc4c3C2)CO[C@@H]1c1cc(F)ccc1F,9.154901959985745,371.3910000000001,2.1806,1,5,0
10961280,CHEMBL2058974,IC50,=,0.73,nM,9.14,CHEMBL284,Dipeptidyl peptidase 4,O=C([C@@H]1C[C@H](N2CCN(c3ncc(Cl)c4ccccc34)CC2)CN1)N1CCSC1,9.136677139879543,431.99300000000034,2.2736,1,6,0
24967458,CHEMBL5218500,IC50,=,0.75,nM,9.12,CHEMBL284,Dipeptidyl peptidase 4,C/C=C/OC(=O)[C@@H]1CCCN1C(=O)[C@@H](N)CCCCN,9.1249387366083,283.372,0.510500000000001,2,5,0
19149784,CHEMBL4454091,IC50,=,0.75,nM,9.12,CHEMBL284,Dipeptidyl peptidase 4,CCOC(=O)N1CCN(c2ccc3nnc(-c4cccc(C)c4)n3n2)CC1,9.1249387366083,366.4250000000002,2.3782200000000007,0,6,0
18357671,CHEMBL4165967,IC50,=,0.76,nM,9.12,CHEMBL284,Dipeptidyl peptidase 4,N#Cc1ccc(F)cc1Cn1c(N2CCC[C@@H](N)C2)nc2c(-c3ccsc3)c[nH]c2c1=O,9.119186407719209,448.52700000000016,3.43968,2,6,0
18357667,CHEMBL4172793,IC50,=,0.77,nM,9.11,CHEMBL284,Dipeptidyl peptidase 4,N#Cc1ccc(F)cc1Cn1c(N2CCC[C@@H](N)C2)nc2c(F)c[nH]c2c1=O,9.113509274827518,384.3900000000001,1.8502799999999997,2,5,0
18357665,CHEMBL4169403,IC50,=,0.79,nM,9.1,CHEMBL284,Dipeptidyl peptidase 4,N#Cc1ccc(F)cc1Cn1c(N2CCC[C@@H](N)C2)nc2c(Br)c[nH]c2c1=O,9.102372908709558,445.2960000000001,2.47368,2,5,0
1603626,CHEMBL196120,IC50,=,0.8,nM,9.1,CHEMBL284,Dipeptidyl peptidase 4,C[C@@H](N)C(=O)N1CCC[C@H]1B(O)O,9.096910013008056,186.02,-1.663399999999999,3,4,0
15762431,CHEMBL3632867,IC50,=,0.8,nM,9.1,CHEMBL284,Dipeptidyl peptidase 4,CC[C@@H](C)[C@H](N)C(=O)N1CC(F)(F)C[C@H]1C#N,9.096910013008056,245.2729999999999,1.11958,1,3,0
10961288,CHEMBL2058760,IC50,=,0.8,nM,9.1,CHEMBL284,Dipeptidyl peptidase 4,O=C([C@@H]1C[C@H](N2CCN(c3nc4ccccc4[nH]3)CC2)CN1)N1CCSC1,9.096910013008056,386.52500000000026,0.9483000000000004,2,6,0
23297224,CHEMBL4856337,IC50,=,0.8,nM,9.1,CHEMBL284,Dipeptidyl peptidase 4,CC#CCn1c(N2CCC[C@@H](N)C2)cc(=O)n(Cc2ccc(Br)c(C(=O)O)c2)c1=O,9.096910013008056,475.3430000000002,1.4698,2,5,0
12034806,CHEMBL2147713,IC50,=,0.85,nM,9.07,CHEMBL284,Dipeptidyl peptidase 4,Cc1cc(N2CCN([C@@H]3CN[C@H](C(=O)N4CCSC4)C3)CC2)n(-c2ccccc2F)n1,9.070581074285707,444.5800000000002,1.7052200000000002,1,6,0
25050664,CHEMBL5274129,IC50,=,0.87,nM,9.06,CHEMBL284,Dipeptidyl peptidase 4,N[C@@H](CC(=O)N1CCC[C@H]1CNC(=O)c1cccnc1)[C@H]1CCc2cc(F)c(F)cc21,9.060480747381382,428.4830000000002,2.5280000000000005,2,4,0
5177076,CHEMBL1651763,IC50,=,0.87,nM,9.06,CHEMBL284,Dipeptidyl peptidase 4,N#Cc1ccccc1Cn1c(N2CCC[C@@H](N)C2)nc2sccc2c1=O,9.060480747381382,365.4620000000001,2.30548,1,6,0
1603759,CHEMBL365322,IC50,=,0.89,nM,9.05,CHEMBL284,Dipeptidyl peptidase 4,CC(C)[C@H](N)C(=O)N[C@@H](C)B(O)O,9.050609993355089,188.036,-1.5135999999999985,4,4,0
17632178,CHEMBL3697938,IC50,=,0.9,nM,9.05,CHEMBL284,Dipeptidyl peptidase 4,CN1C[C@H](N2Cc3cn(S(C)(=O)=O)nc3C2)C[C@H](N)C1c1cc(F)c(F)cc1F,9.045757490560677,429.4680000000001,1.1964,1,6,0
743296,CHEMBL35116,IC50,=,0.9,nM,9.05,CHEMBL284,Dipeptidyl peptidase 4,Cc1cccc(-c2nc(N)c(CN)c(-c3ccc(Cl)cc3Cl)n2)c1,9.045757490560677,359.26000000000005,4.466720000000002,2,4,0
6203116,CHEMBL1779710,IC50,=,0.9,nM,9.05,CHEMBL284,Dipeptidyl peptidase 4,CC(C)(C)OC[C@@H]1C(=O)NCCN1C(=O)C[C@H](N)Cc1cc(F)c(F)cc1F,9.045757490560677,401.4290000000001,1.5058999999999998,2,4,0
1792482,CHEMBL386380,IC50,=,0.91,nM,9.04,CHEMBL284,Dipeptidyl peptidase 4,N[C@@H](CC(=O)N1CCCNC(=O)[C@H]1Cc1ccccc1)Cc1cc(F)c(F)cc1F,9.040958607678906,419.4470000000001,2.3236000000000008,2,3,0
2023285,CHEMBL399610,IC50,=,0.92,nM,9.04,CHEMBL284,Dipeptidyl peptidase 4,O=C([C@@H]1C[C@H](N2CCN(c3ccc([N+](=O)[O-])cn3)CC2)CN1)N1CCSC1,9.036212172654444,392.4850000000003,0.3752000000000009,1,8,0
12034800,CHEMBL2147707,IC50,=,0.94,nM,9.03,CHEMBL284,Dipeptidyl peptidase 4,O=C([C@@H]1C[C@H](N2CCN(c3ccnn3-c3ccccc3)CC2)CN1)N1CCSC1,9.0268721464003,412.56300000000033,1.2576999999999996,1,6,0
10961283,CHEMBL2058969,IC50,=,0.95,nM,9.02,CHEMBL284,Dipeptidyl peptidase 4,O=C([C@@H]1C[C@H](N2CCN(c3ccnc4ccccc34)CC2)CN1)N1CCSC1,9.022276394711152,397.5480000000003,1.6202,1,6,0
13452901,CHEMBL2425075,IC50,=,1.0,nM,9.0,CHEMBL284,Dipeptidyl peptidase 4,N[C@H]1C[C@@H](N2Cc3cn[nH]c3C2)CO[C@@H]1c1cc(F)c(F)cc1F,9.0,338.333,2.0001,2,4,0
2023283,CHEMBL241253,IC50,=,1.0,nM,9.0,CHEMBL284,Dipeptidyl peptidase 4,N#Cc1ccc(N2CCN([C@@H]3CN[C@H](C(=O)N4CCSC4)C3)CC2)nc1,9.0,372.49800000000016,0.3386800000000005,1,7,0
17614743,CHEMBL3645497,IC50,=,1.0,nM,9.0,CHEMBL284,Dipeptidyl peptidase 4,N[C@H]1C[C@@H](N2Cc3cn(S(=O)(=O)C4CC4)nc3C2)COC1c1cc(F)ccc1F,9.0,424.4730000000001,1.6746999999999996,1,6,0
2171460,CHEMBL403553,IC50,=,1.0,nM,9.0,CHEMBL284,Dipeptidyl peptidase 4,CC#CCn1c(N2CCC[C@@H](N)C2)nc2cnn(Cc3nc(C)c4ccccc4n3)c(=O)c21,9.0,442.5270000000002,1.8437199999999991,1,7,0
23297227,CHEMBL4865204,IC50,=,1.0,nM,9.0,CHEMBL284,Dipeptidyl peptidase 4,CC#CCn1c(N2CCC[C@@H](N)C2)cc(=O)n(Cc2ccc(Cl)c(C(=O)O)c2)c1=O,9.0,430.89200000000017,1.3606999999999998,2,5,0
2171464,CHEMBL257376,IC50,=,1.0,nM,9.0,CHEMBL284,Dipeptidyl peptidase 4,CC#CCn1c(NCCN)nc2cnn(Cc3nc(C)c4ccccc4n3)c(=O)c21,9.0,402.46200000000016,1.2868199999999996,2,7,0
17660161,CHEMBL3686737,IC50,=,1.0,nM,9.0,CHEMBL284,Dipeptidyl peptidase 4,N[C@H](C(=O)N1CCC[C@H]1B(O)O)C1CCCCC1,9.0,254.13899999999995,-0.1030000000000004,3,4,0
23297221,CHEMBL4863102,IC50,=,1.0,nM,9.0,CHEMBL284,Dipeptidyl peptidase 4,CC#CCn1c(N2CCC[C@@H](N)C2)cc(=O)n(Cc2ccc(F)c(C(=O)O)c2)c1=O,9.0,414.4370000000001,0.8464000000000005,2,5,0
17763471,CHEMBL3903787,IC50,=,1.0,nM,9.0,CHEMBL284,Dipeptidyl peptidase 4,CC#CCn1c(N2CCC[C@@H](N)C2)nc2c1c(=O)n(Cc1ncc(C)c3ccccc13)c(=O)n2C,9.0,471.5650000000002,1.75242,1,6,0
17632177,CHEMBL3694424,IC50,=,1.0,nM,9.0,CHEMBL284,Dipeptidyl peptidase 4,N[C@H]1C[C@@H](N2Cc3cn[nH]c3C2)CN(CC(=O)N2CC[C@@H](F)C2)C1c1cc(F)ccc1F,9.0,448.49300000000017,1.7167999999999997,2,5,0
8038712,CHEMBL1951430,IC50,=,1.0,nM,9.0,CHEMBL284,Dipeptidyl peptidase 4,COc1cccc(C(=O)Cn2cnc3c(C#N)c(N4CCC[C@H](N)C4)n(CC=C(C)C)c3c2=O)c1,9.0,474.5650000000004,2.8548800000000005,1,7,0
8038728,CHEMBL1951599,IC50,=,1.0,nM,9.0,CHEMBL284,Dipeptidyl peptidase 4,CC(C)=CCn1c(N2CCC[C@H](N)C2)c(C#N)c2c1c(=O)n(Cc1nccc3ccccc13)c(=O)n2C,9.0,497.6030000000003,2.8635800000000007,1,6,0
17630269,CHEMBL3675637,IC50,=,1.0,nM,9.0,CHEMBL284,Dipeptidyl peptidase 4,CC#CCn1c(N2CCC[C@@H](N)C2)nc2c1C(=O)N(Cc1nc(C)c3ccccc3n1)C1=N[C@@H](C)CN12,9.0,497.60700000000026,2.3060199999999993,1,8,0
2008909,CHEMBL237500,IC50,=,1.0,nM,9.0,CHEMBL284,Dipeptidyl peptidase 4,CC#CCn1c(N2CCC[C@@H](N)C2)nc2c1c(=O)n(Cc1nc(C)c3ccccc3n1)c(=O)n2C,9.0,472.5530000000002,1.1474199999999997,1,7,0
2171473,CHEMBL256121,IC50,=,1.0,nM,9.0,CHEMBL284,Dipeptidyl peptidase 4,CC#CCn1c(N2CCC[C@@H](N)C2)nc2c(C)nn(Cc3nc(C)c4ccccc4n3)c(=O)c21,9.0,456.55400000000026,2.1521399999999993,1,7,0
2995130,CHEMBL566425,IC50,=,1.0,nM,9.0,CHEMBL284,Dipeptidyl peptidase 4,CS(=O)(=O)N1CC(c2noc([C@@H]3CCCN3C(=O)C[C@H](N)Cc3cc(F)c(F)cc3F)n2)C1,9.0,487.50400000000025,1.4692999999999996,1,7,0
17763462,CHEMBL3903110,IC50,=,1.0,nM,9.0,CHEMBL284,Dipeptidyl peptidase 4,CC#CCn1c(N2CCC[C@@H](N)C2)nc2c1c(=O)n(Cc1ncc3ccccc3n1)c(=O)n2C,9.0,458.5260000000002,0.8390000000000004,1,7,0
17611004,CHEMBL3704833,IC50,=,1.0,nM,9.0,CHEMBL284,Dipeptidyl peptidase 4,N#CC1CCCN1C(=O)CNCC(O)COc1ccccc1,9.0,303.362,0.5304799999999997,2,5,0
17652381,CHEMBL3644461,IC50,=,1.1,nM,8.96,CHEMBL284,Dipeptidyl peptidase 4,N[C@H]1C[C@@H](N2Cc3nc(C(F)(F)F)[nH]c3C2)CSC1c1cc(F)ccc1F,8.958607314841775,404.408,3.5964000000000027,2,4,0
2191792,CHEMBL1744354,IC50,=,1.1,nM,8.96,CHEMBL284,Dipeptidyl peptidase 4,N#Cc1ccc(NCCNCC(=O)N2C[C@@H](F)C[C@H]2C#N)nc1.O=C(O)/C=C\C(=O)O,8.958607314841775,432.4120000000001,0.1291600000000007,4,8,0
2053520,CHEMBL399791,IC50,=,1.1,nM,8.96,CHEMBL284,Dipeptidyl peptidase 4,Cc1cc(CN2C[C@H](N)[C@H](C(=O)C3CCC[C@H]3C#N)C2)cc(C)c1C#N,8.958607314841775,350.4660000000001,2.4432,1,5,0
5131372,CHEMBL3216725,IC50,=,1.1,nM,8.96,CHEMBL284,Dipeptidyl peptidase 4,Cc1ccc(-c2c(CC(=O)N3CCC[C@H]3C(N)=O)c(C)nc(CC(C)C)c2CN)cc1.Cl.Cl,8.958607314841775,495.4950000000002,3.885040000000003,2,4,0
5208656,CHEMBL3142227,IC50,=,1.1,nM,8.96,CHEMBL284,Dipeptidyl peptidase 4,Cc1ccc(-c2c(CN)c(CC(C)C)nc3ccc(N4CC(=O)NCC4=O)cc23)cc1.Cl.Cl,8.958607314841775,489.4470000000002,4.1738200000000045,2,4,0
2712725,CHEMBL564105,IC50,=,1.1,nM,8.96,CHEMBL284,Dipeptidyl peptidase 4,CN(C[C@@H]1CCCN1C(=O)C[C@H](N)Cc1cc(F)c(F)cc1F)C(=O)C1CC1,8.958607314841775,397.44100000000014,2.2232000000000003,1,3,0
16584405,CHEMBL3805871,IC50,=,1.1,nM,8.96,CHEMBL284,Dipeptidyl peptidase 4,N[C@H]1C[C@@H](N2Cc3nn4ccc(C(F)(F)F)nc4c3C2)CC[C@@H]1c1cc(F)c(F)cc1F,8.958607314841775,455.40600000000023,4.144600000000003,1,4,0
16378638,CHEMBL3734828,IC50,=,1.1,nM,8.96,CHEMBL284,Dipeptidyl peptidase 4,CCS(=O)(=O)Nc1n[nH]c2c1CN([C@H]1CO[C@H](c3cc(F)ccc3F)[C@@H](N)C1)C2,8.958607314841775,427.47700000000015,1.6225999999999996,3,6,0
16584400,CHEMBL3805179,IC50,=,1.1,nM,8.96,CHEMBL284,Dipeptidyl peptidase 4,N[C@H]1C[C@@H](N2Cc3nn4c(C(F)(F)F)ccnc4c3C2)CC[C@@H]1c1cc(F)c(F)cc1F,8.958607314841775,455.40600000000023,4.144600000000003,1,4,0
6335426,CHEMBL1819090,IC50,=,1.1,nM,8.96,CHEMBL284,Dipeptidyl peptidase 4,Cn1c(=O)c2c(cc(N3CCC[C@@](C)(N)C3)n2Cc2cc(F)ccc2C#N)n(C)c1=O,8.958607314841775,424.4800000000001,1.4153799999999996,1,5,0
16584422,CHEMBL3805226,IC50,=,1.1,nM,8.96,CHEMBL284,Dipeptidyl peptidase 4,Cc1cc2nc3c(cn2n1)CN([C@H]1CC[C@H](c2cc(F)ccc2F)[C@@H](N)C1)C3,8.958607314841775,383.44600000000014,3.2951200000000016,1,4,0
23297235,CHEMBL4845890,IC50,=,1.1,nM,8.96,CHEMBL284,Dipeptidyl peptidase 4,CC#CCn1c(N2CCC[C@@H](N)C2)cc(=O)n(Cc2ccc(Cl)c(C(=O)OC)c2)c1=O,8.958607314841775,444.9190000000002,1.4490999999999998,1,6,0
25050724,CHEMBL5288974,IC50,=,1.12,nM,8.95,CHEMBL284,Dipeptidyl peptidase 4,Cc1ccc2cc(CNc3nc(C)cs3)n(/N=C/c3ccc(O)cc3)c(=O)c2c1,8.950781977329818,404.4950000000002,4.274740000000003,2,6,0
18662279,CHEMBL4247480,IC50,=,1.12,nM,8.95,CHEMBL284,Dipeptidyl peptidase 4,Cc1ccc2nc(CNc3nc(C)cs3)n(/N=C/c3ccc(O)cc3)c(=O)c2c1,8.950781977329818,405.4830000000002,3.669740000000002,2,7,0
24967464,CHEMBL5219735,IC50,=,1.17,nM,8.93,CHEMBL284,Dipeptidyl peptidase 4,CCOC(=O)/C=C/OC(=O)[C@@H]1CCCN1C(=O)CN,8.931814138253838,270.2849999999999,-0.4438999999999988,1,6,0
1905795,CHEMBL231396,IC50,=,1.2,nM,8.92,CHEMBL284,Dipeptidyl peptidase 4,N[C@H]1CN(c2ccc3nc(=O)ccn3n2)CC[C@@H]1c1cc(F)c(F)cc1F.O=C(O)C(F)(F)F,8.920818753952375,489.3760000000001,2.4612999999999996,2,6,0
3101919,CHEMBL598470,IC50,=,1.2,nM,8.92,CHEMBL284,Dipeptidyl peptidase 4,COc1cc2c(cc1OC)[C@@H]1CC(N)[C@@H](c3cc(CF)ccn3)CN1CC2,8.920818753952375,371.4560000000002,2.9823000000000013,1,5,0
13441714,CHEMBL2425895,IC50,=,1.2,nM,8.92,CHEMBL284,Dipeptidyl peptidase 4,CC#CCn1c(N2CCC[C@@H](N)C2)cc(=O)n(Cc2cc(Cl)c3ccccc3n2)c1=O,8.920818753952375,437.93100000000015,2.2107,1,5,0
10961291,CHEMBL2058967,IC50,=,1.2,nM,8.92,CHEMBL284,Dipeptidyl peptidase 4,O=C([C@@H]1C[C@H](N2CCN(c3nc4ccccc4o3)CC2)CN1)N1CCSC1,8.920818753952375,387.50900000000024,1.2132,1,7,0
2023282,CHEMBL241464,IC50,=,1.2,nM,8.92,CHEMBL284,Dipeptidyl peptidase 4,N#Cc1cccnc1N1CCN([C@@H]2CN[C@H](C(=O)N3CCSC3)C2)CC1,8.920818753952375,372.4980000000002,0.3386800000000005,1,7,0
18357668,CHEMBL4164893,IC50,=,1.25,nM,8.9,CHEMBL284,Dipeptidyl peptidase 4,N#Cc1ccc(F)cc1Cn1c(N2CCC[C@@H](N)C2)nc2c(F)c(F)[nH]c2c1=O,8.903089986991944,402.3800000000001,1.9893799999999993,2,5,0
17614744,CHEMBL3645494,IC50,=,1.3,nM,8.89,CHEMBL284,Dipeptidyl peptidase 4,N[C@H]1C[C@@H](N2Cc3cn(S(=O)(=O)C4CCCC4)nc3C2)COC1c1cc(F)c(F)cc1F,8.886056647693163,470.51700000000017,2.5940000000000003,1,6,0
2712732,CHEMBL554908,IC50,=,1.3,nM,8.89,CHEMBL284,Dipeptidyl peptidase 4,N[C@@H](CC(=O)N1CCC[C@H]1CNC(=O)C1CC1(F)F)Cc1cc(F)c(F)cc1F,8.886056647693163,419.3940000000001,2.1262,2,3,0
16378639,CHEMBL3735461,IC50,=,1.3,nM,8.89,CHEMBL284,Dipeptidyl peptidase 4,N[C@H]1C[C@@H](N2Cc3[nH]nc(NS(=O)(=O)CC(F)(F)F)c3C2)CO[C@@H]1c1cc(F)ccc1F,8.886056647693163,481.4470000000002,2.164999999999999,3,6,0
2053521,CHEMBL429115,IC50,=,1.3,nM,8.89,CHEMBL284,Dipeptidyl peptidase 4,Cc1cc(CN2C[C@H](N)[C@H](C(=O)C3CCC[C@H]3C#N)C2)ccc1C#N,8.886056647693163,336.4390000000001,2.1347799999999992,1,5,0
17630254,CHEMBL3675622,IC50,=,1.3,nM,8.89,CHEMBL284,Dipeptidyl peptidase 4,CC#CCn1c(N2CCC[C@@H](N)C2)nc2c1C(=O)N(Cc1nc(C)c3ccccc3n1)C1=NCCCN12,8.886056647693163,497.6070000000003,2.307619999999999,1,8,0
2023293,CHEMBL238515,IC50,=,1.3,nM,8.89,CHEMBL284,Dipeptidyl peptidase 4,N#Cc1ccc(N2CCN([C@@H]3CN[C@H](C(=O)N4CCSC4)C3)CC2)cc1C#N,8.886056647693163,396.5200000000002,0.8153599999999996,1,7,0
13452899,CHEMBL2425060,IC50,=,1.3,nM,8.89,CHEMBL284,Dipeptidyl peptidase 4,N[C@H]1C[C@@H](N2Cc3cnc(C(F)(F)F)nc3C2)CO[C@@H]1c1cc(F)c(F)cc1F,8.886056647693163,418.34100000000007,3.0858000000000017,1,5,0
6203120,CHEMBL1779714,IC50,=,1.3,nM,8.89,CHEMBL284,Dipeptidyl peptidase 4,CC(C)(C)SC[C@@H]1C(=O)NCCN1C(=O)C[C@H](N)Cc1cc(F)c(F)cc1F,8.886056647693163,417.49700000000007,2.2225,2,4,0
23297232,CHEMBL4851477,IC50,=,1.3,nM,8.89,CHEMBL284,Dipeptidyl peptidase 4,CC#CCn1c(N2CCC[C@@H](N)C2)cc(=O)n(Cc2ccc(Br)c(C(=O)OC)c2)c1=O,8.886056647693163,489.3700000000002,1.5581999999999998,1,6,0
23297233,CHEMBL4863369,IC50,=,1.3,nM,8.89,CHEMBL284,Dipeptidyl peptidase 4,CC#CCn1c(N2CCC[C@@H](N)C2)cc(=O)n(Cc2cc(Br)cc(C(=O)OC)c2)c1=O,8.886056647693163,489.3700000000002,1.5581999999999998,1,6,0
5177077,CHEMBL1651764,IC50,=,1.32,nM,8.88,CHEMBL284,Dipeptidyl peptidase 4,Cc1csc2nc(N3CCC[C@@H](N)C3)n(Cc3ccccc3C#N)c(=O)c12,8.87942606879415,379.4890000000001,2.613900000000001,1,6,0
25050566,CHEMBL5277490,IC50,=,1.33,nM,8.88,CHEMBL284,Dipeptidyl peptidase 4,C#CCn1c(N2CCC[C@H](N)C2)nc2c1c(=O)n(Cc1nc(C)c3ccccc3n1)c(=O)n2C,8.876148359032914,458.52600000000024,0.7573200000000002,1,7,0
16394178,CHEMBL3736135,IC50,=,1.4,nM,8.85,CHEMBL284,Dipeptidyl peptidase 4,CCC(=O)Nc1n[nH]c2c1CN([C@H]1CO[C@H](c3cc(F)ccc3F)[C@@H](N)C1)C2,8.853871964321762,391.42200000000014,2.2095,3,5,0
1520028,CHEMBL196881,IC50,=,1.4,nM,8.85,CHEMBL284,Dipeptidyl peptidase 4,CS(=O)(=O)c1ccc(-c2nc3c(s2)CCN(C(=O)C[C@H](N)Cc2cc(F)ccc2F)C3)cc1,8.853871964321762,491.58500000000026,3.3366000000000016,1,6,0
13452898,CHEMBL2425070,IC50,=,1.4,nM,8.85,CHEMBL284,Dipeptidyl peptidase 4,N[C@H]1C[C@@H](N2Cc3cn[nH]c3C2)CO[C@@H]1c1cc(F)ccc1F,8.853871964321762,320.343,1.861,2,4,0
16584399,CHEMBL3805937,IC50,=,1.4,nM,8.85,CHEMBL284,Dipeptidyl peptidase 4,N[C@H]1C[C@@H](N2Cc3nn4c(C(F)(F)F)ccnc4c3C2)CO[C@@H]1c1cc(F)c(F)cc1F,8.853871964321762,457.3780000000002,3.3385000000000025,1,5,0
10869443,CHEMBL2023067,IC50,=,1.4,nM,8.85,CHEMBL284,Dipeptidyl peptidase 4,N#Cc1ccccc1Cn1c(N2CCC[C@@H](N)C2)nc2c(Br)c[nH]c2c1=O,8.853871964321762,427.306,2.33458,2,5,0
1896358,CHEMBL394837,IC50,=,1.49,nM,8.83,CHEMBL284,Dipeptidyl peptidase 4,Cc1ccccc1C[C@@H]1C(=O)N[C@H](C)CCN1C(=O)C[C@H](N)Cc1cc(F)c(F)cc1F,8.826813731587725,447.5010000000002,3.0205200000000003,2,3,0
2191783,CHEMBL487860,IC50,=,1.5,nM,8.82,CHEMBL284,Dipeptidyl peptidase 4,CC(C)(CNC(=O)c1ccc2[nH]nnc2c1)NCC(=O)N1C[C@@H](F)C[C@H]1C#N,8.823908740944319,387.41900000000015,0.5184800000000012,3,6,0
1987766,CHEMBL237152,IC50,=,1.5,nM,8.82,CHEMBL284,Dipeptidyl peptidase 4,C[C@@H](C1CCC(c2cccc3ncnn23)CC1)[C@H](N)C(=O)N1CCC(F)(F)C1,8.823908740944319,391.4660000000002,2.8341000000000003,1,4,0
2023284,CHEMBL241252,IC50,=,1.5,nM,8.82,CHEMBL284,Dipeptidyl peptidase 4,O=C([C@@H]1C[C@H](N2CCN(c3ccc(C(F)(F)F)cn3)CC2)CN1)N1CCSC1,8.823908740944319,415.48500000000024,1.4858,1,6,0
15762434,CHEMBL3632864,IC50,=,1.5,nM,8.82,CHEMBL284,Dipeptidyl peptidase 4,CC[C@@H](C)[C@H](N)C(=O)N1CCC[C@H]1C#N,8.823908740944319,209.29299999999995,0.8743799999999998,1,3,0
1497838,CHEMBL371585,IC50,=,1.5,nM,8.82,CHEMBL284,Dipeptidyl peptidase 4,N#C[C@@H]1CCCN1C(=O)[C@@H]1C[C@H](NC(=O)Nc2ccccc2)CN1,8.823908740944319,327.3880000000001,1.05318,3,4,0
17652385,CHEMBL3644464,IC50,=,1.5,nM,8.82,CHEMBL284,Dipeptidyl peptidase 4,Cc1nc2c([nH]1)CN([C@H]1CSC(c3cc(F)ccc3F)[C@@H](N)C1)C2,8.823908740944319,350.4380000000001,2.8860200000000003,2,4,0
16584406,CHEMBL3805400,IC50,=,1.5,nM,8.82,CHEMBL284,Dipeptidyl peptidase 4,Cc1ccn2nc3c(c2n1)CN([C@H]1CO[C@H](c2cc(F)ccc2F)[C@@H](N)C1)C3,8.823908740944319,385.4180000000001,2.489020000000001,1,5,0
2712719,CHEMBL558452,IC50,=,1.5,nM,8.82,CHEMBL284,Dipeptidyl peptidase 4,CN(C[C@@H]1CCCN1C(=O)C[C@H](N)Cc1cc(F)c(F)cc1F)S(=O)(=O)C(F)(F)F,8.823908740944319,461.42800000000005,2.1361999999999997,1,4,0
16584404,CHEMBL3805502,IC50,=,1.5,nM,8.82,CHEMBL284,Dipeptidyl peptidase 4,N[C@H]1C[C@@H](N2Cc3nn4ccc(C(F)(F)F)nc4c3C2)CO[C@@H]1c1cc(F)c(F)cc1F,8.823908740944319,457.3780000000002,3.3385000000000016,1,5,0
12718718,CHEMBL2347039,IC50,=,1.55,nM,8.81,CHEMBL284,Dipeptidyl peptidase 4,CC#CCn1c(N2CCC[C@@H](N)C2)nc2ccn(Cc3nc(C)c4ccccc4n3)c2c1=O,8.809668301829708,441.5390000000002,2.44872,1,6,0
17652377,CHEMBL3644457,IC50,=,1.6,nM,8.8,CHEMBL284,Dipeptidyl peptidase 4,CC(C)(F)Cn1cc2c(n1)CN([C@H]1CSC(c3cc(F)cc(F)c3F)[C@@H](N)C1)C2,8.795880017344075,428.49900000000014,3.938200000000003,1,4,0
13452896,CHEMBL2425069,IC50,=,1.6,nM,8.8,CHEMBL284,Dipeptidyl peptidase 4,N[C@H]1C[C@@H](N2Cc3nc(C(F)(F)F)[nH]c3C2)CO[C@@H]1c1cc(F)ccc1F,8.795880017344075,388.34,2.8798000000000012,2,4,0
2023297,CHEMBL391466,IC50,=,1.6,nM,8.8,CHEMBL284,Dipeptidyl peptidase 4,O=C([C@@H]1C[C@H](N2CCN(c3ccc([N+](=O)[O-])cc3)CC2)CN1)N1CCSC1,8.795880017344075,391.4970000000003,0.9802000000000002,1,7,0
25050709,CHEMBL5279728,IC50,=,1.6,nM,8.8,CHEMBL284,Dipeptidyl peptidase 4,CC#CCn1c(N2CCC[C@@H](N)C2)cc(=O)n(Cc2ccc(Cl)c(C(=O)N(C)C)c2)c1=O,8.795880017344075,457.9620000000002,1.3643,1,5,0
23297229,CHEMBL4846335,IC50,=,1.6,nM,8.8,CHEMBL284,Dipeptidyl peptidase 4,CC#CCn1c(N2CCC[C@@H](N)C2)cc(=O)n(Cc2ccc(F)c(C(=O)OC)c2)c1=O,8.795880017344075,428.46400000000017,0.9348,1,6,0
17614742,CHEMBL3645493,IC50,=,1.6,nM,8.8,CHEMBL284,Dipeptidyl peptidase 4,N[C@H]1C[C@@H](N2Cc3cn(S(=O)(=O)C4CCCC4)nc3C2)COC1c1cc(F)ccc1F,8.795880017344075,452.52700000000016,2.4549000000000003,1,6,0
10961287,CHEMBL2058759,IC50,=,1.6,nM,8.8,CHEMBL284,Dipeptidyl peptidase 4,O=C([C@@H]1C[C@H](N2CCN(c3ccnc4cc(C(F)(F)F)ccc34)CC2)CN1)N1CCSC1,8.795880017344075,465.5450000000003,2.639,1,6,0
2023286,CHEMBL399405,IC50,=,1.6,nM,8.8,CHEMBL284,Dipeptidyl peptidase 4,N#Cc1ccnc(N2CCN([C@@H]3CN[C@H](C(=O)N4CCSC4)C3)CC2)c1,8.795880017344075,372.4980000000002,0.3386800000000005,1,7,0
14597077,CHEMBL2105762,IC50,=,1.6,nM,8.8,CHEMBL284,Dipeptidyl peptidase 4,CS(=O)(=O)n1cc2c(n1)CN([C@H]1CO[C@H](c3cc(F)ccc3F)[C@@H](N)C1)C2,8.795880017344075,398.4350000000001,1.1421,1,6,0
16394173,CHEMBL3736085,IC50,=,1.6,nM,8.8,CHEMBL284,Dipeptidyl peptidase 4,N[C@H]1C[C@@H](N2Cc3cn(S(=O)(=O)C4CCCC4)nc3C2)CO[C@@H]1c1cc(F)ccc1F,8.795880017344075,452.52700000000016,2.4549000000000003,1,6,0
16394171,CHEMBL3735329,IC50,=,1.6,nM,8.8,CHEMBL284,Dipeptidyl peptidase 4,N[C@H]1C[C@@H](N2Cc3cn(S(=O)(=O)C4CC4)nc3C2)CO[C@@H]1c1cc(F)ccc1F,8.795880017344075,424.4730000000001,1.6746999999999996,1,6,0
16394170,CHEMBL3736190,IC50,=,1.6,nM,8.8,CHEMBL284,Dipeptidyl peptidase 4,N[C@H]1C[C@@H](N2Cc3cnn(S(=O)(=O)C4CC4)c3C2)CO[C@@H]1c1cc(F)ccc1F,8.795880017344075,424.4730000000001,1.6746999999999996,1,6,0
17614745,CHEMBL3645495,IC50,=,1.6,nM,8.8,CHEMBL284,Dipeptidyl peptidase 4,N[C@H]1C[C@@H](N2Cc3cnn(S(=O)(=O)C4CC4)c3C2)COC1c1cc(F)ccc1F,8.795880017344075,424.4730000000001,1.6746999999999996,1,6,0
17632181,CHEMBL3697941,IC50,=,1.6,nM,8.8,CHEMBL284,Dipeptidyl peptidase 4,CS(=O)(=O)n1cc2c(n1)CN([C@@H]1C[C@H](N)C(c3cc(F)ccc3F)N(CC3CC3)C1)C2,8.795880017344075,451.54300000000023,1.8374999999999997,1,6,0
17660176,CHEMBL3686748,IC50,=,1.6,nM,8.8,CHEMBL284,Dipeptidyl peptidase 4,N[C@@H](Cc1c[nH]c2ccccc12)C(=S)N1CCC[C@H]1B(O)O,8.795880017344075,317.223,0.8415000000000001,4,4,0
17660174,CHEMBL3686746,IC50,=,1.6,nM,8.8,CHEMBL284,Dipeptidyl peptidase 4,CCC[C@H](N)C(=S)N1CCC[C@H]1B(O)O,8.795880017344075,230.142,-0.0823999999999998,3,4,0
5240818,CHEMBL1683560,IC50,=,1.6,nM,8.8,CHEMBL284,Dipeptidyl peptidase 4,N[C@H]1CN(c2cc(N3CCc4nocc4C3)ncn2)C[C@@H]1c1ccccc1,8.795880017344075,362.43700000000007,1.9583999999999988,1,7,0
17630256,CHEMBL3675624,IC50,=,1.6,nM,8.8,CHEMBL284,Dipeptidyl peptidase 4,CC(C)=CCn1c(N2CCC[C@@H](N)C2)nc2c1C(=O)N(Cc1nc(C)c3ccccc3n1)C1=NCCN12,8.795880017344075,499.62300000000033,2.8604200000000013,1,8,0
16378634,CHEMBL3734964,IC50,=,1.6,nM,8.8,CHEMBL284,Dipeptidyl peptidase 4,N[C@H]1C[C@@H](N2Cc3[nH]nc(NC(=O)C4CC4)c3C2)CO[C@@H]1c1cc(F)ccc1F,8.795880017344075,403.4330000000001,2.2094999999999994,3,5,0
13394537,CHEMBL2408771,IC50,=,1.6,nM,8.8,CHEMBL284,Dipeptidyl peptidase 4,CC(C)=CCn1c(N2CC3CCCNC3C2)nc2c1c(=O)n(CC(=O)c1ccccc1)c(=O)n2C,8.795880017344075,476.5810000000003,1.9339999999999995,1,6,0
17632180,CHEMBL3697940,IC50,=,1.7,nM,8.77,CHEMBL284,Dipeptidyl peptidase 4,CS(=O)(=O)n1cc2c(n1)CN([C@@H]1C[C@H](N)C(c3cc(F)ccc3F)N(CCO)C1)C2,8.769551078621726,441.5040000000002,0.4197999999999993,2,7,0
17652384,CHEMBL3644463,IC50,=,1.7,nM,8.77,CHEMBL284,Dipeptidyl peptidase 4,NC(=O)Cn1cc2c(n1)CN([C@H]1CSC(c3cc(F)cc(F)c3F)[C@@H](N)C1)C2,8.769551078621726,411.45300000000015,1.6754000000000002,2,5,0
1727618,CHEMBL210995,IC50,=,1.7,nM,8.77,CHEMBL284,Dipeptidyl peptidase 4,N#C[C@@H]1CCCN1C(=O)[C@@H]1C[C@H](C(=O)N2Cc3ccccc3C2)CN1,8.769551078621726,338.4110000000001,1.0214799999999995,1,4,0
16609229,CHEMBL3687984,IC50,=,1.7,nM,8.77,CHEMBL284,Dipeptidyl peptidase 4,CN1C(=O)Cn2c1nc1nc(N3CCC[C@@H](N)C3)n(Cc3cc(F)ccc3C#N)c1c2=O,8.769551078621726,436.4510000000002,0.5559799999999995,1,7,0
6203114,CHEMBL1779708,IC50,=,1.7,nM,8.77,CHEMBL284,Dipeptidyl peptidase 4,N[C@@H](CC(=O)N1CCNC(=O)[C@H]1COC1CCCC1)Cc1cc(F)c(F)cc1F,8.769551078621726,413.4400000000001,1.6499999999999997,2,4,0
3101914,CHEMBL601937,IC50,=,1.7,nM,8.77,CHEMBL284,Dipeptidyl peptidase 4,COc1cc2c(cc1OC)[C@@H]1CC(N)[C@@H](c3cc(C)ccc3C)CN1CC2,8.769551078621726,366.50500000000017,3.7346400000000033,1,4,0
25040367,CHEMBL5270313,IC50,=,1.7,nM,8.77,CHEMBL284,Dipeptidyl peptidase 4,CC#CCN1C(N2CCC[C@@H](NC(=O)OC(C)(C)C)C2)=NC2N=C3N(C)C(=O)CN3C(=O)C21,8.769551078621726,457.53500000000025,0.0353000000000018,1,8,0
16378643,CHEMBL3735917,IC50,=,1.7,nM,8.77,CHEMBL284,Dipeptidyl peptidase 4,CS(=O)(=O)c1n[nH]c2c1CN([C@H]1CO[C@H](c3cc(F)ccc3F)[C@@H](N)C1)C2,8.769551078621726,398.4350000000001,1.2644999999999995,2,6,0
16378644,CHEMBL3735694,IC50,=,1.7,nM,8.77,CHEMBL284,Dipeptidyl peptidase 4,CC(C)S(=O)(=O)c1n[nH]c2c1CN([C@H]1CO[C@H](c3cc(F)ccc3F)[C@@H](N)C1)C2,8.769551078621726,426.48900000000015,2.0431,2,6,0
16584412,CHEMBL3805346,IC50,=,1.7,nM,8.77,CHEMBL284,Dipeptidyl peptidase 4,N[C@H]1C[C@@H](N2Cc3cnc4nc(C5CC5)nn4c3C2)CC[C@@H]1c1cc(F)c(F)cc1F,8.769551078621726,428.46200000000016,3.398200000000001,1,5,0
5177080,CHEMBL1651767,IC50,=,1.72,nM,8.76,CHEMBL284,Dipeptidyl peptidase 4,Cc1csc2c(=O)n(Cc3ccccc3C#N)c(N3CCC[C@@H](N)C3)nc12,8.76447155309245,379.4890000000002,2.6139,1,6,0
6301112,CHEMBL1808468,IC50,=,1.8,nM,8.74,CHEMBL284,Dipeptidyl peptidase 4,Cc1ccc(-c2c(CN)c(CC(C)C)nc3ccc(/C=C/C(N)=O)cc23)cc1,8.744727494896694,373.5000000000001,4.365920000000004,2,3,0
16378640,CHEMBL3734999,IC50,=,1.8,nM,8.74,CHEMBL284,Dipeptidyl peptidase 4,N[C@H]1C[C@@H](N2Cc3[nH]nc(NS(=O)(=O)C4CC4)c3C2)CO[C@@H]1c1cc(F)ccc1F,8.744727494896694,439.4880000000002,1.7651,3,6,0
16378641,CHEMBL3735433,IC50,=,1.8,nM,8.74,CHEMBL284,Dipeptidyl peptidase 4,N[C@H]1C[C@@H](N2Cc3[nH]nc(NS(=O)(=O)Cc4ccncc4)c3C2)CO[C@@H]1c1cc(F)ccc1F,8.744727494896694,490.53600000000023,2.1978999999999997,3,7,0
7962681,CHEMBL1929390,IC50,=,1.8,nM,8.74,CHEMBL284,Dipeptidyl peptidase 4,Cc1cc2ncc(C(=O)NCC(C)(C)NCC(=O)N3CCC[C@H]3C#N)c(O)n2n1.Cl,8.744727494896694,435.9160000000001,0.7776999999999996,3,7,0
16394167,CHEMBL3735281,IC50,=,1.8,nM,8.74,CHEMBL284,Dipeptidyl peptidase 4,CCS(=O)(=O)n1cc2c(n1)CN([C@H]1CO[C@H](c3cc(F)ccc3F)[C@@H](N)C1)C2,8.744727494896694,412.4620000000001,1.5322,1,6,0
3603849,CHEMBL1288231,IC50,=,1.8,nM,8.74,CHEMBL284,Dipeptidyl peptidase 4,Cl.Cn1c(=O)[nH]c2cc(N3CCC[C@@](C)(N)C3)n(Cc3ccccc3)c2c1=O,8.744727494896694,403.91400000000016,1.8159999999999992,2,4,0
1948882,CHEMBL232103,IC50,=,1.8,nM,8.74,CHEMBL284,Dipeptidyl peptidase 4,CN(C)C(=O)[C@@H]1CN[C@H](C(=O)N2CCC[C@H]2C#N)C1,8.744727494896694,264.32899999999995,-0.4327199999999989,1,4,0
28230542,CHEMBL5759838,IC50,=,1.84,nM,8.73,CHEMBL284,Dipeptidyl peptidase 4,O=C(CN1CCn2c(nnc2C(F)(F)F)C1)NC1CCCCC1,8.735182176990463,331.34200000000016,1.5613999999999997,1,4,0
17614741,CHEMBL3645496,IC50,=,1.9,nM,8.72,CHEMBL284,Dipeptidyl peptidase 4,N[C@H]1C[C@@H](N2Cc3cn(S(=O)(=O)C4CC4)nc3C2)COC1c1cc(F)c(F)cc1F,8.721246399047171,442.46300000000014,1.8138,1,6,0
16584398,CHEMBL3804996,IC50,=,1.9,nM,8.72,CHEMBL284,Dipeptidyl peptidase 4,Cc1cc(C(F)(F)F)nc2c3c(nn12)CN([C@H]1CC[C@H](c2cc(F)c(F)cc2F)[C@@H](N)C1)C3,8.721246399047171,469.4330000000002,4.453020000000003,1,4,0
13441712,CHEMBL2425892,IC50,=,1.9,nM,8.72,CHEMBL284,Dipeptidyl peptidase 4,CC#CCn1c(N2CCC[C@@H](N)C2)cc(=O)n(Cc2ccc3cc(OC)ccc3n2)c1=O,8.721246399047171,433.51200000000017,1.5658999999999992,1,6,0
16763266,CHEMBL3944427,IC50,=,1.9,nM,8.72,CHEMBL284,Dipeptidyl peptidase 4,COc1cc2c3c(ccc2cc1S(C)(=O)=O)O[C@H](c1cc(F)c(F)cc1F)[C@@H](N)C3,8.721246399047171,437.43900000000014,3.6727000000000016,1,5,0
16394175,CHEMBL3736423,IC50,=,1.9,nM,8.72,CHEMBL284,Dipeptidyl peptidase 4,Cn1cnc(S(=O)(=O)n2cc3c(n2)CN([C@H]2CO[C@H](c4cc(F)ccc4F)[C@@H](N)C2)C3)c1,8.721246399047171,464.49800000000016,1.3048999999999995,1,7,0
1497834,CHEMBL194993,IC50,=,1.9,nM,8.72,CHEMBL284,Dipeptidyl peptidase 4,N#C[C@@H]1CCCN1C(=O)[C@@H]1C[C@H](NCCc2ccccc2)CN1,8.721246399047171,312.41700000000003,1.063779999999999,2,4,0
19099007,CHEMBL4452518,IC50,=,1.98,nM,8.7,CHEMBL284,Dipeptidyl peptidase 4,CC#CCn1c(N2CCC[C@@H](N)C2)nc2c1c(=O)n(Cc1ccccc1C(=O)O)c(=O)n2C,8.703334809738468,450.4990000000002,0.5940000000000012,2,6,0
27811454,CHEMBL4550812,IC50,=,2.0,nM,8.7,CHEMBL284,Dipeptidyl peptidase 4,COc1cc2c3c(ccc2cc1C#N)O[C@H](c1cc(F)c(F)cc1F)[C@@H](N)C3,8.698970004336019,384.3570000000001,4.140880000000002,1,4,0
19149786,CHEMBL4547171,IC50,=,2.0,nM,8.7,CHEMBL284,Dipeptidyl peptidase 4,Cc1cccc(-c2nnc3ccc(N4CCN(Cc5ccc(F)cc5)CC4)nn23)c1,8.698970004336019,402.4770000000001,3.561020000000002,0,5,0
29231841,CHEMBL6164347,IC50,=,2.0,nM,8.7,CHEMBL284,Dipeptidyl peptidase 4,CC1=C(C(=O)O)C(c2ccc(F)c(F)c2)N=C(N)N1C(=O)CN1Cc2cn(S(C)(=O)=O)nc2C1,8.698970004336019,494.48000000000025,0.5413999999999997,2,8,0
22800198,CHEMBL4784434,IC50,=,2.0,nM,8.7,CHEMBL284,Dipeptidyl peptidase 4,Fc1ccc(CNc2cc(N3CCNCC3)nc3ccnn23)c(F)c1,8.698970004336019,344.36899999999997,2.0292,2,5,0
22812737,CHEMBL4747683,IC50,=,2.0,nM,8.7,CHEMBL284,Dipeptidyl peptidase 4,CC#CCn1c(N2CCC[C@@H](N)C2)nc2c1c(=O)n(CC1=NC3C=CC=CC3C(C)=N1)c(=O)n2C,8.698970004336019,474.5690000000002,0.8313000000000024,1,7,0
443980,CHEMBL307636,IC50,=,2.0,nM,8.7,CHEMBL284,Dipeptidyl peptidase 4,N#C[C@@H]1CCCN1C(=O)[C@@H](N)C1CCCCC1,8.698970004336019,235.33099999999996,1.408579999999999,1,3,0
13441711,CHEMBL2425890,IC50,=,2.0,nM,8.7,CHEMBL284,Dipeptidyl peptidase 4,CC#CCn1c(N2CCC[C@@H](N)C2)cc(=O)n(Cc2ccc3cc(F)ccc3n2)c1=O,8.698970004336019,421.4760000000001,1.6964,1,5,0
13903934,CHEMBL3112968,IC50,=,2.0,nM,8.7,CHEMBL284,Dipeptidyl peptidase 4,NC[C@]1(c2cccc(Cl)c2)CC[C@H](N2CCc3c(nc(C(F)(F)F)nc3C3CC3)C2=O)CC1,8.698970004336019,478.9460000000002,4.863800000000005,1,4,0
8038732,CHEMBL1951603,IC50,=,2.0,nM,8.7,CHEMBL284,Dipeptidyl peptidase 4,CC#CCn1c(N2CCC[C@H](N)C2)c(C#N)c2c1c(=O)n(CC(=O)c1cccc(OC)c1)c(=O)n2C,8.698970004336019,488.5480000000003,1.2156799999999992,1,7,0
2045006,CHEMBL400068,IC50,=,2.0,nM,8.7,CHEMBL284,Dipeptidyl peptidase 4,N[C@@H](CC(=O)N1CCn2nc(C(F)(F)F)nc2[C@H]1Cn1cncn1)Cc1cc(F)c(F)cc1F,8.698970004336019,488.3960000000002,1.8492999999999995,1,6,0
2275068,CHEMBL493543,IC50,=,2.0,nM,8.7,CHEMBL284,Dipeptidyl peptidase 4,N#C[C@@H]1CCCN1C(=O)[C@@H](N)CCC(=O)N1Cc2ccccc2C1,8.698970004336019,326.40000000000003,1.1508799999999997,1,4,0
2275069,CHEMBL2364733,IC50,=,2.0,nM,8.7,CHEMBL284,Dipeptidyl peptidase 4,N#C[C@H]1CCCN1C(=O)[C@@H](N)CCC(=O)N1Cc2ccccc2C1.O=C(O)C(F)(F)F,8.698970004336019,440.4220000000001,1.78418,2,5,0
2995141,CHEMBL565600,IC50,=,2.0,nM,8.7,CHEMBL284,Dipeptidyl peptidase 4,CC1(c2nc([C@@H]3CCCN3C(=O)C[C@H](N)Cc3cc(F)c(F)cc3F)no2)COC1,8.698970004336019,424.4230000000001,2.3984000000000005,1,6,0
2995127,CHEMBL565813,IC50,=,2.0,nM,8.7,CHEMBL284,Dipeptidyl peptidase 4,N[C@@H](CC(=O)N1CCC[C@H]1c1nc(C2(C(F)(F)F)CC2)no1)Cc1cc(F)c(F)cc1F,8.698970004336019,462.39400000000023,3.7044000000000024,1,5,0
841575,CHEMBL96666,IC50,=,2.0,nM,8.7,CHEMBL284,Dipeptidyl peptidase 4,CC(C)[C@H](N)C(=O)N1CCC[C@H]1C#N,8.698970004336019,195.26599999999996,0.4842799999999999,1,3,0
2995125,CHEMBL565633,IC50,=,2.0,nM,8.7,CHEMBL284,Dipeptidyl peptidase 4,CC(C)(C)c1noc([C@@H]2CCCN2C(=O)C[C@H](N)Cc2cc(F)c(F)cc2F)n1,8.698970004336019,410.44000000000005,3.4080000000000013,1,5,0
17763464,CHEMBL3889902,IC50,=,2.0,nM,8.7,CHEMBL284,Dipeptidyl peptidase 4,C/C=C/Cn1c(N2CCCC(N)C2)nc2c1c(=O)n(CC(=O)c1ccccc1NC(C)=O)c(=O)n2C,8.698970004336019,493.56800000000027,1.2416000000000005,2,7,0
2171487,CHEMBL402819,IC50,=,2.0,nM,8.7,CHEMBL284,Dipeptidyl peptidase 4,CC#CCn1c(N2CCCC(N)C2)nc2c1c(=O)n(Cc1nc(C)cc3ccccc13)c(=O)n2C,8.698970004336019,471.5650000000002,1.75242,1,6,0
2171463,CHEMBL403408,IC50,=,2.0,nM,8.7,CHEMBL284,Dipeptidyl peptidase 4,CC#CCn1c(NC[C@H](C)N)nc2cnn(Cc3nc(C)c4ccccc4n3)c(=O)c21,8.698970004336019,416.48900000000015,1.6753199999999997,2,7,0
2713689,CHEMBL1202080,IC50,=,2.0,nM,8.7,CHEMBL284,Dipeptidyl peptidase 4,COc1ccc(N2CCN(CCNCC(=O)N3CCC[C@@H]3C#N)C2=O)cc1OC.O=C(O)C(=O)O,8.698970004336019,491.5010000000003,0.2055800000000017,3,8,0
17763484,CHEMBL3938646,IC50,=,2.0,nM,8.7,CHEMBL284,Dipeptidyl peptidase 4,CC#CCn1c(N2CCC[C@@H](N)C2)nc2c1c(=O)n(Cc1cc(C)c3nccnc3c1)c(=O)n2C,8.698970004336019,472.5530000000002,1.1474200000000006,1,7,0
2712737,CHEMBL563849,IC50,=,2.0,nM,8.7,CHEMBL284,Dipeptidyl peptidase 4,N#Cc1ccc(OC[C@@H]2CCCN2C(=O)C[C@H](N)Cc2cc(F)c(F)cc2F)nc1,8.698970004336019,418.419,2.7004800000000007,1,5,0
2045009,CHEMBL250147,IC50,=,2.0,nM,8.7,CHEMBL284,Dipeptidyl peptidase 4,N[C@@H](CC(=O)N1CCn2nc(C(F)(F)F)nc2C1Cn1ccnc1)Cc1cc(F)c(F)cc1F,8.698970004336019,487.4080000000002,2.4543,1,5,0
2995133,CHEMBL566628,IC50,=,2.0,nM,8.7,CHEMBL284,Dipeptidyl peptidase 4,N[C@@H](CC(=O)N1CCC[C@H]1c1nc(-c2cnccn2)no1)Cc1cc(F)c(F)cc1F,8.698970004336019,432.4060000000002,2.5675,1,7,0
2008916,CHEMBL391089,IC50,=,2.0,nM,8.7,CHEMBL284,Dipeptidyl peptidase 4,CC(C)=CCn1c(N2CCC[C@H](N)C2)nc2c1c(=O)n(Cc1nccc3ccccc13)c(=O)n2C,8.698970004336019,473.58100000000024,2.3869,1,6,0
17660175,CHEMBL3686747,IC50,=,2.0,nM,8.7,CHEMBL284,Dipeptidyl peptidase 4,N[C@@H](Cc1c[nH]c2ccccc12)C(=O)N1CCC[C@H]1B(O)O,8.698970004336019,301.155,0.0407,4,4,0
16763238,CHEMBL3941804,IC50,=,2.06,nM,8.69,CHEMBL284,Dipeptidyl peptidase 4,COc1cc2ccc3c(c2cc1OC)C[C@H](N)[C@@H](c1cc(F)c(F)cc1F)O3,8.686132779630846,389.3730000000001,4.277800000000003,1,4,0
20680794,CHEMBL4649180,IC50,=,2.07,nM,8.68,CHEMBL284,Dipeptidyl peptidase 4,CC#CCN1C(N2CCC[C@H](N)C2)=NC2C1C(=O)N(C(C)c1nc(C)c3ccccc3n1)C(=O)N2C,8.684029654543082,488.59600000000023,1.705920000000002,1,8,0
18164901,CHEMBL4068477,IC50,=,2.1,nM,8.68,CHEMBL284,Dipeptidyl peptidase 4,Cc1ccc(-c2c(-c3nc(C(N)=O)cs3)cnc(CC(C)C)c2CN)cc1.Cl.Cl,8.67778070526608,453.43900000000025,4.780220000000005,2,5,0
10982099,CHEMBL2063026,IC50,=,2.1,nM,8.68,CHEMBL284,Dipeptidyl peptidase 4,C[C@H](N)C(=O)N1C[C@H](F)C[C@H]1B(O)O,8.67778070526608,204.01,-1.7153999999999994,3,4,0
27715988,CHEMBL5896005,IC50,=,2.1,nM,8.68,CHEMBL284,Dipeptidyl peptidase 4,CC#CCn1c(N2CCC[C@@H](N)C2)nc2c1c(=O)n(Cc1cc(F)c(F)cc1C#N)c(=O)n2C,8.67778070526608,467.4800000000002,1.04568,1,6,0
19099006,CHEMBL4446618,IC50,=,2.19,nM,8.66,CHEMBL284,Dipeptidyl peptidase 4,CC#CCn1c(N2CCC[C@@H](N)C2)cc(=O)n(Cc2cccc(F)c2C(=O)O)c1=O,8.659555885159882,414.4370000000001,0.8463999999999996,2,5,0
6301117,CHEMBL1808473,IC50,=,2.2,nM,8.66,CHEMBL284,Dipeptidyl peptidase 4,Cc1ccc(-c2c(CN)c(CC(C)C)nc3ccc(N4CCNC(=O)C4)cc23)cc1,8.657577319177793,402.5420000000002,3.803620000000002,2,4,0
2712731,CHEMBL563901,IC50,=,2.2,nM,8.66,CHEMBL284,Dipeptidyl peptidase 4,N[C@@H](CC(=O)N1CCC[C@H]1CNC(=O)C1CCC1)Cc1cc(F)c(F)cc1F,8.657577319177793,397.4410000000001,2.2710999999999997,2,3,0
25636103,CHEMBL5408495,IC50,=,2.2,nM,8.66,CHEMBL284,Dipeptidyl peptidase 4,Cc1nnc(N2CCC[C@@H](N)C2)n(Cc2cc(F)ccc2C#N)c1=O,8.657577319177793,342.3780000000001,0.9333,1,6,0
10961282,CHEMBL2058968,IC50,=,2.2,nM,8.66,CHEMBL284,Dipeptidyl peptidase 4,O=C([C@@H]1C[C@H](N2CCN(c3ccc4ccccc4n3)CC2)CN1)N1CCSC1,8.657577319177793,397.5480000000003,1.6202,1,6,0
6203115,CHEMBL1779709,IC50,=,2.2,nM,8.66,CHEMBL284,Dipeptidyl peptidase 4,CC(C)OC[C@@H]1C(=O)NCCN1C(=O)C[C@H](N)Cc1cc(F)c(F)cc1F,8.657577319177793,387.402,1.1158,2,4,0
17614740,CHEMBL3645491,IC50,=,2.2,nM,8.66,CHEMBL284,Dipeptidyl peptidase 4,CS(=O)(=O)n1cc2c(n1)CN([C@H]1COC(c3cc(F)c(F)cc3F)[C@@H](N)C1)C2,8.657577319177793,416.4250000000001,1.2812,1,6,0
17672030,CHEMBL3654419,IC50,=,2.2,nM,8.66,CHEMBL284,Dipeptidyl peptidase 4,N[C@H]1C[C@@H](N2Cc3cnn(-c4ncccn4)c3C2)CCO[C@@H]1c1cc(F)ccc1F,8.657577319177793,412.4440000000002,2.5037000000000003,1,6,0
19149785,CHEMBL4529301,IC50,=,2.25,nM,8.65,CHEMBL284,Dipeptidyl peptidase 4,Cc1cccc(-c2nnc3ccc(N4CCN(C(=O)c5ccccc5)CC4)nn23)c1,8.647817481888637,398.47000000000014,3.062120000000001,0,5,0
26036395,CHEMBL5597715,IC50,=,2.27,nM,8.64,CHEMBL284,Dipeptidyl peptidase 4,Cc1nnc(N2CCC[C@@H](N)C2)n(Cc2cc(F)ccc2C#N)c1=O.O=C(O)c1ccccc1,8.643974142806877,464.5010000000002,2.3181000000000003,2,7,0
16394176,CHEMBL3736511,IC50,=,2.3,nM,8.64,CHEMBL284,Dipeptidyl peptidase 4,N[C@H]1C[C@@H](N2Cc3cn(S(=O)(=O)c4ccccc4)nc3C2)CO[C@@H]1c1cc(F)ccc1F,8.638272163982407,460.5060000000002,2.571400000000001,1,6,0
10982097,CHEMBL2063024,IC50,=,2.3,nM,8.64,CHEMBL284,Dipeptidyl peptidase 4,C[C@H](N)C(=O)N1C[C@@H](O)C[C@H]1B(O)O,8.638272163982407,202.019,-2.692599999999998,4,5,0
16394166,CHEMBL3736188,IC50,=,2.3,nM,8.64,CHEMBL284,Dipeptidyl peptidase 4,N[C@H]1C[C@@H](N2Cc3cn(S(=O)(=O)C(F)(F)F)nc3C2)CO[C@@H]1c1cc(F)ccc1F,8.638272163982407,452.4050000000002,2.0321,1,6,0
17652370,CHEMBL3644451,IC50,=,2.3,nM,8.64,CHEMBL284,Dipeptidyl peptidase 4,N[C@H]1C[C@@H](N2Cc3c[nH]nc3C2)CSC1c1cc(F)ccc1F,8.638272163982407,336.411,2.5776000000000012,2,4,0
2712736,CHEMBL565101,IC50,=,2.3,nM,8.64,CHEMBL284,Dipeptidyl peptidase 4,N#Cc1ccnc(OC[C@@H]2CCCN2C(=O)C[C@H](N)Cc2cc(F)c(F)cc2F)c1,8.638272163982407,418.4190000000001,2.7004800000000007,1,5,0
2023291,CHEMBL238516,IC50,=,2.3,nM,8.64,CHEMBL284,Dipeptidyl peptidase 4,O=C([C@@H]1C[C@H](N2CCC(c3ccc([N+](=O)[O-])cc3)CC2)CN1)N1CCSC1,8.638272163982407,390.50900000000024,2.0376000000000003,1,6,0
1987800,CHEMBL400841,IC50,=,2.3,nM,8.64,CHEMBL284,Dipeptidyl peptidase 4,CN(C)C(=O)[C@@H]([C@H]1CC[C@H](c2cccc3ncnn32)CC1)[C@H](N)C(=O)N1CC[C@H](F)C1,8.638272163982407,430.5280000000003,1.6051999999999995,1,5,0
17672029,CHEMBL3654418,IC50,=,2.3,nM,8.64,CHEMBL284,Dipeptidyl peptidase 4,CS(=O)(=O)n1cc2c(n1)CN([C@H]1CCO[C@H](c3cc(F)ccc3F)[C@@H](N)C1)C2,8.638272163982407,412.4620000000001,1.5321999999999996,1,6,0
11014702,CHEMBL2086613,IC50,=,2.3,nM,8.64,CHEMBL284,Dipeptidyl peptidase 4,N#Cc1ccc(C(=O)NCCCC(=O)N2CCC[C@H]2C#N)cc1,8.638272163982407,310.3569999999999,1.58286,1,4,0
18357660,CHEMBL4162340,IC50,=,2.3,nM,8.64,CHEMBL284,Dipeptidyl peptidase 4,N#Cc1ccc(F)cc1Cn1c(N2CCC[C@@H](N)C2)nc2cc[nH]c2c1=O,8.638272163982407,366.4000000000001,1.7111799999999997,2,5,0
10869444,CHEMBL2023066,IC50,=,2.34,nM,8.63,CHEMBL284,Dipeptidyl peptidase 4,N#Cc1ccccc1Cn1c(N2CCC[C@@H](N)C2)nc2[nH]c(-c3cccnc3)cc2c1=O,8.630784142589857,425.4960000000001,2.634080000000001,2,6,0
19099009,CHEMBL4528994,IC50,=,2.35,nM,8.63,CHEMBL284,Dipeptidyl peptidase 4,CC#CCn1c(N2CCC[C@@H](N)C2)nc2c1c(=O)n(Cc1ccc(F)cc1C(=O)O)c(=O)n2C,8.628932137728263,468.4890000000002,0.733100000000001,2,6,0
1948880,CHEMBL232311,IC50,=,2.4,nM,8.62,CHEMBL284,Dipeptidyl peptidase 4,CN(C)C(=O)CC[C@@H]1CN[C@H](C(=O)N2CCC[C@H]2C#N)C1,8.619788758288394,292.38300000000004,0.3474800000000004,1,4,0
2053477,CHEMBL248599,IC50,=,2.4,nM,8.62,CHEMBL284,Dipeptidyl peptidase 4,N#Cc1ccc(CN2C[C@H](N)[C@H](C(=O)N3CCC[C@H]3C#N)C2)cc1,8.619788758288394,323.40000000000003,0.83196,1,5,0
1944677,CHEMBL242492,IC50,=,2.4,nM,8.62,CHEMBL284,Dipeptidyl peptidase 4,N#C[C@@H]1CCCN1C(=O)[C@@H]1C[C@H](C2CCCCC2)CN1,8.619788758288394,275.39599999999996,2.05938,1,3,0
18357661,CHEMBL4169618,IC50,=,2.4,nM,8.62,CHEMBL284,Dipeptidyl peptidase 4,N#Cc1ccc(F)cc1Cn1c(N2CCC[C@@H](N)C2)nc2[nH]ccc2c1=O,8.619788758288394,366.4000000000001,1.7111799999999997,2,5,0
2191789,CHEMBL521224,IC50,=,2.4,nM,8.62,CHEMBL284,Dipeptidyl peptidase 4,N#C[C@@H]1C[C@H](F)CN1C(=O)CNCCNc1ccc(C(N)=O)cn1,8.619788758288394,334.3550000000001,-0.3554199999999984,3,6,0
2023290,CHEMBL239356,IC50,=,2.4,nM,8.62,CHEMBL284,Dipeptidyl peptidase 4,O=C([C@@H]1C[C@H](N2CCCN(c3ccc([N+](=O)[O-])cc3)CC2)CN1)N1CCSC1,8.619788758288394,405.5240000000003,1.3703,1,7,0
19099018,CHEMBL4464069,IC50,=,2.43,nM,8.61,CHEMBL284,Dipeptidyl peptidase 4,CC#CCn1c(N2CCC[C@@H](N)C2)nc2c1c(=O)n(Cc1cc(C#N)ccc1C(=O)O)c(=O)n2C,8.614393726401687,475.50900000000024,0.4656800000000009,2,7,0
2023287,CHEMBL239565,IC50,=,2.5,nM,8.6,CHEMBL284,Dipeptidyl peptidase 4,O=C([C@@H]1C[C@H](N2CCN(c3ccc(Cl)cn3)CC2)CN1)N1CCSC1,8.602059991327963,381.9330000000002,1.1203999999999998,1,6,0
1944670,CHEMBL390221,IC50,=,2.5,nM,8.6,CHEMBL284,Dipeptidyl peptidase 4,N#C[C@@H]1CCCN1C(=O)[C@@H]1C[C@H](c2ccc(O)cc2)CN1,8.602059991327963,285.34700000000004,1.3522799999999997,2,4,0
19301478,CHEMBL4558007,IC50,=,2.5,nM,8.6,CHEMBL284,Dipeptidyl peptidase 4,CC#CCn1c(N2CCC[C@@H](N)C2)cc(=O)n(Cc2cc(Br)ccc2C(=O)O)c1=O,8.602059991327963,475.3430000000002,1.4698,2,5,0
17614739,CHEMBL3645490,IC50,=,2.5,nM,8.6,CHEMBL284,Dipeptidyl peptidase 4,CS(=O)(=O)n1cc2c(n1)CN([C@H]1COC(c3cc(F)ccc3F)[C@@H](N)C1)C2,8.602059991327963,398.4350000000001,1.1421,1,6,0
1987798,CHEMBL237997,IC50,=,2.5,nM,8.6,CHEMBL284,Dipeptidyl peptidase 4,CN(C)C(=O)[C@@H]([C@H]1CC[C@H](c2cccc3ncnn32)CC1)[C@H](N)C(=O)N1CCC(F)(F)C1,8.602059991327963,448.5180000000003,1.9023999999999992,1,5,0
16394172,CHEMBL3645492,IC50,=,2.6,nM,8.59,CHEMBL284,Dipeptidyl peptidase 4,N[C@H]1C[C@@H](N2Cc3cnn(S(=O)(=O)C4CCCC4)c3C2)CO[C@@H]1c1cc(F)ccc1F,8.585026652029182,452.5270000000002,2.4549000000000003,1,6,0
17672033,CHEMBL3654422,IC50,=,2.6,nM,8.59,CHEMBL284,Dipeptidyl peptidase 4,NC(=O)c1n[nH]c2c1CN([C@H]1CCO[C@H](c3cc(F)ccc3F)[C@@H](N)C1)C2,8.585026652029182,377.3950000000001,1.3499999999999996,3,5,0
1792485,CHEMBL217271,IC50,=,2.6,nM,8.59,CHEMBL284,Dipeptidyl peptidase 4,N[C@@H](CC(=O)N1CCCNC(=O)[C@H]1CC(F)(F)F)Cc1cc(F)c(F)cc1F,8.585026652029182,411.3460000000001,2.0332999999999997,2,3,0
17749374,CHEMBL3935335,IC50,=,2.6,nM,8.59,CHEMBL284,Dipeptidyl peptidase 4,N[C@H]1C[C@@H](N2Cc3cnn(S(=O)(=O)C4CCCC4)c3C2)COC1c1cc(F)c(F)cc1F,8.585026652029182,470.5170000000002,2.5940000000000003,1,6,0
27085592,CHEMBL5828032,IC50,=,2.6,nM,8.59,CHEMBL284,Dipeptidyl peptidase 4,CS(=O)(=O)c1ccc2c(c1)CN([C@H]1CO[C@H](c3cc(F)ccc3F)[C@@H](N)C1)C2,8.585026652029182,408.47000000000014,2.541400000000001,1,5,0
3099285,CHEMBL591291,IC50,=,2.6,nM,8.59,CHEMBL284,Dipeptidyl peptidase 4,COc1cc2c(cc1OC)[C@@H]1C[C@H](N)[C@@H](N3C[C@H](C)CC3=O)CN1CC2,8.585026652029182,359.4700000000002,1.5710000000000002,1,5,0
2190140,CHEMBL470477,IC50,=,2.6,nM,8.59,CHEMBL284,Dipeptidyl peptidase 4,N#C[C@@H]1C[C@H](F)CN1C(=O)CNC1CCCC1,8.585026652029182,239.29399999999995,0.9811799999999996,1,3,0
17652375,CHEMBL3644455,IC50,=,2.6,nM,8.59,CHEMBL284,Dipeptidyl peptidase 4,CC(C)(O)Cn1cc2c(n1)CN([C@H]1CSC(c3cc(F)cc(F)c3F)[C@@H](N)C1)C2,8.585026652029182,426.50800000000015,2.961000000000001,2,5,0
23297234,CHEMBL4856255,IC50,=,2.6,nM,8.59,CHEMBL284,Dipeptidyl peptidase 4,CC#CCn1c(N2CCC[C@@H](N)C2)cc(=O)n(Cc2cc(C(=O)OC)ccc2Br)c1=O,8.585026652029182,489.3700000000002,1.5581999999999998,1,6,0
10869446,CHEMBL2022467,IC50,=,2.64,nM,8.58,CHEMBL284,Dipeptidyl peptidase 4,N#Cc1ccccc1Cn1c(N2CCC[C@@H](N)C2)nc2[nH]c(Br)cc2c1=O,8.578396073130168,427.306,2.33458,2,5,0
6301118,CHEMBL1808474,IC50,=,2.7,nM,8.57,CHEMBL284,Dipeptidyl peptidase 4,Cc1ccc(-c2c(CN)c(CC(C)C)nc3ccc(N4CCNC(=O)C4=O)cc23)cc1,8.568636235841012,416.5250000000002,3.3302200000000015,2,4,0
2712733,CHEMBL552069,IC50,=,2.7,nM,8.57,CHEMBL284,Dipeptidyl peptidase 4,N[C@@H](CC(=O)N1CCC[C@H]1CNC(=O)C1(C(F)(F)F)CC1)Cc1cc(F)c(F)cc1F,8.568636235841012,451.4110000000002,2.8135000000000012,2,3,0
2023289,CHEMBL395854,IC50,=,2.7,nM,8.57,CHEMBL284,Dipeptidyl peptidase 4,O=C([C@@H]1C[C@H](N2CCN(c3ccccn3)CC2)CN1)N1CCSC1,8.568636235841012,347.4880000000001,0.4670000000000008,1,6,0
2712718,CHEMBL558647,IC50,=,2.7,nM,8.57,CHEMBL284,Dipeptidyl peptidase 4,N[C@@H](CC(=O)N1CCC[C@H]1CN(C1CC1)S(=O)(=O)C(F)(F)F)Cc1cc(F)c(F)cc1F,8.568636235841012,487.4660000000001,2.668800000000001,1,4,0
2191790,CHEMBL500008,IC50,=,2.7,nM,8.57,CHEMBL284,Dipeptidyl peptidase 4,N#C[C@@H]1C[C@H](F)CN1C(=O)CNCCNc1ccc(Cl)cn1,8.568636235841012,325.77500000000003,1.19908,2,5,0
1896357,CHEMBL395798,IC50,=,2.77,nM,8.56,CHEMBL284,Dipeptidyl peptidase 4,C[C@@H]1CCN(C(=O)C[C@H](N)Cc2cc(F)c(F)cc2F)[C@H](Cc2ccccc2F)C(=O)N1,8.557520230935552,451.46400000000006,2.8512000000000013,2,3,0
12078491,CHEMBL2159190,IC50,=,2.8,nM,8.55,CHEMBL284,Dipeptidyl peptidase 4,CNc1nc2c(c(-c3cc(F)ccc3Br)c1CN)c(=O)n(C)c(=O)n2C,8.55284196865778,422.2580000000002,1.7011999999999996,2,5,0
12078493,CHEMBL2159192,IC50,=,2.8,nM,8.55,CHEMBL284,Dipeptidyl peptidase 4,CCN(CC)c1nc2c(c(-c3cc(F)ccc3Br)c1CN)c(=O)n(C)c(=O)n2C,8.55284196865778,464.3390000000002,2.505700000000001,1,5,0
23297222,CHEMBL4857729,IC50,=,2.8,nM,8.55,CHEMBL284,Dipeptidyl peptidase 4,CC#CCn1c(N2CCC[C@@H](N)C2)cc(=O)n(Cc2cc(C(=O)O)ccc2F)c1=O,8.55284196865778,414.4370000000001,0.8463999999999996,2,5,0
20680783,CHEMBL4641140,IC50,=,2.8,nM,8.55,CHEMBL284,Dipeptidyl peptidase 4,Cc1ccc(NS(=O)(=O)c2ccc3c(c2)CCCC3)cc1,8.55284196865778,301.41100000000006,3.674620000000002,1,2,0
2191791,CHEMBL487680,IC50,=,2.8,nM,8.55,CHEMBL284,Dipeptidyl peptidase 4,N#C[C@@H]1C[C@H](F)CN1C(=O)CNCCNc1ccccn1,8.55284196865778,291.33,0.5456799999999997,2,5,0
16584401,CHEMBL3804950,IC50,=,2.9,nM,8.54,CHEMBL284,Dipeptidyl peptidase 4,Cc1ccnc2c3c(nn12)CN([C@H]1CO[C@H](c2cc(F)ccc2F)[C@@H](N)C1)C3,8.537602002101044,385.4180000000001,2.48902,1,5,0
5131371,CHEMBL3216485,IC50,=,2.9,nM,8.54,CHEMBL284,Dipeptidyl peptidase 4,Cc1ccc(-c2c(CC(=O)N3CCC[C@H]3C(=O)O)c(C)nc(CC(C)C)c2CN)cc1.Cl.Cl,8.537602002101044,496.4790000000002,4.484340000000005,2,4,0
2190148,CHEMBL512726,IC50,=,2.9,nM,8.54,CHEMBL284,Dipeptidyl peptidase 4,CC(C)(C)NCC(=O)N1C[C@@H](F)C[C@H]1C#N,8.537602002101044,227.28299999999996,0.8370799999999996,1,3,0
12034804,CHEMBL2147711,IC50,=,2.9,nM,8.54,CHEMBL284,Dipeptidyl peptidase 4,Cc1cc(N2CCN([C@@H]3CN[C@H](C(=O)N4CCSC4)C3)CC2)n(-c2ccc(F)cc2)n1,8.537602002101044,444.5800000000002,1.7052199999999995,1,6,0
2191785,CHEMBL488036,IC50,=,2.9,nM,8.54,CHEMBL284,Dipeptidyl peptidase 4,CC(C)(CNC(=O)c1ccc2c(c1)CCO2)NCC(=O)N1C[C@@H](F)C[C@H]1C#N,8.537602002101044,388.4430000000001,1.1820800000000002,2,5,0
1497822,CHEMBL381626,IC50,=,2.9,nM,8.54,CHEMBL284,Dipeptidyl peptidase 4,N#C[C@@H]1CCCN1C(=O)[C@@H]1CCCN1,8.537602002101044,193.25,0.2529799999999998,1,3,0
1944678,CHEMBL242987,IC50,=,2.9,nM,8.54,CHEMBL284,Dipeptidyl peptidase 4,CC(C)C[C@@H]1CN[C@H](C(=O)N2CCC[C@H]2C#N)C1,8.537602002101044,249.35799999999995,1.5251799999999998,1,3,0
17632187,CHEMBL3697947,IC50,=,2.9,nM,8.54,CHEMBL284,Dipeptidyl peptidase 4,N[C@H]1C[C@@H](N2Cc3cn[nH]c3C2)CN(Cc2cn[nH]c2)C1c1cc(F)ccc1F,8.537602002101044,399.449,2.069699999999999,3,5,0
15617514,CHEMBL3580790,IC50,=,2.9,nM,8.54,CHEMBL284,Dipeptidyl peptidase 4,CCN1C(=O)CN(C(=O)C[C@H](N)[C@H]2CCc3cc(F)c(F)cc32)Cc2ccccc21,8.537602002101044,413.4680000000002,3.1073000000000013,1,3,0
19099019,CHEMBL4435383,IC50,=,2.91,nM,8.54,CHEMBL284,Dipeptidyl peptidase 4,CC#CCn1c(N2CCC[C@@H](N)C2)nc2c1c(=O)n(Cc1ccccc1C(=O)OC)c(=O)n2C,8.536107011014092,464.52600000000024,0.6824000000000006,1,7,0
17763468,CHEMBL3898310,IC50,=,3.0,nM,8.52,CHEMBL284,Dipeptidyl peptidase 4,CC#CCn1c(N2CCC[C@H](N)C2)nc2c1c(=O)n(Cc1nc(C)cc3ccccc13)c(=O)n2C,8.522878745280337,471.5650000000002,1.75242,1,6,0
5192922,CHEMBL1650430,IC50,=,3.0,nM,8.52,CHEMBL284,Dipeptidyl peptidase 4,N#Cc1ccsc1Cn1c(N2CCC[C@@H](N)C2)ncc(Br)c1=O,8.522878745280337,394.298,1.91478,1,6,0
1497828,CHEMBL192882,IC50,=,3.0,nM,8.52,CHEMBL284,Dipeptidyl peptidase 4,N#C[C@@H]1CCCN1C(=O)[C@@H]1C[C@H](NC2CCCCC2)CN1,8.522878745280337,290.41100000000006,1.1537799999999996,2,4,0
2053420,CHEMBL399348,IC50,>,3.0,nM,,CHEMBL284,Dipeptidyl peptidase 4,N[C@@H]1CN(C(=O)c2cnc3ccccc3n2)C(=O)[C@@H]1C(=O)N1CCCC1,8.522878745280337,353.38200000000023,0.1780999999999986,1,6,0
17763467,CHEMBL3958450,IC50,=,3.0,nM,8.52,CHEMBL284,Dipeptidyl peptidase 4,C/C=C/Cn1c(N2CCC[C@@H](N)C2)nc2c1c(=O)n(CC(=O)c1ccccc1)c(=O)n2C,8.522878745280337,436.5160000000002,1.2832,1,6,0
2995126,CHEMBL566672,IC50,=,3.0,nM,8.52,CHEMBL284,Dipeptidyl peptidase 4,N[C@@H](CC(=O)N1CCC[C@H]1c1nc(CC2CC2)no1)Cc1cc(F)c(F)cc1F,8.522878745280337,408.4240000000001,3.0630000000000006,1,5,0
2171470,CHEMBL401502,IC50,=,3.0,nM,8.52,CHEMBL284,Dipeptidyl peptidase 4,CC#CCn1c(N2CCC[C@@H](N)C2)nc2cnn(CC3=Nc4ccccc4Oc4ccccc43)c(=O)c21,8.522878745280337,493.5710000000003,3.470500000000002,1,7,0
2171465,CHEMBL257999,IC50,=,3.0,nM,8.52,CHEMBL284,Dipeptidyl peptidase 4,CC#CCn1c(N2CCCNCC2)nc2cnn(Cc3nc(C)c4ccccc4n3)c(=O)c21,8.522878745280337,442.5270000000002,1.7159199999999994,1,7,0
17763470,CHEMBL3966199,IC50,=,3.0,nM,8.52,CHEMBL284,Dipeptidyl peptidase 4,CC#CCn1c(N2CCC[C@H](N)C2)nc2c1c(=O)n(Cc1ncc(C)c3ccccc13)c(=O)n2C,8.522878745280337,471.5650000000002,1.75242,1,6,0
2995135,CHEMBL566829,IC50,=,3.0,nM,8.52,CHEMBL284,Dipeptidyl peptidase 4,N[C@@H](CC(=O)N1CCC[C@H]1c1nc(-c2ncc(F)cc2F)no1)Cc1cc(F)c(F)cc1F,8.522878745280337,467.39800000000014,3.450700000000002,1,6,0
17763472,CHEMBL3974699,IC50,=,3.0,nM,8.52,CHEMBL284,Dipeptidyl peptidase 4,CC#CCn1c(N2CCC[C@@H](N)C2)nc2c1c(=O)n(CC(=O)c1cccc3c1OCCO3)c(=O)n2C,8.522878745280337,492.53600000000034,0.5016000000000023,1,8,0
2053508,CHEMBL400532,IC50,=,3.0,nM,8.52,CHEMBL284,Dipeptidyl peptidase 4,CC(c1ccc(-n2cncn2)cc1)N1C[C@H](N)[C@H](C(=O)C2CCC[C@H]2C#N)C1,8.522878745280337,378.48000000000025,2.09638,1,6,0
7852224,CHEMBL1909975,IC50,=,3.0,nM,8.52,CHEMBL284,Dipeptidyl peptidase 4,NCc1c(N)nc(-c2cc(F)cc(F)c2)nc1-c1ccc(Cl)cc1Cl,8.522878745280337,381.2130000000001,4.436500000000001,2,4,0
17660164,CHEMBL3686738,IC50,=,3.0,nM,8.52,CHEMBL284,Dipeptidyl peptidase 4,NCC(=S)N1CCC[C@H]1B(O)O,8.522878745280337,188.061,-1.2511000000000003,3,4,0
17763491,CHEMBL3939916,IC50,=,3.0,nM,8.52,CHEMBL284,Dipeptidyl peptidase 4,CC#CCn1c(N2CCC[C@@H](N)C2)nc2c1c(=O)n(CC(=O)c1cccc(OC)c1)c(=O)n2C,8.522878745280337,464.52600000000024,0.739000000000001,1,7,0
25050504,CHEMBL5267474,IC50,=,3.0,nM,8.52,CHEMBL284,Dipeptidyl peptidase 4,N#C[C@@H]1C[C@H](F)CN1C(=O)[C@@H](N)Cc1ccccc1F,8.522878745280337,279.29,1.15808,1,3,0
13856422,CHEMBL3093903,IC50,=,3.0,nM,8.52,CHEMBL284,Dipeptidyl peptidase 4,N#C[C@@H]1C[C@H](F)CN1C(=O)[C@@H](N)Cc1ccc(F)cc1,8.522878745280337,279.28999999999996,1.15808,1,3,0
17632186,CHEMBL3697946,IC50,=,3.0,nM,8.52,CHEMBL284,Dipeptidyl peptidase 4,CS(=O)(=O)n1cc2c(n1)CN([C@@H]1C[C@H](N)C(c3cc(F)ccc3F)N(Cc3cncnc3)C1)C2,8.522878745280337,489.5520000000002,1.4176999999999988,1,8,0
2008911,CHEMBL237499,IC50,=,3.0,nM,8.52,CHEMBL284,Dipeptidyl peptidase 4,CC#CCn1c(N2CCC[C@@H](N)C2)nc2c1c(=O)n(Cc1nc(C)cc3ccccc13)c(=O)n2C,8.522878745280337,471.5650000000002,1.75242,1,6,0
2008918,CHEMBL237067,IC50,=,3.0,nM,8.52,CHEMBL284,Dipeptidyl peptidase 4,CC(C)=CCn1c(N2CCC[C@H](N)C2)nc2c1c(=O)n(CC(=O)c1ccccc1)c(=O)n2C,8.522878745280337,450.54300000000023,1.6732999999999996,1,6,0
17672031,CHEMBL3654420,IC50,=,3.0,nM,8.52,CHEMBL284,Dipeptidyl peptidase 4,N[C@H]1C[C@@H](N2Cc3cnn(-c4ccccc4)c3C2)CCO[C@@H]1c1cc(F)ccc1F,8.522878745280337,410.4680000000002,3.713700000000002,1,4,0
8038715,CHEMBL1951433,IC50,=,3.0,nM,8.52,CHEMBL284,Dipeptidyl peptidase 4,CC(C)=CCn1c(N2CCC[C@H](N)C2)c(C#N)c2ncn(Cc3nc(C)c4ccccc4n3)c(=O)c21,8.522878745280337,482.5920000000002,3.263300000000002,1,7,0
731798,CHEMBL37960,IC50,=,3.0,nM,8.52,CHEMBL284,Dipeptidyl peptidase 4,NCc1c(N)nc(-c2ccc(F)c(F)c2)nc1-c1ccc(Cl)cc1Cl,8.522878745280337,381.2130000000001,4.436500000000001,2,4,0
2697712,CHEMBL385517,IC50,=,3.0,nM,8.52,CHEMBL284,Dipeptidyl peptidase 4,N#C[C@@H]1C[C@@H]2C[C@@H]2N1C(=O)[C@@H](N)C12CC3CC(CC(O)(C3)C1)C2,8.522878745280337,315.4170000000001,1.157979999999999,2,4,0
2023294,CHEMBL241246,IC50,=,3.0,nM,8.52,CHEMBL284,Dipeptidyl peptidase 4,O=C([C@@H]1C[C@H](N2CCN(c3ccc(Cl)c(Cl)c3)CC2)CN1)N1CCSC1,8.522878745280337,415.3900000000002,2.3788,1,5,0
8038737,CHEMBL1951608,IC50,=,3.0,nM,8.52,CHEMBL284,Dipeptidyl peptidase 4,CC(C)=CCn1c(N2CCCNCC2)c(C#N)c2c1c(=O)n(Cc1nccc3ccccc13)c(=O)n2C,8.522878745280337,497.6030000000003,2.735780000000001,1,6,0
17763482,CHEMBL3981831,IC50,=,3.0,nM,8.52,CHEMBL284,Dipeptidyl peptidase 4,CC#CCn1c(N2CCC[C@@H](N)C2)nc2c1c(=O)n(Cc1ccc(C#N)c3ccccc13)c(=O)n2C,8.522878745280337,481.56000000000023,1.9206799999999995,1,6,0
15617512,CHEMBL3580788,IC50,=,3.0,nM,8.52,CHEMBL284,Dipeptidyl peptidase 4,CN1C(=O)CN(C(=O)C[C@H](N)[C@H]2CCc3cc(F)c(F)cc32)Cc2ccccc21,8.522878745280337,399.44100000000014,2.717200000000001,1,3,0
848676,CHEMBL319080,IC50,=,3.0,nM,8.52,CHEMBL284,Dipeptidyl peptidase 4,N#C[C@@H]1CCCN1C(=O)CNC12C[C@H]3C[C@@H](C1)C[C@@H](C2)C3,8.522878745280337,287.40700000000004,2.059379999999999,1,3,0
13903933,CHEMBL3112959,IC50,=,3.0,nM,8.52,CHEMBL284,Dipeptidyl peptidase 4,NC[C@]1(c2cccc(Cl)c2)CC[C@H](n2nc(-c3ccccc3)ccc2=O)CC1,8.522878745280337,393.9180000000001,4.5755000000000035,1,3,0
13441709,CHEMBL2425886,IC50,=,3.1,nM,8.51,CHEMBL284,Dipeptidyl peptidase 4,CC#CCn1c(N2CCC[C@@H](N)C2)cc(=O)n(Cc2ccc3ccccc3n2)c1=O,8.508638306165727,403.4860000000001,1.5572999999999992,1,5,0
2190141,CHEMBL470476,IC50,=,3.1,nM,8.51,CHEMBL284,Dipeptidyl peptidase 4,N#C[C@@H]1C[C@H](F)CN1C(=O)CNC1CCC1,8.508638306165727,225.26699999999997,0.5910799999999996,1,3,0
2190135,CHEMBL469659,IC50,=,3.1,nM,8.51,CHEMBL284,Dipeptidyl peptidase 4,N#C[C@@H]1C[C@H](F)CN1C(=O)CNC12CC3CC(CC(O)(C3)C1)C2,8.508638306165727,321.39600000000013,1.122279999999999,2,4,0
2190136,CHEMBL451937,IC50,=,3.1,nM,8.51,CHEMBL284,Dipeptidyl peptidase 4,N#C[C@@H]1C[C@H](F)CN1C(=O)CNC1C2CC3CC(C2)CC1C3,8.508638306165727,305.3970000000001,1.8632799999999992,1,3,0
2023288,CHEMBL239564,IC50,=,3.1,nM,8.51,CHEMBL284,Dipeptidyl peptidase 4,O=C([C@@H]1C[C@H](N2CCN(c3ccncc3)CC2)CN1)N1CCSC1,8.508638306165727,347.4880000000001,0.4670000000000008,1,6,0
2712743,CHEMBL562072,IC50,=,3.2,nM,8.49,CHEMBL284,Dipeptidyl peptidase 4,N#Cc1cccnc1NC[C@@H]1CCCN1C(=O)C[C@H](N)Cc1cc(F)c(F)cc1F,8.494850021680094,417.43500000000006,2.733580000000001,2,5,0
16378637,CHEMBL3734769,IC50,=,3.2,nM,8.49,CHEMBL284,Dipeptidyl peptidase 4,CS(=O)(=O)Nc1n[nH]c2c1CN([C@H]1CO[C@H](c3cc(F)ccc3F)[C@@H](N)C1)C2,8.494850021680094,413.45000000000016,1.2324999999999997,3,6,0
2053476,CHEMBL399525,IC50,=,3.2,nM,8.49,CHEMBL284,Dipeptidyl peptidase 4,N#C[C@@H]1CCCN1C(=O)[C@@H]1CN(Cc2ccc(-n3cncn3)cc2)C[C@@H]1N,8.494850021680094,365.4410000000001,0.5409799999999999,1,6,0
27085601,CHEMBL5894572,IC50,=,3.2,nM,8.49,CHEMBL284,Dipeptidyl peptidase 4,N[C@H]1C[C@@H](N2Cc3ccc(S(=O)(=O)C4CC4)cc3C2)CO[C@@H]1c1cc(F)ccc1F,8.494850021680094,434.50800000000015,3.0740000000000016,1,5,0
24872437,CHEMBL1929396,IC50,=,3.3,nM,8.48,CHEMBL284,Dipeptidyl peptidase 4,Cc1cc2ncc(C(=O)NCC(C)(C)NCC(=O)N3CCC[C@H]3C#N)cn2n1,8.481486060122112,383.4560000000002,0.6503000000000008,2,6,0
2190138,CHEMBL470681,IC50,=,3.3,nM,8.48,CHEMBL284,Dipeptidyl peptidase 4,N#C[C@@H]1C[C@H](F)CN1C(=O)CNC1CCCCCCC1,8.481486060122112,281.375,2.1514799999999994,1,3,0
2190139,CHEMBL513725,IC50,=,3.3,nM,8.48,CHEMBL284,Dipeptidyl peptidase 4,N#C[C@@H]1C[C@H](F)CN1C(=O)CNC1(CO)CCCC1,8.481486060122112,269.32,0.3436799999999995,2,4,0
1944669,CHEMBL243799,IC50,=,3.3,nM,8.48,CHEMBL284,Dipeptidyl peptidase 4,Cc1cc(O)cc(C)c1[C@@H]1CN[C@H](C(=O)N2CCC[C@H]2C#N)C1,8.481486060122112,313.40100000000007,1.96912,2,4,0
2053475,CHEMBL248793,IC50,=,3.3,nM,8.48,CHEMBL284,Dipeptidyl peptidase 4,Cn1nccc1-c1ccc(CN2C[C@H](N)[C@H](C(=O)N3CCC[C@H]3C#N)C2)cc1,8.481486060122112,378.4800000000002,1.3607800000000003,1,5,0
17652371,CHEMBL3644452,IC50,=,3.4,nM,8.47,CHEMBL284,Dipeptidyl peptidase 4,N[C@H]1C[C@@H](N2Cc3c[nH]nc3C2)CSC1c1cc(F)cc(F)c1F,8.468521082957745,354.401,2.7167000000000012,2,4,0
25636125,CHEMBL5430453,IC50,=,3.4,nM,8.47,CHEMBL284,Dipeptidyl peptidase 4,Cc1ccc2c(c1)CN(C(=O)CC(C)(C)NCC(=O)N1CCC[C@H]1C#N)C2,8.468521082957745,368.4810000000002,2.1101,1,4,0
18662289,CHEMBL4241283,IC50,=,3.4,nM,8.47,CHEMBL284,Dipeptidyl peptidase 4,CC(C)(C)[C@H](N)C(=O)N1CCSCC1,8.468521082957745,216.3499999999999,0.9352,1,3,0
2053507,CHEMBL249408,IC50,=,3.4,nM,8.47,CHEMBL284,Dipeptidyl peptidase 4,N#Cc1ccc2c(c1)CCC2N1C[C@H](N)[C@H](C(=O)C2CCC[C@H]2C#N)C1,8.468521082957745,348.45000000000016,2.3136600000000005,1,5,0
1944680,CHEMBL242985,IC50,=,3.4,nM,8.47,CHEMBL284,Dipeptidyl peptidase 4,CCC[C@@H]1CN[C@H](C(=O)N2CCC[C@H]2C#N)C1,8.468521082957745,235.33099999999993,1.2791799999999998,1,3,0
12034807,CHEMBL2147714,IC50,=,3.4,nM,8.47,CHEMBL284,Dipeptidyl peptidase 4,Cc1cc(N2CCN([C@@H]3CN[C@H](C(=O)N4CCSC4)C3)CC2)n(-c2ccc(Cl)cc2)n1,8.468521082957745,461.03500000000025,2.21952,1,6,0
15617513,CHEMBL3580789,IC50,=,3.4,nM,8.47,CHEMBL284,Dipeptidyl peptidase 4,CN1C(=O)CN(C(=O)C[C@H](N)[C@H]2CCc3cc(F)c(F)cc32)Cc2ccc(F)cc21,8.468521082957745,417.43100000000015,2.856300000000001,1,3,0
13441708,CHEMBL2425884,IC50,=,3.4,nM,8.47,CHEMBL284,Dipeptidyl peptidase 4,CC#CCn1c(N2CCC[C@@H](N)C2)cc(=O)n(Cc2ncccn2)c1=O,8.468521082957745,354.41400000000004,-0.2008999999999989,1,6,0
15617516,CHEMBL3580792,IC50,=,3.4,nM,8.47,CHEMBL284,Dipeptidyl peptidase 4,CCOC(=O)CN1C(=O)CN(C(=O)C[C@H](N)[C@H]2CCc3cc(F)c(F)cc32)Cc2ccccc21,8.468521082957745,471.5040000000002,2.650500000000001,1,5,0
2712726,CHEMBL550114,IC50,=,3.5,nM,8.46,CHEMBL284,Dipeptidyl peptidase 4,N[C@@H](CC(=O)N1CCC[C@H]1CNC(=O)CC(F)(F)F)Cc1cc(F)c(F)cc1F,8.455931955649724,425.3730000000001,2.4234,2,3,0
19301480,CHEMBL4516959,IC50,=,3.5,nM,8.46,CHEMBL284,Dipeptidyl peptidase 4,CC#CCn1c(N2CCC[C@@H](N)C2)cc(=O)n(Cc2cc(C#N)ccc2C(=O)O)c1=O,8.455931955649724,421.45700000000016,0.5789800000000005,2,6,0
2712745,CHEMBL563244,IC50,=,3.5,nM,8.46,CHEMBL284,Dipeptidyl peptidase 4,N#Cc1ccc(NC[C@@H]2CCCN2C(=O)C[C@H](N)Cc2cc(F)c(F)cc2F)nc1,8.455931955649724,417.43500000000006,2.733580000000001,2,5,0
1948915,CHEMBL391559,IC50,=,3.5,nM,8.46,CHEMBL284,Dipeptidyl peptidase 4,CNC(=O)[C@@H]1CN[C@H](C(=O)N2CCC[C@H]2C#N)C1,8.455931955649724,250.3019999999999,-0.7749199999999994,2,4,0
16584395,CHEMBL3805353,IC50,=,3.5,nM,8.46,CHEMBL284,Dipeptidyl peptidase 4,N[C@H]1C[C@@H](N2Cc3nn4cncnc4c3C2)CO[C@@H]1c1cc(F)ccc1F,8.455931955649724,372.3790000000001,1.5756,1,6,0
1944681,CHEMBL245069,IC50,=,3.5,nM,8.46,CHEMBL284,Dipeptidyl peptidase 4,C=CC[C@@H]1CN[C@H](C(=O)N2CCC[C@H]2C#N)C1,8.455931955649724,233.3149999999999,1.0551799999999996,1,3,0
850961,CHEMBL3084811,IC50,=,3.5,nM,8.46,CHEMBL284,Dipeptidyl peptidase 4,N#C[C@@H]1CCCN1C(=O)CN[C@]12C[C@@H]3C[C@@H](C[C@@](O)(C3)C1)C2,8.455931955649724,303.4060000000001,1.1742799999999989,2,4,0
2053506,CHEMBL400533,IC50,=,3.5,nM,8.46,CHEMBL284,Dipeptidyl peptidase 4,N#C[C@@H]1CCCC1C(=O)[C@@H]1CN(C2CCOc3ccccc32)C[C@@H]1N,8.455931955649724,339.4390000000001,2.27828,1,5,0
1944675,CHEMBL396512,IC50,=,3.5,nM,8.46,CHEMBL284,Dipeptidyl peptidase 4,N#C[C@@H]1CCCN1C(=O)[C@@H]1C[C@H](c2ccccc2)CN1,8.455931955649724,269.348,1.6466799999999997,1,3,0
2053474,CHEMBL438520,IC50,=,3.6,nM,8.44,CHEMBL284,Dipeptidyl peptidase 4,N#Cc1cc(CN2C[C@H](N)[C@H](C(=O)N3CCC[C@H]3C#N)C2)ccc1F,8.443697499232712,341.39000000000004,0.97106,1,5,0
3099287,CHEMBL591117,IC50,=,3.6,nM,8.44,CHEMBL284,Dipeptidyl peptidase 4,COc1cc2c(cc1OC)[C@@H]1C[C@H](N)[C@@H](N3C[C@H](CF)CC3=O)CN1CC2,8.443697499232712,377.4600000000002,1.5206,1,5,0
25050707,CHEMBL5286666,IC50,=,3.6,nM,8.44,CHEMBL284,Dipeptidyl peptidase 4,CC#CCn1c(N2CCC[C@@H](N)C2)cc(=O)n(Cc2cccc(C(=O)NC)c2)c1=O,8.443697499232712,409.4900000000001,0.3687000000000016,2,5,0
16378636,CHEMBL3735925,IC50,=,3.7,nM,8.43,CHEMBL284,Dipeptidyl peptidase 4,N[C@H]1C[C@@H](N2Cc3[nH]nc(NC(=O)c4ccncc4)c3C2)CO[C@@H]1c1cc(F)ccc1F,8.431798275933005,440.45400000000024,2.5083,3,6,0
2712729,CHEMBL558322,IC50,=,3.7,nM,8.43,CHEMBL284,Dipeptidyl peptidase 4,CC(C)(C)C(=O)NC[C@@H]1CCCN1C(=O)C[C@H](N)Cc1cc(F)c(F)cc1F,8.431798275933005,399.4570000000001,2.517100000000001,2,3,0
16584410,CHEMBL3806003,IC50,=,3.7,nM,8.43,CHEMBL284,Dipeptidyl peptidase 4,N[C@H]1C[C@@H](N2Cc3nn4cccnc4c3C2)CC[C@@H]1c1cc(F)c(F)cc1F,8.431798275933005,387.4090000000001,3.1258000000000017,1,4,0
3099279,CHEMBL590329,IC50,=,3.7,nM,8.43,CHEMBL284,Dipeptidyl peptidase 4,COc1cc2c(cc1OC)C1CC(N)C(N3CC(C)CCC3=O)CN1CC2,8.431798275933005,373.49700000000024,1.9611,1,5,0
25050521,CHEMBL5276287,IC50,=,3.79,nM,8.42,CHEMBL284,Dipeptidyl peptidase 4,N#CC1CCCN1C(=O)[C@@H](N)Cc1ccc(-c2cn(Cc3ccc(F)cc3)nn2)cc1,8.421360790031928,418.4760000000001,2.5168800000000005,1,5,0
13421622,CHEMBL2418626,IC50,=,3.79,nM,8.42,CHEMBL284,Dipeptidyl peptidase 4,Cl.N#C[C@@H]1CCCN1C(=O)[C@@H](N)Cc1ccc(-c2cn(Cc3ccc(F)cc3)nn2)cc1,8.421360790031928,454.9370000000001,2.9386800000000015,1,5,0
27085598,CHEMBL5763347,IC50,=,3.8,nM,8.42,CHEMBL284,Dipeptidyl peptidase 4,N[C@H]1C[C@@H](N2Cc3ccc(S(N)(=O)=O)cc3C2)CO[C@@H]1c1cc(F)ccc1F,8.42021640338319,409.4580000000001,1.7853,2,5,0
7962678,CHEMBL1929387,IC50,=,3.8,nM,8.42,CHEMBL284,Dipeptidyl peptidase 4,Cc1cc2ncc(C(=O)NCC(C)(C)NCC(=O)N3CCC[C@H]3C#N)cn2n1.Cl,8.42021640338319,419.9170000000001,1.0720999999999998,2,6,0
15617501,CHEMBL3580779,IC50,=,3.8,nM,8.42,CHEMBL284,Dipeptidyl peptidase 4,N[C@@H](CC(=O)N1CC(=O)Nc2cc(F)ccc2C1)[C@H]1CCc2cc(F)c(F)cc21,8.42021640338319,403.40400000000017,2.8320000000000007,2,3,0
11014703,CHEMBL2086614,IC50,=,3.8,nM,8.42,CHEMBL284,Dipeptidyl peptidase 4,N#C[C@@H]1CCCN1C(=O)CCCNC(=O)c1ccc(C(F)(F)F)cc1,8.42021640338319,353.344,2.7299800000000003,1,3,0
2053423,CHEMBL250620,IC50,=,3.8,nM,8.42,CHEMBL284,Dipeptidyl peptidase 4,Cc1cc(-n2cncn2)ccc1CN1C[C@H](N)[C@H](C(=O)C2CCC[C@H]2C#N)C1,8.42021640338319,378.48000000000025,1.8438,1,6,0
1948884,CHEMBL395919,IC50,=,3.8,nM,8.42,CHEMBL284,Dipeptidyl peptidase 4,N#C[C@@H]1CCCN1C(=O)[C@@H]1C[C@H](CCO)CN1,8.42021640338319,237.303,-0.1385200000000001,2,4,0
19099010,CHEMBL4458949,IC50,=,3.9,nM,8.41,CHEMBL284,Dipeptidyl peptidase 4,CC#CCn1c(N2CCC[C@@H](N)C2)nc2c1c(=O)n(Cc1c(Cl)cccc1C(=O)O)c(=O)n2C,8.4089353929735,484.9440000000002,1.2474000000000005,2,6,0
1944671,CHEMBL243798,IC50,=,3.9,nM,8.41,CHEMBL284,Dipeptidyl peptidase 4,N#C[C@@H]1CCCN1C(=O)[C@@H]1C[C@H](c2cccc(O)c2)CN1,8.4089353929735,285.34700000000004,1.3522799999999997,2,4,0
20653415,CHEMBL4641763,IC50,=,3.9,nM,8.41,CHEMBL284,Dipeptidyl peptidase 4,CS(=O)(=O)n1cc2c(n1)CN([C@@H]1C[C@H](N)[C@@H](c3cc(F)c(F)cc3F)O[C@@H]1C(F)(F)F)C2,8.4089353929735,484.4220000000001,2.2120999999999995,1,6,0
17632189,CHEMBL3697949,IC50,=,3.9,nM,8.41,CHEMBL284,Dipeptidyl peptidase 4,CS(=O)(=O)n1cc2c(n1)CN([C@H]1C[C@H](N)C(c3cc(F)ccc3F)N(Cc3cn[nH]c3)C1)C2,8.4089353929735,477.54100000000017,1.350799999999999,2,7,0
2712738,CHEMBL549296,IC50,=,3.9,nM,8.41,CHEMBL284,Dipeptidyl peptidase 4,N[C@@H](CC(=O)N1CCC[C@H]1CNc1nccc(C(F)(F)F)n1)Cc1cc(F)c(F)cc1F,8.4089353929735,461.41000000000014,3.2757000000000014,2,5,0
19301476,CHEMBL4562685,IC50,=,3.9,nM,8.41,CHEMBL284,Dipeptidyl peptidase 4,CC#CCn1c(N2CCC[C@@H](N)C2)cc(=O)n(Cc2ccc(Cl)cc2C(=O)O)c1=O,8.4089353929735,430.89200000000017,1.3607,2,5,0
1463620,CHEMBL186566,IC50,=,4.0,nM,8.4,CHEMBL284,Dipeptidyl peptidase 4,COc1ccc2c(c1)CN[C@H](C(=O)N1CCC[C@H]1C#N)C2,8.397940008672037,285.34700000000004,1.2240799999999996,1,4,0
8037773,CHEMBL1951423,IC50,=,4.0,nM,8.4,CHEMBL284,Dipeptidyl peptidase 4,COc1cccc(C(=O)Cn2cnc3c(C#N)c(N4CCC[C@H](N)C4)n(Cc4ccccc4)c3c2=O)c1,8.397940008672037,496.5710000000004,2.936980000000001,1,7,0
8038711,CHEMBL1951429,IC50,=,4.0,nM,8.4,CHEMBL284,Dipeptidyl peptidase 4,COc1cccc(C(=O)Cn2cnc3c(C#N)c(N4CCC[C@@H](N)C4)n(CC=C(C)C)c3c2=O)c1,8.397940008672037,474.5650000000004,2.8548800000000005,1,7,0
8038713,CHEMBL1951431,IC50,=,4.0,nM,8.4,CHEMBL284,Dipeptidyl peptidase 4,CC(C)=CCn1c(N2CCC[C@H](N)C2)c(C#N)c2ncn(Cc3ccnc4ccccc34)c(=O)c21,8.397940008672037,467.5770000000002,3.5598800000000024,1,6,0
1861955,CHEMBL375508,IC50,=,4.0,nM,8.4,CHEMBL284,Dipeptidyl peptidase 4,COc1cc2c(=O)n(Cc3ccccc3C#N)c(N3CCC[C@@H](N)C3)nc2cc1F,8.397940008672037,407.44900000000024,2.39168,1,6,0
13856258,CHEMBL3093925,IC50,=,4.0,nM,8.4,CHEMBL284,Dipeptidyl peptidase 4,N#C[C@@H]1CCCN1C(=O)[C@@H](N)Cc1ccc(Cl)cc1,8.397940008672037,277.755,1.7243799999999996,1,3,0
1861962,CHEMBL425483,IC50,=,4.0,nM,8.4,CHEMBL284,Dipeptidyl peptidase 4,N#Cc1ccccc1Cn1c(N2CCC[C@@H](N)C2)nc2ccc(F)cc2c1=O,8.397940008672037,377.42300000000006,2.3830800000000005,1,5,0
19301479,CHEMBL4581959,IC50,=,4.0,nM,8.4,CHEMBL284,Dipeptidyl peptidase 4,CC#CCn1c(N2CCC[C@@H](N)C2)cc(=O)n(Cc2cc(OC)ccc2C(=O)O)c1=O,8.397940008672037,426.4730000000002,0.7159000000000011,2,6,0
1963689,CHEMBL391070,IC50,=,4.0,nM,8.4,CHEMBL284,Dipeptidyl peptidase 4,COc1cc2c(cc1OC)[C@@H]1C[C@H](N)[C@@H](c3cccc(C)c3)CN1CC2,8.397940008672037,352.4780000000002,3.4262200000000025,1,4,0
1963687,CHEMBL232595,IC50,=,4.0,nM,8.4,CHEMBL284,Dipeptidyl peptidase 4,COc1cc2c(cc1OC)[C@@H]1C[C@H](N)[C@@H](c3cccc(Cl)c3)CN1CC2,8.397940008672037,372.8960000000002,3.771200000000002,1,4,0
1948910,CHEMBL234373,IC50,=,4.0,nM,8.4,CHEMBL284,Dipeptidyl peptidase 4,N#C[C@@H]1CCCN1C(=O)[C@@H]1C[C@H](C(=O)N2CCC2)CN1,8.397940008672037,276.34,-0.2886199999999991,1,4,0
13856251,CHEMBL3093896,IC50,=,4.0,nM,8.4,CHEMBL284,Dipeptidyl peptidase 4,N#C[C@@H]1CCCN1C(=O)[C@@H](N)Cc1ccc(Br)cc1,8.397940008672037,322.206,1.8334799999999996,1,3,0
8038733,CHEMBL1951604,IC50,=,4.0,nM,8.4,CHEMBL284,Dipeptidyl peptidase 4,CC#CCn1c(N2CCC[C@H](N)C2)c(C#N)c2c1c(=O)n(Cc1nccc3ccccc13)c(=O)n2C,8.397940008672037,481.56000000000023,1.9206799999999993,1,6,0
12034798,CHEMBL2147705,IC50,=,4.0,nM,8.4,CHEMBL284,Dipeptidyl peptidase 4,O=C([C@@H]1C[C@H](N2CCC(c3nnnn3-c3ccccc3)CC2)CN1)N1CCSC1,8.397940008672037,413.5510000000003,1.1051000000000002,1,7,0
1792418,CHEMBL216253,IC50,=,4.0,nM,8.4,CHEMBL284,Dipeptidyl peptidase 4,CN1C(=O)C=C(N2CCC[C@@H](N)C2)C(Cc2ccccc2C#N)C1=O,8.397940008672037,338.41100000000006,1.0225799999999996,1,5,0
27811421,CHEMBL5914704,IC50,=,4.0,nM,8.4,CHEMBL284,Dipeptidyl peptidase 4,COc1cc2ccc3c(c2cc1OC)C[C@H](N)C(c1cc(F)c(F)cc1F)O3,8.397940008672037,389.3730000000001,4.277800000000003,1,4,0
2410507,CHEMBL484528,IC50,=,4.0,nM,8.4,CHEMBL284,Dipeptidyl peptidase 4,Cc1cc2ncc(C(=O)N3CCC([C@H](N)Cc4cc(F)c(F)cc4F)CC3)c(C)n2n1,8.397940008672037,431.46200000000016,3.185640000000002,1,4,0
2995128,CHEMBL585129,IC50,=,4.0,nM,8.4,CHEMBL284,Dipeptidyl peptidase 4,N[C@@H](CC(=O)N1CCC[C@H]1c1nc(N2CCOCC2)no1)Cc1cc(F)c(F)cc1F,8.397940008672037,439.43800000000016,1.9470999999999992,1,7,0
2995134,CHEMBL567727,IC50,=,4.0,nM,8.4,CHEMBL284,Dipeptidyl peptidase 4,N[C@@H](CC(=O)N1CCC[C@H]1c1nc(-c2ncccn2)no1)Cc1cc(F)c(F)cc1F,8.397940008672037,432.4060000000002,2.5675,1,7,0
25636098,CHEMBL5432172,IC50,=,4.0,nM,8.4,CHEMBL284,Dipeptidyl peptidase 4,N#C[C@@H]1CCCN1C(=O)CNC12CC3CC(CC(C3)C1)C2,8.397940008672037,287.4070000000001,2.059379999999999,1,3,0
17763475,CHEMBL3979864,IC50,=,4.0,nM,8.4,CHEMBL284,Dipeptidyl peptidase 4,CC#CCn1c(N2CCC[C@@H](N)C2)nc2c1c(=O)n(CC(=O)c1cccc3c1OCO3)c(=O)n2C,8.397940008672037,478.5090000000003,0.4591000000000018,1,8,0
2171467,CHEMBL256969,IC50,=,4.0,nM,8.4,CHEMBL284,Dipeptidyl peptidase 4,CC#CCn1c(N2CCCC(N)C2)nc2cnn(Cc3nc4ccccc4o3)c(=O)c21,8.397940008672037,417.47300000000024,1.7332999999999996,1,7,0
2171468,CHEMBL404220,IC50,=,4.0,nM,8.4,CHEMBL284,Dipeptidyl peptidase 4,CC#CCn1c(N2CCCC(N)C2)nc2cnn(Cc3ccc(C#N)c4ccccc34)c(=O)c21,8.397940008672037,451.5340000000003,2.6169800000000008,1,6,0
26036394,CHEMBL2105754,IC50,=,4.0,nM,8.4,CHEMBL284,Dipeptidyl peptidase 4,Cn1c(=O)cc(N2CCC[C@@H](N)C2)n(Cc2cc(F)ccc2C#N)c1=O.O=C(O)CCC(=O)O,8.397940008672037,475.47700000000026,0.4693800000000018,3,7,0
5192908,CHEMBL1650443,IC50,=,4.0,nM,8.4,CHEMBL284,Dipeptidyl peptidase 4,Cn1c(=O)cc(N2CCC[C@@H](N)C2)n(Cc2cc(F)ccc2C#N)c1=O,8.397940008672037,357.38900000000007,0.5335800000000002,1,5,0
25050515,CHEMBL5275487,IC50,=,4.0,nM,8.4,CHEMBL284,Dipeptidyl peptidase 4,N#C[C@@H]1C[C@H](c2cscn2)CN1C(=O)[C@@H](N)CF,8.397940008672037,268.31699999999995,0.6479799999999999,1,5,0
5192917,CHEMBL1650435,IC50,=,4.0,nM,8.4,CHEMBL284,Dipeptidyl peptidase 4,N#Cc1ccccc1Cn1c(N2CCC[C@@H](N)C2)cc(=O)[nH]c1=O,8.397940008672037,325.372,0.3840800000000003,2,5,0
5192941,CHEMBL1650411,IC50,=,4.0,nM,8.4,CHEMBL284,Dipeptidyl peptidase 4,COc1cnc(N2CCC[C@@H](N)C2)n(Cc2ccccc2C#N)c1=O,8.397940008672037,339.39900000000006,1.09938,1,6,0
13960748,CHEMBL3127986,IC50,=,4.0,nM,8.4,CHEMBL284,Dipeptidyl peptidase 4,N#C[C@@H]1C[C@H](F)CN1C(=O)[C@@H](N)Cc1cscn1,8.397940008672037,268.317,0.4754800000000004,1,5,0
2045008,CHEMBL250351,IC50,=,4.0,nM,8.4,CHEMBL284,Dipeptidyl peptidase 4,N[C@@H](CC(=O)N1CCn2nc(C(F)(F)F)nc2C1Cn1cccn1)Cc1cc(F)c(F)cc1F,8.397940008672037,487.4080000000002,2.4543,1,5,0
13903932,CHEMBL3112960,IC50,=,4.0,nM,8.4,CHEMBL284,Dipeptidyl peptidase 4,NC[C@]1(c2cccc(Cl)c2)CC[C@H](n2nc(-c3cccnc3)ccc2=O)CC1,8.397940008672037,394.9060000000001,3.970500000000003,1,4,0
13856415,CHEMBL3093904,IC50,=,4.0,nM,8.4,CHEMBL284,Dipeptidyl peptidase 4,Cc1ccc(C[C@H](N)C(=O)N2C[C@@H](F)C[C@H]2C#N)cc1,8.397940008672037,275.327,1.3273999999999997,1,3,0
2712744,CHEMBL552127,IC50,=,4.0,nM,8.4,CHEMBL284,Dipeptidyl peptidase 4,CN(C[C@@H]1CCCN1C(=O)C[C@H](N)Cc1cc(F)c(F)cc1F)c1ccc(C#N)cn1,8.397940008672037,431.4620000000001,2.757880000000001,1,5,0
25050505,CHEMBL5279581,IC50,=,4.0,nM,8.4,CHEMBL284,Dipeptidyl peptidase 4,N#C[C@@H]1C[C@H](F)CN1C(=O)[C@@H](N)Cc1cccc(F)c1,8.397940008672037,279.29,1.1580800000000002,1,3,0
17672036,CHEMBL3654425,IC50,=,4.0,nM,8.4,CHEMBL284,Dipeptidyl peptidase 4,CC1(S(=O)(=O)n2cc3c(n2)CN([C@H]2CCO[C@H](c4cc(F)c(F)cc4F)[C@@H](N)C2)C3)CC1,8.397940008672037,470.5170000000002,2.594000000000001,1,6,0
2008917,CHEMBL429450,IC50,=,4.0,nM,8.4,CHEMBL284,Dipeptidyl peptidase 4,CC(C)=CCn1c(N2CCC[C@@H](N)C2)nc2c1c(=O)n(Cc1nccc3ccccc13)c(=O)n2C,8.397940008672037,473.58100000000024,2.3869,1,6,0
2008915,CHEMBL237287,IC50,=,4.0,nM,8.4,CHEMBL284,Dipeptidyl peptidase 4,CC#CCn1c(N2CCC[C@@H](N)C2)nc2c1c(=O)n(CC(=O)c1ccccc1)c(=O)n2C,8.397940008672037,434.50000000000017,0.7304000000000006,1,6,0
1987760,CHEMBL237337,IC50,=,4.0,nM,8.4,CHEMBL284,Dipeptidyl peptidase 4,CN(C)C(=O)[C@@H](c1ccc(-c2ccc3ncnn3c2)cc1)[C@H](N)C(=O)N1CC[C@H](F)C1,8.397940008672037,424.4800000000002,1.4658,1,5,0
17763453,CHEMBL3934913,IC50,=,4.0,nM,8.4,CHEMBL284,Dipeptidyl peptidase 4,CC(C)=CCn1c(N2CCCC(N)C2)nc2c1c(=O)n(Cc1ncnc3ccccc13)c(=O)n2C,8.397940008672037,474.56900000000024,1.7818999999999998,1,7,0
2995129,CHEMBL566616,IC50,=,4.0,nM,8.4,CHEMBL284,Dipeptidyl peptidase 4,N[C@@H](CC(=O)N1CCC[C@H]1c1nc(N2CCCC2)no1)Cc1cc(F)c(F)cc1F,8.397940008672037,423.4390000000001,2.710700000000001,1,6,0
2190137,CHEMBL511785,IC50,=,4.1,nM,8.39,CHEMBL284,Dipeptidyl peptidase 4,N#C[C@@H]1C[C@H](F)CN1C(=O)CNC12CC3CC(CC(C3)C1)C2,8.387216143280265,305.3970000000001,2.0073799999999995,1,3,0
2023300,CHEMBL391577,IC50,=,4.1,nM,8.39,CHEMBL284,Dipeptidyl peptidase 4,O=C([C@@H]1C[C@H](N2CCN(c3cccc(Cl)c3)CC2)CN1)N1CCSC1,8.387216143280265,380.9450000000002,1.7253999999999996,1,5,0
17672037,CHEMBL3654426,IC50,=,4.1,nM,8.39,CHEMBL284,Dipeptidyl peptidase 4,N[C@H]1C[C@@H](N2Cc3cnc(C4CC4)nc3C2)CCO[C@@H]1c1cc(F)ccc1F,8.387216143280265,386.446,3.195400000000001,1,5,0
6301108,CHEMBL1808464,IC50,=,4.2,nM,8.38,CHEMBL284,Dipeptidyl peptidase 4,Cc1ccc(-c2c(CN)c(CC(C)C)nc3ccc(OCC(N)=O)cc23)cc1,8.3767507096021,377.48800000000017,3.7315200000000024,2,4,0
20653419,CHEMBL4646510,IC50,=,4.2,nM,8.38,CHEMBL284,Dipeptidyl peptidase 4,CS(=O)(=O)n1cc2c(n1)CN([C@@H]1C[C@H](N)[C@@H](c3cc(F)ccc3F)O[C@@H]1C(F)(F)F)C2,8.3767507096021,466.4320000000001,2.0729999999999995,1,6,0
25050534,CHEMBL5266197,IC50,=,4.3,nM,8.37,CHEMBL284,Dipeptidyl peptidase 4,CC1c2nnc(C(F)(F)F)n2CCN1C(=O)C[C@H](N)Cc1cc(F)c(F)cc1F.Cl,8.366531544420413,457.8060000000001,2.999300000000001,1,4,0
2068819,CHEMBL558779,IC50,=,4.3,nM,8.37,CHEMBL284,Dipeptidyl peptidase 4,C[C@@H]1c2nnc(C(F)(F)F)n2CCN1C(=O)C[C@H](N)Cc1cc(F)c(F)cc1F.Cl,8.366531544420413,457.8060000000001,2.999300000000001,1,4,0
16378635,CHEMBL3735129,IC50,=,4.3,nM,8.37,CHEMBL284,Dipeptidyl peptidase 4,N[C@H]1C[C@@H](N2Cc3[nH]nc(NC(=O)c4nccs4)c3C2)CO[C@@H]1c1cc(F)ccc1F,8.366531544420413,446.48300000000023,2.5698,3,7,0
2606571,CHEMBL459357,IC50,=,4.3,nM,8.37,CHEMBL284,Dipeptidyl peptidase 4,CN(C)C(=O)[C@@H](c1ccc(C2=CN3N=CNC3C=C2)cc1)[C@H](N)C(=O)N1CC[C@H](F)C1,8.366531544420413,426.4960000000002,0.8414000000000007,2,6,0
2023296,CHEMBL391578,IC50,=,4.3,nM,8.37,CHEMBL284,Dipeptidyl peptidase 4,N#Cc1ccc(N2CCN([C@@H]3CN[C@H](C(=O)N4CCSC4)C3)CC2)cc1,8.366531544420413,371.51000000000016,0.94368,1,6,0
12034799,CHEMBL2147706,IC50,=,4.3,nM,8.37,CHEMBL284,Dipeptidyl peptidase 4,O=C([C@@H]1C[C@H](N2CCN(c3nnnn3C3CCCCC3)CC2)CN1)N1CCSC1,8.366531544420413,420.58700000000033,0.5637000000000016,1,8,0
17632176,CHEMBL3694423,IC50,=,4.3,nM,8.37,CHEMBL284,Dipeptidyl peptidase 4,CS(=O)(=O)n1cc2c(n1)CN([C@@H]1C[C@H](N)C(c3cc(F)ccc3F)N(CC(N)=O)C1)C2,8.366531544420413,454.5030000000002,-0.0871999999999988,2,7,0
23297230,CHEMBL4876894,IC50,=,4.3,nM,8.37,CHEMBL284,Dipeptidyl peptidase 4,CC#CCn1c(N2CCC[C@@H](N)C2)cc(=O)n(Cc2cc(C(=O)OC)ccc2F)c1=O,8.366531544420413,428.46400000000017,0.9348,1,6,0
6203113,CHEMBL1779707,IC50,=,4.3,nM,8.37,CHEMBL284,Dipeptidyl peptidase 4,CCOC[C@@H]1C(=O)NCCN1C(=O)C[C@H](N)Cc1cc(F)c(F)cc1F,8.366531544420413,373.375,0.7273000000000013,2,4,0
1948905,CHEMBL415647,IC50,=,4.3,nM,8.37,CHEMBL284,Dipeptidyl peptidase 4,N#C[C@@H]1CCCN1C(=O)[C@@H]1C[C@H](C(=O)N2CCOCC2)CN1,8.366531544420413,306.3660000000001,-0.6621199999999976,1,5,0
13421616,CHEMBL2418631,IC50,=,4.35,nM,8.36,CHEMBL284,Dipeptidyl peptidase 4,COc1ccc(Cn2cc(-c3ccc(C[C@H](N)C(=O)N4CCC[C@H]4C#N)cc3)nn2)cc1.Cl,8.361510743045363,466.9730000000001,2.8081800000000015,1,6,0
1948914,CHEMBL232316,IC50,=,4.4,nM,8.36,CHEMBL284,Dipeptidyl peptidase 4,CCNC(=O)[C@@H]1CN[C@H](C(=O)N2CCC[C@H]2C#N)C1,8.356547323513812,264.32899999999995,-0.3848199999999995,2,4,0
27085583,CHEMBL5891902,IC50,=,4.4,nM,8.36,CHEMBL284,Dipeptidyl peptidase 4,N[C@H]1C[C@@H](N2Cc3nn4c(c3C2)CCCS4(=O)=O)CO[C@@H]1c1cc(F)ccc1F,8.356547323513812,424.4730000000001,1.4585,1,6,0
2191787,CHEMBL488418,IC50,=,4.5,nM,8.35,CHEMBL284,Dipeptidyl peptidase 4,CC(C)(CNC(=O)c1ccccc1)NCC(=O)N1C[C@@H](F)C[C@H]1C#N,8.346787486224656,346.4060000000001,1.24718,2,4,0
12034795,CHEMBL2147702,IC50,=,4.5,nM,8.35,CHEMBL284,Dipeptidyl peptidase 4,O=C([C@@H]1C[C@H](N2CCN(c3nc(-c4ccccc4)cs3)CC2)CN1)N1CCSC1,8.346787486224656,429.6150000000003,2.1955,1,7,0
1948881,CHEMBL391558,IC50,=,4.5,nM,8.35,CHEMBL284,Dipeptidyl peptidase 4,CN(C)C(=O)C[C@@H]1CN[C@H](C(=O)N2CCC[C@H]2C#N)C1,8.346787486224656,278.356,-0.0426199999999992,1,4,0
17660173,CHEMBL3686745,IC50,=,4.5,nM,8.35,CHEMBL284,Dipeptidyl peptidase 4,CCC[C@H](N)C(=O)N1CCC[C@H]1B(O)O,8.346787486224656,214.074,-0.8831999999999991,3,4,0
23297231,CHEMBL4852700,IC50,=,4.5,nM,8.35,CHEMBL284,Dipeptidyl peptidase 4,CC#CCn1c(N2CCC[C@@H](N)C2)cc(=O)n(Cc2cccc(C(=O)OC)c2Br)c1=O,8.346787486224656,489.3700000000002,1.5581999999999998,1,6,0
1603725,CHEMBL194852,IC50,=,4.5,nM,8.35,CHEMBL284,Dipeptidyl peptidase 4,CCCC[C@H](N)C(=O)N1CCC[C@@H]1B(O)O,8.346787486224656,228.10099999999997,-0.4930999999999995,3,4,0
2190144,CHEMBL472096,IC50,=,4.6,nM,8.34,CHEMBL284,Dipeptidyl peptidase 4,CC(C)(CO)NCC(=O)N1C[C@@H](F)C[C@H]1C#N,8.337242168318426,243.282,-0.1905199999999998,2,4,0
1497832,CHEMBL195804,IC50,=,4.6,nM,8.34,CHEMBL284,Dipeptidyl peptidase 4,N#C[C@@H]1CCCN1C(=O)[C@@H]1C[C@H](NCc2ccccc2)CN1,8.337242168318426,298.39000000000004,1.0212799999999995,2,4,0
17660172,CHEMBL3686744,IC50,=,4.6,nM,8.34,CHEMBL284,Dipeptidyl peptidase 4,N[C@@H](CCC(=O)O)C(=S)N1CCC[C@H]1B(O)O,8.337242168318426,260.12399999999997,-1.0177,4,5,0
1987767,CHEMBL237151,IC50,=,4.6,nM,8.34,CHEMBL284,Dipeptidyl peptidase 4,C[C@@H](C1CCC(c2cccnc2)CC1)[C@H](N)C(=O)N1CCC(F)(F)C1,8.337242168318426,351.4410000000001,3.186400000000001,1,3,0
12078494,CHEMBL2159193,IC50,=,4.6,nM,8.34,CHEMBL284,Dipeptidyl peptidase 4,Cn1c(=O)c2c(-c3cc(F)ccc3Br)c(CN)c(N3CCOCC3)nc2n(C)c1=O,8.337242168318426,478.3220000000004,1.4960999999999998,1,6,0
19301477,CHEMBL4527363,IC50,=,4.6,nM,8.34,CHEMBL284,Dipeptidyl peptidase 4,CC#CCn1c(N2CCC[C@@H](N)C2)cc(=O)n(Cc2ccc(Br)cc2C(=O)O)c1=O,8.337242168318426,475.3430000000002,1.4698,2,5,0
25050708,CHEMBL5268983,IC50,=,4.6,nM,8.34,CHEMBL284,Dipeptidyl peptidase 4,CC#CCn1c(N2CCC[C@@H](N)C2)cc(=O)n(Cc2cccc(C(=O)NCC)c2)c1=O,8.337242168318426,423.51700000000017,0.7588000000000013,2,5,0
12718721,CHEMBL2347036,IC50,=,4.67,nM,8.33,CHEMBL284,Dipeptidyl peptidase 4,CC#CCn1c(N2CCC[C@@H](N)C2)nc2ccn(Cc3ccc4ccc(F)cc4n3)c2c1=O,8.330683119433887,444.51400000000024,2.8844000000000003,1,5,0
2053519,CHEMBL429482,IC50,=,4.7,nM,8.33,CHEMBL284,Dipeptidyl peptidase 4,CCc1cc(CN2C[C@H](N)[C@H](C(=O)C3CCC[C@H]3C#N)C2)cc(CC)c1C#N,8.327902142064282,378.52000000000015,2.9511600000000007,1,5,0
27715994,CHEMBL5834108,IC50,=,4.8,nM,8.32,CHEMBL284,Dipeptidyl peptidase 4,CC#CCn1c(N2CCC[C@@H](N)C2)nc2c1c(=O)n(Cc1ncccc1C(=O)OC)c(=O)n2C,8.318758762624412,465.51400000000024,0.0774000000000021,1,8,0
1987820,CHEMBL437557,IC50,=,4.8,nM,8.32,CHEMBL284,Dipeptidyl peptidase 4,CN(C)C(=O)[C@@H]([C@H]1CC[C@H](c2ccc3ncnn3c2)CC1)[C@H](N)C(=O)N1CCC(F)(F)C1,8.318758762624412,448.5180000000003,1.9024,1,5,0
2515611,CHEMBL514011,IC50,=,4.8,nM,8.32,CHEMBL284,Dipeptidyl peptidase 4,N#Cc1cccnc1N1CCN([C@@H]2CN[C@H](C(=O)N3CCC(F)(F)C3)C2)CC1,8.318758762624412,390.4380000000002,0.6733799999999999,1,6,0
2712730,CHEMBL557723,IC50,=,4.8,nM,8.32,CHEMBL284,Dipeptidyl peptidase 4,N[C@@H](CC(=O)N1CCC[C@H]1CNC(=O)C1CCCC1)Cc1cc(F)c(F)cc1F,8.318758762624412,411.4680000000002,2.6612,2,3,0
12078489,CHEMBL2159188,IC50,=,4.8,nM,8.32,CHEMBL284,Dipeptidyl peptidase 4,Cn1c(=O)c2c(-c3cc(F)ccc3Br)c(CN)c(N)nc2n(C)c1=O,8.318758762624412,408.2310000000002,1.2416999999999998,2,5,0
1855506,CHEMBL388111,IC50,=,4.8,nM,8.32,CHEMBL284,Dipeptidyl peptidase 4,COc1ccc2c(c1)CCN2[C@@H]1CN[C@H](C(=O)N2CCSC2)C1,8.318758762624412,333.45700000000016,1.3211,1,5,0
1948904,CHEMBL400615,IC50,=,4.8,nM,8.32,CHEMBL284,Dipeptidyl peptidase 4,N#C[C@@H]1CCCN1C(=O)[C@@H]1C[C@H](C(=O)N2CCSCC2)CN1,8.318758762624412,322.4340000000001,0.054480000000001,1,5,0
1944664,CHEMBL413797,IC50,=,4.9,nM,8.31,CHEMBL284,Dipeptidyl peptidase 4,Cc1ccc(O)c(C)c1[C@@H]1CN[C@H](C(=O)N2CCC[C@H]2C#N)C1,8.309803919971486,313.40100000000007,1.96912,2,4,0
1948908,CHEMBL400613,IC50,=,4.9,nM,8.31,CHEMBL284,Dipeptidyl peptidase 4,N#C[C@@H]1CCCN1C(=O)[C@@H]1C[C@H](C(=O)N2CCCCC2)CN1,8.309803919971486,304.39400000000006,0.4915800000000002,1,4,0
15617505,CHEMBL3580776,IC50,=,4.9,nM,8.31,CHEMBL284,Dipeptidyl peptidase 4,N[C@@H](CC(=O)N1CC(=O)Nc2ccccc2C1)[C@H]1CCc2cc(F)c(F)cc21,8.309803919971486,385.41400000000016,2.6929000000000007,2,3,0
1948912,CHEMBL234163,IC50,=,4.9,nM,8.31,CHEMBL284,Dipeptidyl peptidase 4,CCN(C)C(=O)[C@@H]1CN[C@H](C(=O)N2CCC[C@H]2C#N)C1,8.309803919971486,278.356,-0.0426199999999992,1,4,0
16394174,CHEMBL3735852,IC50,=,4.9,nM,8.31,CHEMBL284,Dipeptidyl peptidase 4,Cn1cnc(S(=O)(=O)n2ncc3c2CN([C@H]2CO[C@H](c4cc(F)ccc4F)[C@@H](N)C2)C3)c1,8.309803919971486,464.49800000000016,1.3048999999999995,1,7,0
23297225,CHEMBL4860737,IC50,=,4.9,nM,8.31,CHEMBL284,Dipeptidyl peptidase 4,CC#CCn1c(N2CCC[C@@H](N)C2)cc(=O)n(Cc2cc(Br)cc(C(=O)O)c2)c1=O,8.309803919971486,475.3430000000002,1.4698,2,5,0
2068811,CHEMBL556606,IC50,=,5.0,nM,8.3,CHEMBL284,Dipeptidyl peptidase 4,CCC1c2nnc(C(F)(F)F)n2CCN1C(=O)C[C@H](N)Cc1cc(F)c(F)cc1F.Cl,8.301029995663981,471.83300000000014,3.3894000000000024,1,4,0
860082,CHEMBL3084815,IC50,=,5.0,nM,8.3,CHEMBL284,Dipeptidyl peptidase 4,N#Cc1ccc(N[C@H]2CC[C@H](NCC(=O)N3CCC[C@H]3C#N)CC2)nc1,8.301029995663981,352.4420000000001,1.7805599999999993,2,6,0
1905793,CHEMBL390241,IC50,=,5.0,nM,8.3,CHEMBL284,Dipeptidyl peptidase 4,Cn1nc2ccc(N3CC[C@H](c4cc(F)c(F)cc4F)[C@@H](N)C3)nn2c1=O.O=C(O)C(F)(F)F,8.301029995663981,492.38000000000017,1.7997999999999998,2,6,0
2275077,CHEMBL494146,IC50,=,5.0,nM,8.3,CHEMBL284,Dipeptidyl peptidase 4,N#C[C@@H]1CCCN1C(=O)[C@@H](N)CCC(=O)N1CCc2ccccc2C1.O=C(O)C(F)(F)F,8.301029995663981,454.4490000000001,1.8266799999999996,2,5,0
2171485,CHEMBL256521,IC50,=,5.0,nM,8.3,CHEMBL284,Dipeptidyl peptidase 4,CC#CCn1c(N2CCCC(N)C2)nc2cnn(Cc3nc(C)cc4ccccc34)c(=O)c21,8.301029995663981,441.5390000000002,2.44872,1,6,0
2171466,CHEMBL401971,IC50,=,5.0,nM,8.3,CHEMBL284,Dipeptidyl peptidase 4,CC#CCn1c(N2CCNCC2)nc2cnn(Cc3nc(C)c4ccccc4n3)c(=O)c21,8.301029995663981,428.50000000000017,1.3258199999999996,1,7,0
12034809,CHEMBL2147772,IC50,=,5.0,nM,8.3,CHEMBL284,Dipeptidyl peptidase 4,Cc1cc(N2CCN([C@@H]3CN[C@H](C(=O)N4CCSC4)C3)CC2)n(-c2ccncc2)n1,8.301029995663981,427.5780000000002,0.9611200000000012,1,7,0
1861961,CHEMBL389074,IC50,=,5.0,nM,8.3,CHEMBL284,Dipeptidyl peptidase 4,N#Cc1ccccc1Cn1c(N2CCC[C@@H](N)C2)nc2ccc(Cl)cc2c1=O,8.301029995663981,393.878,2.897380000000001,1,5,0
5192929,CHEMBL1650423,IC50,=,5.0,nM,8.3,CHEMBL284,Dipeptidyl peptidase 4,CC#Cc1cnc(N2CCC[C@@H](N)C2)n(Cc2ccccc2C#N)c1=O,8.301029995663981,347.4220000000001,1.4621799999999998,1,5,0
2995131,CHEMBL567279,IC50,=,5.0,nM,8.3,CHEMBL284,Dipeptidyl peptidase 4,CC(=O)N1CC(c2noc([C@@H]3CCCN3C(=O)C[C@H](N)Cc3cc(F)c(F)cc3F)n2)C1,8.301029995663981,451.4490000000001,2.0562,1,6,0
17763455,CHEMBL3965610,IC50,=,5.0,nM,8.3,CHEMBL284,Dipeptidyl peptidase 4,CC(C)=CCn1c(N2CCCC(N)C2)nc2c1c(=O)n(CC(=O)c1cccc(C(=O)O)c1)c(=O)n2C,8.301029995663981,494.5520000000003,1.3715000000000006,2,7,0
17763490,CHEMBL3911930,IC50,=,5.0,nM,8.3,CHEMBL284,Dipeptidyl peptidase 4,CC#CCn1c(N2CCC[C@@H](N)C2)nc2c1c(=O)n(Cc1nc(C)cc3ccccc13)c(=O)n2C1CC1,8.301029995663981,497.6030000000003,2.550320000000001,1,6,0
12588821,CHEMBL226396,IC50,=,5.0,nM,8.3,CHEMBL284,Dipeptidyl peptidase 4,Nc1nc(Cl)c2nc[nH]c2n1,8.301029995663981,169.57500000000002,0.5884999999999998,2,4,0
5192947,CHEMBL1235761,IC50,=,5.0,nM,8.3,CHEMBL284,Dipeptidyl peptidase 4,N#Cc1ccccc1Cn1c(N2CCC[C@@H](N)C2)ncc(Br)c1=O,8.301029995663981,388.269,1.85328,1,5,0
5192930,CHEMBL1650422,IC50,=,5.0,nM,8.3,CHEMBL284,Dipeptidyl peptidase 4,C#Cc1cnc(N2CCC[C@@H](N)C2)n(Cc2ccccc2C#N)c1=O,8.301029995663981,333.3950000000001,1.0720799999999997,1,5,0
13856394,CHEMBL3093907,IC50,=,5.0,nM,8.3,CHEMBL284,Dipeptidyl peptidase 4,N#Cc1ccc(C[C@H](N)C(=O)N2C[C@@H](F)C[C@H]2C#N)cc1,8.301029995663981,286.30999999999995,0.8906599999999995,1,4,0
1463624,CHEMBL365000,IC50,=,5.0,nM,8.3,CHEMBL284,Dipeptidyl peptidase 4,CC(C)=CCn1c(N2CCCC(N)C2)nc2c1c(=O)n(CC(=O)c1ccccc1)c(=O)n2C,8.301029995663981,450.54300000000023,1.6732999999999996,1,6,0
8038710,CHEMBL1951428,IC50,=,5.0,nM,8.3,CHEMBL284,Dipeptidyl peptidase 4,CC#CCn1c(N2CCC[C@H](N)C2)c(C#N)c2ncn(Cc3nccc4ccccc34)c(=O)c21,8.301029995663981,451.5340000000002,2.61698,1,6,0
8038742,CHEMBL1951612,IC50,=,5.0,nM,8.3,CHEMBL284,Dipeptidyl peptidase 4,CC#CCn1c(N2CCCNCC2)c(C#N)c2c1c(=O)n(Cc1nccc3ccccc13)c(=O)n2C,8.301029995663981,481.56000000000023,1.7928799999999991,1,6,0
1985700,CHEMBL236508,IC50,=,5.0,nM,8.3,CHEMBL284,Dipeptidyl peptidase 4,N[C@H]1CN(c2cc(-c3cccc(C(=O)O)c3)ncn2)C[C@@H]1c1cc(F)c(F)cc1F,8.301029995663981,414.3870000000001,3.1902000000000017,2,5,0
5192932,CHEMBL1650420,IC50,=,5.0,nM,8.3,CHEMBL284,Dipeptidyl peptidase 4,N#Cc1ccccc1Cn1c(N2CCC[C@@H](N)C2)ncc(-c2cc[nH]c2)c1=O,8.301029995663981,374.448,2.0858799999999995,2,5,0
25050514,CHEMBL5285902,IC50,=,5.0,nM,8.3,CHEMBL284,Dipeptidyl peptidase 4,N#C[C@@H]1C[C@H](c2cccs2)CN1C(=O)[C@@H](N)CF,8.301029995663981,267.32899999999995,1.2529800000000002,1,4,0
1793039,CHEMBL541664,IC50,=,5.0,nM,8.3,CHEMBL284,Dipeptidyl peptidase 4,NC(=O)c1ccc(OCC2(NCC(=O)c3ccsc3)CCCC2)cc1,8.301029995663981,358.46300000000014,3.0111000000000008,2,5,0
2045007,CHEMBL250353,IC50,=,5.0,nM,8.3,CHEMBL284,Dipeptidyl peptidase 4,N[C@@H](CC(=O)N1CCn2nc(C(F)(F)F)nc2C1Cn1cncn1)Cc1cc(F)c(F)cc1F,8.301029995663981,488.3960000000002,1.8492999999999995,1,6,0
13960747,CHEMBL3127984,IC50,=,5.0,nM,8.3,CHEMBL284,Dipeptidyl peptidase 4,N#C[C@@H]1C[C@H](F)CN1C(=O)[C@@H](N)Cc1cccs1,8.301029995663981,267.329,1.08048,1,4,0
1861957,CHEMBL227676,IC50,=,5.0,nM,8.3,CHEMBL284,Dipeptidyl peptidase 4,N#Cc1ccccc1Cn1c(N2CCC[C@@H](N)C2)nc2ccc(Br)cc2c1=O,8.301029995663981,438.32900000000006,3.0064800000000007,1,5,0
1861963,CHEMBL227464,IC50,=,5.0,nM,8.3,CHEMBL284,Dipeptidyl peptidase 4,N#Cc1ccccc1Cn1c(N2CCC[C@@H](N)C2)nc2cccc(F)c2c1=O,8.301029995663981,377.42300000000006,2.3830800000000005,1,5,0
19099020,CHEMBL4590999,IC50,=,5.06,nM,8.3,CHEMBL284,Dipeptidyl peptidase 4,CC#CCn1c(N2CCC[C@@H](N)C2)nc2c1c(=O)n(Cc1cccc(F)c1C(=O)OC)c(=O)n2C,8.2958494831602,482.51600000000025,0.8215000000000003,1,7,0
27085586,CHEMBL5790948,IC50,=,5.1,nM,8.29,CHEMBL284,Dipeptidyl peptidase 4,Cc1nn(S(C)(=O)=O)c2c1CN([C@H]1CO[C@H](c3cc(F)ccc3F)[C@@H](N)C1)C2,8.292429823902063,412.4620000000001,1.45052,1,6,0
6203119,CHEMBL1779713,IC50,=,5.2,nM,8.28,CHEMBL284,Dipeptidyl peptidase 4,N[C@@H](CC(=O)N1CCNC(=O)[C@H]1CN1CCOCC1)Cc1cc(F)c(F)cc1F,8.2839966563652,414.4280000000001,0.0230000000000025,2,5,0
2515612,CHEMBL474410,IC50,=,5.2,nM,8.28,CHEMBL284,Dipeptidyl peptidase 4,O=C([C@@H]1C[C@H](N2CCN(c3ccc(C(F)(F)F)cn3)CC2)CN1)N1CCC(F)(F)C1,8.2839966563652,433.42500000000024,1.8205,1,5,0
2515613,CHEMBL475586,IC50,=,5.2,nM,8.28,CHEMBL284,Dipeptidyl peptidase 4,O=C([C@@H]1C[C@H](N2CCN(c3nc4cccnc4o3)CC2)CN1)N1CCC(F)(F)C1,8.2839966563652,406.43700000000024,0.9429,1,7,0
2053504,CHEMBL249602,IC50,=,5.3,nM,8.28,CHEMBL284,Dipeptidyl peptidase 4,Cc1nnc(-c2ccc(CN3C[C@H](N)[C@H](C(=O)C4[C@H](C#N)CC[C@@H]4F)C3)cc2)o1,8.275724130399212,397.4540000000001,2.2611,1,7,0
5208670,CHEMBL1672127,IC50,=,5.3,nM,8.28,CHEMBL284,Dipeptidyl peptidase 4,CCc1nc(CC(C)(C)C)c(CN)c(-c2ccc(C)cc2)c1CC(=O)O.O,8.275724130399212,372.5090000000001,3.469120000000002,2,3,0
1944662,CHEMBL389324,IC50,=,5.3,nM,8.28,CHEMBL284,Dipeptidyl peptidase 4,Cc1cc(C)c([C@@H]2CN[C@H](C(=O)N3CCC[C@H]3C#N)C2)c(C)c1O,8.275724130399212,327.42800000000005,2.277540000000001,2,4,0
2053473,CHEMBL248794,IC50,=,5.3,nM,8.28,CHEMBL284,Dipeptidyl peptidase 4,Cc1ncn(-c2ccc(CN3C[C@H](N)[C@H](C(=O)N4CCC[C@H]4C#N)C3)cc2)n1,8.275724130399212,379.4680000000002,0.8494000000000002,1,6,0
1861676,CHEMBL2068511,IC50,=,5.3,nM,8.28,CHEMBL284,Dipeptidyl peptidase 4,C[C@@H](B(O)O)N1CC[C@@H](N)C1=O,8.275724130399212,171.99299999999997,-2.0534999999999988,3,4,0
2190133,CHEMBL469660,IC50,=,5.3,nM,8.28,CHEMBL284,Dipeptidyl peptidase 4,N#C[C@@H]1C[C@H](F)CN1C(=O)CNC1C2CC3CC1CC(O)(C3)C2,8.275724130399212,321.39600000000013,0.9781799999999992,2,4,0
1968159,CHEMBL233563,IC50,=,5.3,nM,8.28,CHEMBL284,Dipeptidyl peptidase 4,N[C@H]1C[C@@H](N2Cc3cnc(C4CC4)nc3C2)CC[C@@H]1c1cc(F)c(F)cc1F,8.275724130399212,388.437,3.7505000000000024,1,4,0
2712740,CHEMBL564488,IC50,=,5.4,nM,8.27,CHEMBL284,Dipeptidyl peptidase 4,N[C@@H](CC(=O)N1CCC[C@H]1CNc1ncccn1)Cc1cc(F)c(F)cc1F,8.267606240177031,393.4130000000001,2.2569,2,5,0
2191786,CHEMBL488419,IC50,=,5.4,nM,8.27,CHEMBL284,Dipeptidyl peptidase 4,CC(C)(CNC(=O)c1cccs1)NCC(=O)N1C[C@@H](F)C[C@H]1C#N,8.267606240177031,352.4350000000001,1.3086800000000005,2,5,0
17762285,CHEMBL3926627,IC50,=,5.4,nM,8.27,CHEMBL284,Dipeptidyl peptidase 4,CS(=O)(=O)n1cc2c(n1)CN([C@@H]1C[C@H](N)[C@@H](c3cc(F)ccc3F)[C@@H]3C[C@@H]31)C2,8.267606240177031,408.4740000000001,1.8040999999999991,1,5,0
2053472,CHEMBL400338,IC50,=,5.4,nM,8.27,CHEMBL284,Dipeptidyl peptidase 4,N#C[C@@H]1CCCN1C(=O)[C@@H]1CN(Cc2ccc(-n3nccn3)cc2)C[C@@H]1N,8.267606240177031,365.4410000000001,0.5409799999999999,1,6,0
1497836,CHEMBL539939,IC50,=,5.5,nM,8.26,CHEMBL284,Dipeptidyl peptidase 4,N#C[C@@H]1CCCN1C(=O)[C@@H]1C[C@H](NC(=O)c2ccccc2)CN1,8.259637310505756,312.37300000000005,0.6614799999999995,2,4,0
2053505,CHEMBL249601,IC50,=,5.5,nM,8.26,CHEMBL284,Dipeptidyl peptidase 4,CC(c1ccc(C#N)cc1)N1C[C@H](N)[C@H](C(=O)N2CCC[C@H]2C#N)C1,8.259637310505756,337.42700000000013,1.3929599999999998,1,5,0
12034803,CHEMBL2147710,IC50,=,5.6,nM,8.25,CHEMBL284,Dipeptidyl peptidase 4,O=C([C@@H]1C[C@H](N2CCC(c3cc(C(F)(F)F)nn3-c3ccccc3)CC2)CN1)N1CCSC1,8.2518119729938,479.5720000000003,3.3339000000000016,1,5,0
1948909,CHEMBL428369,IC50,=,5.6,nM,8.25,CHEMBL284,Dipeptidyl peptidase 4,N#C[C@@H]1CCCN1C(=O)[C@@H]1C[C@H](C(=O)N2CCCC2)CN1,8.2518119729938,290.367,0.1014800000000005,1,4,0
2023292,CHEMBL395606,IC50,=,5.6,nM,8.25,CHEMBL284,Dipeptidyl peptidase 4,O=C([C@@H]1C[C@H](N2CCC(c3ccccc3)CC2)CN1)N1CCSC1,8.2518119729938,345.5120000000001,2.1294000000000004,1,4,0
1935647,CHEMBL233127,IC50,=,5.6,nM,8.25,CHEMBL284,Dipeptidyl peptidase 4,C[C@@H]1N[C@H](C(=O)N2CCC[C@H]2C#N)C[C@@H]1C(=O)N1Cc2ccccc2C1,8.2518119729938,352.43800000000016,1.4099799999999998,1,4,0
2515610,CHEMBL474409,IC50,=,5.6,nM,8.25,CHEMBL284,Dipeptidyl peptidase 4,O=C([C@@H]1C[C@H](N2CCN(c3cnccn3)CC2)CN1)N1CCC(F)(F)C1,8.2518119729938,366.4160000000001,0.1967000000000005,1,6,0
2130864,CHEMBL430057,IC50,=,5.6,nM,8.25,CHEMBL284,Dipeptidyl peptidase 4,C[C@@H]1N[C@H](C(=O)N2CCC[C@H]2C#N)C[C@@H]1CC(=O)N(C)C,8.2518119729938,292.38300000000004,0.3458800000000004,1,4,0
17657791,CHEMBL3650439,IC50,=,5.6,nM,8.25,CHEMBL284,Dipeptidyl peptidase 4,Cn1c2nc(Cl)cc-2c(N2CCC[C@@H](N)C2)n(Cc2cc(F)ccc2C#N)c1=O,8.2518119729938,414.8720000000001,2.32658,1,5,0
2712720,CHEMBL559602,IC50,=,5.6,nM,8.25,CHEMBL284,Dipeptidyl peptidase 4,N[C@@H](CC(=O)N1CCC[C@H]1CNS(=O)(=O)CC(F)(F)F)Cc1cc(F)c(F)cc1F,8.2518119729938,461.4280000000001,1.8364999999999996,2,4,0
19099022,CHEMBL4458152,IC50,=,5.61,nM,8.25,CHEMBL284,Dipeptidyl peptidase 4,CC#CCn1c(N2CCC[C@@H](N)C2)nc2c1c(=O)n(Cc1cc(Cl)ccc1C(=O)OC)c(=O)n2C,8.251037138743838,498.97100000000023,1.3358000000000008,1,7,0
17657787,CHEMBL3650433,IC50,=,5.7,nM,8.24,CHEMBL284,Dipeptidyl peptidase 4,Cn1c2nccc-2c(N2CCC[C@@H](N)C2)n(Cc2cc(F)ccc2C#N)c1=O,8.244125144327509,380.427,1.6731799999999997,1,5,0
16394168,CHEMBL3734912,IC50,=,5.7,nM,8.24,CHEMBL284,Dipeptidyl peptidase 4,CCCS(=O)(=O)n1cc2c(n1)CN([C@H]1CO[C@H](c3cc(F)ccc3F)[C@@H](N)C1)C2,8.244125144327509,426.48900000000015,1.9223,1,6,0
1948913,CHEMBL434960,IC50,=,5.7,nM,8.24,CHEMBL284,Dipeptidyl peptidase 4,CCCNC(=O)[C@@H]1CN[C@H](C(=O)N2CCC[C@H]2C#N)C1,8.244125144327509,278.356,0.0052800000000006,2,4,0
2191784,CHEMBL519585,IC50,=,5.7,nM,8.24,CHEMBL284,Dipeptidyl peptidase 4,CC(C)(CNC(=O)c1ccc2[nH]cnc2c1)NCC(=O)N1C[C@@H](F)C[C@H]1C#N,8.244125144327509,386.43100000000015,1.12348,3,5,0
1944679,CHEMBL437570,IC50,=,5.7,nM,8.24,CHEMBL284,Dipeptidyl peptidase 4,C=C(C)C[C@@H]1CN[C@H](C(=O)N2CCC[C@H]2C#N)C1,8.244125144327509,247.34199999999993,1.4452799999999997,1,3,0
25040370,CHEMBL5289102,IC50,=,5.78,nM,8.24,CHEMBL284,Dipeptidyl peptidase 4,CC#CCn1c(N2CCC[C@@H](N)C2)cc(=O)n(Cc2nc(C)c3cc(C)ccc3n2)c1=O,8.23807216157947,432.5280000000002,1.569139999999999,1,6,0
20680791,CHEMBL4647761,IC50,=,5.78,nM,8.24,CHEMBL284,Dipeptidyl peptidase 4,CC#CCn1c(N2CCC[C@H](N)C2)cc(=O)n(Cc2nc(C)c3cc(C)ccc3n2)c1=O,8.23807216157947,432.5280000000002,1.569139999999999,1,6,0
17672034,CHEMBL3654423,IC50,=,5.8,nM,8.24,CHEMBL284,Dipeptidyl peptidase 4,N[C@H]1C[C@@H](N2Cc3cn(S(=O)(=O)C4CC4)nc3C2)CCO[C@@H]1c1cc(F)ccc1F,8.236572006437063,438.50000000000017,2.0647999999999995,1,6,0
1855504,CHEMBL223914,IC50,=,5.8,nM,8.24,CHEMBL284,Dipeptidyl peptidase 4,O=C([C@@H]1C[C@H](N2CCc3cc(F)ccc32)CN1)N1CCSC1,8.236572006437063,321.42100000000016,1.4515999999999998,1,4,0
2515608,CHEMBL475574,IC50,=,5.8,nM,8.24,CHEMBL284,Dipeptidyl peptidase 4,O=C([C@@H]1C[C@H](N2CCN(c3nc4cnccc4o3)CC2)CN1)N1CCC(F)(F)C1,8.236572006437063,406.43700000000024,0.9428999999999992,1,7,0
15714195,CHEMBL3616900,IC50,=,5.8,nM,8.24,CHEMBL284,Dipeptidyl peptidase 4,CC#CCn1c(N2CCNCC2)nc2c1c(=O)n(Cc1ncc3ccccc3n1)c(=O)n2C,8.236572006437063,444.4990000000002,0.3210999999999999,1,7,0
2191782,CHEMBL487861,IC50,=,5.8,nM,8.24,CHEMBL284,Dipeptidyl peptidase 4,CC(C)(CNC(=O)C(C)(C)C)NCC(=O)N1C[C@@H](F)C[C@H]1C#N,8.236572006437063,326.41600000000005,0.9794800000000012,2,4,0
24967461,CHEMBL5220415,IC50,=,5.9,nM,8.23,CHEMBL284,Dipeptidyl peptidase 4,CCOC(=O)/C=C/OC(=O)[C@@H]1CCCN1C(=O)CNC(=O)OC(C)(C)C,8.229147988357855,370.402,1.1220999999999997,1,7,0
17672040,CHEMBL3654429,IC50,=,5.9,nM,8.23,CHEMBL284,Dipeptidyl peptidase 4,N[C@H]1C[C@@H](N2Cc3cnn(-c4ccc(C(F)(F)F)cn4)c3C2)CCO[C@@H]1c1cc(F)ccc1F,8.229147988357855,479.45300000000026,4.127500000000004,1,5,0
2712727,CHEMBL557860,IC50,=,5.9,nM,8.23,CHEMBL284,Dipeptidyl peptidase 4,CC(F)(F)C(=O)NC[C@@H]1CCCN1C(=O)C[C@H](N)Cc1cc(F)c(F)cc1F,8.229147988357855,407.3830000000001,2.1262,2,3,0
12718720,CHEMBL2347037,IC50,=,5.93,nM,8.23,CHEMBL284,Dipeptidyl peptidase 4,CC#CCn1c(N2CCC[C@@H](N)C2)nc2ccn(Cc3cnc4ccccc4n3)c2c1=O,8.226945306635738,427.5120000000002,2.140299999999999,1,6,0
19099016,CHEMBL4458832,IC50,=,5.99,nM,8.22,CHEMBL284,Dipeptidyl peptidase 4,CC#CCn1c(N2CCC[C@@H](N)C2)nc2c1c(=O)n(Cc1c(OC)cccc1C(=O)O)c(=O)n2C,8.22257317761069,480.52500000000026,0.6026000000000016,2,7,0
8038721,CHEMBL1951438,IC50,=,6.0,nM,8.22,CHEMBL284,Dipeptidyl peptidase 4,CC#CCn1c(N2CCCNCC2)c(C#N)c2ncn(Cc3nccc4ccccc34)c(=O)c21,8.221848749616356,451.5340000000002,2.4891799999999993,1,6,0
2275092,CHEMBL494340,IC50,=,6.0,nM,8.22,CHEMBL284,Dipeptidyl peptidase 4,N#C[C@@H]1CCCN1C(=O)[C@@H](N)CCC(=O)N1CCc2ccsc2C1.O=C(O)C(F)(F)F,8.221848749616356,460.4780000000001,1.8881799999999995,2,6,0
1905790,CHEMBL390080,IC50,=,6.0,nM,8.22,CHEMBL284,Dipeptidyl peptidase 4,CCc1nnc2ccc(N3CC[C@H](c4cc(F)c(F)cc4F)[C@@H](N)C3)nn12.O=C(O)C(F)(F)F,8.221848749616356,490.4080000000001,3.0585000000000004,2,6,0
20680793,CHEMBL4642801,IC50,=,6.0,nM,8.22,CHEMBL284,Dipeptidyl peptidase 4,N[C@@H]1CN(c2ncc(Oc3c[nH]nc3C3=CCC(F)(F)CC3)cn2)C[C@@H]1c1cc(F)c(F)cc1F,8.221848749616356,492.4520000000002,4.543000000000003,2,6,0
1905791,CHEMBL231497,IC50,=,6.0,nM,8.22,CHEMBL284,Dipeptidyl peptidase 4,Cc1nnc2ccc(N3CC[C@H](c4cc(F)c(F)cc4F)[C@@H](N)C3)nn12.O=C(O)C(F)(F)F,8.221848749616356,476.3810000000001,2.80452,2,6,0
1948911,CHEMBL393498,IC50,=,6.0,nM,8.22,CHEMBL284,Dipeptidyl peptidase 4,CCN(CC)C(=O)[C@@H]1CN[C@H](C(=O)N2CCC[C@H]2C#N)C1,8.221848749616356,292.38300000000004,0.3474800000000004,1,4,0
5192923,CHEMBL1650429,IC50,=,6.0,nM,8.22,CHEMBL284,Dipeptidyl peptidase 4,N#Cc1ccccc1Cn1c(N2CCC[C@@H](N)C2)ncc(/C=C/c2cccnc2)c1=O,8.221848749616356,412.49700000000007,2.656180000000001,1,6,0
13856353,CHEMBL3093913,IC50,=,6.0,nM,8.22,CHEMBL284,Dipeptidyl peptidase 4,N#C[C@@H]1C[C@H](F)CN1C(=O)[C@@H](N)Cc1ccc(F)cc1F,8.221848749616356,297.28,1.29718,1,3,0
5192918,CHEMBL1650434,IC50,=,6.0,nM,8.22,CHEMBL284,Dipeptidyl peptidase 4,N#Cc1ccc(F)cc1Cn1c(N2CCC[C@@H](N)C2)ncc(Br)c1=O,8.221848749616356,406.25900000000007,1.9923799999999996,1,5,0
2008919,CHEMBL237488,IC50,=,6.0,nM,8.22,CHEMBL284,Dipeptidyl peptidase 4,CC(C)=CCn1c(N2CCC[C@@H](N)C2)nc2c1c(=O)n(CC(=O)c1ccccc1)c(=O)n2C,8.221848749616356,450.54300000000023,1.6732999999999996,1,6,0
25050508,CHEMBL5270099,IC50,=,6.0,nM,8.22,CHEMBL284,Dipeptidyl peptidase 4,N#C[C@@H]1C[C@H](F)CN1C(=O)[C@@H](N)Cc1ccc(N)cc1,8.221848749616356,276.315,0.6011799999999999,2,4,0
5192944,CHEMBL1650408,IC50,=,6.0,nM,8.22,CHEMBL284,Dipeptidyl peptidase 4,N#Cc1ccccc1Cn1c(N2CCC[C@@H](N)C2)ncc(I)c1=O,8.221848749616356,435.269,1.69538,1,5,0
17763458,CHEMBL3986470,IC50,=,6.0,nM,8.22,CHEMBL284,Dipeptidyl peptidase 4,CC#CCn1c(N2CCCC(N)C2)nc2c1c(=O)n(Cc1cc(=O)n(C)c3ccccc13)c(=O)n2C,8.221848749616356,487.56400000000025,0.747700000000002,1,6,0
25050509,CHEMBL5274564,IC50,=,6.0,nM,8.22,CHEMBL284,Dipeptidyl peptidase 4,N#C[C@@H]1C[C@H](F)CN1C(=O)[C@@H](N)Cc1ccc(Cl)cc1,8.221848749616356,295.745,1.6723800000000002,1,3,0
13856387,CHEMBL3093908,IC50,=,6.0,nM,8.22,CHEMBL284,Dipeptidyl peptidase 4,N#C[C@@H]1C[C@H](F)CN1C(=O)[C@@H](N)Cc1ccc(C(F)(F)F)cc1,8.221848749616356,329.29699999999997,2.0377800000000006,1,3,0
5192950,CHEMBL1650404,IC50,=,6.0,nM,8.22,CHEMBL284,Dipeptidyl peptidase 4,N#Cc1ccccc1Cn1c(N2CCC[C@@H](N)C2)ncc(F)c1=O,8.221848749616356,327.363,1.22988,1,5,0
17660171,CHEMBL494497,IC50,=,6.0,nM,8.22,CHEMBL284,Dipeptidyl peptidase 4,N[C@@H](CCC(=O)O)C(=O)N1CCC[C@H]1B(O)O,8.221848749616356,244.056,-1.818499999999998,4,5,0
13421619,CHEMBL2418628,IC50,=,6.05,nM,8.22,CHEMBL284,Dipeptidyl peptidase 4,Cl.N#C[C@@H]1CCCN1C(=O)[C@@H](N)Cc1ccc(-c2cn(Cc3ccc(Cl)cc3)nn2)cc1,8.21824462534753,471.39200000000017,3.452980000000002,1,5,0
2712735,CHEMBL557315,IC50,=,6.1,nM,8.21,CHEMBL284,Dipeptidyl peptidase 4,N[C@@H](CC(=O)N1CCC[C@H]1COc1ccnc(C(F)(F)F)n1)Cc1cc(F)c(F)cc1F,8.214670164989233,462.3940000000001,3.2426000000000013,1,5,0
1944673,CHEMBL396513,IC50,=,6.1,nM,8.21,CHEMBL284,Dipeptidyl peptidase 4,Cc1cccc(C)c1[C@@H]1CN[C@H](C(=O)N2CCC[C@H]2C#N)C1,8.214670164989233,297.40200000000004,2.2635200000000006,1,3,0
16763265,CHEMBL3942843,IC50,=,6.13,nM,8.21,CHEMBL284,Dipeptidyl peptidase 4,COc1cc2c3c(ccc2cc1NS(C)(=O)=O)O[C@H](c1cc(F)c(F)cc1F)[C@@H](N)C3,8.212539525481585,452.4540000000002,3.6407000000000007,2,5,0
10982106,CHEMBL2063033,IC50,=,6.2,nM,8.21,CHEMBL284,Dipeptidyl peptidase 4,O=C([C@@H]1CCCN1)N1C[C@@H](O)C[C@H]1B(O)O,8.207608310501746,228.05700000000004,-2.2877999999999976,4,5,0
2053471,CHEMBL248795,IC50,=,6.2,nM,8.21,CHEMBL284,Dipeptidyl peptidase 4,N#C[C@@H]1CCCN1C(=O)[C@@H]1CN(Cc2cnc3ccccc3c2)C[C@@H]1N,8.207608310501746,349.4380000000001,1.5084799999999996,1,5,0
2190155,CHEMBL471088,IC50,=,6.2,nM,8.21,CHEMBL284,Dipeptidyl peptidase 4,CC(C)(CN(Cc1ccc(C#N)cc1)C(=O)c1ccccc1)NCC(=O)N1C[C@@H](F)C[C@H]1C#N,8.207608310501746,461.54100000000017,3.031460000000002,1,5,0
1947253,CHEMBL394165,IC50,=,6.2,nM,8.21,CHEMBL284,Dipeptidyl peptidase 4,C[C@@H]1N[C@H](C(=O)N2CCC[C@H]2C#N)C[C@@H]1C(=O)N1CCSCC1,8.207608310501746,336.4610000000002,0.4429800000000006,1,5,0
2605882,CHEMBL456419,IC50,=,6.2,nM,8.21,CHEMBL284,Dipeptidyl peptidase 4,CC1(NCC(=O)N2C[C@H](F)C[C@@H]2C#N)CCN(S(C)(=O)=O)CC1,8.207608310501746,346.4280000000001,-0.1473199999999996,1,5,0
18662290,CHEMBL4250956,IC50,=,6.29,nM,8.2,CHEMBL284,Dipeptidyl peptidase 4,CC(C)C[C@H](N)C(=O)N1CCSCC1,8.201349354554731,216.3499999999999,0.9352,1,3,0
1948885,CHEMBL234356,IC50,=,6.3,nM,8.2,CHEMBL284,Dipeptidyl peptidase 4,N#C[C@@H]1CCCN1C(=O)[C@@H]1C[C@H](CO)CN1,8.200659450546418,223.276,-0.5286199999999999,2,4,0
12034813,CHEMBL2147775,IC50,=,6.3,nM,8.2,CHEMBL284,Dipeptidyl peptidase 4,Cc1cc(N2CCN([C@H]3CN[C@H](C(=O)N4CCSC4)C3)CC2)n(-c2ccccc2)n1,8.200659450546418,426.5900000000002,1.5661200000000006,1,6,0
12044090,CHEMBL2147072,IC50,=,6.3,nM,8.2,CHEMBL284,Dipeptidyl peptidase 4,Cn1c(=O)c2c(nc(N3CCC[C@@H](N)C3)n2Cc2ccccc2Cl)c2ccc(C#N)cc21,8.200659450546418,446.94200000000006,3.3890800000000016,1,5,0
2712742,CHEMBL556708,IC50,=,6.3,nM,8.2,CHEMBL284,Dipeptidyl peptidase 4,N[C@@H](CC(=O)N1CCC[C@H]1CNc1ccc(F)cn1)Cc1cc(F)c(F)cc1F,8.200659450546418,410.41500000000013,3.0010000000000012,2,4,0
2712728,CHEMBL558323,IC50,=,6.3,nM,8.2,CHEMBL284,Dipeptidyl peptidase 4,CC(C)(F)C(=O)NC[C@@H]1CCCN1C(=O)C[C@H](N)Cc1cc(F)c(F)cc1F,8.200659450546418,403.4200000000001,2.2191,2,3,0
24967453,CHEMBL5219761,IC50,=,6.39,nM,8.19,CHEMBL284,Dipeptidyl peptidase 4,C/C=C/OC(=O)[C@@H]1CCCN1C(=O)[C@H](CCCCNC(=O)OC(C)(C)C)NC(=O)OC(C)(C)C,8.1944991418416,483.6060000000002,3.642500000000001,2,7,0
15617515,CHEMBL3580791,IC50,=,6.4,nM,8.19,CHEMBL284,Dipeptidyl peptidase 4,CC(C)N1C(=O)CN(C(=O)C[C@H](N)[C@H]2CCc3cc(F)c(F)cc32)Cc2ccccc21,8.193820026016112,427.4950000000001,3.495800000000002,1,3,0
17660180,CHEMBL3686751,IC50,=,6.4,nM,8.19,CHEMBL284,Dipeptidyl peptidase 4,OB(O)[C@@H]1CCCN1C(=S)[C@@H]1CCCN1,8.193820026016112,228.126,-0.4577999999999995,3,4,0
1855517,CHEMBL228021,IC50,=,6.4,nM,8.19,CHEMBL284,Dipeptidyl peptidase 4,N#Cc1ccc(CN(Cc2ccc(C#N)cc2)[C@@H]2CN[C@H](C(=O)N3CCSC3)C2)cc1,8.193820026016112,431.5650000000002,2.6955600000000013,1,6,0
1948900,CHEMBL393957,IC50,=,6.5,nM,8.19,CHEMBL284,Dipeptidyl peptidase 4,C[C@@H]1N[C@H](C(=O)N2CCC[C@H]2C#N)C[C@@H]1C(=O)N1CCCC1,8.187086643357144,304.3940000000002,0.4899800000000003,1,4,0
1855501,CHEMBL223916,IC50,=,6.5,nM,8.19,CHEMBL284,Dipeptidyl peptidase 4,O=C([C@@H]1C[C@H](N2CCc3cc(Br)ccc32)CN1)N1CCSC1,8.187086643357144,382.3270000000002,2.0749999999999993,1,4,0
27085595,CHEMBL5791601,IC50,=,6.5,nM,8.19,CHEMBL284,Dipeptidyl peptidase 4,N[C@H]1C[C@@H](N2Cc3ccc(Br)cc3C2)CO[C@@H]1c1cc(F)ccc1F,8.187086643357144,409.2740000000001,3.900400000000003,1,3,0
10982107,CHEMBL2063034,IC50,=,6.5,nM,8.19,CHEMBL284,Dipeptidyl peptidase 4,O=C([C@@H]1CCCN1)N1C[C@H](O)C[C@H]1B(O)O,8.187086643357144,228.05700000000004,-2.2877999999999976,4,5,0
1968160,CHEMBL392924,IC50,=,6.6,nM,8.18,CHEMBL284,Dipeptidyl peptidase 4,N[C@H]1C[C@@H](N2Cc3ccccc3C2)CC[C@@H]1c1cc(F)c(F)cc1F,8.18045606445813,346.396,4.0831000000000035,1,2,0
1792476,CHEMBL385711,IC50,=,6.6,nM,8.18,CHEMBL284,Dipeptidyl peptidase 4,C[C@@H]1C(=O)NCCCN1C(=O)C[C@H](N)Cc1cc(F)c(F)cc1F,8.18045606445813,343.349,1.1008000000000004,2,3,0
1479865,CHEMBL191327,IC50,=,6.6,nM,8.18,CHEMBL284,Dipeptidyl peptidase 4,N[C@H](C(=O)N1CC[C@H](F)C1)[C@@H](C(=O)O)c1ccc(-c2ccc(F)cc2)cc1.O=C(O)C(F)(F)F,8.18045606445813,488.4090000000001,3.191900000000002,3,4,0
1896382,CHEMBL390853,IC50,=,6.6,nM,8.18,CHEMBL284,Dipeptidyl peptidase 4,CC1C(=O)NCCCN1C(=O)C[C@H](N)Cc1cc(F)c(F)cc1F,8.18045606445813,343.349,1.1008000000000004,2,3,0
1497811,CHEMBL192165,IC50,=,6.6,nM,8.18,CHEMBL284,Dipeptidyl peptidase 4,N#Cc1ccc(N[C@H]2CN[C@H](C(=O)N3CCC[C@H]3C#N)C2)nc1,8.18045606445813,310.361,0.6102599999999991,2,6,0
13441704,CHEMBL2425889,IC50,=,6.6,nM,8.18,CHEMBL284,Dipeptidyl peptidase 4,CC#CCn1c(N2CCC[C@@H](N)C2)cc(=O)n(Cc2ccc3cc(Cl)ccc3n2)c1=O,8.18045606445813,437.9310000000001,2.210699999999999,1,5,0
1495788,CHEMBL193168,IC50,=,6.7,nM,8.17,CHEMBL284,Dipeptidyl peptidase 4,N#C[C@@H]1CCCN1C(=O)[C@@H]1C[C@H](NS(=O)(=O)c2ccccc2)CN1,8.173925197299173,348.42800000000005,0.2099800000000001,2,5,0
2053495,CHEMBL249203,IC50,=,6.7,nM,8.17,CHEMBL284,Dipeptidyl peptidase 4,N#C[C@@H]1CCCN1C(=O)[C@@H]1CN(Cc2ccc(-c3ccn[nH]3)cc2)C[C@@H]1N,8.173925197299173,364.4530000000001,1.3503799999999997,2,5,0
17632174,CHEMBL3694421,IC50,=,6.8,nM,8.17,CHEMBL284,Dipeptidyl peptidase 4,CS(=O)(=O)n1cc2c(n1)CN([C@H]1CNC(c3cc(F)ccc3F)[C@@H](N)C1)C2,8.167491087293763,397.45100000000014,0.7150999999999995,2,6,0
18357662,CHEMBL4177478,IC50,=,6.8,nM,8.17,CHEMBL284,Dipeptidyl peptidase 4,N#Cc1ccc(F)cc1Cn1c(N2CCC[C@@H](N)C2)nc2scnc2c1=O,8.167491087293763,384.4400000000001,1.8395799999999995,1,7,0
3099286,CHEMBL591118,IC50,=,6.8,nM,8.17,CHEMBL284,Dipeptidyl peptidase 4,COc1cc2c(cc1OC)[C@@H]1C[C@H](N)[C@@H](N3C[C@@H](CF)CC3=O)CN1CC2,8.167491087293763,377.4600000000002,1.5206,1,5,0
2023295,CHEMBL241245,IC50,=,6.8,nM,8.17,CHEMBL284,Dipeptidyl peptidase 4,O=C([C@@H]1C[C@H](N2CCN(c3ccc(C(F)(F)F)cc3)CC2)CN1)N1CCSC1,8.167491087293763,414.49700000000024,2.0908,1,5,0
2712724,CHEMBL550321,IC50,=,6.8,nM,8.17,CHEMBL284,Dipeptidyl peptidase 4,CN(C[C@@H]1CCCN1C(=O)C[C@H](N)Cc1cc(F)c(F)cc1F)C(=O)C(C)(C)C,8.167491087293763,413.48400000000015,2.859300000000001,1,3,0
23297216,CHEMBL4869930,IC50,=,6.9,nM,8.16,CHEMBL284,Dipeptidyl peptidase 4,CC#CCn1c(N2CCC[C@@H](N)C2)cc(=O)n(Cc2cccc(C(=O)NCC(=O)O)c2)c1=O,8.161150909262744,453.4990000000002,-0.1764999999999979,3,6,0
12078492,CHEMBL2159191,IC50,=,6.9,nM,8.16,CHEMBL284,Dipeptidyl peptidase 4,CCNc1nc2c(c(-c3cc(F)ccc3Br)c1CN)c(=O)n(C)c(=O)n2C,8.161150909262744,436.28500000000025,2.0912999999999995,2,5,0
18662291,CHEMBL4241366,IC50,=,6.93,nM,8.16,CHEMBL284,Dipeptidyl peptidase 4,CCC(C)[C@H](N)C(=O)N1CCSCC1,8.159266765388193,216.3499999999999,0.9352,1,3,0
864835,CHEMBL3084812,IC50,=,7.0,nM,8.15,CHEMBL284,Dipeptidyl peptidase 4,CC[C@@]12C[C@H]3C[C@@H](C1)C[C@@](NCC(=O)N1CCC[C@H]1C#N)(C3)C2,8.154901959985743,315.46100000000007,2.8395800000000007,1,3,0
13903930,CHEMBL3112967,IC50,=,7.0,nM,8.15,CHEMBL284,Dipeptidyl peptidase 4,NC[C@]1(c2cccc(Cl)c2)CC[C@H](N2CCn3c(nnc3C(F)(F)F)C2=O)CC1,8.154901959985743,427.8580000000001,3.245400000000002,1,4,0
2171484,CHEMBL255709,IC50,=,7.0,nM,8.15,CHEMBL284,Dipeptidyl peptidase 4,CC#CCn1c(N2CCCC(N)C2)nc2c(C)nn(Cc3nc(C)cc4ccccc34)c(=O)c21,8.154901959985743,455.56600000000026,2.7571400000000006,1,6,0
1463629,CHEMBL363250,IC50,=,7.0,nM,8.15,CHEMBL284,Dipeptidyl peptidase 4,CC(C)(C)[C@H](N)C(=O)N1CCC[C@H]1C#N,8.154901959985743,209.29299999999995,0.8743799999999998,1,3,0
2995124,CHEMBL567278,IC50,=,7.0,nM,8.15,CHEMBL284,Dipeptidyl peptidase 4,N[C@@H](CC(=O)N1CCC[C@H]1c1nc(C2CC2)no1)Cc1cc(F)c(F)cc1F,8.154901959985743,394.3970000000001,2.9879000000000007,1,5,0
2275117,CHEMBL474049,IC50,=,7.0,nM,8.15,CHEMBL284,Dipeptidyl peptidase 4,N#C[C@@H]1CCCN1C(=O)[C@@H](N)CCC(=O)N1CCCC1.O=C(O)C(F)(F)F,8.154901959985743,392.3780000000001,0.8641799999999988,2,5,0
2045014,CHEMBL400752,IC50,=,7.0,nM,8.15,CHEMBL284,Dipeptidyl peptidase 4,N[C@@H](CC(=O)N1CCn2nc(C(F)(F)F)nc2[C@H]1CC1CC1)Cc1cc(F)c(F)cc1F,8.154901959985743,461.4100000000002,3.3577000000000012,1,4,0
5192948,CHEMBL1650405,IC50,=,7.0,nM,8.15,CHEMBL284,Dipeptidyl peptidase 4,N#Cc1ccccc1Cn1c(N2CCC[C@@H](N)C2)ncc(Cl)c1=O,8.154901959985743,343.81800000000004,1.7441799999999998,1,5,0
12588823,CHEMBL1233461,IC50,=,7.0,nM,8.15,CHEMBL284,Dipeptidyl peptidase 4,O=C(O)c1c(Cl)ccc(Cl)c1O,8.154901959985743,207.012,2.3972,2,2,0
831886,CHEMBL3084816,IC50,=,7.0,nM,8.15,CHEMBL284,Dipeptidyl peptidase 4,N#C[C@@H]1CCCN1C(=O)CN[C@H]1CC[C@H](Nc2ccc(C(F)(F)F)cn2)CC1,8.154901959985743,395.42900000000014,2.9276800000000014,2,5,0
1855503,CHEMBL390512,IC50,=,7.0,nM,8.15,CHEMBL284,Dipeptidyl peptidase 4,O=C([C@@H]1C[C@H](N2CCc3cc(Cl)ccc32)CN1)N1CCSC1,8.154901959985743,337.87600000000015,1.9658999999999995,1,4,0
7853086,CHEMBL122206,IC50,=,7.0,nM,8.15,CHEMBL284,Dipeptidyl peptidase 4,COc1cc2c(cc1OC)-c1nc(N)c(CN)c(-c3ccc(Cl)cc3Cl)c1C2,8.154901959985743,416.30800000000016,4.684700000000003,2,5,0
23297228,CHEMBL4871141,IC50,=,7.0,nM,8.15,CHEMBL284,Dipeptidyl peptidase 4,CC#CCn1c(N2CCC[C@@H](N)C2)cc(=O)n(Cc2cccc(C(=O)OC)c2F)c1=O,8.154901959985743,428.46400000000017,0.9348,1,6,0
2275132,CHEMBL475465,IC50,=,7.0,nM,8.15,CHEMBL284,Dipeptidyl peptidase 4,COC[C@@H]1CCCN1C(=O)CC[C@H](N)C(=O)N1CCC[C@H]1C#N.O=C(O)C(F)(F)F,8.154901959985743,436.43100000000015,0.8791800000000012,2,6,0
2275097,CHEMBL492536,IC50,=,7.0,nM,8.15,CHEMBL284,Dipeptidyl peptidase 4,N#C[C@@H]1CCCN1C(=O)[C@@H](N)CCC(=O)N1CCn2cnnc2C1.O=C(O)C(F)(F)F,8.154901959985743,445.4020000000001,-0.1243199999999989,2,7,0
1905806,CHEMBL231092,IC50,=,7.0,nM,8.15,CHEMBL284,Dipeptidyl peptidase 4,N[C@H]1CN(c2ccc3nccnc3n2)CC[C@@H]1c1cc(F)c(F)cc1F.O=C(O)C(F)(F)F,8.154901959985743,473.37700000000007,3.396600000000001,2,6,0
6164145,CHEMBL1765235,IC50,=,7.0,nM,8.15,CHEMBL284,Dipeptidyl peptidase 4,C[C@H](NC(=O)[C@@H]1CCCN1C(=O)[C@@H](N)Cc1ccccc1)C(=O)N1CCC[C@H]1B(O)O,8.154901959985743,430.3140000000002,-0.9448999999999972,4,6,0
8038720,CHEMBL1951437,IC50,=,7.0,nM,8.15,CHEMBL284,Dipeptidyl peptidase 4,CC(C)=CCn1c(N2CCCNCC2)c(C#N)c2ncn(Cc3nccc4ccccc34)c(=O)c21,8.154901959985743,467.5770000000002,3.432080000000002,1,6,0
12718727,CHEMBL2346926,IC50,=,7.05,nM,8.15,CHEMBL284,Dipeptidyl peptidase 4,CC#CCn1c(N2CCC[C@@H](N)C2)nc2ccn(Cc3ccc4ccccc4n3)c2c1=O,8.1518108830086,426.5240000000002,2.7453000000000003,1,5,0
17632184,CHEMBL3697944,IC50,=,7.1,nM,8.15,CHEMBL284,Dipeptidyl peptidase 4,Cn1cc(CCN2C[C@H](N3Cc4cn[nH]c4C3)C[C@H](N)C2c2cc(F)ccc2F)cn1,8.148741651280925,427.5030000000001,2.1225999999999985,2,5,0
1944663,CHEMBL244010,IC50,=,7.1,nM,8.15,CHEMBL284,Dipeptidyl peptidase 4,COc1c(O)ccc(C)c1[C@@H]1CN[C@H](C(=O)N2CCC[C@H]2C#N)C1,8.148741651280925,329.4000000000001,1.6693,2,5,0
2712739,CHEMBL549581,IC50,=,7.1,nM,8.15,CHEMBL284,Dipeptidyl peptidase 4,N[C@@H](CC(=O)N1CCC[C@H]1CNc1ncc(F)cn1)Cc1cc(F)c(F)cc1F,8.148741651280925,411.40300000000013,2.396,2,5,0
20653414,CHEMBL4644314,IC50,=,7.1,nM,8.15,CHEMBL284,Dipeptidyl peptidase 4,Cn1c(C(N)=O)nc2c1CN([C@@H]1C[C@H](N)[C@@H](c3cc(F)ccc3F)O[C@@H]1C(F)(F)F)C2,8.148741651280925,445.3920000000001,1.9012,2,5,0
1855519,CHEMBL227800,IC50,=,7.1,nM,8.15,CHEMBL284,Dipeptidyl peptidase 4,CC(C)N(Cc1ccc(C#N)cc1)[C@@H]1CN[C@H](C(=O)N2CCSC2)C1,8.148741651280925,358.5110000000002,2.0320799999999997,1,5,0
1792472,CHEMBL217051,IC50,=,7.2,nM,8.14,CHEMBL284,Dipeptidyl peptidase 4,C[C@@H]1c2nnc(C(F)(F)F)n2CCN1C(=O)C[C@H](N)Cc1cc(F)ccc1F,8.142667503568731,403.3550000000001,2.438400000000001,1,4,0
2190156,CHEMBL470893,IC50,=,7.3,nM,8.14,CHEMBL284,Dipeptidyl peptidase 4,CC(C)CN(CC(C)(C)NCC(=O)N1C[C@@H](F)C[C@H]1C#N)C(=O)c1ccccc1,8.136677139879543,402.5140000000001,2.6155800000000005,1,4,0
16584411,CHEMBL3806026,IC50,=,7.3,nM,8.14,CHEMBL284,Dipeptidyl peptidase 4,N[C@H]1C[C@@H](N2Cc3nn4cccnc4c3C2)CC[C@@H]1c1cc(F)ccc1F,8.136677139879543,369.419,2.9867000000000017,1,4,0
2515609,CHEMBL475573,IC50,=,7.4,nM,8.13,CHEMBL284,Dipeptidyl peptidase 4,O=C([C@@H]1C[C@H](N2CCN(c3nc4ccncc4o3)CC2)CN1)N1CCC(F)(F)C1,8.130768280269024,406.43700000000024,0.9428999999999992,1,7,0
6203112,CHEMBL1779706,IC50,=,7.4,nM,8.13,CHEMBL284,Dipeptidyl peptidase 4,COC[C@@H]1C(=O)NCCN1C(=O)C[C@H](N)Cc1cc(F)c(F)cc1F,8.130768280269024,359.348,0.3372000000000016,2,4,0
8038743,CHEMBL1951613,IC50,=,7.5,nM,8.12,CHEMBL284,Dipeptidyl peptidase 4,CC#CCn1c(N2CCCNCC2)c(C#N)c2c1c(=O)n(Cc1nc(C)c3ccccc3n1)c(=O)n2C,8.1249387366083,496.5750000000003,1.4962999999999995,1,7,0
1480205,CHEMBL190466,IC50,=,7.5,nM,8.12,CHEMBL284,Dipeptidyl peptidase 4,CN(C)C(=O)[C@@H](c1ccc(-c2ccc(F)cc2)cc1)[C@H](N)C(=O)N1CCCC1.O=C(O)C(F)(F)F,8.1249387366083,497.48900000000026,3.2475000000000014,2,4,0
13421617,CHEMBL2418630,IC50,=,7.5,nM,8.12,CHEMBL284,Dipeptidyl peptidase 4,COc1cccc(Cn2cc(-c3ccc(C[C@H](N)C(=O)N4CCC[C@H]4C#N)cc3)nn2)c1.Cl,8.1249387366083,466.9730000000001,2.8081800000000015,1,6,0
314912,CHEMBL3084937,IC50,=,7.5,nM,8.12,CHEMBL284,Dipeptidyl peptidase 4,CN(C)C(=O)Nc1ccc(S(=O)(=O)N[C@H]2CC[C@H]([C@H](N)C(=O)N3CCSC3)CC2)cc1,8.1249387366083,469.6330000000003,1.477400000000001,3,6,0
19301462,CHEMBL4538597,IC50,=,7.5,nM,8.12,CHEMBL284,Dipeptidyl peptidase 4,CC#CCn1c(N2CCC[C@@H](N)C2)cc(=O)n(Cc2ccccc2C(=O)O)c1=O,8.1249387366083,396.4470000000001,0.7072999999999998,2,5,0
13421623,CHEMBL2418625,IC50,=,7.56,nM,8.12,CHEMBL284,Dipeptidyl peptidase 4,Cl.N#C[C@@H]1CCCN1C(=O)[C@@H](N)Cc1ccc(-c2cn(Cc3cccc(F)c3)nn2)cc1,8.121478204498793,454.9370000000001,2.9386800000000015,1,5,0
12078488,CHEMBL2159187,IC50,=,7.6,nM,8.12,CHEMBL284,Dipeptidyl peptidase 4,Cn1c(=O)c2c(-c3cc(F)ccc3Cl)c(CN)c(N)nc2n(C)c1=O,8.119186407719209,363.7800000000001,1.1325999999999998,2,5,0
19301474,CHEMBL4438210,IC50,=,7.6,nM,8.12,CHEMBL284,Dipeptidyl peptidase 4,CC#CCn1c(N2CCC[C@@H](N)C2)cc(=O)n(Cc2ccc(F)cc2C(=O)O)c1=O,8.119186407719209,414.4370000000001,0.8463999999999996,2,5,0
1948879,CHEMBL232315,IC50,=,7.7,nM,8.11,CHEMBL284,Dipeptidyl peptidase 4,N#C[C@@H]1CCCN1C(=O)[C@@H]1C[C@H](C(N)=O)CN1,8.113509274827518,236.275,-1.0356199999999989,2,4,0
5131374,CHEMBL3216726,IC50,=,7.8,nM,8.11,CHEMBL284,Dipeptidyl peptidase 4,Cc1ccc(-c2c(CC(=O)N3CCC[C@@H]3C(=O)O)c(C)nc(CC(C)C)c2CN)cc1.Cl.Cl,8.10790539730952,496.4790000000002,4.484340000000005,2,4,0
2712723,CHEMBL559601,IC50,=,7.8,nM,8.11,CHEMBL284,Dipeptidyl peptidase 4,CN(C[C@@H]1CCCN1C(=O)C[C@H](N)Cc1cc(F)c(F)cc1F)C(=O)C(C)(F)F,8.10790539730952,421.4100000000001,2.4684,1,3,0
1603638,CHEMBL196933,IC50,=,7.8,nM,8.11,CHEMBL284,Dipeptidyl peptidase 4,O=C(CNC1CCCCCC1)N1CCC[C@H]1B(O)O,8.10790539730952,268.16599999999994,0.3017999999999997,3,4,0
1944676,CHEMBL389138,IC50,=,7.8,nM,8.11,CHEMBL284,Dipeptidyl peptidase 4,N#C[C@@H]1CCCN1C(=O)[C@@H]1CC(C2C3CC4CC(C3)CC2C4)CN1,8.10790539730952,327.47200000000015,2.55138,1,3,0
2190147,CHEMBL472102,IC50,=,7.8,nM,8.11,CHEMBL284,Dipeptidyl peptidase 4,CC(C)NCC(=O)N1C[C@@H](F)C[C@H]1C#N,8.10790539730952,213.25599999999997,0.4469799999999997,1,3,0
1855508,CHEMBL225493,IC50,=,7.9,nM,8.1,CHEMBL284,Dipeptidyl peptidase 4,O=C([C@@H]1C[C@H](N2CCc3cc([N+](=O)[O-])ccc32)CN1)N1CCSC1,8.102372908709558,348.4280000000001,1.2206999999999992,1,6,0
3302952,CHEMBL1082653,IC50,=,8.0,nM,8.1,CHEMBL284,Dipeptidyl peptidase 4,CO[C@H]1C[C@H]2C[C@@H](NCC(=O)N3CCC[C@H]3C#N)C[C@H]2C1.Cl,8.096910013008056,327.85600000000005,1.7159799999999998,1,4,0
1603608,CHEMBL373269,IC50,=,8.0,nM,8.1,CHEMBL284,Dipeptidyl peptidase 4,O=C(CNC12CC3CC(CC(C3)C1)C2)N1CCC[C@@H]1B(O)O,8.096910013008056,306.2149999999999,0.5477999999999996,3,4,0
8038716,CHEMBL1951434,IC50,=,8.0,nM,8.1,CHEMBL284,Dipeptidyl peptidase 4,CC(C)=CCn1c(N2CCC[C@H](N)C2)c(C#N)c2ncn(Cc3ncc4ccccc4n3)c(=O)c21,8.096910013008056,468.5650000000002,2.954880000000001,1,7,0
1896372,CHEMBL230282,IC50,=,8.0,nM,8.1,CHEMBL284,Dipeptidyl peptidase 4,C[C@@H]1C(=O)N(C2CC2)CCCN1C(=O)C[C@H](N)Cc1cc(F)c(F)cc1F,8.096910013008056,383.414,1.9756,1,3,0
1861956,CHEMBL227670,IC50,=,8.0,nM,8.1,CHEMBL284,Dipeptidyl peptidase 4,COc1ccc2nc(N3CCC[C@@H](N)C3)n(Cc3ccccc3C#N)c(=O)c2c1,8.096910013008056,389.45900000000006,2.25258,1,6,0
2122453,CHEMBL272114,IC50,=,8.0,nM,8.1,CHEMBL284,Dipeptidyl peptidase 4,Cn1cnc2cc(C#N)c(-c3ccccc3Cl)c(CN)c21,8.096910013008056,296.7610000000001,3.2240800000000016,1,3,0
17763474,CHEMBL3986074,IC50,=,8.0,nM,8.1,CHEMBL284,Dipeptidyl peptidase 4,CC#CCn1c(N2CCC[C@@H](N)C2)nc2c1c(=O)n(Cc1ccc(OC)c3ccccc13)c(=O)n2C,8.096910013008056,486.57600000000025,2.0576,1,6,0
25050529,CHEMBL5273881,IC50,=,8.0,nM,8.1,CHEMBL284,Dipeptidyl peptidase 4,COC1C[C@@H]2C[C@H](NCC(=O)N3CCC[C@H]3C#N)C[C@@H]2C1,8.096910013008056,291.39500000000004,1.29418,1,4,0
2606587,CHEMBL460842,IC50,=,8.0,nM,8.1,CHEMBL284,Dipeptidyl peptidase 4,O=C(CNC12CC3CC(CC(C3)C1)C2)N1CCC[C@H]1B(O)O,8.096910013008056,306.2149999999999,0.5477999999999996,3,4,0
17630259,CHEMBL3675627,IC50,=,8.0,nM,8.1,CHEMBL284,Dipeptidyl peptidase 4,Cc1nc(CN2C(=O)c3c(nc(N4CCC[C@@H](N)C4)n3CC3CC3)N3CCN=C23)nc2ccccc12,8.096910013008056,485.59600000000034,2.304220000000001,1,8,0
2690367,CHEMBL561322,IC50,=,8.0,nM,8.1,CHEMBL284,Dipeptidyl peptidase 4,N[C@@H](CC(=O)N1CCC[C@H]1CNS(=O)(=O)c1ccccc1)Cc1cccc(Cl)c1,8.096910013008056,435.9770000000001,2.569400000000001,2,4,0
470429,CHEMBL77539,IC50,=,8.0,nM,8.1,CHEMBL284,Dipeptidyl peptidase 4,N#C[C@@H]1CCCN1C(=O)CNCCNc1ccc([N+](=O)[O-])cn1,8.096910013008056,318.33700000000005,0.5058799999999997,2,7,0
5192911,CHEMBL1650440,IC50,=,8.0,nM,8.1,CHEMBL284,Dipeptidyl peptidase 4,Cn1c(=O)cc(N2CCC[C@@H](N)C2)n(Cc2cc(F)ccc2Br)c1=O,8.096910013008056,411.275,1.4244,1,4,0
5192919,CHEMBL1650433,IC50,=,8.0,nM,8.1,CHEMBL284,Dipeptidyl peptidase 4,N#Cc1ccc(F)cc1Cn1c(N2CCC[C@@H](N)C2)ncc(Cl)c1=O,8.096910013008056,361.8080000000001,1.8832799999999992,1,5,0
5192920,CHEMBL1650432,IC50,=,8.0,nM,8.1,CHEMBL284,Dipeptidyl peptidase 4,N#Cc1ccc(F)cc1Cn1c(N2CCC[C@@H](N)C2)ncc(F)c1=O,8.096910013008056,345.35300000000007,1.3689799999999996,1,5,0
2008913,CHEMBL391307,IC50,=,8.0,nM,8.1,CHEMBL284,Dipeptidyl peptidase 4,CC#CCn1c(N2CCC[C@@H](N)C2)nc2c1c(=O)n(Cc1ccc(OC)cc1)c(=O)n2C,8.096910013008056,436.5160000000002,0.9044000000000004,1,6,0
5192926,CHEMBL1650426,IC50,=,8.0,nM,8.1,CHEMBL284,Dipeptidyl peptidase 4,C=Cc1cnc(N2CCC[C@@H](N)C2)n(Cc2ccccc2C#N)c1=O,8.096910013008056,335.41100000000006,1.73378,1,5,0
5192946,CHEMBL1650406,IC50,=,8.0,nM,8.1,CHEMBL284,Dipeptidyl peptidase 4,Cc1nc(N2CCC[C@@H](N)C2)n(Cc2ccccc2C#N)c(=O)c1Br,8.096910013008056,402.2960000000001,2.1616999999999997,1,5,0
2690374,CHEMBL563272,IC50,=,8.0,nM,8.1,CHEMBL284,Dipeptidyl peptidase 4,N[C@@H](CC(=O)N1CCC[C@H]1CNS(=O)(=O)C1CC1)Cc1cc(F)c(F)cc1F,8.096910013008056,419.4690000000002,1.4365999999999997,2,4,0
17672041,CHEMBL3654430,IC50,=,8.1,nM,8.09,CHEMBL284,Dipeptidyl peptidase 4,CC1(S(=O)(=O)n2cc3c(n2)CN([C@H]2CCO[C@H](c4cc(F)ccc4F)[C@@H](N)C2)C3)CC1,8.09151498112135,452.5270000000002,2.4549000000000003,1,6,0
17652386,CHEMBL3644465,IC50,=,8.1,nM,8.09,CHEMBL284,Dipeptidyl peptidase 4,Cc1nc2c(o1)CN([C@H]1CSC(c3cc(F)ccc3F)[C@@H](N)C1)C2,8.09151498112135,351.4220000000001,3.150920000000001,1,5,0
2515607,CHEMBL515597,IC50,=,8.2,nM,8.09,CHEMBL284,Dipeptidyl peptidase 4,O=C([C@@H]1C[C@H](N2CCN(c3nc4ccccc4o3)CC2)CN1)N1CCC(F)(F)C1,8.086186147616283,405.44900000000024,1.5478999999999998,1,6,0
2191788,CHEMBL487681,IC50,=,8.2,nM,8.09,CHEMBL284,Dipeptidyl peptidase 4,CC(C)(CNC(=O)c1ccccn1)NCC(=O)N1C[C@@H](F)C[C@H]1C#N,8.086186147616283,347.3940000000001,0.6421800000000002,2,5,0
2023298,CHEMBL239984,IC50,=,8.2,nM,8.09,CHEMBL284,Dipeptidyl peptidase 4,O=C([C@@H]1C[C@H](N2CCN(c3ccc(Br)cc3)CC2)CN1)N1CCSC1,8.086186147616283,425.3960000000003,1.8344999999999991,1,5,0
13421625,CHEMBL2418639,IC50,=,8.28,nM,8.08,CHEMBL284,Dipeptidyl peptidase 4,Cl.N#C[C@@H]1CCCN1C(=O)[C@@H](N)Cc1ccc(-c2cn(Cc3cccs3)nn2)cc1,8.08196966321512,442.9760000000001,2.861080000000001,1,6,0
1948907,CHEMBL400614,IC50,=,8.3,nM,8.08,CHEMBL284,Dipeptidyl peptidase 4,N#C[C@@H]1CCCN1C(=O)[C@@H]1C[C@H](C(=O)N2CCCCCC2)CN1,8.080921907623926,318.4210000000001,0.8816799999999998,1,4,0
2190134,CHEMBL454193,IC50,=,8.3,nM,8.08,CHEMBL284,Dipeptidyl peptidase 4,COC12CC3CC(CC(NCC(=O)N4C[C@@H](F)C[C@H]4C#N)(C3)C1)C2,8.080921907623926,335.4230000000001,1.7763799999999994,1,4,0
2706895,CHEMBL552068,IC50,=,8.3,nM,8.08,CHEMBL284,Dipeptidyl peptidase 4,Cl.N[C@H]1Cn2c(nc3cnccc32)C[C@@H]1c1cc(F)c(F)cc1F,8.080921907623926,354.76300000000003,2.9376000000000015,1,3,0
1944668,CHEMBL243800,IC50,=,8.3,nM,8.08,CHEMBL284,Dipeptidyl peptidase 4,COc1cc(O)cc(C)c1[C@@H]1CN[C@H](C(=O)N2CCC[C@H]2C#N)C1,8.080921907623926,329.40000000000015,1.6693,2,5,0
5240828,CHEMBL1683570,IC50,=,8.4,nM,8.08,CHEMBL284,Dipeptidyl peptidase 4,N[C@H]1CN(c2cc(N3CCC(F)(F)C3)ncn2)C[C@@H]1N1CC(F)(F)CCC1=O,8.075720713938118,402.3960000000002,1.0955999999999997,1,6,0
16763221,CHEMBL3920234,IC50,=,8.42,nM,8.07,CHEMBL284,Dipeptidyl peptidase 4,N#Cc1ccc2c3c(ccc2c1)O[C@@H](c1cc(F)c(F)cc1F)[C@H](N)C3,8.074687908500351,354.3310000000001,4.1322800000000015,1,3,0
2053494,CHEMBL399726,IC50,=,8.5,nM,8.07,CHEMBL284,Dipeptidyl peptidase 4,Cc1nnc(-c2ccc(CN3C[C@H](N)[C@H](C(=O)N4CCC[C@H]4C#N)C3)cc2)o1,8.070581074285707,380.45200000000017,1.3187000000000002,1,7,0
14579406,CHEMBL3236121,IC50,=,8.5,nM,8.07,CHEMBL284,Dipeptidyl peptidase 4,NC[C@H]1CN(CCc2ccc3c(c2)OCO3)C(=O)C[C@@H]1c1cc(F)ccc1F,8.070581074285707,388.414,2.827000000000001,1,4,0
17672032,CHEMBL3654421,IC50,=,8.5,nM,8.07,CHEMBL284,Dipeptidyl peptidase 4,N#Cc1n[nH]c2c1CN([C@H]1CCO[C@H](c3cc(F)ccc3F)[C@@H](N)C1)C2,8.070581074285707,359.3800000000001,2.1227799999999997,2,5,0
13421615,CHEMBL2418632,IC50,=,8.57,nM,8.07,CHEMBL284,Dipeptidyl peptidase 4,Cl.N#C[C@@H]1CCCN1C(=O)[C@@H](N)Cc1ccc(-c2cn(Cc3ccc(F)c(F)c3)nn2)cc1,8.067019178076801,472.92700000000013,3.0777800000000015,1,5,0
2706899,CHEMBL556494,IC50,=,8.6,nM,8.07,CHEMBL284,Dipeptidyl peptidase 4,CC(=O)Nc1ccc2c(c1)nc1n2C[C@H](N)[C@@H](c2cc(F)c(F)cc2F)C1.O=C(O)C(F)(F)F,8.065501548756432,488.3880000000001,3.7125000000000017,3,4,0
16584366,CHEMBL3804940,IC50,=,8.6,nM,8.07,CHEMBL284,Dipeptidyl peptidase 4,Cc1ccn2nc3c(c2n1)CN([C@@H]1CO[C@H](c2cc(F)c(F)cc2F)[C@@H](N)C1)C3,8.065501548756432,403.4080000000002,2.628120000000001,1,5,0
2190153,CHEMBL471089,IC50,=,8.6,nM,8.07,CHEMBL284,Dipeptidyl peptidase 4,CC(C)(NCC(=O)N1C[C@@H](F)C[C@H]1C#N)c1ccco1,8.065501548756432,279.315,1.5668799999999998,1,4,0
2190146,CHEMBL469452,IC50,=,8.7,nM,8.06,CHEMBL284,Dipeptidyl peptidase 4,CC(C)OCCCNCC(=O)N1C[C@@H](F)C[C@H]1C#N,8.060480747381382,271.336,0.85368,1,4,0
2023301,CHEMBL238507,IC50,=,8.7,nM,8.06,CHEMBL284,Dipeptidyl peptidase 4,O=C([C@@H]1C[C@H](N2CCN(c3ccc(Cl)cc3)CC2)CN1)N1CCSC1,8.060480747381382,380.9450000000002,1.7253999999999996,1,5,0
2515606,CHEMBL475246,IC50,=,8.7,nM,8.06,CHEMBL284,Dipeptidyl peptidase 4,O=C([C@@H]1C[C@H](N2CCN(c3noc4ccccc34)CC2)CN1)N1CCC(F)(F)C1,8.060480747381382,405.44900000000024,1.5478999999999994,1,6,0
1722848,CHEMBL537869,IC50,=,8.8,nM,8.06,CHEMBL284,Dipeptidyl peptidase 4,CN(C)C(=O)[C@@H](c1ccc(-c2ccc3ncnn3c2)cc1)[C@H](N)C(=O)N1CCC(F)(F)C1.Cl,8.05551732784983,478.9310000000002,2.1848000000000005,1,5,0
1944666,CHEMBL390418,IC50,=,8.9,nM,8.05,CHEMBL284,Dipeptidyl peptidase 4,CCc1cc(O)cc(C)c1[C@@H]1CN[C@H](C(=O)N2CCC[C@H]2C#N)C1,8.050609993355087,327.4280000000001,2.2230999999999996,2,4,0
2252411,CHEMBL324777,IC50,=,9.0,nM,8.05,CHEMBL284,Dipeptidyl peptidase 4,COCCN(C)c1nc(N)c(CN)c(-c2ccc(Cl)cc2Cl)n1,8.045757490560675,356.257,2.573900000000001,2,6,0
8038722,CHEMBL1951439,IC50,=,9.0,nM,8.05,CHEMBL284,Dipeptidyl peptidase 4,CC#CCn1c(N2CCCNCC2)c(C#N)c2ncn(Cc3nc(C)c4ccccc4n3)c(=O)c21,8.045757490560675,466.54900000000026,2.1925999999999997,1,7,0
331193,CHEMBL3084956,IC50,=,9.0,nM,8.05,CHEMBL284,Dipeptidyl peptidase 4,N[C@H](C(=O)N1CCSC1)[C@H]1CC[C@H](NC(=O)c2cnc3ccccc3c2)CC1,8.045757490560675,398.53200000000015,2.3836000000000004,2,5,0
15685981,CHEMBL537586,IC50,=,9.0,nM,8.05,CHEMBL284,Dipeptidyl peptidase 4,CC(C)N(C)C(=O)n1cnc(S(=O)(=O)C2CC3CCC2C3)n1,8.045757490560675,326.4220000000001,1.5487,0,5,0
17763454,CHEMBL3942798,IC50,=,9.0,nM,8.05,CHEMBL284,Dipeptidyl peptidase 4,CC(C)=CCn1c(N2CCCC(N)C2)nc2c1c(=O)n(Cc1cc3ccccc3cn1)c(=O)n2C,8.045757490560675,473.58100000000024,2.3869,1,6,0
17630264,CHEMBL3675632,IC50,=,9.0,nM,8.05,CHEMBL284,Dipeptidyl peptidase 4,CC#CCn1c(N2CCC[C@@H](N)C2)nc2c1C(=O)N(Cc1ccccc1C#N)C1=NCCN12,8.045757490560675,442.5270000000002,1.5375799999999993,1,7,0
8038730,CHEMBL1951601,IC50,=,9.0,nM,8.05,CHEMBL284,Dipeptidyl peptidase 4,CC(C)=CCn1c(N2CCC[C@H](N)C2)c(C#N)c2c1c(=O)n(Cc1cnc3ccccc3n1)c(=O)n2C,8.045757490560675,498.5910000000003,2.2585800000000003,1,7,0
2690365,CHEMBL563648,IC50,=,9.0,nM,8.05,CHEMBL284,Dipeptidyl peptidase 4,N[C@@H](CC(=O)N1CCC[C@H]1CNC(=O)C1CC1)Cc1cc(F)c(F)cc1F,8.045757490560675,383.414,1.8809999999999996,2,3,0
2008914,CHEMBL237288,IC50,=,9.0,nM,8.05,CHEMBL284,Dipeptidyl peptidase 4,CC#CCn1c(N2CCC[C@H](N)C2)nc2c1c(=O)n(CC(=O)c1ccccc1)c(=O)n2C,8.045757490560675,434.50000000000017,0.7304000000000006,1,6,0
1896377,CHEMBL390885,IC50,=,9.0,nM,8.05,CHEMBL284,Dipeptidyl peptidase 4,C[C@@H]1C(=O)N(C2CC2)CCCN1C(=O)C[C@H](N)Cc1cc(F)ccc1F,8.045757490560675,365.424,1.8365,1,3,0
17763459,CHEMBL3985360,IC50,=,9.0,nM,8.05,CHEMBL284,Dipeptidyl peptidase 4,CC#CCn1c(N2CCCC(N)C2)nc2c1c(=O)n(Cc1ccnc3ccccc13)c(=O)n2C,8.045757490560675,457.5380000000002,1.4440000000000002,1,6,0
3317308,CHEMBL1085269,IC50,=,9.0,nM,8.05,CHEMBL284,Dipeptidyl peptidase 4,CN(C)C(=O)N1C[C@H]2C[C@@H](NCC(=O)N3CCC[C@H]3C#N)C[C@H]2C1,8.045757490560675,333.4360000000001,0.4825800000000007,1,4,0
13394515,CHEMBL2408655,IC50,=,9.0,nM,8.05,CHEMBL284,Dipeptidyl peptidase 4,CC(C)=CCn1c(N2CCC3CNCC32)nc2c1c(=O)n(CC(=O)c1ccccc1)c(=O)n2C,8.045757490560675,462.55400000000026,1.5438999999999998,1,6,0
8038717,CHEMBL1951435,IC50,=,9.0,nM,8.05,CHEMBL284,Dipeptidyl peptidase 4,CC(C)=CCn1c(N2CCC[C@H](N)C2)c(C#N)c2ncn(C)c(=O)c21,8.045757490560675,340.4310000000001,1.5003799999999998,1,5,0
17762284,CHEMBL3896302,IC50,=,9.0,nM,8.05,CHEMBL284,Dipeptidyl peptidase 4,CS(=O)(=O)n1cc2c(n1)CN([C@@H]1C[C@H](N)[C@@H](c3cc(F)ccc3F)[C@H]3CC13)C2,8.045757490560675,408.4740000000001,1.8040999999999991,1,5,0
1944672,CHEMBL245059,IC50,=,9.1,nM,8.04,CHEMBL284,Dipeptidyl peptidase 4,N#C[C@@H]1CCCN1C(=O)[C@@H]1C[C@H](c2ccccc2O)CN1,8.040958607678906,285.34700000000004,1.3522799999999997,2,4,0
23297219,CHEMBL4858682,IC50,=,9.1,nM,8.04,CHEMBL284,Dipeptidyl peptidase 4,CC#CCn1c(N2CCC[C@@H](N)C2)cc(=O)n(Cc2cccc(C(=O)N[C@@H](C)C(=O)O)c2)c1=O,8.040958607678906,467.5260000000002,0.2120000000000021,3,6,0
23297212,CHEMBL4874467,IC50,=,9.1,nM,8.04,CHEMBL284,Dipeptidyl peptidase 4,CC#CCn1c(N2CCC[C@@H](N)C2)cc(=O)n(Cc2cccc(C(=O)NCC(=O)OC)c2)c1=O,8.040958607678906,467.52600000000024,-0.0880999999999976,2,7,0
13441702,CHEMBL2425891,IC50,=,9.1,nM,8.04,CHEMBL284,Dipeptidyl peptidase 4,CC#CCn1c(N2CCC[C@@H](N)C2)cc(=O)n(Cc2ccc3cc(C)ccc3n2)c1=O,8.040958607678906,417.51300000000015,1.8657199999999992,1,5,0
1855518,CHEMBL389848,IC50,=,9.1,nM,8.04,CHEMBL284,Dipeptidyl peptidase 4,CCCCN(Cc1ccc(C#N)cc1)[C@@H]1CN[C@H](C(=O)N2CCSC2)C1,8.040958607678906,372.5380000000002,2.42378,1,5,0
27811412,CHEMBL5944167,IC50,=,9.17,nM,8.04,CHEMBL284,Dipeptidyl peptidase 4,N#Cc1ccc2c3c(ccc2c1)O[C@H](c1cc(F)c(F)cc1F)[C@@H](N)C3,8.03763066432998,354.3310000000001,4.1322800000000015,1,3,0
6301115,CHEMBL3215634,IC50,=,9.2,nM,8.04,CHEMBL284,Dipeptidyl peptidase 4,Cc1ccc(-c2c(CN)c(CC(C)C)nc3ccc(-c4nn[nH]n4)cc23)cc1.Cl.Cl,8.036212172654444,445.3980000000001,4.891120000000005,2,5,0
23297203,CHEMBL4862579,IC50,=,9.2,nM,8.04,CHEMBL284,Dipeptidyl peptidase 4,CC#CCn1c(N2CCC[C@@H](N)C2)cc(=O)n(Cc2ccc(C(=O)OC)cc2)c1=O,8.036212172654444,410.47400000000016,0.795700000000001,1,6,0
3099280,CHEMBL590812,IC50,=,9.3,nM,8.03,CHEMBL284,Dipeptidyl peptidase 4,COc1cc2c(cc1OC)C1CC(N)C(N3CC(C)CC3=O)CN1CC2,8.031517051446064,359.4700000000002,1.5710000000000002,1,5,0
13421628,CHEMBL2418636,IC50,=,9.39,nM,8.03,CHEMBL284,Dipeptidyl peptidase 4,Cl.N#C[C@@H]1CCCN1C(=O)[C@@H](N)Cc1ccc(-c2cn(Cc3ccccc3)nn2)cc1,8.027334407733889,436.9470000000001,2.7995800000000006,1,5,0
17660167,CHEMBL3686741,IC50,=,9.5,nM,8.02,CHEMBL284,Dipeptidyl peptidase 4,O=C(CNCc1ccccc1)N1CCC[C@H]1B(O)O,8.022276394711152,262.118,-0.2208,3,4,0
25050687,CHEMBL5289984,IC50,=,9.56,nM,8.02,CHEMBL284,Dipeptidyl peptidase 4,CC#CCn1c(N2CCC[C@@H](N)C2)cc(=O)n(Cc2cn(C/C=C/C(=O)O)nn2)c1=O,8.0195421077239,427.46500000000015,-0.7585999999999968,2,7,0
1896371,CHEMBL230283,IC50,=,9.6,nM,8.02,CHEMBL284,Dipeptidyl peptidase 4,C[C@@H]1C(=O)N(C(C)(C)C)CCCN1C(=O)C[C@H](N)Cc1cc(F)c(F)cc1F,8.017728766960431,399.4570000000001,2.611700000000001,1,3,0
1855520,CHEMBL227737,IC50,=,9.6,nM,8.02,CHEMBL284,Dipeptidyl peptidase 4,CN(Cc1ccc(C#N)cc1)[C@@H]1CN[C@H](C(=O)N2CCSC2)C1,8.017728766960431,330.45700000000016,1.25348,1,5,0
1896368,CHEMBL230387,IC50,=,9.7,nM,8.01,CHEMBL284,Dipeptidyl peptidase 4,C[C@H]1CNC(=O)[C@@H](C)N(C(=O)C[C@H](N)Cc2cc(F)c(F)cc2F)C1,8.013228265733755,357.37600000000003,1.3468000000000004,2,3,0
1497826,CHEMBL191699,IC50,=,9.7,nM,8.01,CHEMBL284,Dipeptidyl peptidase 4,N#C[C@@H]1CCCN1C(=O)[C@@H]1C[C@H](N)CN1,8.013228265733755,208.265,-0.8098199999999987,2,4,0
12078495,CHEMBL2159194,IC50,=,9.9,nM,8.0,CHEMBL284,Dipeptidyl peptidase 4,CN1CCN(c2nc3c(c(-c4cc(F)ccc4Br)c2CN)c(=O)n(C)c(=O)n3C)CC1,8.00436480540245,491.3650000000003,1.4112999999999996,1,6,0
2995132,CHEMBL584494,IC50,=,10.0,nM,8.0,CHEMBL284,Dipeptidyl peptidase 4,N[C@@H](CC(=O)N1CCC[C@H]1c1nc(-c2ccccn2)no1)Cc1cc(F)c(F)cc1F,8.0,431.4180000000002,3.172500000000001,1,6,0
25050516,CHEMBL5266321,IC50,=,10.0,nM,8.0,CHEMBL284,Dipeptidyl peptidase 4,N#C[C@@H]1C[C@H](c2ccc3c(c2Br)OCO3)CN1C(=O)[C@@H](N)CF,8.0,384.2050000000001,1.68268,1,5,0
2712734,CHEMBL549992,IC50,=,10.0,nM,8.0,CHEMBL284,Dipeptidyl peptidase 4,N[C@@H](CC(=O)N1CCC[C@H]1COCC1CC1)Cc1cc(F)c(F)cc1F,8.0,370.415,2.7814000000000005,1,3,0
5192902,CHEMBL1650449,IC50,=,10.0,nM,8.0,CHEMBL284,Dipeptidyl peptidase 4,Cn1c(=O)cc(N2CCC[C@@](C)(N)C2)n(Cc2cc(F)ccc2C#N)c1=O,8.0,371.41600000000005,0.9236800000000004,1,5,0
19439513,CHEMBL4568895,IC50,=,10.0,nM,8.0,CHEMBL284,Dipeptidyl peptidase 4,CC#CCn1c(N2CCC[C@@H](N)C2)nc2c1C(=O)N(Cc1ccc(C#N)cc1)C1=NCCN12,8.0,442.5270000000002,1.5375799999999993,1,7,0
2053492,CHEMBL249407,IC50,=,10.0,nM,8.0,CHEMBL284,Dipeptidyl peptidase 4,N#C[C@@H]1CCCN1C(=O)[C@@H]1CN(Cc2ccc(-c3csnn3)cc2)C[C@@H]1N,8.0,382.4930000000001,1.4787799999999998,1,7,0
2053493,CHEMBL249406,IC50,=,10.0,nM,8.0,CHEMBL284,Dipeptidyl peptidase 4,Cn1cc(-c2ccc(CN3C[C@H](N)[C@H](C(=O)N4CCC[C@H]4C#N)C3)cc2)cn1,8.0,378.48000000000013,1.3607799999999997,1,5,0
5208669,CHEMBL3215607,IC50,=,10.0,nM,8.0,CHEMBL284,Dipeptidyl peptidase 4,Cc1ccc(-c2c(CC(=O)O)c(C)nc(CC(C)(C)C)c2CN)cc1.Cl.Cl,8.0,413.38900000000007,4.8834400000000056,2,3,0
5192943,CHEMBL1650409,IC50,=,10.0,nM,8.0,CHEMBL284,Dipeptidyl peptidase 4,Cc1nc(N2CCC[C@@H](N)C2)n(Cc2ccccc2C#N)c(=O)c1C,8.0,337.42700000000013,1.7076199999999992,1,5,0
3434573,CHEMBL1243372,IC50,=,10.0,nM,8.0,CHEMBL284,Dipeptidyl peptidase 4,N#C[C@@H]1CCCN1C(=O)[C@@H](N)CCCN1Cc2ccccc2C1=O,8.0,326.40000000000003,1.2644799999999994,1,4,0
15094976,CHEMBL3330073,IC50,=,10.0,nM,8.0,CHEMBL284,Dipeptidyl peptidase 4,N#C[C@@H]1C[C@@H]2CCC[C@@H]2N1C(=O)C[C@H](N)Cc1cc(F)c(F)cc1F,8.0,351.372,2.656980000000001,1,3,0
842722,CHEMBL3084820,IC50,=,10.0,nM,8.0,CHEMBL284,Dipeptidyl peptidase 4,N#C[C@@H]1CCCN1C(=O)CN[C@H]1CC[C@H](Nc2nc3ccccc3s2)CC1,8.0,383.5210000000002,3.123580000000002,2,6,0
13960745,CHEMBL3127992,IC50,=,10.0,nM,8.0,CHEMBL284,Dipeptidyl peptidase 4,N#C[C@@H]1C[C@H](F)CN1C(=O)[C@@H](N)Cc1cc2c(cc1Br)OCO2,8.0,384.2050000000001,1.5101800000000003,1,5,0
748476,CHEMBL36020,IC50,=,10.0,nM,8.0,CHEMBL284,Dipeptidyl peptidase 4,NCc1c(N)nc(-c2ccccc2)nc1-c1ccc(Cl)cc1Cl,8.0,345.23300000000006,4.158300000000002,2,4,0
1948903,CHEMBL232914,IC50,=,10.0,nM,8.0,CHEMBL284,Dipeptidyl peptidase 4,C[C@@H]1N[C@H](C(=O)N2CCC[C@H]2C#N)C[C@@H]1C(=O)N(C)C,8.0,278.35600000000005,-0.0442199999999992,1,4,0
2713692,CHEMBL376359,IC50,<,10.0,nM,,CHEMBL284,Dipeptidyl peptidase 4,Cn1c(=O)cc(N2CCC[C@@H](N)C2)n(Cc2ccccc2C#N)c1=O,8.0,339.39900000000006,0.3944800000000006,1,5,0
15065882,CHEMBL3329632,IC50,=,10.0,nM,8.0,CHEMBL284,Dipeptidyl peptidase 4,Cn1c(=O)n(Cc2ccccc2C#N)c2c(N3CCC[C@@H](N)C3)ncnc21,8.0,363.4250000000001,0.9774799999999992,1,6,0
5294402,CHEMBL1688431,IC50,=,10.0,nM,8.0,CHEMBL284,Dipeptidyl peptidase 4,Cc1nc(C(=O)NCC#N)cc(-c2ccc(Cl)cc2Cl)c1CN,8.0,349.22100000000006,3.0759000000000007,2,4,0
8038726,CHEMBL1951597,IC50,=,10.0,nM,8.0,CHEMBL284,Dipeptidyl peptidase 4,Cn1c(=O)c2c(c(C#N)c(N3CCC[C@H](N)C3)n2Cc2ccccc2)n(C)c1=O,8.0,392.46300000000014,0.8861799999999995,1,5,0
1970032,CHEMBL232571,IC50,=,10.0,nM,8.0,CHEMBL284,Dipeptidyl peptidase 4,CC(C)(C)NCC(=O)N1CCC[C@H]1C(=O)c1nnc(C2(C)CCCCC2)o1,8.0,376.50100000000026,2.8532,1,6,0
25050513,CHEMBL5269848,IC50,=,10.0,nM,8.0,CHEMBL284,Dipeptidyl peptidase 4,N#C[C@@H]1[C@@H]2CCC[C@@H]2CN1C(=O)[C@@H](N)Cc1cc(F)c(F)cc1F,8.0,337.345,2.1243800000000004,1,3,0
17630251,CHEMBL3675619,IC50,=,10.0,nM,8.0,CHEMBL284,Dipeptidyl peptidase 4,[C-]#[N+]c1ccc(CN2C(=O)c3c(nc(N4CCC[C@@H](N)C4)n3CC#CC)N3CCN=C23)cc1,8.0,442.5270000000002,2.21669,1,6,0
2606603,CHEMBL459806,IC50,<,10.0,nM,,CHEMBL284,Dipeptidyl peptidase 4,Cn1c(=O)cc(N2CCC[C@@H](N)C2)n(Cc2ccccc2C#N)c1=O.O=C(O)C(F)(F)F,8.0,453.4210000000001,1.0277799999999997,2,6,0
8038739,CHEMBL1951610,IC50,=,10.0,nM,8.0,CHEMBL284,Dipeptidyl peptidase 4,CC(C)=CCn1c(N2CCCNCC2)c(C#N)c2c1c(=O)n(Cc1cn3ccccc3n1)c(=O)n2C,8.0,486.58000000000027,1.8352799999999996,1,6,0
8037770,CHEMBL1951420,IC50,=,10.0,nM,8.0,CHEMBL284,Dipeptidyl peptidase 4,COc1cccc(C(=O)Cn2cnc3c(C#N)c(N4CCNCC4)n(CC=C(C)C)c3c2=O)c1,8.0,460.5380000000003,2.3369799999999996,1,7,0
2275015,CHEMBL493544,IC50,=,10.0,nM,8.0,CHEMBL284,Dipeptidyl peptidase 4,N#C[C@@H]1CCCN1C(=O)[C@@H](N)CCCC(=O)N1Cc2ccccc2C1,8.0,340.4270000000001,1.540979999999999,1,4,0
2275122,CHEMBL474211,IC50,=,10.0,nM,8.0,CHEMBL284,Dipeptidyl peptidase 4,N#C[C@@H]1CCCN1C(=O)[C@@H](N)CCC(=O)N1CCSC1.O=C(O)C(F)(F)F,8.0,410.41800000000006,0.7746799999999989,2,6,0
336424,CHEMBL3084953,IC50,=,10.0,nM,8.0,CHEMBL284,Dipeptidyl peptidase 4,N[C@H](C(=O)N1CCSC1)[C@H]1CC[C@H](NC(=O)Nc2ccc(I)cc2)CC1,8.0,488.3950000000001,2.8317000000000014,3,4,0
8038709,CHEMBL1951427,IC50,=,10.0,nM,8.0,CHEMBL284,Dipeptidyl peptidase 4,CC#CCn1c(N2CCC[C@H](N)C2)c(C#N)c2ncn(Cc3ccnc4ccccc34)c(=O)c21,8.0,451.5340000000002,2.61698,1,6,0
19099008,CHEMBL4441220,IC50,=,10.21,nM,7.99,CHEMBL284,Dipeptidyl peptidase 4,CC#CCn1c(N2CCC[C@@H](N)C2)nc2c1c(=O)n(Cc1cccc(F)c1C(=O)O)c(=O)n2C,7.99097425791309,468.4890000000002,0.733100000000001,2,6,0
11014700,CHEMBL2086611,IC50,=,10.3,nM,7.99,CHEMBL284,Dipeptidyl peptidase 4,N#Cc1ccc(C(=O)NCCC(=O)N2CCC[C@H]2C#N)cc1,7.987162775294828,296.3299999999999,1.19276,1,4,0
13421620,CHEMBL2417563,IC50,=,10.45,nM,7.98,CHEMBL284,Dipeptidyl peptidase 4,Cl.N#C[C@@H]1CCCN1C(=O)[C@@H](N)Cc1ccc(-c2cn(Cc3cccc(Cl)c3)nn2)cc1,7.980883709552927,471.39200000000017,3.452980000000002,1,5,0
1896374,CHEMBL395004,IC50,=,10.5,nM,7.98,CHEMBL284,Dipeptidyl peptidase 4,C[C@@H]1C(=O)N(CCOCc2ccccc2)CCCN1C(=O)C[C@H](N)Cc1cc(F)c(F)cc1F,7.978810700930062,477.5270000000002,3.03,1,4,0
16609230,CHEMBL3687978,IC50,=,10.6,nM,7.97,CHEMBL284,Dipeptidyl peptidase 4,CN1C(=O)Cn2c1nc1nc(N3CCC[C@@H](N)C3)n(Cc3ccccc3C#N)c1c2=O,7.97469413473523,418.4610000000002,0.4168800000000006,1,7,0
16763225,CHEMBL3932825,IC50,=,10.71,nM,7.97,CHEMBL284,Dipeptidyl peptidase 4,CS(=O)(=O)c1ccc2c3c(ccc2c1)O[C@H](c1cc(F)c(F)cc1F)[C@@H](N)C3,7.970210529168145,407.4130000000001,3.664100000000002,1,4,0
13441701,CHEMBL2425888,IC50,=,10.8,nM,7.97,CHEMBL284,Dipeptidyl peptidase 4,CC#CCn1c(N2CCC[C@@H](N)C2)cc(=O)n(Cc2ccc3cc(Br)ccc3n2)c1=O,7.966576244513051,482.3820000000001,2.3198,1,5,0
2023299,CHEMBL239983,IC50,=,10.8,nM,7.97,CHEMBL284,Dipeptidyl peptidase 4,O=C([C@@H]1C[C@H](N2CCN(c3ccccc3Cl)CC2)CN1)N1CCSC1,7.966576244513051,380.9450000000002,1.7253999999999996,1,5,0
15617506,CHEMBL3580775,IC50,=,10.8,nM,7.97,CHEMBL284,Dipeptidyl peptidase 4,N[C@@H](CC(=O)N1CCn2c(nnc2C(F)(F)F)C1)[C@H]1CCc2cc(F)c(F)cc21,7.966576244513051,415.3660000000002,2.3647,1,4,0
16763224,CHEMBL3959221,IC50,=,10.9,nM,7.96,CHEMBL284,Dipeptidyl peptidase 4,CS(=O)(=O)Nc1ccc2c3c(ccc2c1)O[C@H](c1cc(F)c(F)cc1F)[C@@H](N)C3,7.962573502059376,422.42800000000017,3.632100000000001,2,4,0
2023306,CHEMBL240601,IC50,=,10.9,nM,7.96,CHEMBL284,Dipeptidyl peptidase 4,O=C([C@@H]1C[C@H](N2CCN(c3ccccc3)CC2)CN1)N1CCSC1,7.962573502059376,346.5000000000001,1.072,1,5,0
149953,CHEMBL66032,IC50,=,11.0,nM,7.96,CHEMBL284,Dipeptidyl peptidase 4,CC[C@H](N)C(=O)N1CCC[C@H]1B(O)O,7.958607314841775,200.047,-1.2732999999999988,3,4,0
27811439,CHEMBL5882105,IC50,=,11.0,nM,7.96,CHEMBL284,Dipeptidyl peptidase 4,CS(=O)(=O)Nc1ccc2c3c(ccc2c1)OC(c1cc(F)c(F)cc1F)C(N)C3,7.958607314841775,422.42800000000017,3.632100000000001,2,4,0
2130853,CHEMBL438547,IC50,=,11.0,nM,7.96,CHEMBL284,Dipeptidyl peptidase 4,CCN(CC#N)C(=O)[C@@H]1C[C@H](C(=O)N2Cc3ccccc3C2)[C@H](C)N1,7.958607314841775,340.4270000000001,1.2674799999999995,1,4,0
2068813,CHEMBL536089,IC50,=,11.0,nM,7.96,CHEMBL284,Dipeptidyl peptidase 4,CC1c2nnc(C(F)(F)F)n2C(C)CN1C(=O)C[C@H](N)Cc1cc(F)c(F)cc1F.Cl,7.958607314841775,471.83300000000014,3.560300000000002,1,4,0
7962683,CHEMBL1929392,IC50,=,11.0,nM,7.96,CHEMBL284,Dipeptidyl peptidase 4,Cc1c(C(=O)NCC(C)(C)NCC(=O)N2CCC[C@H]2C#N)cnc2cc(-c3ccccc3)nn12.Cl,7.958607314841775,496.015,2.739100000000001,2,6,0
1855509,CHEMBL389244,IC50,=,11.0,nM,7.96,CHEMBL284,Dipeptidyl peptidase 4,O=C([C@@H]1C[C@H](N2CCc3ccccc32)CN1)N1CCSC1,7.958607314841775,303.4310000000001,1.3124999999999996,1,4,0
1948906,CHEMBL232716,IC50,=,11.0,nM,7.96,CHEMBL284,Dipeptidyl peptidase 4,N#C[C@@H]1CCCN1C(=O)[C@@H]1C[C@H](C(=O)N2CCCCCCC2)CN1,7.958607314841775,332.44800000000015,1.2717799999999997,1,4,0
2995137,CHEMBL584692,IC50,=,11.0,nM,7.96,CHEMBL284,Dipeptidyl peptidase 4,N[C@@H](CC(=O)N1CCC[C@H]1c1noc(C2(C(F)(F)F)CC2)n1)Cc1cc(F)c(F)cc1F,7.958607314841775,462.3940000000002,3.7044000000000024,1,5,0
2275167,CHEMBL474983,IC50,=,11.0,nM,7.96,CHEMBL284,Dipeptidyl peptidase 4,N#C[C@@H]1CCCN1C(=O)[C@@H](N)CCC(=O)NC1CCCC1.O=C(O)C(F)(F)F,7.958607314841775,406.40500000000014,1.3005799999999992,3,5,0
2045010,CHEMBL249945,IC50,=,11.0,nM,7.96,CHEMBL284,Dipeptidyl peptidase 4,N[C@@H](CC(=O)N1CCn2nc(C(F)(F)F)nc2[C@@H]1C(F)C1CC1)Cc1cc(F)c(F)cc1F,7.958607314841775,479.40000000000015,3.3057000000000016,1,4,0
2122457,CHEMBL261246,IC50,=,11.0,nM,7.96,CHEMBL284,Dipeptidyl peptidase 4,Cn1c(-c2cccnc2)nc2ccc(-c3ccccc3Cl)c(CN)c21,7.958607314841775,348.8370000000001,4.414400000000002,1,3,0
3101934,CHEMBL590557,IC50,=,11.0,nM,7.96,CHEMBL284,Dipeptidyl peptidase 4,COc1cc2c(cc1OC)[C@@H]1C[C@H](N)[C@@H](c3cc(C)ccn3)CN1CC2,7.958607314841775,353.4660000000001,2.821220000000001,1,5,0
13856306,CHEMBL3093918,IC50,=,11.0,nM,7.96,CHEMBL284,Dipeptidyl peptidase 4,N#C[C@@H]1CCCN1C(=O)[C@@H](N)Cc1ccc(F)cc1,7.958607314841775,261.3,1.2100799999999994,1,3,0
12044105,CHEMBL2147058,IC50,=,11.0,nM,7.96,CHEMBL284,Dipeptidyl peptidase 4,Cc1ccccc1Cn1c(N2CCC[C@@H](N)C2)nc2c3cc(C(=O)O)ccc3n(C)c(=O)c21.Cl,7.958607314841775,481.9840000000002,3.2924200000000012,2,5,0
13452879,CHEMBL2425068,IC50,=,11.0,nM,7.96,CHEMBL284,Dipeptidyl peptidase 4,Cc1nc2c(o1)CN([C@H]1CO[C@H](c3cc(F)ccc3F)[C@@H](N)C1)C2,7.958607314841775,335.3540000000001,2.4343200000000005,1,5,0
5294397,CHEMBL1688426,IC50,=,11.0,nM,7.96,CHEMBL284,Dipeptidyl peptidase 4,CNC(=O)c1cc(-c2ccc(Cl)cc2Cl)c(CN)c(C)n1,7.958607314841775,324.21100000000007,3.1821200000000003,2,3,0
6203118,CHEMBL1779712,IC50,=,11.0,nM,7.96,CHEMBL284,Dipeptidyl peptidase 4,CCN(CC)C[C@@H]1C(=O)NCCN1C(=O)C[C@H](N)Cc1cc(F)c(F)cc1F,7.958607314841775,400.4450000000001,1.0326000000000013,2,4,0
2252410,CHEMBL497993,IC50,=,11.0,nM,7.96,CHEMBL284,Dipeptidyl peptidase 4,N[C@H]1CCN(P(N)(N)=O)C1=O,7.958607314841775,178.13199999999998,-1.4284999999999997,3,3,0
17630263,CHEMBL3675631,IC50,=,11.0,nM,7.96,CHEMBL284,Dipeptidyl peptidase 4,CC#CCn1c(N2CCC[C@@H](N)C2)nc2c1C(=O)N(Cc1nccc(C#N)n1)C1=NCCN12,7.958607314841775,444.5030000000002,0.3275800000000011,1,9,0
1896356,CHEMBL230602,IC50,=,11.0,nM,7.96,CHEMBL284,Dipeptidyl peptidase 4,C[C@@H]1CCN(C(=O)C[C@H](N)Cc2cc(F)c(F)cc2F)[C@H](Cc2ccccn2)C(=O)N1,7.958607314841775,434.4620000000001,2.1071000000000004,2,4,0
1987822,CHEMBL238190,IC50,=,11.0,nM,7.96,CHEMBL284,Dipeptidyl peptidase 4,CN(C)C(=O)[C@@H]([C@H]1CC[C@H](c2ccc(F)cc2)CC1)[C@H](N)C(=O)N1CCC(F)(F)C1,7.958607314841775,425.49500000000023,2.998800000000001,1,3,0
19439512,CHEMBL4516443,IC50,=,11.2,nM,7.95,CHEMBL284,Dipeptidyl peptidase 4,CC#CCn1c(N2CCC[C@@H](N)C2)nc2c1C(=O)N(Cc1cccc(C#N)c1)C1=NCCN12,7.950781977329818,442.5270000000002,1.5375799999999993,1,7,0
16609225,CHEMBL3687983,IC50,=,11.2,nM,7.95,CHEMBL284,Dipeptidyl peptidase 4,CCN1C(=O)Cn2c1nc1nc(N3CCC[C@@H](N)C3)n(Cc3cc(F)ccc3C(F)(F)F)c1c2=O,7.950781977329818,493.4650000000002,2.0932,1,6,0
12718722,CHEMBL2347035,IC50,=,11.4,nM,7.94,CHEMBL284,Dipeptidyl peptidase 4,CC#CCn1c(N2CCC[C@@H](N)C2)nc2ccn(Cc3ccc4ccc(Cl)cc4n3)c2c1=O,7.943095148663527,460.9690000000003,3.3987000000000016,1,5,0
1896352,CHEMBL427257,IC50,=,11.5,nM,7.94,CHEMBL284,Dipeptidyl peptidase 4,CC1C(=O)NCCCN1C(=O)C[C@H](N)Cc1cc(F)ccc1F,7.939302159646388,325.359,0.9617000000000006,2,3,0
1896376,CHEMBL231011,IC50,=,11.5,nM,7.94,CHEMBL284,Dipeptidyl peptidase 4,C[C@@H]1C(=O)N(C)CCCN1C(=O)C[C@H](N)Cc1cc(F)c(F)cc1F,7.939302159646388,357.376,1.4429999999999996,1,3,0
1896379,CHEMBL390884,IC50,=,11.6,nM,7.94,CHEMBL284,Dipeptidyl peptidase 4,COC(=O)CN1CCCN(C(=O)C[C@H](N)Cc2cc(F)ccc2F)[C@H](C)C1=O,7.935542010773082,397.4220000000001,0.8471000000000003,1,5,0
11014704,CHEMBL2086615,IC50,=,11.6,nM,7.94,CHEMBL284,Dipeptidyl peptidase 4,N#Cc1ccc(C(=O)Nc2ccc(C(=O)N3CCC[C@H]3C#N)cc2)cc1,7.935542010773082,344.37399999999997,2.938760000000001,1,4,0
20653417,CHEMBL4636223,IC50,=,11.7,nM,7.93,CHEMBL284,Dipeptidyl peptidase 4,N[C@H]1C[C@@H](N2Cc3cn(S(=O)(=O)C4CC4)nc3C2)[C@@H](C(F)(F)F)O[C@@H]1c1cc(F)ccc1F,7.931814138253839,492.4700000000001,2.605600000000001,1,6,0
2252409,CHEMBL507254,IC50,=,12.0,nM,7.92,CHEMBL284,Dipeptidyl peptidase 4,N#CC1CCCN1C(=O)C(N)C1CCCCC1,7.920818753952375,235.33099999999996,1.408579999999999,1,3,0
1905805,CHEMBL389538,IC50,=,12.0,nM,7.92,CHEMBL284,Dipeptidyl peptidase 4,N[C@H]1CN(c2cnc3ccccc3n2)CC[C@@H]1c1cc(F)c(F)cc1F.O=C(O)C(F)(F)F,7.920818753952375,472.38900000000007,4.0016000000000025,2,5,0
2190152,CHEMBL512890,IC50,=,12.0,nM,7.92,CHEMBL284,Dipeptidyl peptidase 4,CC(C)(NCC(=O)N1C[C@@H](F)C[C@H]1C#N)c1cccs1,7.920818753952375,295.383,2.03538,1,4,0
6203111,CHEMBL1779705,IC50,=,12.0,nM,7.92,CHEMBL284,Dipeptidyl peptidase 4,N[C@@H](CC(=O)N1CCNC(=O)[C@H]1CO)Cc1cc(F)c(F)cc1F,7.920818753952375,345.321,-0.3168999999999999,3,4,0
1987768,CHEMBL392524,IC50,=,12.0,nM,7.92,CHEMBL284,Dipeptidyl peptidase 4,C[C@@H](C1CCC(c2ccc(F)cc2)CC1)[C@H](N)C(=O)N1CC[C@](C)(F)C1,7.920818753952375,364.48000000000013,4.023400000000002,1,2,0
2690364,CHEMBL561120,IC50,=,12.0,nM,7.92,CHEMBL284,Dipeptidyl peptidase 4,N[C@@H](CC(=O)N1CCC[C@H]1CNC(=O)C1CC1)Cc1cccc(Cl)c1,7.920818753952375,363.889,2.1171,2,3,0
1987758,CHEMBL237119,IC50,=,12.0,nM,7.92,CHEMBL284,Dipeptidyl peptidase 4,CN(C)C(=O)[C@@H](c1ccc(-c2ccc(F)cc2)cc1)[C@H](N)C(=O)N1CC[C@H](F)C1,7.920818753952375,401.45700000000016,2.5622000000000007,1,3,0
3302951,CHEMBL1083589,IC50,=,12.0,nM,7.92,CHEMBL284,Dipeptidyl peptidase 4,Cl.N#C[C@@H]1CCCN1C(=O)CN[C@H]1C[C@H]2C[C@@H](O)C[C@H]2C1,7.920818753952375,313.82900000000006,1.0618799999999995,2,4,0
2045013,CHEMBL400722,IC50,=,12.0,nM,7.92,CHEMBL284,Dipeptidyl peptidase 4,NC(CC(=O)N1CCn2nc(C(F)(F)F)nc2[C@@H]1C(O)C1CC1)Cc1cc(F)c(F)cc1F,7.920818753952375,477.40900000000016,2.3285,2,5,0
17763485,CHEMBL3957200,IC50,=,12.0,nM,7.92,CHEMBL284,Dipeptidyl peptidase 4,CC#CCn1c(N2CCC[C@@H](N)C2)nc2c1c(=O)n(Cc1ccc(F)c3ccccc13)c(=O)n2C,7.920818753952375,474.5400000000002,2.1881000000000004,1,5,0
25636106,CHEMBL4297435,IC50,=,12.0,nM,7.92,CHEMBL284,Dipeptidyl peptidase 4,COC(=O)c1nc(C(F)(F)F)n2c1CN(C(=O)C[C@H](N)Cc1cc(F)c(F)cc1F)CC2,7.920818753952375,464.3660000000002,2.4081,1,5,0
12588808,CHEMBL1185242,IC50,=,12.0,nM,7.92,CHEMBL284,Dipeptidyl peptidase 4,CS(=O)(=O)c1ccc(-c2noc([C@@H](CC3CC3)[C@H](N)C(F)=C3CCCC3)n2)c(Cl)c1,7.920818753952375,453.9670000000002,4.802100000000004,1,6,0
5240820,CHEMBL1683562,IC50,=,12.0,nM,7.92,CHEMBL284,Dipeptidyl peptidase 4,N[C@H]1CN(c2cc(N3CCc4nocc4C3)ncn2)C[C@@H]1N1CCCCC1=O,7.920818753952375,383.45600000000024,0.5556999999999988,1,8,0
5192934,CHEMBL1650418,IC50,=,12.0,nM,7.92,CHEMBL284,Dipeptidyl peptidase 4,N#Cc1ccccc1Cn1c(N2CCC[C@@H](N)C2)ncc(-c2ccoc2)c1=O,7.920818753952375,375.4320000000001,2.3507800000000003,1,6,0
2258962,CHEMBL512709,IC50,=,12.0,nM,7.92,CHEMBL284,Dipeptidyl peptidase 4,COc1ccc2nc(C3(NC(=O)C[C@H](N)Cc4ccccc4F)CCS(=O)(=O)CC3)sc2c1,7.920818753952375,491.61000000000024,2.9242000000000017,2,7,0
12034808,CHEMBL2147715,IC50,=,12.0,nM,7.92,CHEMBL284,Dipeptidyl peptidase 4,Cc1cc(N2CCN([C@@H]3CN[C@H](C(=O)N4CCSC4)C3)CC2)n(-c2ccc(C#N)cc2)n1,7.920818753952375,451.60000000000025,1.4378000000000004,1,7,0
20680799,CHEMBL4638352,IC50,=,12.0,nM,7.92,CHEMBL284,Dipeptidyl peptidase 4,N#C[C@@H]1CCCN1C(=O)CN(C(=O)CCCCCl)C12CC3CC(CC(O)(C3)C1)C2,7.920818753952375,421.9690000000003,2.8223800000000008,1,4,0
2275043,CHEMBL475863,IC50,=,12.0,nM,7.92,CHEMBL284,Dipeptidyl peptidase 4,CC(C)(CC(=O)N1Cc2ccccc2C1)[C@H](N)C(=O)N1CCC[C@H]1C#N.O=C(O)C(F)(F)F,7.920818753952375,468.4760000000002,2.4202799999999995,2,5,0
25050528,CHEMBL5274894,IC50,=,12.0,nM,7.92,CHEMBL284,Dipeptidyl peptidase 4,N#C[C@@H]1CCCN1C(=O)CNC1C[C@H]2CC(O)C[C@H]2C1,7.920818753952375,277.36800000000005,0.6400799999999991,2,4,0
2068814,CHEMBL536311,IC50,=,12.0,nM,7.92,CHEMBL284,Dipeptidyl peptidase 4,C[C@@H]1c2nnc(C(F)(F)F)n2[C@H](C)CN1C(=O)C[C@H](N)Cc1cc(F)c(F)cc1F.Cl,7.920818753952375,471.83300000000014,3.560300000000002,1,4,0
5131375,CHEMBL3217159,IC50,=,12.0,nM,7.92,CHEMBL284,Dipeptidyl peptidase 4,Cc1ccc(-c2c(CC(=O)N3CCC[C@@H]3C(N)=O)c(C)nc(CC(C)C)c2CN)cc1.Cl.Cl,7.920818753952375,495.4950000000002,3.885040000000003,2,4,0
2712721,CHEMBL564283,IC50,=,12.0,nM,7.92,CHEMBL284,Dipeptidyl peptidase 4,N[C@@H](CC(=O)N1CCC[C@H]1CNS(=O)(=O)C(F)(F)F)Cc1cc(F)c(F)cc1F,7.920818753952375,447.4010000000001,1.7939999999999996,2,4,0
17763452,CHEMBL3904065,IC50,=,12.0,nM,7.92,CHEMBL284,Dipeptidyl peptidase 4,CC(C)=CCn1c(N2CCCC(N)C2)nc2c1c(=O)n(Cc1ccc3ccccc3n1)c(=O)n2C,7.920818753952375,473.58100000000024,2.3869000000000007,1,6,0
3603853,CHEMBL1288288,IC50,=,12.0,nM,7.92,CHEMBL284,Dipeptidyl peptidase 4,CCn1c(=O)n(C)c(=O)c2c1cc(N1CCC[C@@](C)(N)C1)n2Cc1cc(F)ccc1C#N.Cl,7.920818753952375,474.9680000000002,2.3200800000000004,1,5,0
1603629,CHEMBL427012,IC50,=,12.0,nM,7.92,CHEMBL284,Dipeptidyl peptidase 4,O=C(CNC1C2CC3CC(C2)CC1C3)N1CCC[C@@H]1B(O)O,7.920818753952375,306.2149999999999,0.4037,3,4,0
5192912,CHEMBL1650439,IC50,=,12.0,nM,7.92,CHEMBL284,Dipeptidyl peptidase 4,Cn1c(=O)cc(N2CCC[C@@H](N)C2)n(Cc2ccccc2Br)c1=O,7.920818753952375,393.285,1.2853000000000003,1,4,0
2023302,CHEMBL397893,IC50,=,12.2,nM,7.91,CHEMBL284,Dipeptidyl peptidase 4,O=C([C@@H]1C[C@H](N2CCN(c3ccc(F)cc3)CC2)CN1)N1CCSC1,7.913640169325252,364.4900000000002,1.2111,1,5,0
25050686,CHEMBL5283810,IC50,=,12.45,nM,7.91,CHEMBL284,Dipeptidyl peptidase 4,CC#CCn1c(N2CCC[C@@H](N)C2)cc(=O)n(Cc2cn(CCC(=O)O)nn2)c1=O,7.904830648568245,415.4540000000002,-0.9246999999999967,2,7,0
503777,CHEMBL88953,IC50,=,12.8,ug.mL-1,,CHEMBL284,Dipeptidyl peptidase 4,CCc1cccc(CC)c1N1C(=O)c2ccc(O)cc2C1=O,7.892790030352131,295.338,3.3176000000000014,1,3,0
509849,CHEMBL153096,IC50,=,12.8,ug.mL-1,,CHEMBL284,Dipeptidyl peptidase 4,CCc1cccc(CC)c1N1C(=O)c2cccc(O)c2C1=O,7.892790030352131,295.338,3.3176000000000028,1,3,0
2515605,CHEMBL515387,IC50,=,12.9,nM,7.89,CHEMBL284,Dipeptidyl peptidase 4,O=C([C@@H]1C[C@H](N2CCN(c3ncccn3)CC2)CN1)N1CCC(F)(F)C1,7.889410289700751,366.4160000000001,0.1967000000000005,1,6,0
17632185,CHEMBL3697945,IC50,=,12.9,nM,7.89,CHEMBL284,Dipeptidyl peptidase 4,N[C@H]1C[C@@H](N2Cc3cn[nH]c3C2)CN(Cc2cnccn2)C1c1cc(F)ccc1F,7.889410289700751,411.46,2.1365999999999996,2,6,0
1520024,CHEMBL381665,IC50,=,13.0,nM,7.89,CHEMBL284,Dipeptidyl peptidase 4,N[C@@H](CC(=O)N1CCc2sc(-c3ccc(C(F)(F)F)cc3)nc2C1)Cc1cc(F)ccc1F,7.886056647693163,481.4900000000002,4.951900000000003,1,4,0
1905802,CHEMBL231196,IC50,=,13.0,nM,7.89,CHEMBL284,Dipeptidyl peptidase 4,N[C@H]1CN(c2cnc3nccnc3n2)CC[C@@H]1c1cc(F)c(F)cc1F.O=C(O)C(F)(F)F,7.886056647693163,474.36500000000007,2.7916000000000007,2,7,0
18164902,CHEMBL4081741,IC50,=,13.0,nM,7.89,CHEMBL284,Dipeptidyl peptidase 4,Cc1ccc(-c2c(CN)c(CC(C)C)nc3ccc(OCCCCC(N)=O)cc23)cc1,7.886056647693163,419.5690000000003,4.901820000000004,2,4,0
5240830,CHEMBL1683572,IC50,=,13.0,nM,7.89,CHEMBL284,Dipeptidyl peptidase 4,Cc1nc(N2C[C@H](N)[C@@H](N3CC(F)(F)CCC3=O)C2)cc(N2CCC(F)(F)C2)n1,7.886056647693163,416.4230000000002,1.4040199999999992,1,6,0
1962327,CHEMBL400624,IC50,=,13.0,nM,7.89,CHEMBL284,Dipeptidyl peptidase 4,COc1cc2c(cc1OC)[C@@H]1CC(N)[C@@H](c3cccc(C)c3)CN1CC2,7.886056647693163,352.4780000000002,3.4262200000000025,1,4,0
2258961,CHEMBL472027,IC50,=,13.0,nM,7.89,CHEMBL284,Dipeptidyl peptidase 4,N[C@@H](CC(=O)NC1(c2nc3ccccc3s2)CCS(=O)(=O)CC1)Cc1cc(F)c(F)cc1F,7.886056647693163,497.5640000000003,3.1938000000000013,2,6,0
1861958,CHEMBL390529,IC50,=,13.0,nM,7.89,CHEMBL284,Dipeptidyl peptidase 4,N#Cc1ccccc1Cn1c(N2CCC[C@@H](N)C2)nc2c(Cl)cc(Cl)cc2c1=O,7.886056647693163,428.3230000000001,3.5507800000000014,1,5,0
5240815,CHEMBL1683557,IC50,=,13.0,nM,7.89,CHEMBL284,Dipeptidyl peptidase 4,N[C@H]1CN(c2cc(-c3cc(F)cc(F)c3F)ncn2)C[C@@H]1c1ccccc1,7.886056647693163,370.378,3.4920000000000027,1,4,0
2171486,CHEMBL401709,IC50,=,13.0,nM,7.89,CHEMBL284,Dipeptidyl peptidase 4,CC#CCn1c(N2CCCC(N)C2)nc2cnn(Cc3cccc4ccccc34)c(=O)c21,7.886056647693163,426.5240000000002,2.7453000000000003,1,5,0
23297226,CHEMBL4873862,IC50,=,13.0,nM,7.89,CHEMBL284,Dipeptidyl peptidase 4,CC#CCn1c(N2CCC[C@@H](N)C2)cc(=O)n(Cc2cc(C(=O)O)ccc2Br)c1=O,7.886056647693163,475.3430000000002,1.4698,2,5,0
5192939,CHEMBL1650413,IC50,=,13.0,nM,7.89,CHEMBL284,Dipeptidyl peptidase 4,N#Cc1ccccc1Cn1c(N2CCC[C@@H](N)C2)nc2c(c1=O)CCCC2,7.886056647693163,363.4650000000002,1.9695799999999992,1,5,0
570043,CHEMBL169204,IC50,=,13.0,nM,7.89,CHEMBL284,Dipeptidyl peptidase 4,CS(=O)(=O)c1ccc(S(=O)(=O)N[C@@H]2CC[C@@H]([C@H](N)C(=O)N3CCCC3)C2)cc1,7.886056647693163,429.5640000000003,0.4868000000000012,2,6,0
1948901,CHEMBL232919,IC50,=,13.0,nM,7.89,CHEMBL284,Dipeptidyl peptidase 4,C[C@@H]1N[C@H](C(=O)N2CCC[C@H]2C#N)C[C@@H]1C(=O)N1CCC1,7.886056647693163,290.36700000000013,0.0998800000000004,1,4,0
2275063,CHEMBL514317,IC50,=,13.0,nM,7.89,CHEMBL284,Dipeptidyl peptidase 4,C[C@@H]1CCCN1C(=O)CC(C)(C)[C@H](N)C(=O)N1CCC[C@H]1C#N.O=C(O)C(F)(F)F,7.886056647693163,434.4590000000001,1.8887800000000008,2,5,0
1948899,CHEMBL232920,IC50,=,13.0,nM,7.89,CHEMBL284,Dipeptidyl peptidase 4,C[C@@H]1N[C@H](C(=O)N2CCC[C@H]2C#N)C[C@@H]1C(=O)N1CCCCC1,7.886056647693163,318.4210000000002,0.88008,1,4,0
2515617,CHEMBL474421,IC50,=,13.0,nM,7.89,CHEMBL284,Dipeptidyl peptidase 4,O=C([C@@H]1C[C@H](N2CCN(c3ncccn3)CC2)CN1)N1C[C@@H](F)[C@@H](F)C1,7.886056647693163,366.41600000000005,-0.1524999999999985,1,6,0
7962679,CHEMBL1929388,IC50,=,13.0,nM,7.89,CHEMBL284,Dipeptidyl peptidase 4,Cc1cc2ncc(C(=O)NCC(C)(C)NCC(=O)N3CCC[C@H]3C#N)c(C)n2n1.Cl,7.886056647693163,433.9440000000002,1.3805199999999995,2,6,0
15065877,CHEMBL3329627,IC50,=,13.0,nM,7.89,CHEMBL284,Dipeptidyl peptidase 4,Cn1c(=O)n(Cc2ccccc2C#N)c2c(N3CCC[C@@H](N)C3)ccnc21,7.886056647693163,362.4370000000001,1.582479999999999,1,5,0
1861947,CHEMBL227954,IC50,=,13.0,nM,7.89,CHEMBL284,Dipeptidyl peptidase 4,N#Cc1ccccc1Cn1c(N2CCC[C@@H](N)C2)nc2ccccc2c1=O,7.886056647693163,359.43300000000005,2.2439799999999996,1,5,0
843897,CHEMBL96892,IC50,=,13.0,nM,7.89,CHEMBL284,Dipeptidyl peptidase 4,N#C[C@@H]1CCCN1C(=O)CNC1[C@H]2C[C@@H]3C[C@@H](C[C@H]1C3)C2,7.886056647693163,287.4070000000001,1.9152799999999992,1,3,0
17763473,CHEMBL3912809,IC50,=,13.0,nM,7.89,CHEMBL284,Dipeptidyl peptidase 4,CC#CCn1c(N2CCC[C@H](N)C2)nc2c1c(=O)n(Cc1ccc(OC)c3ccccc13)c(=O)n2C,7.886056647693163,486.57600000000025,2.0576,1,6,0
3317319,CHEMBL1083588,IC50,=,13.0,nM,7.89,CHEMBL284,Dipeptidyl peptidase 4,CN(C)C(=O)N1C[C@@H]2C[C@@](C)(NCC(=O)N3CCC[C@H]3C#N)C[C@@H]2C1,7.886056647693163,347.46300000000014,0.8726800000000003,1,4,0
3317318,CHEMBL1083287,IC50,=,13.0,nM,7.89,CHEMBL284,Dipeptidyl peptidase 4,CN(C)C(=O)N1C[C@@H]2C[C@](C)(NCC(=O)N3CCC[C@H]3C#N)C[C@@H]2C1,7.886056647693163,347.46300000000014,0.8726800000000003,1,4,0
2706902,CHEMBL563383,IC50,=,13.0,nM,7.89,CHEMBL284,Dipeptidyl peptidase 4,N[C@H]1Cn2c(nc3cc(C(=O)O)ccc32)C[C@@H]1c1cc(F)c(F)cc1F.O=C(O)C(F)(F)F,7.886056647693163,475.3450000000001,3.452300000000001,3,4,0
3099281,CHEMBL601074,IC50,=,13.0,nM,7.89,CHEMBL284,Dipeptidyl peptidase 4,CCC1CC(=O)N(C2CN3CCc4cc(OC)c(OC)cc4C3CC2N)C1,7.886056647693163,373.4970000000001,1.9611,1,5,0
3099284,CHEMBL591290,IC50,=,13.0,nM,7.89,CHEMBL284,Dipeptidyl peptidase 4,COc1cc2c(cc1OC)[C@@H]1C[C@H](N)[C@@H](N3C[C@@H](C)CC3=O)CN1CC2,7.886056647693163,359.4700000000002,1.5710000000000002,1,5,0
2191781,CHEMBL487862,IC50,=,13.0,nM,7.89,CHEMBL284,Dipeptidyl peptidase 4,CC(C)(CNC(=O)C1(C)CCCCC1)NCC(=O)N1C[C@@H](F)C[C@H]1C#N,7.886056647693163,366.481,1.90378,2,4,0
2190145,CHEMBL1203962,IC50,=,13.0,nM,7.89,CHEMBL284,Dipeptidyl peptidase 4,COCC(C)(C)NCC(=O)N1C[C@@H](F)C[C@H]1C#N.Cl,7.886056647693163,293.7699999999999,0.8853800000000005,1,4,0
11014701,CHEMBL2086612,IC50,=,13.2,nM,7.88,CHEMBL284,Dipeptidyl peptidase 4,N#C[C@@H]1CCCN1C(=O)CCNC(=O)c1ccc(C(F)(F)F)cc1,7.87942606879415,339.317,2.33988,1,3,0
2023303,CHEMBL238506,IC50,=,13.5,nM,7.87,CHEMBL284,Dipeptidyl peptidase 4,COc1ccc(N2CCN([C@@H]3CN[C@H](C(=O)N4CCSC4)C3)CC2)cc1,7.8696662315049934,376.52600000000024,1.0806000000000004,1,6,0
16609226,CHEMBL3813856,IC50,=,13.5,nM,7.87,CHEMBL284,Dipeptidyl peptidase 4,CCN1C(=O)Cn2c1nc1nc(N3CCC[C@@H](N)C3)n(Cc3cc(F)ccc3C#N)c1c2=O,7.8696662315049934,450.47800000000024,0.9460799999999996,1,7,0
1855516,CHEMBL389624,IC50,=,13.6,nM,7.87,CHEMBL284,Dipeptidyl peptidase 4,CCOC(=O)CN(Cc1ccc(C#N)cc1)[C@@H]1CN[C@H](C(=O)N2CCSC2)C1,7.866461091629782,402.5200000000002,1.1867799999999995,1,7,0
6203101,CHEMBL1779695,IC50,=,13.7,nM,7.86,CHEMBL284,Dipeptidyl peptidase 4,N[C@@H](CC(=O)N1CCN(Cc2ccccc2[N+](=O)[O-])C(=O)C1)Cc1cc(F)c(F)cc1F,7.863279432843593,450.41700000000026,2.1430000000000007,1,5,0
10869445,CHEMBL2022464,IC50,=,13.78,nM,7.86,CHEMBL284,Dipeptidyl peptidase 4,Cc1cc2c(=O)n(Cc3ccccc3C#N)c(N3CCC[C@@H](N)C3)nc2[nH]1,7.860750782428393,362.4370000000002,1.8805,2,5,0
1855515,CHEMBL228243,IC50,=,13.9,nM,7.86,CHEMBL284,Dipeptidyl peptidase 4,N#Cc1ccc(CN(CC(N)=O)[C@@H]2CN[C@H](C(=O)N3CCSC3)C2)cc1,7.856985199745905,373.4820000000002,0.1089800000000011,2,6,0
2023308,CHEMBL241674,IC50,=,13.9,nM,7.86,CHEMBL284,Dipeptidyl peptidase 4,O=C([C@@H]1C[C@H](N2CCOCC2)CN1)N1CCSC1,7.856985199745905,271.386,-0.4179999999999984,1,5,0
2275058,CHEMBL475870,IC50,=,14.0,nM,7.85,CHEMBL284,Dipeptidyl peptidase 4,COC[C@@H]1CCCN1C(=O)CC(C)(C)[C@H](N)C(=O)N1CCC[C@H]1C#N.O=C(O)C(F)(F)F,7.853871964321762,464.4850000000002,1.5152800000000008,2,6,0
1792475,CHEMBL217016,IC50,=,14.0,nM,7.85,CHEMBL284,Dipeptidyl peptidase 4,C[C@@H]1C(=O)NCCCN1C(=O)C[C@H](N)Cc1cc(F)ccc1F,7.853871964321762,325.359,0.9617000000000006,2,3,0
846341,CHEMBL3084821,IC50,=,14.0,nM,7.85,CHEMBL284,Dipeptidyl peptidase 4,N#C[C@@H]1CCCN1C(=O)CN[C@H]1CC[C@H](Oc2ccc(Cl)cc2)CC1,7.853871964321762,361.87300000000016,3.1341800000000015,1,4,0
5192949,CHEMBL1650403,IC50,=,14.0,nM,7.85,CHEMBL284,Dipeptidyl peptidase 4,N#Cc1ccccc1Cn1c(N2CCC[C@@H](N)C2)nccc1=O,7.853871964321762,309.373,1.09078,1,5,0
2090790,CHEMBL269952,IC50,=,14.0,nM,7.85,CHEMBL284,Dipeptidyl peptidase 4,Cc1nsc(N2CCN(C(=O)[C@H]3C[C@@H](C(=O)N4CCSC4)N[C@H]3C)CC2)n1,7.853871964321762,410.56900000000024,0.3946200000000011,1,8,0
18662284,CHEMBL4250492,IC50,=,14.0,nM,7.85,CHEMBL284,Dipeptidyl peptidase 4,N[C@@H](CCn1cc(-c2ccncc2)nn1)Cc1cc(F)c(F)cc1F,7.853871964321762,347.34400000000005,2.7175,1,4,0
2045012,CHEMBL404210,IC50,=,14.0,nM,7.85,CHEMBL284,Dipeptidyl peptidase 4,N[C@@H](CC(=O)N1CCn2nc(C(F)(F)F)nc2[C@@H]1C(O)C1CC1)Cc1cc(F)c(F)cc1F,7.853871964321762,477.40900000000016,2.3285,2,5,0
2706907,CHEMBL552479,IC50,=,14.0,nM,7.85,CHEMBL284,Dipeptidyl peptidase 4,N[C@H]1Cn2c(nc3cc(C(F)(F)F)ccc32)C[C@@H]1c1cc(F)c(F)cc1F.O=C(O)C(F)(F)F,7.853871964321762,499.3330000000001,4.772900000000002,2,3,0
17657793,CHEMBL3650437,IC50,=,14.0,nM,7.85,CHEMBL284,Dipeptidyl peptidase 4,Cn1c2nc(C#N)cc-2c(N2CCC[C@@H](N)C2)n(Cc2cc(F)ccc2C#N)c1=O,7.853871964321762,405.4370000000001,1.5448599999999997,1,6,0
1905813,CHEMBL230883,IC50,=,14.0,nM,7.85,CHEMBL284,Dipeptidyl peptidase 4,N#Cc1ccc(N2CC[C@H](c3cc(F)c(F)cc3F)[C@@H](N)C2)nc1.O=C(O)C(F)(F)F,7.853871964321762,446.3510000000001,3.3250800000000007,2,5,0
16269984,CHEMBL3644790,IC50,=,14.0,nM,7.85,CHEMBL284,Dipeptidyl peptidase 4,COCCc1nc2c(c(C(F)(F)F)n1)CCN(C(=O)C[C@H](N)CN1C(=O)CCC(F)(F)[C@@H]1O)C2,7.853871964321762,495.4490000000003,0.8625,2,7,0
2690362,CHEMBL564043,IC50,=,14.0,nM,7.85,CHEMBL284,Dipeptidyl peptidase 4,CS(=O)(=O)c1ccccc1C(=O)NC[C@@H]1CCCN1C(=O)C[C@H](N)Cc1cccc(Cl)c1,7.853871964321762,478.01400000000024,2.424400000000001,2,5,0
3317316,CHEMBL1083032,IC50,=,14.0,nM,7.85,CHEMBL284,Dipeptidyl peptidase 4,N#C[C@@H]1CCCN1C(=O)CN[C@@H]1C[C@@H]2CN(C(=O)CO)C[C@@H]2C1,7.853871964321762,320.39300000000014,-0.6801199999999985,2,5,0
5192910,CHEMBL1650441,IC50,=,14.0,nM,7.85,CHEMBL284,Dipeptidyl peptidase 4,Cn1c(=O)cc(N2CCC[C@@H](N)C2)n(Cc2cc(F)ccc2Cl)c1=O,7.853871964321762,366.824,1.3153,1,4,0
2068823,CHEMBL2021529,IC50,=,14.0,nM,7.85,CHEMBL284,Dipeptidyl peptidase 4,C[C@@H]1CN(C(=O)C[C@H](N)Cc2cc(F)c(F)cc2F)Cc2ccc(C(F)(F)F)n21.Cl,7.853871964321762,455.8300000000001,4.209300000000003,1,2,0
25050526,CHEMBL5266987,IC50,=,14.0,nM,7.85,CHEMBL284,Dipeptidyl peptidase 4,CO[C@@H]1CCCN1C(=O)CC(C)(C)[C@H](N)C(=O)N1CCC[C@H]1C#N.O=C(O)C(F)(F)F,7.853871964321762,450.4580000000002,1.4727800000000004,2,6,0
2171472,CHEMBL256729,IC50,=,14.0,nM,7.85,CHEMBL284,Dipeptidyl peptidase 4,CC#CCn1c(N2CCCC(N)C2)nc2cnn(CC3=Nc4ccccc4Oc4ccccc43)c(=O)c21,7.853871964321762,493.5710000000003,3.470500000000002,1,7,0
1985699,CHEMBL236719,IC50,=,14.0,nM,7.85,CHEMBL284,Dipeptidyl peptidase 4,CC(=O)Nc1cccc(-c2cc(N3C[C@H](c4cc(F)c(F)cc4F)[C@@H](N)C3)ncn2)c1,7.853871964321762,427.43000000000006,3.450400000000001,2,5,0
25050571,CHEMBL5275234,IC50,=,14.0,nM,7.85,CHEMBL284,Dipeptidyl peptidase 4,Cc1c(-c2c(S(=O)(=O)c3ccccc3)cnc3nnnn23)c(=O)n(-c2ccccc2)n1C,7.853871964321762,447.48000000000013,1.8169199999999992,0,7,0
488322,CHEMBL88474,IC50,=,14.1,ug.mL-1,,CHEMBL284,Dipeptidyl peptidase 4,CC(C)c1cccc(C(C)C)c1N1C(=O)c2cccc(O)c2C1=O,7.85078088734462,323.39200000000005,4.439600000000004,1,3,0
17672038,CHEMBL3654427,IC50,=,14.3,nM,7.84,CHEMBL284,Dipeptidyl peptidase 4,CS(=O)(=O)n1cc2c(n1)CN([C@H]1CCS[C@H](c3cc(F)ccc3F)[C@@H](N)C1)C2,7.844663962534938,428.53000000000014,2.2488,1,6,0
11014705,CHEMBL2086616,IC50,=,14.3,nM,7.84,CHEMBL284,Dipeptidyl peptidase 4,N#C[C@@H]1CCCN1C(=O)c1ccc(NC(=O)c2ccc(C(F)(F)F)cc2)cc1,7.844663962534938,387.3610000000001,4.085880000000003,1,3,0
12718724,CHEMBL2346929,IC50,=,14.5,nM,7.84,CHEMBL284,Dipeptidyl peptidase 4,CC#CCn1c(N2CCC[C@@H](N)C2)nc2ccn(Cc3ccc4cc(F)ccc4n3)c2c1=O,7.838631997765025,444.51400000000024,2.8844000000000003,1,5,0
17632179,CHEMBL3697939,IC50,=,14.5,nM,7.84,CHEMBL284,Dipeptidyl peptidase 4,CS(=O)(=O)n1cc2c(n1)CN([C@@H]1C[C@H](N)C(c3cc(F)ccc3F)N(C(=O)C(F)(F)F)C1)C2,7.838631997765025,493.45800000000014,1.5163999999999995,1,6,0
1970044,CHEMBL399615,IC50,=,15.0,nM,7.82,CHEMBL284,Dipeptidyl peptidase 4,CC(C)(C)NCC(=O)N1CCC[C@H]1C(=O)c1noc(-c2ccc(F)cc2)n1,7.823908740944319,374.416,2.4375,1,6,0
3313850,CHEMBL1082996,IC50,=,15.0,nM,7.82,CHEMBL284,Dipeptidyl peptidase 4,C#C[C@@H]1C[C@H](F)CN1C(=O)CC(C)(C)CC(=O)N[C@H]1C[C@@H]1c1cccc(Cl)c1,7.823908740944319,404.9130000000001,3.6907000000000023,1,2,0
12034812,CHEMBL2147774,IC50,=,15.0,nM,7.82,CHEMBL284,Dipeptidyl peptidase 4,Cc1cc(N2CCN([C@@H]3CN[C@H](C(=O)N4CCSC4)C3)CC2)n(-c2ccc(C#N)cn2)n1,7.823908740944319,452.58800000000025,0.8328000000000011,1,8,0
168411,CHEMBL63860,IC50,=,15.0,nM,7.82,CHEMBL284,Dipeptidyl peptidase 4,C[C@H](N)C(=O)N1CCC[C@H]1B(O)O,7.823908740944319,186.02,-1.663399999999999,3,4,0
2275137,CHEMBL474800,IC50,=,15.0,nM,7.82,CHEMBL284,Dipeptidyl peptidase 4,N#C[C@@H]1CCCN1C(=O)[C@@H](N)CCC(=O)N1CCCCC1.O=C(O)C(F)(F)F,7.823908740944319,406.40500000000014,1.2542799999999985,2,5,0
1669225,CHEMBL201644,IC50,=,15.0,nM,7.82,CHEMBL284,Dipeptidyl peptidase 4,CC(C)(CC(=O)N1Cc2ccccc2C1)NCC(=O)N1CCC[C@H]1C#N,7.823908740944319,354.4540000000002,1.80168,1,4,0
8038708,CHEMBL1951426,IC50,=,15.0,nM,7.82,CHEMBL284,Dipeptidyl peptidase 4,CC#CCn1c(N2CCC[C@H](N)C2)c(C#N)c2ncn(CC(=O)c3cccc(OC)c3)c(=O)c21,7.823908740944319,458.5220000000003,1.9119799999999991,1,7,0
3313847,CHEMBL1082462,IC50,=,15.0,nM,7.82,CHEMBL284,Dipeptidyl peptidase 4,CC(C)(CC(=O)N1CCCC1)NCC(=O)N1C[C@@H](F)C[C@H]1C#N,7.823908740944319,324.40000000000003,0.8296800000000002,1,4,0
309673,CHEMBL3084949,IC50,=,15.0,nM,7.82,CHEMBL284,Dipeptidyl peptidase 4,N[C@H](C(=O)N1CCSC1)[C@H]1CC[C@H](NC(=O)c2cccc3ccccc23)CC1,7.823908740944319,397.54400000000015,2.9886000000000017,2,4,0
1603730,CHEMBL194428,IC50,=,15.0,nM,7.82,CHEMBL284,Dipeptidyl peptidase 4,NCC[C@H](N)C(=O)N1CCC[C@@H]1B(O)O,7.823908740944319,215.062,-2.334499999999998,4,5,0
23297205,CHEMBL4856604,IC50,=,15.0,nM,7.82,CHEMBL284,Dipeptidyl peptidase 4,COC(=O)c1cccc(Cn2c(=O)cc(N3CCC[C@@H](N)C3)n(Cc3ccccc3C#N)c2=O)c1,7.823908740944319,473.53300000000024,1.6923799999999998,1,7,0
2609342,CHEMBL517776,IC50,=,15.0,nM,7.82,CHEMBL284,Dipeptidyl peptidase 4,CC(C)(CC(=O)N[C@H]1C[C@@H]1c1cccc(Cl)c1)NCC(=O)N1C[C@@H](F)C[C@H]1C#N,7.823908740944319,420.9160000000002,2.53298,2,4,0
839039,CHEMBL330373,IC50,=,15.0,nM,7.82,CHEMBL284,Dipeptidyl peptidase 4,N#C[C@@H]1CCCN1C(=O)CNC1CC2CCC1C2,7.823908740944319,247.342,1.279179999999999,1,3,0
10982110,CHEMBL2063037,IC50,=,15.0,nM,7.82,CHEMBL284,Dipeptidyl peptidase 4,O=C([C@@H]1C[C@H](O)CN1)N1C[C@@H](O)C[C@H]1B(O)O,7.823908740944319,244.056,-3.3169999999999975,5,6,0
2712741,CHEMBL562467,IC50,=,15.0,nM,7.82,CHEMBL284,Dipeptidyl peptidase 4,N[C@@H](CC(=O)N1CCC[C@H]1CNc1ccc(C(F)(F)F)nc1)Cc1cc(F)c(F)cc1F,7.823908740944319,460.42200000000014,3.8807000000000023,2,4,0
1861960,CHEMBL228004,IC50,=,15.0,nM,7.82,CHEMBL284,Dipeptidyl peptidase 4,N#Cc1ccccc1Cn1c(N2CCC[C@@H](N)C2)nc2cc(Cl)ccc2c1=O,7.823908740944319,393.878,2.897380000000001,1,5,0
25050572,CHEMBL5290399,IC50,<,15.0,nM,,CHEMBL284,Dipeptidyl peptidase 4,Cc1c(-c2cc(S(=O)(=O)c3ccccc3)n[nH]2)c(=O)n(C)n1C,7.823908740944319,332.3850000000001,1.2551199999999996,1,4,0
2171488,CHEMBL404326,IC50,=,15.0,nM,7.82,CHEMBL284,Dipeptidyl peptidase 4,CC#CCn1c(N2CCCC(N)C2)nc2c1c(=O)n(Cc1cccc3ccccc13)c(=O)n2C,7.823908740944319,456.5500000000002,2.049,1,5,0
13856408,CHEMBL3093905,IC50,=,15.0,nM,7.82,CHEMBL284,Dipeptidyl peptidase 4,COc1ccc(C[C@H](N)C(=O)N2C[C@@H](F)C[C@H]2C#N)cc1,7.823908740944319,291.32599999999996,1.0275799999999995,1,4,0
1948902,CHEMBL394932,IC50,=,15.0,nM,7.82,CHEMBL284,Dipeptidyl peptidase 4,CCN(C)C(=O)[C@H]1C[C@@H](C(=O)N2CCC[C@H]2C#N)N[C@H]1C,7.823908740944319,292.3829999999999,0.3458800000000007,1,4,0
7962682,CHEMBL1929391,IC50,=,15.0,nM,7.82,CHEMBL284,Dipeptidyl peptidase 4,Cc1c(C(=O)NCC(C)(C)NCC(=O)N2CCC[C@H]2C#N)cnc2cc(C(C)(C)C)nn12.Cl,7.823908740944319,476.02500000000015,2.3696000000000006,2,6,0
5244153,CHEMBL1683980,IC50,=,15.09,nM,7.82,CHEMBL284,Dipeptidyl peptidase 4,COC(=O)c1nnn2c1CN(C(=O)C[C@H](N)Cc1cc(F)c(F)cc1F)CC2.Cl,7.82131076022441,433.818,1.2060999999999995,1,6,0
1896375,CHEMBL231117,IC50,=,15.1,nM,7.82,CHEMBL284,Dipeptidyl peptidase 4,C[C@@H]1C(=O)N(CCO)CCCN1C(=O)C[C@H](N)Cc1cc(F)c(F)cc1F,7.82102305270683,387.402,0.8055000000000007,2,4,0
1896361,CHEMBL230496,IC50,=,15.1,nM,7.82,CHEMBL284,Dipeptidyl peptidase 4,C[C@@H]1CCN(C(=O)C[C@H](N)Cc2cc(F)c(F)cc2F)[C@H](C)C(=O)N1,7.82102305270683,357.376,1.4893,2,3,0
13421621,CHEMBL2418627,IC50,=,15.24,nM,7.82,CHEMBL284,Dipeptidyl peptidase 4,Cl.N#C[C@@H]1CCCN1C(=O)[C@@H](N)Cc1ccc(-c2cn(Cc3ccccc3Cl)nn2)cc1,7.817015032996419,471.39200000000017,3.452980000000002,1,5,0
24967457,CHEMBL5220348,IC50,=,15.3,nM,7.82,CHEMBL284,Dipeptidyl peptidase 4,CC(C)=CCC/C(C)=C/OC(=O)[C@@H]1CCCN1C(=O)[C@@H](N)CCCCN,7.815308569182402,365.5180000000002,2.6270999999999995,2,5,0
18357663,CHEMBL4174924,IC50,=,15.3,nM,7.82,CHEMBL284,Dipeptidyl peptidase 4,Cn1cnc2nc(N3CCC[C@@H](N)C3)n(Cc3cc(F)ccc3C#N)c(=O)c21,7.815308569182402,381.4150000000001,1.11658,1,6,0
15617504,CHEMBL3580782,IC50,=,15.4,nM,7.81,CHEMBL284,Dipeptidyl peptidase 4,N[C@@H](CC(=O)N1CC(=O)Nc2cc(Br)ccc2C1)[C@H]1CCc2cc(F)c(F)cc21,7.812479279163536,464.31000000000023,3.455400000000002,2,3,0
12718719,CHEMBL2347038,IC50,=,15.5,nM,7.81,CHEMBL284,Dipeptidyl peptidase 4,CC#CCn1c(N2CCC[C@@H](N)C2)nc2ccn(Cc3nc4ccccc4nc3C)c2c1=O,7.809668301829708,441.5390000000002,2.44872,1,6,0
29091128,CHEMBL1894963,IC50,=,15.66,nM,7.8,CHEMBL284,Dipeptidyl peptidase 4,Cn1c(=O)c2c(nc(N3CCOCC3)n2Cc2ccccc2)n(C)c1=O,7.805208242278075,355.398,0.3185999999999993,0,5,0
13421613,CHEMBL2418634,IC50,=,15.7,nM,7.8,CHEMBL284,Dipeptidyl peptidase 4,COc1ccc(Cn2cc(-c3ccc(C[C@H](N)C(=O)N4CCC[C@H]4C#N)cc3)nn2)cc1OC.Cl,7.804100347590766,496.9990000000002,2.816780000000001,1,7,0
5244137,CHEMBL1683996,IC50,=,15.8,nM,7.8,CHEMBL284,Dipeptidyl peptidase 4,Cl.N[C@@H](CC(=O)N1CCn2nnc(-c3ccco3)c2C1)Cc1cc(F)c(F)cc1F,7.801342913045577,441.8410000000002,2.679500000000001,1,5,0
2190150,CHEMBL508845,IC50,=,16.0,nM,7.8,CHEMBL284,Dipeptidyl peptidase 4,CC(C)(/C=C/c1ccccc1)NCC(=O)N1C[C@@H](F)C[C@H]1C#N,7.795880017344075,315.39200000000005,2.5305800000000005,1,3,0
12588796,CHEMBL1229855,IC50,=,16.0,nM,7.8,CHEMBL284,Dipeptidyl peptidase 4,CC(=O)N(C)[C@H]1CC[C@H]([C@H](C)[C@H](N)C(=O)N2CC[C@H](F)C2)CC1,7.795880017344075,327.4440000000001,1.5572999999999992,1,3,0
487078,CHEMBL315471,IC50,=,16.0,ug.mL-1,,CHEMBL284,Dipeptidyl peptidase 4,Cc1cccc(C)c1N1C(=O)c2cccc(N)c2C1=O,7.795880017344075,266.3,2.6862399999999997,1,3,0
5294396,CHEMBL1688425,IC50,=,16.0,nM,7.8,CHEMBL284,Dipeptidyl peptidase 4,Cc1nc(C(N)=O)cc(-c2ccc(Cl)cc2Cl)c1CN,7.795880017344075,310.1840000000001,2.9214200000000003,2,3,0
10982111,CHEMBL2063038,IC50,=,16.0,nM,7.8,CHEMBL284,Dipeptidyl peptidase 4,O=C([C@@H]1C[C@H](O)CN1)N1C[C@H](O)C[C@H]1B(O)O,7.795880017344075,244.056,-3.3169999999999975,5,6,0
2026069,CHEMBL245545,IC50,=,16.0,nM,7.8,CHEMBL284,Dipeptidyl peptidase 4,CC(=O)N(C)C1CCC([C@H](C)[C@H](N)C(=O)N2CC[C@H](F)C2)CC1.Cl,7.795880017344075,363.905,1.9790999999999992,1,3,0
1948883,CHEMBL234158,IC50,=,16.0,nM,7.8,CHEMBL284,Dipeptidyl peptidase 4,N#C[C@@H]1CCCN1C(=O)[C@@H]1C[C@H](CC(=O)O)CN1,7.795880017344075,251.286,-0.0462199999999998,2,4,0
2995140,CHEMBL567728,IC50,=,16.0,nM,7.8,CHEMBL284,Dipeptidyl peptidase 4,CC(C)(F)c1nc([C@@H]2CCCN2C(=O)C[C@H](N)Cc2cc(F)c(F)cc2F)no1,7.795880017344075,414.403,3.315100000000001,1,5,0
2609337,CHEMBL474767,IC50,=,16.0,nM,7.8,CHEMBL284,Dipeptidyl peptidase 4,Cc1ncsc1[C@H]1C[C@@H]1NC(=O)CC(C)(C)NCC(=O)N1C[C@@H](F)C[C@H]1C#N,7.795880017344075,407.5150000000002,1.6444999999999994,2,6,0
2130856,CHEMBL260702,IC50,=,16.0,nM,7.8,CHEMBL284,Dipeptidyl peptidase 4,CCN(CC#N)C(=O)[C@@H]1C[C@H](C(=O)N2CCCC2)[C@H](C)N1,7.795880017344075,292.3829999999999,0.3474800000000005,1,4,0
16584418,CHEMBL3806179,IC50,=,16.0,nM,7.8,CHEMBL284,Dipeptidyl peptidase 4,Cc1cc2ncc3c(n2n1)CN([C@@H]1CC[C@H](c2cc(F)ccc2F)[C@@H](N)C1)C3,7.795880017344075,383.44600000000014,3.2951200000000016,1,4,0
2130868,CHEMBL260197,IC50,=,16.0,nM,7.8,CHEMBL284,Dipeptidyl peptidase 4,CC[C@@H]1N[C@H](C(=O)N2CCC[C@H]2C#N)C[C@@H]1C(=O)N(C)C,7.795880017344075,292.383,0.3458800000000006,1,4,0
854332,CHEMBL96459,IC50,=,16.0,nM,7.8,CHEMBL284,Dipeptidyl peptidase 4,CC1C(NCC(=O)N2CCC[C@H]2C#N)CC2CC1C2(C)C,7.795880017344075,289.42300000000006,2.1612799999999996,1,3,0
1987759,CHEMBL237547,IC50,=,16.0,nM,7.8,CHEMBL284,Dipeptidyl peptidase 4,CC(=O)N[C@H]1CC[C@H]([C@H](C)[C@H](N)C(=O)N2CC[C@H](F)C2)CC1,7.795880017344075,313.4170000000001,1.2151000000000003,2,3,0
1792481,CHEMBL218459,IC50,=,16.0,nM,7.8,CHEMBL284,Dipeptidyl peptidase 4,CC[C@@H]1C(=O)NCCCN1C(=O)C[C@H](N)Cc1cc(F)c(F)cc1F,7.795880017344075,357.376,1.4909,2,3,0
2275048,CHEMBL474025,IC50,=,16.0,nM,7.8,CHEMBL284,Dipeptidyl peptidase 4,CC(C)(CC(=O)N1CCc2ccccc2C1)[C@H](N)C(=O)N1CCC[C@H]1C#N.O=C(O)C(F)(F)F,7.795880017344075,482.5030000000002,2.4627799999999995,2,5,0
1944674,CHEMBL244843,IC50,=,16.0,nM,7.8,CHEMBL284,Dipeptidyl peptidase 4,N#C[C@@H]1CCCN1C(=O)[C@@H]1C[C@@H](c2ccccc2)CN1,7.795880017344075,269.348,1.6466799999999997,1,3,0
17763450,CHEMBL3913618,IC50,=,16.0,nM,7.8,CHEMBL284,Dipeptidyl peptidase 4,C#CCn1c(=O)n(C)c(=O)c2c1nc(N1CCCC(N)C1)n2Cc1ccccc1C#N,7.795880017344075,417.4730000000001,0.3773800000000014,1,6,0
29091138,CHEMBL6143955,IC50,=,16.16,nM,7.79,CHEMBL284,Dipeptidyl peptidase 4,C=CCn1c(Oc2ccc([N+](=O)[O-])cc2)nc2c1c(=O)n(Cc1nc(C)c3ccccc3n1)c(=O)n2C,7.791558643561433,499.48700000000025,3.083120000000001,0,8,0
1855514,CHEMBL227482,IC50,=,16.8,nM,7.78,CHEMBL284,Dipeptidyl peptidase 4,N#Cc1ccc(CN(CC(=O)O)[C@@H]2CN[C@H](C(=O)N3CCSC3)C2)cc1,7.774690718274137,374.4660000000002,0.7082800000000007,2,6,0
29091134,CHEMBL6146956,IC50,=,16.9,nM,7.77,CHEMBL284,Dipeptidyl peptidase 4,Cn1c(=O)c2c(nc(Oc3ccc(C=O)cc3)n2Cc2ccc(Cl)cc2Cl)n(C)c1=O,7.772113295386326,459.2890000000002,3.393600000000002,0,5,0
29091130,CHEMBL6148404,IC50,=,16.97,nM,7.77,CHEMBL284,Dipeptidyl peptidase 4,Cn1c(=O)c2c(nc(N3CCOCC3)n2Cc2ccc(F)cc2)n(C)c1=O,7.770318157682325,373.388,0.4576999999999991,0,5,0
2995138,CHEMBL584698,IC50,=,17.0,nM,7.77,CHEMBL284,Dipeptidyl peptidase 4,N[C@@H](CC(=O)N1CCC[C@H]1c1noc(C2(O)CC2)n1)Cc1cc(F)c(F)cc1F,7.769551078621726,410.3960000000001,2.091899999999999,2,6,0
13856299,CHEMBL3093919,IC50,=,17.0,nM,7.77,CHEMBL284,Dipeptidyl peptidase 4,Cc1ccc(C[C@H](N)C(=O)N2CCC[C@H]2C#N)cc1,7.769551078621726,257.337,1.3793999999999995,1,3,0
2130855,CHEMBL260509,IC50,=,17.0,nM,7.77,CHEMBL284,Dipeptidyl peptidase 4,CCN(CC#N)C(=O)[C@@H]1C[C@H](C(=O)N2CCCCC2)[C@H](C)N1,7.769551078621726,306.40999999999997,0.7375800000000001,1,4,0
13856471,CHEMBL3093902,IC50,=,17.0,nM,7.77,CHEMBL284,Dipeptidyl peptidase 4,N#C[C@@H]1C[C@H](F)CN1C(=O)[C@@H](N)Cc1ccccc1,7.769551078621726,261.3,1.01898,1,3,0
2995136,CHEMBL566419,IC50,=,17.0,nM,7.77,CHEMBL284,Dipeptidyl peptidase 4,N[C@@H](CC(=O)N1CCC[C@H]1c1noc(C2CC2)n1)Cc1cc(F)c(F)cc1F,7.769551078621726,394.3970000000001,2.9879000000000007,1,5,0
12078483,CHEMBL2159182,IC50,=,17.0,nM,7.77,CHEMBL284,Dipeptidyl peptidase 4,Cn1c(=O)c2c(-c3ccccc3Br)c(CN)c(N)nc2n(C)c1=O,7.769551078621726,390.2410000000002,1.1025999999999998,2,5,0
832926,CHEMBL3084814,IC50,=,17.0,nM,7.77,CHEMBL284,Dipeptidyl peptidase 4,C[C@]12C[C@@H]3C[C@](C)(C1)C[C@](NCC(=O)N1CCC[C@H]1C#N)(C3)C2,7.769551078621726,315.46100000000007,2.8395800000000007,1,3,0
16292839,CHEMBL3644786,IC50,=,17.0,nM,7.77,CHEMBL284,Dipeptidyl peptidase 4,N[C@@H](CC(=O)N1CCc2c(nc(C3CCC3)nc2C(F)(F)F)C1)CN1C(=O)CCC(F)(F)C1O,7.769551078621726,491.4610000000002,1.9410999999999992,2,6,0
8037774,CHEMBL1951424,IC50,=,17.0,nM,7.77,CHEMBL284,Dipeptidyl peptidase 4,N#Cc1c(N2CCC[C@H](N)C2)n(Cc2ccccc2)c2c(=O)n(Cc3ccnc4ccccc34)cnc12,7.769551078621726,489.58300000000025,3.641980000000002,1,6,0
13856346,CHEMBL3093914,IC50,=,17.0,nM,7.77,CHEMBL284,Dipeptidyl peptidase 4,N#C[C@@H]1C[C@H](F)CN1C(=O)[C@@H](N)Cc1cc(F)c(F)cc1F,7.769551078621726,315.27,1.4362800000000004,1,3,0
17660170,CHEMBL3686743,IC50,=,17.0,nM,7.77,CHEMBL284,Dipeptidyl peptidase 4,N[C@@H](CC(=O)O)C(=S)N1CCC[C@H]1B(O)O,7.769551078621726,246.097,-1.4077999999999995,4,5,0
2090794,CHEMBL269965,IC50,=,17.0,nM,7.77,CHEMBL284,Dipeptidyl peptidase 4,COCc1nsc(N2CCN(C(=O)[C@@H]3CN[C@H](C(=O)N4CCCC4)C3)CC2)n1,7.769551078621726,408.5280000000003,-0.0663999999999978,1,8,0
2275142,CHEMBL475634,IC50,=,17.0,nM,7.77,CHEMBL284,Dipeptidyl peptidase 4,N#C[C@@H]1CCCN1C(=O)[C@@H](N)CCC(=O)N1CCOCC1.O=C(O)C(F)(F)F,7.769551078621726,408.3770000000001,0.1005800000000007,2,6,0
5131377,CHEMBL3216942,IC50,=,17.0,nM,7.77,CHEMBL284,Dipeptidyl peptidase 4,COC(=O)CNC(=O)Cc1c(C)nc(CC(C)C)c(CN)c1-c1ccc(C)cc1.Cl.Cl,7.769551078621726,470.4410000000002,3.697940000000002,2,5,0
5192942,CHEMBL1650410,IC50,=,17.0,nM,7.77,CHEMBL284,Dipeptidyl peptidase 4,CCc1cnc(N2CCC[C@@H](N)C2)n(Cc2ccccc2C#N)c1=O,7.769551078621726,337.4270000000001,1.6531799999999996,1,5,0
2706913,CHEMBL560669,IC50,=,17.0,nM,7.77,CHEMBL284,Dipeptidyl peptidase 4,N[C@H]1Cn2c(nc3ccc(F)cc32)C[C@@H]1c1cc(F)c(F)cc1F.O=C(O)C(F)(F)F,7.769551078621726,449.326,3.893200000000002,2,3,0
1970034,CHEMBL232570,IC50,=,17.0,nM,7.77,CHEMBL284,Dipeptidyl peptidase 4,Cc1cc(C)c(-c2nnc(C(=O)[C@@H]3CCCN3C(=O)CNC(C)(C)C)o2)c(C)c1,7.769551078621726,398.5070000000002,3.2236600000000015,1,6,0
327150,CHEMBL3084952,IC50,=,17.0,nM,7.77,CHEMBL284,Dipeptidyl peptidase 4,N[C@H](C(=O)N1CCSC1)[C@H]1CC[C@H](NC(=O)OCc2cccc3ccccc23)CC1,7.769551078621726,427.5700000000002,3.485000000000002,2,5,0
10982103,CHEMBL2063030,IC50,=,17.0,nM,7.77,CHEMBL284,Dipeptidyl peptidase 4,N[C@@H](CCC(=O)O)C(=O)N1C[C@H](O)C[C@H]1B(O)O,7.769551078621726,260.055,-2.847699999999997,5,6,0
10982112,CHEMBL2063039,IC50,=,17.0,nM,7.77,CHEMBL284,Dipeptidyl peptidase 4,N[C@@H](CCCC(=O)O)C(=O)N1C[C@H](O)C[C@H]1B(O)O,7.769551078621726,274.082,-2.4575999999999976,5,6,0
6203117,CHEMBL1779711,IC50,=,17.0,nM,7.77,CHEMBL284,Dipeptidyl peptidase 4,CCN(C)C[C@@H]1C(=O)NCCN1C(=O)C[C@H](N)Cc1cc(F)c(F)cc1F,7.769551078621726,386.418,0.6425000000000017,2,4,0
1793285,CHEMBL216835,IC50,=,17.0,nM,7.77,CHEMBL284,Dipeptidyl peptidase 4,C[C@H](c1nc(-c2ccc(S(C)(=O)=O)cc2Cl)no1)[C@H](N)C(=O)N1CCCC1,7.769551078621726,412.8990000000002,1.8467,1,7,0
1855513,CHEMBL226771,IC50,=,17.0,nM,7.77,CHEMBL284,Dipeptidyl peptidase 4,N#Cc1ccc(CN(CCO)[C@@H]2CN[C@H](C(=O)N3CCSC3)C2)cc1,7.769551078621726,360.4830000000002,0.6159799999999995,2,6,0
2609346,CHEMBL462839,IC50,=,17.0,nM,7.77,CHEMBL284,Dipeptidyl peptidase 4,CCOc1cccc([C@H]2C[C@@H]2NC(=O)CC(C)(C)NCC(=O)N2C[C@@H](F)C[C@H]2C#N)c1,7.769551078621726,430.5240000000001,2.2782799999999996,2,5,0
25050510,CHEMBL5272450,IC50,=,17.0,nM,7.77,CHEMBL284,Dipeptidyl peptidase 4,N#C[C@@H]1C[C@H](F)CN1C(=O)[C@@H](N)Cc1ccc(Br)cc1,7.769551078621726,340.196,1.7814800000000002,1,3,0
312313,CHEMBL3084954,IC50,=,17.0,nM,7.77,CHEMBL284,Dipeptidyl peptidase 4,N[C@H](C(=O)N1CCSC1)[C@H]1CC[C@H](NC(=O)Nc2ccc(Cl)c(Cl)c2)CC1,7.769551078621726,431.3890000000001,3.533900000000002,3,4,0
13421626,CHEMBL2418638,IC50,=,17.61,nM,7.75,CHEMBL284,Dipeptidyl peptidase 4,Cl.N#C[C@@H]1CCCN1C(=O)[C@@H](N)Cc1ccc(-c2cn(Cc3ccncc3)nn2)cc1,7.754240644032723,437.9350000000001,2.1945799999999993,1,6,0
16763222,CHEMBL3950517,IC50,=,17.65,nM,7.75,CHEMBL284,Dipeptidyl peptidase 4,N[C@H]1Cc2c(ccc3cc(C(=O)O)ccc23)O[C@@H]1c1cc(F)c(F)cc1F,7.753255290276159,373.33,3.958800000000002,2,3,0
2606599,CHEMBL459591,IC50,=,18.0,nM,7.75,CHEMBL284,Dipeptidyl peptidase 4,CC(C)=CCN1C(C2CC[C@H]3NCC[C@@H]23)=NC2C1C(=O)N(CC(=O)c1ccccc1)C(=O)N2C,7.744727494896693,463.5820000000003,2.5264,1,6,0
845178,CHEMBL3084819,IC50,=,18.0,nM,7.75,CHEMBL284,Dipeptidyl peptidase 4,N#C[C@@H]1CCCN1C(=O)CN[C@H]1CC[C@H](NC(=O)C2CCCCC2)CC1,7.744727494896693,360.5020000000003,2.098279999999999,2,4,0
1412072,CHEMBL539077,IC50,=,18.0,nM,7.75,CHEMBL284,Dipeptidyl peptidase 4,Cl.N[C@@H](CC(=O)N1CCn2c(nnc2C(F)(F)F)C1)Cc1cc(F)c(F)cc1F,7.744727494896693,443.7790000000001,2.438300000000001,1,4,0
2706908,CHEMBL562953,IC50,=,18.0,nM,7.75,CHEMBL284,Dipeptidyl peptidase 4,Cc1ccc2c(c1)nc1n2C[C@H](N)[C@@H](c2cc(F)c(F)cc2F)C1.O=C(O)C(F)(F)F,7.744727494896693,445.3630000000001,4.062520000000002,2,3,0
13856319,CHEMBL3093916,IC50,=,18.0,nM,7.75,CHEMBL284,Dipeptidyl peptidase 4,N#C[C@@H]1CCCN1C(=O)[C@@H](N)Cc1ccccc1F,7.744727494896693,261.3,1.2100799999999994,1,3,0
1861952,CHEMBL227356,IC50,=,18.0,nM,7.75,CHEMBL284,Dipeptidyl peptidase 4,N#Cc1ccccc1Cn1c(N2CCC[C@@H](N)C2)nc2cc(N3CCOCC3)c(F)cc2c1=O,7.744727494896693,462.5290000000003,2.219679999999999,1,7,0
27811415,CHEMBL5857197,IC50,=,18.0,nM,7.75,CHEMBL284,Dipeptidyl peptidase 4,NC1Cc2c(ccc3cc(OC=O)ccc23)OC1c1cc(F)c(F)cc1F,7.744727494896693,373.33,3.7958000000000025,1,4,0
2410504,CHEMBL485123,IC50,=,18.0,nM,7.75,CHEMBL284,Dipeptidyl peptidase 4,Cc1ncc(C)c(C(=O)N2CCC([C@H](N)Cc3cc(F)c(F)cc3F)CC2)n1,7.744727494896693,392.42500000000007,2.932940000000001,1,4,0
5237570,CHEMBL1683138,IC50,=,18.0,nM,7.75,CHEMBL284,Dipeptidyl peptidase 4,NOC(=O)c1cncc(N2CCC([C@H](N)Cc3cc(F)ccc3F)CC2)c1,7.744727494896693,376.4070000000001,2.1766999999999994,2,6,0
18357669,CHEMBL4162532,IC50,=,18.0,nM,7.75,CHEMBL284,Dipeptidyl peptidase 4,CS(=O)(=O)n1ccc2nc(N3CCC[C@@H](N)C3)n(Cc3cc(F)ccc3C#N)c(=O)c21,7.744727494896693,444.4920000000002,0.99228,1,7,0
3313839,CHEMBL1085075,IC50,=,18.0,nM,7.75,CHEMBL284,Dipeptidyl peptidase 4,CC(C)(CC(=O)N1CC=CCC1)NCC(=O)N1C[C@@H](F)C[C@H]1C#N,7.744727494896693,336.411,0.99578,1,4,0
1792470,CHEMBL1422,IC50,=,18.0,nM,7.75,CHEMBL284,Dipeptidyl peptidase 4,N[C@@H](CC(=O)N1CCn2c(nnc2C(F)(F)F)C1)Cc1cc(F)c(F)cc1F,7.744727494896693,407.31800000000015,2.0164999999999997,1,4,0
5131379,CHEMBL1614729,IC50,=,18.0,nM,7.75,CHEMBL284,Dipeptidyl peptidase 4,Cc1ccc(-c2c(CN)c(CC(C)C)nc(C)c2C(=O)O)cc1,7.744727494896693,312.413,3.7208400000000026,2,3,0
2090792,CHEMBL403449,IC50,=,18.0,nM,7.75,CHEMBL284,Dipeptidyl peptidase 4,Cc1nsc(N2CCN(C(=O)[C@@H]3CN[C@H](C(=O)N4CCSC4)C3)CC2)n1,7.744727494896693,396.54200000000026,0.0061200000000012,1,8,0
5208657,CHEMBL3215845,IC50,=,18.0,nM,7.75,CHEMBL284,Dipeptidyl peptidase 4,Cc1ccc(-c2c(CN)c(CC(C)C)nc(C)c2C(=O)O)cc1.Cl.Cl,7.744727494896693,385.335,4.564440000000005,2,3,0
309671,CHEMBL3084942,IC50,=,18.0,nM,7.75,CHEMBL284,Dipeptidyl peptidase 4,N[C@H](C(=O)N1CCSC1)[C@H]1CC[C@H](NS(=O)(=O)c2ccc3ccccc3c2)CC1,7.744727494896693,433.5990000000002,2.537100000000001,2,5,0
5208663,CHEMBL3216938,IC50,=,18.0,nM,7.75,CHEMBL284,Dipeptidyl peptidase 4,Cc1ccc(-c2c(CN)c(CC(C)(C)C)nc(C)c2C(=O)O)cc1.Cl.Cl,7.744727494896693,399.362,4.954540000000006,2,3,0
23297202,CHEMBL4853464,IC50,=,18.2,nM,7.74,CHEMBL284,Dipeptidyl peptidase 4,N#Cc1ccccc1Cn1c(N2CCC[C@@H](N)C2)cc(=O)n(Cc2ccccc2)c1=O,7.739928612014925,415.4970000000001,1.90578,1,5,0
27085589,CHEMBL6043018,IC50,=,18.2,nM,7.74,CHEMBL284,Dipeptidyl peptidase 4,N[C@H]1C[C@@H](N2Cc3cc(C(=O)O)sc3C2)CO[C@@H]1c1cc(F)ccc1F,7.739928612014925,380.416,2.8976000000000015,2,5,0
20653412,CHEMBL4640183,IC50,=,18.2,nM,7.74,CHEMBL284,Dipeptidyl peptidase 4,N[C@H]1C[C@@H](N2Cc3c[nH]nc3C2)[C@@H](C(F)(F)F)O[C@@H]1c1cc(F)ccc1F,7.739928612014925,388.34,2.791900000000001,2,4,0
24967467,CHEMBL3185489,IC50,=,18.5,nM,7.73,CHEMBL284,Dipeptidyl peptidase 4,NC(CC(=O)N1CCn2c(nnc2C(F)(F)F)C1)Cc1cc(F)c(F)cc1F,7.732828271596986,407.31800000000015,2.0164999999999997,1,4,0
15617507,CHEMBL3580783,IC50,=,18.6,nM,7.73,CHEMBL284,Dipeptidyl peptidase 4,N#Cc1ccc2c(c1)NC(=O)CN(C(=O)C[C@H](N)[C@H]1CCc3cc(F)c(F)cc31)C2,7.730487055782084,410.42400000000015,2.5645800000000003,2,4,0
29091141,CHEMBL6132632,IC50,=,18.69,nM,7.73,CHEMBL284,Dipeptidyl peptidase 4,Cn1c(=O)[nH]c(=O)c2c1nc(Oc1ccc([N+](=O)[O-])cc1)n2Cc1ccc(C#N)cc1,7.728390698621168,418.36900000000014,2.0437799999999995,1,7,0
506077,CHEMBL151461,IC50,=,18.7,ug.mL-1,,CHEMBL284,Dipeptidyl peptidase 4,O=C(C1CCC[C@H]1B(O)O)[C@@H]1CCCN1,7.728158393463501,211.07,-0.0494000000000002,3,4,0
1985711,CHEMBL393612,IC50,=,19.0,nM,7.72,CHEMBL284,Dipeptidyl peptidase 4,CC(=O)c1cccc(-c2cc(N3C[C@H](c4cc(F)c(F)cc4F)[C@@H](N)C3)ncn2)c1,7.721246399047171,412.4150000000001,3.694600000000002,1,5,0
3313828,CHEMBL1085552,IC50,=,19.0,nM,7.72,CHEMBL284,Dipeptidyl peptidase 4,COc1ccc(NC(=O)CC(C)(C)NCC(=O)N2C[C@@H](F)C[C@H]2C#N)nc1,7.721246399047171,377.4200000000001,1.2495799999999992,2,6,0
6164146,CHEMBL1765234,IC50,=,19.0,nM,7.72,CHEMBL284,Dipeptidyl peptidase 4,CC(C)[C@H](NC(=O)[C@@H]1CCCN1C(=O)[C@@H](N)C1CCCCC1)C(=O)N1CCC[C@H]1B(O)O,7.721246399047171,450.3890000000003,0.0288000000000027,4,6,0
11014689,CHEMBL2086600,IC50,=,19.0,nM,7.72,CHEMBL284,Dipeptidyl peptidase 4,NC(=O)[C@@H]1CCCN1C(=O)CCCNC(=O)c1ccc(C(F)(F)F)cc1,7.721246399047171,371.359,1.691699999999999,2,3,0
2090798,CHEMBL403969,IC50,=,19.0,nM,7.72,CHEMBL284,Dipeptidyl peptidase 4,O=C([C@@H]1CN[C@H](C(=O)N2CCCC2)C1)N1CCN(c2ncns2)CC1,7.721246399047171,364.475,-0.2127999999999994,1,7,0
12588809,CHEMBL1230015,IC50,=,19.0,nM,7.72,CHEMBL284,Dipeptidyl peptidase 4,CS(=O)(=O)c1ccc([C@H]2NO[C@H]([C@@H](CC3CC3)[C@H](N)C(=O)N3CC[C@H](F)C3)N2)c(F)c1,7.721246399047171,458.5310000000002,0.9923000000000016,3,7,0
1449105,CHEMBL184636,IC50,=,19.0,nM,7.72,CHEMBL284,Dipeptidyl peptidase 4,N[C@@H](CC(=O)N1CCNC[C@H]1Cc1ccccc1)Cc1cc(F)c(F)cc1F,7.721246399047171,391.4370000000001,2.406900000000001,2,3,0
2609341,CHEMBL464092,IC50,=,19.0,nM,7.72,CHEMBL284,Dipeptidyl peptidase 4,CC(C)(CC(=O)N[C@H]1C[C@@H]1c1ccccc1)NCC(=O)N1C[C@@H](F)C[C@H]1C#N,7.721246399047171,386.4710000000002,1.8795799999999996,2,4,0
2275157,CHEMBL474982,IC50,=,19.0,nM,7.72,CHEMBL284,Dipeptidyl peptidase 4,N#C[C@@H]1CCCN1C(=O)[C@@H](N)CCC(=O)N1CCN(c2ccncc2)CC1.O=C(O)C(F)(F)F,7.721246399047171,484.47900000000016,0.98558,2,7,0
1861954,CHEMBL227089,IC50,=,19.0,nM,7.72,CHEMBL284,Dipeptidyl peptidase 4,COc1cc2nc(N3CCC[C@@H](N)C3)n(Cc3ccccc3C#N)c(=O)c2cc1OC,7.721246399047171,419.4850000000002,2.2611799999999995,1,7,0
3099278,CHEMBL590086,IC50,=,19.0,nM,7.72,CHEMBL284,Dipeptidyl peptidase 4,COc1cc2c(cc1OC)C1CC(N)C(N3CCC(C)CC3=O)CN1CC2,7.721246399047171,373.4970000000002,1.9611,1,5,0
2410503,CHEMBL525011,IC50,=,19.0,nM,7.72,CHEMBL284,Dipeptidyl peptidase 4,Nc1nccnc1C(=O)N1CCC([C@H](N)Cc2cc(F)c(F)cc2F)CC1,7.721246399047171,379.3860000000001,1.8982999999999997,2,5,0
3313829,CHEMBL1085306,IC50,=,19.0,nM,7.72,CHEMBL284,Dipeptidyl peptidase 4,CC(C)(CC(=O)Nc1ccccn1)NCC(=O)N1C[C@@H](F)C[C@H]1C#N,7.721246399047171,347.3940000000001,1.2409799999999995,2,5,0
3101936,CHEMBL598755,IC50,=,19.0,nM,7.72,CHEMBL284,Dipeptidyl peptidase 4,COc1cc2c(cc1OC)[C@@H]1CC(N)[C@@H](c3cc(C)ccn3)CN1CC2,7.721246399047171,353.4660000000001,2.821220000000001,1,5,0
14579411,CHEMBL3236126,IC50,=,19.0,nM,7.72,CHEMBL284,Dipeptidyl peptidase 4,NC[C@H]1CN(CCc2ccc3c(c2)OCO3)C(=O)C[C@@H]1c1cc(F)c(F)cc1F,7.721246399047171,406.40400000000005,2.966100000000001,1,4,0
2171480,CHEMBL255862,IC50,=,19.0,nM,7.72,CHEMBL284,Dipeptidyl peptidase 4,CC#CCn1c(N2CCCC(N)C2)nc2c(OC)nn(Cc3nc(C)cc4ccccc34)c(=O)c21,7.721246399047171,471.5650000000002,2.45732,1,7,0
5240821,CHEMBL1683563,IC50,=,19.0,nM,7.72,CHEMBL284,Dipeptidyl peptidase 4,N[C@H]1CN(c2cc(NC3CC3)ncn2)C[C@@H]1c1ccccc1,7.721246399047171,295.39,1.981999999999999,2,5,0
23297218,CHEMBL4871197,IC50,=,19.1,nM,7.72,CHEMBL284,Dipeptidyl peptidase 4,CC#CCn1c(N2CCC[C@@H](N)C2)cc(=O)n(Cc2cccc(C(=O)N3CCC[C@@H]3C(=O)O)c2)c1=O,7.718966632752273,493.5640000000003,0.6983000000000021,2,6,0
1855507,CHEMBL224346,IC50,=,19.2,nM,7.72,CHEMBL284,Dipeptidyl peptidase 4,O=C([C@@H]1C[C@H](Nc2ccc([N+](=O)[O-])cc2)CN1)N1CCSC1,7.716698771296451,322.3900000000001,1.2700999999999998,2,6,0
15617499,CHEMBL3580781,IC50,=,19.2,nM,7.72,CHEMBL284,Dipeptidyl peptidase 4,N[C@@H](CC(=O)N1CC(=O)Nc2cc(C(F)(F)F)ccc2C1)[C@H]1CCc2cc(F)c(F)cc21,7.716698771296451,453.41100000000023,3.711700000000002,2,3,0
1896373,CHEMBL390886,IC50,=,19.2,nM,7.72,CHEMBL284,Dipeptidyl peptidase 4,C[C@@H]1C(=O)N(CC(F)(F)F)CCCN1C(=O)C[C@H](N)Cc1cc(F)c(F)cc1F,7.716698771296451,425.3730000000001,2.3755000000000006,1,3,0
15714185,CHEMBL3616890,IC50,=,19.4,nM,7.71,CHEMBL284,Dipeptidyl peptidase 4,CC#CCn1c(N2CCNCC2)nc2c1c(=O)n(Cc1nc(C)c3ccccc3n1)c(=O)n2C,7.712198270069774,458.52600000000024,0.6295200000000003,1,7,0
13421624,CHEMBL2418624,IC50,=,19.54,nM,7.71,CHEMBL284,Dipeptidyl peptidase 4,Cl.N#C[C@@H]1CCCN1C(=O)[C@@H](N)Cc1ccc(-c2cn(Cc3ccccc3F)nn2)cc1,7.709075440617245,454.9370000000001,2.9386800000000015,1,5,0
18662286,CHEMBL4246674,IC50,=,19.6,nM,7.71,CHEMBL284,Dipeptidyl peptidase 4,CC(C)=CCn1c(N2CCCC(N)C2)nc2c1c(=O)n(Cc1ccccc1C#N)c(=O)n2C,7.707743928643524,447.54300000000023,1.7103799999999996,1,6,0
16763233,CHEMBL3901191,IC50,=,19.64,nM,7.71,CHEMBL284,Dipeptidyl peptidase 4,COc1ccc2c3c(ccc2c1)O[C@H](c1cc(F)c(F)cc1F)[C@@H](N)C3,7.706858516549069,359.3470000000001,4.269200000000002,1,3,0
15617508,CHEMBL3580784,IC50,=,19.8,nM,7.7,CHEMBL284,Dipeptidyl peptidase 4,N[C@@H](CC(=O)N1CC(=O)Nc2cc(F)c(F)cc2C1)[C@H]1CCc2cc(F)c(F)cc21,7.703334809738469,421.3940000000002,2.9711000000000007,2,3,0
509855,CHEMBL424612,IC50,=,19.8,ug.mL-1,,CHEMBL284,Dipeptidyl peptidase 4,Cc1cccc(C)c1N1C(=O)c2ccc(O)cc2C1=O,7.703334809738469,267.284,2.809640000000001,1,3,0
13856360,CHEMBL3093912,IC50,=,20.0,nM,7.7,CHEMBL284,Dipeptidyl peptidase 4,N#C[C@@H]1C[C@H](F)CN1C(=O)[C@@H](N)Cc1ccccc1C(F)(F)F,7.698970004336019,329.297,2.03778,1,3,0
180579,CHEMBL63895,IC50,=,20.0,nM,7.7,CHEMBL284,Dipeptidyl peptidase 4,O=C([C@@H]1CCCN1)N1CCC[C@H]1B(O)O,7.698970004336019,212.058,-1.2585999999999988,3,4,0
10982108,CHEMBL2063035,IC50,=,20.0,nM,7.7,CHEMBL284,Dipeptidyl peptidase 4,O=C([C@@H]1C[C@@H](O)CN1)N1C[C@@H](O)C[C@H]1B(O)O,7.698970004336019,244.056,-3.3169999999999975,5,6,0
13856279,CHEMBL3093922,IC50,=,20.0,nM,7.7,CHEMBL284,Dipeptidyl peptidase 4,N#C[C@@H]1CCCN1C(=O)[C@@H](N)Cc1ccc([N+](=O)[O-])cc1,7.698970004336019,288.307,0.9791799999999996,1,5,0
341681,CHEMBL3084951,IC50,=,20.0,nM,7.7,CHEMBL284,Dipeptidyl peptidase 4,N[C@H](C(=O)N1CCSC1)[C@H]1CC[C@H](NC(=O)OCc2ccc3ccccc3c2)CC1,7.698970004336019,427.5700000000002,3.485000000000002,2,5,0
2090808,CHEMBL258101,IC50,=,20.0,nM,7.7,CHEMBL284,Dipeptidyl peptidase 4,O=C([C@@H]1CN[C@H](C(=O)N2CCCC2)C1)N1CCN(c2nc(-c3ccccc3)ns2)CC1,7.698970004336019,440.5730000000001,1.4542,1,7,0
3313837,CHEMBL1085333,IC50,=,20.0,nM,7.7,CHEMBL284,Dipeptidyl peptidase 4,CC(C)(CC(=O)N1CCOCC1)NCC(=O)N1C[C@@H](F)C[C@H]1C#N,7.698970004336019,340.399,0.0660800000000021,1,5,0
1970036,CHEMBL399408,IC50,=,20.0,nM,7.7,CHEMBL284,Dipeptidyl peptidase 4,CCC(C)(C)c1nnc(C(=O)[C@@H]2C[C@H](F)CN2C(=O)CNC(C)(C)C)o1,7.698970004336019,368.45300000000015,2.2670000000000003,1,6,0
8038734,CHEMBL1951605,IC50,=,20.0,nM,7.7,CHEMBL284,Dipeptidyl peptidase 4,CC#CCn1c(N2CCC[C@@H](N)C2)c(C#N)c2c1c(=O)n(Cc1nc(C)c3ccccc3n1)c(=O)n2C,7.698970004336019,496.5750000000003,1.6240999999999997,1,7,0
5208658,CHEMBL3216734,IC50,=,20.0,nM,7.7,CHEMBL284,Dipeptidyl peptidase 4,Cc1ccc(-c2c(CC(=O)O)c(C)nc(CC(C)C)c2CN)cc1.Cl.Cl,7.698970004336019,399.362,4.493340000000004,2,3,0
1948898,CHEMBL429258,IC50,=,20.0,nM,7.7,CHEMBL284,Dipeptidyl peptidase 4,C[C@@H]1N[C@H](C(=O)N2CCC[C@H]2C#N)C[C@@H]1C(=O)N1CCOCC1,7.698970004336019,320.3930000000002,-0.2736199999999991,1,5,0
2462050,CHEMBL507738,IC50,=,20.0,nM,7.7,CHEMBL284,Dipeptidyl peptidase 4,C[C@@H]1C(=O)NCCCN1C(=O)C[C@H](N)CN1CCCCC1=O,7.698970004336019,310.3980000000001,-0.5466999999999964,2,4,0
8037771,CHEMBL1951421,IC50,=,20.0,nM,7.7,CHEMBL284,Dipeptidyl peptidase 4,Cn1cnc2c(C#N)c(N3CCC[C@H](N)C3)n(Cc3ccccc3)c2c1=O,7.698970004336019,362.437,1.5824799999999994,1,5,0
2609347,CHEMBL463230,IC50,=,20.0,nM,7.7,CHEMBL284,Dipeptidyl peptidase 4,CC(C)(CC(=O)N[C@H]1C[C@@H]1c1cccc(OC(F)(F)F)c1)NCC(=O)N1C[C@@H](F)C[C@H]1C#N,7.698970004336019,470.4670000000002,2.7781800000000008,2,5,0
2690371,CHEMBL549432,IC50,=,20.0,nM,7.7,CHEMBL284,Dipeptidyl peptidase 4,N[C@@H](CC(=O)N1CCC[C@H]1CNS(=O)(=O)c1ccc(Cl)cc1)Cc1ccccc1F,7.698970004336019,453.96700000000016,2.7085,2,4,0
16329140,CHEMBL3644784,IC50,=,20.0,nM,7.7,CHEMBL284,Dipeptidyl peptidase 4,CCCc1nc2c(c(C(F)(F)F)n1)CCN(C(=O)C[C@H](N)CN1C(=O)CCC(F)(F)C1O)C2,7.698970004336019,479.4500000000003,1.6261,2,6,0
2090807,CHEMBL256691,IC50,=,20.0,nM,7.7,CHEMBL284,Dipeptidyl peptidase 4,Cc1nsc(N2CCN(C(=O)[C@@H]3CN[C@H](C(=O)N4CCCC4)C3)CC2)n1,7.698970004336019,378.5020000000003,0.0956200000000011,1,7,0
5192928,CHEMBL1650424,IC50,=,20.0,nM,7.7,CHEMBL284,Dipeptidyl peptidase 4,N#Cc1ccccc1Cn1c(N2CCC[C@@H](N)C2)ncc(C#CCO)c1=O,7.698970004336019,363.4210000000001,0.4345799999999999,2,6,0
15617500,CHEMBL3580780,IC50,=,20.0,nM,7.7,CHEMBL284,Dipeptidyl peptidase 4,COc1ccc2c(c1)NC(=O)CN(C(=O)C[C@H](N)[C@H]1CCc3cc(F)c(F)cc31)C2,7.698970004336019,415.44000000000017,2.701500000000001,2,4,0
12078487,CHEMBL2159186,IC50,=,20.0,nM,7.7,CHEMBL284,Dipeptidyl peptidase 4,COc1ccc(F)cc1-c1c(CN)c(N)nc2c1c(=O)n(C)c(=O)n2C,7.698970004336019,359.3610000000001,0.4878000000000001,2,6,0
13903926,CHEMBL3112966,IC50,=,20.0,nM,7.7,CHEMBL284,Dipeptidyl peptidase 4,NC[C@]1(c2cccc(Cl)c2)CC[C@H](N2CCCCC2=O)CC1,7.698970004336019,320.8640000000001,3.4916000000000027,1,2,0
23297206,CHEMBL4864734,IC50,=,20.2,nM,7.7,CHEMBL284,Dipeptidyl peptidase 4,COC(=O)c1ccc(Cn2c(=O)cc(N3CCC[C@@H](N)C3)n(Cc3ccccc3C#N)c2=O)cc1,7.694648630553377,473.5330000000002,1.692379999999999,1,7,0
2713688,CHEMBL1202094,IC50,=,20.4,nM,7.69,CHEMBL284,Dipeptidyl peptidase 4,COc1cc(OC)cc(N2CCN(CCNCC(=O)N3CCC[C@@H]3C#N)C2=O)c1.O=C(O)C(=O)O,7.690369832574102,491.50100000000026,0.2055800000000019,3,8,0
29091135,CHEMBL6146627,IC50,=,20.41,nM,7.69,CHEMBL284,Dipeptidyl peptidase 4,Cn1c(=O)c2c(nc(Oc3ccc(C=O)cc3)n2Cc2ccc(F)cc2)n(C)c1=O,7.690156995283929,408.3890000000002,2.2258999999999993,0,5,0
19099023,CHEMBL4567320,IC50,=,20.48,nM,7.69,CHEMBL284,Dipeptidyl peptidase 4,CC#CCn1c(N2CCC[C@@H](N)C2)nc2c1c(=O)n(Cc1ccc(Cl)cc1C(=O)OC)c(=O)n2C,7.688670047696207,498.97100000000023,1.3358,1,7,0
20653413,CHEMBL4634272,IC50,=,20.6,nM,7.69,CHEMBL284,Dipeptidyl peptidase 4,CCOC(=O)c1nc2c(n1C)CN([C@@H]1C[C@H](N)[C@@H](c3cc(F)ccc3F)O[C@@H]1C(F)(F)F)C2,7.686132779630847,474.4300000000001,2.979000000000002,1,6,0
1896380,CHEMBL231009,IC50,=,20.7,nM,7.68,CHEMBL284,Dipeptidyl peptidase 4,CCN1CCCN(C(=O)C[C@H](N)Cc2cc(F)ccc2F)[C@H](C)C1=O,7.684029654543083,353.41300000000007,1.6939999999999995,1,3,0
13421618,CHEMBL2418629,IC50,=,20.84,nM,7.68,CHEMBL284,Dipeptidyl peptidase 4,COc1ccccc1Cn1cc(-c2ccc(C[C@H](N)C(=O)N3CCC[C@H]3C#N)cc2)nn1.Cl,7.681102285372513,466.9730000000001,2.8081800000000015,1,6,0
1968161,CHEMBL233360,IC50,=,21.0,nM,7.68,CHEMBL284,Dipeptidyl peptidase 4,N[C@H]1C[C@@H](N2CCn3c(nnc3C(F)(F)F)C2)CC[C@@H]1c1cc(F)c(F)cc1F,7.67778070526608,419.3730000000001,3.1934000000000013,1,4,0
2252421,CHEMBL522909,IC50,=,21.0,nM,7.68,CHEMBL284,Dipeptidyl peptidase 4,C=CCN(CC=C)C(=O)n1cnc(S(=O)(=O)C2CC3CCC2C3)n1,7.67778070526608,350.4440000000002,1.8825,0,5,0
13856273,CHEMBL3093923,IC50,=,21.0,nM,7.68,CHEMBL284,Dipeptidyl peptidase 4,N#Cc1ccc(C[C@H](N)C(=O)N2CCC[C@H]2C#N)cc1,7.67778070526608,268.31999999999994,0.9426599999999996,1,4,0
2026068,CHEMBL392825,IC50,=,21.0,nM,7.68,CHEMBL284,Dipeptidyl peptidase 4,C[C@@H](C1CCC(N(C)C(=O)C2CC2)CC1)[C@H](N)C(=O)N1CC[C@H](F)C1.Cl,7.67778070526608,389.943,2.3692000000000006,1,3,0
2090796,CHEMBL437592,IC50,=,21.0,nM,7.68,CHEMBL284,Dipeptidyl peptidase 4,CCCc1nsc(N2CCN(C(=O)[C@@H]3CN[C@H](C(=O)N4CCCC4)C3)CC2)n1,7.67778070526608,406.5560000000003,0.7397000000000016,1,7,0
1985694,CHEMBL236705,IC50,=,21.0,nM,7.68,CHEMBL284,Dipeptidyl peptidase 4,N[C@H]1CN(c2cc(-c3ccccc3)ncn2)C[C@@H]1c1cc(F)c(F)cc1F,7.67778070526608,370.378,3.4920000000000027,1,4,0
2609343,CHEMBL464093,IC50,=,21.0,nM,7.68,CHEMBL284,Dipeptidyl peptidase 4,CC(C)(CC(=O)N[C@H]1C[C@@H]1c1cccc(F)c1)NCC(=O)N1C[C@@H](F)C[C@H]1C#N,7.67778070526608,404.46100000000024,2.01868,2,4,0
334012,CHEMBL3084948,IC50,=,21.0,nM,7.68,CHEMBL284,Dipeptidyl peptidase 4,N[C@H](C(=O)N1CCSC1)[C@H]1CC[C@H](NC(=O)c2ccc3ccccc3c2)CC1,7.67778070526608,397.54400000000015,2.9886000000000017,2,4,0
1897548,CHEMBL427261,IC50,=,21.0,nM,7.68,CHEMBL284,Dipeptidyl peptidase 4,N[C@@H](CC(=O)N1CCn2c(nnc2C(F)(F)F)C1)Cc1cc(Cl)ccc1F,7.67778070526608,405.7830000000002,2.3917,1,4,0
710210,CHEMBL22294,IC50,=,21.0,nM,7.68,CHEMBL284,Dipeptidyl peptidase 4,N[C@H](C(=O)N1CCC(F)(F)C1)[C@H]1CC[C@H](NS(=O)(=O)c2ccc(F)cc2F)CC1,7.67778070526608,437.4590000000002,1.9967999999999997,2,4,0
5192924,CHEMBL1650428,IC50,=,21.0,nM,7.68,CHEMBL284,Dipeptidyl peptidase 4,N#Cc1ccccc1Cn1c(N2CCC[C@@H](N)C2)ncc(/C=C/c2ccc(F)cc2)c1=O,7.67778070526608,429.4990000000001,3.400280000000002,1,5,0
2023304,CHEMBL240602,IC50,=,21.0,nM,7.68,CHEMBL284,Dipeptidyl peptidase 4,O=C([C@@H]1C[C@H](N2CCN(C(c3ccccc3)c3ccccc3)CC2)CN1)N1CCSC1,7.67778070526608,436.62500000000034,2.657000000000001,1,5,0
5237577,CHEMBL1683145,IC50,=,21.0,nM,7.68,CHEMBL284,Dipeptidyl peptidase 4,NC(=O)C1CCCC(N2CCC([C@H](N)Cc3cc(F)ccc3F)CC2)C1,7.67778070526608,365.4680000000002,2.5907,2,3,0
2171482,CHEMBL255492,IC50,=,21.0,nM,7.68,CHEMBL284,Dipeptidyl peptidase 4,CC#CCn1c(N2CCCC(N)C2)nc2ccn(Cc3nc(C)cc4ccccc34)c(=O)c21,7.67778070526608,440.5510000000003,3.053720000000001,1,5,0
1960112,CHEMBL234635,IC50,=,21.0,nM,7.68,CHEMBL284,Dipeptidyl peptidase 4,N[C@H]1C[C@@H](N2CCn3c(C(F)(F)F)cnc3C2)CCC1c1cc(F)c(F)cc1F,7.67778070526608,418.3850000000001,3.798400000000002,1,3,0
2252407,CHEMBL504823,IC50,=,21.0,nM,7.68,CHEMBL284,Dipeptidyl peptidase 4,N[C@H]1CCCN([P@@](N)(=O)NS(=O)(=O)O)C1=O,7.67778070526608,272.22300000000007,-1.6046999999999991,4,5,0
17672039,CHEMBL3654428,IC50,=,21.1,nM,7.68,CHEMBL284,Dipeptidyl peptidase 4,CC(C)(O)Cn1cc2c(n1)CN([C@H]1CCO[C@H](c3cc(F)ccc3F)[C@@H](N)C1)C2,7.675717544702307,406.4770000000001,2.495400000000001,2,5,0
478635,CHEMBL313952,IC50,=,21.3,ug.mL-1,,CHEMBL284,Dipeptidyl peptidase 4,CC(C)c1cccc(C(C)C)c1N1C(=O)c2ccc(O)cc2C1=O,7.671620396561262,323.392,4.439600000000004,1,3,0
2410505,CHEMBL485124,IC50,=,22.0,nM,7.66,CHEMBL284,Dipeptidyl peptidase 4,Cc1nccnc1C(=O)N1CCC([C@H](N)Cc2cc(F)c(F)cc2F)CC1,7.657577319177793,378.3980000000001,2.6245200000000013,1,4,0
2275127,CHEMBL474394,IC50,=,22.0,nM,7.66,CHEMBL284,Dipeptidyl peptidase 4,COC[C@H]1CCCN1C(=O)CC[C@H](N)C(=O)N1CCC[C@H]1C#N.O=C(O)C(F)(F)F,7.657577319177793,436.43100000000015,0.8791800000000012,2,6,0
1669226,CHEMBL425756,IC50,=,22.0,nM,7.66,CHEMBL284,Dipeptidyl peptidase 4,CC(C)(CC(=O)N1CCc2cc(F)cc(F)c2C1)NCC(=O)N1CCC[C@H]1C#N,7.657577319177793,404.4610000000002,2.12238,1,4,0
2451394,CHEMBL510594,IC50,=,22.0,nM,7.66,CHEMBL284,Dipeptidyl peptidase 4,CC(C)[C@H](N)C(=O)N1CSC[C@H]1B(O)O,7.657577319177793,232.114,-1.1167999999999998,3,5,0
327148,CHEMBL77538,IC50,=,22.0,nM,7.66,CHEMBL284,Dipeptidyl peptidase 4,N#Cc1ccc(NCCNCC(=O)N2CCC[C@H]2C#N)nc1,7.657577319177793,298.34999999999997,0.4693599999999993,2,6,0
2190154,CHEMBL512694,IC50,=,22.0,nM,7.66,CHEMBL284,Dipeptidyl peptidase 4,CC(C)(NCC(=O)N1C[C@@H](F)C[C@H]1C#N)c1ccccn1,7.657577319177793,290.342,1.3688799999999997,1,4,0
15065891,CHEMBL3329641,IC50,=,22.0,nM,7.66,CHEMBL284,Dipeptidyl peptidase 4,Cn1c(=O)n(Cc2ccccc2C#N)c2c(N3CC[C@@H](N)C3)ccnc21,7.657577319177793,348.4100000000001,1.192379999999999,1,5,0
2609344,CHEMBL463277,IC50,=,22.0,nM,7.66,CHEMBL284,Dipeptidyl peptidase 4,COc1ccc([C@H]2C[C@@H]2NC(=O)CC(C)(C)NCC(=O)N2C[C@@H](F)C[C@H]2C#N)cc1,7.657577319177793,416.4970000000001,1.88818,2,5,0
1944665,CHEMBL244009,IC50,=,22.0,nM,7.66,CHEMBL284,Dipeptidyl peptidase 4,CCOc1cc(O)cc(OCC)c1[C@@H]1CN[C@H](C(=O)N2CCC[C@H]2C#N)C1,7.657577319177793,373.4530000000002,2.14968,2,6,0
18314053,CHEMBL4176189,IC50,=,22.0,nM,7.66,CHEMBL284,Dipeptidyl peptidase 4,CC(C)[C@H](N)C(=O)N1CCCC1B(O)O,7.657577319177793,214.074,-1.0272999999999988,3,4,0
12044086,CHEMBL2147183,IC50,=,22.0,nM,7.66,CHEMBL284,Dipeptidyl peptidase 4,Cn1c(=O)c2c(nc(N3CCC[C@@H](N)C3)n2Cc2ccccc2Cl)c2ccc(CO)cc21,7.657577319177793,451.9580000000001,3.009700000000002,2,5,0
2026073,CHEMBL245379,IC50,=,22.0,nM,7.66,CHEMBL284,Dipeptidyl peptidase 4,C[C@@H](C1CCC(N(C)C(=O)c2cccc(F)c2)CC1)[C@H](N)C(=O)N1CC[C@H](F)C1.Cl,7.657577319177793,443.9660000000002,3.412100000000002,1,3,0
13856367,CHEMBL3093911,IC50,=,22.0,nM,7.66,CHEMBL284,Dipeptidyl peptidase 4,N#Cc1ccccc1C[C@H](N)C(=O)N1C[C@@H](F)C[C@H]1C#N,7.657577319177793,286.30999999999995,0.8906600000000001,1,4,0
2605879,CHEMBL456413,IC50,=,22.0,nM,7.66,CHEMBL284,Dipeptidyl peptidase 4,N#C[C@H]1C[C@@H](F)CN1C(=O)[C@@H](N)C(c1ccc(F)cc1)c1ccc(F)cc1,7.657577319177793,373.378,2.8865800000000013,1,3,0
860085,CHEMBL3084825,IC50,=,22.0,nM,7.66,CHEMBL284,Dipeptidyl peptidase 4,CC(C)(C)NC(=O)O[C@@]12C[C@@H]3C[C@@H](C[C@](NCC(=O)N4CCC[C@H]4C#N)(C3)C1)C2,7.657577319177793,402.5390000000002,2.7066800000000013,2,5,0
12588806,CHEMBL1229644,IC50,=,22.0,nM,7.66,CHEMBL284,Dipeptidyl peptidase 4,CC(C)(CO)NCC(=O)N1C[C@@H](F)C[C@H]1[C@@H](O)c1nnc(C(C)(C)C)o1,7.657577319177793,372.44100000000014,0.7,3,7,0
2995139,CHEMBL585290,IC50,=,22.0,nM,7.66,CHEMBL284,Dipeptidyl peptidase 4,N[C@@H](CC(=O)N1CCC[C@H]1c1noc(C2(F)CC2)n1)Cc1cc(F)c(F)cc1F,7.657577319177793,412.38700000000006,3.0691000000000015,1,5,0
341675,CHEMBL25211,IC50,=,22.0,nM,7.66,CHEMBL284,Dipeptidyl peptidase 4,N[C@H](C(=O)N1CCSC1)[C@H]1CC[C@H](NS(=O)(=O)c2ccc(OC(F)(F)F)cc2)CC1,7.657577319177793,467.5350000000002,2.2825,2,6,0
3099271,CHEMBL592778,IC50,=,22.0,nM,7.66,CHEMBL284,Dipeptidyl peptidase 4,COc1cc2c(cc1OC)[C@@H]1C[C@H](N)[C@@H](N3CCCCC3=O)CN1CC2,7.657577319177793,359.4700000000002,1.7150999999999998,1,5,0
2706911,CHEMBL562530,IC50,=,22.0,nM,7.66,CHEMBL284,Dipeptidyl peptidase 4,N[C@H]1Cn2c(nc3c(F)c(F)c(F)cc32)C[C@@H]1c1cc(F)c(F)cc1F.O=C(O)C(F)(F)F,7.657577319177793,485.306,4.171400000000001,2,3,0
5192925,CHEMBL1650427,IC50,=,22.0,nM,7.66,CHEMBL284,Dipeptidyl peptidase 4,N#Cc1ccccc1Cn1c(N2CCC[C@@H](N)C2)ncc(/C=C/c2ccccc2)c1=O,7.657577319177793,411.50900000000007,3.261180000000002,1,5,0
1970029,CHEMBL232185,IC50,=,22.0,nM,7.66,CHEMBL284,Dipeptidyl peptidase 4,CC(C)(CO)NCC(=O)N1C[C@@H](F)C[C@H]1C(=O)c1nnc(C(C)(C)C)o1,7.657577319177793,370.4250000000001,0.8492999999999999,2,7,0
13441698,CHEMBL2425885,IC50,=,22.0,nM,7.66,CHEMBL284,Dipeptidyl peptidase 4,CC#CCn1c(N2CCC[C@@H](N)C2)cc(=O)n(Cc2nc3ccccc3[nH]2)c1=O,7.657577319177793,392.4630000000001,0.8853999999999991,2,5,0
25491585,CHEMBL5402568,IC50,=,22.1,nM,7.66,CHEMBL284,Dipeptidyl peptidase 4,Nc1nc(NC2=NC(c3ccccc3)=CC(c3cccc(O)c3)O2)nc(N2CCOCC2)n1,7.655607726314889,445.48300000000035,2.5765,3,10,0
20653420,CHEMBL4640418,IC50,=,22.1,nM,7.66,CHEMBL284,Dipeptidyl peptidase 4,CS(=O)(=O)n1cc2c(n1)CN([C@H]1CO[C@H](c3cc(F)ccc3F)[C@@H](N)[C@H]1F)C2,7.655607726314889,416.42500000000007,1.0900999999999998,1,6,0
25491586,CHEMBL5435542,IC50,=,22.4,nM,7.65,CHEMBL284,Dipeptidyl peptidase 4,Nc1nc(NC2=NC(c3ccccc3)=CC(c3ccc(O)cc3)O2)nc(N2CCOCC2)n1,7.649751981665837,445.48300000000035,2.5765,3,10,0
29091132,CHEMBL6160472,IC50,=,22.48,nM,7.65,CHEMBL284,Dipeptidyl peptidase 4,Cn1c(=O)c2c(nc(Oc3ccc([N+](=O)[O-])cc3)n2Cc2ccc(Cl)cc2Cl)n(C)c1=O,7.648203693102976,476.27600000000024,3.489300000000002,0,6,0
5244155,CHEMBL1683978,IC50,=,22.53,nM,7.65,CHEMBL284,Dipeptidyl peptidase 4,Cl.N[C@@H](CC(=O)N1CCn2nnc(C(F)F)c2C1)Cc1cc(F)c(F)cc1F,7.647238808276169,425.78900000000016,2.3571,1,4,0
5244135,CHEMBL1683998,IC50,=,22.76,nM,7.64,CHEMBL284,Dipeptidyl peptidase 4,Cl.N[C@@H](CC(=O)N1CCn2nnc(-c3cccs3)c2C1)Cc1cc(F)c(F)cc1F,7.642827742276967,457.90900000000016,3.1480000000000015,1,5,0
15714350,CHEMBL4296719,IC50,=,23.0,nM,7.64,CHEMBL284,Dipeptidyl peptidase 4,O=C(CN[C@@H]1CCNC1)N1CCC[C@H]1B(O)O,7.638272163982407,241.1,-2.0590999999999973,4,5,0
5192940,CHEMBL1650412,IC50,=,23.0,nM,7.64,CHEMBL284,Dipeptidyl peptidase 4,N#Cc1ccccc1Cn1c(N2CCC[C@@H](N)C2)nc(-c2ccccc2)cc1=O,7.638272163982407,385.47100000000006,2.7577800000000012,1,5,0
13856339,CHEMBL3091488,IC50,=,23.0,nM,7.64,CHEMBL284,Dipeptidyl peptidase 4,N#C[C@@H]1C[C@H](F)CN1C(=O)[C@@H](N)Cc1ccc(F)c(F)c1F,7.638272163982407,315.27,1.43628,1,3,0
3603859,CHEMBL1287901,IC50,=,23.0,nM,7.64,CHEMBL284,Dipeptidyl peptidase 4,Cc1ccc(F)cc1Cn1c(N2CCC[C@@](C)(N)C2)cc2ncn(C)c(=O)c21.Cl,7.638272163982407,419.9320000000001,2.9702200000000016,1,4,0
5192938,CHEMBL1650414,IC50,=,23.0,nM,7.64,CHEMBL284,Dipeptidyl peptidase 4,N#Cc1ccccc1Cn1c(N2CCC[C@@H](N)C2)ncc(-c2ccccc2)c1=O,7.638272163982407,385.47100000000006,2.7577800000000012,1,5,0
2090793,CHEMBL270163,IC50,=,23.0,nM,7.64,CHEMBL284,Dipeptidyl peptidase 4,O=C([C@@H]1CN[C@H](C(=O)N2CCCC2)C1)N1CCN(c2nc(C(F)(F)F)ns2)CC1,7.638272163982407,432.472,0.8059999999999992,1,7,0
8037769,CHEMBL1951419,IC50,=,23.0,nM,7.64,CHEMBL284,Dipeptidyl peptidase 4,CC#CCn1c(N2CCNCC2)c(C#N)c2ncn(CC(=O)c3cccc(OC)c3)c(=O)c21,7.638272163982407,444.49500000000023,1.3940799999999989,1,7,0
843896,CHEMBL319798,IC50,=,23.0,nM,7.64,CHEMBL284,Dipeptidyl peptidase 4,N#C[C@@H]1CCCN1C(=O)CNC1CCN(C(=O)C2CCCCC2)CC1,7.638272163982407,346.4750000000003,1.6618799999999994,1,4,0
10982098,CHEMBL2063025,IC50,=,23.0,nM,7.64,CHEMBL284,Dipeptidyl peptidase 4,C[C@H](N)C(=O)N1C[C@H](O)C[C@H]1B(O)O,7.638272163982407,202.019,-2.692599999999998,4,5,0
1958918,CHEMBL235120,IC50,=,23.0,nM,7.64,CHEMBL284,Dipeptidyl peptidase 4,N[C@@H](CC(=O)N1CCn2c(nnc2C(F)(F)F)C1)Cc1ccc(Cl)cc1Cl,7.638272163982407,422.23800000000017,2.9060000000000006,1,4,0
12588810,CHEMBL2298396,IC50,=,23.0,nM,7.64,CHEMBL284,Dipeptidyl peptidase 4,N#C[C@@H]1C[C@@H]2C[C@@H]2N1C(=O)[C@@H](N)C12C[C@H]3C[C@@H](C1)C[C@](O)(C3)C2,7.638272163982407,315.4170000000001,1.157979999999999,2,4,0
2068824,CHEMBL2021541,IC50,=,23.0,nM,7.64,CHEMBL284,Dipeptidyl peptidase 4,C[C@H]1CN(C(=O)C[C@H](N)Cc2cc(F)c(F)cc2F)Cc2ccc(C(F)(F)F)n21.Cl,7.638272163982407,455.8300000000001,4.209300000000003,1,2,0
706255,CHEMBL423108,IC50,=,23.0,nM,7.64,CHEMBL284,Dipeptidyl peptidase 4,N[C@H](C(=O)N1CCC(F)(F)C1)[C@H]1CC[C@H](NS(=O)(=O)c2ccc(OC(F)(F)F)cc2)CC1,7.638272163982407,485.4750000000002,2.6172000000000004,2,5,0
5240829,CHEMBL1683571,IC50,=,23.0,nM,7.64,CHEMBL284,Dipeptidyl peptidase 4,N[C@H]1CN(c2ncnc(N3CCC(F)(F)C3)n2)C[C@@H]1N1CC(F)(F)CCC1=O,7.638272163982407,403.3840000000001,0.4905999999999995,1,7,0
1944667,CHEMBL244008,IC50,=,23.0,nM,7.64,CHEMBL284,Dipeptidyl peptidase 4,COc1cc(O)cc(OC)c1[C@@H]1CN[C@H](C(=O)N2CCC[C@H]2C#N)C1,7.638272163982407,345.39900000000017,1.3694799999999996,2,6,0
1698112,CHEMBL381806,IC50,=,23.0,nM,7.64,CHEMBL284,Dipeptidyl peptidase 4,NC(=O)[C@@H]1Cc2ccccc2CN1C(=O)C[C@H](N)Cc1ccccc1F,7.638272163982407,355.41300000000007,1.5244,2,3,0
29091139,CHEMBL6102689,IC50,=,23.23,nM,7.63,CHEMBL284,Dipeptidyl peptidase 4,C=CCn1c(=O)c2c(ncn2Cc2ccc(C#N)cc2)n(Cc2ccccc2)c1=O,7.633950790199765,397.43800000000016,2.513980000000001,0,4,0
473917,CHEMBL283880,IC50,=,23.4,ug.mL-1,,CHEMBL284,Dipeptidyl peptidase 4,Cc1cccc(C)c1N1C(=O)c2ccc(N)cc2C1=O,7.6307841425898575,266.3,2.6862400000000006,1,3,0
23297215,CHEMBL4858093,IC50,=,23.7,nM,7.62,CHEMBL284,Dipeptidyl peptidase 4,CC#CCn1c(N2CCC[C@@H](N)C2)cc(=O)n(Cc2cccc(C(=O)N[C@@H](C)C(=O)OC)c2)c1=O,7.625251653989896,481.5530000000002,0.3004000000000024,2,7,0
25491584,CHEMBL5433150,IC50,=,23.8,nM,7.62,CHEMBL284,Dipeptidyl peptidase 4,Nc1nc(NC2=NC(c3ccccc3)=CC(c3ccccc3O)O2)nc(N2CCOCC2)n1,7.623423042943488,445.48300000000035,2.5765,3,10,0
2130854,CHEMBL402466,IC50,=,24.0,nM,7.62,CHEMBL284,Dipeptidyl peptidase 4,CCN(CC#N)C(=O)[C@@H]1C[C@H](C(=O)N2CCOCC2)[C@H](C)N1,7.619788758288394,308.382,-0.4161199999999975,1,5,0
3313836,CHEMBL1085595,IC50,=,24.0,nM,7.62,CHEMBL284,Dipeptidyl peptidase 4,CC(C)(CC(=O)N1CCN(S(C)(=O)=O)CC1)NCC(=O)N1C[C@@H](F)C[C@H]1C#N,7.619788758288394,417.5070000000002,-0.6889199999999962,1,6,0
309669,CHEMBL3084936,IC50,=,24.0,nM,7.62,CHEMBL284,Dipeptidyl peptidase 4,N#Cc1cccc(S(=O)(=O)N[C@H]2CC[C@H]([C@H](N)C(=O)N3CCSC3)CC2)c1,7.619788758288394,408.54900000000026,1.2555799999999997,2,6,0
17660168,CHEMBL3686742,IC50,=,24.0,nM,7.62,CHEMBL284,Dipeptidyl peptidase 4,OB(O)[C@@H]1CCCN1C(=S)CNCc1ccccc1,7.619788758288394,278.18600000000004,0.5799999999999994,3,4,0
2171474,CHEMBL255517,IC50,=,24.0,nM,7.62,CHEMBL284,Dipeptidyl peptidase 4,CC#CCn1c(C(=O)NCc2nc(C)cc3ccccc23)nnc1N1CCCC(N)C1,7.619788758288394,417.5170000000002,2.0155199999999995,2,6,0
853115,CHEMBL96908,IC50,=,24.0,nM,7.62,CHEMBL284,Dipeptidyl peptidase 4,CC(C)(Cc1ccccc1)NCC(=O)N1CCC[C@H]1C#N,7.619788758288394,285.39099999999996,2.11188,1,3,0
310883,CHEMBL3084943,IC50,=,24.0,nM,7.62,CHEMBL284,Dipeptidyl peptidase 4,N[C@H](C(=O)N1CCSC1)[C@H]1CC[C@H](NS(=O)(=O)c2ccc(F)c(F)c2F)CC1,7.619788758288394,437.5090000000002,1.8011999999999997,2,5,0
12078485,CHEMBL2159184,IC50,=,24.0,nM,7.62,CHEMBL284,Dipeptidyl peptidase 4,Cn1c(=O)c2c(-c3ccc(Cl)cc3Cl)c(CN)c(N)nc2n(C)c1=O,7.619788758288394,380.2350000000001,1.6468999999999996,2,5,0
3313843,CHEMBL1086039,IC50,=,24.0,nM,7.62,CHEMBL284,Dipeptidyl peptidase 4,CC(C)(CC(=O)N1CCC[C@H]1CO)NCC(=O)N1C[C@@H](F)C[C@H]1C#N,7.619788758288394,354.4260000000001,0.1905800000000013,2,5,0
2609336,CHEMBL472797,IC50,=,24.0,nM,7.62,CHEMBL284,Dipeptidyl peptidase 4,CC(C)(CC(=O)N[C@H]1C[C@@H]1c1cccnc1)NCC(=O)N1C[C@@H](F)C[C@H]1C#N,7.619788758288394,387.4590000000002,1.2745800000000005,2,5,0
3317315,CHEMBL1083031,IC50,=,24.0,nM,7.62,CHEMBL284,Dipeptidyl peptidase 4,COC(=O)N1C[C@H]2C[C@@H](NCC(=O)N3CCC[C@H]3C#N)C[C@H]2C1,7.619788758288394,320.39300000000003,0.56738,1,5,0
2690372,CHEMBL560183,IC50,=,24.0,nM,7.62,CHEMBL284,Dipeptidyl peptidase 4,N[C@@H](CC(=O)N1CCC[C@H]1CNS(=O)(=O)c1cc(Cl)ccc1Cl)Cc1ccccc1F,7.619788758288394,488.4120000000002,3.361900000000001,2,4,0
2130861,CHEMBL407296,IC50,=,24.0,nM,7.62,CHEMBL284,Dipeptidyl peptidase 4,CCN(CC#N)C(=O)[C@@H]1C[C@H](C(=O)N(C)C)[C@H](C)N1,7.619788758288394,266.34499999999997,-0.1867199999999988,1,4,0
1896364,CHEMBL230389,IC50,=,24.6,nM,7.61,CHEMBL284,Dipeptidyl peptidase 4,C[C@H]1CNC(=O)[C@@H](CC(F)(F)F)N(C(=O)C[C@H](N)Cc2cc(F)c(F)cc2F)C1,7.609064892896621,425.3730000000001,2.279300000000001,2,3,0
24967459,CHEMBL5220053,IC50,=,24.7,nM,7.61,CHEMBL284,Dipeptidyl peptidase 4,C=COC(=O)[C@@H]1CCCN1C(=O)CNC(=O)OC(C)(C)C,7.607303046740334,298.339,1.1888,1,5,0
10991410,CHEMBL2069848,IC50,=,24.9,nM,7.6,CHEMBL284,Dipeptidyl peptidase 4,N[C@@H](CC(=O)N1CCN(C(=O)c2ccc3ccccc3n2)CC1)Cc1cc(F)c(F)cc1F,7.603800652904264,456.46800000000025,2.896600000000002,1,4,0
2171471,CHEMBL256929,IC50,=,25.0,nM,7.6,CHEMBL284,Dipeptidyl peptidase 4,CC#CCn1c(N2CCC[C@H](N)C2)nc2cnn(CC3=Nc4ccccc4Oc4ccccc43)c(=O)c21,7.602059991327963,493.5710000000003,3.470500000000002,1,7,0
2515619,CHEMBL515869,IC50,=,25.0,nM,7.6,CHEMBL284,Dipeptidyl peptidase 4,O=C([C@@H]1C[C@H](N2CCN(c3ncccn3)CC2)CN1)N1CC(F)(F)C(F)(F)C1,7.602059991327963,402.3960000000001,0.4418999999999998,1,6,0
2130862,CHEMBL259198,IC50,=,25.0,nM,7.6,CHEMBL284,Dipeptidyl peptidase 4,C[C@@H]1N[C@H](C(=O)N(C)CC#N)C[C@@H]1C(=O)N(C)C,7.602059991327963,252.318,-0.5768199999999988,1,4,0
8038731,CHEMBL1951602,IC50,=,25.0,nM,7.6,CHEMBL284,Dipeptidyl peptidase 4,CC(C)=CCn1c(N2CCC[C@H](N)C2)c(C#N)c2c1c(=O)n(Cc1ncccc1C#N)c(=O)n2C,7.602059991327963,472.5530000000003,1.5820599999999998,1,7,0
322177,CHEMBL23176,IC50,=,25.0,nM,7.6,CHEMBL284,Dipeptidyl peptidase 4,N[C@H](C(=O)N1CCSC1)[C@H]1CC[C@H](NC(=O)OCc2ccccc2)CC1,7.602059991327963,377.51000000000016,2.3318000000000003,2,5,0
165758,CHEMBL1790483,IC50,=,25.0,nM,7.6,CHEMBL284,Dipeptidyl peptidase 4,CC[C@H](C)[C@H](N)C(=O)N1CCC[C@H]1B(O)O,7.602059991327963,228.10099999999997,-0.637199999999999,3,4,0
2252405,CHEMBL495932,IC50,=,25.0,nM,7.6,CHEMBL284,Dipeptidyl peptidase 4,N[C@H]1CCCCN(P(N)(=O)NS(=O)(=O)O)C1=O,7.602059991327963,286.25000000000006,-1.214599999999999,4,5,0
1970028,CHEMBL393947,IC50,=,25.0,nM,7.6,CHEMBL284,Dipeptidyl peptidase 4,CC(C)(Cc1ccc(F)cc1)NCC(=O)N1C[C@@H](F)C[C@H]1C(=O)c1nnc(C(C)(C)C)o1,7.602059991327963,448.5140000000003,3.238800000000002,1,6,0
1692682,CHEMBL381145,IC50,=,25.0,nM,7.6,CHEMBL284,Dipeptidyl peptidase 4,C[C@@H](c1ccc(-c2ccc(O)nc2)cc1)[C@H](N)C(=O)N1CC[C@H](F)C1.O=C(O)C(F)(F)F,7.602059991327963,457.42400000000015,3.088700000000001,3,5,0
15714196,CHEMBL3616901,IC50,=,25.0,nM,7.6,CHEMBL284,Dipeptidyl peptidase 4,CC#CCn1c(N2CCNCC2)nc2c1c(=O)n(Cc1nc(OC)c3ccccc3n1)c(=O)n2C,7.602059991327963,474.52500000000026,0.3297000000000003,1,8,0
2275053,CHEMBL514006,IC50,=,25.0,nM,7.6,CHEMBL284,Dipeptidyl peptidase 4,CC(C)(CC(=O)N1CCc2ccsc2C1)[C@H](N)C(=O)N1CCC[C@H]1C#N.O=C(O)C(F)(F)F,7.602059991327963,488.53200000000027,2.52428,2,6,0
2045017,CHEMBL250787,IC50,=,25.0,nM,7.6,CHEMBL284,Dipeptidyl peptidase 4,C[C@@H]1c2nc(C(F)(F)F)nn2CCN1C(=O)C[C@H](N)Cc1cc(F)c(F)cc1F,7.602059991327963,421.3450000000001,2.577500000000001,1,4,0
1615070,CHEMBL362922,IC50,=,25.0,nM,7.6,CHEMBL284,Dipeptidyl peptidase 4,O=C(CNC1CC2CCCC1C2)N1CCC[C@H]1C(O)O,7.602059991327963,282.38399999999996,0.4563999999999997,3,4,0
8037772,CHEMBL1951422,IC50,=,25.0,nM,7.6,CHEMBL284,Dipeptidyl peptidase 4,COc1cccc(C(=O)Cn2cnc3c(C#N)c(N4CCC[C@@H](N)C4)n(Cc4ccccc4)c3c2=O)c1,7.602059991327963,496.5710000000004,2.936980000000001,1,7,0
1603596,CHEMBL371429,IC50,=,25.0,nM,7.6,CHEMBL284,Dipeptidyl peptidase 4,O=C(CNC1CCCC1)N1CCC[C@H]1B(O)O,7.602059991327963,240.112,-0.4783999999999996,3,4,0
1855531,CHEMBL374688,IC50,=,25.2,nM,7.6,CHEMBL284,Dipeptidyl peptidase 4,N#Cc1ccc(N[C@@H]2CN[C@H](C(=O)N3CCSC3)C2)cc1,7.598599459218456,302.4030000000001,1.2335799999999997,2,5,0
1855564,CHEMBL390513,IC50,=,25.4,nM,7.59,CHEMBL284,Dipeptidyl peptidase 4,N#Cc1ccc(N[C@@H]2CN[C@H](C(=O)N3CCSC3)C2)nc1,7.595166283380062,303.3910000000001,0.6285799999999995,2,6,0
17632183,CHEMBL3697943,IC50,=,25.4,nM,7.59,CHEMBL284,Dipeptidyl peptidase 4,N[C@H]1C[C@@H](N2Cc3cn[nH]c3C2)CN(CCN2CCC(F)(F)C2)C1c1cc(F)ccc1F,7.595166283380062,452.5000000000001,2.4874,2,5,0
13421627,CHEMBL2418637,IC50,=,25.5,nM,7.59,CHEMBL284,Dipeptidyl peptidase 4,Cl.N#C[C@@H]1CCCN1C(=O)[C@@H](N)Cc1ccc(-c2cn(CCc3ccccc3)nn2)cc1,7.5934598195660445,450.97400000000016,2.9939800000000014,1,5,0
2713684,CHEMBL1202089,IC50,=,25.8,nM,7.59,CHEMBL284,Dipeptidyl peptidase 4,N#C[C@H]1CCCN1C(=O)CNCCN1CCN(c2ccc(Cl)cc2)C1=O.O=C(O)C(=O)O,7.58838029403677,465.8940000000002,0.8417800000000006,3,6,0
2697714,CHEMBL564670,IC50,=,26.0,nM,7.58,CHEMBL284,Dipeptidyl peptidase 4,Cl.N#C[C@@H]1CS[C@H]2C[C@](N)(c3ccccc3)C(=O)N12,7.585026652029182,295.795,1.45978,1,4,0
168408,CHEMBL67279,IC50,=,26.0,nM,7.58,CHEMBL284,Dipeptidyl peptidase 4,CC(C)[C@H](N)C(=O)N1CCC[C@H]1B(O)O,7.585026652029182,214.074,-1.0272999999999988,3,4,0
1905799,CHEMBL231294,IC50,=,26.0,nM,7.58,CHEMBL284,Dipeptidyl peptidase 4,N[C@H]1CN(c2ccn3cnnc3n2)CC[C@@H]1c1cc(F)c(F)cc1F.O=C(O)C(F)(F)F,7.585026652029182,462.354,2.4961,2,6,0
5240826,CHEMBL1683568,IC50,=,26.0,nM,7.58,CHEMBL284,Dipeptidyl peptidase 4,N[C@H]1CN(c2cc(N3CCC(F)(F)C3)ncn2)C[C@@H]1N1CCCCC1=O,7.585026652029182,366.41600000000017,0.8503999999999996,1,6,0
2410502,CHEMBL498749,IC50,=,26.0,nM,7.58,CHEMBL284,Dipeptidyl peptidase 4,N[C@H](Cc1cc(F)c(F)cc1F)C1CCN(C(=O)c2cc3ccccc3cn2)CC1,7.585026652029182,413.44300000000015,4.074300000000004,1,3,0
3313838,CHEMBL1085332,IC50,=,26.0,nM,7.58,CHEMBL284,Dipeptidyl peptidase 4,CC(C)(CC(=O)N1CCC(=O)CC1)NCC(=O)N1C[C@@H](F)C[C@H]1C#N,7.585026652029182,352.4100000000001,0.3987800000000017,1,5,0
1520016,CHEMBL195030,IC50,=,26.0,nM,7.58,CHEMBL284,Dipeptidyl peptidase 4,N[C@@H](CC(=O)N1CCc2sc(-c3ccc(F)cc3)nc2C1)Cc1cc(F)ccc1F,7.585026652029182,431.4830000000002,4.072200000000003,1,4,0
842721,CHEMBL95088,IC50,=,26.0,nM,7.58,CHEMBL284,Dipeptidyl peptidase 4,N#C[C@@H]1CCCN1C(=O)CNC1(CO)CCCC1,7.585026652029182,251.32999999999996,0.3956799999999993,2,4,0
16584421,CHEMBL3804982,IC50,=,26.0,nM,7.58,CHEMBL284,Dipeptidyl peptidase 4,Cc1cc2nc3c(cn2n1)CN([C@@H]1CC[C@H](c2cc(F)ccc2F)[C@@H](N)C1)C3,7.585026652029182,383.44600000000014,3.2951200000000016,1,4,0
2609345,CHEMBL518831,IC50,=,26.0,nM,7.58,CHEMBL284,Dipeptidyl peptidase 4,COc1cccc([C@H]2C[C@@H]2NC(=O)CC(C)(C)NCC(=O)N2C[C@@H](F)C[C@H]2C#N)c1,7.585026652029182,416.4970000000002,1.88818,2,5,0
2171469,CHEMBL256928,IC50,=,26.0,nM,7.58,CHEMBL284,Dipeptidyl peptidase 4,CC#CCn1c(N2CCCC(N)C2)nc2cnn(CC(=O)c3ccccc3)c(=O)c21,7.585026652029182,404.4740000000002,1.4266999999999996,1,6,0
2609348,CHEMBL463231,IC50,=,26.0,nM,7.58,CHEMBL284,Dipeptidyl peptidase 4,CC(C)(CC(=O)N[C@H]1C[C@@H]1c1cccc(Cl)c1)NCC(=O)N1CC(F)(F)C[C@H]1C#N,7.585026652029182,438.90600000000023,2.8301800000000013,2,4,0
318589,CHEMBL3084938,IC50,=,26.0,nM,7.58,CHEMBL284,Dipeptidyl peptidase 4,CN(C)C(=O)Nc1ccc(S(=O)(=O)N[C@H]2CC[C@H]([C@H](N)C(=O)N3CCCC3)CC2)cc1,7.585026652029182,451.5930000000003,1.5669000000000008,3,5,0
1692796,CHEMBL206501,IC50,=,26.0,nM,7.58,CHEMBL284,Dipeptidyl peptidase 4,C[C@@H](c1ccc(-c2ccc(=O)n(C)c2)cc1)[C@H](N)C(=O)N1CCC(F)(F)C1.O=C(O)C(F)(F)F,7.585026652029182,489.4410000000002,2.984000000000001,2,4,0
1692794,CHEMBL377724,IC50,=,26.0,nM,7.58,CHEMBL284,Dipeptidyl peptidase 4,C[C@@H](c1ccc(-c2ccc(=O)n(C)c2)cc1)[C@H](N)C(=O)N1CCSC1.O=C(O)C(F)(F)F,7.585026652029182,471.5010000000002,2.6493,2,5,0
6335425,CHEMBL1819091,IC50,=,26.0,nM,7.58,CHEMBL284,Dipeptidyl peptidase 4,CC[C@@]1(N)CCCN(c2cc3c(c(=O)n(C)c(=O)n3C)n2Cc2cc(F)ccc2C#N)C1,7.585026652029182,438.5070000000002,1.80548,1,5,0
6301107,CHEMBL1808463,IC50,=,26.0,nM,7.58,CHEMBL284,Dipeptidyl peptidase 4,CC(C)Cc1nc2ccc(OCC(N)=O)cc2c(-c2ccc(F)cc2)c1CN,7.585026652029182,381.4510000000001,3.5622000000000007,2,4,0
11014688,CHEMBL2086599,IC50,=,26.0,nM,7.58,CHEMBL284,Dipeptidyl peptidase 4,N#Cc1ccc(C(=O)NCCCC(=O)N2CCC[C@H]2C(N)=O)cc1,7.585026652029182,328.37199999999996,0.54458,2,4,0
29091143,CHEMBL6133793,IC50,=,26.2,nM,7.58,CHEMBL284,Dipeptidyl peptidase 4,Cn1c(=O)[nH]c(=O)c2c1nc(N1CCOCC1)n2Cc1ccc(Cl)cc1,7.581698708680254,375.816,0.9615999999999998,1,5,0
1855511,CHEMBL227615,IC50,=,26.4,nM,7.58,CHEMBL284,Dipeptidyl peptidase 4,O=C([C@@H]1C[C@H](N2Cc3ccccc3C2)CN1)N1CCSC1,7.578396073130169,303.43100000000004,1.2655999999999996,1,4,0
29091142,CHEMBL6091758,IC50,=,26.45,nM,7.58,CHEMBL284,Dipeptidyl peptidase 4,Cc1ccc(Cn2cnc3c2c(=O)n(Cc2ccc(C#N)cc2)c(=O)n3C)cc1,7.577574323628795,385.42700000000013,2.1734,0,4,0
18357670,CHEMBL4173215,IC50,=,26.6,nM,7.58,CHEMBL284,Dipeptidyl peptidase 4,N#Cc1ccc(F)cc1Cn1c(N2CCC[C@@H](N)C2)nc2ccn(Cc3cc(F)ccc3C#N)c2c1=O,7.575118363368933,499.52500000000026,3.243660000000001,1,6,0
6203108,CHEMBL1779702,IC50,=,26.7,nM,7.57,CHEMBL284,Dipeptidyl peptidase 4,N[C@@H](CC(=O)N1CCN(Cc2cccc(Cl)c2)C(=O)C1)Cc1cc(F)c(F)cc1F,7.573488738635425,439.86500000000024,2.888200000000001,1,3,0
2690353,CHEMBL562525,IC50,=,27.0,nM,7.57,CHEMBL284,Dipeptidyl peptidase 4,N[C@@H](CC(=O)N1CCC[C@H]1CNC(=O)c1ccccc1)Cc1cccc(Cl)c1,7.568636235841013,399.92200000000014,3.020900000000002,2,3,0
3313840,CHEMBL1085074,IC50,=,27.0,nM,7.57,CHEMBL284,Dipeptidyl peptidase 4,CC(C)(CC(=O)N1CCCCC1)NCC(=O)N1C[C@@H](F)C[C@H]1C#N,7.568636235841013,338.427,1.21978,1,4,0
3313830,CHEMBL1085305,IC50,=,27.0,nM,7.57,CHEMBL284,Dipeptidyl peptidase 4,COc1ccc(NC(=O)CC(C)(C)NCC(=O)N2C[C@@H](F)C[C@H]2C#N)cc1OC,7.568636235841013,406.45800000000014,1.8631799999999992,2,6,0
3302960,CHEMBL1082347,IC50,=,27.0,nM,7.57,CHEMBL284,Dipeptidyl peptidase 4,CO[C@@H]1C[C@H]2C[C@H](NCC(=O)N3CCC[C@H]3C#N)C[C@H]2C1.Cl,7.568636235841013,327.85600000000005,1.7159799999999998,1,4,0
2572481,CHEMBL511125,IC50,=,27.0,nM,7.57,CHEMBL284,Dipeptidyl peptidase 4,N#C[C@@H]1C[C@H](F)CN1C(=O)CN[C@H]1[C@@H]2CN(c3ccccn3)C[C@@H]21,7.568636235841013,329.3790000000001,0.5683799999999997,1,5,0
2609340,CHEMBL447393,IC50,=,27.0,nM,7.57,CHEMBL284,Dipeptidyl peptidase 4,CC(C)(CC(=O)N[C@@H]1C[C@H]1c1cccc(Cl)c1)NCC(=O)N1C[C@@H](F)C[C@H]1C#N,7.568636235841013,420.9160000000002,2.53298,2,4,0
1792471,CHEMBL216186,IC50,=,27.0,nM,7.57,CHEMBL284,Dipeptidyl peptidase 4,N[C@@H](CC(=O)N1CCn2c(nnc2C(F)(F)F)C1)Cc1cc(F)ccc1F,7.568636235841013,389.32800000000015,1.8773999999999995,1,4,0
13452874,CHEMBL2425072,IC50,=,27.0,nM,7.57,CHEMBL284,Dipeptidyl peptidase 4,N[C@H]1C[C@@H](N2Cc3cn[nH]c3C2)CO[C@@H]1c1ccc(F)cc1F,7.568636235841013,320.343,1.8609999999999995,2,4,0
13452875,CHEMBL2425064,IC50,=,27.0,nM,7.57,CHEMBL284,Dipeptidyl peptidase 4,CC1(C)c2nc(C3CC3)ncc2CN1[C@H]1CO[C@H](c2cc(F)ccc2F)[C@@H](N)C1,7.568636235841013,400.4730000000001,3.5404000000000018,1,5,0
3302959,CHEMBL1082346,IC50,=,27.0,nM,7.57,CHEMBL284,Dipeptidyl peptidase 4,CO[C@@H]1C[C@H]2C[C@@H](NCC(=O)N3CCC[C@H]3C#N)C[C@H]2C1.Cl,7.568636235841013,327.85600000000005,1.7159799999999998,1,4,0
3603852,CHEMBL1288261,IC50,=,27.0,nM,7.57,CHEMBL284,Dipeptidyl peptidase 4,Cc1ccc(F)cc1Cn1c(N2CCC[C@@](C)(N)C2)cc2c1c(=O)n(C)c(=O)n2C.Cl,7.568636235841013,449.95800000000014,2.27392,1,4,0
13856229,CHEMBL3093898,IC50,=,27.0,nM,7.57,CHEMBL284,Dipeptidyl peptidase 4,N#Cc1ccccc1C[C@H](N)C(=O)N1CCC[C@H]1C#N,7.568636235841013,268.31999999999994,0.9426599999999996,1,4,0
13856325,CHEMBL201268,IC50,=,27.0,nM,7.57,CHEMBL284,Dipeptidyl peptidase 4,N#C[C@@H]1CCCN1C(=O)[C@@H](N)Cc1ccccc1,7.568636235841013,243.31000000000003,1.0709799999999992,1,3,0
2690361,CHEMBL563108,IC50,=,27.0,nM,7.57,CHEMBL284,Dipeptidyl peptidase 4,CS(=O)(=O)c1ccccc1C(=O)NC[C@@H]1CCCN1C(=O)C[C@H](N)Cc1ccccc1F,7.568636235841013,461.55900000000025,1.9101000000000008,2,5,0
25050527,CHEMBL5279548,IC50,=,27.0,nM,7.57,CHEMBL284,Dipeptidyl peptidase 4,N#C[C@@H]1C[C@H]2[C@H](CC2(F)F)N1C(=O)[C@@H](N)C12CC3CC(CC(O)(C3)C1)C2,7.568636235841013,365.4240000000002,1.793279999999999,2,4,0
2190149,CHEMBL472101,IC50,=,27.0,nM,7.57,CHEMBL284,Dipeptidyl peptidase 4,COc1ccc(CCNCC(=O)N2C[C@@H](F)C[C@H]2C#N)cc1OC,7.568636235841013,335.3790000000001,1.2984799999999994,1,5,0
2712722,CHEMBL559543,IC50,=,27.0,nM,7.57,CHEMBL284,Dipeptidyl peptidase 4,CS(=O)(=O)NC[C@@H]1CCCN1C(=O)C[C@H](N)Cc1cc(F)c(F)cc1F,7.568636235841013,393.431,0.9040000000000002,2,4,0
2690370,CHEMBL565056,IC50,=,27.0,nM,7.57,CHEMBL284,Dipeptidyl peptidase 4,N[C@@H](CC(=O)N1CCC[C@H]1CNS(=O)(=O)c1ccc(F)cc1)Cc1ccccc1F,7.568636235841013,437.5120000000001,2.1942000000000004,2,4,0
2410506,CHEMBL485125,IC50,=,27.0,nM,7.57,CHEMBL284,Dipeptidyl peptidase 4,N[C@H](Cc1cc(F)c(F)cc1F)C1CCN(C(=O)c2cnc3ncccn23)CC1,7.568636235841013,403.4080000000002,2.5688000000000004,1,4,0
3313841,CHEMBL1085580,IC50,=,27.0,nM,7.57,CHEMBL284,Dipeptidyl peptidase 4,CC(C)(CC(=O)N1CCSC1)NCC(=O)N1C[C@@H](F)C[C@H]1C#N,7.568636235841013,342.44000000000005,0.7401800000000003,1,5,0
702335,CHEMBL279944,IC50,=,27.0,nM,7.57,CHEMBL284,Dipeptidyl peptidase 4,N[C@H](C(=O)N1CCC(F)(F)C1)[C@H]1CC[C@H](NC(=O)OCc2ccccc2)CC1,7.568636235841013,395.45000000000016,2.6665,2,4,0
2053462,CHEMBL250852,IC50,=,27.0,nM,7.57,CHEMBL284,Dipeptidyl peptidase 4,N[C@H]1CN(Cc2cnc3ccccc3c2)C[C@H]1C(=O)N1CCCC1,7.568636235841013,324.42800000000017,1.616299999999999,1,4,0
2026071,CHEMBL395696,IC50,=,27.0,nM,7.57,CHEMBL284,Dipeptidyl peptidase 4,COc1ccc(C(=O)N(C)C2CCC([C@H](C)[C@H](N)C(=O)N3CC[C@H](F)C3)CC2)cc1.Cl,7.568636235841013,456.00200000000024,3.2816000000000023,1,4,0
1603599,CHEMBL371130,IC50,=,27.0,nM,7.57,CHEMBL284,Dipeptidyl peptidase 4,O=C(CNC1CCCCC1)N1CCC[C@H]1B(O)O,7.568636235841013,254.139,-0.0882999999999999,3,4,0
1412063,CHEMBL537400,IC50,=,27.0,nM,7.57,CHEMBL284,Dipeptidyl peptidase 4,Cl.N[C@@H](CC(=O)N1CCn2c(nnc2C(F)(F)F)C1)Cc1cc(F)ccc1F,7.568636235841013,425.7890000000001,2.2992,1,4,0
1603602,CHEMBL382974,IC50,=,27.0,nM,7.57,CHEMBL284,Dipeptidyl peptidase 4,O=C(CNC1CCCCCCC1)N1CCC[C@H]1B(O)O,7.568636235841013,282.1929999999999,0.6919,3,4,0
5192907,CHEMBL1650444,IC50,=,27.0,nM,7.57,CHEMBL284,Dipeptidyl peptidase 4,Cn1c(=O)cc(N2CCC[C@@H](N)C2)n(Cc2cc(Cl)ccc2Cl)c1=O,7.568636235841013,383.27900000000005,1.8296,1,4,0
16609228,CHEMBL3687977,IC50,=,27.4,nM,7.56,CHEMBL284,Dipeptidyl peptidase 4,CN1C(=O)Cn2c1nc1nc(N3CCC[C@@H](N)C3)n(Cc3cc(F)ccc3C(F)(F)F)c1c2=O,7.562249437179612,479.43800000000016,1.7031,1,6,0
12718729,CHEMBL2346924,IC50,=,27.6,nM,7.56,CHEMBL284,Dipeptidyl peptidase 4,CC#CCn1c(N2CCC[C@@H](N)C2)nc2ccn(Cc3nc4ccccc4[nH]3)c2c1=O,7.559090917934782,415.5010000000002,2.0733999999999995,2,5,0
29091137,CHEMBL6133561,IC50,=,27.71,nM,7.56,CHEMBL284,Dipeptidyl peptidase 4,Cn1c(=O)c2c(nc(N3CCOCC3)n2Cc2cccc([N+](=O)[O-])c2)n(C)c1=O,7.557363474217769,400.3950000000001,0.2267999999999992,0,7,0
29091136,CHEMBL5411258,IC50,=,27.91,nM,7.55,CHEMBL284,Dipeptidyl peptidase 4,COc1cccc(Cn2c(N3CCOCC3)nc3c2c(=O)n(C)c(=O)n3C)c1,7.554240163511369,385.4240000000001,0.3272000000000006,0,6,0
3603851,CHEMBL1288260,IC50,=,28.0,nM,7.55,CHEMBL284,Dipeptidyl peptidase 4,Cl.Cn1c(=O)c2c(cc(N3CCC[C@@](C)(N)C3)n2Cc2cc(F)ccc2Cl)n(C)c1=O,7.552841968657781,470.37600000000015,2.618900000000001,1,4,0
2706910,CHEMBL550598,IC50,=,28.0,nM,7.55,CHEMBL284,Dipeptidyl peptidase 4,COc1ccc2c(c1)nc1n2C[C@H](N)[C@@H](c2cc(F)c(F)cc2F)C1.O=C(O)C(F)(F)F,7.552841968657781,461.36200000000014,3.7627000000000015,2,4,0
11014681,CHEMBL2086592,IC50,=,28.0,nM,7.55,CHEMBL284,Dipeptidyl peptidase 4,NC(=O)[C@@H]1CCCN1C(=O)CCNC(=O)c1ccc(C(F)(F)F)cc1,7.552841968657781,357.332,1.3015999999999994,2,3,0
2995142,CHEMBL567270,IC50,=,28.0,nM,7.55,CHEMBL284,Dipeptidyl peptidase 4,N[C@@H](CC(=O)N1CCC[C@H]1c1ncn(-c2ccccn2)n1)Cc1cc(F)c(F)cc1F,7.552841968657781,430.43400000000014,2.7032,1,5,0
22483371,CHEMBL4790735,IC50,=,28.0,nM,7.55,CHEMBL284,Dipeptidyl peptidase 4,N[C@@H](CCn1cc(-c2cccnc2)nn1)Cc1cc(F)c(F)cc1F,7.552841968657781,347.34400000000005,2.7175,1,4,0
18245802,CHEMBL4063983,IC50,=,28.0,nM,7.55,CHEMBL284,Dipeptidyl peptidase 4,Cc1nnc2n1[C@@H]1CCN(C(=O)C[C@H](N)Cc3cc(F)c(F)cc3F)C[C@@H]1CC2.Cl,7.552841968657781,443.9010000000001,2.7215200000000013,1,4,0
15249315,CHEMBL3425747,IC50,=,28.0,nM,7.55,CHEMBL284,Dipeptidyl peptidase 4,N[C@@H](CC(=O)N1CC[C@@H]2[C@@H](CCc3nnc(C(F)(F)F)n32)C1)Cc1cc(F)c(F)cc1F,7.552841968657781,461.41000000000014,3.0101000000000013,1,4,0
24719110,CHEMBL5205289,IC50,=,28.3,nM,7.55,CHEMBL284,Dipeptidyl peptidase 4,COc1cc(S(N)(=O)=O)cc(OC)c1OCCC(N)C1COc2ccccc2O1,7.548213564475709,424.4750000000002,1.2874,2,8,0
5244139,CHEMBL1683994,IC50,=,28.6,nM,7.54,CHEMBL284,Dipeptidyl peptidase 4,Cl.N[C@@H](CC(=O)N1CCn2nnc(-c3ccncc3)c2C1)Cc1cc(F)c(F)cc1F,7.543633966870957,452.86800000000017,2.4815000000000005,1,5,0
20680787,CHEMBL4636081,IC50,=,28.62,nM,7.54,CHEMBL284,Dipeptidyl peptidase 4,CC#CCn1c(N2CCC[C@@H](N)C2)cc(=O)n(Cc2cn(CC(=O)N(C)C)nn2)c1=O,7.543330370576243,428.4970000000002,-1.3111999999999964,1,7,0
13856292,CHEMBL3093920,IC50,=,29.0,nM,7.54,CHEMBL284,Dipeptidyl peptidase 4,COc1ccc(C[C@H](N)C(=O)N2CCC[C@H]2C#N)cc1,7.5376020021010435,273.33599999999996,1.07958,1,4,0
2026070,CHEMBL428747,IC50,=,29.0,nM,7.54,CHEMBL284,Dipeptidyl peptidase 4,CC(=O)N(C)C1CCC([C@H](C(=O)N(C)C)[C@H](N)C(=O)N2CC[C@H](F)C2)CC1.Cl,7.5376020021010435,420.95700000000016,1.047400000000001,1,4,0
6203109,CHEMBL1779703,IC50,=,29.0,nM,7.54,CHEMBL284,Dipeptidyl peptidase 4,N[C@@H](CC(=O)N1CCN(Cc2ccccc2Cl)C(=O)C1)Cc1cc(F)c(F)cc1F,7.5376020021010435,439.86500000000024,2.888200000000001,1,3,0
1692807,CHEMBL205872,IC50,=,29.0,nM,7.54,CHEMBL284,Dipeptidyl peptidase 4,C[C@@H](c1ccc(-c2ccc(=O)n(C)c2F)cc1)[C@H](N)C(=O)N1CC[C@H](F)C1.O=C(O)C(F)(F)F,7.5376020021010435,489.4410000000002,2.8259000000000007,2,4,0
3313831,CHEMBL1084972,IC50,=,29.0,nM,7.54,CHEMBL284,Dipeptidyl peptidase 4,CC(C)(CC(=O)NC1CCCC1)NCC(=O)N1C[C@@H](F)C[C@H]1C#N,7.5376020021010435,338.427,1.2660800000000003,2,4,0
1861959,CHEMBL387552,IC50,=,29.0,nM,7.54,CHEMBL284,Dipeptidyl peptidase 4,N#Cc1ccccc1Cn1c(N2CCCC(N)C2)nc2c(Cl)cccc2c1=O,7.5376020021010435,393.878,2.897380000000001,1,5,0
12078486,CHEMBL2159185,IC50,=,29.0,nM,7.54,CHEMBL284,Dipeptidyl peptidase 4,Cn1c(=O)c2c(-c3cc(Cl)ccc3Cl)c(CN)c(N)nc2n(C)c1=O,7.5376020021010435,380.2350000000001,1.6468999999999996,2,5,0
10982102,CHEMBL2063029,IC50,=,29.0,nM,7.54,CHEMBL284,Dipeptidyl peptidase 4,N[C@@H](CCC(=O)O)C(=O)N1C[C@@H](O)C[C@H]1B(O)O,7.5376020021010435,260.055,-2.847699999999997,5,6,0
15714197,CHEMBL3616902,IC50,=,29.0,nM,7.54,CHEMBL284,Dipeptidyl peptidase 4,CC#CCn1c(N2CCNCC2)nc2c1c(=O)n(Cc1ccc3ccccc3n1)c(=O)n2C,7.5376020021010435,443.5110000000002,0.9261,1,6,0
344025,CHEMBL3084950,IC50,=,29.0,nM,7.54,CHEMBL284,Dipeptidyl peptidase 4,N[C@H](C(=O)N1CCSC1)[C@H]1CC[C@H](NC(=O)OCc2ccc(Cl)c(Cl)c2)CC1,7.5376020021010435,446.4000000000002,3.638600000000003,2,5,0
17630267,CHEMBL3675635,IC50,=,29.0,nM,7.54,CHEMBL284,Dipeptidyl peptidase 4,Cc1nc(CN2C(=O)c3c(nc(N4CCC[C@@H](N)C4)n3CC3CCC3)N3CCN=C23)nc2ccccc12,7.5376020021010435,499.6230000000004,2.694320000000001,1,8,0
2090791,CHEMBL269953,IC50,=,29.0,nM,7.54,CHEMBL284,Dipeptidyl peptidase 4,Cc1nsc(N2CCN(C(=O)[C@H]3C[C@@H](C(=O)N4CCCC4)N[C@H]3C)CC2)n1,7.5376020021010435,392.5290000000003,0.484120000000001,1,7,0
1958906,CHEMBL390240,IC50,=,29.0,nM,7.54,CHEMBL284,Dipeptidyl peptidase 4,N[C@@H](CC(=O)N1CCn2c(nnc2C(F)F)C1)Cc1cc(F)c(F)cc1F,7.5376020021010435,389.3280000000001,1.9352999999999996,1,4,0
853116,CHEMBL327166,IC50,=,29.0,nM,7.54,CHEMBL284,Dipeptidyl peptidase 4,CC(C)(CNc1ccc(C#N)cn1)NCC(=O)N1CCC[C@H]1C#N,7.5376020021010435,326.4040000000001,1.2479599999999995,2,6,0
2713681,CHEMBL1202086,IC50,=,29.3,nM,7.53,CHEMBL284,Dipeptidyl peptidase 4,Cc1ccc(N2CCN(CCNCC(=O)N3CCC[C@@H]3C#N)C2=O)cc1.O=C(O)C(=O)O,7.533132379645891,445.4760000000002,0.4968000000000016,3,6,0
1896354,CHEMBL230601,IC50,=,29.6,nM,7.53,CHEMBL284,Dipeptidyl peptidase 4,CC[C@@H]1CCN(C(=O)C[C@H](N)Cc2cc(F)c(F)cc2F)[C@H](C)C(=O)N1,7.528708288941061,371.4030000000001,1.8794,2,3,0
5244152,CHEMBL1683981,IC50,=,29.92,nM,7.52,CHEMBL284,Dipeptidyl peptidase 4,Cl.NC(=O)c1nnn2c1CN(C(=O)C[C@H](N)Cc1cc(F)c(F)cc1F)CC2,7.524038410807576,418.8070000000002,0.5183999999999995,2,5,0
13960743,CHEMBL3127981,IC50,=,30.0,nM,7.52,CHEMBL284,Dipeptidyl peptidase 4,N#C[C@@H]1CCCN1C(=O)[C@@H](N)Cc1csc2ccccc12,7.522878745280337,299.39900000000006,2.28568,1,4,0
1861953,CHEMBL390776,IC50,=,30.0,nM,7.52,CHEMBL284,Dipeptidyl peptidase 4,COc1cccc2c(=O)n(Cc3ccccc3C#N)c(N3CCCC(N)C3)nc12,7.522878745280337,389.45900000000023,2.25258,1,6,0
2706915,CHEMBL537962,IC50,=,30.0,nM,7.52,CHEMBL284,Dipeptidyl peptidase 4,N[C@H]1Cn2c(nc3c(F)cccc32)C[C@@H]1c1cc(F)c(F)cc1F.O=C(O)C(F)(F)F,7.522878745280337,449.3260000000001,3.893200000000002,2,3,0
3099270,CHEMBL592779,IC50,=,30.0,nM,7.52,CHEMBL284,Dipeptidyl peptidase 4,COc1cc2c(cc1OC)C1CC(N)C(N3CCCCC3=O)CN1CC2,7.522878745280337,359.4700000000002,1.7150999999999998,1,5,0
2091504,CHEMBL404030,IC50,=,30.0,nM,7.52,CHEMBL284,Dipeptidyl peptidase 4,O=C(c1nc2ccccc2s1)[C@@H]1CCCN1C(=O)[C@@H]1C[C@@H]2CCCC[C@@H]2N1,7.522878745280337,383.51700000000017,3.3907000000000016,1,5,0
2091497,CHEMBL402236,IC50,=,30.0,nM,7.52,CHEMBL284,Dipeptidyl peptidase 4,N[C@H](C(=O)N1CC[C@H]1C(=O)c1nccs1)C1CCCCC1,7.522878745280337,307.41900000000015,1.8343,1,5,0
1958912,CHEMBL389599,IC50,=,30.0,nM,7.52,CHEMBL284,Dipeptidyl peptidase 4,N[C@@H](CC(=O)N1CCn2c(nnc2-c2ccc(F)cc2F)C1)Cc1cc(F)ccc1F,7.522878745280337,433.40900000000016,2.8038000000000016,1,4,0
1970033,CHEMBL391645,IC50,=,30.0,nM,7.52,CHEMBL284,Dipeptidyl peptidase 4,CC(C)(C)NCC(=O)N1C[C@@H](F)C[C@H]1C(=O)c1nnc(C2CCCCC2)o1,7.522878745280337,380.4640000000002,2.6270999999999995,1,6,0
2053413,CHEMBL249427,IC50,=,30.0,nM,7.52,CHEMBL284,Dipeptidyl peptidase 4,N[C@H]1CN(C(=O)c2ccc(-n3cnnn3)cc2)C[C@H]1C(=O)N1CCCC1,7.522878745280337,355.4020000000002,-0.3159999999999994,1,6,0
1958907,CHEMBL390239,IC50,=,30.0,nM,7.52,CHEMBL284,Dipeptidyl peptidase 4,N[C@@H](CC(=O)N1CCn2c(nnc2C2CC2)C1)Cc1cc(F)c(F)cc1F,7.522878745280337,379.386,1.875099999999999,1,4,0
3313846,CHEMBL1082463,IC50,=,30.0,nM,7.52,CHEMBL284,Dipeptidyl peptidase 4,CC(C)(CC(=O)N1CC[C@@H](O)C1)NCC(=O)N1C[C@@H](F)C[C@H]1C#N,7.522878745280337,340.39900000000006,-0.1995199999999983,2,5,0
2690373,CHEMBL560184,IC50,=,30.0,nM,7.52,CHEMBL284,Dipeptidyl peptidase 4,N[C@@H](CC(=O)N1CCC[C@H]1CNS(=O)(=O)C1CC1)Cc1cccc(Cl)c1,7.522878745280337,399.9440000000002,1.6727,2,4,0
1669227,CHEMBL380902,IC50,=,30.0,nM,7.52,CHEMBL284,Dipeptidyl peptidase 4,CC(C)(CC(=O)N1CCc2cc(F)ccc2C1)NCC(=O)N1CCC[C@H]1C#N,7.522878745280337,386.47100000000023,1.9832799999999997,1,4,0
5244146,CHEMBL1683987,IC50,=,30.03,nM,7.52,CHEMBL284,Dipeptidyl peptidase 4,Cl.N#Cc1ccc(-c2nnn3c2CN(C(=O)C[C@H](N)Cc2cc(F)c(F)cc2F)CC3)cc1,7.522444667801019,476.89000000000016,2.958180000000002,1,5,0
2023305,CHEMBL391433,IC50,=,30.5,nM,7.52,CHEMBL284,Dipeptidyl peptidase 4,O=C([C@@H]1C[C@H](N2CCN(Cc3ccccc3)CC2)CN1)N1CCSC1,7.515700160653214,360.52700000000016,1.0676000000000003,1,5,0
11014697,CHEMBL2086608,IC50,=,31.0,nM,7.51,CHEMBL284,Dipeptidyl peptidase 4,NC(=O)[C@@H]1CCCN1C(=O)c1ccc(NC(=O)c2ccc(C(F)(F)F)cc2)cc1,7.508638306165727,405.376,3.047600000000001,2,3,0
2191778,CHEMBL520854,IC50,=,31.0,nM,7.51,CHEMBL284,Dipeptidyl peptidase 4,CN(CC(C)(C)NCC(=O)N1C[C@@H](F)C[C@H]1C#N)S(=O)(=O)c1ccccc1,7.508638306165727,396.48800000000006,1.137880000000001,1,5,0
1985696,CHEMBL237785,IC50,=,31.0,nM,7.51,CHEMBL284,Dipeptidyl peptidase 4,N[C@H]1CN(c2cc(-c3cccnc3)ncn2)C[C@@H]1c1cc(F)c(F)cc1F,7.508638306165727,371.366,2.8870000000000013,1,5,0
25050545,CHEMBL5282933,IC50,=,31.0,nM,7.51,CHEMBL284,Dipeptidyl peptidase 4,N[C@@H](CCNC(=O)N1CCn2c(nnc2C(F)(F)F)C1)Cc1cc(F)c(F)cc1F,7.508638306165727,436.3600000000001,2.1995000000000005,2,4,0
2572497,CHEMBL479538,IC50,=,31.0,nM,7.51,CHEMBL284,Dipeptidyl peptidase 4,N#Cc1c(Cl)cccc1N1C[C@@H]2[C@H](C1)[C@H]2NCC(=O)N1C[C@@H](F)C[C@H]1C#N,7.508638306165727,387.8460000000001,1.6984599999999996,1,5,0
2515616,CHEMBL514623,IC50,=,31.0,nM,7.51,CHEMBL284,Dipeptidyl peptidase 4,O=C([C@@H]1C[C@H](N2CCN(c3ncccn3)CC2)CN1)N1CC[C@H](F)C1,7.508638306165727,348.4260000000001,-0.1004999999999989,1,6,0
11014680,CHEMBL2086591,IC50,=,31.0,nM,7.51,CHEMBL284,Dipeptidyl peptidase 4,N#Cc1ccc(C(=O)NCCC(=O)N2CCC[C@H]2C(N)=O)cc1,7.508638306165727,314.34499999999997,0.1544800000000002,2,4,0
13856265,CHEMBL3093924,IC50,=,31.0,nM,7.51,CHEMBL284,Dipeptidyl peptidase 4,N#C[C@@H]1CCCN1C(=O)[C@@H](N)Cc1ccc(C(F)(F)F)cc1,7.508638306165727,311.307,2.0897799999999997,1,3,0
2275147,CHEMBL516080,IC50,=,31.0,nM,7.51,CHEMBL284,Dipeptidyl peptidase 4,CCOC(=O)N1CCN(C(=O)CC[C@H](N)C(=O)N2CCC[C@H]2C#N)CC1.O=C(O)C(F)(F)F,7.508638306165727,479.45600000000024,0.5424800000000023,2,7,0
2993841,CHEMBL566460,IC50,=,31.0,nM,7.51,CHEMBL284,Dipeptidyl peptidase 4,N[C@@H](CCN1CCC[C@H]1c1nc(-c2ccccc2)no1)Cc1ccccc1F,7.508638306165727,380.46700000000016,3.9727000000000032,1,5,0
1692793,CHEMBL378597,IC50,=,31.0,nM,7.51,CHEMBL284,Dipeptidyl peptidase 4,C[C@@H](c1ccc(-c2ccc(=O)n(C)c2)cc1)[C@H](N)C(=O)N1CC(F)C1.O=C(O)C(F)(F)F,7.508638306165727,457.42400000000015,2.2966999999999995,2,4,0
1905792,CHEMBL231496,IC50,=,31.0,nM,7.51,CHEMBL284,Dipeptidyl peptidase 4,N[C@H]1CN(c2ccc3nncn3n2)CC[C@@H]1c1cc(F)c(F)cc1F.O=C(O)C(F)(F)F,7.508638306165727,462.354,2.4961,2,6,0
2515615,CHEMBL473418,IC50,=,31.0,nM,7.51,CHEMBL284,Dipeptidyl peptidase 4,O=C([C@@H]1C[C@H](N2CCN(c3ncccn3)CC2)CN1)N1CCCC1,7.508638306165727,330.43600000000015,-0.0484999999999986,1,6,0
10991415,CHEMBL2069853,IC50,=,31.2,nM,7.51,CHEMBL284,Dipeptidyl peptidase 4,N[C@@H](CC(=O)N1CCN(C(=O)c2cc(O)c3cccc(O)c3n2)CC1)Cc1cc(F)c(F)cc1F,7.505845405981558,488.4660000000003,2.3078000000000003,3,6,0
13441696,CHEMBL2425887,IC50,=,31.3,nM,7.5,CHEMBL284,Dipeptidyl peptidase 4,CC#CCn1c(N2CCC[C@@H](N)C2)cc(=O)n(Cc2ccc3c(ccc4ccccc43)n2)c1=O,7.504455662453552,453.54600000000016,2.710500000000001,1,5,0
18245803,CHEMBL4085550,IC50,=,31.8,nM,7.5,CHEMBL284,Dipeptidyl peptidase 4,CC(C)c1nnc2n1[C@@H]1CCN(C(=O)C[C@H](N)Cc3cc(F)c(F)cc3F)C[C@@H]1CC2.Cl,7.497572880015567,471.9550000000001,3.5365000000000024,1,4,0
17763451,CHEMBL3913689,IC50,=,32.0,nM,7.5,CHEMBL284,Dipeptidyl peptidase 4,Cn1c(=O)c2c(nc(N3CCCC(N)C3)n2Cc2ccccc2C#N)n(-c2ccccc2)c1=O,7.494850021680094,455.5220000000001,1.7333799999999997,1,6,0
173238,CHEMBL304007,IC50,=,32.0,nM,7.5,CHEMBL284,Dipeptidyl peptidase 4,N[C@@H](Cc1ccc(O)cc1)C(=O)N1CCC[C@H]1B(O)O,7.494850021680094,278.11699999999996,-0.7350000000000002,4,5,0
2068807,CHEMBL537000,IC50,=,32.0,nM,7.5,CHEMBL284,Dipeptidyl peptidase 4,C=CCC1c2nnc(C(F)(F)F)n2CCN1C(=O)C[C@H](N)Cc1cc(F)c(F)cc1F.Cl,7.494850021680094,483.8440000000001,3.5555000000000025,1,4,0
2462038,CHEMBL452289,IC50,=,32.0,nM,7.5,CHEMBL284,Dipeptidyl peptidase 4,NC(=O)c1cccc(-c2ccc([C@H](N)Cc3cc(F)ccc3F)cc2)c1,7.494850021680094,352.384,3.973200000000002,2,2,0
2995143,CHEMBL568111,IC50,=,32.0,nM,7.5,CHEMBL284,Dipeptidyl peptidase 4,CC(C)(C)c1nc([C@@H]2CCCN2C(=O)C[C@H](N)Cc2cc(F)c(F)cc2F)no1,7.494850021680094,410.44000000000005,3.4080000000000013,1,5,0
1963690,CHEMBL234431,IC50,=,32.0,nM,7.5,CHEMBL284,Dipeptidyl peptidase 4,COc1cc2c(cc1OC)[C@@H]1C[C@@H](N)[C@@H](c3cccc(C)c3)CN1CC2,7.494850021680094,352.4780000000002,3.4262200000000025,1,4,0
3313842,CHEMBL1085579,IC50,=,32.0,nM,7.5,CHEMBL284,Dipeptidyl peptidase 4,C[C@@H]1CCCN1C(=O)CC(C)(C)NCC(=O)N1C[C@@H](F)C[C@H]1C#N,7.494850021680094,338.427,1.21818,1,4,0
3302991,CHEMBL1082350,IC50,=,32.0,nM,7.5,CHEMBL284,Dipeptidyl peptidase 4,CC(=O)O[C@H]1C[C@H]2C[C@@H](NCC(=O)N3CCC[C@H]3C#N)C[C@H]2C1.Cl,7.494850021680094,355.86600000000004,1.63268,1,5,0
1987821,CHEMBL238191,IC50,=,32.0,nM,7.5,CHEMBL284,Dipeptidyl peptidase 4,CN(C)C(=O)[C@@H]([C@H]1CC[C@@H](c2ccc3ncnn3c2)CC1)[C@H](N)C(=O)N1CCC(F)(F)C1,7.494850021680094,448.5180000000003,1.9024,1,5,0
2122452,CHEMBL273209,IC50,=,32.0,nM,7.5,CHEMBL284,Dipeptidyl peptidase 4,Cn1cnc2cc(C(N)=O)c(-c3ccccc3Cl)c(CN)c21,7.494850021680094,314.7760000000001,2.4513,2,3,0
7962680,CHEMBL1929389,IC50,=,32.0,nM,7.5,CHEMBL284,Dipeptidyl peptidase 4,Cc1cc2ncc(C(=O)NCC(C)(C)NCC(=O)N3CCC[C@H]3C#N)c(C(F)(F)F)n2n1.Cl,7.494850021680094,487.91400000000016,2.0909,2,6,0
1985701,CHEMBL391252,IC50,=,32.0,nM,7.5,CHEMBL284,Dipeptidyl peptidase 4,N[C@H]1CN(c2cc(-c3cccc(CO)c3)ncn2)C[C@@H]1c1cc(F)c(F)cc1F,7.494850021680094,400.40400000000005,2.984300000000001,2,5,0
25491588,CHEMBL5414427,IC50,=,32.3,nM,7.49,CHEMBL284,Dipeptidyl peptidase 4,Nc1nc(NC2=NC(c3ccccc3)=CC(c3cccc(Cl)c3)O2)nc(N2CCOCC2)n1,7.490797477668897,463.9290000000003,3.524300000000002,2,9,0
16763228,CHEMBL3934008,IC50,=,32.64,nM,7.49,CHEMBL284,Dipeptidyl peptidase 4,COc1ccc2ccc3c(c2c1)C[C@H](N)[C@@H](c1cc(F)ccc1F)O3,7.486249849918177,341.357,4.130100000000002,1,3,0
306963,CHEMBL1682974,IC50,=,33.0,nM,7.48,CHEMBL284,Dipeptidyl peptidase 4,N[C@H](C(=O)N1CCSC1)[C@H]1CC[C@H](NC(=O)c2ccc(OC(F)(F)F)cc2)CC1,7.481486060122112,431.48000000000013,2.7340000000000018,2,5,0
2697716,CHEMBL564854,IC50,=,33.0,nM,7.48,CHEMBL284,Dipeptidyl peptidase 4,CC(C)[C@@]1(N)C[C@@H]2SC[C@@H](C#N)N2C1=O.Cl,7.481486060122112,261.77799999999996,0.95908,1,4,0
861103,CHEMBL92711,IC50,=,33.0,nM,7.48,CHEMBL284,Dipeptidyl peptidase 4,N#C[C@@H]1CCCN1C(=O)CNCCNc1ccccn1,7.481486060122112,273.34000000000003,0.5976799999999995,2,5,0
2190142,CHEMBL470330,IC50,=,33.0,nM,7.48,CHEMBL284,Dipeptidyl peptidase 4,N#C[C@@H]1C[C@H](F)CN1C(=O)CNC1CC1,7.481486060122112,211.24,0.2009799999999997,1,3,0
27811466,CHEMBL5976169,IC50,=,33.0,nM,7.48,CHEMBL284,Dipeptidyl peptidase 4,COc1ccc2ccc3c(c2c1)CC(N)C(c1cc(F)ccc1F)O3,7.481486060122112,341.357,4.130100000000002,1,3,0
12078482,CHEMBL2159181,IC50,=,33.0,nM,7.48,CHEMBL284,Dipeptidyl peptidase 4,Cn1c(=O)c2c(-c3ccccc3Cl)c(CN)c(N)nc2n(C)c1=O,7.481486060122112,345.7900000000001,0.9935,2,5,0
325935,CHEMBL3084947,IC50,=,33.0,nM,7.48,CHEMBL284,Dipeptidyl peptidase 4,N[C@H](C(=O)N1CCSC1)[C@H]1CC[C@H](NC(=O)c2ccc(I)cc2)CC1,7.481486060122112,473.3800000000001,2.4400000000000004,2,4,0
1896367,CHEMBL397241,IC50,=,33.0,nM,7.48,CHEMBL284,Dipeptidyl peptidase 4,C[C@@H]1CNC(=O)[C@@H](C)N(C(=O)C[C@H](N)Cc2cc(F)c(F)cc2F)C1,7.481486060122112,357.37600000000003,1.3468000000000004,2,3,0
24719107,CHEMBL5198237,IC50,=,33.2,nM,7.48,CHEMBL284,Dipeptidyl peptidase 4,COc1cc(S(N)(=O)=O)cc(OC)c1OCCC(N=[N+]=[N-])C1COc2ccccc2O1,7.478861916295964,450.4730000000002,2.639,1,8,0
5244141,CHEMBL1683992,IC50,=,33.78,nM,7.47,CHEMBL284,Dipeptidyl peptidase 4,Cl.N[C@@H](CC(=O)N1CCn2nnc(-c3ccc(C(=O)O)cc3)c2C1)Cc1cc(F)c(F)cc1F,7.47134035476501,495.88900000000024,2.784700000000001,2,5,0
6203106,CHEMBL1779700,IC50,=,33.8,nM,7.47,CHEMBL284,Dipeptidyl peptidase 4,N[C@@H](CC(=O)N1CCN(Cc2ccc(F)cc2)C(=O)C1)Cc1cc(F)c(F)cc1F,7.471083299722345,423.4100000000002,2.373900000000001,1,3,0
6203105,CHEMBL1779699,IC50,=,33.9,nM,7.47,CHEMBL284,Dipeptidyl peptidase 4,COc1ccc(CN2CCN(C(=O)C[C@H](N)Cc3cc(F)c(F)cc3F)CC2=O)cc1,7.469800301796917,435.4460000000001,2.2434000000000003,1,4,0
10991417,CHEMBL2069855,IC50,=,33.9,nM,7.47,CHEMBL284,Dipeptidyl peptidase 4,Cn1c(C(=O)N2CCN(C(=O)C[C@H](N)Cc3cc(F)c(F)cc3F)CC2)cc2ccccc21,7.469800301796917,458.48400000000015,2.8401000000000005,1,3,0
17657788,CHEMBL3650440,IC50,=,34.0,nM,7.47,CHEMBL284,Dipeptidyl peptidase 4,Cn1c2nccc-2c(N2CCC[C@@H](N)C2)n(Cc2ccccc2C#N)c1=O,7.468521082957745,362.437,1.5340799999999994,1,5,0
11014696,CHEMBL2086607,IC50,=,34.0,nM,7.47,CHEMBL284,Dipeptidyl peptidase 4,N#Cc1ccc(C(=O)Nc2ccc(C(=O)N3CCC[C@H]3C(N)=O)cc2)cc1,7.468521082957745,362.389,1.90048,2,4,0
1855529,CHEMBL223497,IC50,=,34.0,nM,7.47,CHEMBL284,Dipeptidyl peptidase 4,N#Cc1ccc(CN[C@@H]2CN[C@H](C(=O)N3CCSC3)C2)cc1,7.468521082957745,316.43000000000006,0.9112799999999996,2,5,0
325933,CHEMBL142703,IC50,=,34.0,nM,7.47,CHEMBL284,Dipeptidyl peptidase 4,N#C[C@@H]1CCCN1C(=O)CNC12CC3CC(CC(O)(C3)C1)C2,7.468521082957745,303.4060000000001,1.1742799999999989,2,4,0
2690366,CHEMBL539187,IC50,=,34.0,nM,7.47,CHEMBL284,Dipeptidyl peptidase 4,N[C@@H](CC(=O)N1CCC[C@H]1CNS(=O)(=O)c1ccccc1)Cc1ccccc1F,7.468521082957745,419.5220000000001,2.0551000000000004,2,4,0
1692813,CHEMBL206383,IC50,=,34.0,nM,7.47,CHEMBL284,Dipeptidyl peptidase 4,C[C@@H](c1ccc(-c2ccc(=O)n(C)c2)cc1)[C@H](N)C(=O)N1CC[C@H](F)C1.O=C(O)C(F)(F)F,7.468521082957745,471.4510000000002,2.6868,2,4,0
6301104,CHEMBL1809262,IC50,=,34.0,nM,7.47,CHEMBL284,Dipeptidyl peptidase 4,CC(C)Cc1nc2ccc(OCC(N)=O)cc2c(-c2ccccc2)c1CN,7.468521082957745,363.46100000000007,3.4231000000000016,2,4,0
1896359,CHEMBL230497,IC50,=,34.3,nM,7.46,CHEMBL284,Dipeptidyl peptidase 4,C[C@@H]1CCN(C(=O)C[C@H](N)Cc2cc(F)c(F)cc2F)[C@H](CC(F)(F)F)C(=O)N1,7.464705879957229,425.373,2.4218,2,3,0
17712985,CHEMBL3931183,IC50,=,34.5,nM,7.46,CHEMBL284,Dipeptidyl peptidase 4,C[C@]1(N2Cc3c[nH]nc3C2)CO[C@H](c2cc(F)ccc2F)[C@@H](N)C1,7.462180904926726,334.37000000000006,2.2511,2,4,0
25491589,CHEMBL5424574,IC50,=,34.5,nM,7.46,CHEMBL284,Dipeptidyl peptidase 4,Nc1nc(NC2=NC(c3ccccc3)=CC(c3ccc(Cl)cc3)O2)nc(N2CCOCC2)n1,7.462180904926726,463.9290000000003,3.524300000000002,2,9,0
23297217,CHEMBL4859630,IC50,=,34.6,nM,7.46,CHEMBL284,Dipeptidyl peptidase 4,CC#CCn1c(N2CCC[C@@H](N)C2)cc(=O)n(Cc2cccc(C(=O)N3CCC[C@H]3C(=O)O)c2)c1=O,7.460923901207224,493.5640000000003,0.6983000000000021,2,6,0
2713680,CHEMBL1202083,IC50,=,34.8,nM,7.46,CHEMBL284,Dipeptidyl peptidase 4,N#C[C@H]1CCCN1C(=O)CNCCN1CCN(c2ccccc2)C1=O.O=C(O)C(=O)O,7.458420756053419,431.4490000000001,0.1883800000000027,3,6,0
2451345,CHEMBL471544,IC50,=,35.0,nM,7.46,CHEMBL284,Dipeptidyl peptidase 4,N#C[C@@H]1CCCN1C(=O)[C@@H](N)CCCCNC(=O)OCc1ccccc1,7.455931955649724,358.44200000000006,1.9249799999999997,2,5,0
309679,CHEMBL3084939,IC50,=,35.0,nM,7.46,CHEMBL284,Dipeptidyl peptidase 4,N[C@H](C(=O)N1CCSC1)[C@H]1CC[C@H](NC(=O)Nc2ccc(F)c(F)c2)CC1,7.455931955649724,398.4790000000001,2.5053,3,4,0
864833,CHEMBL96937,IC50,=,35.0,nM,7.46,CHEMBL284,Dipeptidyl peptidase 4,CC(C)(C)NCC(=O)N1CCC[C@H]1C#N,7.455931955649724,209.29299999999995,0.8890799999999999,1,3,0
2008924,CHEMBL237279,IC50,=,35.0,nM,7.46,CHEMBL284,Dipeptidyl peptidase 4,CC(C)=CCn1c(N2CCCC(N)C2)nc2c1c(=O)n(C)c(=O)n2C,7.455931955649724,346.4350000000001,0.3274000000000017,1,5,0
2410501,CHEMBL497735,IC50,=,35.0,nM,7.46,CHEMBL284,Dipeptidyl peptidase 4,N[C@H](Cc1cc(F)c(F)cc1F)C1CCN(C(=O)c2ccc(F)cc2F)CC1,7.455931955649724,398.3750000000001,3.804300000000003,1,2,0
686322,CHEMBL281178,IC50,=,35.0,nM,7.46,CHEMBL284,Dipeptidyl peptidase 4,N[C@H](C(=O)N1CC[C@H](F)C1)[C@H]1CC[C@H](NS(=O)(=O)c2ccc(OC(F)(F)F)cc2)CC1,7.455931955649724,467.4850000000002,2.3199999999999994,2,5,0
1970046,CHEMBL232153,IC50,=,35.0,nM,7.46,CHEMBL284,Dipeptidyl peptidase 4,CC(C)(Cc1ccc(F)cc1)NCC(=O)N1CCC[C@H]1C(=O)c1ncon1,7.455931955649724,374.4160000000001,1.9933,1,6,0
2258966,CHEMBL469730,IC50,=,35.0,nM,7.46,CHEMBL284,Dipeptidyl peptidase 4,N[C@@H](CC(=O)NC1(c2nc3ccc(Cl)cc3s2)CCS(=O)(=O)CC1)Cc1ccccc1F,7.455931955649724,496.02900000000034,3.5690000000000026,2,6,0
837821,CHEMBL93354,IC50,=,36.0,nM,7.44,CHEMBL284,Dipeptidyl peptidase 4,N#C[C@@H]1CCCN1C(=O)CNCCNc1ccc(Cl)cn1,7.443697499232712,307.785,1.2510799999999995,2,5,0
3603850,CHEMBL1288232,IC50,=,36.0,nM,7.44,CHEMBL284,Dipeptidyl peptidase 4,Cl.Cn1c(=O)c2c(cc(N3CCC[C@@](C)(N)C3)n2Cc2ccccc2C#N)n(C)c1=O,7.443697499232712,442.95100000000014,1.6980800000000005,1,5,0
5192913,CHEMBL1650438,IC50,=,36.0,nM,7.44,CHEMBL284,Dipeptidyl peptidase 4,N[C@@H]1CCCN(c2cc(=O)[nH]c(=O)n2Cc2ccccc2Br)C1,7.443697499232712,379.258,1.2749000000000006,2,4,0
5244144,CHEMBL1683989,IC50,=,36.43,nM,7.44,CHEMBL284,Dipeptidyl peptidase 4,Cl.NC(=O)c1ccc(-c2nnn3c2CN(C(=O)C[C@H](N)Cc2cc(F)c(F)cc2F)CC3)cc1,7.438540828758084,494.90500000000026,2.1854000000000005,2,5,0
10991419,CHEMBL2069308,IC50,=,36.7,nM,7.43,CHEMBL284,Dipeptidyl peptidase 4,N[C@@H](CC(=O)N1CCN(C(=O)c2ccc3cccnc3n2)CC1)Cc1cc(F)c(F)cc1F,7.43533393574791,457.45600000000024,2.2916,1,5,0
1897546,CHEMBL230840,IC50,=,37.0,nM,7.43,CHEMBL284,Dipeptidyl peptidase 4,N[C@@H](CC(=O)N1CSC[C@H]1C(=O)NCc1ccc(CC(=O)O)cc1)Cc1ccccc1F,7.431798275933005,459.54300000000023,1.930600000000001,3,5,0
2090797,CHEMBL271444,IC50,=,37.0,nM,7.43,CHEMBL284,Dipeptidyl peptidase 4,CCc1nsc(N2CCN(C(=O)[C@@H]3CN[C@H](C(=O)N4CCCC4)C3)CC2)n1,7.431798275933005,392.52900000000034,0.349600000000001,1,7,0
13452869,CHEMBL2425074,IC50,=,37.0,nM,7.43,CHEMBL284,Dipeptidyl peptidase 4,N[C@H]1C[C@@H](N2Cc3cn[nH]c3C2)CO[C@@H]1c1cc(F)ccc1Cl,7.431798275933005,336.798,2.3753,2,4,0
13452870,CHEMBL2425063,IC50,=,37.0,nM,7.43,CHEMBL284,Dipeptidyl peptidase 4,N[C@H]1C[C@@H](N2CCn3c(nnc3C(F)(F)F)C2)CO[C@@H]1c1cc(F)ccc1F,7.431798275933005,403.3550000000001,2.2482,1,5,0
5240827,CHEMBL1683569,IC50,=,37.0,nM,7.43,CHEMBL284,Dipeptidyl peptidase 4,N[C@H]1CN(c2ncnc(N3CCC(F)(F)C3)n2)C[C@@H]1N1CCCCC1=O,7.431798275933005,367.40400000000017,0.2453999999999994,1,7,0
1985712,CHEMBL237342,IC50,=,37.0,nM,7.43,CHEMBL284,Dipeptidyl peptidase 4,N#Cc1cccc(-c2cc(N3C[C@H](c4cc(F)c(F)cc4F)[C@@H](N)C3)ncn2)c1,7.431798275933005,395.388,3.3636800000000013,1,5,0
1985695,CHEMBL237786,IC50,=,37.0,nM,7.43,CHEMBL284,Dipeptidyl peptidase 4,COc1ccc(-c2cc(N3C[C@H](c4cc(F)c(F)cc4F)[C@@H](N)C3)ncn2)cn1,7.431798275933005,401.39200000000005,2.895600000000001,1,6,0
1958908,CHEMBL233685,IC50,=,37.0,nM,7.43,CHEMBL284,Dipeptidyl peptidase 4,CCc1nnc2n1CCN(C(=O)C[C@H](N)Cc1cc(F)c(F)cc1F)C2,7.431798275933005,367.37500000000006,1.5600999999999998,1,4,0
17712986,CHEMBL3940772,IC50,=,37.0,nM,7.43,CHEMBL284,Dipeptidyl peptidase 4,C[C@]1(N2Cc3cn(S(C)(=O)=O)nc3C2)CO[C@H](c2cc(F)ccc2F)[C@@H](N)C1,7.431798275933005,412.4620000000001,1.5322,1,6,0
1905812,CHEMBL230984,IC50,=,37.0,nM,7.43,CHEMBL284,Dipeptidyl peptidase 4,N[C@H]1CN(c2ccncn2)CC[C@@H]1c1cc(F)c(F)cc1F.O=C(O)C(F)(F)F,7.431798275933005,422.329,2.8484000000000007,2,5,0
1502020,CHEMBL363584,IC50,=,37.0,nM,7.43,CHEMBL284,Dipeptidyl peptidase 4,C[C@@H](c1ccc(-c2ccc(F)cc2F)cc1)[C@H](N)C(=O)N1CC[C@H](F)C1.O=C(O)C(F)(F)F,7.431798275933005,476.4170000000002,4.266300000000003,2,3,0
2275162,CHEMBL515435,IC50,=,37.0,nM,7.43,CHEMBL284,Dipeptidyl peptidase 4,N#C[C@@H]1CCCN1C(=O)[C@@H](N)CCC(=O)Nc1ccccc1.O=C(O)C(F)(F)F,7.431798275933005,414.38400000000007,1.880479999999999,3,5,0
1855527,CHEMBL441559,IC50,=,37.2,nM,7.43,CHEMBL284,Dipeptidyl peptidase 4,N#Cc1ccc(C(=O)N[C@@H]2CN[C@H](C(=O)N3CCSC3)C2)cc1,7.429457060118103,330.41300000000007,0.5514799999999995,2,5,0
1896366,CHEMBL230388,IC50,=,37.3,nM,7.43,CHEMBL284,Dipeptidyl peptidase 4,CC[C@@H]1C(=O)NC[C@H](C)CN1C(=O)C[C@H](N)Cc1cc(F)c(F)cc1F,7.428291168191312,371.403,1.7369,2,3,0
12044106,CHEMBL2147059,IC50,=,38.0,nM,7.42,CHEMBL284,Dipeptidyl peptidase 4,COc1ccccc1Cn1c(N2CCC[C@@H](N)C2)nc2c3cc(C(=O)O)ccc3n(C)c(=O)c21.Cl,7.42021640338319,497.9830000000001,2.992600000000001,2,6,0
5237523,CHEMBL1683092,IC50,=,38.0,nM,7.42,CHEMBL284,Dipeptidyl peptidase 4,CCN([C@H]1CC[C@H]([C@H](N)Cc2cc(F)ccc2F)CC1)S(=O)(=O)c1c(C)noc1C,7.42021640338319,441.54400000000027,3.7090400000000026,1,5,0
3101905,CHEMBL591277,IC50,=,38.0,nM,7.42,CHEMBL284,Dipeptidyl peptidase 4,COc1cc2c(cc1OC)[C@@H]1CC(N)[C@@H](c3cccc(C4CC4)c3)CN1CC2,7.42021640338319,378.51600000000025,3.995200000000003,1,4,0
1987818,CHEMBL235199,IC50,=,38.0,nM,7.42,CHEMBL284,Dipeptidyl peptidase 4,CN(C)C(=O)[C@@H]([C@H]1CC[C@H](C2CCc3ncnn3C2)CC1)[C@H](N)C(=O)N1CCC(F)(F)C1,7.42021640338319,452.5500000000003,1.5462000000000002,1,5,0
2572508,CHEMBL520434,IC50,=,38.0,nM,7.42,CHEMBL284,Dipeptidyl peptidase 4,N#Cc1c(F)cc(N2C[C@@H]3[C@H](C2)[C@H]3NCC(=O)N2C[C@@H](F)C[C@H]2C#N)cc1F,7.42021640338319,389.38100000000014,1.3232599999999997,1,5,0
2053430,CHEMBL249620,IC50,=,38.0,nM,7.42,CHEMBL284,Dipeptidyl peptidase 4,N[C@H]1CN(C(=O)c2ccc3ncccc3c2)C[C@H]1C(=O)N1CCCC1,7.42021640338319,338.4110000000002,1.256499999999999,1,4,0
324718,CHEMBL3084946,IC50,=,38.0,nM,7.42,CHEMBL284,Dipeptidyl peptidase 4,N[C@H](C(=O)N1CCSC1)[C@H]1CC[C@H](NC(=O)c2ccc(Cl)c(Cl)c2)CC1,7.42021640338319,416.37400000000014,3.1422000000000017,2,4,0
6203100,CHEMBL1779694,IC50,=,38.5,nM,7.42,CHEMBL284,Dipeptidyl peptidase 4,N[C@@H](CC(=O)N1CCN(Cc2ccc([N+](=O)[O-])cc2)C(=O)C1)Cc1cc(F)c(F)cc1F,7.414539270491499,450.4170000000002,2.1430000000000007,1,5,0
6203104,CHEMBL1779698,IC50,=,38.9,nM,7.41,CHEMBL284,Dipeptidyl peptidase 4,CCc1ccc(CN2CCN(C(=O)C[C@H](N)Cc3cc(F)c(F)cc3F)CC2=O)cc1,7.410050398674292,433.4740000000001,2.797200000000001,1,3,0
17630260,CHEMBL3675628,IC50,=,39.0,nM,7.41,CHEMBL284,Dipeptidyl peptidase 4,CC#CCn1c(N2CCC[C@@H](N)C2)nc2c1C(=O)N(Cc1ccc(OC)cc1)C1=NCCCN12,7.4089353929735005,461.5700000000003,2.064599999999999,1,7,0
5240824,CHEMBL1683566,IC50,=,39.0,nM,7.41,CHEMBL284,Dipeptidyl peptidase 4,COc1ccc(-c2cc(N3C[C@H](N)[C@@H](N4CCCCC4=O)C3)ncn2)cn1,7.4089353929735005,368.4410000000001,1.0755999999999992,1,7,0
5208659,CHEMBL3216954,IC50,=,39.0,nM,7.41,CHEMBL284,Dipeptidyl peptidase 4,Cc1ccc(-c2c(CCC(=O)O)c(C)nc(CC(C)C)c2CN)cc1.Cl.Cl,7.4089353929735005,413.38900000000007,4.8834400000000056,2,3,0
1519737,CHEMBL197300,IC50,=,39.0,nM,7.41,CHEMBL284,Dipeptidyl peptidase 4,N[C@@H](CC(=O)N1CCc2c(n[nH]c2C(F)(F)F)C1)Cc1cc(F)ccc1F,7.4089353929735005,388.34000000000015,2.5515000000000008,2,3,0
10991402,CHEMBL2069840,IC50,=,39.0,nM,7.41,CHEMBL284,Dipeptidyl peptidase 4,N[C@@H](CC(=O)N1CCN(C(=O)c2ccc(O)cc2)CC1)Cc1cc(F)c(F)cc1F,7.4089353929735005,421.4190000000002,2.0540000000000003,2,4,0
3317312,CHEMBL1082707,IC50,=,39.0,nM,7.41,CHEMBL284,Dipeptidyl peptidase 4,N#C[C@@H]1CCCN1C(=O)CN[C@@H]1C[C@@H]2CN(C(=O)N3CCCC3)C[C@@H]2C1,7.4089353929735005,359.4740000000003,1.016780000000001,1,4,0
3313844,CHEMBL1082465,IC50,=,39.0,nM,7.41,CHEMBL284,Dipeptidyl peptidase 4,CC(C)(CC(=O)N1CC[C@@H](F)C1)NCC(=O)N1C[C@@H](F)C[C@H]1C#N,7.4089353929735005,342.39000000000004,0.7776800000000008,1,4,0
16285074,CHEMBL3644785,IC50,=,39.0,nM,7.41,CHEMBL284,Dipeptidyl peptidase 4,CC(C)(C)c1nc2c(c(C(F)(F)F)n1)CCN(C(=O)C[C@H](N)CN1C(=O)CCC(F)(F)C1O)C2,7.4089353929735005,493.4770000000003,1.9711,2,6,0
2191776,CHEMBL485828,IC50,=,39.0,nM,7.41,CHEMBL284,Dipeptidyl peptidase 4,CC(C)(CNCc1ccc(C#N)cc1)NCC(=O)N1C[C@@H](F)C[C@H]1C#N,7.4089353929735005,357.4330000000001,1.47866,2,5,0
1793033,CHEMBL217017,IC50,=,39.0,nM,7.41,CHEMBL284,Dipeptidyl peptidase 4,C[C@H](CCc1ccc(C(N)=O)cc1)NCC(=O)c1ccc(F)c(F)c1,7.4089353929735005,346.377,2.8573000000000013,2,3,0
15094994,CHEMBL3330057,IC50,=,40.0,nM,7.4,CHEMBL284,Dipeptidyl peptidase 4,N#C[C@@H]1C[C@H](F)CN1C(=O)C[C@H](N)Cc1ccc(Cl)cc1Cl,7.397940008672037,344.217,2.715880000000001,1,3,0
2462052,CHEMBL488469,IC50,=,40.0,nM,7.4,CHEMBL284,Dipeptidyl peptidase 4,C[C@H](c1nc(-c2ccc(S(C)(=O)=O)cc2Cl)no1)[C@H](N)C(=O)N1CC[C@H](F)C1,7.397940008672037,430.8890000000002,1.7947,1,7,0
25050511,CHEMBL5288458,IC50,=,40.0,nM,7.4,CHEMBL284,Dipeptidyl peptidase 4,N#C[C@@H]1C[C@H](F)CN1C(=O)[C@@H](N)Cc1ccc(Cl)cc1Cl,7.397940008672037,330.19000000000005,2.325780000000001,1,3,0
17652372,CHEMBL3644453,IC50,=,40.0,nM,7.4,CHEMBL284,Dipeptidyl peptidase 4,N[C@H]1C[C@@H](N2Cc3c[nH]nc3C2)C[S+]([O-])C1c1cc(F)cc(F)c1F,7.397940008672037,370.4,1.7322,2,4,0
2053429,CHEMBL401268,IC50,=,40.0,nM,7.4,CHEMBL284,Dipeptidyl peptidase 4,N[C@H]1CN(C(=O)c2ccc(-n3cncn3)cc2)C[C@H]1C(=O)N1CCCC1,7.397940008672037,354.4140000000002,0.288999999999999,1,5,0
13903924,CHEMBL3112958,IC50,=,40.0,nM,7.4,CHEMBL284,Dipeptidyl peptidase 4,Cc1ccc(=O)n([C@H]2CC[C@](CN)(c3cccc(Cl)c3)CC2)n1,7.397940008672037,331.8470000000001,3.216920000000002,1,3,0
13903925,CHEMBL3112970,IC50,=,40.0,nM,7.4,CHEMBL284,Dipeptidyl peptidase 4,NC[C@]1(c2cccc(Cl)c2)CC[C@H](N2CCn3c(nnc3C(F)(F)F)C2)CC1,7.397940008672037,413.8750000000001,3.605200000000002,1,4,0
13960742,CHEMBL3127987,IC50,=,40.0,nM,7.4,CHEMBL284,Dipeptidyl peptidase 4,Cc1nc(C[C@H](N)C(=O)N2C[C@@H](F)C[C@H]2C#N)cs1,7.397940008672037,282.34399999999994,0.7839000000000004,1,5,0
2462049,CHEMBL452805,IC50,=,40.0,nM,7.4,CHEMBL284,Dipeptidyl peptidase 4,C[C@@H]1C(=O)NCCCN1C(=O)C[C@H](N)Cc1ccccc1F,7.397940008672037,307.36899999999997,0.822600000000001,2,3,0
12182810,CHEMBL2206468,IC50,=,41.0,nM,7.39,CHEMBL284,Dipeptidyl peptidase 4,N[C@@H](CC(=O)NC1(c2cccc(-c3cncs3)c2)CCS(=O)(=O)CC1)Cc1ccccc1F,7.387216143280264,487.6220000000003,3.429400000000002,2,6,0
2515621,CHEMBL473188,IC50,=,41.0,nM,7.39,CHEMBL284,Dipeptidyl peptidase 4,O=C([C@@H]1C[C@H](N2CCN(c3ncccn3)CC2)CN1)N1CC(F)C1,7.387216143280264,334.39900000000006,-0.4905999999999986,1,6,0
2130859,CHEMBL261462,IC50,=,41.0,nM,7.39,CHEMBL284,Dipeptidyl peptidase 4,C=CCN(CC#N)C(=O)[C@@H]1C[C@H](C(=O)N(C)C)[C@H](C)N1,7.387216143280264,278.356,-0.0206199999999989,1,4,0
13856236,CHEMBL3093897,IC50,=,42.0,nM,7.38,CHEMBL284,Dipeptidyl peptidase 4,Cc1ccccc1C[C@H](N)C(=O)N1CCC[C@H]1C#N,7.376750709602099,257.33699999999993,1.3794000000000002,1,3,0
2091499,CHEMBL402151,IC50,=,42.0,nM,7.38,CHEMBL284,Dipeptidyl peptidase 4,N[C@H](C(=O)N1CC[C@H]1C(=O)c1nc2ccccc2s1)C1CCCCC1,7.376750709602099,357.4790000000002,2.9875000000000016,1,5,0
12588817,CHEMBL1197118,IC50,=,42.0,nM,7.38,CHEMBL284,Dipeptidyl peptidase 4,CS(=O)(=O)c1ccc2c(c1)nc1n2C[C@H](N)[C@@H](c2cc(F)c(F)cc2F)C1,7.376750709602099,395.4060000000001,2.524300000000001,1,4,0
17660165,CHEMBL3686739,IC50,=,42.0,nM,7.38,CHEMBL284,Dipeptidyl peptidase 4,O=C(CNC12CC3CC(CC(O)(C3)C1)C2)N1CCC[C@H]1B(O)O,7.376750709602099,322.214,-0.3373000000000005,4,5,0
1792902,CHEMBL217245,IC50,=,42.0,nM,7.38,CHEMBL284,Dipeptidyl peptidase 4,C[C@@H](CC(=O)NC(C)(C)c1ccccc1)NCC(=O)N1CCC[C@H]1C#N,7.376750709602099,356.4700000000002,1.92068,2,4,0
2068821,CHEMBL553787,IC50,=,42.0,nM,7.38,CHEMBL284,Dipeptidyl peptidase 4,C[C@@H]1Cn2c(nnc2C(F)(F)F)CN1C(=O)C[C@H](N)Cc1cc(F)c(F)cc1F.Cl,7.376750709602099,457.8060000000001,2.826800000000001,1,4,0
2091498,CHEMBL256871,IC50,=,42.0,nM,7.38,CHEMBL284,Dipeptidyl peptidase 4,N[C@H](C(=O)N1CCC[C@H]1C(=O)c1nccs1)C1CCCCC1,7.376750709602099,321.4460000000002,2.2244,1,5,0
2609333,CHEMBL463481,IC50,=,42.0,nM,7.38,CHEMBL284,Dipeptidyl peptidase 4,CC(C)(CC(=O)N[C@H]1C[C@@H]1c1cccc(Cl)c1)NCC(=O)N1CCC[C@H]1C#N,7.376750709602099,402.9260000000003,2.5849800000000007,2,4,0
2572496,CHEMBL520266,IC50,=,42.0,nM,7.38,CHEMBL284,Dipeptidyl peptidase 4,N#Cc1c(N2C[C@@H]3[C@H](C2)[C@H]3NCC(=O)N2C[C@@H](F)C[C@H]2C#N)cccc1C(F)(F)F,7.376750709602099,421.3980000000001,2.06386,1,5,0
2053428,CHEMBL399247,IC50,=,42.0,nM,7.38,CHEMBL284,Dipeptidyl peptidase 4,N[C@H]1CN(C(=O)c2ccc3ncsc3c2)C[C@H]1C(=O)N1CCCC1,7.376750709602099,344.44000000000017,1.3179999999999996,1,5,0
10991420,CHEMBL2069857,IC50,=,42.2,nM,7.38,CHEMBL284,Dipeptidyl peptidase 4,N[C@@H](CC(=O)N1CCN(C(=O)c2cc(Cl)ccn2)CC1)Cc1cc(F)c(F)cc1F,7.374687549038326,440.85300000000024,2.3968000000000007,1,4,0
6203097,CHEMBL1779691,IC50,=,42.7,nM,7.37,CHEMBL284,Dipeptidyl peptidase 4,N[C@@H](CC(=O)N1CCN(Cn2nnc3ccccc32)C(=O)C1)Cc1cc(F)c(F)cc1F,7.369572124974976,446.4330000000003,1.437,1,5,0
2252404,CHEMBL496131,IC50,=,43.0,nM,7.37,CHEMBL284,Dipeptidyl peptidase 4,Cc1nc2c(s1)CC([C@H](N)C(=O)N1CC[C@H](F)C1)CC2,7.366531544420414,297.39900000000006,1.45412,1,4,0
584771,CHEMBL352520,IC50,=,43.0,nM,7.37,CHEMBL284,Dipeptidyl peptidase 4,N[C@H](C(=O)N1CCSC1)[C@H]1CC[C@H](NC(=O)Nc2cccc3ccccc23)C1,7.366531544420414,398.5320000000001,2.9902000000000006,3,4,0
1905803,CHEMBL231195,IC50,=,43.0,nM,7.37,CHEMBL284,Dipeptidyl peptidase 4,N[C@H]1CN(c2cnc3cncnc3n2)CC[C@@H]1c1cc(F)c(F)cc1F.O=C(O)C(F)(F)F,7.366531544420414,474.36500000000007,2.7916000000000007,2,7,0
14579416,CHEMBL3236131,IC50,=,43.0,nM,7.37,CHEMBL284,Dipeptidyl peptidase 4,NC[C@H]1CN(CCc2ccc3c(c2)OCO3)C(=O)C[C@@H]1c1ccc(Cl)cc1Cl,7.366531544420414,421.32400000000007,3.8556000000000026,1,4,0
1793284,CHEMBL219278,IC50,=,43.0,nM,7.37,CHEMBL284,Dipeptidyl peptidase 4,C[C@H](c1nc(-c2ccc(S(C)(=O)=O)cc2F)no1)[C@H](N)C(=O)N1CCCC1,7.366531544420414,396.44400000000024,1.3323999999999998,1,7,0
5294399,CHEMBL1688428,IC50,=,44.0,nM,7.36,CHEMBL284,Dipeptidyl peptidase 4,Cc1nc(C(=O)N2CCCC2)cc(-c2ccc(Cl)cc2Cl)c1CN,7.356547323513812,364.2760000000001,4.058520000000003,1,3,0
16584368,CHEMBL3805235,IC50,=,44.0,nM,7.36,CHEMBL284,Dipeptidyl peptidase 4,Cc1ccnc2c3c(nn12)CN([C@@H]1CO[C@H](c2cc(F)c(F)cc2F)[C@@H](N)C1)C3,7.356547323513812,403.4080000000002,2.628120000000001,1,5,0
17660160,CHEMBL3686736,IC50,=,44.0,nM,7.36,CHEMBL284,Dipeptidyl peptidase 4,CC(C)[C@H](N)C(=S)N1CCC[C@H]1B(O)O,7.356547323513812,230.142,-0.2264999999999998,3,4,0
17630262,CHEMBL3675630,IC50,=,44.0,nM,7.36,CHEMBL284,Dipeptidyl peptidase 4,CC#CCn1c(N2CCC[C@@H](N)C2)nc2c1C(=O)N(Cc1cccc3ccccc13)C1=NCCCN12,7.356547323513812,481.6040000000002,3.209200000000001,1,6,0
158513,CHEMBL63698,IC50,=,44.0,nM,7.36,CHEMBL284,Dipeptidyl peptidase 4,CC(C)C[C@H](N)C(=O)N1CCC[C@H]1B(O)O,7.356547323513812,228.10099999999997,-0.637199999999999,3,4,0
12718731,CHEMBL2346922,IC50,=,44.0,nM,7.36,CHEMBL284,Dipeptidyl peptidase 4,CC#CCn1c(N2CCC[C@@H](N)C2)nc2ccn(Cc3ncccn3)c2c1=O,7.356547323513812,377.45200000000017,0.9870999999999988,1,6,0
2091496,CHEMBL258288,IC50,=,44.0,nM,7.36,CHEMBL284,Dipeptidyl peptidase 4,O=C(c1nccs1)[C@@H]1CCCN1C(=O)[C@@H]1C[C@@H]2CCCC[C@@H]2N1,7.356547323513812,333.4570000000001,2.2375,1,5,0
12718730,CHEMBL2346923,IC50,=,44.1,nM,7.36,CHEMBL284,Dipeptidyl peptidase 4,CC#CCn1c(N2CCC[C@@H](N)C2)nc2ccn(Cc3c[nH]c4ccccc34)c2c1=O,7.355561410532162,414.5130000000002,2.6784,2,4,0
2713685,CHEMBL1202087,IC50,=,44.5,nM,7.35,CHEMBL284,Dipeptidyl peptidase 4,N#C[C@H]1CCCN1C(=O)CNCCN1CCN(c2ccc(F)cc2)C1=O.O=C(O)C(=O)O,7.351639989019068,449.43900000000014,0.327480000000001,3,6,0
6203096,CHEMBL1779690,IC50,=,44.8,nM,7.35,CHEMBL284,Dipeptidyl peptidase 4,N[C@@H](CC(=O)N1CCN(Cc2ccc(-c3ccccc3)cc2)C(=O)C1)Cc1cc(F)c(F)cc1F,7.348721986001856,481.51800000000026,3.9018000000000033,1,3,0
8038723,CHEMBL1951440,IC50,=,45.0,nM,7.35,CHEMBL284,Dipeptidyl peptidase 4,CC#CCn1c(N2CCCNCC2)c(C#N)c2ncn(Cc3ncc4ccccc4n3)c(=O)c21,7.346787486224656,452.5220000000002,1.884179999999999,1,7,0
15065876,CHEMBL3329626,IC50,=,45.0,nM,7.35,CHEMBL284,Dipeptidyl peptidase 4,N#Cc1ccccc1Cn1c(=O)[nH]c2nccc(N3CCC[C@@H](N)C3)c21,7.346787486224656,348.4100000000002,1.57208,2,5,0
2047449,CHEMBL250202,IC50,=,45.0,nM,7.35,CHEMBL284,Dipeptidyl peptidase 4,CC1c2nc(C(F)(F)F)n(C)c2CCN1C(=O)C[C@H](N)Cc1cc(F)c(F)cc1F,7.346787486224656,434.3840000000001,3.2620000000000013,1,3,0
1485712,CHEMBL193105,IC50,=,45.0,nM,7.35,CHEMBL284,Dipeptidyl peptidase 4,COc1cc2c(cc1OC)C(CCO)N(C(=O)C[C@H](N)C(=O)N1CCC[C@H]1C#N)CC2,7.346787486224656,430.5050000000003,0.7439800000000014,2,7,0
2252420,CHEMBL527015,IC50,=,45.0,nM,7.35,CHEMBL284,Dipeptidyl peptidase 4,N#C[C@@H]1CCCN1C(=O)/C(N)=C/C(=O)N1Cc2ccccc2C1,7.346787486224656,310.3570000000001,0.8859799999999997,1,4,0
15065883,CHEMBL3329633,IC50,=,45.0,nM,7.35,CHEMBL284,Dipeptidyl peptidase 4,Cn1c(=O)n(Cc2ccccc2C#N)c2c(N3CCC[C@@H](N)C3)cccc21,7.346787486224656,361.4490000000001,2.187479999999999,1,4,0
10991401,CHEMBL2069839,IC50,=,45.3,nM,7.34,CHEMBL284,Dipeptidyl peptidase 4,N[C@@H](CC(=O)N1CCN(C(=O)c2ccc(F)cc2)CC1)Cc1cc(F)c(F)cc1F,7.343901797987168,423.4100000000002,2.4875000000000007,1,3,0
10991405,CHEMBL2069843,IC50,=,45.3,nM,7.34,CHEMBL284,Dipeptidyl peptidase 4,N[C@@H](CC(=O)N1CCN(C(=O)c2ccc(S(N)(=O)=O)cc2)CC1)Cc1cc(F)c(F)cc1F,7.343901797987168,484.5000000000003,0.9958000000000004,2,5,0
1855502,CHEMBL223915,IC50,=,45.4,nM,7.34,CHEMBL284,Dipeptidyl peptidase 4,O=C([C@@H]1C[C@H](Nc2ccc(Cl)cc2)CN1)N1CCSC1,7.342944147142896,311.8380000000001,2.0153,2,4,0
574920,CHEMBL169179,IC50,=,46.0,nM,7.34,CHEMBL284,Dipeptidyl peptidase 4,N[C@H](C(=O)N1CCCC1)[C@@H]1CC[C@@H](NS(=O)(=O)c2ccc(S(N)(=O)=O)cc2)C1,7.337242168318426,430.5520000000002,-0.2692999999999979,3,6,0
2053416,CHEMBL401378,IC50,=,46.0,nM,7.34,CHEMBL284,Dipeptidyl peptidase 4,Cc1cc(CN2C[C@H](N)[C@H](C(=O)C3CCC[C@H]3C#N)C2)ccc1-n1cncn1,7.337242168318426,378.4800000000001,1.8437999999999992,1,6,0
337683,CHEMBL3084944,IC50,=,46.0,nM,7.34,CHEMBL284,Dipeptidyl peptidase 4,N[C@H](C(=O)N1CCCC1)[C@H]1CC[C@H](NC(=O)c2cccc3ccccc23)CC1,7.337242168318426,379.50400000000013,3.078100000000002,2,3,0
13856222,CHEMBL3093899,IC50,=,46.0,nM,7.34,CHEMBL284,Dipeptidyl peptidase 4,N#C[C@@H]1CCCN1C(=O)[C@@H](N)Cc1ccccc1C(F)(F)F,7.337242168318426,311.307,2.0897799999999993,1,3,0
2462051,CHEMBL527198,IC50,=,46.0,nM,7.34,CHEMBL284,Dipeptidyl peptidase 4,C[C@@H](c1nc(-c2ccc(S(C)(=O)=O)cc2Cl)no1)[C@H](N)Cc1cc(F)c(F)cc1F,7.337242168318426,459.8770000000001,3.8843000000000023,1,6,0
5244148,CHEMBL1683985,IC50,=,46.89,nM,7.33,CHEMBL284,Dipeptidyl peptidase 4,Cl.N[C@@H](CC(=O)N1CCn2nnc(-c3ccc(Cl)cc3)c2C1)Cc1cc(F)c(F)cc1F,7.328919767261151,486.32500000000016,3.739900000000003,1,4,0
1485714,CHEMBL192116,IC50,=,47.0,nM,7.33,CHEMBL284,Dipeptidyl peptidase 4,COc1cc2c(cc1OC)C(C(C)C)N(C(=O)C[C@H](N)C(=O)N1CCC[C@H]1C#N)CC2,7.327902142064283,428.5330000000003,2.0175799999999997,1,6,0
2053427,CHEMBL249825,IC50,=,47.0,nM,7.33,CHEMBL284,Dipeptidyl peptidase 4,N[C@H]1CN(C(=O)c2cc3ccccc3cn2)C[C@H]1C(=O)N1CCCC1,7.327902142064283,338.4110000000002,1.256499999999999,1,4,0
2690357,CHEMBL560123,IC50,=,47.0,nM,7.33,CHEMBL284,Dipeptidyl peptidase 4,N[C@@H](CC(=O)N1CCC[C@H]1CNC(=O)c1ccccn1)Cc1ccccc1F,7.327902142064283,384.4550000000001,1.9016000000000008,2,4,0
6301140,CHEMBL1808475,IC50,=,47.0,nM,7.33,CHEMBL284,Dipeptidyl peptidase 4,CC(C)Cn1c(CN)c(-c2ccccc2)c2cc(OCC(N)=O)ccc2c1=O.Cl,7.327902142064283,415.9210000000002,3.069100000000001,2,4,0
1970030,CHEMBL232759,IC50,=,47.0,nM,7.33,CHEMBL284,Dipeptidyl peptidase 4,CC(C)(CO)NCC(=O)N1CCC[C@H]1C(=O)c1nnc(C(C)(C)C)o1,7.327902142064283,352.4350000000001,0.9013000000000002,2,7,0
1985709,CHEMBL236714,IC50,=,47.0,nM,7.33,CHEMBL284,Dipeptidyl peptidase 4,COc1cccc(-c2cc(N3C[C@H](c4cc(F)c(F)cc4F)[C@@H](N)C3)ncn2)c1,7.327902142064283,400.40400000000005,3.5006000000000013,1,5,0
573776,CHEMBL353840,IC50,=,47.0,nM,7.33,CHEMBL284,Dipeptidyl peptidase 4,N[C@H](C(=O)N1CCSC1)[C@H]1CC[C@H](NC(=O)c2cccc3ccccc23)C1,7.327902142064283,383.5170000000001,2.5985000000000005,2,4,0
717762,CHEMBL37536,IC50,=,47.0,nM,7.33,CHEMBL284,Dipeptidyl peptidase 4,NCc1c(N)nc(-c2ccccc2F)nc1-c1ccc(Cl)cc1Cl,7.327902142064283,363.22300000000007,4.297400000000001,2,4,0
2706906,CHEMBL550801,IC50,=,47.0,nM,7.33,CHEMBL284,Dipeptidyl peptidase 4,N[C@H]1Cn2c(nc3ccc(C(F)(F)F)cc32)C[C@@H]1c1cc(F)c(F)cc1F.O=C(O)C(F)(F)F,7.327902142064283,499.333,4.772900000000002,2,3,0
2706912,CHEMBL558253,IC50,=,47.0,nM,7.33,CHEMBL284,Dipeptidyl peptidase 4,N[C@H]1Cn2c(nc3c(F)cc(F)cc32)C[C@@H]1c1cc(F)c(F)cc1F.O=C(O)C(F)(F)F,7.327902142064283,467.3160000000001,4.032300000000002,2,3,0
5240817,CHEMBL1683559,IC50,=,47.0,nM,7.33,CHEMBL284,Dipeptidyl peptidase 4,N[C@H]1CN(c2cc(-c3cc(F)c(F)cc3F)ncn2)C[C@@H]1N1CCCCC1=O,7.327902142064283,391.3970000000002,2.0893,1,5,0
3302961,CHEMBL1082348,IC50,=,47.0,nM,7.33,CHEMBL284,Dipeptidyl peptidase 4,CO[C@H]1C[C@H]2C[C@H](NCC(=O)N3CCC[C@H]3C#N)C[C@H]2C1.Cl,7.327902142064283,327.85600000000005,1.7159799999999998,1,4,0
2023309,CHEMBL391331,IC50,=,47.6,nM,7.32,CHEMBL284,Dipeptidyl peptidase 4,O=C([C@@H]1C[C@H](N2CCCCC2)CN1)N1CCSC1,7.322393047279507,269.414,0.7357000000000002,1,4,0
2713678,CHEMBL1202091,IC50,=,47.8,nM,7.32,CHEMBL284,Dipeptidyl peptidase 4,CC(C)N1CCN(CCNCC(=O)N2CCC[C@@H]2C#N)C1=O.O=C(O)C(=O)O,7.320572103387881,397.4320000000002,-0.6078199999999956,3,6,0
1692795,CHEMBL203379,IC50,=,48.0,nM,7.32,CHEMBL284,Dipeptidyl peptidase 4,C[C@@H](c1ccc(-c2ccc(=O)n(C)c2)cc1)[C@H](N)C(=O)N1CCCC1.O=C(O)C(F)(F)F,7.318758762624412,453.46100000000024,2.7388000000000003,2,4,0
2026079,CHEMBL395213,IC50,=,48.0,nM,7.32,CHEMBL284,Dipeptidyl peptidase 4,Cl.N[C@H](C(=O)N1CC[C@H](F)C1)C1CCC(NS(=O)(=O)c2ccc(F)cc2F)CC1,7.318758762624412,455.9300000000002,2.1214,2,4,0
671629,CHEMBL22310,IC50,=,48.0,nM,7.32,CHEMBL284,Dipeptidyl peptidase 4,N[C@H](C(=O)N1CC[C@H](F)C1)[C@H]1CC[C@H](NS(=O)(=O)c2ccc(F)cc2F)CC1,7.318758762624412,419.46900000000016,1.6995999999999991,2,4,0
10982109,CHEMBL2063036,IC50,=,48.0,nM,7.32,CHEMBL284,Dipeptidyl peptidase 4,O=C([C@@H]1C[C@@H](O)CN1)N1C[C@H](O)C[C@H]1B(O)O,7.318758762624412,244.056,-3.3169999999999975,5,6,0
13452867,CHEMBL2425073,IC50,=,48.0,nM,7.32,CHEMBL284,Dipeptidyl peptidase 4,N[C@H]1C[C@@H](N2Cc3cn[nH]c3C2)CO[C@@H]1c1cc(F)c(Cl)cc1F,7.318758762624412,354.788,2.514400000000001,2,4,0
12718728,CHEMBL2346925,IC50,=,48.2,nM,7.32,CHEMBL284,Dipeptidyl peptidase 4,CC#CCn1c(N2CCC[C@@H](N)C2)nc2ccn(Cc3ccnc4ccccc34)c2c1=O,7.31695296176115,426.5240000000002,2.7453000000000003,1,5,0
20653411,CHEMBL4635433,IC50,=,48.9,nM,7.31,CHEMBL284,Dipeptidyl peptidase 4,N[C@H]1C[C@@H](N2CCC(F)(F)C2)[C@@H](C(F)(F)F)O[C@@H]1c1cc(F)ccc1F,7.31069114087638,386.311,3.394000000000002,1,3,0
6203102,CHEMBL1779696,IC50,=,48.9,nM,7.31,CHEMBL284,Dipeptidyl peptidase 4,N#Cc1ccccc1CN1CCN(C(=O)C[C@H](N)Cc2cc(F)c(F)cc2F)CC1=O,7.31069114087638,430.4300000000001,2.1064800000000004,1,4,0
1692804,CHEMBL203736,IC50,=,49.0,nM,7.31,CHEMBL284,Dipeptidyl peptidase 4,C[C@@H](c1ccc(-c2cc(F)c(=O)n(C)c2)cc1)[C@H](N)C(=O)N1CC[C@H](F)C1.O=C(O)C(F)(F)F,7.309803919971486,489.4410000000002,2.8259000000000007,2,4,0
2572480,CHEMBL471956,IC50,=,49.0,nM,7.31,CHEMBL284,Dipeptidyl peptidase 4,N#C[C@@H]1C[C@H](F)CN1C(=O)CN[C@H]1[C@@H]2CN(c3ccc(Cl)cn3)C[C@@H]21,7.309803919971486,363.8240000000001,1.22178,1,5,0
18493689,CHEMBL4205581,IC50,=,49.0,nM,7.31,CHEMBL284,Dipeptidyl peptidase 4,N#Cc1ccccc1Cc1c(Cl)nc2ccnn2c1N1CCC[C@@H](N)C1,7.309803919971486,366.8560000000002,2.7726800000000003,1,5,0
2690354,CHEMBL550862,IC50,=,49.0,nM,7.31,CHEMBL284,Dipeptidyl peptidase 4,N[C@@H](CC(=O)N1CCC[C@H]1CNC(=O)c1ccccc1F)Cc1ccccc1F,7.309803919971486,401.4570000000001,2.6457000000000006,2,3,0
1669228,CHEMBL201424,IC50,=,49.0,nM,7.31,CHEMBL284,Dipeptidyl peptidase 4,CC(C)(CC(=O)N1CCc2ccccc2C1)NCC(=O)N1CCC[C@H]1C#N,7.309803919971486,368.4810000000002,1.84418,1,4,0
2053426,CHEMBL249826,IC50,=,49.0,nM,7.31,CHEMBL284,Dipeptidyl peptidase 4,N[C@H]1CN(C(=O)c2cnc3ccccc3c2)C[C@H]1C(=O)N1CCCC1,7.309803919971486,338.4110000000002,1.256499999999999,1,4,0
24719108,CHEMBL5177166,IC50,=,49.0,nM,7.31,CHEMBL284,Dipeptidyl peptidase 4,NC(CCOc1ccc(S(N)(=O)=O)cc1)C1COc2ccccc2O1,7.309803919971486,364.4230000000001,1.2702000000000009,2,6,0
6301105,CHEMBL1809263,IC50,=,49.0,nM,7.31,CHEMBL284,Dipeptidyl peptidase 4,CC(C)Cc1nc2ccc(OCC(N)=O)cc2c(-c2cccc(F)c2)c1CN,7.309803919971486,381.4510000000001,3.5622000000000007,2,4,0
16763219,CHEMBL3929146,IC50,=,49.73,nM,7.3,CHEMBL284,Dipeptidyl peptidase 4,COc1ccc2c3c(ccc2c1)O[C@@H](c1cc(F)c(F)cc1F)[C@H](N)C3,7.303381540767775,359.3470000000001,4.269200000000002,1,3,0
3317314,CHEMBL1082716,IC50,=,50.0,nM,7.3,CHEMBL284,Dipeptidyl peptidase 4,N#C[C@@H]1CCCN1C(=O)CN[C@@H]1C[C@@H]2CN(C(=O)N3CCOCC3)C[C@@H]2C1,7.301029995663981,375.4730000000003,0.2531800000000015,1,5,0
1963688,CHEMBL429982,IC50,=,50.0,nM,7.3,CHEMBL284,Dipeptidyl peptidase 4,COc1cc2c(cc1OC)[C@@H]1C[C@@H](N)[C@@H](c3cccc(Cl)c3)CN1CC2,7.301029995663981,372.8960000000002,3.771200000000002,1,4,0
13960740,CHEMBL3127989,IC50,=,50.0,nM,7.3,CHEMBL284,Dipeptidyl peptidase 4,N#C[C@@H]1C[C@H](F)CN1C(=O)[C@@H](N)Cc1csc(-c2ccc(Cl)cc2)n1,7.301029995663981,378.86000000000007,2.7958800000000013,1,5,0
2122454,CHEMBL257653,IC50,=,50.0,nM,7.3,CHEMBL284,Dipeptidyl peptidase 4,Cn1cnc2cc(Br)c(-c3ccccc3Cl)c(CN)c21,7.301029995663981,350.64700000000016,4.114900000000002,1,2,0
2047444,CHEMBL400954,IC50,=,50.0,nM,7.3,CHEMBL284,Dipeptidyl peptidase 4,Cn1cnc2c1CCN(C(=O)C[C@H](N)Cc1cc(F)c(F)cc1F)C2C(F)(F)F,7.301029995663981,420.357,2.7856000000000005,1,3,0
25050512,CHEMBL5280469,IC50,=,50.0,nM,7.3,CHEMBL284,Dipeptidyl peptidase 4,N#C[C@@H]1C[C@H](F)CN1C(=O)[C@@H](N)Cc1cc(Cl)c(Cl)cc1Cl,7.301029995663981,364.6350000000001,2.9791800000000013,1,3,0
2507992,CHEMBL475654,IC50,=,50.0,nM,7.3,CHEMBL284,Dipeptidyl peptidase 4,Cl.N[C@@H](CC(=O)N1CCCN(C(=O)c2cccc(C(=O)O)c2)CC1)Cc1cc(F)c(F)cc1F,7.301029995663981,499.91700000000026,2.8585000000000003,2,4,0
1727630,CHEMBL208964,IC50,=,50.0,nM,7.3,CHEMBL284,Dipeptidyl peptidase 4,O=C([C@@H]1CN[C@H](C(=O)N2CCCC2)C1)N1Cc2ccc(Cl)cc2C1,7.301029995663981,347.84600000000006,1.7827,1,3,0
2053461,CHEMBL250393,IC50,=,50.0,nM,7.3,CHEMBL284,Dipeptidyl peptidase 4,N[C@H]1CN(Cc2ccc(-n3cnnn3)cc2)C[C@H]1C(=O)N1CCCC1,7.301029995663981,341.41900000000015,0.0437999999999998,1,6,0
13960739,CHEMBL3127990,IC50,=,50.0,nM,7.3,CHEMBL284,Dipeptidyl peptidase 4,N#C[C@@H]1C[C@H](F)CN1C(=O)[C@@H](N)Cc1csc(-c2ccc(C(F)(F)F)cc2)n1,7.301029995663981,412.412,3.1612800000000014,1,5,0
2091500,CHEMBL271694,IC50,=,50.0,nM,7.3,CHEMBL284,Dipeptidyl peptidase 4,N[C@H](C(=O)N1CCC[C@H]1C(=O)c1nc2ccccc2s1)C1CCCCC1,7.301029995663981,371.50600000000026,3.377600000000002,1,5,0
15094991,CHEMBL3330060,IC50,=,50.0,nM,7.3,CHEMBL284,Dipeptidyl peptidase 4,N#C[C@@H]1C[C@H](F)CN1C(=O)C[C@H](N)Cc1cc(F)c(F)cc1F,7.301029995663981,329.29699999999997,1.8263800000000003,1,3,0
13960741,CHEMBL3127985,IC50,=,50.0,nM,7.3,CHEMBL284,Dipeptidyl peptidase 4,N#C[C@@H]1C[C@H](F)CN1C(=O)[C@@H](N)Cc1csc2ccccc12,7.301029995663981,317.389,2.233680000000001,1,4,0
3313845,CHEMBL1082464,IC50,=,50.0,nM,7.3,CHEMBL284,Dipeptidyl peptidase 4,CC(C)(CC(=O)N1CC[C@H](O)C1)NCC(=O)N1C[C@@H](F)C[C@H]1C#N,7.301029995663981,340.39900000000006,-0.1995199999999983,2,5,0
2024361,CHEMBL535180,IC50,=,50.0,nM,7.3,CHEMBL284,Dipeptidyl peptidase 4,Cl.N[C@@H](CC(=O)N1CCCCN1C(=O)c1ccccc1)Cc1cc(F)c(F)cc1F,7.301029995663981,441.8810000000001,3.4654000000000016,1,3,0
10991396,CHEMBL2069834,IC50,=,50.4,nM,7.3,CHEMBL284,Dipeptidyl peptidase 4,N#Cc1ccccc1N1CCN(C(=O)C[C@H](N)Cc2cc(F)c(F)cc2F)CC1,7.297569463554475,402.4200000000001,2.584280000000001,1,4,0
10991416,CHEMBL2069854,IC50,=,50.6,nM,7.3,CHEMBL284,Dipeptidyl peptidase 4,N[C@@H](CC(=O)N1CCN(C(=O)c2cc3ccccc3s2)CC1)Cc1cc(F)c(F)cc1F,7.295849483160201,461.50900000000024,3.563100000000003,1,4,0
6203103,CHEMBL1779697,IC50,=,50.7,nM,7.29,CHEMBL284,Dipeptidyl peptidase 4,N[C@@H](CC(=O)N1CCN(Cc2ccccc2C(F)(F)F)C(=O)C1)Cc1cc(F)c(F)cc1F,7.294992040666664,473.4170000000002,3.2536000000000023,1,3,0
19099021,CHEMBL4465448,IC50,=,50.9,nM,7.29,CHEMBL284,Dipeptidyl peptidase 4,CC#CCn1c(N2CCC[C@@H](N)C2)nc2c1c(=O)n(Cc1c(Cl)cccc1C(=O)OC)c(=O)n2C,7.293282217663242,498.97100000000023,1.3358,1,7,0
1985710,CHEMBL237343,IC50,=,51.0,nM,7.29,CHEMBL284,Dipeptidyl peptidase 4,N[C@H]1CN(c2cc(-c3cccc(F)c3)ncn2)C[C@@H]1c1cc(F)c(F)cc1F,7.292429823902063,388.36800000000005,3.631100000000002,1,4,0
1449103,CHEMBL369738,IC50,=,51.0,nM,7.29,CHEMBL284,Dipeptidyl peptidase 4,N[C@@H](CC(=O)N1CCNC[C@H]1Cc1ccccc1)Cc1cc(F)ccc1F,7.292429823902063,373.4470000000001,2.2678000000000003,2,3,0
2515614,CHEMBL473419,IC50,=,51.0,nM,7.29,CHEMBL284,Dipeptidyl peptidase 4,O=C([C@@H]1C[C@H](N2CCN(c3ncccn3)CC2)CN1)N1CC[C@@H](F)C1,7.292429823902063,348.4260000000001,-0.1004999999999989,1,6,0
5237576,CHEMBL1683144,IC50,=,51.0,nM,7.29,CHEMBL284,Dipeptidyl peptidase 4,N[C@H](Cc1cc(F)ccc1F)C1CCN(C2CCCC(C(=O)O)C2)CC1,7.292429823902063,366.45200000000017,3.1900000000000013,2,3,0
12044114,CHEMBL2147066,IC50,=,51.0,nM,7.29,CHEMBL284,Dipeptidyl peptidase 4,CC(C)=CCn1c(N2CCC[C@@H](N)C2)nc2c3cc(C(=O)O)ccc3n(C)c(=O)c21.Cl,7.292429823902063,445.9510000000002,2.9019000000000017,2,5,0
2130852,CHEMBL406219,IC50,=,51.0,nM,7.29,CHEMBL284,Dipeptidyl peptidase 4,CCN(CC#N)C(=O)[C@@H]1C[C@H](C(=O)NCc2ccccc2)[C@H](C)N1,7.292429823902063,328.416,1.0414799999999995,2,4,0
2572498,CHEMBL471960,IC50,=,51.0,nM,7.29,CHEMBL284,Dipeptidyl peptidase 4,N#Cc1ccccc1N1C[C@@H]2[C@H](C1)[C@H]2NCC(=O)N1C[C@@H](F)C[C@H]1C#N,7.292429823902063,353.40100000000007,1.0450599999999997,1,5,0
1985705,CHEMBL236923,IC50,=,51.0,nM,7.29,CHEMBL284,Dipeptidyl peptidase 4,N[C@H]1CN(c2cc(-c3ccc(F)cc3)ncn2)C[C@@H]1c1cc(F)c(F)cc1F,7.292429823902063,388.36800000000005,3.631100000000002,1,4,0
1855505,CHEMBL411561,IC50,=,51.5,nM,7.29,CHEMBL284,Dipeptidyl peptidase 4,COc1ccc(N[C@@H]2CN[C@H](C(=O)N3CCSC3)C2)cc1,7.288192770958809,307.41900000000004,1.3704999999999996,2,5,0
2171481,CHEMBL255864,IC50,=,52.0,nM,7.28,CHEMBL284,Dipeptidyl peptidase 4,CC#CCn1c(N2CCCC(N)C2)nc2c(OC)nn(Cc3cccc4ccccc34)c(=O)c21,7.2839966563652,456.5500000000002,2.7539000000000007,1,6,0
2090795,CHEMBL402645,IC50,=,52.0,nM,7.28,CHEMBL284,Dipeptidyl peptidase 4,CC(C)c1nsc(N2CCN(C(=O)[C@@H]3CN[C@H](C(=O)N4CCCC4)C3)CC2)n1,7.2839966563652,406.5560000000003,0.910600000000001,1,7,0
2090804,CHEMBL273206,IC50,=,52.0,nM,7.28,CHEMBL284,Dipeptidyl peptidase 4,Cc1csc(N2CCN(C(=O)[C@@H]3CN[C@H](C(=O)N4CCCC4)C3)CC2)n1,7.2839966563652,377.5140000000003,0.7006200000000005,1,6,0
6301110,CHEMBL3215633,IC50,=,52.0,nM,7.28,CHEMBL284,Dipeptidyl peptidase 4,CNC(=O)COc1ccc2nc(CC(C)C)c(CN)c(-c3ccc(C)cc3)c2c1.Cl.Cl,7.2839966563652,464.43700000000007,4.835820000000005,2,4,0
2122455,CHEMBL257852,IC50,=,52.0,nM,7.28,CHEMBL284,Dipeptidyl peptidase 4,Cn1c(=O)[nH]c2ccc(-c3ccccc3Cl)c(CN)c21,7.2839966563652,287.75000000000006,2.6456999999999997,2,2,0
1692801,CHEMBL425039,IC50,=,52.0,nM,7.28,CHEMBL284,Dipeptidyl peptidase 4,Cc1cc(=O)n(C)cc1-c1ccc([C@H](C)[C@H](N)C(=O)N2CC[C@H](F)C2)cc1.O=C(O)C(F)(F)F,7.2839966563652,485.4780000000002,2.9952200000000007,2,4,0
25491587,CHEMBL5424840,IC50,=,52.1,nM,7.28,CHEMBL284,Dipeptidyl peptidase 4,Nc1nc(NC2=NC(c3ccccc3)=CC(c3ccccc3Cl)O2)nc(N2CCOCC2)n1,7.283162276700476,463.9290000000003,3.524300000000001,2,9,0
5244151,CHEMBL1683982,IC50,=,52.34,nM,7.28,CHEMBL284,Dipeptidyl peptidase 4,CN(C)C(=O)c1nnn2c1CN(C(=O)C[C@H](N)Cc1cc(F)c(F)cc1F)CC2.Cl,7.281166281696138,446.8610000000001,1.1212999999999995,1,5,0
12718723,CHEMBL2346930,IC50,=,52.6,nM,7.28,CHEMBL284,Dipeptidyl peptidase 4,CC#CCn1c(N2CCC[C@@H](N)C2)nc2ccn(Cc3ccc4cc(C)ccc4n3)c2c1=O,7.279014255846261,440.5510000000003,3.053720000000001,1,5,0
10991400,CHEMBL2069838,IC50,=,52.6,nM,7.28,CHEMBL284,Dipeptidyl peptidase 4,N[C@@H](CC(=O)N1CCN(C(=O)c2ccccc2)CC1)Cc1cc(F)c(F)cc1F,7.279014255846261,405.4200000000002,2.3484000000000007,1,3,0
731729,CHEMBL37687,IC50,=,53.0,nM,7.28,CHEMBL284,Dipeptidyl peptidase 4,NCc1c(N)nc(-c2ccc(Cl)cc2)nc1-c1ccc(Cl)cc1Cl,7.275724130399211,379.6780000000001,4.811700000000002,2,4,0
308219,CHEMBL22359,IC50,=,53.0,nM,7.28,CHEMBL284,Dipeptidyl peptidase 4,N[C@H](C(=O)N1CCSC1)[C@H]1CC[C@H](NC(=O)c2ccc(F)c(F)c2)CC1,7.275724130399211,383.4640000000001,2.1136,2,4,0
10982104,CHEMBL2063031,IC50,=,53.0,nM,7.28,CHEMBL284,Dipeptidyl peptidase 4,CC(C)(C)[C@H](N)C(=O)N1C[C@@H](O)C[C@H]1B(O)O,7.275724130399211,244.1,-1.6663999999999977,4,5,0
1970039,CHEMBL233136,IC50,=,53.0,nM,7.28,CHEMBL284,Dipeptidyl peptidase 4,Cc1nnc(C(=O)[C@@H]2C[C@H](F)CN2C(=O)CNC23CC4CC(CC(C4)C2)C3)o1,7.275724130399211,390.45900000000023,2.0581199999999997,1,6,0
2690368,CHEMBL549842,IC50,=,53.0,nM,7.28,CHEMBL284,Dipeptidyl peptidase 4,N[C@@H](CC(=O)N1CCC[C@H]1CNS(=O)(=O)c1ccccc1F)Cc1ccccc1F,7.275724130399211,437.5120000000001,2.1942000000000004,2,4,0
2697718,CHEMBL563772,IC50,=,53.0,nM,7.28,CHEMBL284,Dipeptidyl peptidase 4,CC[C@H](C)[C@@]1(N)C[C@@H]2SC[C@@H](C#N)N2C1=O.Cl,7.275724130399211,275.805,1.34918,1,4,0
846339,CHEMBL96593,IC50,=,53.0,nM,7.28,CHEMBL284,Dipeptidyl peptidase 4,N#C[C@@H]1CCCN1C(=O)CNC1CCCCCCC1,7.275724130399211,263.385,2.203479999999999,1,3,0
17632188,CHEMBL3697948,IC50,=,53.3,nM,7.27,CHEMBL284,Dipeptidyl peptidase 4,CS(=O)(=O)N1C[C@@H](N2Cc3cn(S(C)(=O)=O)nc3C2)C[C@H](N)C1c1cc(F)ccc1F,7.273272790973428,475.54300000000023,0.3871000000000012,1,7,0
10991406,CHEMBL2069844,IC50,=,53.4,nM,7.27,CHEMBL284,Dipeptidyl peptidase 4,N[C@@H](CC(=O)N1CCN(C(=O)c2ccc(C(=O)O)cc2)CC1)Cc1cc(F)c(F)cc1F,7.272458742971444,449.4290000000002,2.0466000000000006,2,4,0
2713676,CHEMBL1202082,IC50,=,53.5,nM,7.27,CHEMBL284,Dipeptidyl peptidase 4,CCCCN1CCN(CCNCC(=O)N2CCC[C@@H]2C#N)C1=O.O=C(O)C(=O)O,7.2716462179787715,411.4590000000001,-0.2161199999999968,3,6,0
1905808,CHEMBL389537,IC50,=,54.0,nM,7.27,CHEMBL284,Dipeptidyl peptidase 4,N[C@H]1CN(c2ccc3ccccc3n2)CC[C@@H]1c1cc(F)c(F)cc1F.O=C(O)C(F)(F)F,7.267606240177032,471.40100000000007,4.606600000000003,2,4,0
1669230,CHEMBL425585,IC50,=,54.0,nM,7.27,CHEMBL284,Dipeptidyl peptidase 4,C[C@@H](CC(=O)N1CCc2ccccc2C1)NCC(=O)N1CCC[C@H]1C#N,7.267606240177032,354.4540000000002,1.4540799999999996,1,4,0
5237575,CHEMBL1683143,IC50,=,54.0,nM,7.27,CHEMBL284,Dipeptidyl peptidase 4,COC(=O)C1CCCC(N2CCC([C@H](N)Cc3cc(F)ccc3F)CC2)C1,7.267606240177032,380.4790000000001,3.278400000000002,1,4,0
2609324,CHEMBL514617,IC50,=,54.0,nM,7.27,CHEMBL284,Dipeptidyl peptidase 4,CC(C)(CC(=O)N[C@H]1C[C@@H]1c1ccc(F)cc1)NCC(=O)N1CCC[C@H]1C#N,7.267606240177032,386.4710000000003,2.0706799999999994,2,4,0
703648,CHEMBL23660,IC50,=,54.0,nM,7.27,CHEMBL284,Dipeptidyl peptidase 4,N[C@H](C(=O)N1CC[C@H](F)C1)[C@H]1CC[C@H](NC(=O)c2ccc(F)c(F)c2)CC1,7.267606240177032,383.4140000000001,2.1510999999999996,2,3,0
16584403,CHEMBL3804994,IC50,=,54.0,nM,7.27,CHEMBL284,Dipeptidyl peptidase 4,Cc1ccnc2c3c(nn12)CN([C@H]1CC[C@H](c2cc(F)c(F)cc2F)[C@@H](N)C1)C3,7.267606240177032,401.43600000000015,3.4342200000000016,1,4,0
861105,CHEMBL95089,IC50,=,54.0,nM,7.27,CHEMBL284,Dipeptidyl peptidase 4,N#C[C@@H]1CCCN1C(=O)CNC1CCCC1,7.267606240177032,221.30399999999997,1.033179999999999,1,3,0
6203099,CHEMBL1779693,IC50,=,54.1,nM,7.27,CHEMBL284,Dipeptidyl peptidase 4,N[C@@H](CC(=O)N1CCN(Cc2ccccc2)C(=O)C1)Cc1cc(F)c(F)cc1F,7.266802734893431,405.4200000000002,2.2348,1,3,0
6301113,CHEMBL3216749,IC50,=,55.0,nM,7.26,CHEMBL284,Dipeptidyl peptidase 4,Cc1ccc(-c2c(CN)c(CC(C)C)nc3ccc(C(N)=O)cc23)cc1.Cl.Cl,7.259637310505756,420.38400000000007,4.809920000000005,2,3,0
694013,CHEMBL23110,IC50,=,55.0,nM,7.26,CHEMBL284,Dipeptidyl peptidase 4,N[C@H](C(=O)N1CCC(F)(F)C1)[C@H]1CC[C@H](NC(=O)c2ccc(F)c(F)c2)CC1,7.259637310505756,401.4040000000001,2.4483000000000006,2,3,0
5237522,CHEMBL1683091,IC50,=,55.0,nM,7.26,CHEMBL284,Dipeptidyl peptidase 4,Cc1noc(C)c1S(=O)(=O)N(C)[C@H]1CC[C@H]([C@H](N)Cc2cc(F)ccc2F)CC1,7.259637310505756,427.51700000000017,3.3189400000000013,1,5,0
29231845,CHEMBL6134099,IC50,=,55.0,nM,7.26,CHEMBL284,Dipeptidyl peptidase 4,CC1=C([N+](=O)[O-])C(c2ccc(F)c(F)c2)N=C(N)N1C(=O)CN1Cc2cn(S(C)(=O)=O)nc2C1,7.259637310505756,495.4680000000003,0.6910000000000001,1,9,0
2462057,CHEMBL507719,IC50,=,55.0,nM,7.26,CHEMBL284,Dipeptidyl peptidase 4,Cc1noc(C(=O)C[C@H](N)Cc2cc(F)ccc2F)n1,7.259637310505756,281.26199999999994,1.7990199999999998,1,5,0
335217,CHEMBL3084955,IC50,=,55.0,nM,7.26,CHEMBL284,Dipeptidyl peptidase 4,N[C@H](C(=O)N1CCSC1)[C@H]1CC[C@H](NC(=O)Nc2ccc(OC(F)(F)F)cc2)CC1,7.259637310505756,446.4950000000001,3.125700000000001,3,5,0
12044095,CHEMBL2147077,IC50,=,56.0,nM,7.25,CHEMBL284,Dipeptidyl peptidase 4,Cl.Cn1c(=O)c2c(nc(N3CCC[C@@H](N)C3)n2Cc2ccccc2Cl)c2cc(F)ccc21,7.251811972993799,476.38300000000015,4.078300000000002,1,4,0
2609338,CHEMBL474768,IC50,=,56.0,nM,7.25,CHEMBL284,Dipeptidyl peptidase 4,CC(C)(CC(=O)N[C@@H]1C[C@H]1c1cccc(Cl)c1)NCC(=O)N1CCC[C@H]1C#N,7.251811972993799,402.9260000000003,2.5849800000000007,2,4,0
1970035,CHEMBL395166,IC50,=,56.0,nM,7.25,CHEMBL284,Dipeptidyl peptidase 4,CC(C)(C)NCC(=O)N1CCC[C@H]1C(=O)c1nnc(C(C)(C)C)o1,7.251811972993799,336.4360000000001,1.9288999999999996,1,6,0
1496328,CHEMBL195755,IC50,=,56.0,nM,7.25,CHEMBL284,Dipeptidyl peptidase 4,C[C@@H](c1ccc(-c2cccc(C(=O)O)c2)cc1)[C@H](N)C(=O)N1CC[C@H](F)C1.O=C(O)C(F)(F)F,7.251811972993799,484.4460000000002,3.686300000000001,3,4,0
2130858,CHEMBL261460,IC50,=,56.0,nM,7.25,CHEMBL284,Dipeptidyl peptidase 4,C[C@@H]1N[C@H](C(=O)N(CC#N)C2CC2)C[C@@H]1C(=O)N(C)C,7.251811972993799,278.356,-0.0442199999999992,1,4,0
711472,CHEMBL23891,IC50,=,56.0,nM,7.25,CHEMBL284,Dipeptidyl peptidase 4,N[C@H](C(=O)N1CC[C@H](F)C1)[C@H]1CC[C@H](NC(=O)OCc2ccccc2)CC1,7.251811972993799,377.46000000000015,2.3693,2,4,0
2008921,CHEMBL237281,IC50,=,56.0,nM,7.25,CHEMBL284,Dipeptidyl peptidase 4,CC(C)=CCn1c(N2CCCC(N)C2)nc2c1c(=O)n(CCc1ccccc1)c(=O)n2C,7.251811972993799,436.56000000000023,2.0330999999999997,1,5,0
2697715,CHEMBL560583,IC50,=,56.0,nM,7.25,CHEMBL284,Dipeptidyl peptidase 4,CC[C@@]1(N)C[C@@H]2SC[C@@H](C#N)N2C1=O.Cl,7.251811972993799,247.751,0.7130800000000002,1,4,0
27811475,CHEMBL5826806,IC50,=,56.0,nM,7.25,CHEMBL284,Dipeptidyl peptidase 4,COc1cc2ccc3c(c2cc1OC)CC(N)C(c1ccc(F)cc1F)O3,7.251811972993799,371.383,4.138700000000003,1,4,0
13452864,CHEMBL2425076,IC50,=,56.0,nM,7.25,CHEMBL284,Dipeptidyl peptidase 4,N[C@H]1C[C@H](N2Cc3cn[nH]c3C2)CO[C@@H]1c1cc(F)ccc1F,7.251811972993799,320.343,1.861,2,4,0
10991404,CHEMBL2069842,IC50,=,56.4,nM,7.25,CHEMBL284,Dipeptidyl peptidase 4,N[C@@H](CC(=O)N1CCN(C(=O)c2ccc(C(F)(F)F)cc2)CC1)Cc1cc(F)c(F)cc1F,7.248720896016658,473.4170000000002,3.367200000000003,1,3,0
19301461,CHEMBL4530011,IC50,=,56.6,nM,7.25,CHEMBL284,Dipeptidyl peptidase 4,CC#CCn1c(N2CCC[C@@H](N)C2)cc(=O)n(Cc2ccccc2CC(=O)OC)c1=O,7.247183568811729,424.5010000000002,0.7246000000000008,1,6,0
10991407,CHEMBL2069845,IC50,=,56.9,nM,7.25,CHEMBL284,Dipeptidyl peptidase 4,N[C@@H](CC(=O)N1CCN(C(=O)c2cccc(C(=O)O)c2)CC1)Cc1cc(F)c(F)cc1F,7.244887733604929,449.4290000000002,2.0466000000000006,2,4,0
5237551,CHEMBL1683119,IC50,=,57.0,nM,7.24,CHEMBL284,Dipeptidyl peptidase 4,NC(=O)C1CCCN([C@H]2CC[C@H]([C@H](N)Cc3cc(F)ccc3F)CC2)C1,7.2441251443275085,365.4680000000002,2.5907,2,3,0
5208661,CHEMBL3216937,IC50,=,57.0,nM,7.24,CHEMBL284,Dipeptidyl peptidase 4,CCCc1nc(C)c(C(=O)O)c(-c2ccc(C)cc2)c1CN.Cl.Cl,7.2441251443275085,371.3080000000001,4.318440000000004,2,3,0
6301106,CHEMBL1809264,IC50,=,57.0,nM,7.24,CHEMBL284,Dipeptidyl peptidase 4,Cc1cccc(-c2c(CN)c(CC(C)C)nc3ccc(OCC(N)=O)cc23)c1,7.2441251443275085,377.48800000000017,3.7315200000000024,2,4,0
5192915,CHEMBL1650436,IC50,=,57.0,nM,7.24,CHEMBL284,Dipeptidyl peptidase 4,Cn1c(=O)c(Cl)c(N2CCC[C@@H](N)C2)n(Cc2ccccc2C#N)c1=O,7.2441251443275085,373.8440000000001,1.0478799999999997,1,5,0
1985715,CHEMBL391048,IC50,=,57.0,nM,7.24,CHEMBL284,Dipeptidyl peptidase 4,N[C@H]1CN(c2cc(-c3ccccc3F)ncn2)C[C@@H]1c1cc(F)c(F)cc1F,7.2441251443275085,388.36800000000005,3.631100000000002,1,4,0
12078480,CHEMBL2159179,IC50,=,57.0,nM,7.24,CHEMBL284,Dipeptidyl peptidase 4,COc1ccccc1-c1c(CN)c(N)nc2c1c(=O)n(C)c(=O)n2C,7.2441251443275085,341.37100000000004,0.3486999999999998,2,6,0
10991423,CHEMBL2069860,IC50,=,57.4,nM,7.24,CHEMBL284,Dipeptidyl peptidase 4,N[C@@H](CC(=O)N1CCN(C(=O)c2ncc(F)cc2F)CC1)Cc1cc(F)c(F)cc1F,7.241088107602026,442.3880000000002,2.0216000000000003,1,4,0
2023307,CHEMBL391332,IC50,=,57.5,nM,7.24,CHEMBL284,Dipeptidyl peptidase 4,CN1CCN([C@@H]2CN[C@H](C(=O)N3CCSC3)C2)CC1,7.2403321553103694,284.42900000000003,-0.5027999999999981,1,5,0
10991412,CHEMBL2069850,IC50,=,57.6,nM,7.24,CHEMBL284,Dipeptidyl peptidase 4,N[C@@H](CC(=O)N1CCN(C(=O)c2ccccn2)CC1)Cc1cc(F)c(F)cc1F,7.239577516576788,406.4080000000002,1.7434000000000005,1,4,0
5208662,CHEMBL3216477,IC50,=,58.0,nM,7.24,CHEMBL284,Dipeptidyl peptidase 4,CCCCc1nc(C)c(C(=O)O)c(-c2ccc(C)cc2)c1CN.Cl.Cl,7.236572006437063,385.3350000000001,4.708540000000005,2,3,0
1905820,CHEMBL230340,IC50,=,58.0,nM,7.24,CHEMBL284,Dipeptidyl peptidase 4,N[C@H]1CN(c2ccccn2)CC[C@@H]1c1cc(F)c(F)cc1F.O=C(O)C(F)(F)F,7.236572006437063,421.341,3.453400000000002,2,4,0
1603605,CHEMBL196267,IC50,=,58.0,nM,7.24,CHEMBL284,Dipeptidyl peptidase 4,O=C(CNC1CCCCCCCCC1)N1CCC[C@H]1B(O)O,7.236572006437063,310.2469999999999,1.4720999999999995,3,4,0
679300,CHEMBL283309,IC50,=,58.0,nM,7.24,CHEMBL284,Dipeptidyl peptidase 4,N[C@H](C(=O)N1CC[C@@H](F)C1)[C@H]1CC[C@H](NS(=O)(=O)c2ccc(F)cc2F)CC1,7.236572006437063,419.46900000000016,1.6995999999999991,2,4,0
3302953,CHEMBL1082654,IC50,=,59.0,nM,7.23,CHEMBL284,Dipeptidyl peptidase 4,CCO[C@H]1C[C@H]2C[C@@H](NCC(=O)N3CCC[C@H]3C#N)C[C@H]2C1.Cl,7.229147988357855,341.883,2.10608,1,4,0
2572505,CHEMBL481288,IC50,=,59.0,nM,7.23,CHEMBL284,Dipeptidyl peptidase 4,N#Cc1ccc(N2C[C@@H]3[C@H](C2)[C@H]3NCC(=O)N2C[C@@H](F)C[C@H]2C#N)c(C(F)(F)F)c1,7.229147988357855,421.3980000000001,2.06386,1,5,0
2045002,CHEMBL399499,IC50,=,59.0,nM,7.23,CHEMBL284,Dipeptidyl peptidase 4,N[C@@H](CC(=O)N1CCn2nc(C(F)(F)F)nc2C1)Cc1cc(F)c(F)cc1F,7.229147988357855,407.3180000000001,2.0164999999999997,1,4,0
5240825,CHEMBL1683567,IC50,=,59.0,nM,7.23,CHEMBL284,Dipeptidyl peptidase 4,N[C@H]1CN(c2ncnc(-c3ccccc3)n2)C[C@@H]1N1CCCCC1=O,7.229147988357855,338.41500000000025,1.0669999999999995,1,6,0
1958921,CHEMBL243230,IC50,=,59.0,nM,7.23,CHEMBL284,Dipeptidyl peptidase 4,N[C@@H](CC(=O)N1CCn2c(nnc2C(F)(F)F)C1)Cc1cccc(Cl)c1,7.229147988357855,387.7930000000001,2.2525999999999993,1,4,0
10982105,CHEMBL2063032,IC50,=,59.0,nM,7.23,CHEMBL284,Dipeptidyl peptidase 4,CC(C)(C)[C@H](N)C(=O)N1C[C@H](O)C[C@H]1B(O)O,7.229147988357855,244.1,-1.6663999999999977,4,5,0
2697721,CHEMBL560985,IC50,=,59.0,nM,7.23,CHEMBL284,Dipeptidyl peptidase 4,Cl.N#C[C@@H]1CS[C@H]2C[C@](N)(C3CCCCC3)C(=O)N12,7.229147988357855,301.843,1.88338,1,4,0
20653418,CHEMBL4649110,IC50,=,60.0,nM,7.22,CHEMBL284,Dipeptidyl peptidase 4,CCS(=O)(=O)n1cc2c(n1)CN([C@@H]1C[C@H](N)[C@@H](c3cc(F)ccc3F)O[C@@H]1C(F)(F)F)C2,7.221848749616356,480.4590000000001,2.4631000000000007,1,6,0
178094,CHEMBL63406,IC50,=,60.0,nM,7.22,CHEMBL284,Dipeptidyl peptidase 4,CC(C)(C)[C@H](N)C(=O)N1CCC[C@H]1B(O)O,7.221848749616356,228.10099999999997,-0.637199999999999,3,4,0
1958913,CHEMBL233472,IC50,=,60.0,nM,7.22,CHEMBL284,Dipeptidyl peptidase 4,N[C@@H](CC(=O)N1CCn2c(nnc2-c2ccc(F)cc2)C1)Cc1cc(F)ccc1F,7.221848749616356,415.41900000000015,2.6647000000000007,1,4,0
2130857,CHEMBL260701,IC50,=,60.0,nM,7.22,CHEMBL284,Dipeptidyl peptidase 4,C#CCN(CC#N)C(=O)[C@@H]1C[C@H](C(=O)N(C)C)[C@H](C)N1,7.221848749616356,276.34,-0.5734199999999983,1,4,0
8038719,CHEMBL1951436,IC50,=,60.0,nM,7.22,CHEMBL284,Dipeptidyl peptidase 4,N#Cc1c(N2CCCNCC2)n(Cc2ccccc2)c2c(=O)n(Cc3nccc4ccccc34)cnc12,7.221848749616356,489.58300000000025,3.5141800000000014,1,6,0
1501769,CHEMBL195173,IC50,=,60.0,nM,7.22,CHEMBL284,Dipeptidyl peptidase 4,C[C@@H](c1ccc(-c2ccc(F)c(F)c2)cc1)[C@H](N)C(=O)N1CC[C@H](F)C1.O=C(O)C(F)(F)F,7.221848749616356,476.4170000000002,4.266300000000003,2,3,0
8038707,CHEMBL1951425,IC50,=,60.0,nM,7.22,CHEMBL284,Dipeptidyl peptidase 4,CC#CCn1c(N2CCC[C@@H](N)C2)c(C#N)c2ncn(CC(=O)c3cccc(OC)c3)c(=O)c21,7.221848749616356,458.5220000000003,1.9119799999999991,1,7,0
2047447,CHEMBL250204,IC50,=,60.0,nM,7.22,CHEMBL284,Dipeptidyl peptidase 4,CCC1c2nc(C(F)(F)F)n(C)c2CCN1C(=O)C[C@H](N)Cc1cc(F)c(F)cc1F,7.221848749616356,448.4110000000002,3.6521000000000017,1,3,0
13856332,CHEMBL3093915,IC50,=,60.0,nM,7.22,CHEMBL284,Dipeptidyl peptidase 4,N#C[C@@H]1C[C@H](F)CN1C(=O)[C@@H](N)Cc1cc(F)cc(F)c1F,7.221848749616356,315.27,1.4362800000000002,1,3,0
12182806,CHEMBL2206474,IC50,=,60.0,nM,7.22,CHEMBL284,Dipeptidyl peptidase 4,N[C@@H](CC(=O)NC1(c2nc(-c3ccccc3)cs2)CCS(=O)(=O)CC1)Cc1ccccc1F,7.221848749616356,487.6220000000003,3.429400000000002,2,6,0
2609330,CHEMBL473973,IC50,=,60.0,nM,7.22,CHEMBL284,Dipeptidyl peptidase 4,CC(C)(CC(=O)N[C@H]1C[C@@H]1c1cccc(C(F)(F)F)c1)NCC(=O)N1CCC[C@H]1C#N,7.221848749616356,436.47800000000024,2.950380000000002,2,4,0
12718725,CHEMBL2346928,IC50,=,60.1,nM,7.22,CHEMBL284,Dipeptidyl peptidase 4,CC#CCn1c(N2CCC[C@@H](N)C2)nc2ccn(Cc3ccc4cc(Cl)ccc4n3)c2c1=O,7.221125527997261,460.9690000000003,3.3987000000000016,1,5,0
2713686,CHEMBL1202088,IC50,=,60.1,nM,7.22,CHEMBL284,Dipeptidyl peptidase 4,N#C[C@H]1CCCN1C(=O)CNCCN1CCN(c2cccc(F)c2)C1=O.O=C(O)C(=O)O,7.221125527997261,449.43900000000014,0.327480000000001,3,6,0
1896365,CHEMBL397242,IC50,=,60.3,nM,7.22,CHEMBL284,Dipeptidyl peptidase 4,CC[C@@H]1C(=O)NC[C@@H](C)CN1C(=O)C[C@H](N)Cc1cc(F)c(F)cc1F,7.219682687859849,371.403,1.7369,2,3,0
16763215,CHEMBL3928073,IC50,=,60.61,nM,7.22,CHEMBL284,Dipeptidyl peptidase 4,COc1ccc2ccc3c(c2c1)C[C@H](N)[C@@H](c1cc(F)c(F)cc1F)O3,7.21745571598999,359.34700000000004,4.269200000000003,1,3,0
3101902,CHEMBL591982,IC50,=,61.0,nM,7.21,CHEMBL284,Dipeptidyl peptidase 4,CCc1cccc([C@H]2CN3CCc4cc(OC)c(OC)cc4[C@@H]3CC2N)c1,7.214670164989233,366.50500000000005,3.680200000000002,1,4,0
1692802,CHEMBL424687,IC50,=,61.0,nM,7.21,CHEMBL284,Dipeptidyl peptidase 4,C[C@@H](c1ccc(-c2cn(C)c(=O)cc2F)cc1)[C@H](N)C(=O)N1CC[C@H](F)C1.O=C(O)C(F)(F)F,7.214670164989233,489.4410000000002,2.8259000000000007,2,4,0
2122456,CHEMBL256266,IC50,=,61.0,nM,7.21,CHEMBL284,Dipeptidyl peptidase 4,Cn1nnc2ccc(-c3ccccc3Cl)c(CN)c21,7.214670164989233,272.73900000000003,2.7474,1,3,0
1603611,CHEMBL372180,IC50,=,61.0,nM,7.21,CHEMBL284,Dipeptidyl peptidase 4,CCCCCC12CCC(NCC(=O)N3CCC[C@H]3B(O)O)(CC1)CC2,7.214670164989233,350.3120000000001,2.2523,3,4,0
2122467,CHEMBL255552,IC50,=,62.0,nM,7.21,CHEMBL284,Dipeptidyl peptidase 4,Cn1cnc2ccc(-c3ccc(Cl)cc3Cl)c(CN)c21,7.207608310501747,306.1960000000001,4.0058000000000025,1,2,0
2053425,CHEMBL248837,IC50,=,62.0,nM,7.21,CHEMBL284,Dipeptidyl peptidase 4,N[C@H]1CN(C(=O)c2cc3ccccc3s2)C[C@H]1C(=O)N1CCCC1,7.207608310501747,343.4520000000002,1.9229999999999992,1,4,0
858931,CHEMBL3084823,IC50,=,62.0,nM,7.21,CHEMBL284,Dipeptidyl peptidase 4,N#C[C@@H]1CCCN1C(=O)CN[C@]12C[C@H]3C[C@@H](C1)C[C@](OC(=O)Nc1ccccc1)(C3)C2,7.207608310501747,422.52900000000017,3.4306800000000006,2,5,0
2994443,CHEMBL1090,IC50,=,62.0,nM,7.21,CHEMBL284,Dipeptidyl peptidase 4,Nc1ncnc2c1ncn2[C@@H]1O[C@H](CO)[C@@H](O)[C@@H]1O,7.207608310501747,267.245,-1.9800000000000009,4,8,0
2993843,CHEMBL565613,IC50,=,62.0,nM,7.21,CHEMBL284,Dipeptidyl peptidase 4,N[C@@H](CCN1CCC[C@H]1c1ncn(-c2ccccc2)n1)Cc1ccccc1F,7.207608310501747,379.4830000000001,3.503400000000002,1,4,0
2609328,CHEMBL472977,IC50,=,62.0,nM,7.21,CHEMBL284,Dipeptidyl peptidase 4,CC(C)(CC(=O)N[C@H]1C[C@@H]1c1ccc(F)c(F)c1)NCC(=O)N1CCC[C@H]1C#N,7.207608310501747,404.46100000000024,2.2097800000000003,2,4,0
2572495,CHEMBL481177,IC50,=,63.0,nM,7.2,CHEMBL284,Dipeptidyl peptidase 4,N#Cc1cccc(F)c1N1C[C@@H]2[C@H](C1)[C@H]2NCC(=O)N1C[C@@H](F)C[C@H]1C#N,7.200659450546418,371.3910000000001,1.18416,1,5,0
2697717,CHEMBL561263,IC50,=,63.0,nM,7.2,CHEMBL284,Dipeptidyl peptidase 4,CC(C)C[C@@]1(N)C[C@@H]2SC[C@@H](C#N)N2C1=O.Cl,7.200659450546418,275.805,1.34918,1,4,0
13856215,CHEMBL3093900,IC50,=,63.0,nM,7.2,CHEMBL284,Dipeptidyl peptidase 4,N#Cc1cccc(C[C@H](N)C(=O)N2CCC[C@H]2C#N)c1,7.200659450546418,268.31999999999994,0.94266,1,4,0
850960,CHEMBL323130,IC50,=,63.0,nM,7.2,CHEMBL284,Dipeptidyl peptidase 4,N#C[C@@H]1CCCN1C(=O)CNC1CCCCCC1,7.200659450546418,249.35799999999995,1.813379999999999,1,3,0
1905809,CHEMBL231090,IC50,=,63.0,nM,7.2,CHEMBL284,Dipeptidyl peptidase 4,N[C@H]1CN(c2cccnn2)CC[C@@H]1c1cc(F)c(F)cc1F.O=C(O)C(F)(F)F,7.200659450546418,422.329,2.8484000000000007,2,5,0
1970045,CHEMBL392552,IC50,=,63.0,nM,7.2,CHEMBL284,Dipeptidyl peptidase 4,CC(C)(C)NCC(=O)N1C[C@@H](F)C[C@H]1C(=O)c1noc(C(C)(C)C)n1,7.200659450546418,354.4260000000001,1.8768999999999991,1,6,0
2122472,CHEMBL270365,IC50,=,63.0,nM,7.2,CHEMBL284,Dipeptidyl peptidase 4,Cn1cnc2ccc(-c3ccccc3Cl)c(CN)c21,7.200659450546418,271.75100000000003,3.352400000000001,1,2,0
3313834,CHEMBL1085597,IC50,=,63.0,nM,7.2,CHEMBL284,Dipeptidyl peptidase 4,CCOC(=O)N1CCN(C(=O)CC(C)(C)NCC(=O)N2C[C@@H](F)C[C@H]2C#N)CC1,7.200659450546418,411.4780000000002,0.5079800000000019,1,6,0
1485682,CHEMBL369883,IC50,=,63.0,nM,7.2,CHEMBL284,Dipeptidyl peptidase 4,COc1cc2c(cc1OC)CN(C(=O)C[C@H](N)C(=O)N1CCC[C@H]1C#N)CC2,7.200659450546418,386.4520000000002,0.8204800000000008,1,6,0
17660157,CHEMBL3639856,IC50,=,63.0,nM,7.2,CHEMBL284,Dipeptidyl peptidase 4,C[C@H](NC(=O)[C@H](C)N)B(O)O,7.200659450546418,159.982,-2.1496999999999984,4,4,0
1430611,CHEMBL179289,IC50,=,63.0,nM,7.2,CHEMBL284,Dipeptidyl peptidase 4,N#C[C@@H]1CCCN1C(=O)[C@@H](N)CC(=O)N1CCc2ccccc2C1,7.200659450546418,326.40000000000003,0.80328,1,4,0
158514,CHEMBL291428,IC50,=,63.0,nM,7.2,CHEMBL284,Dipeptidyl peptidase 4,N[C@H](C(=O)N1CCC[C@H]1B(O)O)c1ccccc1,7.200659450546418,248.09100000000004,-0.3105999999999997,3,4,0
847451,CHEMBL3084817,IC50,=,64.0,nM,7.19,CHEMBL284,Dipeptidyl peptidase 4,N#C[C@@H]1CCCN1C(=O)CN[C@]12C[C@H]3C[C@@H](C1)C[C@](OC(=O)NC1CCCCC1)(C3)C2,7.1938200260161125,428.57700000000034,3.2408800000000006,2,5,0
323637,CHEMBL3084940,IC50,=,64.0,nM,7.19,CHEMBL284,Dipeptidyl peptidase 4,N[C@H](C(=O)N1CCCC1)[C@H]1CC[C@H](NC(=O)c2cncc3ccccc23)CC1,7.1938200260161125,380.49200000000013,2.4731000000000005,2,4,0
856539,CHEMBL431425,IC50,=,64.0,nM,7.19,CHEMBL284,Dipeptidyl peptidase 4,N#C[C@@H]1CCCN1C(=O)CNC1CCCCC1,7.1938200260161125,235.33099999999996,1.4232799999999992,1,3,0
1987761,CHEMBL237336,IC50,=,64.0,nM,7.19,CHEMBL284,Dipeptidyl peptidase 4,C[C@@H](c1ccc(-c2ccc(F)cc2)cc1)[C@H](N)C(=O)N1CC[C@H](F)C1,7.1938200260161125,344.40500000000014,3.493900000000002,1,2,0
1717930,CHEMBL209191,IC50,=,64.0,nM,7.19,CHEMBL284,Dipeptidyl peptidase 4,CCOCC1(NCC(=O)N2[C@H](C#N)CC[C@@H]2C#N)CCCC1,7.1938200260161125,304.3940000000002,1.33206,1,5,0
2609325,CHEMBL473172,IC50,=,64.0,nM,7.19,CHEMBL284,Dipeptidyl peptidase 4,CC(C)(CC(=O)N[C@H]1C[C@@H]1c1cccc(F)c1)NCC(=O)N1CCC[C@H]1C#N,7.1938200260161125,386.4710000000003,2.0706799999999994,2,4,0
1479737,CHEMBL189881,IC50,=,64.0,nM,7.19,CHEMBL284,Dipeptidyl peptidase 4,C[C@@H](c1ccc(-c2ccc(F)cc2)cc1)[C@H](N)C(=O)N1CC[C@H](F)C1.O=C(O)C(F)(F)F,7.1938200260161125,458.4270000000002,4.127200000000003,2,3,0
2258960,CHEMBL512718,IC50,=,64.0,nM,7.19,CHEMBL284,Dipeptidyl peptidase 4,N[C@@H](CC(=O)NC1(c2nc3ccccc3s2)CCS(=O)(=O)CC1)Cc1ccccc1F,7.1938200260161125,461.5840000000003,2.9156000000000013,2,6,0
12044104,CHEMBL2147086,IC50,=,64.0,nM,7.19,CHEMBL284,Dipeptidyl peptidase 4,Cl.Cn1c(=O)c2c(nc(N3CCC[C@@H](N)C3)n2Cc2ccccc2)c2cc(C(=O)O)ccc21,7.1938200260161125,467.95700000000016,2.984000000000001,2,5,0
25050684,CHEMBL4242416,IC50,=,64.0,nM,7.19,CHEMBL284,Dipeptidyl peptidase 4,CC#CCn1c(N2CCC[C@@H](N)C2)cc(=O)n(Cc2cn(CCC(=O)OC)nn2)c1=O,7.1938200260161125,429.4810000000002,-0.8362999999999974,1,8,0
13452863,CHEMBL2425071,IC50,=,64.0,nM,7.19,CHEMBL284,Dipeptidyl peptidase 4,N[C@H]1C[C@@H](N2Cc3cn[nH]c3C2)CO[C@@H]1c1ccccc1Cl,7.1938200260161125,318.808,2.2362,2,4,0
499989,CHEMBL345319,IC50,=,64.4,ug.mL-1,,CHEMBL284,Dipeptidyl peptidase 4,CSc1ccccc1N1C(=O)c2cccc(O)c2C1=O,7.1911141326401875,285.324,2.914700000000002,1,4,0
18293685,CHEMBL4128052,IC50,=,64.47,nM,7.19,CHEMBL284,Dipeptidyl peptidase 4,COc1ccc(Cn2c(=O)cc(N3CCC[C@@H](N)C3)n(Cc3cc(F)ccc3C#N)c2=O)cc1OC,7.190642329788894,493.5390000000002,2.06208,1,7,0
10991403,CHEMBL2069841,IC50,=,64.6,nM,7.19,CHEMBL284,Dipeptidyl peptidase 4,N[C@@H](CC(=O)N1CCN(C(=O)c2ccc(OC(F)(F)F)cc2)CC1)Cc1cc(F)c(F)cc1F,7.189767482004916,489.4160000000002,3.2470000000000026,1,4,0
3302954,CHEMBL1082973,IC50,=,65.0,nM,7.19,CHEMBL284,Dipeptidyl peptidase 4,CN(C)C(=O)O[C@H]1C[C@H]2C[C@@H](NCC(=O)N3CCC[C@H]3C#N)C[C@H]2C1.Cl,7.187086643357144,384.9080000000001,1.7677799999999997,1,5,0
2053418,CHEMBL428936,IC50,=,65.0,nM,7.19,CHEMBL284,Dipeptidyl peptidase 4,N[C@H]1CN(C(=O)c2cnc3ccccc3n2)C(=O)[C@H]1C(=O)N1CCCC1,7.187086643357144,353.38200000000023,0.1780999999999986,1,6,0
2047450,CHEMBL250006,IC50,=,65.0,nM,7.19,CHEMBL284,Dipeptidyl peptidase 4,CC1c2nc(C(F)(F)F)n(C)c2CCN1C(=O)C[C@H](N)Cc1cc(F)ccc1F,7.187086643357144,416.3940000000001,3.1229000000000013,1,3,0
1958911,CHEMBL233474,IC50,=,65.0,nM,7.19,CHEMBL284,Dipeptidyl peptidase 4,N[C@@H](CC(=O)N1CCn2c(nnc2-c2ccncc2)C1)Cc1cc(F)ccc1F,7.187086643357144,398.4170000000002,1.9206,1,5,0
12588807,CHEMBL1230044,IC50,=,65.0,nM,7.19,CHEMBL284,Dipeptidyl peptidase 4,N[C@H]1CN(C(=O)c2cnc3ccccc3n2)C[C@H]1C(=O)N1CCCC1,7.187086643357144,339.39900000000017,0.6514999999999989,1,5,0
2713683,CHEMBL1202081,IC50,=,65.1,nM,7.19,CHEMBL284,Dipeptidyl peptidase 4,COc1cccc(N2CCN(CCNCC(=O)N3CCC[C@@H]3C#N)C2=O)c1.O=C(O)C(=O)O,7.186419011431808,461.47500000000025,0.1969800000000025,3,7,0
18293683,CHEMBL4128601,IC50,=,65.36,nM,7.18,CHEMBL284,Dipeptidyl peptidase 4,N#Cc1ccc(F)cc1Cn1c(N2CCC[C@@H](N)C2)cc(=O)n(Cc2cc(F)cc(F)c2)c1=O,7.184687956475641,469.4670000000002,2.32308,1,5,0
10991411,CHEMBL2069849,IC50,=,65.4,nM,7.18,CHEMBL284,Dipeptidyl peptidase 4,COc1cccc2cc(C(=O)N3CCN(C(=O)C[C@H](N)Cc4cc(F)c(F)cc4F)CC3)oc12,7.184422251675732,475.4670000000002,3.103200000000002,1,5,0
5208660,CHEMBL3216718,IC50,=,66.0,nM,7.18,CHEMBL284,Dipeptidyl peptidase 4,Cc1ccc(-c2c(/C=C/C(=O)O)c(C)nc(CC(C)C)c2CN)cc1.Cl.Cl,7.180456064458132,411.3730000000001,4.964040000000006,2,3,0
2122463,CHEMBL257308,IC50,=,66.0,nM,7.18,CHEMBL284,Dipeptidyl peptidase 4,CCn1cnc2ccc(-c3ccc(Cl)cc3Cl)c(CN)c21,7.180456064458132,320.22300000000007,4.488700000000002,1,2,0
2690359,CHEMBL562981,IC50,=,66.0,nM,7.18,CHEMBL284,Dipeptidyl peptidase 4,N[C@@H](CC(=O)N1CCC[C@H]1CNC(=O)c1ccncc1)Cc1ccccc1F,7.180456064458132,384.4550000000001,1.9016000000000008,2,4,0
12044081,CHEMBL2147190,IC50,=,66.0,nM,7.18,CHEMBL284,Dipeptidyl peptidase 4,Cl.Cn1c(=O)c2c(nc(N3CCC[C@@H](N)C3)n2Cc2ccccc2Cl)c2ccc(F)cc21,7.180456064458132,476.38300000000015,4.078300000000002,1,4,0
2122458,CHEMBL263137,IC50,=,66.0,nM,7.18,CHEMBL284,Dipeptidyl peptidase 4,COCc1nc2ccc(-c3ccccc3Cl)c(CN)c2n1C,7.180456064458132,315.8040000000001,3.498800000000001,1,3,0
12044084,CHEMBL2147193,IC50,=,66.0,nM,7.18,CHEMBL284,Dipeptidyl peptidase 4,COc1ccc2c3nc(N4CCC[C@@H](N)C4)n(Cc4ccccc4Cl)c3c(=O)n(C)c2c1.Cl,7.180456064458132,488.41900000000015,3.947800000000003,1,5,0
3313832,CHEMBL1084601,IC50,=,66.0,nM,7.18,CHEMBL284,Dipeptidyl peptidase 4,CC(C)(CC(=O)N1C2CCC1CC2)NCC(=O)N1C[C@@H](F)C[C@H]1C#N,7.180456064458132,350.43800000000005,1.36068,1,4,0
1970049,CHEMBL391929,IC50,=,67.0,nM,7.17,CHEMBL284,Dipeptidyl peptidase 4,CC(C)(CO)NCC(=O)N1C[C@@H](F)C[C@H]1C(=O)c1noc(C(C)(C)C)n1,7.173925197299173,370.4250000000001,0.8492999999999991,2,7,0
12588816,CHEMBL1194345,IC50,=,67.0,nM,7.17,CHEMBL284,Dipeptidyl peptidase 4,N[C@H]1Cn2c(nc3cnccc32)C[C@@H]1c1cc(F)c(F)cc1F,7.173925197299173,318.302,2.5158000000000005,1,3,0
685040,CHEMBL283368,IC50,=,67.0,nM,7.17,CHEMBL284,Dipeptidyl peptidase 4,N[C@H](C(=O)N1CCSC1)[C@H]1CC[C@H](NC(=O)c2ccccc2C(F)(F)F)CC1,7.173925197299173,415.4810000000001,2.8542000000000014,2,4,0
1905816,CHEMBL274740,IC50,=,67.0,nM,7.17,CHEMBL284,Dipeptidyl peptidase 4,N[C@H]1CN(c2ccc(C(F)(F)F)cn2)CC[C@@H]1c1cc(F)c(F)cc1F.O=C(O)C(F)(F)F,7.173925197299173,489.338,4.472200000000003,2,4,0
10991409,CHEMBL2069847,IC50,=,67.7,nM,7.17,CHEMBL284,Dipeptidyl peptidase 4,N[C@@H](CC(=O)N1CCN(C(=O)c2ccco2)CC1)Cc1cc(F)c(F)cc1F,7.169411331314856,395.3810000000001,1.941400000000001,1,4,0
2609334,CHEMBL474959,IC50,=,68.0,nM,7.17,CHEMBL284,Dipeptidyl peptidase 4,CC(C)(CC(=O)N[C@H]1C[C@@H]1c1ccc(Cl)c(Cl)c1)NCC(=O)N1CCC[C@H]1C#N,7.167491087293763,437.37100000000027,3.238380000000002,2,4,0
5192914,CHEMBL1650437,IC50,=,68.0,nM,7.17,CHEMBL284,Dipeptidyl peptidase 4,CCn1c(=O)cc(N2CCC[C@@H](N)C2)n(Cc2ccccc2C#N)c1=O,7.167491087293763,353.42600000000004,0.8773799999999997,1,5,0
1412194,CHEMBL557187,IC50,=,68.0,nM,7.17,CHEMBL284,Dipeptidyl peptidase 4,Cl.N[C@@H](CC(=O)N1CCn2cnnc2C1)Cc1cc(F)c(F)cc1F,7.167491087293763,375.782,1.4194999999999998,1,4,0
2556634,CHEMBL479370,IC50,=,68.0,nM,7.17,CHEMBL284,Dipeptidyl peptidase 4,N[C@@H](CC(=O)N1CCn2cnnc2C1)Cc1cc(F)c(F)cc1F,7.167491087293763,339.321,0.9976999999999996,1,4,0
2045019,CHEMBL401057,IC50,=,68.0,nM,7.17,CHEMBL284,Dipeptidyl peptidase 4,N[C@@H](CC(=O)N1CCn2nc(-c3ccccc3)nc2C1)Cc1cc(F)c(F)cc1F,7.167491087293763,415.4190000000002,2.6647000000000007,1,4,0
2706916,CHEMBL549913,IC50,=,68.0,nM,7.17,CHEMBL284,Dipeptidyl peptidase 4,N[C@H]1Cn2c(nc3ccccc32)C[C@@H]1c1cc(F)c(F)cc1F.O=C(O)C(F)(F)F,7.167491087293763,431.336,3.754100000000002,2,3,0
2713677,CHEMBL1202090,IC50,=,68.1,nM,7.17,CHEMBL284,Dipeptidyl peptidase 4,CC(C)(C)N1CCN(CCNCC(=O)N2CCC[C@@H]2C#N)C1=O.O=C(O)C(=O)O,7.166852888087215,411.4590000000001,-0.2177199999999966,3,6,0
2713679,CHEMBL1202092,IC50,=,68.6,nM,7.16,CHEMBL284,Dipeptidyl peptidase 4,N#C[C@H]1CCCN1C(=O)CNCCN1CCN(C2CCCCC2)C1=O.O=C(O)C(=O)O,7.163675884293248,437.4970000000003,0.3164800000000024,3,6,0
12078481,CHEMBL2159180,IC50,=,69.0,nM,7.16,CHEMBL284,Dipeptidyl peptidase 4,Cn1c(=O)c2c(-c3ccccc3C#N)c(CN)c(N)nc2n(C)c1=O,7.161150909262744,336.3550000000001,0.2117799999999997,2,6,0
1958909,CHEMBL233684,IC50,=,69.0,nM,7.16,CHEMBL284,Dipeptidyl peptidase 4,N[C@@H](CC(=O)N1CCn2c(CO)nnc2C1)Cc1cc(F)ccc1F,7.161150909262744,351.357,0.3508999999999997,2,5,0
3317313,CHEMBL1082708,IC50,=,69.0,nM,7.16,CHEMBL284,Dipeptidyl peptidase 4,N#C[C@@H]1CCCN1C(=O)CN[C@@H]1C[C@@H]2CN(C(=O)N3CCCCC3)C[C@@H]2C1,7.161150909262744,373.5010000000003,1.4068800000000006,1,4,0
2252403,CHEMBL451319,IC50,=,69.0,nM,7.16,CHEMBL284,Dipeptidyl peptidase 4,Cc1cc2ccccc2n1C[C@H](C)NCC(=O)N1CCC[C@H]1C#N,7.161150909262744,324.42800000000005,2.4424,1,3,0
2090803,CHEMBL272079,IC50,=,69.0,nM,7.16,CHEMBL284,Dipeptidyl peptidase 4,Cc1cc(N2CCN(C(=O)[C@@H]3CN[C@H](C(=O)N4CCCC4)C3)CC2)sn1,7.161150909262744,377.5140000000003,0.7006199999999996,1,6,0
2053460,CHEMBL249174,IC50,=,69.0,nM,7.16,CHEMBL284,Dipeptidyl peptidase 4,N[C@H]1CN(Cc2ccc(-n3cncn3)cc2)C[C@H]1C(=O)N1CCCC1,7.161150909262744,340.43100000000015,0.6487999999999992,1,5,0
5131376,CHEMBL3216727,IC50,=,69.0,nM,7.16,CHEMBL284,Dipeptidyl peptidase 4,CNC(=O)Cc1c(C)nc(CC(C)C)c(CN)c1-c1ccc(C)cc1.Cl.Cl,7.161150909262744,412.405,4.154740000000005,2,3,0
1896378,CHEMBL231010,IC50,=,69.9,nM,7.16,CHEMBL284,Dipeptidyl peptidase 4,C[C@@H]1C(=O)N(CC(=O)O)CCCN1C(=O)C[C@H](N)Cc1cc(F)ccc1F,7.1555228242543185,383.3950000000001,0.7587000000000009,2,4,0
14989328,CHEMBL3357771,IC50,=,70.0,nM,7.16,CHEMBL284,Dipeptidyl peptidase 4,N[C@@H](CC(=O)N1[C@H](COC(=O)C2CCC2)C[C@@H]2CCCC[C@@H]21)Cc1cc(F)c(F)cc1F,7.154901959985743,452.51700000000017,3.8668000000000022,1,4,0
14989330,CHEMBL3357769,IC50,=,70.0,nM,7.16,CHEMBL284,Dipeptidyl peptidase 4,CC(=O)OC[C@@H]1C[C@@H]2CCCC[C@@H]2N1C(=O)C[C@H](N)Cc1cc(F)c(F)cc1F,7.154901959985743,412.4520000000001,3.0866000000000007,1,4,0
2024360,CHEMBL539611,IC50,=,70.0,nM,7.16,CHEMBL284,Dipeptidyl peptidase 4,Cl.N[C@@H](CC(=O)N1CCCCCN1C(=O)c1ccccc1)Cc1cc(F)c(F)cc1F,7.154901959985743,455.9080000000001,3.855500000000003,1,3,0
176780,CHEMBL63652,IC50,=,70.0,nM,7.16,CHEMBL284,Dipeptidyl peptidase 4,N[C@@H](Cc1ccccc1)C(=O)N1CCC[C@H]1B(O)O,7.154901959985743,262.11799999999994,-0.4406,3,4,0
15094979,CHEMBL3330070,IC50,=,70.0,nM,7.16,CHEMBL284,Dipeptidyl peptidase 4,N#C[C@@H]1C[C@@H]2CCC[C@@H]2N1C(=O)C[C@H](N)Cc1ccc(Cl)cc1Cl,7.154901959985743,366.292,3.5464800000000016,1,3,0
2130866,CHEMBL260543,IC50,=,70.0,nM,7.16,CHEMBL284,Dipeptidyl peptidase 4,C[C@H]1N[C@H](C(=O)N2CCC[C@H]2C#N)C[C@@H]1C(=O)N(C)C,7.154901959985743,278.35600000000005,-0.0442199999999992,1,4,0
27811445,CHEMBL5749167,IC50,=,70.0,nM,7.16,CHEMBL284,Dipeptidyl peptidase 4,NC1Cc2c(ccc3cc(N4CCOCC4)ccc23)OC1c1cc(F)c(F)cc1F,7.154901959985743,414.427,4.0972000000000035,1,4,0
15094986,CHEMBL3330063,IC50,=,70.0,nM,7.16,CHEMBL284,Dipeptidyl peptidase 4,N#C[C@@H]1C[C@@H]2CCC[C@@H]2N1C(=O)C[C@H](N)Cc1ccccc1Cl,7.154901959985743,331.847,2.893080000000001,1,3,0
5237553,CHEMBL1683121,IC50,=,70.0,nM,7.16,CHEMBL284,Dipeptidyl peptidase 4,NC(=O)[C@@H]1CCCN([C@H]2CC[C@H]([C@H](N)Cc3cc(F)ccc3F)CC2)C1,7.154901959985743,365.4680000000002,2.5907,2,3,0
1985697,CHEMBL237569,IC50,=,70.0,nM,7.16,CHEMBL284,Dipeptidyl peptidase 4,N[C@H]1CN(c2cc(-c3cccc(O)c3)ncn2)C[C@@H]1c1cc(F)c(F)cc1F,7.154901959985743,386.37700000000007,3.1976000000000013,2,5,0
18245800,CHEMBL4066703,IC50,=,70.0,nM,7.16,CHEMBL284,Dipeptidyl peptidase 4,N[C@@H](CC(=O)N1CC[C@H]2[C@H](CCc3nnc(C(F)(F)F)n32)C1)Cc1cc(F)c(F)cc1F,7.154901959985743,461.41000000000014,3.0101000000000013,1,4,0
708829,CHEMBL277635,IC50,=,70.0,nM,7.16,CHEMBL284,Dipeptidyl peptidase 4,N[C@H](C(=O)N1CCC(F)(F)C1)[C@H]1CC[C@H](NC(=O)c2ccccc2C(F)(F)F)CC1,7.154901959985743,433.4210000000001,3.188900000000001,2,3,0
2507969,CHEMBL513425,IC50,=,70.0,nM,7.16,CHEMBL284,Dipeptidyl peptidase 4,N[C@@H](CC(=O)N1CCCCCN1C(=O)c1ccccc1)Cc1cc(F)c(F)cc1F,7.154901959985743,419.4470000000001,3.4337000000000018,1,3,0
828428,CHEMBL3084822,IC50,=,70.0,nM,7.16,CHEMBL284,Dipeptidyl peptidase 4,CC(=O)O[C@@]12C[C@@H]3C[C@@H](C[C@](NCC(=O)N4CCC[C@H]4C#N)(C3)C1)C2,7.154901959985743,345.44300000000015,1.7450799999999995,1,5,0
2258968,CHEMBL469522,IC50,=,70.0,nM,7.16,CHEMBL284,Dipeptidyl peptidase 4,Cc1ccc2nc(C3(NC(=O)C[C@H](N)Cc4ccccc4F)CCS(=O)(=O)CC3)sc2c1,7.154901959985743,475.6110000000003,3.224020000000001,2,6,0
14989333,CHEMBL3357767,IC50,=,70.0,nM,7.16,CHEMBL284,Dipeptidyl peptidase 4,CCOC(=O)[C@@H]1C[C@@H]2CCCC[C@@H]2N1C(=O)C[C@H](N)Cc1cc(F)c(F)cc1F,7.154901959985743,412.45200000000006,3.0866000000000007,1,4,0
16763223,CHEMBL3890161,IC50,=,70.42,nM,7.15,CHEMBL284,Dipeptidyl peptidase 4,N[C@H]1Cc2c(ccc3cc(N4CCOCC4)ccc23)O[C@@H]1c1cc(F)c(F)cc1F,7.1523039792658345,414.427,4.0972000000000035,1,4,0
1985703,CHEMBL236084,IC50,=,71.0,nM,7.15,CHEMBL284,Dipeptidyl peptidase 4,N[C@H]1CN(c2cc(-c3cccc(C(F)(F)F)c3)ncn2)C[C@@H]1c1cc(F)c(F)cc1F,7.1487416512809245,438.37500000000006,4.510800000000002,1,4,0
555736,CHEMBL439836,IC50,=,71.0,nM,7.15,CHEMBL284,Dipeptidyl peptidase 4,CS(=O)(=O)NCCS(=O)(=O)N[C@@H]1CC[C@@H]([C@H](N)C(=O)N2CCCC2)C1,7.1487416512809245,396.5350000000003,-1.4265999999999954,3,6,0
2556632,CHEMBL517072,IC50,=,71.0,nM,7.15,CHEMBL284,Dipeptidyl peptidase 4,N[C@@H](CC(=O)N1CCn2c(nnc2C(F)(F)C(F)(F)F)C1)Cc1cc(F)c(F)cc1F,7.1487416512809245,457.32500000000016,2.6518000000000006,1,4,0
2045020,CHEMBL248936,IC50,=,71.0,nM,7.15,CHEMBL284,Dipeptidyl peptidase 4,N[C@@H](CC(=O)N1CCn2nc(C3CC3)nc2C1)Cc1cc(F)c(F)cc1F,7.1487416512809245,379.386,1.875099999999999,1,4,0
5237567,CHEMBL1683135,IC50,=,71.0,nM,7.15,CHEMBL284,Dipeptidyl peptidase 4,Cc1ccc(N2CCC([C@H](N)Cc3cc(F)ccc3F)CC2)c(C)n1,7.1487416512809245,345.4370000000001,3.763040000000003,1,3,0
2462039,CHEMBL512895,IC50,=,71.0,nM,7.15,CHEMBL284,Dipeptidyl peptidase 4,C[C@@H](c1ccc(-c2ccncc2Cl)cc1)[C@H](N)C(=O)N1CC[C@H](F)C1,7.1487416512809245,361.8480000000001,3.403200000000002,1,3,0
3313849,CHEMBL1082997,IC50,=,71.0,nM,7.15,CHEMBL284,Dipeptidyl peptidase 4,CC(C)(CC(=O)N1CCCC1)NCC(=O)N1CCC[C@H]1C#N,7.1487416512809245,306.41,0.8816800000000007,1,4,0
1412204,CHEMBL558585,IC50,=,71.0,nM,7.15,CHEMBL284,Dipeptidyl peptidase 4,Cl.N[C@@H](CC(=O)N1CCn2c(nnc2C(F)(F)C(F)(F)F)C1)Cc1cc(F)c(F)cc1F,7.1487416512809245,493.7860000000001,3.0736000000000017,1,4,0
1727628,CHEMBL209981,IC50,=,72.0,nM,7.14,CHEMBL284,Dipeptidyl peptidase 4,Cc1ccc2c(c1)CN(C(=O)[C@@H]1CN[C@H](C(=O)N3CCCC3)C1)C2,7.142667503568732,327.4280000000002,1.4377199999999997,1,3,0
561472,CHEMBL171437,IC50,=,72.0,nM,7.14,CHEMBL284,Dipeptidyl peptidase 4,N[C@H](C(=O)N1CCCC1)[C@H]1CC[C@H](NS(=O)(=O)c2ccc(C(=O)O)cc2)C1,7.142667503568732,395.48100000000017,0.7815000000000005,3,5,0
5237574,CHEMBL1683142,IC50,=,72.0,nM,7.14,CHEMBL284,Dipeptidyl peptidase 4,N[C@H](Cc1cc(F)ccc1F)C1CCN(c2cnc(O)nc2)CC1,7.142667503568732,334.37000000000006,2.2468000000000004,2,5,0
1519741,CHEMBL196938,IC50,=,72.0,nM,7.14,CHEMBL284,Dipeptidyl peptidase 4,Cn1nc(C(F)(F)F)c2c1CN(C(=O)C[C@H](N)Cc1cc(F)ccc1F)CC2,7.142667503568732,402.3670000000002,2.5619000000000014,1,3,0
1485951,CHEMBL193202,IC50,=,72.0,nM,7.14,CHEMBL284,Dipeptidyl peptidase 4,COc1ccc2c(c1)CCN(C(=O)C[C@H](N)C(=O)N1CCC[C@H]1C#N)C2C(C)(C)C,7.142667503568732,412.5340000000002,2.3990800000000005,1,5,0
1717903,CHEMBL383488,IC50,=,72.0,nM,7.14,CHEMBL284,Dipeptidyl peptidase 4,N#C[C@@H]1CC[C@H](C#N)N1C(=O)CNC12CC3CC(CC1C3)C2,7.142667503568732,298.3900000000001,1.5614599999999992,1,4,0
2609331,CHEMBL474559,IC50,=,73.0,nM,7.14,CHEMBL284,Dipeptidyl peptidase 4,CC(C)(CC(=O)N[C@H]1C[C@@H]1c1cccc(OC(F)(F)F)c1)NCC(=O)N1CCC[C@H]1C#N,7.136677139879544,452.47700000000026,2.8301800000000013,2,5,0
5131378,CHEMBL3217160,IC50,=,73.0,nM,7.14,CHEMBL284,Dipeptidyl peptidase 4,Cc1ccc(-c2c(CC(=O)NCC(=O)O)c(C)nc(CC(C)C)c2CN)cc1.Cl.Cl,7.136677139879544,456.41400000000016,3.609540000000002,3,4,0
1485949,CHEMBL373148,IC50,=,73.0,nM,7.14,CHEMBL284,Dipeptidyl peptidase 4,COc1cc2c(cc1OC)C(C(C)(C)C)N(C(=O)C[C@H](N)C(=O)N1CCC[C@H]1C#N)CC2,7.136677139879544,442.56000000000034,2.40768,1,6,0
1727631,CHEMBL210225,IC50,=,73.0,nM,7.14,CHEMBL284,Dipeptidyl peptidase 4,O=C([C@@H]1CN[C@H](C(=O)N2CCCC2)C1)N1Cc2ccc(F)cc2C1,7.136677139879544,331.391,1.2683999999999995,1,3,0
1727629,CHEMBL210718,IC50,=,73.0,nM,7.14,CHEMBL284,Dipeptidyl peptidase 4,O=C([C@@H]1CN[C@H](C(=O)N2CCCC2)C1)N1Cc2ccc(C(F)(F)F)cc2C1,7.136677139879544,381.398,2.1481000000000003,1,3,0
683561,CHEMBL280658,IC50,=,73.0,nM,7.14,CHEMBL284,Dipeptidyl peptidase 4,N[C@H](C(=O)N1CCC(F)(F)C1)C1CCCCC1,7.136677139879544,246.3009999999999,1.7615999999999994,1,2,0
17660156,CHEMBL3686734,IC50,=,73.0,nM,7.14,CHEMBL284,Dipeptidyl peptidase 4,CC(C)[C@H](N)C(=S)N[C@@H](C)B(O)O,7.136677139879544,204.10400000000004,-0.7128,4,4,0
14579405,CHEMBL3236120,IC50,=,74.0,nM,7.13,CHEMBL284,Dipeptidyl peptidase 4,NC[C@H]1CN(c2ccc3nc(C(F)(F)F)nn3n2)C(=O)C[C@@H]1c1cc(F)ccc1F,7.130768280269024,426.3490000000001,2.5167,1,5,0
5240823,CHEMBL1683565,IC50,=,74.0,nM,7.13,CHEMBL284,Dipeptidyl peptidase 4,N[C@H]1CN(c2cc(NC3CC3)ncn2)C[C@@H]1N1CCCCC1=O,7.130768280269024,316.4090000000001,0.579299999999999,2,6,0
1692812,CHEMBL206792,IC50,=,74.0,nM,7.13,CHEMBL284,Dipeptidyl peptidase 4,CCn1cc(-c2ccc([C@H](C)[C@H](N)C(=O)N3CC[C@H](F)C3)cc2)ccc1=O.O=C(O)C(F)(F)F,7.130768280269024,485.4780000000001,3.1697000000000015,2,4,0
1717950,CHEMBL207912,IC50,=,74.0,nM,7.13,CHEMBL284,Dipeptidyl peptidase 4,N#C[C@@H]1CC[C@H](C#N)N1C(=O)CNC12CC3CC(CC(O)(C3)C1)C2,7.130768280269024,328.41600000000017,1.0664599999999989,2,5,0
2026072,CHEMBL245380,IC50,=,74.0,nM,7.13,CHEMBL284,Dipeptidyl peptidase 4,COc1ccc(C(=O)NC2CCC([C@H](C)[C@H](N)C(=O)N3CC[C@H](F)C3)CC2)cc1.Cl,7.130768280269024,441.9750000000002,2.9394000000000013,2,4,0
11014687,CHEMBL2086598,IC50,=,74.0,nM,7.13,CHEMBL284,Dipeptidyl peptidase 4,NC(=O)[C@@H]1CCCN1C(=O)CCCNC(=O)c1ccc(F)cc1,7.130768280269024,321.352,0.8119999999999994,2,3,0
10991413,CHEMBL2069851,IC50,=,74.4,nM,7.13,CHEMBL284,Dipeptidyl peptidase 4,N[C@@H](CC(=O)N1CCN(C(=O)c2cnccn2)CC1)Cc1cc(F)c(F)cc1F,7.128427064454121,407.3960000000002,1.1384000000000003,1,5,0
19301460,CHEMBL4436620,IC50,=,74.6,nM,7.13,CHEMBL284,Dipeptidyl peptidase 4,CC#CCn1c(N2CCC[C@@H](N)C2)cc(=O)n(Cc2ccccc2C(=O)OC)c1=O,7.127261172527331,410.47400000000016,0.7957000000000001,1,6,0
2191779,CHEMBL485827,IC50,=,75.0,nM,7.12,CHEMBL284,Dipeptidyl peptidase 4,CC(C)(CNS(=O)(=O)c1ccccc1)NCC(=O)N1C[C@@H](F)C[C@H]1C#N,7.1249387366083,382.4610000000001,0.7956799999999999,2,5,0
13856285,CHEMBL3093921,IC50,=,75.0,nM,7.12,CHEMBL284,Dipeptidyl peptidase 4,N#C[C@@H]1CCCN1C(=O)[C@@H](N)Cc1ccc(N)cc1,7.1249387366083,258.325,0.6531799999999993,2,4,0
5237572,CHEMBL1683140,IC50,=,75.0,nM,7.12,CHEMBL284,Dipeptidyl peptidase 4,N[C@H](Cc1cc(F)ccc1F)C1CCN(c2cncnc2)CC1,7.1249387366083,318.37100000000004,2.541200000000001,1,4,0
679297,CHEMBL281561,IC50,=,75.0,nM,7.12,CHEMBL284,Dipeptidyl peptidase 4,N[C@H](C(=O)N1CC[C@@H](F)C1)[C@H]1CC[C@H](NS(=O)(=O)c2ccc(OC(F)(F)F)cc2)CC1,7.1249387366083,467.4850000000002,2.3199999999999994,2,5,0
2609327,CHEMBL472976,IC50,=,75.0,nM,7.12,CHEMBL284,Dipeptidyl peptidase 4,CC(C)(CC(=O)N[C@H]1C[C@@H]1c1cc(F)cc(F)c1)NCC(=O)N1CCC[C@H]1C#N,7.1249387366083,404.46100000000024,2.2097800000000003,2,4,0
1603593,CHEMBL382980,IC50,=,75.0,nM,7.12,CHEMBL284,Dipeptidyl peptidase 4,O=C(CNC1CCC1)N1CCC[C@H]1B(O)O,7.1249387366083,226.085,-0.8684999999999996,3,4,0
2993845,CHEMBL566617,IC50,=,76.0,nM,7.12,CHEMBL284,Dipeptidyl peptidase 4,N[C@@H](CCN1CCC[C@H]1c1nc(-c2ccccc2)co1)Cc1ccccc1F,7.119186407719209,379.47900000000016,4.5777000000000045,1,4,0
1958915,CHEMBL232845,IC50,=,76.0,nM,7.12,CHEMBL284,Dipeptidyl peptidase 4,N[C@@H](CC(=O)N1CCn2c(nnc2C(F)(F)F)C1)Cc1cc(F)c(Cl)cc1F,7.119186407719209,423.77300000000014,2.5308,1,4,0
10991418,CHEMBL2069856,IC50,=,76.2,nM,7.12,CHEMBL284,Dipeptidyl peptidase 4,N[C@@H](CC(=O)N1CCN(C(=O)c2cc3ccccc3o2)CC1)Cc1cc(F)c(F)cc1F,7.1180450286604,445.44100000000026,3.0946000000000016,1,4,0
5192933,CHEMBL1650419,IC50,=,77.0,nM,7.11,CHEMBL284,Dipeptidyl peptidase 4,Cc1nc(N2CCC[C@@H](N)C2)n(Cc2ccccc2C#N)c(=O)c1-c1ccoc1,7.113509274827518,389.4590000000002,2.6592,1,6,0
1970024,CHEMBL234911,IC50,=,77.0,nM,7.11,CHEMBL284,Dipeptidyl peptidase 4,Cc1nc(C(=O)[C@@H]2CCCN2C(=O)CNC(C)(C)CO)no1,7.113509274827518,310.35400000000004,-0.087779999999999,2,7,0
2706914,CHEMBL552071,IC50,=,77.0,nM,7.11,CHEMBL284,Dipeptidyl peptidase 4,N[C@H]1Cn2c(nc3cc(F)ccc32)C[C@@H]1c1cc(F)c(F)cc1F.O=C(O)C(F)(F)F,7.113509274827518,449.3260000000001,3.893200000000002,2,3,0
2690360,CHEMBL557851,IC50,=,77.0,nM,7.11,CHEMBL284,Dipeptidyl peptidase 4,CS(=O)(=O)c1ccc(C(=O)NC[C@@H]2CCCN2C(=O)C[C@H](N)Cc2ccccc2F)cc1,7.113509274827518,461.5590000000002,1.9101,2,5,0
5237566,CHEMBL1683134,IC50,=,77.0,nM,7.11,CHEMBL284,Dipeptidyl peptidase 4,N#Cc1cncc(N2CCC([C@H](N)Cc3cc(F)ccc3F)CC2)c1,7.113509274827518,342.3930000000001,3.0178800000000017,1,4,0
5236288,CHEMBL1681806,IC50,=,77.0,nM,7.11,CHEMBL284,Dipeptidyl peptidase 4,Cl.N[C@@H](CC(=O)N1CCSC1C(=O)NCc1ccccc1)Cc1cc(F)c(F)cc1F,7.113509274827518,473.94800000000015,3.0035000000000016,2,4,0
5244156,CHEMBL1681811,IC50,=,77.06,nM,7.11,CHEMBL284,Dipeptidyl peptidase 4,Cc1nnn2c1CN(C(=O)C[C@H](N)Cc1cc(F)c(F)cc1F)CC2.Cl,7.113170995323018,389.809,1.7279199999999997,1,4,0
14579402,CHEMBL3236117,IC50,=,77.6,nM,7.11,CHEMBL284,Dipeptidyl peptidase 4,Cc1cc2ncc(N3C[C@H](CN)[C@@H](c4cc(F)ccc4F)CC3=O)c(C)n2n1,7.110138278741812,385.4180000000002,2.7197400000000007,1,4,0
2572476,CHEMBL480705,IC50,=,78.0,nM,7.11,CHEMBL284,Dipeptidyl peptidase 4,N#C[C@@H]1C[C@H](F)CN1C(=O)CN[C@H]1[C@@H]2CN(c3ncccc3[N+](=O)[O-])C[C@@H]21,7.107905397309519,374.37600000000015,0.4765800000000002,1,7,0
27811463,CHEMBL5786497,IC50,=,78.0,nM,7.11,CHEMBL284,Dipeptidyl peptidase 4,COc1ccc2ccc3c(c2c1)CC(N)C(c1ccc(F)cc1F)O3,7.107905397309519,341.357,4.130100000000003,1,3,0
2053459,CHEMBL250399,IC50,=,78.0,nM,7.11,CHEMBL284,Dipeptidyl peptidase 4,N#Cc1cc(CN2C[C@H](N)[C@H](C(=O)N3CCCC3)C2)ccc1F,7.107905397309519,316.38,1.0788799999999996,1,4,0
5237573,CHEMBL1683141,IC50,=,78.0,nM,7.11,CHEMBL284,Dipeptidyl peptidase 4,COc1ncc(N2CCC([C@H](N)Cc3cc(F)ccc3F)CC2)cn1,7.107905397309519,348.3970000000001,2.5498000000000003,1,5,0
25491591,CHEMBL5418532,IC50,=,78.2,nM,7.11,CHEMBL284,Dipeptidyl peptidase 4,Cc1cccc(C2C=C(c3ccccc3)N=C(Nc3nc(N)nc(N4CCOCC4)n3)O2)c1,7.106793246940152,443.5110000000003,3.1793200000000015,2,9,0
16763226,CHEMBL3952691,IC50,=,78.33,nM,7.11,CHEMBL284,Dipeptidyl peptidase 4,COc1ccc2ccc3c(c2c1)C[C@H](N)[C@@H](c1ccc(F)cc1F)O3,7.1060718734573936,341.357,4.130100000000003,1,3,0
2053424,CHEMBL248838,IC50,=,79.0,nM,7.1,CHEMBL284,Dipeptidyl peptidase 4,N[C@H]1CN(C(=O)c2ccc3ccccc3c2)C[C@H]1C(=O)N1CCCC1,7.102372908709558,337.4230000000002,1.8615,1,3,0
14579404,CHEMBL3236119,IC50,=,79.0,nM,7.1,CHEMBL284,Dipeptidyl peptidase 4,NC[C@H]1CN(c2ccc3nnc(C(F)(F)F)n3n2)C(=O)C[C@@H]1c1cc(F)ccc1F,7.102372908709558,426.3490000000001,2.5167,1,5,0
18493697,CHEMBL4204176,IC50,=,80.0,nM,7.1,CHEMBL284,Dipeptidyl peptidase 4,N#Cc1ccccc1Cn1c(N2CCNCC2)cc(=O)n2nccc12,7.096910013008056,334.383,0.8255799999999998,1,5,0
2053458,CHEMBL428937,IC50,=,80.0,nM,7.1,CHEMBL284,Dipeptidyl peptidase 4,N[C@H]1CN(Cc2ccc(F)c(F)c2)C[C@H]1C(=O)N1CCCC1,7.096910013008056,309.3600000000001,1.3462999999999996,1,3,0
7962684,CHEMBL1929393,IC50,=,80.0,nM,7.1,CHEMBL284,Dipeptidyl peptidase 4,Cc1nc2cc(C(C)(C)C)nn2c(C)c1C(=O)NCC(C)(C)NCC(=O)N1CCC[C@H]1C#N.Cl,7.096910013008056,490.0520000000003,2.6780200000000014,2,6,0
14989329,CHEMBL3357770,IC50,=,80.0,nM,7.1,CHEMBL284,Dipeptidyl peptidase 4,N[C@@H](CC(=O)N1[C@H](COC(=O)C2CC2)C[C@@H]2CCCC[C@@H]21)Cc1cc(F)c(F)cc1F,7.096910013008056,438.4900000000001,3.476700000000001,1,4,0
5294386,CHEMBL1688415,IC50,=,80.0,nM,7.1,CHEMBL284,Dipeptidyl peptidase 4,Cc1nc(C(=O)NC2CC2)cc(-c2ccc(F)cc2)c1CN,7.096910013008056,299.34900000000005,2.54702,2,3,0
848675,CHEMBL94312,IC50,=,80.0,nM,7.1,CHEMBL284,Dipeptidyl peptidase 4,N#C[C@@H]1CCCN1C(=O)CNC1CCC1,7.096910013008056,207.277,0.6430799999999994,1,3,0
1447094,CHEMBL184572,IC50,=,80.0,nM,7.1,CHEMBL284,Dipeptidyl peptidase 4,CCC(C)[C@@H](N)C(=O)N1N=CCC1C#N,7.096910013008056,208.265,0.4700799999999999,1,4,0
2091503,CHEMBL365441,IC50,=,80.0,nM,7.1,CHEMBL284,Dipeptidyl peptidase 4,O=C(c1nc2ccccc2s1)[C@@H]1CCN1C(=O)[C@@H]1C[C@@H]2CCCC[C@@H]2N1,7.096910013008056,369.4900000000002,3.0006000000000013,1,5,0
3302955,CHEMBL1082974,IC50,=,80.0,nM,7.1,CHEMBL284,Dipeptidyl peptidase 4,CCN(CC)C(=O)O[C@H]1C[C@H]2C[C@@H](NCC(=O)N3CCC[C@H]3C#N)C[C@H]2C1.Cl,7.096910013008056,412.96200000000016,2.5479800000000004,1,5,0
2053457,CHEMBL250400,IC50,=,81.0,nM,7.09,CHEMBL284,Dipeptidyl peptidase 4,N#Cc1ccc(CN2C[C@H](N)[C@H](C(=O)N3CCCC3)C2)cc1,7.0915149811213505,298.39000000000004,0.9397799999999996,1,4,0
495325,CHEMBL90558,IC50,=,81.0,ug.mL-1,,CHEMBL284,Dipeptidyl peptidase 4,CC(C)c1cccc(C(C)C)c1N1C(=O)c2ccc(N)cc2C1=O,7.0915149811213505,322.408,4.316200000000003,1,3,0
16336488,CHEMBL3644797,IC50,=,81.0,nM,7.09,CHEMBL284,Dipeptidyl peptidase 4,N[C@@H](CC(=O)N1CCc2c(nc(-c3ccco3)nc2C(F)(F)F)C1)CN1C(=O)CCC(F)C1O,7.0915149811213505,485.4380000000003,1.6364,2,7,0
1905810,CHEMBL230985,IC50,=,82.0,nM,7.09,CHEMBL284,Dipeptidyl peptidase 4,N[C@H]1CN(c2cnccn2)CC[C@@H]1c1cc(F)c(F)cc1F.O=C(O)C(F)(F)F,7.086186147616283,422.329,2.8484000000000007,2,5,0
1958932,CHEMBL389151,IC50,=,82.0,nM,7.09,CHEMBL284,Dipeptidyl peptidase 4,N[C@@H](CC(=O)N1CCn2c(nnc2C(F)(F)F)C1)Cc1ccc(F)cc1F,7.086186147616283,389.32800000000015,1.8773999999999995,1,4,0
2008925,CHEMBL399216,IC50,=,82.0,nM,7.09,CHEMBL284,Dipeptidyl peptidase 4,Cn1c(=O)c2c(nc(N3CCCC(N)C3)n2Cc2ccccc2)n(C)c1=O,7.086186147616283,368.441,0.4095000000000002,1,5,0
5237569,CHEMBL1683137,IC50,=,82.0,nM,7.09,CHEMBL284,Dipeptidyl peptidase 4,CCOC(=O)c1cncc(N2CCC([C@H](N)Cc3cc(F)ccc3F)CC2)c1,7.086186147616283,389.4460000000001,3.3229000000000015,1,5,0
2713682,CHEMBL1202093,IC50,=,82.4,nM,7.08,CHEMBL284,Dipeptidyl peptidase 4,COc1ccc(N2CCN(CCNCC(=O)N3CCC[C@@H]3C#N)C2=O)cc1.O=C(O)C(=O)O,7.084072788302884,461.47500000000025,0.1969800000000016,3,7,0
2053456,CHEMBL399693,IC50,=,83.0,nM,7.08,CHEMBL284,Dipeptidyl peptidase 4,CC(c1ccc([N+](=O)[O-])cc1)N1C[C@H](N)[C@H](C(=O)N2CCCC2)C1,7.080921907623926,332.4040000000002,1.5372999999999997,1,5,0
26141936,CHEMBL5624847,IC50,=,83.0,nM,7.08,CHEMBL284,Dipeptidyl peptidase 4,O=C1c2ccccc2C(=O)N1CC(=O)N1C(=O)S/C(=C\c2ccc(OCc3ccccc3)cc2)C1=O,7.080921907623926,498.5160000000002,4.124700000000003,0,7,0
555732,CHEMBL171033,IC50,=,83.0,nM,7.08,CHEMBL284,Dipeptidyl peptidase 4,COc1ccc(NC(=O)O[C@@H]2CCC[C@H]([C@H](N)C(=O)N3CCSC3)C2)cc1,7.080921907623926,393.5090000000002,2.6627,2,6,0
856538,CHEMBL330717,IC50,=,83.0,nM,7.08,CHEMBL284,Dipeptidyl peptidase 4,N#C[C@@H]1CCCN1C(=O)CNCCNc1ccc(C(F)(F)F)cn1,7.080921907623926,341.337,1.6164799999999997,2,5,0
3317317,CHEMBL1086466,IC50,=,83.0,nM,7.08,CHEMBL284,Dipeptidyl peptidase 4,CN(C)C(=O)N1C[C@H]2C[C@H](NCC(=O)N3CCC[C@H]3C#N)C[C@H]2C1,7.080921907623926,333.4360000000001,0.4825800000000007,1,4,0
571347,CHEMBL171342,IC50,=,83.0,nM,7.08,CHEMBL284,Dipeptidyl peptidase 4,N[C@H](C(=O)N1CCCC1)[C@H]1CC[C@H](NS(=O)(=O)c2ccc(S(N)(=O)=O)cc2)C1,7.080921907623926,430.5520000000002,-0.2692999999999979,3,6,0
12182804,CHEMBL2206488,IC50,=,83.0,nM,7.08,CHEMBL284,Dipeptidyl peptidase 4,N[C@@H](CC(=O)NC1(c2ccccc2)CCS(=O)(=O)CC1)Cc1cc(F)c(F)cc1F,7.080921907623926,440.4870000000002,2.5841000000000003,2,4,0
1669244,CHEMBL203084,IC50,=,83.0,nM,7.08,CHEMBL284,Dipeptidyl peptidase 4,N#C[C@@H]1CCCN1C(=O)CNCCC(=O)N1CCc2cc(F)ccc2C1,7.080921907623926,358.4170000000001,1.2046799999999993,1,4,0
12182803,CHEMBL2206471,IC50,=,84.0,nM,7.08,CHEMBL284,Dipeptidyl peptidase 4,Cn1cncc1-c1cccc(C2(NC(=O)C[C@H](N)Cc3ccccc3F)CCS(=O)(=O)CC2)c1,7.075720713938118,484.59700000000026,2.7064000000000004,2,5,0
1970040,CHEMBL232725,IC50,=,84.0,nM,7.08,CHEMBL284,Dipeptidyl peptidase 4,Cc1nnc(C(=O)[C@@H]2CCCN2C(=O)CNC23CC4CC(CC(C4)C2)C3)o1,7.075720713938118,372.46900000000016,2.1101199999999993,1,6,0
1793031,CHEMBL218289,IC50,=,84.0,nM,7.08,CHEMBL284,Dipeptidyl peptidase 4,C[C@H](CCc1ccc(C(N)=O)cc1)NCC(=O)c1ccc(F)cc1,7.075720713938118,328.387,2.7182000000000013,2,3,0
2572488,CHEMBL482261,IC50,=,84.0,nM,7.08,CHEMBL284,Dipeptidyl peptidase 4,N#C[C@@H]1C[C@H](F)CN1C(=O)CN[C@H]1[C@@H]2CN(c3ncccn3)C[C@@H]21,7.075720713938118,330.3670000000001,-0.0366199999999989,1,6,0
1958914,CHEMBL233058,IC50,=,84.0,nM,7.08,CHEMBL284,Dipeptidyl peptidase 4,N[C@@H](CC(=O)N1CCn2c(nnc2C(F)(F)F)C1)Cc1cc(F)c(F)cc1Cl,7.075720713938118,423.77300000000014,2.5308,1,4,0
14579401,CHEMBL3236116,IC50,=,84.0,nM,7.08,CHEMBL284,Dipeptidyl peptidase 4,NC[C@H]1CN(CCc2ccncc2)C(=O)C[C@@H]1c1cc(F)ccc1F,7.075720713938118,345.39300000000003,2.4933000000000005,1,3,0
1727622,CHEMBL210353,IC50,=,84.0,nM,7.08,CHEMBL284,Dipeptidyl peptidase 4,O=C([C@@H]1CN[C@H](C(=O)N2CCSC2)C1)N1Cc2ccccc2C1,7.075720713938118,331.44100000000003,1.0398,1,4,0
2609326,CHEMBL515552,IC50,=,84.0,nM,7.08,CHEMBL284,Dipeptidyl peptidase 4,CC(C)(CC(=O)N[C@H]1C[C@@H]1c1ccc(F)cc1F)NCC(=O)N1CCC[C@H]1C#N,7.075720713938118,404.46100000000024,2.2097800000000003,2,4,0
1717929,CHEMBL379086,IC50,=,84.0,nM,7.08,CHEMBL284,Dipeptidyl peptidase 4,COCC1(NCC(=O)N2[C@H](C#N)CC[C@@H]2C#N)CCCC1,7.075720713938118,290.3670000000001,0.9419600000000006,1,5,0
5237513,CHEMBL1682982,IC50,=,84.0,nM,7.08,CHEMBL284,Dipeptidyl peptidase 4,CN([C@H]1CC[C@H]([C@H](N)Cc2cc(F)ccc2F)CC1)S(=O)(=O)c1ccc(C(N)=O)cc1,7.075720713938118,451.5390000000002,2.8130000000000006,2,4,0
2572479,CHEMBL479736,IC50,=,85.0,nM,7.07,CHEMBL284,Dipeptidyl peptidase 4,N#C[C@@H]1C[C@H](F)CN1C(=O)CN[C@H]1[C@@H]2CN(c3ccc([N+](=O)[O-])cn3)C[C@@H]21,7.070581074285707,374.37600000000015,0.47658,1,7,0
1519863,CHEMBL195984,IC50,=,85.0,nM,7.07,CHEMBL284,Dipeptidyl peptidase 4,N[C@@H](CC(=O)N1CCc2c(noc2C(F)(F)F)C1)Cc1cc(F)ccc1F,7.070581074285707,389.3240000000001,2.8164000000000007,1,4,0
5237508,CHEMBL1682977,IC50,=,85.0,nM,7.07,CHEMBL284,Dipeptidyl peptidase 4,CN([C@H]1CC[C@H]([C@H](N)Cc2cc(F)ccc2F)CC1)S(=O)(=O)c1cccc(C#N)c1,7.070581074285707,433.52400000000017,3.5857800000000024,1,4,0
15249319,CHEMBL3425749,IC50,=,85.0,nM,7.07,CHEMBL284,Dipeptidyl peptidase 4,CCc1nnc2n1[C@@H]1CCN(C(=O)C[C@H](N)Cc3cc(F)c(F)cc3F)C[C@@H]1CC2,7.070581074285707,421.4670000000001,2.553700000000001,1,4,0
2609329,CHEMBL473176,IC50,=,85.0,nM,7.07,CHEMBL284,Dipeptidyl peptidase 4,CC(C)(CC(=O)N[C@H]1C[C@@H]1c1ccc(C(F)(F)F)cc1)NCC(=O)N1CCC[C@H]1C#N,7.070581074285707,436.47800000000024,2.950380000000001,2,4,0
2609323,CHEMBL473166,IC50,=,85.0,nM,7.07,CHEMBL284,Dipeptidyl peptidase 4,CC(C)(CC(=O)N[C@H]1C[C@@H]1c1ccccc1)NCC(=O)N1CCC[C@H]1C#N,7.070581074285707,368.4810000000002,1.9315799999999992,2,4,0
2462047,CHEMBL452297,IC50,=,85.0,nM,7.07,CHEMBL284,Dipeptidyl peptidase 4,N[C@@H](CC(=O)N1CCCNC(=O)[C@H]1CC(F)(F)F)Cc1ccccc1F,7.070581074285707,375.3660000000001,1.7550999999999992,2,3,0
10991390,CHEMBL2069828,IC50,=,85.7,nM,7.07,CHEMBL284,Dipeptidyl peptidase 4,N[C@@H](CC(=O)N1CCN(c2ccc([N+](=O)[O-])cc2)CC1)Cc1cc(F)c(F)cc1F,7.0670191780768015,422.4070000000002,2.620800000000001,1,5,0
1855523,CHEMBL227418,IC50,=,85.9,nM,7.07,CHEMBL284,Dipeptidyl peptidase 4,N#Cc1ccc(NC(=O)N[C@@H]2CN[C@H](C(=O)N3CCSC3)C2)cc1,7.066006836168758,345.4280000000001,0.9431799999999996,3,5,0
2053414,CHEMBL401269,IC50,=,86.0,nM,7.07,CHEMBL284,Dipeptidyl peptidase 4,N[C@H]1CN(C(=O)c2cc3cc(Cl)ccc3o2)C[C@H]1C(=O)N1CCCC1,7.0655015487564325,361.8290000000002,2.1079,1,4,0
2609332,CHEMBL474560,IC50,=,86.0,nM,7.07,CHEMBL284,Dipeptidyl peptidase 4,CC(C)(CC(=O)N[C@H]1C[C@@H]1c1ccc(Cl)cc1)NCC(=O)N1CCC[C@H]1C#N,7.0655015487564325,402.9260000000003,2.5849800000000007,2,4,0
1496202,CHEMBL191769,IC50,=,86.0,nM,7.07,CHEMBL284,Dipeptidyl peptidase 4,C[C@@H](c1ccc(-c2ccccc2Cl)cc1)[C@H](N)C(=O)N1CC[C@H](F)C1.O=C(O)C(F)(F)F,7.0655015487564325,474.88200000000023,4.641500000000003,2,3,0
1485971,CHEMBL364922,IC50,=,87.0,nM,7.06,CHEMBL284,Dipeptidyl peptidase 4,N#Cc1ccc[n+](N2CCN(C(=O)C[C@H](N)C(=O)N3CCC[C@H]3C#N)CC2)c1,7.060480747381382,382.4480000000002,-1.1420399999999968,1,6,0
1958928,CHEMBL394834,IC50,=,87.0,nM,7.06,CHEMBL284,Dipeptidyl peptidase 4,N[C@@H](CC(=O)N1CCn2c(nnc2C(F)(F)F)C1)Cc1c(F)cc(F)cc1F,7.060480747381382,407.31800000000015,2.0164999999999997,1,4,0
3603858,CHEMBL1287875,IC50,=,87.0,nM,7.06,CHEMBL284,Dipeptidyl peptidase 4,Cl.Cn1cnc2cc(N3CCC[C@@](C)(N)C3)n(Cc3cc(F)ccc3C#N)c2c1=O,7.060480747381382,430.91500000000013,2.533480000000001,1,5,0
2690358,CHEMBL563911,IC50,=,87.0,nM,7.06,CHEMBL284,Dipeptidyl peptidase 4,N[C@@H](CC(=O)N1CCC[C@H]1CNC(=O)c1cccnc1)Cc1ccccc1F,7.060480747381382,384.4550000000001,1.9016000000000008,2,4,0
5236287,CHEMBL1683483,IC50,=,88.0,nM,7.06,CHEMBL284,Dipeptidyl peptidase 4,Cl.N[C@@H](CC(=O)N1CCSC1C(=O)NCc1ccoc1)Cc1cc(F)c(F)cc1F,7.055517327849832,463.90900000000016,2.5965000000000007,2,5,0
685045,CHEMBL277693,IC50,=,88.0,nM,7.06,CHEMBL284,Dipeptidyl peptidase 4,N[C@H](C(=O)N1CC[C@@H](F)C1)[C@H]1CC[C@H](NC(=O)OCc2ccccc2)CC1,7.055517327849832,377.46000000000015,2.3693,2,4,0
2068820,CHEMBL557542,IC50,=,88.0,nM,7.06,CHEMBL284,Dipeptidyl peptidase 4,C[C@H]1c2nnc(C(F)(F)F)n2CCN1C(=O)C[C@H](N)Cc1cc(F)c(F)cc1F.Cl,7.055517327849832,457.8060000000001,2.999300000000001,1,4,0
2008923,CHEMBL237280,IC50,=,88.0,nM,7.06,CHEMBL284,Dipeptidyl peptidase 4,CC#CCn1c(N2CCCC(N)C2)nc2c1c(=O)n(C)c(=O)n2C,7.055517327849832,330.39200000000005,-0.6154999999999982,1,5,0
2190151,CHEMBL472100,IC50,=,88.0,nM,7.06,CHEMBL284,Dipeptidyl peptidase 4,CC(C)(NCC(=O)N1C[C@@H](F)C[C@H]1C#N)c1cc2ccccc2o1,7.055517327849832,329.37500000000006,2.720080000000001,1,4,0
319705,CHEMBL25437,IC50,=,88.0,nM,7.06,CHEMBL284,Dipeptidyl peptidase 4,N[C@H](C(=O)N1CCCC1)[C@H]1CC[C@H](NS(=O)(=O)c2ccc(F)cc2F)CC1,7.055517327849832,401.47900000000016,1.7515999999999994,2,4,0
5177078,CHEMBL1651765,IC50,=,88.82,nM,7.05,CHEMBL284,Dipeptidyl peptidase 4,N#Cc1ccccc1Cn1c(N2CCC[C@@H](N)C2)nc2scc(C(F)(F)F)c2c1=O,7.051489231162343,433.45900000000006,3.3242800000000017,1,6,0
2171483,CHEMBL255491,IC50,=,89.0,nM,7.05,CHEMBL284,Dipeptidyl peptidase 4,CC#CCn1c(N2CCCC(N)C2)nc2ccn(Cc3cccc4ccccc34)c(=O)c21,7.050609993355087,425.53600000000023,3.3503000000000016,1,4,0
1792474,CHEMBL217015,IC50,=,89.0,nM,7.05,CHEMBL284,Dipeptidyl peptidase 4,C[C@@H]1C(=O)NCCN1C(=O)C[C@H](N)Cc1cc(F)ccc1F,7.050609993355087,311.332,0.5716000000000007,2,3,0
674220,CHEMBL23223,IC50,=,89.0,nM,7.05,CHEMBL284,Dipeptidyl peptidase 4,N[C@H](C(=O)N1CCSC1)C1CCCCC1,7.050609993355087,228.36099999999993,1.4268999999999994,1,3,0
2697720,CHEMBL558956,IC50,=,89.0,nM,7.05,CHEMBL284,Dipeptidyl peptidase 4,Cl.N#C[C@@H]1CS[C@H]2C[C@](N)(C3CCCC3)C(=O)N12,7.050609993355087,287.816,1.49328,1,4,0
331195,CHEMBL23979,IC50,=,89.0,nM,7.05,CHEMBL284,Dipeptidyl peptidase 4,N[C@H](C(=O)N1CCCC1)[C@H]1CC[C@H](NS(=O)(=O)c2ccc(OC(F)(F)F)cc2)CC1,7.050609993355087,449.4950000000002,2.372,2,5,0
22800197,CHEMBL4764120,IC50,=,89.0,nM,7.05,CHEMBL284,Dipeptidyl peptidase 4,Clc1ccc(CCNc2cc(N3CCNCC3)nc3ccnn23)c(Cl)c1,7.050609993355087,391.306,3.1003000000000007,2,5,0
5244157,CHEMBL1683977,IC50,=,89.5,nM,7.05,CHEMBL284,Dipeptidyl peptidase 4,N[C@@H](CC(=O)N1CCn2nncc2C1)Cc1cc(F)c(F)cc1F.O=C(O)/C=C/C(=O)O,7.048176964684088,455.39300000000014,0.7094999999999992,3,6,0
15617502,CHEMBL3580778,IC50,=,89.6,nM,7.05,CHEMBL284,Dipeptidyl peptidase 4,N[C@@H](CC(=O)N1CC(=O)Nc2nccnc2C1)[C@H]1CCc2cc(F)c(F)cc21,7.047691990337875,387.39000000000016,1.4828999999999994,2,5,0
19301463,CHEMBL4468423,IC50,=,89.8,nM,7.05,CHEMBL284,Dipeptidyl peptidase 4,CC#CCn1c(N2CCC[C@@H](N)C2)cc(=O)n(Cc2ccccc2CC(=O)O)c1=O,7.0467236633326955,410.47400000000016,0.6362000000000005,2,5,0
1698111,CHEMBL425584,IC50,=,90.0,nM,7.05,CHEMBL284,Dipeptidyl peptidase 4,N[C@@H](CC(=O)N1CCC[C@H]1CNC(=O)c1ccccc1)Cc1ccccc1F,7.045757490560675,383.4670000000001,2.5066000000000006,2,3,0
12044115,CHEMBL2147067,IC50,=,90.0,nM,7.05,CHEMBL284,Dipeptidyl peptidase 4,CC#CCn1c(N2CCC[C@@H](N)C2)nc2c3cc(C(=O)O)ccc3n(C)c(=O)c21.Cl,7.045757490560675,429.9080000000001,1.9589999999999992,2,5,0
1905811,CHEMBL427259,IC50,=,90.0,nM,7.05,CHEMBL284,Dipeptidyl peptidase 4,N[C@H]1CN(c2ncccn2)CC[C@@H]1c1cc(F)c(F)cc1F.O=C(O)C(F)(F)F,7.045757490560675,422.329,2.8484000000000007,2,5,0
29231840,CHEMBL6169485,IC50,=,90.0,nM,7.05,CHEMBL284,Dipeptidyl peptidase 4,CC1=C(C(=O)O)C(c2ccc(F)c(F)c2)N=C(N)N1C(=O)CN1CCCC(N)C1,7.045757490560675,407.4210000000002,0.9445000000000008,3,6,0
26141918,CHEMBL5630729,IC50,=,90.0,nM,7.05,CHEMBL284,Dipeptidyl peptidase 4,COc1cc(/C=C2\SC(=O)N(C(=O)CN3CCOCC3)C2=O)ccc1O,7.045757490560675,378.4060000000001,1.2959,1,8,0
12044093,CHEMBL2147075,IC50,=,90.0,nM,7.05,CHEMBL284,Dipeptidyl peptidase 4,COc1ccc2c(c1)c1nc(N3CCC[C@@H](N)C3)n(Cc3ccccc3Cl)c1c(=O)n2C.Cl,7.045757490560675,488.419,3.947800000000002,1,5,0
2993842,CHEMBL585663,IC50,=,90.0,nM,7.05,CHEMBL284,Dipeptidyl peptidase 4,N[C@@H](CCN1CCC[C@H]1c1noc(-c2ccccc2)n1)Cc1ccccc1F,7.045757490560675,380.4670000000001,3.9727000000000032,1,5,0
2993840,CHEMBL567263,IC50,=,90.0,nM,7.05,CHEMBL284,Dipeptidyl peptidase 4,N[C@@H](CCN1CCC[C@H]1CNC(=O)c1ccccc1)Cc1ccccc1F,7.045757490560675,369.4840000000001,2.9800000000000013,2,3,0
747134,CHEMBL34972,IC50,=,90.0,nM,7.05,CHEMBL284,Dipeptidyl peptidase 4,Cc1ccc(-c2nc(N)c(CN)c(-c3ccc(Cl)cc3Cl)n2)cc1,7.045757490560675,359.26000000000005,4.466720000000001,2,4,0
25050524,CHEMBL5283569,IC50,=,90.0,nM,7.05,CHEMBL284,Dipeptidyl peptidase 4,O=C(CNC(=O)C1CCCN(S(=O)(=O)c2ccccc2)C1)Nc1ccc(F)cc1,7.045757490560675,419.47800000000007,1.9813,2,4,0
2121702,CHEMBL257709,IC50,=,90.0,nM,7.05,CHEMBL284,Dipeptidyl peptidase 4,CC(c1nc(-c2ccc(S(C)(=O)=O)cc2)no1)[C@H](N)C(F)=C1CCCC1.O=C(O)C(F)(F)F,7.045757490560675,493.4790000000002,4.001800000000002,2,7,0
25491592,CHEMBL5414816,IC50,=,90.4,nM,7.04,CHEMBL284,Dipeptidyl peptidase 4,Cc1ccc(C2C=C(c3ccccc3)N=C(Nc3nc(N)nc(N4CCOCC4)n3)O2)cc1,7.043831569524636,443.5110000000003,3.1793200000000015,2,9,0
1717928,CHEMBL209994,IC50,=,91.0,nM,7.04,CHEMBL284,Dipeptidyl peptidase 4,CCCCOCC1(NCC(=O)N2[C@H](C#N)CC[C@@H]2C#N)CCCC1,7.040958607678906,332.44800000000015,2.11226,1,5,0
2053455,CHEMBL250611,IC50,=,91.0,nM,7.04,CHEMBL284,Dipeptidyl peptidase 4,N[C@H]1CN(Cc2ccc(-c3csnn3)cc2)C[C@H]1C(=O)N1CCCC1,7.040958607678906,357.48300000000023,1.5865999999999996,1,6,0
2068822,CHEMBL557990,IC50,=,91.0,nM,7.04,CHEMBL284,Dipeptidyl peptidase 4,C[C@H]1Cn2c(nnc2C(F)(F)F)CN1C(=O)C[C@H](N)Cc1cc(F)c(F)cc1F.Cl,7.040958607678906,457.8060000000001,2.826800000000001,1,4,0
2572475,CHEMBL452998,IC50,=,91.0,nM,7.04,CHEMBL284,Dipeptidyl peptidase 4,N#Cc1cccnc1N1C[C@@H]2[C@H](C1)[C@H]2NCC(=O)N1C[C@@H](F)C[C@H]1C#N,7.040958607678906,354.38900000000007,0.4400600000000001,1,6,0
10991414,CHEMBL2069852,IC50,=,91.5,nM,7.04,CHEMBL284,Dipeptidyl peptidase 4,N[C@@H](CC(=O)N1CCN(C(=O)c2ccc(O)nc2)CC1)Cc1cc(F)c(F)cc1F,7.0385789059335515,422.4070000000002,1.4490000000000005,2,5,0
2690355,CHEMBL552263,IC50,=,92.0,nM,7.04,CHEMBL284,Dipeptidyl peptidase 4,N[C@@H](CC(=O)N1CCC[C@H]1CNC(=O)c1cccc(F)c1)Cc1ccccc1F,7.036212172654444,401.4570000000001,2.6457000000000006,2,3,0
2068818,CHEMBL536765,IC50,=,92.0,nM,7.04,CHEMBL284,Dipeptidyl peptidase 4,CC1(C)CN(C(=O)C[C@H](N)Cc2cc(F)c(F)cc2F)Cc2nnc(C(F)(F)F)n21.Cl,7.036212172654444,471.833,3.1734000000000013,1,4,0
2572494,CHEMBL479794,IC50,=,92.0,nM,7.04,CHEMBL284,Dipeptidyl peptidase 4,N#Cc1c(F)cccc1N1C[C@@H]2[C@H](C1)[C@H]2NCC(=O)N1C[C@@H](F)C[C@H]1C#N,7.036212172654444,371.3910000000001,1.18416,1,5,0
2690356,CHEMBL553936,IC50,=,92.0,nM,7.04,CHEMBL284,Dipeptidyl peptidase 4,N[C@@H](CC(=O)N1CCC[C@H]1CNC(=O)c1ccc(F)cc1)Cc1ccccc1F,7.036212172654444,401.4570000000001,2.6457000000000006,2,3,0
6203094,CHEMBL1779688,IC50,=,92.6,nM,7.03,CHEMBL284,Dipeptidyl peptidase 4,CN1CCN(C(=O)C[C@H](N)Cc2cc(F)c(F)cc2F)CC1=O,7.033389013318065,329.322,0.6644,1,3,0
3313835,CHEMBL1085596,IC50,=,93.0,nM,7.03,CHEMBL284,Dipeptidyl peptidase 4,CN1CCN(C(=O)CC(C)(C)NCC(=O)N2C[C@@H](F)C[C@H]2C#N)CC1,7.031517051446065,353.4420000000001,-0.0187199999999971,1,5,0
1985717,CHEMBL391047,IC50,=,93.0,nM,7.03,CHEMBL284,Dipeptidyl peptidase 4,N#Cc1ccccc1-c1cc(N2C[C@H](c3cc(F)c(F)cc3F)[C@@H](N)C2)ncn1,7.031517051446065,395.388,3.3636800000000013,1,5,0
2572473,CHEMBL480712,IC50,=,93.0,nM,7.03,CHEMBL284,Dipeptidyl peptidase 4,N#Cc1ccc(N2C[C@@H]3[C@H](C2)[C@H]3NCC(=O)N2CC(F)(F)C[C@H]2C#N)nc1,7.031517051446065,372.3790000000001,0.7372599999999996,1,6,0
11014679,CHEMBL2086590,IC50,=,93.0,nM,7.03,CHEMBL284,Dipeptidyl peptidase 4,NC(=O)[C@@H]1CCCN1C(=O)CCNC(=O)c1ccc(F)cc1,7.031517051446065,307.325,0.4218999999999998,2,3,0
19301481,CHEMBL4453917,IC50,=,93.2,nM,7.03,CHEMBL284,Dipeptidyl peptidase 4,CC#CCn1c(N2CCC[C@@H](N)C2)cc(=O)n(Cc2cccc(F)c2C(=O)OC)c1=O,7.030584087646019,428.46400000000017,0.9348,1,6,0
15249325,CHEMBL3425754,IC50,=,94.0,nM,7.03,CHEMBL284,Dipeptidyl peptidase 4,Cl.N[C@@H](CC(=O)N1CC[C@@H]2[C@@H](Cc3nnc(C(F)(F)F)n32)C1)Cc1cc(F)c(F)cc1F,7.026872146400302,483.8440000000001,3.041800000000002,1,4,0
2690369,CHEMBL562603,IC50,=,94.0,nM,7.03,CHEMBL284,Dipeptidyl peptidase 4,N[C@@H](CC(=O)N1CCC[C@H]1CNS(=O)(=O)c1cccc(F)c1)Cc1ccccc1F,7.026872146400302,437.5120000000001,2.1942000000000004,2,4,0
5237516,CHEMBL1682985,IC50,=,94.0,nM,7.03,CHEMBL284,Dipeptidyl peptidase 4,CN([C@H]1CC[C@H]([C@H](N)Cc2cc(F)ccc2F)CC1)S(=O)(=O)c1ccc(-c2csnn2)cc1,7.026872146400302,492.6170000000002,4.232600000000002,1,6,0
308225,CHEMBL22679,IC50,=,94.0,nM,7.03,CHEMBL284,Dipeptidyl peptidase 4,N[C@H](C(=O)N1CCCC1)[C@H]1CC[C@H](NC(=O)OCc2ccccc2)CC1,7.026872146400302,359.4700000000001,2.4213000000000005,2,4,0
13856374,CHEMBL3093910,IC50,=,94.0,nM,7.03,CHEMBL284,Dipeptidyl peptidase 4,N#C[C@@H]1C[C@H](F)CN1C(=O)[C@@H](N)Cc1ccc(OCc2ccccc2)cc1,7.026872146400302,367.4240000000001,2.5979800000000006,1,4,0
588540,CHEMBL355479,IC50,=,94.0,nM,7.03,CHEMBL284,Dipeptidyl peptidase 4,N[C@H](C(=O)N1CCCC1)[C@@H]1CC[C@@H](NC(=O)Nc2cccc3ccccc23)C1,7.026872146400302,380.49200000000013,3.0797000000000008,3,3,0
12044094,CHEMBL2147076,IC50,=,94.0,nM,7.03,CHEMBL284,Dipeptidyl peptidase 4,Cc1ccc2c(c1)c1nc(N3CCC[C@@H](N)C3)n(Cc3ccccc3Cl)c1c(=O)n2C.Cl,7.026872146400302,472.42,4.247620000000003,1,4,0
18662294,CHEMBL4250558,IC50,=,94.82,nM,7.02,CHEMBL284,Dipeptidyl peptidase 4,O=C(CNC(=O)C1CCCN(S(=O)(=O)c2ccccc2)C1)Nc1ccc(Cl)cc1,7.023100049017062,435.9330000000001,2.4956000000000005,2,4,0
149954,CHEMBL63726,IC50,=,95.0,nM,7.02,CHEMBL284,Dipeptidyl peptidase 4,NCCCC[C@H](N)C(=O)N1CCC[C@H]1B(O)O,7.022276394711152,243.116,-1.5542999999999976,4,5,0
1970043,CHEMBL232586,IC50,=,95.0,nM,7.02,CHEMBL284,Dipeptidyl peptidase 4,CC(C)(C)NCC(=O)N1CCC[C@H]1C(=O)c1noc(C2(C)CCCCC2)n1,7.022276394711152,376.5010000000002,2.8532,1,6,0
2572501,CHEMBL480155,IC50,=,95.0,nM,7.02,CHEMBL284,Dipeptidyl peptidase 4,N#C[C@@H]1C[C@H](F)CN1C(=O)CN[C@H]1[C@@H]2CN(c3ccc(C(N)=O)cc3)C[C@@H]21,7.022276394711152,371.41600000000017,0.2722800000000017,2,5,0
2572507,CHEMBL481669,IC50,=,95.0,nM,7.02,CHEMBL284,Dipeptidyl peptidase 4,N#Cc1ccc(N2C[C@@H]3[C@H](C2)[C@H]3NCC(=O)N2C[C@@H](F)C[C@H]2C#N)c(Cl)c1,7.022276394711152,387.8460000000001,1.69846,1,5,0
589781,CHEMBL352548,IC50,=,95.0,nM,7.02,CHEMBL284,Dipeptidyl peptidase 4,CS(=O)(=O)NCCS(=O)(=O)N[C@H]1CC[C@H]([C@H](N)C(=O)N2CCCC2)C1,7.022276394711152,396.5350000000003,-1.4265999999999954,3,6,0
2122462,CHEMBL401542,IC50,=,96.0,nM,7.02,CHEMBL284,Dipeptidyl peptidase 4,NCc1c(-c2ccccc2Cl)ccc2ncn(CCO)c12,7.017728766960431,301.7770000000001,2.807700000000001,2,3,0
2122459,CHEMBL263139,IC50,=,97.0,nM,7.01,CHEMBL284,Dipeptidyl peptidase 4,CCc1nc2ccc(-c3ccccc3Cl)c(CN)c2n1C,7.013228265733755,299.80500000000006,3.9148000000000023,1,2,0
1485985,CHEMBL190183,IC50,=,97.0,nM,7.01,CHEMBL284,Dipeptidyl peptidase 4,COc1cc2c(cc1OC)C(Cc1ccccc1)N(C(=O)C[C@H](N)C(=O)N1CCC[C@H]1C#N)CC2,7.013228265733755,476.5770000000004,2.60428,1,6,0
2122468,CHEMBL256625,IC50,=,98.0,nM,7.01,CHEMBL284,Dipeptidyl peptidase 4,Cc1ccccc1-c1ccc2ncn(C)c2c1CN,7.008773924307505,251.33299999999997,3.00742,1,2,0
1958901,CHEMBL388475,IC50,=,98.0,nM,7.01,CHEMBL284,Dipeptidyl peptidase 4,N[C@@H](CC(=O)N1CCn2c(nnc2C(F)(F)F)C1)Cc1ccccc1F,7.008773924307505,371.33800000000014,1.7382999999999993,1,4,0
335219,CHEMBL3084941,IC50,=,98.0,nM,7.01,CHEMBL284,Dipeptidyl peptidase 4,N[C@H](C(=O)N1CCCC1)[C@H]1CC[C@H](NS(=O)(=O)c2ccc(F)c(F)c2F)CC1,7.008773924307505,419.46900000000016,1.8906999999999992,2,4,0
5237512,CHEMBL1682981,IC50,=,99.0,nM,7.0,CHEMBL284,Dipeptidyl peptidase 4,CN([C@H]1CC[C@H]([C@H](N)Cc2cc(F)ccc2F)CC1)S(=O)(=O)c1cccc(C(N)=O)c1,7.00436480540245,451.5390000000002,2.8130000000000006,2,4,0
2171478,CHEMBL257795,IC50,=,99.0,nM,7.0,CHEMBL284,Dipeptidyl peptidase 4,CC#CCn1c(C(=O)NCc2nc(C)cc3ccccc23)cnc1N1CCCC(N)C1,7.00436480540245,416.5290000000002,2.62052,2,5,0
10991394,CHEMBL2069832,IC50,=,99.7,nM,7.0,CHEMBL284,Dipeptidyl peptidase 4,CC(=O)c1ccc(N2CCN(C(=O)C[C@H](N)Cc3cc(F)c(F)cc3F)CC2)cc1,7.001304841688344,419.44700000000006,2.9152000000000013,1,4,0
1496198,CHEMBL370240,IC50,=,100.0,nM,7.0,CHEMBL284,Dipeptidyl peptidase 4,C[C@@H](c1ccc(-c2ccccc2F)cc1)[C@H](N)C(=O)N1CC[C@H](F)C1.O=C(O)C(F)(F)F,7.0,458.4270000000002,4.127200000000002,2,3,0
11014695,CHEMBL2086606,IC50,=,100.0,nM,7.0,CHEMBL284,Dipeptidyl peptidase 4,NC(=O)[C@@H]1CCCN1C(=O)c1ccc(NC(=O)c2ccc(F)cc2)cc1,7.0,355.369,2.1678999999999995,2,3,0
497495,CHEMBL8916,IC50,>,100.0,ug.mL-1,,CHEMBL284,Dipeptidyl peptidase 4,Cc1cccc(C)c1N1C(=O)c2ccccc2C1=O,7.0,251.285,3.1040400000000012,0,2,0
1151872,CHEMBL89450,IC50,>,100.0,ug.mL-1,,CHEMBL284,Dipeptidyl peptidase 4,CSc1ccccc1N1C(=O)Cc2ccccc2C1=O,7.0,283.352,3.1380000000000017,0,3,0
1987825,CHEMBL235004,IC50,=,100.0,nM,7.0,CHEMBL284,Dipeptidyl peptidase 4,COc1cc([C@H]2CC[C@@H]([C@H](C(=O)N(C)C)[C@H](N)C(=O)N3CCC(F)(F)C3)CC2)nc(OC)n1,7.0,469.5330000000003,1.6669000000000005,1,7,0
15065874,CHEMBL3329624,IC50,=,100.0,nM,7.0,CHEMBL284,Dipeptidyl peptidase 4,N#Cc1ccccc1Cn1c(=O)oc2nccc(N3CCC[C@@H](N)C3)c21,7.0,349.3940000000002,1.83698,1,6,0
13394535,CHEMBL2408642,IC50,=,100.0,nM,7.0,CHEMBL284,Dipeptidyl peptidase 4,CC(C)=CCn1c(N2CCC3CNCC32)nc2c1c(=O)n(C)c(=O)n2C,7.0,358.44600000000014,0.198000000000001,1,5,0
1167924,CHEMBL315662,IC50,>,100.0,ug.mL-1,,CHEMBL284,Dipeptidyl peptidase 4,O=C1Cc2ccccc2C(=O)N1c1c(Cl)cccc1Cl,7.0,306.148,3.722900000000002,0,2,0
498638,CHEMBL277841,IC50,>,100.0,ug.mL-1,,CHEMBL284,Dipeptidyl peptidase 4,Cc1cccc(C)c1N1C(=O)c2cccc(O)c2C1=O,7.0,267.284,2.8096400000000012,1,3,0
1153110,CHEMBL86373,IC50,>,100.0,ug.mL-1,,CHEMBL284,Dipeptidyl peptidase 4,CC(C)c1ccccc1N1C(=O)Cc2ccccc2C1=O,7.0,279.339,3.539500000000002,0,2,0
1167922,CHEMBL315938,IC50,>,100.0,ug.mL-1,,CHEMBL284,Dipeptidyl peptidase 4,CC(C)c1cccc(C(C)C)c1N1C(=O)Cc2ccccc2C1=O,7.0,321.42,4.662900000000004,0,2,0
1163851,CHEMBL316290,IC50,>,100.0,ug.mL-1,,CHEMBL284,Dipeptidyl peptidase 4,CC(C)c1ccc(N2C(=O)Cc3ccccc3C2=O)cc1,7.0,279.33899999999994,3.539500000000002,0,2,0
507333,CHEMBL91130,IC50,>,100.0,ug.mL-1,,CHEMBL284,Dipeptidyl peptidase 4,CC(C)c1cccc(C(C)C)c1N1C(=O)c2ccc([N+](=O)[O-])cc2C1=O,7.0,352.39000000000004,4.642200000000004,0,4,0
1178240,CHEMBL86597,IC50,>,100.0,ug.mL-1,,CHEMBL284,Dipeptidyl peptidase 4,CCc1cccc(CC)c1N1C(=O)c2ccccc2C1=O,7.0,279.339,3.612000000000003,0,2,0
483596,CHEMBL153236,IC50,>,100.0,ug.mL-1,,CHEMBL284,Dipeptidyl peptidase 4,CSc1ccccc1N1C(=O)c2cccc([N+](=O)[O-])c2C1=O,7.0,314.32200000000006,3.117300000000002,0,5,0
499970,CHEMBL90616,IC50,>,100.0,ug.mL-1,,CHEMBL284,Dipeptidyl peptidase 4,CC(C)c1cccc(C(C)C)c1N1C(=O)c2cccc([N+](=O)[O-])c2C1=O,7.0,352.3900000000001,4.642200000000004,0,4,0
729422,CHEMBL37289,IC50,=,100.0,nM,7.0,CHEMBL284,Dipeptidyl peptidase 4,COc1ccc(-c2nc(N)c(CN)c(-c3ccc(Cl)cc3Cl)n2)cc1,7.0,375.25900000000007,4.166900000000002,2,5,0
1158308,CHEMBL308333,IC50,>,100.0,ug.mL-1,,CHEMBL284,Dipeptidyl peptidase 4,CCCCC[C@H](CC(=O)NO)C(=O)N[C@H](C(=O)N1CCC[C@H]1CO)C(C)C,7.0,385.5050000000002,1.2025000000000012,4,5,0
2462037,CHEMBL452290,IC50,=,100.0,nM,7.0,CHEMBL284,Dipeptidyl peptidase 4,C[C@@H](c1ccc(-c2cccc(C(N)=O)c2)cc1)[C@H](N)C(=O)N1CC[C@H](F)C1,7.0,369.44000000000017,2.4537000000000004,2,3,0
499995,CHEMBL29292,IC50,>,100.0,ug.mL-1,,CHEMBL284,Dipeptidyl peptidase 4,CC(C)C[C@H](NC(=O)[C@@H](O)[C@H](N)Cc1ccccc1)C(=O)O,7.0,308.37800000000004,0.5328000000000004,4,4,0
504870,CHEMBL89081,IC50,>,100.0,ug.mL-1,,CHEMBL284,Dipeptidyl peptidase 4,CC(C)c1cccc(C(C)C)c1N1C(=O)c2ccccc2C1=O,7.0,307.39300000000003,4.734000000000004,0,2,0
501288,CHEMBL113918,IC50,>,100.0,ug.mL-1,,CHEMBL284,Dipeptidyl peptidase 4,Cc1cccc(C)c1N1C(=O)c2ccc([N+](=O)[O-])cc2C1=O,7.0,296.28200000000004,3.012240000000001,0,4,0
18357659,CHEMBL4173013,IC50,>,100.0,nM,,CHEMBL284,Dipeptidyl peptidase 4,CN(C)c1ccc(C#N)c(Cn2c(N3CCC[C@@H](N)C3)nc3cc[nH]c3c2=O)c1,7.0,391.4790000000001,1.6380799999999995,2,6,0
1496348,CHEMBL192421,IC50,=,100.0,nM,7.0,CHEMBL284,Dipeptidyl peptidase 4,C[C@@H](c1ccc(-c2cccc(C(N)=O)c2)cc1)[C@H](N)C(=O)N1CC[C@H](F)C1.O=C(O)C(F)(F)F,7.0,483.4620000000002,3.0870000000000006,3,4,0
5237520,CHEMBL1683089,IC50,=,100.0,nM,7.0,CHEMBL284,Dipeptidyl peptidase 4,CC(=O)Nc1nc(C)c(S(=O)(=O)N(C)[C@H]2CC[C@H]([C@H](N)Cc3cc(F)ccc3F)CC2)s1,7.0,486.61000000000024,3.4374200000000013,2,6,0
1155832,CHEMBL442758,IC50,>,100.0,ug.mL-1,,CHEMBL284,Dipeptidyl peptidase 4,Cc1ccc(C)c(N2C(=O)Cc3ccccc3C2=O)c1,7.0,265.312,3.0329400000000017,0,2,0
1480193,CHEMBL370509,IC50,=,100.0,nM,7.0,CHEMBL284,Dipeptidyl peptidase 4,CN(C)C(=O)[C@@H](c1ccc(-c2ccc(F)cc2)cc1)[C@H](N)C(=O)N1CCC1.O=C(O)C(F)(F)F,7.0,483.4620000000002,2.857400000000001,2,4,0
491846,CHEMBL152529,IC50,>,100.0,ug.mL-1,,CHEMBL284,Dipeptidyl peptidase 4,Cc1cccc(C)c1N1C(=O)c2cccc([N+](=O)[O-])c2C1=O,7.0,296.2820000000001,3.012240000000002,0,4,0
2045021,CHEMBL248743,IC50,=,100.0,nM,7.0,CHEMBL284,Dipeptidyl peptidase 4,N[C@@H](CC(=O)N1CCn2ncnc2C1)Cc1cc(F)c(F)cc1F,7.0,339.321,0.9976999999999996,1,4,0
1170424,CHEMBL88645,IC50,>,100.0,ug.mL-1,,CHEMBL284,Dipeptidyl peptidase 4,CCc1cccc(CC)c1N1C(=O)Cc2ccccc2C1=O,7.0,293.36600000000004,3.5409000000000024,0,2,0
1144336,CHEMBL91366,IC50,>,100.0,ug.mL-1,,CHEMBL284,Dipeptidyl peptidase 4,Cc1cccc(C)c1N1C(=O)Cc2ccccc2C1=O,7.0,265.312,3.0329400000000017,0,2,0
1149476,CHEMBL87161,IC50,>,100.0,ug.mL-1,,CHEMBL284,Dipeptidyl peptidase 4,CCc1ccccc1N1C(=O)Cc2ccccc2C1=O,7.0,265.31199999999995,2.9785000000000013,0,2,0
15249324,CHEMBL3425753,IC50,=,100.0,nM,7.0,CHEMBL284,Dipeptidyl peptidase 4,Cc1nnc(C(F)(F)F)n1C1CCN(C(=O)C[C@H](N)Cc2cc(F)c(F)cc2F)CC1.Cl,7.0,485.8600000000002,3.568020000000002,1,4,0
1148261,CHEMBL432044,IC50,>,100.0,ug.mL-1,,CHEMBL284,Dipeptidyl peptidase 4,O=C1Cc2ccccc2C(=O)N1c1ccccc1,7.0,237.258,2.4161,0,2,0
1157155,CHEMBL89026,IC50,>,100.0,ug.mL-1,,CHEMBL284,Dipeptidyl peptidase 4,Cc1cccc(N2C(=O)Cc3ccccc3C2=O)c1C,7.0,265.312,3.0329400000000017,0,2,0
1177016,CHEMBL8783,IC50,>,100.0,ug.mL-1,,CHEMBL284,Dipeptidyl peptidase 4,Cc1cc(C)cc(N2C(=O)Cc3ccccc3C2=O)c1,7.0,265.31199999999995,3.0329400000000017,0,2,0
5237543,CHEMBL1683112,IC50,=,100.0,nM,7.0,CHEMBL284,Dipeptidyl peptidase 4,CC(=O)N(CCCC(F)(F)F)[C@H]1CC[C@H]([C@H](N)Cc2cc(F)ccc2F)CC1,7.0,406.43900000000014,4.584400000000004,1,2,0
1171540,CHEMBL88338,IC50,>,100.0,ug.mL-1,,CHEMBL284,Dipeptidyl peptidase 4,CCc1cccc(CC)c1N1C(=O)c2ccc([N+](=O)[O-])cc2C1=O,7.0,324.33600000000007,3.5202000000000027,0,4,0
1150719,CHEMBL88811,IC50,>,100.0,ug.mL-1,,CHEMBL284,Dipeptidyl peptidase 4,COc1ccccc1N1C(=O)Cc2ccccc2C1=O,7.0,267.284,2.4247000000000005,0,3,0
1144338,CHEMBL89630,IC50,>,100.0,ug.mL-1,,CHEMBL284,Dipeptidyl peptidase 4,Cc1ccc(N2C(=O)Cc3ccccc3C2=O)c(C)c1,7.0,265.312,3.0329400000000017,0,2,0
18357658,CHEMBL4165788,IC50,>,100.0,nM,,CHEMBL284,Dipeptidyl peptidase 4,N#Cc1ccc(N2CCOCC2)cc1Cn1c(N2CCC[C@@H](N)C2)nc2cc[nH]c2c1=O,7.0,433.5160000000002,1.4086799999999997,2,7,0
2609335,CHEMBL474960,IC50,=,101.0,nM,7.0,CHEMBL284,Dipeptidyl peptidase 4,COc1ccc([C@H]2C[C@@H]2NC(=O)CC(C)(C)NCC(=O)N2CCC[C@H]2C#N)cc1OC,6.995678626217358,428.53300000000024,1.94878,2,6,0
10991397,CHEMBL2069835,IC50,=,101.0,nM,7.0,CHEMBL284,Dipeptidyl peptidase 4,N#Cc1ccc(N2CCN(C(=O)C[C@H](N)Cc3cc(F)c(F)cc3F)CC2)cc1,6.995678626217358,402.4200000000001,2.584280000000001,1,4,0
5236283,CHEMBL1683479,IC50,=,101.0,nM,7.0,CHEMBL284,Dipeptidyl peptidase 4,CCOC(=O)CNC(=O)C1SCCN1C(=O)C[C@H](N)Cc1cc(F)c(F)cc1F.Cl,6.995678626217358,469.9130000000002,1.3664000000000005,2,6,0
862264,CHEMBL318775,IC50,=,102.0,nM,6.99,CHEMBL284,Dipeptidyl peptidase 4,N#Cc1ccc(NCCCNCC(=O)N2CCC[C@H]2C#N)nc1,6.991399828238082,312.37699999999995,0.8594599999999992,2,6,0
2122461,CHEMBL403156,IC50,=,102.0,nM,6.99,CHEMBL284,Dipeptidyl peptidase 4,NCc1c(-c2ccccc2Cl)ccc2ncn(Cc3ccccc3)c12,6.991399828238082,347.8490000000001,4.863700000000002,1,2,0
1412213,CHEMBL559011,IC50,=,103.0,nM,6.99,CHEMBL284,Dipeptidyl peptidase 4,Cl.N[C@@H](CC(=O)N1CCn2c(nnc2C(F)(F)C(F)(F)F)C1)Cc1cc(F)ccc1F,6.987162775294828,475.7960000000001,2.9345000000000017,1,4,0
10991398,CHEMBL2069836,IC50,=,103.0,nM,6.99,CHEMBL284,Dipeptidyl peptidase 4,COc1cc(CN2CCN(C(=O)C[C@H](N)Cc3cc(F)c(F)cc3F)CC2)cc(OC)c1,6.987162775294828,451.4890000000002,2.7254000000000005,1,5,0
3603857,CHEMBL1287874,IC50,=,103.0,nM,6.99,CHEMBL284,Dipeptidyl peptidase 4,Cl.Cn1cnc2cc(N3CCC[C@@](C)(N)C3)n(Cc3cc(F)ccc3Cl)c2c1=O,6.987162775294828,440.35000000000014,3.3152000000000017,1,4,0
12044074,CHEMBL2147087,IC50,=,103.0,nM,6.99,CHEMBL284,Dipeptidyl peptidase 4,Cl.Cn1c(=O)c2c(nc(N3CCC[C@@H](N)C3)n2Cc2ccccc2Cl)c2ccccc21,6.987162775294828,458.39300000000014,3.9392000000000023,1,4,0
845176,CHEMBL92028,IC50,=,104.0,nM,6.98,CHEMBL284,Dipeptidyl peptidase 4,N#C[C@@H]1CCCN1C(=O)CNC1(CO)CCCCC1,6.982966660701219,265.35699999999997,0.7857799999999994,2,4,0
1717949,CHEMBL379522,IC50,=,104.0,nM,6.98,CHEMBL284,Dipeptidyl peptidase 4,N#C[C@@H]1CC[C@H](C#N)N1C(=O)CNC1(CO)CCCC1,6.982966660701219,276.34000000000003,0.2878599999999993,2,5,0
11014691,CHEMBL2086602,IC50,=,104.0,nM,6.98,CHEMBL284,Dipeptidyl peptidase 4,NC(=O)[C@@H]1CCCN1C(=O)CCCNC(=O)c1ccc(-c2ccccc2)cc1,6.982966660701219,379.46,2.339899999999999,2,3,0
830767,CHEMBL94908,IC50,=,105.0,nM,6.98,CHEMBL284,Dipeptidyl peptidase 4,CCC(C)(C)NCC(=O)N1CCC[C@H]1C#N,6.978810700930062,223.31999999999996,1.2791799999999998,1,3,0
2697713,CHEMBL539691,IC50,=,105.0,nM,6.98,CHEMBL284,Dipeptidyl peptidase 4,Cl.N#C[C@@H]1CS[C@H]2C[C@@H](N)C(=O)N12,6.978810700930062,219.69699999999995,-0.0671199999999999,1,4,0
1717948,CHEMBL207980,IC50,=,106.0,nM,6.97,CHEMBL284,Dipeptidyl peptidase 4,N#C[C@@H]1CC[C@H](C#N)N1C(=O)CNC12CC3CC(CC(C3)C1)C2,6.97469413473523,312.41700000000014,1.951559999999999,1,4,0
17657792,CHEMBL3650434,IC50,=,106.0,nM,6.97,CHEMBL284,Dipeptidyl peptidase 4,Cn1c2ncnc-2c(N2CCC[C@@H](N)C2)n(Cc2ccccc2C#N)c1=O,6.97469413473523,363.42500000000007,0.9290799999999996,1,6,0
2171479,CHEMBL401972,IC50,=,107.0,nM,6.97,CHEMBL284,Dipeptidyl peptidase 4,CC#CCn1c(C(=O)NCc2cccc3ccccc23)cnc1N1CCCC(N)C1,6.97061622231479,401.51400000000024,2.9171000000000005,2,4,0
2462040,CHEMBL472123,IC50,=,107.0,nM,6.97,CHEMBL284,Dipeptidyl peptidase 4,N[C@H](Cc1cc(F)ccc1F)c1ccc(-c2ccncc2Cl)cc1,6.97061622231479,344.79200000000003,4.9227000000000025,1,2,0
11014683,CHEMBL2086594,IC50,=,107.0,nM,6.97,CHEMBL284,Dipeptidyl peptidase 4,NC(=O)[C@@H]1CCCN1C(=O)CCNC(=O)c1ccc(-c2ccccc2)cc1,6.97061622231479,365.4330000000001,1.949799999999999,2,3,0
15249320,CHEMBL3425750,IC50,=,108.0,nM,6.97,CHEMBL284,Dipeptidyl peptidase 4,CCc1nnc2n1[C@@H]1CCN(C(=O)C[C@H](N)Cc3cc(F)c(F)cc3F)C[C@H]1CC2,6.966576244513051,421.4670000000001,2.553700000000001,1,4,0
1450941,CHEMBL186610,IC50,=,108.0,nM,6.97,CHEMBL284,Dipeptidyl peptidase 4,N[C@@H](CC(=O)N1CCOC[C@H]1Cc1ccccc1)Cc1ccccc1F,6.966576244513051,356.4410000000001,2.5557000000000007,1,3,0
2572503,CHEMBL480914,IC50,=,109.0,nM,6.96,CHEMBL284,Dipeptidyl peptidase 4,CC(=O)c1ccc(N2C[C@@H]3[C@H](C2)[C@H]3NCC(=O)N2C[C@@H](F)C[C@H]2C#N)cc1,6.962573502059376,370.4280000000001,1.3759799999999998,1,5,0
1727613,CHEMBL379261,IC50,=,109.0,nM,6.96,CHEMBL284,Dipeptidyl peptidase 4,O=C([C@@H]1CN[C@H](C(=O)N2CCCC2)C1)N1Cc2ccccc2C1,6.962573502059376,313.401,1.1292999999999995,1,3,0
2697719,CHEMBL561462,IC50,=,109.0,nM,6.96,CHEMBL284,Dipeptidyl peptidase 4,Cl.N#C[C@@H]1CS[C@H]2C[C@](N)(Cc3ccccc3)C(=O)N12,6.962573502059376,309.822,1.5457800000000002,1,4,0
15065886,CHEMBL3329636,IC50,=,110.0,nM,6.96,CHEMBL284,Dipeptidyl peptidase 4,Cn1c(=O)n(Cc2ccccc2Cl)c2c(N3CCC[C@@H](N)C3)ccnc21,6.958607314841775,371.8720000000002,2.3641999999999994,1,4,0
2572509,CHEMBL479567,IC50,=,110.0,nM,6.96,CHEMBL284,Dipeptidyl peptidase 4,N#Cc1ccc(N2C[C@@H]3[C@H](C2)[C@H]3NCC(=O)N2C[C@@H](F)C[C@H]2C#N)cc1F,6.958607314841775,371.3910000000001,1.18416,1,5,0
556905,CHEMBL169962,IC50,=,110.0,nM,6.96,CHEMBL284,Dipeptidyl peptidase 4,N[C@H](C(=O)N1CCCC1)[C@@H]1CC[C@@H](NS(=O)(=O)c2ccc(C(=O)O)cc2)C1,6.958607314841775,395.48100000000017,0.7815000000000005,3,5,0
7962686,CHEMBL1929395,IC50,=,110.0,nM,6.96,CHEMBL284,Dipeptidyl peptidase 4,Cc1cc2nc(C)c(C(=O)NCC(C)(C)NCC(=O)N3CCC[C@H]3C#N)c(C)n2n1.Cl,6.958607314841775,447.9710000000002,1.6889399999999997,2,6,0
565044,CHEMBL354576,IC50,=,110.0,nM,6.96,CHEMBL284,Dipeptidyl peptidase 4,N[C@H](C(=O)N1CCCC1)[C@H]1CC[C@@H](NC(=O)Nc2cccc3ccccc23)C1,6.958607314841775,380.49200000000013,3.0797000000000008,3,3,0
2462041,CHEMBL442673,IC50,=,110.0,nM,6.96,CHEMBL284,Dipeptidyl peptidase 4,C[C@@H](c1ccc(-c2ccncc2)cc1)[C@H](N)C(=O)N1CC[C@H](F)C1,6.958607314841775,327.4030000000001,2.7498000000000005,1,3,0
5237542,CHEMBL1683111,IC50,=,110.0,nM,6.96,CHEMBL284,Dipeptidyl peptidase 4,CC(=O)N(Cc1ccccc1)[C@H]1CC[C@H]([C@H](N)Cc2cc(F)ccc2F)CC1,6.958607314841775,386.4860000000001,4.4421000000000035,1,2,0
5237538,CHEMBL1683107,IC50,=,110.0,nM,6.96,CHEMBL284,Dipeptidyl peptidase 4,CN(C(=O)c1c[nH]c2ccccc12)[C@H]1CC[C@H]([C@H](N)Cc2cc(F)ccc2F)CC1,6.958607314841775,411.4960000000002,4.646900000000004,2,2,0
2130865,CHEMBL409010,IC50,=,110.0,nM,6.96,CHEMBL284,Dipeptidyl peptidase 4,C[C@H]1N[C@H](C(=O)N2CCC[C@H]2C#N)C[C@H]1C(=O)N(C)C,6.958607314841775,278.35600000000005,-0.0442199999999992,1,4,0
1519565,CHEMBL197413,IC50,=,110.0,nM,6.96,CHEMBL284,Dipeptidyl peptidase 4,N[C@@H](CC(=O)N1CCc2n[nH]c(C(F)(F)F)c2C1)Cc1cc(F)ccc1F,6.958607314841775,388.3400000000001,2.5515000000000008,2,3,0
27811430,CHEMBL5829004,IC50,=,110.0,nM,6.96,CHEMBL284,Dipeptidyl peptidase 4,NC1Cc2c(ccc3ccccc23)OC1c1cc(F)c(F)cc1F,6.958607314841775,329.32099999999997,4.260600000000002,1,2,0
706252,CHEMBL23924,IC50,=,110.0,nM,6.96,CHEMBL284,Dipeptidyl peptidase 4,N[C@H](C(=O)N1CC[C@@H](F)C1)[C@H]1CC[C@H](NC(=O)c2ccc(F)c(F)c2)CC1,6.958607314841775,383.4140000000001,2.1510999999999996,2,3,0
1496206,CHEMBL365953,IC50,=,110.0,nM,6.96,CHEMBL284,Dipeptidyl peptidase 4,COc1ccccc1-c1ccc([C@H](C)[C@H](N)C(=O)N2CC[C@H](F)C2)cc1.O=C(O)C(F)(F)F,6.958607314841775,470.46300000000014,3.9967000000000015,2,4,0
2047442,CHEMBL248810,IC50,=,110.0,nM,6.96,CHEMBL284,Dipeptidyl peptidase 4,Cn1c(C(F)(F)F)nc2c1CCN(C(=O)C[C@H](N)Cc1cc(F)c(F)cc1F)C2C1CC1,6.958607314841775,460.4220000000002,3.6521000000000026,1,3,0
583468,CHEMBL352402,IC50,=,110.0,nM,6.96,CHEMBL284,Dipeptidyl peptidase 4,N[C@H](C(=O)N1CCCC1)[C@@H]1CC[C@@H](OC(=O)Nc2ccc(I)cc2)C1,6.958607314841775,457.31200000000007,2.958100000000001,2,4,0
1496186,CHEMBL195205,IC50,=,110.0,nM,6.96,CHEMBL284,Dipeptidyl peptidase 4,C[C@@H](c1ccc(-c2cccnc2)cc1)[C@H](N)C(=O)N1CC[C@H](F)C1.O=C(O)C(F)(F)F,6.958607314841775,441.4250000000002,3.3831000000000007,2,4,0
5237568,CHEMBL1683136,IC50,=,110.0,nM,6.96,CHEMBL284,Dipeptidyl peptidase 4,N[C@H](Cc1cc(F)ccc1F)C1CCN(c2ccc(F)nc2)CC1,6.958607314841775,335.37300000000005,3.285300000000002,1,3,0
579989,CHEMBL171733,IC50,=,110.0,nM,6.96,CHEMBL284,Dipeptidyl peptidase 4,N[C@H](C(=O)N1CCCC1)[C@H]1CCC[C@@H](OC(=O)Nc2ccc(I)cc2)C1,6.958607314841775,471.33900000000006,3.348200000000001,2,4,0
5237521,CHEMBL1683090,IC50,=,110.0,nM,6.96,CHEMBL284,Dipeptidyl peptidase 4,CN([C@H]1CC[C@H]([C@H](N)Cc2cc(F)ccc2F)CC1)S(=O)(=O)c1cccnc1,6.958607314841775,409.5020000000001,3.1091000000000015,1,4,0
5237507,CHEMBL1682976,IC50,=,110.0,nM,6.96,CHEMBL284,Dipeptidyl peptidase 4,CN([C@H]1CC[C@H]([C@H](N)Cc2cc(F)ccc2F)CC1)S(=O)(=O)c1ccccc1C(F)(F)F,6.958607314841775,476.51100000000014,4.732900000000003,1,3,0
1496190,CHEMBL371846,IC50,=,110.0,nM,6.96,CHEMBL284,Dipeptidyl peptidase 4,C[C@@H](c1ccc(-c2ccncc2)cc1)[C@H](N)C(=O)N1CC[C@H](F)C1.O=C(O)C(F)(F)F,6.958607314841775,441.4250000000001,3.3831000000000007,2,4,0
5237564,CHEMBL1683132,IC50,=,110.0,nM,6.96,CHEMBL284,Dipeptidyl peptidase 4,N[C@H](Cc1cc(F)ccc1F)C1CCN(c2cccnc2)CC1,6.958607314841775,317.38300000000004,3.146200000000002,1,3,0
5237532,CHEMBL1683101,IC50,=,110.0,nM,6.96,CHEMBL284,Dipeptidyl peptidase 4,CN(C(=O)C(C)(C)C)[C@H]1CC[C@H]([C@H](N)Cc2cc(F)ccc2F)CC1,6.958607314841775,352.46900000000005,3.8979000000000026,1,2,0
2252401,CHEMBL380860,IC50,=,110.0,nM,6.96,CHEMBL284,Dipeptidyl peptidase 4,N[C@H](C(=O)N1CC(F)(F)C(F)(F)C1)C1CCCCC1,6.958607314841775,282.281,2.0068,1,2,0
1793037,CHEMBL554090,IC50,=,110.0,nM,6.96,CHEMBL284,Dipeptidyl peptidase 4,C[C@H](CCc1ccc(C(N)=O)cc1)NCC(=O)c1ccsc1,6.958607314841775,316.426,2.640600000000001,2,4,0
1479876,CHEMBL191208,IC50,=,110.0,nM,6.96,CHEMBL284,Dipeptidyl peptidase 4,NC(=O)[C@@H](c1ccc(-c2ccc(F)cc2)cc1)[C@H](N)C(=O)N1CC[C@H](F)C1.O=C(O)C(F)(F)F,6.958607314841775,487.42500000000024,2.5926,3,4,0
571351,CHEMBL354936,IC50,=,110.0,nM,6.96,CHEMBL284,Dipeptidyl peptidase 4,CN(C)S(=O)(=O)c1ccc(S(=O)(=O)N[C@H]2CC[C@H]([C@H](N)C(=O)N3CCCC3)C2)cc1,6.958607314841775,458.6060000000004,0.3336000000000023,2,6,0
16763213,CHEMBL3926320,IC50,=,110.1,nM,6.96,CHEMBL284,Dipeptidyl peptidase 4,N[C@@H]1Cc2c(ccc3ccccc23)O[C@H]1c1cc(F)c(F)cc1F,6.9582126810282485,329.32099999999997,4.260600000000002,1,2,0
14579410,CHEMBL3236125,IC50,=,111.0,nM,6.96,CHEMBL284,Dipeptidyl peptidase 4,NC[C@H]1CN(c2ccc3nc(C(F)(F)F)nn3n2)C(=O)C[C@@H]1c1cc(F)c(F)cc1F,6.954677021213342,444.3390000000001,2.655800000000001,1,5,0
1905817,CHEMBL230342,IC50,=,111.0,nM,6.96,CHEMBL284,Dipeptidyl peptidase 4,N[C@H]1CN(c2cccc(C(F)(F)F)n2)CC[C@@H]1c1cc(F)c(F)cc1F.O=C(O)C(F)(F)F,6.954677021213342,489.338,4.472200000000003,2,4,0
25050570,CHEMBL5274711,IC50,=,112.0,nM,6.95,CHEMBL284,Dipeptidyl peptidase 4,Cc1c(-c2c(S(=O)(=O)c3ccccc3)cnc3ncnn23)c(=O)n(-c2ccccc2)n1C,6.950781977329818,446.49200000000013,2.42192,0,6,0
1855510,CHEMBL223865,IC50,=,112.0,nM,6.95,CHEMBL284,Dipeptidyl peptidase 4,O=C([C@@H]1C[C@H](N2CCCc3ccccc32)CN1)N1CCSC1,6.950781977329818,317.45800000000014,1.7026,1,4,0
10991422,CHEMBL2069859,IC50,=,113.9,nM,6.94,CHEMBL284,Dipeptidyl peptidase 4,N[C@@H](CC(=O)N1CCN(C(=O)c2cccc(F)n2)CC1)Cc1cc(F)c(F)cc1F,6.9434762759209,424.3980000000002,1.8825000000000005,1,4,0
1450935,CHEMBL185067,IC50,=,114.0,nM,6.94,CHEMBL284,Dipeptidyl peptidase 4,NC(=O)CN1CCN(C(=O)C[C@H](N)Cc2ccccc2F)[C@H](Cc2ccccc2)C1,6.943095148663527,412.5090000000001,1.3264000000000022,2,4,0
1792892,CHEMBL217198,IC50,=,116.0,nM,6.94,CHEMBL284,Dipeptidyl peptidase 4,COc1ccc(NC(=O)CC(C)(C)NCC(=O)N2CCC[C@H]2C#N)cc1OC,6.935542010773082,388.4680000000002,1.9151799999999997,2,6,0
29231838,CHEMBL6162868,IC50,=,116.0,nM,6.94,CHEMBL284,Dipeptidyl peptidase 4,CC1=C(C(=O)O)C(c2ccc(F)c(F)c2)N=C(N)N1C(=O)CN1CCn2c(nnc2C(F)(F)F)C1,6.935542010773082,499.4000000000002,1.6474999999999995,2,7,0
1669246,CHEMBL200103,IC50,=,116.0,nM,6.94,CHEMBL284,Dipeptidyl peptidase 4,N#C[C@@H]1CCCN1C(=O)CNCCC(=O)N1CCc2ccccc2C1,6.935542010773082,340.4270000000001,1.06558,1,4,0
1488477,CHEMBL191577,IC50,=,116.0,nM,6.94,CHEMBL284,Dipeptidyl peptidase 4,COc1ccc(CCNC(=O)C[C@H](N)C(=O)N2CCC[C@H]2C#N)cc1OC,6.935542010773082,374.44100000000014,0.5944800000000017,2,6,0
6203098,CHEMBL1779692,IC50,=,116.0,nM,6.94,CHEMBL284,Dipeptidyl peptidase 4,N[C@@H](CC(=O)N1CCN(CCN2CCOCC2)C(=O)C1)Cc1cc(F)c(F)cc1F,6.935542010773082,428.4550000000001,0.3668000000000031,1,5,0
11014699,CHEMBL2086610,IC50,=,116.0,nM,6.94,CHEMBL284,Dipeptidyl peptidase 4,NC(=O)[C@@H]1CCCN1C(=O)c1ccc(NC(=O)c2ccc(-c3ccccc3)cc2)cc1,6.935542010773082,413.4770000000001,3.695800000000002,2,3,0
2572490,CHEMBL480942,IC50,=,118.0,nM,6.93,CHEMBL284,Dipeptidyl peptidase 4,N#Cc1cc(F)cc(N2C[C@@H]3[C@H](C2)[C@H]3NCC(=O)N2C[C@@H](F)C[C@H]2C#N)c1,6.928117992693875,371.3910000000001,1.1841599999999997,1,5,0
1792912,CHEMBL218026,IC50,=,118.0,nM,6.93,CHEMBL284,Dipeptidyl peptidase 4,CC(C)(CC(=O)NCCc1ccccn1)NCC(=O)N1CCC[C@H]1C#N,6.928117992693875,357.4580000000002,1.0131800000000006,2,5,0
2697723,CHEMBL556219,IC50,=,118.0,nM,6.93,CHEMBL284,Dipeptidyl peptidase 4,Cl.N#C[C@@H]1CS[C@H]2C[C@](N)(CC3CCCCC3)C(=O)N12,6.928117992693875,315.87000000000006,2.27348,1,4,0
17652374,CHEMBL3644454,IC50,=,119.0,nM,6.92,CHEMBL284,Dipeptidyl peptidase 4,N[C@H]1C[C@@H](N2Cc3c[nH]nc3C2)CS(=O)(=O)C1c1cc(F)cc(F)c1F,6.924453038607469,386.399,1.3983,2,5,0
1450410,CHEMBL363319,IC50,=,119.0,nM,6.92,CHEMBL284,Dipeptidyl peptidase 4,N[C@@H](CC(=O)N1CCSC1)Cc1cc(F)c(F)cc1F,6.924453038607469,304.337,1.8967,1,3,0
14579400,CHEMBL3236115,IC50,=,119.0,nM,6.92,CHEMBL284,Dipeptidyl peptidase 4,NC[C@H]1CN(CCc2ccccc2)C(=O)C[C@@H]1c1cc(F)ccc1F,6.924453038607469,344.40500000000003,3.098300000000001,1,2,0
14579408,CHEMBL3236123,IC50,=,119.0,nM,6.92,CHEMBL284,Dipeptidyl peptidase 4,Cc1cc2ncc(N3C[C@H](CN)[C@@H](c4cc(F)c(F)cc4F)CC3=O)c(C)n2n1,6.924453038607469,403.4080000000002,2.8588400000000007,1,4,0
1669234,CHEMBL201158,IC50,=,119.0,nM,6.92,CHEMBL284,Dipeptidyl peptidase 4,CC(C)(NC(=O)CCNCC(=O)N1CCC[C@H]1C#N)c1ccccc1,6.924453038607469,342.443,1.5321800000000003,2,4,0
1985698,CHEMBL399207,IC50,=,120.0,nM,6.92,CHEMBL284,Dipeptidyl peptidase 4,N[C@H]1CN(c2cc(-c3cccc([N+](=O)[O-])c3)ncn2)C[C@@H]1c1cc(F)c(F)cc1F,6.920818753952375,415.3750000000001,3.4002000000000026,1,6,0
2462046,CHEMBL488678,IC50,=,120.0,nM,6.92,CHEMBL284,Dipeptidyl peptidase 4,N[C@@H](CC(=O)N1CCn2c(nnc2C(F)(F)F)C1)CN1CCCCC1=O,6.920818753952375,374.3670000000003,0.3689999999999995,1,5,0
18662276,CHEMBL151,IC50,=,120.0,nM,6.92,CHEMBL284,Dipeptidyl peptidase 4,O=c1cc(-c2ccc(O)c(O)c2)oc2cc(O)cc(O)c12,6.920818753952375,286.23900000000003,2.2824000000000004,4,6,0
2462048,CHEMBL510073,IC50,=,120.0,nM,6.92,CHEMBL284,Dipeptidyl peptidase 4,N[C@@H](CC(=O)N1CCCNC(=O)[C@H]1CC(F)(F)F)CN1CCCCC1=O,6.920818753952375,378.39500000000027,0.3858000000000001,2,4,0
1496066,CHEMBL191933,IC50,=,120.0,nM,6.92,CHEMBL284,Dipeptidyl peptidase 4,C[C@@H](c1ccc(-c2ccccc2)cc1)[C@H](N)C(=O)N1CC[C@H](F)C1.O=C(O)C(F)(F)F,6.920818753952375,440.4370000000002,3.988100000000002,2,3,0
2993844,CHEMBL584276,IC50,=,120.0,nM,6.92,CHEMBL284,Dipeptidyl peptidase 4,N[C@@H](CCN1CCC[C@H]1c1nnc(-c2ccccc2)o1)Cc1ccccc1F,6.920818753952375,380.46700000000016,3.9727000000000032,1,5,0
13960738,CHEMBL3127991,IC50,=,120.0,nM,6.92,CHEMBL284,Dipeptidyl peptidase 4,N#C[C@@H]1C[C@H](F)CN1C(=O)[C@@H](N)Cc1csc(-c2cccs2)n1,6.920818753952375,350.444,2.2039800000000005,1,6,0
5237537,CHEMBL1683106,IC50,=,120.0,nM,6.92,CHEMBL284,Dipeptidyl peptidase 4,CN(C(=O)c1ccno1)[C@H]1CC[C@H]([C@H](N)Cc2cc(F)ccc2F)CC1,6.920818753952375,363.4080000000001,3.1536000000000017,1,4,0
5237536,CHEMBL1683105,IC50,=,120.0,nM,6.92,CHEMBL284,Dipeptidyl peptidase 4,CN(C(=O)c1csnn1)[C@H]1CC[C@H]([C@H](N)Cc2cc(F)ccc2F)CC1,6.920818753952375,380.4640000000001,3.017100000000001,1,5,0
1985704,CHEMBL391251,IC50,=,120.0,nM,6.92,CHEMBL284,Dipeptidyl peptidase 4,COc1ccc(-c2cc(N3C[C@H](c4cc(F)c(F)cc4F)[C@@H](N)C3)ncn2)cc1,6.920818753952375,400.40400000000005,3.500600000000002,1,5,0
13394513,CHEMBL2408638,IC50,=,120.0,nM,6.92,CHEMBL284,Dipeptidyl peptidase 4,CC(C)=CCn1c(OCC(C)(C)CN)nc2c1c(=O)n(CC(=O)c1ccccc1)c(=O)n2C,6.920818753952375,453.54300000000023,2.1094999999999993,1,6,0
5237529,CHEMBL1683098,IC50,=,120.0,nM,6.92,CHEMBL284,Dipeptidyl peptidase 4,CC(=O)N(C)[C@H]1CC[C@H]([C@H](N)Cc2cc(F)ccc2F)CC1,6.920818753952375,310.3880000000001,2.8717000000000015,1,2,0
3317311,CHEMBL1085522,IC50,=,120.0,nM,6.92,CHEMBL284,Dipeptidyl peptidase 4,CC(C)NC(=O)N1C[C@H]2C[C@@H](NCC(=O)N3CCC[C@H]3C#N)C[C@H]2C1,6.920818753952375,347.46300000000014,0.918980000000001,2,4,0
22483375,CHEMBL4789426,IC50,=,121.0,nM,6.92,CHEMBL284,Dipeptidyl peptidase 4,CC(C)(C)c1cn(CC[C@H](N)Cc2cc(F)c(F)cc2F)nn1,6.91721462968355,326.366,2.953000000000001,1,3,0
3302958,CHEMBL1082345,IC50,=,121.0,nM,6.92,CHEMBL284,Dipeptidyl peptidase 4,Cl.N#C[C@@H]1CCCN1C(=O)CN[C@@H]1C[C@@H]2C[C@H](OC(=O)Nc3ccccc3)C[C@@H]2C1,6.91721462968355,432.95200000000017,3.3182800000000023,2,5,0
16763229,CHEMBL3892398,IC50,=,121.56,nM,6.92,CHEMBL284,Dipeptidyl peptidase 4,COc1ccc2ccc3c(c2c1)C[C@H](N)[C@@H](c1cccc(F)c1)O3,6.915209308592095,323.367,3.9910000000000023,1,3,0
1793260,CHEMBL374936,IC50,=,122.0,nM,6.91,CHEMBL284,Dipeptidyl peptidase 4,C[C@H](c1nc(-c2ccc(S(C)(=O)=O)cc2)no1)[C@H](N)C(=O)N1CCCC1,6.913640169325252,378.45400000000024,1.1933,1,7,0
2121710,CHEMBL403415,IC50,=,122.0,nM,6.91,CHEMBL284,Dipeptidyl peptidase 4,C[C@H](c1nc(-c2ccc(S(C)(=O)=O)cc2)no1)[C@H](N)C(=O)N1CCCC1.O=C(O)C(F)(F)F,6.913640169325252,492.4760000000003,1.8265999999999996,2,8,0
14579403,CHEMBL3236118,IC50,=,122.0,nM,6.91,CHEMBL284,Dipeptidyl peptidase 4,Cc1nnc2ccc(N3C[C@H](CN)[C@@H](c4cc(F)ccc4F)CC3=O)nn12,6.913640169325252,372.3790000000001,1.80632,1,5,0
861106,CHEMBL94630,IC50,=,123.0,nM,6.91,CHEMBL284,Dipeptidyl peptidase 4,CC(C)(C)CC(C)(C)NCC(=O)N1CCC[C@H]1C#N,6.910094888560602,265.40099999999995,2.3053800000000004,1,3,0
2572478,CHEMBL480324,IC50,=,123.0,nM,6.91,CHEMBL284,Dipeptidyl peptidase 4,N#C[C@@H]1C[C@H](F)CN1C(=O)CN[C@H]1[C@@H]2CN(c3ccc(C(F)(F)F)cn3)C[C@@H]21,6.910094888560602,397.3760000000001,1.5871800000000005,1,5,0
1717927,CHEMBL208657,IC50,=,123.0,nM,6.91,CHEMBL284,Dipeptidyl peptidase 4,CCCOCC1(NCC(=O)N2[C@H](C#N)CC[C@@H]2C#N)CCCC1,6.910094888560602,318.42100000000016,1.72216,1,5,0
16609231,CHEMBL3687980,IC50,=,123.0,nM,6.91,CHEMBL284,Dipeptidyl peptidase 4,CC#CCn1c(N2CCC[C@@H](N)C2)nc2nc3n(c(=O)c21)CC(=O)N3C,6.910094888560602,355.40200000000016,-0.4797999999999984,1,6,0
1485973,CHEMBL190029,IC50,=,123.0,nM,6.91,CHEMBL284,Dipeptidyl peptidase 4,N#C[C@@H]1CCCN1C(=O)[C@@H](N)CC(=O)N1CCN(C(=O)c2ccccc2)CC1,6.910094888560602,383.45200000000017,0.2029800000000021,1,5,0
13452858,CHEMBL2425067,IC50,=,125.0,nM,6.9,CHEMBL284,Dipeptidyl peptidase 4,N[C@H]1C[C@@H](N2Cc3ccccc3O2)CO[C@@H]1c1cc(F)ccc1F,6.903089986991944,332.35,2.931700000000001,1,4,0
1905818,CHEMBL390194,IC50,=,125.0,nM,6.9,CHEMBL284,Dipeptidyl peptidase 4,N[C@H]1CN(c2ccncc2)CC[C@@H]1c1cc(F)c(F)cc1F.O=C(O)C(F)(F)F,6.903089986991944,421.341,3.453400000000002,2,4,0
14579409,CHEMBL3236124,IC50,=,125.0,nM,6.9,CHEMBL284,Dipeptidyl peptidase 4,NC[C@H]1CN(c2ccc3nnc(C(F)(F)F)n3n2)C(=O)C[C@@H]1c1cc(F)c(F)cc1F,6.903089986991944,444.3390000000001,2.655800000000001,1,5,0
13856381,CHEMBL3093909,IC50,=,125.0,nM,6.9,CHEMBL284,Dipeptidyl peptidase 4,CC(C)(C)c1ccc(C[C@H](N)C(=O)N2C[C@@H](F)C[C@H]2C#N)cc1,6.903089986991944,317.40799999999996,2.3164800000000003,1,3,0
1896353,CHEMBL439394,IC50,=,126.0,nM,6.9,CHEMBL284,Dipeptidyl peptidase 4,C[C@@H]1C(=O)N[C@H](Cc2ccccc2F)CCN1C(=O)C[C@H](N)Cc1cc(F)c(F)cc1F,6.899629454882437,451.46400000000017,2.8512000000000004,2,3,0
1792893,CHEMBL217059,IC50,=,127.0,nM,6.9,CHEMBL284,Dipeptidyl peptidase 4,COc1ccc(NC(=O)CC(C)(C)NCC(=O)N2CCC[C@H]2C#N)c(OC)c1OC,6.896196279044043,418.49400000000026,1.9237799999999996,2,7,0
2023310,CHEMBL241673,IC50,=,127.0,nM,6.9,CHEMBL284,Dipeptidyl peptidase 4,O=C([C@@H]1C[C@H](N2CCCC2)CN1)N1CCSC1,6.896196279044043,255.38699999999997,0.3456000000000006,1,4,0
1412054,CHEMBL558196,IC50,=,128.0,nM,6.89,CHEMBL284,Dipeptidyl peptidase 4,Cl.N[C@@H](CC(=O)N1CCn2c(nnc2C(F)(F)F)C1)Cc1ccc(F)c(F)c1,6.892790030352131,425.7890000000001,2.299200000000001,1,4,0
1958933,CHEMBL242813,IC50,=,128.0,nM,6.89,CHEMBL284,Dipeptidyl peptidase 4,N[C@@H](CC(=O)N1CCn2c(nnc2C(F)(F)F)C1)Cc1ccc(F)c(F)c1,6.892790030352131,389.32800000000015,1.8773999999999995,1,4,0
12078478,CHEMBL2159177,IC50,=,128.0,nM,6.89,CHEMBL284,Dipeptidyl peptidase 4,Cn1c(=O)c2c(-c3ccc(Br)cc3)c(CN)c(N)nc2n(C)c1=O,6.892790030352131,390.2410000000002,1.1025999999999998,2,5,0
1727619,CHEMBL427219,IC50,=,129.0,nM,6.89,CHEMBL284,Dipeptidyl peptidase 4,O=C([C@@H]1CN[C@H](C(=O)N2CCC(F)(F)C2)C1)N1Cc2ccccc2C1,6.889410289700751,349.3810000000001,1.3744999999999994,1,3,0
2047453,CHEMBL248997,IC50,=,130.0,nM,6.89,CHEMBL284,Dipeptidyl peptidase 4,N[C@@H](CC(=O)N1CCc2[nH]c(-c3ccccc3)nc2C1)Cc1cc(F)ccc1F,6.886056647693163,396.44100000000014,3.1997000000000018,2,3,0
5237515,CHEMBL1682984,IC50,=,130.0,nM,6.89,CHEMBL284,Dipeptidyl peptidase 4,CN([C@H]1CC[C@H]([C@H](N)Cc2cc(F)ccc2F)CC1)S(=O)(=O)c1ccc(-c2cnco2)cc1,6.886056647693163,475.5610000000002,4.369100000000003,1,5,0
1985707,CHEMBL236922,IC50,=,130.0,nM,6.89,CHEMBL284,Dipeptidyl peptidase 4,N#Cc1ccc(-c2cc(N3C[C@H](c4cc(F)c(F)cc4F)[C@@H](N)C3)ncn2)cc1,6.886056647693163,395.388,3.3636800000000013,1,5,0
1500970,CHEMBL195443,IC50,=,130.0,nM,6.89,CHEMBL284,Dipeptidyl peptidase 4,COc1ccc(-c2ccc([C@H](C)[C@H](N)C(=O)N3CC[C@H](F)C3)cc2)cc1.O=C(O)C(F)(F)F,6.886056647693163,470.4630000000001,3.9967000000000024,2,4,0
1519569,CHEMBL195721,IC50,=,130.0,nM,6.89,CHEMBL284,Dipeptidyl peptidase 4,Cn1nc(C(F)(F)F)c2c1CCN(C(=O)C[C@H](N)Cc1cc(F)ccc1F)C2,6.886056647693163,402.36700000000013,2.5619000000000014,1,3,0
5237562,CHEMBL1683130,IC50,=,130.0,nM,6.89,CHEMBL284,Dipeptidyl peptidase 4,CS(=O)(=O)N1CCC([C@H](N)Cc2cc(F)ccc2F)CC1,6.886056647693163,318.3890000000001,1.5062000000000002,1,3,0
1519733,CHEMBL363606,IC50,=,130.0,nM,6.89,CHEMBL284,Dipeptidyl peptidase 4,N[C@@H](CC(=O)N1CCc2noc(C(F)(F)F)c2C1)Cc1cc(F)ccc1F,6.886056647693163,389.32400000000007,2.8164000000000016,1,4,0
2258967,CHEMBL469521,IC50,=,130.0,nM,6.89,CHEMBL284,Dipeptidyl peptidase 4,N[C@@H](CC(=O)NC1(c2nc3c(Cl)cccc3s2)CCS(=O)(=O)CC1)Cc1ccccc1F,6.886056647693163,496.02900000000034,3.5690000000000026,2,6,0
1519892,CHEMBL372078,IC50,=,130.0,nM,6.89,CHEMBL284,Dipeptidyl peptidase 4,CS(=O)(=O)c1ccc(-c2nc3c(s2)CN(C(=O)C[C@H](N)Cc2cc(F)ccc2F)CC3)cc1,6.886056647693163,491.58500000000026,3.3366000000000025,1,6,0
1519855,CHEMBL371521,IC50,=,130.0,nM,6.89,CHEMBL284,Dipeptidyl peptidase 4,Cn1nc2c(c1C(F)(F)F)CCN(C(=O)C[C@H](N)Cc1cc(F)ccc1F)C2,6.886056647693163,402.36700000000013,2.5619000000000014,1,3,0
25050735,CHEMBL5289049,IC50,=,130.0,nM,6.89,CHEMBL284,Dipeptidyl peptidase 4,NCc1c(-c2ccc(Cl)cc2Cl)nc2ccccn12,6.886056647693163,292.169,3.7668000000000017,1,2,0
2047460,CHEMBL251404,IC50,=,130.0,nM,6.89,CHEMBL284,Dipeptidyl peptidase 4,Cn1c(C(F)(F)F)nc2c1CN(C(=O)C[C@H](N)Cc1cc(F)ccc1F)CC2,6.886056647693163,402.3670000000002,2.5619000000000014,1,3,0
2090800,CHEMBL403970,IC50,=,130.0,nM,6.89,CHEMBL284,Dipeptidyl peptidase 4,Cc1ncc(N2CCN(C(=O)[C@@H]3CN[C@H](C(=O)N4CCCC4)C3)CC2)s1,6.886056647693163,377.5140000000003,0.7006199999999996,1,6,0
15094984,CHEMBL3330065,IC50,=,130.0,nM,6.89,CHEMBL284,Dipeptidyl peptidase 4,N#C[C@@H]1C[C@@H]2CCC[C@@H]2N1C(=O)C[C@H](N)Cc1cccc(F)c1,6.886056647693163,315.392,2.37878,1,3,0
1603590,CHEMBL381200,IC50,=,130.0,nM,6.89,CHEMBL284,Dipeptidyl peptidase 4,O=C(CNC1CC1)N1CCC[C@H]1B(O)O,6.886056647693163,212.058,-1.2585999999999993,3,4,0
1905804,CHEMBL231194,IC50,=,130.0,nM,6.89,CHEMBL284,Dipeptidyl peptidase 4,N[C@H]1CN(c2cnc3cccnc3n2)CC[C@@H]1c1cc(F)c(F)cc1F.O=C(O)C(F)(F)F,6.886056647693163,473.37700000000007,3.396600000000001,2,6,0
5237531,CHEMBL1683100,IC50,=,130.0,nM,6.89,CHEMBL284,Dipeptidyl peptidase 4,CC(C)C(=O)N(C)[C@H]1CC[C@H]([C@H](N)Cc2cc(F)ccc2F)CC1,6.886056647693163,338.44200000000006,3.5078000000000022,1,2,0
553350,CHEMBL168986,IC50,=,130.0,nM,6.89,CHEMBL284,Dipeptidyl peptidase 4,CS(=O)(=O)c1ccc(S(=O)(=O)N[C@H]2CC[C@H]([C@H](N)C(=O)N3CCCC3)C2)cc1,6.886056647693163,429.5640000000003,0.4868000000000012,2,6,0
2993847,CHEMBL566854,IC50,=,130.0,nM,6.89,CHEMBL284,Dipeptidyl peptidase 4,N[C@@H](CCN1CCC[C@H]1c1cn(-c2ccccc2)nn1)Cc1ccccc1F,6.886056647693163,379.4830000000001,3.503400000000002,1,4,0
1669243,CHEMBL381530,IC50,=,132.0,nM,6.88,CHEMBL284,Dipeptidyl peptidase 4,N#C[C@@H]1CCCN1C(=O)CNCCC(=O)N1Cc2ccccc2C1,6.87942606879415,326.40000000000003,1.0230799999999995,1,4,0
25491590,CHEMBL5409066,IC50,=,132.5,nM,6.88,CHEMBL284,Dipeptidyl peptidase 4,Cc1ccccc1C1C=C(c2ccccc2)N=C(Nc2nc(N)nc(N3CCOCC3)n2)O1,6.877784121727173,443.5110000000004,3.1793200000000015,2,9,0
22483374,CHEMBL4747721,IC50,=,133.0,nM,6.88,CHEMBL284,Dipeptidyl peptidase 4,Cc1cn(CC[C@H](N)Cc2cc(F)c(F)cc2F)nn1,6.876148359032914,284.285,1.96392,1,3,0
836546,CHEMBL328994,IC50,=,133.0,nM,6.88,CHEMBL284,Dipeptidyl peptidase 4,N#C[C@@H]1CCCN1C(=O)CNC1Cc2ccccc2C1,6.876148359032914,269.34800000000007,1.2579799999999994,1,3,0
2713687,CHEMBL1202084,IC50,=,133.6,nM,6.87,CHEMBL284,Dipeptidyl peptidase 4,N#C[C@H]1CCCN1C(=O)CNCCN1CCN(c2ccccc2F)C1=O.O=C(O)C(=O)O,6.874193541860473,449.43900000000014,0.327480000000001,3,6,0
14579414,CHEMBL3236129,IC50,=,134.0,nM,6.87,CHEMBL284,Dipeptidyl peptidase 4,NC[C@H]1CN(c2ccc3nnc(C(F)(F)F)n3n2)C(=O)C[C@@H]1c1ccc(Cl)cc1Cl,6.872895201635193,459.2590000000001,3.545300000000002,1,5,0
2515622,CHEMBL514935,IC50,=,134.0,nM,6.87,CHEMBL284,Dipeptidyl peptidase 4,O=C([C@@H]1C[C@H](N2CCN(c3ncccn3)CC2)CN1)N1CC(F)(F)C1,6.872895201635193,352.38900000000007,-0.1933999999999989,1,6,0
1958935,CHEMBL232262,IC50,=,135.0,nM,6.87,CHEMBL284,Dipeptidyl peptidase 4,N[C@@H](CC(=O)N1CCn2c(nnc2C(F)(F)F)C1)Cc1cccc(F)c1,6.8696662315049934,371.33800000000014,1.7382999999999993,1,4,0
14579415,CHEMBL3236130,IC50,=,137.0,nM,6.86,CHEMBL284,Dipeptidyl peptidase 4,NC[C@H]1CN(c2ccc3nc(C(F)(F)F)nn3n2)C(=O)C[C@@H]1c1ccc(Cl)cc1Cl,6.863279432843593,459.2590000000001,3.545300000000002,1,5,0
1412315,CHEMBL175872,IC50,=,139.0,nM,6.86,CHEMBL284,Dipeptidyl peptidase 4,N[C@@H](CC(=O)N1CCNC[C@H]1Cc1ccccc1)Cc1ccccc1F,6.856985199745905,355.4570000000001,2.1287000000000003,2,3,0
1896355,CHEMBL230603,IC50,=,139.0,nM,6.86,CHEMBL284,Dipeptidyl peptidase 4,C[C@@H]1C(=O)N[C@H](C(F)(F)F)CCN1C(=O)C[C@H](N)Cc1cc(F)c(F)cc1F,6.856985199745905,411.34600000000006,2.0317,2,3,0
1489233,CHEMBL189258,IC50,=,140.0,nM,6.85,CHEMBL284,Dipeptidyl peptidase 4,CCC(NC(=O)C[C@H](N)C(=O)N1CCC[C@H]1C#N)c1ccccc1,6.853871964321762,328.416,1.4858800000000003,2,4,0
5237540,CHEMBL1683109,IC50,=,140.0,nM,6.85,CHEMBL284,Dipeptidyl peptidase 4,Cn1ccc(C(=O)N(C)[C@H]2CC[C@H]([C@H](N)Cc3cc(F)ccc3F)CC2)n1,6.853871964321762,376.4510000000001,2.8991000000000016,1,3,0
5237535,CHEMBL1683104,IC50,=,140.0,nM,6.85,CHEMBL284,Dipeptidyl peptidase 4,CN(C(=O)c1cccnc1)[C@H]1CC[C@H]([C@H](N)Cc2cc(F)ccc2F)CC1,6.853871964321762,373.44700000000006,3.5606000000000018,1,3,0
5237534,CHEMBL1683103,IC50,=,140.0,nM,6.85,CHEMBL284,Dipeptidyl peptidase 4,CN(C(=O)CCC(=O)O)[C@H]1CC[C@H]([C@H](N)Cc2cc(F)ccc2F)CC1,6.853871964321762,368.4240000000001,2.716600000000001,2,3,0
5237510,CHEMBL1682979,IC50,=,140.0,nM,6.85,CHEMBL284,Dipeptidyl peptidase 4,CN([C@H]1CC[C@H]([C@H](N)Cc2cc(F)ccc2F)CC1)S(=O)(=O)c1ccc(N)cc1,6.853871964321762,423.52900000000017,3.2963000000000013,2,4,0
18662275,CHEMBL28,IC50,=,140.0,nM,6.85,CHEMBL284,Dipeptidyl peptidase 4,O=c1cc(-c2ccc(O)cc2)oc2cc(O)cc(O)c12,6.853871964321762,270.24,2.576800000000001,3,5,0
5237539,CHEMBL1683108,IC50,=,140.0,nM,6.85,CHEMBL284,Dipeptidyl peptidase 4,Cc1noc(C)c1C(=O)N(C)[C@H]1CC[C@H]([C@H](N)Cc2cc(F)ccc2F)CC1,6.853871964321762,391.4620000000001,3.7704400000000025,1,4,0
1792480,CHEMBL216643,IC50,=,140.0,nM,6.85,CHEMBL284,Dipeptidyl peptidase 4,N[C@@H](CC(=O)N1CCCNC(=O)C1)Cc1cc(F)c(F)cc1F,6.853871964321762,329.322,0.7122999999999997,2,3,0
1985686,CHEMBL236507,IC50,=,140.0,nM,6.85,CHEMBL284,Dipeptidyl peptidase 4,N[C@H]1CN(c2nc3c(cc2F)c(=O)c(C(=O)O)cn3C2CC2)C[C@H]1c1ccc(F)cc1,6.853871964321762,426.4230000000002,2.6389000000000005,2,5,0
13452857,CHEMBL2425062,IC50,=,140.0,nM,6.85,CHEMBL284,Dipeptidyl peptidase 4,N[C@H]1C[C@@H](n2cc3cnc(C4CC4)nc3c2)CO[C@@H]1c1cc(F)c(F)cc1F,6.853871964321762,388.393,3.756000000000003,1,4,0
2047430,CHEMBL402496,IC50,=,140.0,nM,6.85,CHEMBL284,Dipeptidyl peptidase 4,N[C@@H](CC(=O)N1CCc2[nH]c(C(F)(F)F)nc2C1)Cc1cc(F)ccc1F,6.853871964321762,388.3400000000001,2.5515000000000008,2,3,0
5237506,CHEMBL1682975,IC50,=,140.0,nM,6.85,CHEMBL284,Dipeptidyl peptidase 4,CN([C@H]1CC[C@H]([C@H](N)Cc2cc(F)ccc2F)CC1)S(=O)(=O)c1ccccc1,6.853871964321762,408.5140000000001,3.714100000000003,1,3,0
1960111,CHEMBL232191,IC50,=,140.0,nM,6.85,CHEMBL284,Dipeptidyl peptidase 4,N[C@H]1C[C@H](N2CCn3c(nnc3C(F)(F)F)C2)CCC1c1cc(F)c(F)cc1F,6.853871964321762,419.3730000000001,3.1934000000000013,1,4,0
2572493,CHEMBL480781,IC50,=,141.0,nM,6.85,CHEMBL284,Dipeptidyl peptidase 4,N#Cc1cc(C(F)(F)F)ccc1N1C[C@@H]2[C@H](C1)[C@H]2NCC(=O)N1C[C@@H](F)C[C@H]1C#N,6.85078088734462,421.3980000000002,2.06386,1,5,0
1896362,CHEMBL394594,IC50,=,142.0,nM,6.85,CHEMBL284,Dipeptidyl peptidase 4,C[C@@H]1C(=O)NCC(C)(C)CN1C(=O)C[C@H](N)Cc1cc(F)c(F)cc1F,6.847711655616943,371.403,1.7369,2,3,0
3099277,CHEMBL600045,IC50,=,142.0,nM,6.85,CHEMBL284,Dipeptidyl peptidase 4,COc1cc2c(cc1OC)C1CC(N)C(N3CCCOC3=O)CN1CC2,6.847711655616943,361.4420000000002,1.5448999999999995,1,6,0
3099275,CHEMBL589598,IC50,=,142.0,nM,6.85,CHEMBL284,Dipeptidyl peptidase 4,COc1cc2c(cc1OC)C1CC(N)C(N3CCCC[S+]3[O-])CN1CC2,6.847711655616943,379.5260000000002,1.4621000000000002,1,6,0
1449096,CHEMBL185482,IC50,=,143.0,nM,6.84,CHEMBL284,Dipeptidyl peptidase 4,N[C@@H](CC(=O)N1CCNC[C@H]1Cc1cscn1)Cc1ccccc1F,6.844663962534939,362.4740000000001,1.5852000000000004,2,5,0
22483370,CHEMBL4750352,IC50,=,143.0,nM,6.84,CHEMBL284,Dipeptidyl peptidase 4,N[C@@H](CCn1cc(-c2ccccn2)nn1)Cc1cc(F)c(F)cc1F,6.844663962534939,347.34400000000005,2.7175,1,4,0
1896363,CHEMBL230495,IC50,=,143.0,nM,6.84,CHEMBL284,Dipeptidyl peptidase 4,C[C@@H]1CNC(=O)[C@@H](CC(F)(F)F)N(C(=O)C[C@H](N)Cc2cc(F)c(F)cc2F)C1,6.844663962534939,425.3730000000001,2.279300000000001,2,3,0
1905819,CHEMBL230341,IC50,=,144.0,nM,6.84,CHEMBL284,Dipeptidyl peptidase 4,N[C@H]1CN(c2cccnc2)CC[C@@H]1c1cc(F)c(F)cc1F.O=C(O)C(F)(F)F,6.841637507904751,421.341,3.453400000000002,2,4,0
1727627,CHEMBL377776,IC50,=,144.0,nM,6.84,CHEMBL284,Dipeptidyl peptidase 4,O=C([C@@H]1CN[C@H](C(=O)N2CCCC2)C1)N1Cc2cc(Cl)c(Cl)cc2C1,6.841637507904751,382.2910000000001,2.4361000000000006,1,3,0
1792904,CHEMBL274770,IC50,=,144.0,nM,6.84,CHEMBL284,Dipeptidyl peptidase 4,CC(C)(CC(=O)NCCc1ccccc1)NCC(=O)N1CCC[C@H]1C#N,6.841637507904751,356.4700000000002,1.6181800000000002,2,4,0
1958922,CHEMBL388431,IC50,=,145.0,nM,6.84,CHEMBL284,Dipeptidyl peptidase 4,N[C@@H](CC(=O)N1CCn2c(nnc2C(F)(F)F)C1)Cc1ccccc1Cl,6.838631997765025,387.7930000000001,2.2525999999999993,1,4,0
13856244,CHEMBL200347,IC50,=,145.0,nM,6.84,CHEMBL284,Dipeptidyl peptidase 4,N#C[C@@H]1CCCN1C(=O)[C@@H](N)Cc1ccc(-c2ccccc2)cc1,6.838631997765025,319.408,2.7379800000000003,1,3,0
15249317,CHEMBL3425748,IC50,=,145.0,nM,6.84,CHEMBL284,Dipeptidyl peptidase 4,N[C@@H](CC(=O)N1CC[C@@H]2[C@H](CCc3nnc(C(F)(F)F)n32)C1)Cc1cc(F)c(F)cc1F,6.838631997765025,461.41000000000014,3.0101000000000013,1,4,0
2572486,CHEMBL479983,IC50,=,146.0,nM,6.84,CHEMBL284,Dipeptidyl peptidase 4,N#C[C@@H]1C[C@H](F)CN1C(=O)CN[C@H]1[C@@H]2CN(c3nccs3)C[C@@H]21,6.835647144215563,335.4080000000001,0.6298800000000002,1,6,0
1855500,CHEMBL223114,IC50,=,147.0,nM,6.83,CHEMBL284,Dipeptidyl peptidase 4,O=C([C@@H]1C[C@H](Nc2ccccc2)CN1)N1CCSC1,6.832682665251824,277.39300000000003,1.3619,2,4,0
2572477,CHEMBL519265,IC50,=,147.0,nM,6.83,CHEMBL284,Dipeptidyl peptidase 4,N#Cc1ccc(N2C[C@@H]3[C@H](C2)[C@H]3NCC(=O)N2C[C@@H](F)C[C@H]2C#N)nc1,6.832682665251824,354.38900000000007,0.4400599999999997,1,6,0
14579413,CHEMBL3236128,IC50,=,148.0,nM,6.83,CHEMBL284,Dipeptidyl peptidase 4,Cc1cc2ncc(N3C[C@H](CN)[C@@H](c4ccc(Cl)cc4Cl)CC3=O)c(C)n2n1,6.8297382846050425,418.32800000000026,3.7483400000000016,1,4,0
15617503,CHEMBL3580777,IC50,=,148.0,nM,6.83,CHEMBL284,Dipeptidyl peptidase 4,N[C@@H](CC(=O)N1CC(=O)Nc2cccnc2C1)[C@H]1CCc2cc(F)c(F)cc21,6.8297382846050425,386.40200000000016,2.0879000000000003,2,4,0
848677,CHEMBL3084824,IC50,=,149.0,nM,6.83,CHEMBL284,Dipeptidyl peptidase 4,COc1ccc(NC(=O)O[C@@]23C[C@@H]4C[C@@H](C[C@](NCC(=O)N5CCC[C@H]5C#N)(C4)C2)C3)cc1,6.826813731587726,452.55500000000035,3.439280000000002,2,6,0
12044110,CHEMBL2147062,IC50,=,150.0,nM,6.82,CHEMBL284,Dipeptidyl peptidase 4,COc1cccc(Cn2c(N3CCC[C@@H](N)C3)nc3c4cc(C(=O)O)ccc4n(C)c(=O)c32)c1.Cl,6.823908740944319,497.98300000000023,2.9926000000000017,2,6,0
25050539,CHEMBL5290055,IC50,=,150.0,nM,6.82,CHEMBL284,Dipeptidyl peptidase 4,N[C@@H](CCn1cc(CO)nn1)Cc1cc(F)c(F)cc1F,6.823908740944319,300.284,1.1477999999999997,2,4,0
2026081,CHEMBL246168,IC50,=,150.0,nM,6.82,CHEMBL284,Dipeptidyl peptidase 4,CC(=O)N(C)c1ccc([C@H](C(=O)N(C)C)[C@H](N)C(=O)N2CC[C@H](F)C2)cc1.O=C(O)C(F)(F)F,6.823908740944319,492.4700000000002,1.3721,2,5,0
1987823,CHEMBL237972,IC50,=,150.0,nM,6.82,CHEMBL284,Dipeptidyl peptidase 4,CN(C)C(=O)[C@@H]([C@H]1CC[C@@H](c2ccc(F)cc2)CC1)[C@H](N)C(=O)N1CCC(F)(F)C1,6.823908740944319,425.49500000000023,2.998800000000001,1,3,0
1501750,CHEMBL278729,IC50,=,150.0,nM,6.82,CHEMBL284,Dipeptidyl peptidase 4,C[C@@H](c1ccc(-c2cc(F)ccc2F)cc1)[C@H](N)C(=O)N1CC[C@H](F)C1.O=C(O)C(F)(F)F,6.823908740944319,476.4170000000002,4.266300000000003,2,3,0
1792477,CHEMBL217005,IC50,=,150.0,nM,6.82,CHEMBL284,Dipeptidyl peptidase 4,C[C@H]1C(=O)NCCCN1C(=O)C[C@H](N)Cc1cc(F)c(F)cc1F,6.823908740944319,343.349,1.1008000000000004,2,3,0
1519581,CHEMBL194979,IC50,=,150.0,nM,6.82,CHEMBL284,Dipeptidyl peptidase 4,N[C@@H](CC(=O)N1CCc2nn(CC(F)(F)F)c(C(F)(F)F)c2C1)Cc1cc(F)ccc1F,6.823908740944319,470.3640000000001,3.587200000000002,1,3,0
1985687,CHEMBL237568,IC50,=,150.0,nM,6.82,CHEMBL284,Dipeptidyl peptidase 4,N[C@H]1CN(c2nc3c(cc2F)c(=O)c(C(=O)O)cn3C2CC2)C[C@H]1c1ccccc1,6.823908740944319,408.43300000000016,2.4998000000000005,2,5,0
25050543,CHEMBL5288509,IC50,=,150.0,nM,6.82,CHEMBL284,Dipeptidyl peptidase 4,N[C@@H](CCn1cc(C(=O)O)nn1)Cc1cc(F)c(F)cc1F,6.823908740944319,314.267,1.3536999999999997,2,4,0
25050544,CHEMBL5267534,IC50,=,150.0,nM,6.82,CHEMBL284,Dipeptidyl peptidase 4,COc1ccc(-c2cnnn2CC[C@H](N)Cc2cc(F)c(F)cc2F)cc1,6.823908740944319,376.382,3.331100000000001,1,4,0
2047461,CHEMBL251205,IC50,=,150.0,nM,6.82,CHEMBL284,Dipeptidyl peptidase 4,Cn1c(C(F)(F)F)nc2c1CCN(C(=O)C[C@H](N)Cc1cc(F)ccc1F)C2,6.823908740944319,402.36700000000013,2.5619000000000014,1,3,0
1519729,CHEMBL197301,IC50,=,150.0,nM,6.82,CHEMBL284,Dipeptidyl peptidase 4,Cn1nc2c(c1-c1ccc(F)cc1)CN(C(=O)C[C@H](N)Cc1cc(F)ccc1F)CC2,6.823908740944319,428.45800000000014,3.3492000000000015,1,3,0
1519573,CHEMBL191805,IC50,=,150.0,nM,6.82,CHEMBL284,Dipeptidyl peptidase 4,Cn1nc2c(c1C(F)(F)F)CN(C(=O)C[C@H](N)Cc1cc(F)ccc1F)CC2,6.823908740944319,402.36700000000013,2.5619000000000014,1,3,0
1496316,CHEMBL372472,IC50,=,150.0,nM,6.82,CHEMBL284,Dipeptidyl peptidase 4,Cc1ccccc1-c1ccc([C@H](C)[C@H](N)C(=O)N2CC[C@H](F)C2)cc1.O=C(O)C(F)(F)F,6.823908740944319,454.4640000000001,4.296520000000002,2,3,0
25050541,CHEMBL5277626,IC50,=,150.0,nM,6.82,CHEMBL284,Dipeptidyl peptidase 4,Cn1ccnc1-c1cn(CC[C@H](N)Cc2cc(F)c(F)cc2F)nn1,6.823908740944319,350.34799999999996,2.0559999999999996,1,4,0
25050542,CHEMBL5267229,IC50,=,150.0,nM,6.82,CHEMBL284,Dipeptidyl peptidase 4,N[C@@H](CCn1cc(C2CCCCC2)nn1)Cc1cc(F)c(F)cc1F,6.823908740944319,352.40399999999994,3.7032000000000025,1,3,0
578735,CHEMBL355248,IC50,=,150.0,nM,6.82,CHEMBL284,Dipeptidyl peptidase 4,CS(=O)(=O)c1ccccc1S(=O)(=O)N[C@H]1CC[C@H]([C@H](N)C(=O)N2CCCC2)C1,6.823908740944319,429.5640000000004,0.4868000000000012,2,6,0
25050537,CHEMBL5285297,IC50,=,150.0,nM,6.82,CHEMBL284,Dipeptidyl peptidase 4,COc1ccc(-c2cn(CC[C@H](N)Cc3cc(F)c(F)cc3F)nn2)cc1,6.823908740944319,376.382,3.331100000000001,1,4,0
25050538,CHEMBL5290009,IC50,=,150.0,nM,6.82,CHEMBL284,Dipeptidyl peptidase 4,N[C@@H](CCn1cc(-c2ccccc2)nn1)Cc1cc(F)c(F)cc1F,6.823908740944319,346.35600000000005,3.3225000000000016,1,3,0
5237514,CHEMBL1682983,IC50,=,150.0,nM,6.82,CHEMBL284,Dipeptidyl peptidase 4,CN([C@H]1CC[C@H]([C@H](N)Cc2cc(F)ccc2F)CC1)S(=O)(=O)c1ccc(F)cc1F,6.823908740944319,444.49400000000014,3.992300000000002,1,3,0
25050540,CHEMBL5282009,IC50,=,150.0,nM,6.82,CHEMBL284,Dipeptidyl peptidase 4,Cc1ccc(-c2cn(CC[C@H](N)Cc3cc(F)c(F)cc3F)nn2)cc1,6.823908740944319,360.383,3.6309200000000015,1,3,0
3603860,CHEMBL1287902,IC50,=,151.0,nM,6.82,CHEMBL284,Dipeptidyl peptidase 4,Cl.Cn1cnc2cc(N3CCC[C@@](C)(N)C3)n(Cc3ccccc3C#N)c2c1=O,6.82102305270683,412.9250000000001,2.39438,1,5,0
1958929,CHEMBL394833,IC50,=,151.0,nM,6.82,CHEMBL284,Dipeptidyl peptidase 4,N[C@@H](CC(=O)N1CCn2c(nnc2C(F)(F)F)C1)Cc1c(F)ccc(F)c1F,6.82102305270683,407.31800000000015,2.0164999999999997,1,4,0
18245809,CHEMBL4098632,IC50,=,151.7,nM,6.82,CHEMBL284,Dipeptidyl peptidase 4,CC(C)c1nnc2n1[C@@H]1CCN(C(=O)C[C@H](N)Cc3cc(F)c(F)cc3F)C[C@H]1CC2.Cl,6.81901441921327,471.9550000000001,3.5365000000000024,1,4,0
2697724,CHEMBL552403,IC50,=,152.0,nM,6.82,CHEMBL284,Dipeptidyl peptidase 4,Cl.N#C[C@@H]1CS[C@H]2C[C@](N)(c3ccc(F)cc3)C(=O)N12,6.818156412055227,313.785,1.59888,1,4,0
2572506,CHEMBL481290,IC50,=,152.0,nM,6.82,CHEMBL284,Dipeptidyl peptidase 4,N#Cc1ccc(N2C[C@@H]3[C@H](C2)[C@H]3NCC(=O)N2C[C@@H](F)C[C@H]2C#N)cc1Cl,6.818156412055227,387.8460000000001,1.6984599999999996,1,5,0
2572510,CHEMBL479381,IC50,=,153.0,nM,6.82,CHEMBL284,Dipeptidyl peptidase 4,N#Cc1ccc(N2C[C@@H]3[C@H](C2)[C@H]3NCC(=O)N2C[C@@H](F)C[C@H]2C#N)c(F)c1,6.815308569182402,371.3910000000001,1.1841599999999997,1,5,0
5240819,CHEMBL1683561,IC50,=,153.0,nM,6.82,CHEMBL284,Dipeptidyl peptidase 4,N[C@H]1CN(c2cc(N3CCc4nocc4C3)ncn2)C[C@@H]1N1CCCC1=O,6.815308569182402,369.4290000000002,0.165599999999999,1,8,0
1855524,CHEMBL376562,IC50,=,154.0,nM,6.81,CHEMBL284,Dipeptidyl peptidase 4,O=C(Nc1ccccc1)N[C@@H]1CN[C@H](C(=O)N2CCSC2)C1,6.812479279163537,320.41800000000006,1.0714999999999997,3,4,0
16763293,CHEMBL3959577,IC50,=,154.67,nM,6.81,CHEMBL284,Dipeptidyl peptidase 4,Cc1cc(=O)oc2c3c(ccc12)O[C@H](c1cc(F)c(F)cc1F)[C@@H](N)C3,6.810593914470771,361.3190000000001,3.5222200000000017,1,4,0
1449098,CHEMBL184808,IC50,=,155.0,nM,6.81,CHEMBL284,Dipeptidyl peptidase 4,N[C@@H](CC(=O)N1CCNC[C@H]1Cc1cccnc1)Cc1ccccc1F,6.809668301829708,356.4450000000001,1.5237000000000007,2,4,0
16584408,CHEMBL3806239,IC50,=,155.0,nM,6.81,CHEMBL284,Dipeptidyl peptidase 4,Cc1ccn2nc3c(c2n1)CN([C@H]1CC[C@H](c2cc(F)c(F)cc2F)[C@@H](N)C1)C3,6.809668301829708,401.43600000000015,3.4342200000000016,1,4,0
16609227,CHEMBL3687979,IC50,=,156.1,nM,6.81,CHEMBL284,Dipeptidyl peptidase 4,CN1C(=O)Cn2c1nc1nc(N3CCC[C@@H](N)C3)n(Cc3cc(F)ccc3F)c1c2=O,6.806597096937582,429.43100000000015,0.8234,1,6,0
14579407,CHEMBL3236122,IC50,=,157.0,nM,6.8,CHEMBL284,Dipeptidyl peptidase 4,NC[C@H]1CN(CCc2ccncc2)C(=O)C[C@@H]1c1cc(F)c(F)cc1F,6.804100347590766,363.383,2.6324000000000005,1,3,0
1519708,CHEMBL370269,IC50,=,160.0,nM,6.8,CHEMBL284,Dipeptidyl peptidase 4,N[C@@H](CC(=O)N1CCc2n[nH]c(C(F)(F)C(F)(F)F)c2C1)Cc1cc(F)ccc1F,6.795880017344075,438.34700000000015,3.1868000000000016,2,3,0
1793288,CHEMBL374703,IC50,=,160.0,nM,6.8,CHEMBL284,Dipeptidyl peptidase 4,C[C@H](c1nc(-c2ccc(Br)cc2Cl)no1)[C@H](N)C(=O)N1CCCC1,6.795880017344075,413.70300000000026,3.205700000000001,1,5,0
3313833,CHEMBL1085598,IC50,=,160.0,nM,6.8,CHEMBL284,Dipeptidyl peptidase 4,CC(C)(CC(=O)N1CCCCCC1)NCC(=O)N1C[C@@H](F)C[C@H]1C#N,6.795880017344075,352.45400000000006,1.6098800000000004,1,4,0
16296253,CHEMBL3644791,IC50,=,160.0,nM,6.8,CHEMBL284,Dipeptidyl peptidase 4,COCCc1nc2c(c(C(F)(F)F)n1)CCN(C(=O)C[C@H](N)CN1C(=O)CCC(F)(F)[C@H]1O)C2,6.795880017344075,495.4490000000003,0.8625,2,7,0
1519704,CHEMBL196114,IC50,=,160.0,nM,6.8,CHEMBL284,Dipeptidyl peptidase 4,Cc1c2c(nn1-c1ccc(F)cc1)CCN(C(=O)C[C@H](N)Cc1cc(F)ccc1F)C2,6.795880017344075,428.4580000000002,3.442820000000001,1,3,0
1519859,CHEMBL425905,IC50,=,160.0,nM,6.8,CHEMBL284,Dipeptidyl peptidase 4,N[C@@H](CC(=O)N1CCc2c(C3CC3)n[nH]c2C1)Cc1cc(F)ccc1F,6.795880017344075,360.408,2.4101,2,3,0
17660166,CHEMBL3686740,IC50,=,160.0,nM,6.8,CHEMBL284,Dipeptidyl peptidase 4,OB(O)[C@@H]1CCCN1C(=S)CNC12CC3CC(CC(O)(C3)C1)C2,6.795880017344075,338.2820000000002,0.4634999999999992,4,5,0
2122460,CHEMBL257636,IC50,=,160.0,nM,6.8,CHEMBL284,Dipeptidyl peptidase 4,Cc1nc2ccc(-c3ccccc3Cl)c(CN)c2n1C,6.795880017344075,285.778,3.660820000000002,1,2,0
1792473,CHEMBL384816,IC50,=,160.0,nM,6.8,CHEMBL284,Dipeptidyl peptidase 4,C[C@@H]1C(=O)NCN1C(=O)C[C@H](N)Cc1cc(F)ccc1F,6.795880017344075,297.30499999999995,0.5291000000000007,2,3,0
1985706,CHEMBL391837,IC50,=,160.0,nM,6.8,CHEMBL284,Dipeptidyl peptidase 4,CC(=O)c1ccc(-c2cc(N3C[C@H](c4cc(F)c(F)cc4F)[C@@H](N)C3)ncn2)cc1,6.795880017344075,412.4150000000001,3.694600000000002,1,5,0
15094920,CHEMBL3330051,IC50,=,160.0,nM,6.8,CHEMBL284,Dipeptidyl peptidase 4,Cc1ccccc1C[C@@H](N)CC(=O)N1C[C@@H](F)C[C@H]1C#N,6.795880017344075,289.3539999999999,1.7175,1,3,0
2026083,CHEMBL245970,IC50,=,160.0,nM,6.8,CHEMBL284,Dipeptidyl peptidase 4,CC(=O)Nc1ccc([C@H](C(=O)N(C)C)[C@H](N)C(=O)N2CC[C@H](F)C2)cc1.O=C(O)C(F)(F)F,6.795880017344075,478.44300000000015,1.3478000000000003,3,5,0
12044107,CHEMBL2147060,IC50,=,160.0,nM,6.8,CHEMBL284,Dipeptidyl peptidase 4,Cl.Cn1c(=O)c2c(nc(N3CCC[C@@H](N)C3)n2Cc2ccccc2F)c2cc(C(=O)O)ccc21,6.795880017344075,485.9470000000002,3.123100000000001,2,5,0
828426,CHEMBL329909,IC50,=,163.0,nM,6.79,CHEMBL284,Dipeptidyl peptidase 4,N#C[C@@H]1CCCN1C(=O)CNCCNc1ncccn1,6.787812395596042,274.32800000000003,-0.0073199999999992,2,6,0
1717947,CHEMBL208673,IC50,=,164.0,nM,6.79,CHEMBL284,Dipeptidyl peptidase 4,N#C[C@@H]1CC[C@H](C#N)N1C(=O)CNC1(c2ccccc2)CCC1,6.785156151952302,308.38500000000016,2.0621599999999995,1,4,0
2572462,CHEMBL479380,IC50,=,165.0,nM,6.78,CHEMBL284,Dipeptidyl peptidase 4,N#Cc1ccc(N2C[C@@H]3[C@H](C2)[C@H]3NCC(=O)N2C[C@@H](F)C[C@H]2C#N)cc1,6.782516055786093,353.40100000000007,1.0450599999999997,1,5,0
1449100,CHEMBL184902,IC50,=,166.0,nM,6.78,CHEMBL284,Dipeptidyl peptidase 4,N[C@@H](CC(=O)N1CCNC[C@H]1Cc1ccc(F)cc1)Cc1ccccc1F,6.779891911959945,373.44700000000006,2.2678000000000003,2,3,0
13960737,CHEMBL3127980,IC50,=,170.0,nM,6.77,CHEMBL284,Dipeptidyl peptidase 4,N#C[C@@H]1CCCN1C(=O)[C@@H](N)Cc1ccsc1,6.769551078621726,249.33900000000003,1.1324799999999997,1,4,0
5237519,CHEMBL1683088,IC50,=,170.0,nM,6.77,CHEMBL284,Dipeptidyl peptidase 4,Cc1oncc1S(=O)(=O)N(C)[C@H]1CC[C@H]([C@H](N)Cc2cc(F)ccc2F)CC1,6.769551078621726,413.4900000000002,3.0105200000000014,1,5,0
1496046,CHEMBL190454,IC50,=,170.0,nM,6.77,CHEMBL284,Dipeptidyl peptidase 4,C[C@@H](c1ccc(Cl)cc1)[C@H](N)C(=O)N1CC[C@H](F)C1.O=C(O)C(F)(F)F,6.769551078621726,398.7840000000001,2.974500000000001,2,3,0
1897544,CHEMBL230937,IC50,=,170.0,nM,6.77,CHEMBL284,Dipeptidyl peptidase 4,COC(=O)Cc1ccc(CNC(=O)[C@@H]2CSCN2C(=O)C[C@H](N)Cc2ccccc2F)cc1,6.769551078621726,473.5700000000002,2.019,2,6,0
18164894,CHEMBL4092983,IC50,=,170.0,nM,6.77,CHEMBL284,Dipeptidyl peptidase 4,CC(C)Cc1nc2ccc(C(N)=O)cc2c(-c2ccccc2)c1CN,6.769551078621726,333.43500000000006,3.6579000000000015,2,3,0
2252400,CHEMBL443250,IC50,=,170.0,nM,6.77,CHEMBL284,Dipeptidyl peptidase 4,N[C@H](C(=O)N1CCC(F)C1)C1CCCCC1,6.769551078621726,228.31099999999992,1.4643999999999993,1,2,0
18662273,CHEMBL275638,IC50,=,170.0,nM,6.77,CHEMBL284,Dipeptidyl peptidase 4,O=c1cc(-c2ccccc2)oc2ccccc12,6.769551078621726,222.243,3.4600000000000017,0,2,0
565048,CHEMBL168866,IC50,=,170.0,nM,6.77,CHEMBL284,Dipeptidyl peptidase 4,N[C@H](C(=O)N1CCCC1)[C@@H]1CC[C@@H](NS(=O)(=O)c2ccc(OC(F)(F)F)cc2)C1,6.769551078621726,435.4680000000002,1.981899999999999,2,5,0
712808,CHEMBL22511,IC50,=,170.0,nM,6.77,CHEMBL284,Dipeptidyl peptidase 4,N[C@H](C(=O)N1CC[C@H](F)C1)C1CCCCC1,6.769551078621726,228.31099999999992,1.4643999999999993,1,2,0
1792891,CHEMBL385394,IC50,=,174.0,nM,6.76,CHEMBL284,Dipeptidyl peptidase 4,Cc1ccc(NC(=O)CC(C)(C)NCC(=O)N2CCC[C@H]2C#N)cc1C,6.7594507517174005,356.47000000000014,2.5148200000000003,2,4,0
2068817,CHEMBL536088,IC50,=,175.0,nM,6.76,CHEMBL284,Dipeptidyl peptidase 4,CC1(C)c2nnc(C(F)(F)F)n2CCN1C(=O)C[C@H](N)Cc1cc(F)c(F)cc1F.Cl,6.756961951313706,471.83300000000014,3.1734000000000013,1,4,0
1519577,CHEMBL196010,IC50,=,180.0,nM,6.75,CHEMBL284,Dipeptidyl peptidase 4,N[C@@H](CC(=O)N1CCc2c(c(C(F)(F)F)nn2CC(F)(F)F)C1)Cc1cc(F)ccc1F,6.7447274948966935,470.36400000000015,3.587200000000003,1,3,0
15714198,CHEMBL3616903,IC50,=,180.0,nM,6.75,CHEMBL284,Dipeptidyl peptidase 4,CC#CCn1c(N2CCNCC2)nc2c1c(=O)n(Cc1ccc3ccccc3c1)c(=O)n2C,6.7447274948966935,442.5230000000002,1.5310999999999997,1,5,0
3313848,CHEMBL1086502,IC50,=,180.0,nM,6.75,CHEMBL284,Dipeptidyl peptidase 4,CC(C)(CC(=O)N1CC[C@@H](O)C1)NCC(=O)N1CCC[C@H]1C#N,6.7447274948966935,322.4090000000001,-0.1475199999999987,2,5,0
1985714,CHEMBL393611,IC50,=,180.0,nM,6.75,CHEMBL284,Dipeptidyl peptidase 4,COc1ccccc1-c1cc(N2C[C@H](c3cc(F)c(F)cc3F)[C@@H](N)C2)ncn1,6.7447274948966935,400.40400000000005,3.5006000000000013,1,5,0
2993846,CHEMBL565999,IC50,=,180.0,nM,6.75,CHEMBL284,Dipeptidyl peptidase 4,N[C@@H](CCN1CCC[C@H]1c1ccn(-c2ccccc2)n1)Cc1ccccc1F,6.7447274948966935,378.4950000000001,4.108400000000003,1,3,0
2047459,CHEMBL251405,IC50,=,180.0,nM,6.75,CHEMBL284,Dipeptidyl peptidase 4,CCn1c(C(F)(F)F)nc2c1CCN(C(=O)C[C@H](N)Cc1cc(F)ccc1F)C2,6.7447274948966935,416.3940000000001,3.0448000000000013,1,3,0
5237509,CHEMBL1682978,IC50,=,180.0,nM,6.75,CHEMBL284,Dipeptidyl peptidase 4,CN([C@H]1CC[C@H]([C@H](N)Cc2cc(F)ccc2F)CC1)S(=O)(=O)c1ccc(C#N)cc1,6.7447274948966935,433.52400000000017,3.5857800000000024,1,4,0
1958917,CHEMBL232648,IC50,=,180.0,nM,6.75,CHEMBL284,Dipeptidyl peptidase 4,N[C@@H](CC(=O)N1CCn2c(nnc2C(F)(F)F)C1)Cc1cc(Cl)ccc1Cl,6.7447274948966935,422.23800000000017,2.9060000000000006,1,4,0
14989327,CHEMBL3357772,IC50,=,180.0,nM,6.75,CHEMBL284,Dipeptidyl peptidase 4,N[C@@H](CC(=O)N1[C@H](COC(=O)C2CCCC2)C[C@@H]2CCCC[C@@H]21)Cc1cc(F)c(F)cc1F,6.7447274948966935,466.5440000000002,4.256900000000003,1,4,0
15714203,CHEMBL3616907,IC50,=,180.0,nM,6.75,CHEMBL284,Dipeptidyl peptidase 4,CC#CCn1c(N2CCNCC2)nc2c1c(=O)n(Cc1nn(-c3ccccc3)nc1C)c(=O)n2C,6.7447274948966935,473.5410000000002,0.267020000000002,1,7,0
1520035,CHEMBL197082,IC50,=,180.0,nM,6.75,CHEMBL284,Dipeptidyl peptidase 4,N[C@@H](CC(=O)N1CCc2oc(C3CC3)nc2C1)Cc1cc(F)ccc1F,6.7447274948966935,361.392,2.6750000000000007,1,4,0
2507989,CHEMBL474794,IC50,=,180.0,nM,6.75,CHEMBL284,Dipeptidyl peptidase 4,Cl.NC(=O)c1ccc(C(=O)N2CCCN(C(=O)C[C@H](N)Cc3cc(F)c(F)cc3F)CC2)cc1,6.7447274948966935,498.9330000000002,2.2592,2,4,0
570047,CHEMBL355203,IC50,=,180.0,nM,6.75,CHEMBL284,Dipeptidyl peptidase 4,COc1ccc(NC(=O)O[C@@H]2CCC[C@H]([C@H](N)C(=O)N3CCCC3)C2)cc1,6.7447274948966935,375.4690000000002,2.7522,2,5,0
586038,CHEMBL172057,IC50,=,180.0,nM,6.75,CHEMBL284,Dipeptidyl peptidase 4,N[C@H](C(=O)N1CCCC1)[C@H]1CC[C@H](OC(=O)Nc2ccc(I)cc2)C1,6.7447274948966935,457.31200000000007,2.958100000000001,2,4,0
1792911,CHEMBL218393,IC50,=,181.0,nM,6.74,CHEMBL284,Dipeptidyl peptidase 4,CC(C)(CC(=O)NCCc1ccc(Cl)c(Cl)c1)NCC(=O)N1CCC[C@H]1C#N,6.7423214251308154,425.36000000000024,2.9249800000000015,2,4,0
2572487,CHEMBL482262,IC50,=,181.0,nM,6.74,CHEMBL284,Dipeptidyl peptidase 4,N#C[C@@H]1C[C@H](F)CN1C(=O)CN[C@H]1[C@@H]2CN(c3nccc(C(F)(F)F)n3)C[C@@H]21,6.7423214251308154,398.3640000000001,0.9821800000000004,1,6,0
1855530,CHEMBL223060,IC50,=,181.0,nM,6.74,CHEMBL284,Dipeptidyl peptidase 4,O=C([C@@H]1C[C@H](NCc2ccccc2)CN1)N1CCSC1,6.7423214251308154,291.42,1.0396,2,4,0
1488600,CHEMBL192733,IC50,=,182.0,nM,6.74,CHEMBL284,Dipeptidyl peptidase 4,COCC(Cc1ccccc1)NC(=O)C[C@H](N)C(=O)N1CCC[C@H]1C#N,6.739928612014925,358.4420000000002,0.5922800000000016,2,5,0
848678,CHEMBL3084818,IC50,=,183.0,nM,6.74,CHEMBL284,Dipeptidyl peptidase 4,CC(C)N(C(=O)O[C@@]12C[C@@H]3C[C@@H](C[C@](NCC(=O)N4CCC[C@H]4C#N)(C3)C1)C2)C(C)C,6.73754891026957,430.5930000000003,3.437380000000002,1,5,0
25050685,CHEMBL5287906,IC50,=,185.0,nM,6.73,CHEMBL284,Dipeptidyl peptidase 4,CC#CCn1c(N2CCC[C@@H](N)C2)cc(=O)n(Cc2cn(-c3ccccc3)nn2)c1=O,6.732828271596986,419.4890000000001,0.5897999999999999,1,6,0
2572484,CHEMBL480536,IC50,=,186.0,nM,6.73,CHEMBL284,Dipeptidyl peptidase 4,N#C[C@@H]1C[C@H](F)CN1C(=O)CN[C@H]1[C@@H]2CN(c3nc4ccccc4s3)C[C@@H]21,6.730487055782084,385.4680000000002,1.78308,1,6,0
2572485,CHEMBL482104,IC50,=,186.0,nM,6.73,CHEMBL284,Dipeptidyl peptidase 4,N#C[C@@H]1C[C@H](F)CN1C(=O)CN[C@H]1[C@@H]2CN(c3cnc4ccccc4n3)C[C@@H]21,6.730487055782084,380.42700000000013,1.11658,1,6,0
18293684,CHEMBL4129968,IC50,=,188.7,nM,6.72,CHEMBL284,Dipeptidyl peptidase 4,Cc1cc(C)cc(Cn2c(=O)cc(N3CCC[C@@H](N)C3)n(Cc3cc(F)ccc3C#N)c2=O)c1,6.724228099835068,461.5410000000002,2.6617200000000008,1,5,0
29316312,CHEMBL6190892,IC50,=,190.0,nM,6.72,CHEMBL284,Dipeptidyl peptidase 4,N[C@H](Cc1cc(F)c(F)cc1F)Cn1cc(CO)nn1,6.721246399047171,286.25699999999995,0.7577,2,4,0
29316310,CHEMBL6190034,IC50,=,190.0,nM,6.72,CHEMBL284,Dipeptidyl peptidase 4,N[C@H](Cc1cc(F)c(F)cc1F)Cn1cc(-c2ccccc2)nn1,6.721246399047171,332.329,2.9324000000000012,1,3,0
148825,CHEMBL1790478,IC50,=,190.0,nM,6.72,CHEMBL284,Dipeptidyl peptidase 4,C[C@@H](O)[C@H](N)C(=O)N1CCC[C@H]1B(O)O,6.721246399047171,216.046,-2.302499999999998,4,5,0
29316313,CHEMBL6192284,IC50,=,190.0,nM,6.72,CHEMBL284,Dipeptidyl peptidase 4,COc1ccc(-c2cn(C[C@H](N)Cc3cc(F)c(F)cc3F)nn2)cc1,6.721246399047171,362.355,2.9410000000000016,1,4,0
2258959,CHEMBL469538,IC50,=,190.0,nM,6.72,CHEMBL284,Dipeptidyl peptidase 4,N[C@@H](CC(=O)NC1(c2nccs2)CCS(=O)(=O)CC1)Cc1ccccc1F,6.721246399047171,411.5240000000002,1.7623999999999995,2,6,0
1985713,CHEMBL237341,IC50,=,190.0,nM,6.72,CHEMBL284,Dipeptidyl peptidase 4,N[C@H]1CN(c2cc(-c3cccc(Cl)c3)ncn2)C[C@@H]1c1cc(F)c(F)cc1F,6.721246399047171,404.8230000000001,4.145400000000003,1,4,0
1793261,CHEMBL219602,IC50,=,190.0,nM,6.72,CHEMBL284,Dipeptidyl peptidase 4,C[C@H](c1nc(-c2ccc(S(N)(=O)=O)cc2)no1)[C@H](N)C(=O)N1CCCC1,6.721246399047171,379.44200000000023,0.4372000000000005,2,7,0
1958910,CHEMBL389600,IC50,=,190.0,nM,6.72,CHEMBL284,Dipeptidyl peptidase 4,CCOC(=O)c1nnc2n1CCN(C(=O)C[C@H](N)Cc1cc(F)ccc1F)C2,6.721246399047171,393.3940000000001,1.0353000000000008,1,6,0
1792897,CHEMBL216453,IC50,=,190.0,nM,6.72,CHEMBL284,Dipeptidyl peptidase 4,CC(C)(CC(=O)NCc1ccc(C(F)(F)F)cc1)NCC(=O)N1CCC[C@H]1C#N,6.721246399047171,410.4400000000002,2.594480000000001,2,4,0
320945,CHEMBL278558,IC50,=,190.0,nM,6.72,CHEMBL284,Dipeptidyl peptidase 4,N[C@H](C(=O)N1CCCC1)[C@H]1CC[C@H](NC(=O)c2ccc(F)c(F)c2)CC1,6.721246399047171,365.4240000000001,2.2031,2,3,0
835423,CHEMBL96748,IC50,=,192.0,nM,6.72,CHEMBL284,Dipeptidyl peptidase 4,CC(C)NCC(=O)N1CCC[C@H]1C#N,6.716698771296451,195.26599999999996,0.4989799999999995,1,3,0
14579390,CHEMBL3236105,IC50,=,193.0,nM,6.71,CHEMBL284,Dipeptidyl peptidase 4,CS(=O)(=O)c1ccc(N2C[C@H](CN)[C@@H](c3cc(F)ccc3F)CC2=O)cc1,6.714442690992226,394.4430000000001,2.463700000000001,1,4,0
10991391,CHEMBL2069829,IC50,=,194.0,nM,6.71,CHEMBL284,Dipeptidyl peptidase 4,N[C@@H](CC(=O)N1CCN(c2ccc([N+](=O)[O-])cc2F)CC1)Cc1cc(F)c(F)cc1F,6.7121982700697735,440.3970000000002,2.759900000000001,1,5,0
1485953,CHEMBL191866,IC50,=,195.0,nM,6.71,CHEMBL284,Dipeptidyl peptidase 4,COc1ccc2c(c1)C(C(C)(C)C)N(C(=O)C[C@H](N)C(=O)N1CCC[C@H]1C#N)CC2,6.709965388637482,412.5340000000003,2.3990800000000005,1,5,0
16326371,CHEMBL3644796,IC50,=,197.0,nM,6.71,CHEMBL284,Dipeptidyl peptidase 4,CC(C)(C)c1nc2c(c(C(F)(F)F)n1)CCN(C(=O)C[C@H](N)CN1C(=O)CCC(F)C1O)C2,6.705533773838407,475.4870000000003,1.6739,2,6,0
1792888,CHEMBL385637,IC50,=,197.0,nM,6.71,CHEMBL284,Dipeptidyl peptidase 4,CC(C)(CC(=O)Nc1ccc(F)cc1)NCC(=O)N1CCC[C@H]1C#N,6.705533773838407,346.4060000000001,2.0370799999999996,2,4,0
14579412,CHEMBL3236127,IC50,=,197.0,nM,6.71,CHEMBL284,Dipeptidyl peptidase 4,NC[C@H]1CN(CCc2ccncc2)C(=O)C[C@@H]1c1ccc(Cl)cc1Cl,6.705533773838407,378.3030000000001,3.5219000000000023,1,3,0
13441652,CHEMBL2424672,IC50,=,198.0,nM,6.7,CHEMBL284,Dipeptidyl peptidase 4,CC#CCn1c(N2CCC[C@@H](N)C2)cc(=O)n(C)c1=O,6.703334809738469,276.34000000000003,-0.5021999999999986,1,4,0
1963700,CHEMBL428894,IC50,=,200.0,nM,6.7,CHEMBL284,Dipeptidyl peptidase 4,COc1cc2c(cc1OC)[C@@H]1C[C@H](N)[C@@H](c3ccccc3)CN1CC2,6.698970004336019,338.45100000000014,3.1178000000000017,1,4,0
2008926,CHEMBL235792,IC50,=,200.0,nM,6.7,CHEMBL284,Dipeptidyl peptidase 4,CC#CCn1c(N2CCNCC2)nc2c1c(=O)n(C)c(=O)n2C,6.698970004336019,316.36500000000007,-1.1333999999999982,1,5,0
17660169,CHEMBL3686752,IC50,=,200.0,nM,6.7,CHEMBL284,Dipeptidyl peptidase 4,N[C@@H](CC(=O)O)C(=O)N1CCC[C@H]1B(O)O,6.698970004336019,230.02899999999997,-2.2085999999999983,4,5,0
1793289,CHEMBL438992,IC50,=,200.0,nM,6.7,CHEMBL284,Dipeptidyl peptidase 4,C[C@H](c1nc(-c2ccc(Cl)cc2Cl)no1)[C@H](N)C(=O)N1CCCC1.O=C(O)C(F)(F)F,6.698970004336019,483.2740000000003,3.7299000000000015,2,6,0
22812743,CHEMBL4751873,IC50,=,200.0,nM,6.7,CHEMBL284,Dipeptidyl peptidase 4,N#C[C@@H]1CC(F)(F)CN1C(=O)CNC(=O)c1csc(Cc2ccccc2Br)n1,6.698970004336019,469.31100000000015,2.9859800000000014,1,5,0
2462059,CHEMBL488484,IC50,=,200.0,nM,6.7,CHEMBL284,Dipeptidyl peptidase 4,N[C@@H](CC(=O)N1CCC[C@H]1CO)Cc1cc(F)ccc1F,6.698970004336019,298.33299999999997,1.2079999999999995,2,3,0
1985685,CHEMBL438309,IC50,=,200.0,nM,6.7,CHEMBL284,Dipeptidyl peptidase 4,COc1ccccc1[C@@H]1CN(c2nc3c(cc2F)c(=O)c(C(=O)O)cn3C2CC2)C[C@@H]1N,6.698970004336019,438.45900000000023,2.5084,2,6,0
13903923,CHEMBL3112957,IC50,=,200.0,nM,6.7,CHEMBL284,Dipeptidyl peptidase 4,NC[C@]1(c2cccc(Cl)c2)CC[C@H](n2ncccc2=O)CC1,6.698970004336019,317.8200000000001,2.908500000000002,1,3,0
5192931,CHEMBL1650421,IC50,=,200.0,nM,6.7,CHEMBL284,Dipeptidyl peptidase 4,N#Cc1ccccc1Cn1c(N2CCC[C@@H](N)C2)ncc(N2CCCC2)c1=O,6.698970004336019,378.4800000000002,1.69098,1,6,0
1447613,CHEMBL363542,IC50,=,200.0,nM,6.7,CHEMBL284,Dipeptidyl peptidase 4,N#Cc1ccc(NCCNCC(=O)N2N=CC[C@H]2C#N)nc1,6.698970004336019,297.322,0.0650599999999994,2,7,0
5237552,CHEMBL1683120,IC50,=,200.0,nM,6.7,CHEMBL284,Dipeptidyl peptidase 4,NC(=O)[C@H]1CCCN([C@H]2CC[C@H]([C@H](N)Cc3cc(F)ccc3F)CC2)C1,6.698970004336019,365.4680000000002,2.5907,2,3,0
729165,CHEMBL319514,IC50,=,200.0,nM,6.7,CHEMBL284,Dipeptidyl peptidase 4,C[C@H](N)C(=O)N1CCC[C@H]1C#N,6.698970004336019,167.212,-0.15182,1,3,0
10982100,CHEMBL2063027,IC50,=,200.0,nM,6.7,CHEMBL284,Dipeptidyl peptidase 4,C[C@H](N)C(=O)N1CC(=O)C[C@H]1B(O)O,6.698970004336019,200.003,-2.484399999999998,3,5,0
1717926,CHEMBL381111,IC50,=,201.0,nM,6.7,CHEMBL284,Dipeptidyl peptidase 4,CC1(NCC(=O)N2[C@H](C#N)CC[C@@H]2C#N)CCCC1,6.696803942579511,260.34099999999995,1.3154599999999992,1,4,0
5236281,CHEMBL1683477,IC50,=,204.0,nM,6.69,CHEMBL284,Dipeptidyl peptidase 4,COC(=O)C1SCCN1C(=O)C[C@H](N)Cc1cc(F)c(F)cc1F.Cl,6.690369832574102,398.834,1.8600999999999996,1,5,0
3302956,CHEMBL1083916,IC50,=,204.0,nM,6.69,CHEMBL284,Dipeptidyl peptidase 4,CC(C)NC(=O)O[C@H]1C[C@H]2C[C@@H](NCC(=O)N3CCC[C@H]3C#N)C[C@H]2C1.Cl,6.690369832574102,398.9350000000001,2.2041799999999996,2,5,0
2697722,CHEMBL558313,IC50,=,205.0,nM,6.69,CHEMBL284,Dipeptidyl peptidase 4,Cl.N#C[C@@H]1CS[C@H]2C[C@](N)(CCc3ccccc3)C(=O)N12,6.688246138944246,323.849,1.93588,1,4,0
27811418,CHEMBL6033078,IC50,=,205.0,nM,6.69,CHEMBL284,Dipeptidyl peptidase 4,N#Cc1ccc2ccc3c(c2c1)CC(N)C(c1cc(F)c(F)cc1F)O3,6.688246138944246,354.331,4.132280000000002,1,3,0
16763217,CHEMBL3942715,IC50,=,205.2,nM,6.69,CHEMBL284,Dipeptidyl peptidase 4,N#Cc1ccc2ccc3c(c2c1)C[C@@H](N)[C@H](c1cc(F)c(F)cc1F)O3,6.687822643560222,354.331,4.132280000000002,1,3,0
16350569,CHEMBL3644800,IC50,=,206.0,nM,6.69,CHEMBL284,Dipeptidyl peptidase 4,N[C@@H](CC(=O)N1CCc2c(nc(-c3ccncc3)nc2C(F)(F)F)C1)CN1C(=O)CCC(F)C1O,6.686132779630847,496.46500000000026,1.4383999999999997,2,7,0
16763212,CHEMBL3952716,IC50,=,206.71,nM,6.68,CHEMBL284,Dipeptidyl peptidase 4,N[C@@H]1Cc2c(ccc3ccc(=O)oc23)O[C@H]1c1cc(F)c(F)cc1F,6.684638513020665,347.292,3.2138000000000018,1,4,0
1792887,CHEMBL216383,IC50,=,207.0,nM,6.68,CHEMBL284,Dipeptidyl peptidase 4,CC(C)(CC(=O)Nc1ccccc1)NCC(=O)N1CCC[C@H]1C#N,6.684029654543083,328.41600000000017,1.8979799999999996,2,4,0
27811391,CHEMBL6011250,IC50,=,207.0,nM,6.68,CHEMBL284,Dipeptidyl peptidase 4,NC1Cc2c(ccc3ccc(=O)oc23)OC1c1cc(F)c(F)cc1F,6.684029654543083,347.292,3.2138000000000018,1,4,0
18934795,CHEMBL4458307,IC50,=,208.0,nM,6.68,CHEMBL284,Dipeptidyl peptidase 4,O=C(CCCO)N[C@@H](CC(=O)N1CCn2c(nnc2C(F)(F)F)C1)Cc1cc(F)c(F)cc1F,6.681936665037238,493.4080000000002,1.9465,2,5,0
1717946,CHEMBL377320,IC50,=,208.0,nM,6.68,CHEMBL284,Dipeptidyl peptidase 4,CC(C)(C)CC(C)(C)NCC(=O)N1[C@H](C#N)CC[C@@H]1C#N,6.681936665037238,290.411,2.19756,1,4,0
2068815,CHEMBL557219,IC50,=,209.0,nM,6.68,CHEMBL284,Dipeptidyl peptidase 4,C[C@H]1c2nnc(C(F)(F)F)n2[C@@H](C)CN1C(=O)C[C@H](N)Cc1cc(F)c(F)cc1F.Cl,6.679853713888946,471.83300000000014,3.560300000000002,1,4,0
13856207,CHEMBL3093901,IC50,=,209.0,nM,6.68,CHEMBL284,Dipeptidyl peptidase 4,N#C[C@@H]1CCCN1C(=O)[C@@H](N)Cc1cccc(C(F)(F)F)c1,6.679853713888946,311.307,2.0897799999999993,1,3,0
1905784,CHEMBL390193,IC50,=,210.0,nM,6.68,CHEMBL284,Dipeptidyl peptidase 4,N[C@H]1CN(c2ccccc2)CC[C@@H]1c1cc(F)c(F)cc1F.O=C(O)C(F)(F)F,6.6777807052660805,420.353,4.0584000000000024,2,3,0
1970042,CHEMBL233996,IC50,=,210.0,nM,6.68,CHEMBL284,Dipeptidyl peptidase 4,Cc1nc(C(=O)[C@@H]2CCCN2C(=O)CNC23CC4CC(CC(C4)C2)C3)no1,6.6777807052660805,372.4690000000002,2.1101199999999993,1,6,0
2026080,CHEMBL246169,IC50,=,210.0,nM,6.68,CHEMBL284,Dipeptidyl peptidase 4,CC(=O)N(C)c1ccc([C@H](C)[C@H](N)C(=O)N2CC[C@H](F)C2)cc1.O=C(O)C(F)(F)F,6.6777807052660805,435.41800000000006,2.3037999999999994,2,4,0
678255,CHEMBL23880,IC50,=,210.0,nM,6.68,CHEMBL284,Dipeptidyl peptidase 4,N[C@H](C(=O)N1CC[C@H](F)C1)[C@H]1CC[C@H](NC(=O)c2ccccc2C(F)(F)F)CC1,6.6777807052660805,415.4310000000001,2.891700000000002,2,3,0
566179,CHEMBL172631,IC50,=,210.0,nM,6.68,CHEMBL284,Dipeptidyl peptidase 4,N[C@H](C(=O)N1CCSC1)[C@H]1CC[C@@H](OC(=O)Nc2cccc(F)c2)C1,6.6777807052660805,367.446,2.4031,2,5,0
12718706,CHEMBL2346919,IC50,=,211.9,nM,6.67,CHEMBL284,Dipeptidyl peptidase 4,CC#CCn1c(N2CCC[C@@H](N)C2)nc2ccn(C)c2c1=O,6.673869043289206,299.3780000000001,0.6857999999999994,1,4,0
1488473,CHEMBL191274,IC50,=,212.0,nM,6.67,CHEMBL284,Dipeptidyl peptidase 4,CC(C)C(NC(=O)C[C@H](N)C(=O)N1CCC[C@H]1C#N)c1ccccc1,6.673664139071248,342.443,1.7318800000000003,2,4,0
5236282,CHEMBL1683478,IC50,=,212.0,nM,6.67,CHEMBL284,Dipeptidyl peptidase 4,Cl.N[C@@H](CC(=O)N1CCSC1C(=O)NCC(=O)O)Cc1cc(F)c(F)cc1F,6.673664139071248,441.85900000000015,0.8878999999999997,3,5,0
14579389,CHEMBL3236104,IC50,=,217.0,nM,6.66,CHEMBL284,Dipeptidyl peptidase 4,COc1ccc(N2C[C@H](CN)[C@@H](c3cc(F)ccc3F)CC2=O)cc1,6.663540266151471,346.37700000000007,3.0688000000000013,1,3,0
18934796,CHEMBL4537702,IC50,=,217.0,nM,6.66,CHEMBL284,Dipeptidyl peptidase 4,O=C(CO)N[C@@H](CC(=O)N1CCn2c(nnc2C(F)(F)F)C1)Cc1cc(F)c(F)cc1F,6.663540266151471,465.3540000000001,1.1662999999999994,2,5,0
856543,CHEMBL323129,IC50,=,218.0,nM,6.66,CHEMBL284,Dipeptidyl peptidase 4,CC(C)(N)C(O)NCC(=O)N1CCC[C@H]1C#N,6.661543506395395,240.30699999999996,-0.8537199999999989,3,5,0
1958905,CHEMBL233686,IC50,=,219.0,nM,6.66,CHEMBL284,Dipeptidyl peptidase 4,CCOC(=O)c1nnc2n1CCN(C(=O)C[C@H](N)Cc1cc(F)c(F)cc1F)C2,6.6595558851598815,411.3840000000001,1.1744000000000006,1,6,0
1987819,CHEMBL235198,IC50,=,220.0,nM,6.66,CHEMBL284,Dipeptidyl peptidase 4,CN(C)C(=O)[C@@H]([C@H]1CC[C@@H](C2CCc3ncnn3C2)CC1)[C@H](N)C(=O)N1CCC(F)(F)C1,6.657577319177793,452.5500000000003,1.5462000000000002,1,5,0
1519712,CHEMBL369894,IC50,=,220.0,nM,6.66,CHEMBL284,Dipeptidyl peptidase 4,Cn1nc(C(F)(F)C(F)(F)F)c2c1CCN(C(=O)C[C@H](N)Cc1cc(F)ccc1F)C2,6.657577319177793,452.3740000000002,3.1972000000000023,1,3,0
15094919,CHEMBL3330052,IC50,=,220.0,nM,6.66,CHEMBL284,Dipeptidyl peptidase 4,N#C[C@@H]1C[C@H](F)CN1C(=O)C[C@H](N)Cc1cccc(F)c1,6.657577319177793,293.317,1.54818,1,3,0
15094921,CHEMBL3330050,IC50,=,220.0,nM,6.66,CHEMBL284,Dipeptidyl peptidase 4,N#C[C@@H]1C[C@H](F)CN1C(=O)C[C@H](N)Cc1ccccc1Cl,6.657577319177793,309.77200000000005,2.06248,1,3,0
15714205,CHEMBL3616909,IC50,=,220.0,nM,6.66,CHEMBL284,Dipeptidyl peptidase 4,CC#CCn1c(N2CCNCC2)nc2c1c(=O)n(Cc1ccc(-n3cncn3)cc1)c(=O)n2C,6.657577319177793,459.5140000000002,-0.0413999999999983,1,7,0
1963699,CHEMBL234046,IC50,=,220.0,nM,6.66,CHEMBL284,Dipeptidyl peptidase 4,COc1cc2c(cc1OC)[C@@H]1CC(N)[C@@H](c3ccccc3)CN1CC2,6.657577319177793,338.45100000000014,3.1178000000000017,1,4,0
18164874,CHEMBL4089584,IC50,=,220.0,nM,6.66,CHEMBL284,Dipeptidyl peptidase 4,Cc1ccc(-c2c(CN)n(CC(C)C)c(=O)c3ccc(OCC(N)=O)cc23)cc1,6.657577319177793,393.4870000000002,2.9557200000000003,2,4,0
5237558,CHEMBL1683126,IC50,=,220.0,nM,6.66,CHEMBL284,Dipeptidyl peptidase 4,CN(Cc1cccc(C#N)c1)[C@H]1CC[C@H]([C@H](N)Cc2cc(F)ccc2F)CC1,6.657577319177793,383.4860000000001,4.397080000000003,1,3,0
2047457,CHEMBL400278,IC50,=,220.0,nM,6.66,CHEMBL284,Dipeptidyl peptidase 4,CC(C)Cn1c(C(F)(F)F)nc2c1CCN(C(=O)C[C@H](N)Cc1cc(F)ccc1F)C2,6.657577319177793,444.4480000000002,3.680900000000002,1,3,0
576149,CHEMBL168281,IC50,=,220.0,nM,6.66,CHEMBL284,Dipeptidyl peptidase 4,N[C@H](C(=O)N1CCCC1)[C@H]1CC[C@H](NS(=O)(=O)c2ccc(S(=O)(=O)C(F)(F)F)cc2)C1,6.657577319177793,483.53400000000016,1.3767999999999996,2,6,0
2572483,CHEMBL480537,IC50,=,221.0,nM,6.66,CHEMBL284,Dipeptidyl peptidase 4,N#C[C@@H]1C[C@H](F)CN1C(=O)CN[C@H]1[C@@H]2CN(c3nc4ccccc4o3)C[C@@H]21,6.655607726314889,369.40000000000015,1.31458,1,6,0
1970048,CHEMBL231697,IC50,=,223.0,nM,6.65,CHEMBL284,Dipeptidyl peptidase 4,CC(C)(CO)NCC(=O)N1CCC[C@H]1C(=O)c1noc(C(C)(C)C)n1,6.651695136951839,352.4350000000001,0.9012999999999992,2,7,0
2507986,CHEMBL482154,IC50,=,223.0,nM,6.65,CHEMBL284,Dipeptidyl peptidase 4,Cl.N[C@@H](CC(=O)N1CCCN(C(=O)c2ccc(C(=O)O)cc2)CC1)Cc1cc(F)c(F)cc1F,6.651695136951839,499.9170000000002,2.858500000000001,2,4,0
12588814,CHEMBL1186902,IC50,=,223.0,nM,6.65,CHEMBL284,Dipeptidyl peptidase 4,N[C@@H](CC(=O)N1CCCN(C(=O)c2ccc(C(=O)O)cc2)CC1)Cc1cc(F)c(F)cc1F,6.651695136951839,463.4560000000002,2.436700000000001,2,4,0
1970041,CHEMBL232111,IC50,=,224.0,nM,6.65,CHEMBL284,Dipeptidyl peptidase 4,Cc1nnc(C(=O)[C@@H]2CSCN2C(=O)CNC23CC4CC(CC(C4)C2)C3)o1,6.649751981665837,390.50900000000024,2.020619999999999,1,7,0
1450937,CHEMBL184071,IC50,=,225.0,nM,6.65,CHEMBL284,Dipeptidyl peptidase 4,CN1CCN(C(=O)C[C@H](N)Cc2ccccc2F)[C@H](Cc2ccccc2)C1,6.647817481888637,369.4840000000001,2.4709000000000003,1,3,0
1792890,CHEMBL386326,IC50,=,225.0,nM,6.65,CHEMBL284,Dipeptidyl peptidase 4,CC(C)(CC(=O)Nc1ccc(F)c(F)c1)NCC(=O)N1CCC[C@H]1C#N,6.647817481888637,364.3960000000002,2.1761799999999996,2,4,0
29231834,CHEMBL6162166,IC50,=,226.0,nM,6.65,CHEMBL284,Dipeptidyl peptidase 4,Cc1nc(N2CCn3c(nnc3C(F)(F)F)C2)nc(C)c1CC(=O)O,6.645891560852599,356.3080000000001,1.3510400000000002,1,6,0
1727620,CHEMBL378086,IC50,=,228.0,nM,6.64,CHEMBL284,Dipeptidyl peptidase 4,O=C([C@@H]1CN[C@H](C(=O)N2CC[C@@H](F)C2)C1)N1Cc2ccccc2C1,6.642065152999546,331.391,1.0772999999999997,1,3,0
1855512,CHEMBL228032,IC50,=,228.0,nM,6.64,CHEMBL284,Dipeptidyl peptidase 4,N#Cc1ccc(CN(C(=O)c2ccc(C#N)cc2)[C@@H]2CN[C@H](C(=O)N3CCSC3)C2)cc1,6.642065152999546,445.5480000000003,2.3357600000000005,1,6,0
837823,CHEMBL328794,IC50,=,228.0,nM,6.64,CHEMBL284,Dipeptidyl peptidase 4,N#C[C@@H]1CCCN1C(=O)CNC1CCN(c2nc3ccccc3s2)CC1,6.642065152999546,369.49400000000014,2.36928,1,6,0
2572502,CHEMBL480154,IC50,=,229.0,nM,6.64,CHEMBL284,Dipeptidyl peptidase 4,CCOC(=O)c1ccc(N2C[C@@H]3[C@H](C2)[C@H]3NCC(=O)N2C[C@@H](F)C[C@H]2C#N)cc1,6.640164517660112,400.4540000000001,1.3500800000000002,1,6,0
572554,CHEMBL169812,IC50,=,230.0,nM,6.64,CHEMBL284,Dipeptidyl peptidase 4,N[C@H](C(=O)N1CCCC1)[C@H]1CC[C@@H](NC(=O)c2cccc3ccccc23)C1,6.638272163982407,365.4770000000001,2.6880000000000006,2,3,0
1985716,CHEMBL236707,IC50,=,230.0,nM,6.64,CHEMBL284,Dipeptidyl peptidase 4,CC(=O)c1ccccc1-c1cc(N2C[C@H](c3cc(F)c(F)cc3F)[C@@H](N)C2)ncn1,6.638272163982407,412.4150000000001,3.694600000000002,1,5,0
2047458,CHEMBL398492,IC50,=,230.0,nM,6.64,CHEMBL284,Dipeptidyl peptidase 4,CCn1c(C(F)(F)F)nc2c1CN(C(=O)C[C@H](N)Cc1cc(F)ccc1F)CC2,6.638272163982407,416.3940000000002,3.044800000000002,1,3,0
1411938,CHEMBL537844,IC50,=,231.0,nM,6.64,CHEMBL284,Dipeptidyl peptidase 4,CCc1nnc2n1CCN(C(=O)C[C@H](N)Cc1ccc(F)c(F)c1)C2.Cl,6.636388020107856,385.84600000000006,1.8428,1,4,0
1792910,CHEMBL217290,IC50,=,232.0,nM,6.63,CHEMBL284,Dipeptidyl peptidase 4,COc1ccc(CCNC(=O)CC(C)(C)NCC(=O)N2CCC[C@H]2C#N)cc1OC,6.634512015109101,416.5220000000002,1.6353800000000007,2,6,0
18662287,CHEMBL4246222,IC50,=,232.8,nM,6.63,CHEMBL284,Dipeptidyl peptidase 4,NCc1c(-c2ccc(Cl)cc2Cl)n(C[SH](=O)=O)c2ccccc12,6.633017024022149,369.2730000000001,3.6427000000000014,2,3,0
1958904,CHEMBL233891,IC50,=,234.0,nM,6.63,CHEMBL284,Dipeptidyl peptidase 4,CC(C)(C)NC(=O)c1nnc2n1CCN(C(=O)C[C@H](N)Cc1cc(F)c(F)cc1F)C2,6.6307841425898575,438.4540000000001,1.5259999999999998,2,5,0
1792907,CHEMBL274103,IC50,=,236.0,nM,6.63,CHEMBL284,Dipeptidyl peptidase 4,CC(C)(CC(=O)NCCc1ccc(C(F)(F)F)cc1)NCC(=O)N1CCC[C@H]1C#N,6.627087997029894,424.4670000000002,2.636980000000001,2,4,0
1717945,CHEMBL211024,IC50,=,237.0,nM,6.62,CHEMBL284,Dipeptidyl peptidase 4,N#C[C@@H]1CC[C@H](C#N)N1C(=O)CN[C@H]1C[C@@H]2CC[C@H]1C2,6.6252516539898965,272.35200000000003,1.1713599999999993,1,4,0
1485975,CHEMBL365113,IC50,=,238.0,nM,6.62,CHEMBL284,Dipeptidyl peptidase 4,N#C[C@@H]1CCCN1C(=O)[C@@H](N)CC(=O)NCc1ccccc1,6.623423042943488,300.362,0.5347800000000005,2,4,0
1792896,CHEMBL216377,IC50,=,239.0,nM,6.62,CHEMBL284,Dipeptidyl peptidase 4,CC(C)(CC(=O)NCc1ccccc1)NCC(=O)N1CCC[C@H]1C#N,6.621602099051862,342.44300000000015,1.5756799999999995,2,4,0
1496182,CHEMBL191858,IC50,=,240.0,nM,6.62,CHEMBL284,Dipeptidyl peptidase 4,C[C@@H](c1ccc(-c2ccccn2)cc1)[C@H](N)C(=O)N1CC[C@H](F)C1.O=C(O)C(F)(F)F,6.619788758288394,441.4250000000002,3.3831000000000007,2,4,0
582257,CHEMBL352354,IC50,=,240.0,nM,6.62,CHEMBL284,Dipeptidyl peptidase 4,COc1ccc(NC(=O)O[C@@H]2CC[C@H]([C@H](N)C(=O)N3CCSC3)C2)cc1,6.619788758288394,379.48200000000014,2.2725999999999997,2,6,0
738099,CHEMBL37655,IC50,=,240.0,nM,6.62,CHEMBL284,Dipeptidyl peptidase 4,NCc1c(N)nc(-c2cccc(Cl)c2)nc1-c1ccc(Cl)cc1Cl,6.619788758288394,379.6780000000001,4.811700000000002,2,4,0
5192936,CHEMBL1650416,IC50,=,240.0,nM,6.62,CHEMBL284,Dipeptidyl peptidase 4,N#Cc1ccccc1Cn1c(N2CCC[C@@H](N)C2)ncc(-c2ccccc2F)c1=O,6.619788758288394,403.46100000000007,2.8968800000000012,1,5,0
1501501,CHEMBL191812,IC50,=,240.0,nM,6.62,CHEMBL284,Dipeptidyl peptidase 4,C[C@@H](c1ccc(-c2cc(F)cc(F)c2)cc1)[C@H](N)C(=O)N1CC[C@H](F)C1.O=C(O)C(F)(F)F,6.619788758288394,476.4170000000002,4.266300000000004,2,3,0
18662271,CHEMBL9352,IC50,=,240.0,nM,6.62,CHEMBL284,Dipeptidyl peptidase 4,O=C1C[C@@H](c2ccc(O)cc2)Oc2cc(O)cc(O)c21,6.619788758288394,272.25600000000003,2.509900000000002,3,5,0
837822,CHEMBL96071,IC50,=,242.0,nM,6.62,CHEMBL284,Dipeptidyl peptidase 4,CC1(C)C2CC(CNCC(=O)N3CCC[C@H]3C#N)CC1C2,6.616184634019569,289.42300000000006,2.1628799999999995,1,3,0
2462043,CHEMBL472124,IC50,=,245.0,nM,6.61,CHEMBL284,Dipeptidyl peptidase 4,C[C@@H](c1ccc(Br)cc1)[C@H](N)C(=O)N1CC[C@H](F)C1,6.610833915635467,329.2130000000001,2.4503000000000004,1,2,0
1727621,CHEMBL210590,IC50,=,245.0,nM,6.61,CHEMBL284,Dipeptidyl peptidase 4,O=C([C@@H]1CN[C@H](C(=O)N2CC[C@H](F)C2)C1)N1Cc2ccccc2C1,6.610833915635467,331.391,1.0772999999999997,1,3,0
25050518,CHEMBL5282739,IC50,=,247.0,nM,6.61,CHEMBL284,Dipeptidyl peptidase 4,N#C[C@@H]1CCCN1C(=O)C[C@@H](N)Cc1ccc(-c2cn(C3CC3)nn2)cc1,6.607303046740334,364.4530000000001,2.0544799999999994,1,5,0
1792908,CHEMBL384493,IC50,=,247.0,nM,6.61,CHEMBL284,Dipeptidyl peptidase 4,CC(C)(CC(=O)NCCc1cccc(C(F)(F)F)c1)NCC(=O)N1CCC[C@H]1C#N,6.607303046740334,424.4670000000002,2.636980000000001,2,4,0
20680798,CHEMBL4647956,IC50,=,247.0,nM,6.61,CHEMBL284,Dipeptidyl peptidase 4,Cl.N#C[C@@H]1CCCN1C(=O)[C@@H](N)Cc1ccc(-c2cn(C3CC3)nn2)cc1,6.607303046740334,386.8870000000001,2.0861799999999997,1,5,0
13856312,CHEMBL3093917,IC50,=,248.0,nM,6.61,CHEMBL284,Dipeptidyl peptidase 4,N#C[C@@H]1CCCN1C(=O)[C@@H](N)Cc1cccc(F)c1,6.605548319173784,261.3,1.2100799999999996,1,3,0
2047455,CHEMBL248788,IC50,=,250.0,nM,6.6,CHEMBL284,Dipeptidyl peptidase 4,N[C@@H](CC(=O)N1CCc2c(nc(C(F)(F)F)n2Cc2ccc(F)cc2)C1)Cc1cc(F)ccc1F,6.6020599913279625,496.4550000000002,4.2123000000000035,1,3,0
2047454,CHEMBL400761,IC50,=,250.0,nM,6.6,CHEMBL284,Dipeptidyl peptidase 4,N[C@@H](CC(=O)N1CCc2nc(C(F)(F)F)n(Cc3ccc(F)cc3)c2C1)Cc1cc(F)ccc1F,6.6020599913279625,496.45500000000015,4.2123000000000035,1,3,0
2047440,CHEMBL1204389,IC50,=,250.0,nM,6.6,CHEMBL284,Dipeptidyl peptidase 4,CC1c2nc(C3CC3)n(C)c2CCN1C(=O)C[C@H](N)Cc1cc(F)c(F)cc1F.Cl,6.6020599913279625,442.91300000000007,3.542400000000002,1,3,0
694018,CHEMBL277193,IC50,=,250.0,nM,6.6,CHEMBL284,Dipeptidyl peptidase 4,N[C@H](C(=O)N1C[C@@H](F)[C@H](F)C1)[C@H]1CC[C@H](NS(=O)(=O)c2ccc(F)cc2F)CC1,6.6020599913279625,437.4590000000002,1.6475999999999995,2,4,0
581025,CHEMBL171290,IC50,=,250.0,nM,6.6,CHEMBL284,Dipeptidyl peptidase 4,N[C@H](C(=O)N1CCCC1)[C@@H]1CC[C@H](NS(=O)(=O)c2ccc(S(N)(=O)=O)cc2)C1,6.6020599913279625,430.5520000000002,-0.2692999999999979,3,6,0
694016,CHEMBL23879,IC50,=,250.0,nM,6.6,CHEMBL284,Dipeptidyl peptidase 4,N[C@H](C(=O)N1CC[C@@H](F)C1)[C@H]1CC[C@H](NC(=O)c2ccccc2C(F)(F)F)CC1,6.6020599913279625,415.4310000000001,2.891700000000002,2,3,0
1519561,CHEMBL426469,IC50,=,250.0,nM,6.6,CHEMBL284,Dipeptidyl peptidase 4,Cc1[nH]nc2c1CN(C(=O)C[C@H](N)Cc1cc(F)ccc1F)CC2,6.6020599913279625,334.37000000000006,1.84112,2,3,0
13903922,CHEMBL3112969,IC50,=,250.0,nM,6.6,CHEMBL284,Dipeptidyl peptidase 4,NC[C@]1(c2cccc(Cl)c2)CC[C@H](N2CCCCC2)CC1,6.6020599913279625,306.8810000000001,3.9650000000000034,1,2,0
1463626,CHEMBL186308,IC50,=,250.0,nM,6.6,CHEMBL284,Dipeptidyl peptidase 4,CC(=O)Nc1ccc2c(=O)n(CC(C)C)c(CN)c(-c3ccccc3)c2c1,6.6020599913279625,363.461,3.741600000000002,2,3,0
8038735,CHEMBL1951606,IC50,=,250.0,nM,6.6,CHEMBL284,Dipeptidyl peptidase 4,CC#CCn1c(N2CCC[C@H](N)C2)c(C#N)c2c1c(=O)n(Cc1nc(C)c3ccccc3n1)c(=O)n2C,6.6020599913279625,496.5750000000003,1.6240999999999997,1,7,0
18164889,CHEMBL4085958,IC50,=,250.0,nM,6.6,CHEMBL284,Dipeptidyl peptidase 4,CC(C)(C)Cc1nc2ccc(OCC(N)=O)cc2c(-c2ccccc2)c1CN,6.6020599913279625,377.4880000000001,3.813200000000001,2,4,0
154815,CHEMBL292342,IC50,=,250.0,nM,6.6,CHEMBL284,Dipeptidyl peptidase 4,O=C([C@@H]1CCN1)N1CCC[C@H]1B(O)O,6.6020599913279625,198.03100000000003,-1.6486999999999996,3,4,0
1496042,CHEMBL191354,IC50,=,250.0,nM,6.6,CHEMBL284,Dipeptidyl peptidase 4,C[C@@H](c1ccc(Br)cc1)[C@H](N)C(=O)N1CC[C@H](F)C1.O=C(O)C(F)(F)F,6.6020599913279625,443.2350000000001,3.0836000000000015,2,3,0
16823211,CHEMBL3910158,IC50,=,250.0,nM,6.6,CHEMBL284,Dipeptidyl peptidase 4,CC#CCn1c(N2CCC[C@@H](N)C2)nc2c1c(=O)n(CCCN1CCC(C(=O)OC)CC1)c(=O)n2C,6.6020599913279625,499.6160000000005,0.1226000000000033,1,8,0
17763460,CHEMBL3912125,IC50,=,250.0,nM,6.6,CHEMBL284,Dipeptidyl peptidase 4,CC(C)=CCn1c(N2CCCC(N)C2)nc2c1c(=O)n(CC(=O)N1CCCCC1)c(=O)n2C,6.6020599913279625,457.5790000000004,0.802900000000002,1,6,0
2252399,CHEMBL498167,IC50,=,250.0,nM,6.6,CHEMBL284,Dipeptidyl peptidase 4,CC(C)Cn1c(CN)c(-c2ccccc2)c2ccccc2c1=O,6.6020599913279625,306.4090000000001,3.7832000000000026,1,2,0
2605864,CHEMBL515378,IC50,=,251.0,nM,6.6,CHEMBL284,Dipeptidyl peptidase 4,CC(C)(C)C(NC(=O)C[C@@H](N)C(=O)N1CCC[C@H]1C#N)c1ccccc1,6.600326278518962,356.47,2.1219800000000006,2,4,0
1488475,CHEMBL189220,IC50,=,251.0,nM,6.6,CHEMBL284,Dipeptidyl peptidase 4,CC(C)(C)C(NC(=O)C[C@H](N)C(=O)N1CCC[C@H]1C#N)c1ccccc1,6.600326278518962,356.47,2.1219800000000006,2,4,0
2191775,CHEMBL511128,IC50,=,252.0,nM,6.6,CHEMBL284,Dipeptidyl peptidase 4,CCN(CC)CC(C)(C)NCC(=O)N1C[C@@H](F)C[C@H]1C#N,6.598599459218456,298.406,1.1589800000000006,1,4,0
1792906,CHEMBL217339,IC50,=,252.0,nM,6.6,CHEMBL284,Dipeptidyl peptidase 4,Cc1ccc(CCNC(=O)CC(C)(C)NCC(=O)N2CCC[C@H]2C#N)cc1,6.598599459218456,370.4970000000001,1.9266,2,4,0
1488577,CHEMBL359759,IC50,=,252.0,nM,6.6,CHEMBL284,Dipeptidyl peptidase 4,N#C[C@@H]1CCCN1C(=O)[C@@H](N)CC(=O)NC(Cc1ccccc1)c1ccccc1,6.598599459218456,390.4870000000001,2.3185800000000008,2,4,0
1792889,CHEMBL384985,IC50,=,253.0,nM,6.6,CHEMBL284,Dipeptidyl peptidase 4,COc1ccc(NC(=O)CC(C)(C)NCC(=O)N2CCC[C@H]2C#N)cc1,6.5968794788241825,358.4420000000001,1.9065799999999995,2,5,0
2462042,CHEMBL471936,IC50,=,253.0,nM,6.6,CHEMBL284,Dipeptidyl peptidase 4,N[C@H](Cc1cc(F)ccc1F)c1ccc(-c2ccncc2)cc1,6.5968794788241825,310.347,4.269300000000002,1,2,0
22483373,CHEMBL4792546,IC50,=,254.0,nM,6.59,CHEMBL284,Dipeptidyl peptidase 4,N[C@@H](CCn1ccnn1)Cc1cc(F)c(F)cc1F,6.5951662833800615,270.258,1.6554999999999995,1,3,0
27811478,CHEMBL5964811,IC50,=,254.0,nM,6.59,CHEMBL284,Dipeptidyl peptidase 4,COc1cc2ccc3c(c2cc1OC)CC(N)C(c1ccccc1)O3,6.5951662833800615,335.403,3.860500000000002,1,4,0
1970031,CHEMBL232572,IC50,=,255.0,nM,6.59,CHEMBL284,Dipeptidyl peptidase 4,Cc1nnc(C(=O)[C@@H]2CCCN2C(=O)CNC(C)(C)CO)o1,6.5934598195660445,310.35400000000004,-0.087779999999999,2,7,0
847450,CHEMBL92710,IC50,=,256.0,nM,6.59,CHEMBL284,Dipeptidyl peptidase 4,CCC(CO)NCC(=O)N1CCC[C@H]1C#N,6.59176003468815,225.29199999999997,-0.1385200000000002,2,4,0
12078476,CHEMBL2159175,IC50,=,257.0,nM,6.59,CHEMBL284,Dipeptidyl peptidase 4,Cn1c(=O)c2c(-c3ccccc3)c(CN)c(N)nc2n(C)c1=O,6.590066876668706,311.345,0.3400999999999995,2,5,0
2507994,CHEMBL473830,IC50,=,260.0,nM,6.58,CHEMBL284,Dipeptidyl peptidase 4,Cl.N[C@@H](CC(=O)N1CCCN(C(=O)c2ccc(C(=O)O)o2)CC1)Cc1cc(F)c(F)cc1F,6.585026652029182,489.8780000000002,2.451500000000001,2,5,0
2047456,CHEMBL429829,IC50,=,260.0,nM,6.58,CHEMBL284,Dipeptidyl peptidase 4,CC(C)Cn1c(C(F)(F)F)nc2c1CN(C(=O)C[C@H](N)Cc1cc(F)ccc1F)CC2,6.585026652029182,444.4480000000002,3.680900000000002,1,3,0
5237526,CHEMBL1683095,IC50,=,260.0,nM,6.58,CHEMBL284,Dipeptidyl peptidase 4,CCN([C@H]1CC[C@H]([C@H](N)Cc2cc(F)ccc2F)CC1)S(C)(=O)=O,6.585026652029182,360.47000000000014,2.674900000000001,1,3,0
5237541,CHEMBL1683110,IC50,=,260.0,nM,6.58,CHEMBL284,Dipeptidyl peptidase 4,CCN(C(C)=O)[C@H]1CC[C@H]([C@H](N)Cc2cc(F)ccc2F)CC1,6.585026652029182,324.4150000000001,3.261800000000002,1,2,0
1987799,CHEMBL237783,IC50,=,260.0,nM,6.58,CHEMBL284,Dipeptidyl peptidase 4,CN(C)C(=O)[C@@H]([C@H]1CC[C@@H](c2cccc3ncnn32)CC1)[C@H](N)C(=O)N1CCC(F)(F)C1,6.585026652029182,448.5180000000003,1.9023999999999992,1,5,0
1519884,CHEMBL197352,IC50,=,260.0,nM,6.58,CHEMBL284,Dipeptidyl peptidase 4,N[C@@H](CC(=O)N1CCc2nc(-c3ccc(C(F)(F)F)cc3)sc2C1)Cc1cc(F)ccc1F,6.585026652029182,481.4900000000002,4.951900000000004,1,4,0
12078490,CHEMBL2159189,IC50,=,260.0,nM,6.58,CHEMBL284,Dipeptidyl peptidase 4,Cn1c(=O)c2c(-c3cc(F)ccc3Br)c(CN)c(O)nc2n(C)c1=O,6.585026652029182,409.2150000000002,1.3651,2,5,0
1987824,CHEMBL235223,IC50,=,260.0,nM,6.58,CHEMBL284,Dipeptidyl peptidase 4,COc1cc([C@H]2CC[C@H]([C@H](C(=O)N(C)C)[C@H](N)C(=O)N3CCC(F)(F)C3)CC2)nc(OC)n1,6.585026652029182,469.5330000000003,1.6669000000000005,1,7,0
1985718,CHEMBL236706,IC50,=,260.0,nM,6.58,CHEMBL284,Dipeptidyl peptidase 4,N[C@H]1CN(c2cc(-c3ccccc3Cl)ncn2)C[C@@H]1c1cc(F)c(F)cc1F,6.585026652029182,404.8230000000001,4.145400000000002,1,4,0
25491580,CHEMBL5430588,IC50,=,260.5,nM,6.58,CHEMBL284,Dipeptidyl peptidase 4,Nc1nc(NC2=NC(c3ccccc3)=CC(c3ccccc3)O2)nc(N2CCOCC2)n1,6.584192272364457,429.4840000000003,2.8709000000000007,2,9,0
1717944,CHEMBL210259,IC50,=,261.0,nM,6.58,CHEMBL284,Dipeptidyl peptidase 4,CC(C)(NCC(=O)N1[C@H](C#N)CC[C@@H]1C#N)c1ccccc1,6.583359492661719,296.37399999999997,1.9180599999999997,1,4,0
856541,CHEMBL317787,IC50,=,261.0,nM,6.58,CHEMBL284,Dipeptidyl peptidase 4,CCCCNCC(=O)N1CCC[C@H]1C#N,6.583359492661719,209.29299999999995,0.8906799999999997,1,3,0
17763449,CHEMBL3945052,IC50,=,264.0,nM,6.58,CHEMBL284,Dipeptidyl peptidase 4,COCCn1c(=O)c2c(nc(N3CCCC(N)C3)n2Cc2ccccc2C#N)n(C)c1=O,6.578396073130169,437.50400000000013,0.3905800000000026,1,7,0
1958920,CHEMBL243231,IC50,=,264.0,nM,6.58,CHEMBL284,Dipeptidyl peptidase 4,N[C@@H](CC(=O)N1CCn2c(nnc2C(F)(F)F)C1)Cc1ccc(Cl)cc1,6.578396073130169,387.7930000000001,2.2526,1,4,0
10991393,CHEMBL2069831,IC50,=,264.0,nM,6.58,CHEMBL284,Dipeptidyl peptidase 4,CC(O)c1ccc(N2CCN(C(=O)C[C@H](N)Cc3cc(F)c(F)cc3F)CC2)cc1,6.578396073130169,421.4630000000001,2.765900000000001,2,4,0
22483378,CHEMBL4745231,IC50,=,265.0,nM,6.58,CHEMBL284,Dipeptidyl peptidase 4,N[C@@H](Cc1cn(-c2cccc3ncccc23)nn1)Cc1cc(F)c(F)cc1F,6.576754126063192,383.37700000000007,3.3453000000000026,1,4,0
13421629,CHEMBL2418635,IC50,=,265.0,nM,6.58,CHEMBL284,Dipeptidyl peptidase 4,Cl.Cn1cc(-c2ccc(C[C@H](N)C(=O)N3CCC[C@H]3C#N)cc2)nn1,6.576754126063192,360.8490000000001,1.2882799999999994,1,5,0
25050520,CHEMBL5266542,IC50,=,265.0,nM,6.58,CHEMBL284,Dipeptidyl peptidase 4,Cn1cc(-c2ccc(C[C@H](N)CC(=O)N3CCC[C@H]3C#N)cc2)nn1,6.576754126063192,338.41499999999996,1.25658,1,5,0
29231831,CHEMBL6167712,IC50,=,266.0,nM,6.58,CHEMBL284,Dipeptidyl peptidase 4,CC1=C(CC(=O)N2CCCC2C#N)C(c2ccc(F)c(F)c2)NC(=O)N1,6.575118363368933,360.364,2.4973799999999997,2,3,0
835424,CHEMBL96160,IC50,=,266.0,nM,6.58,CHEMBL284,Dipeptidyl peptidase 4,CCCCCNCC(=O)N1CCC[C@H]1C#N,6.575118363368933,223.31999999999996,1.2807799999999996,1,3,0
1792894,CHEMBL217060,IC50,=,269.0,nM,6.57,CHEMBL284,Dipeptidyl peptidase 4,CC(C)(CC(=O)Nc1ccc(-c2ccccc2)cc1)NCC(=O)N1CCC[C@H]1C#N,6.570247719997592,404.51400000000024,3.564980000000001,2,4,0
15094983,CHEMBL3330066,IC50,=,270.0,nM,6.57,CHEMBL284,Dipeptidyl peptidase 4,N#C[C@@H]1C[C@@H]2CCC[C@@H]2N1C(=O)C[C@H](N)Cc1ccc(F)cc1,6.568636235841013,315.392,2.37878,1,3,0
1519721,CHEMBL373268,IC50,=,270.0,nM,6.57,CHEMBL284,Dipeptidyl peptidase 4,N[C@@H](CC(=O)N1CCc2n[nH]c(-c3ccc(F)cc3)c2C1)Cc1cc(F)ccc1F,6.568636235841013,414.43100000000015,3.3388000000000018,2,3,0
5237555,CHEMBL1683123,IC50,=,270.0,nM,6.57,CHEMBL284,Dipeptidyl peptidase 4,N[C@H](Cc1cc(F)ccc1F)[C@H]1CC[C@H](N2CCC[C@@H](O)C2)CC1,6.568636235841013,338.4420000000001,2.850100000000001,2,3,0
572562,CHEMBL355716,IC50,=,270.0,nM,6.57,CHEMBL284,Dipeptidyl peptidase 4,COc1ccc(NC(=O)O[C@H]2CC[C@H]([C@H](N)C(=O)N3CCCC3)C2)cc1,6.568636235841013,361.4420000000002,2.3621,2,5,0
1963701,CHEMBL391037,IC50,=,270.0,nM,6.57,CHEMBL284,Dipeptidyl peptidase 4,COc1cc2c(cc1OC)[C@@H]1C[C@@H](N)[C@@H](c3ccccc3)CN1CC2,6.568636235841013,338.45100000000014,3.1178000000000017,1,4,0
1450398,CHEMBL433572,IC50,=,270.0,nM,6.57,CHEMBL284,Dipeptidyl peptidase 4,N[C@@H](CC(=O)N1CCSC1)Cc1cc(F)ccc1F,6.568636235841013,286.347,1.7576,1,3,0
2410500,CHEMBL496863,IC50,=,270.0,nM,6.57,CHEMBL284,Dipeptidyl peptidase 4,CC(C)(C)OC(=O)N1CCC([C@H](N)Cc2cc(F)c(F)cc2F)CC1,6.568636235841013,358.40400000000005,3.620800000000002,1,3,0
1855618,CHEMBL224419,IC50,=,270.0,nM,6.57,CHEMBL284,Dipeptidyl peptidase 4,N#Cc1ccc(NCCNCC(=O)N2CCSC2)nc1,6.568636235841013,291.38,0.4876799999999996,2,6,0
675584,CHEMBL23051,IC50,=,270.0,nM,6.57,CHEMBL284,Dipeptidyl peptidase 4,N[C@H](C(=O)N1C[C@@H](F)[C@H](F)C1)[C@H]1CC[C@H](NS(=O)(=O)c2ccc(OC(F)(F)F)cc2)CC1,6.568636235841013,485.4750000000002,2.268,2,5,0
2258965,CHEMBL513543,IC50,=,270.0,nM,6.57,CHEMBL284,Dipeptidyl peptidase 4,COc1cccc2sc(C3(NC(=O)C[C@H](N)Cc4ccccc4F)CCS(=O)(=O)CC3)nc12,6.568636235841013,491.61000000000024,2.9242000000000017,2,7,0
2410499,CHEMBL451619,IC50,=,272.0,nM,6.57,CHEMBL284,Dipeptidyl peptidase 4,N[C@H](Cc1cc(F)c(F)cc1F)C1CCNCC1,6.565431095965801,258.287,1.9733,2,2,0
1958934,CHEMBL242811,IC50,=,272.0,nM,6.57,CHEMBL284,Dipeptidyl peptidase 4,N[C@@H](CC(=O)N1CCn2c(nnc2C(F)(F)F)C1)Cc1ccc(F)cc1,6.565431095965801,371.33800000000014,1.7382999999999995,1,4,0
1430614,CHEMBL362018,IC50,=,274.0,nM,6.56,CHEMBL284,Dipeptidyl peptidase 4,N#C[C@@H]1CCCN1C(=O)[C@@H](N)CC(=O)N1CCN(C(c2ccc(F)cc2)c2ccc(F)cc2)CC1,6.562249437179612,481.5470000000002,2.4303800000000004,1,5,0
2045018,CHEMBL251376,IC50,=,274.0,nM,6.56,CHEMBL284,Dipeptidyl peptidase 4,C[C@H]1c2nc(C(F)(F)F)nn2CCN1C(=O)C[C@H](N)Cc1cc(F)c(F)cc1F,6.562249437179612,421.3450000000001,2.577500000000001,1,4,0
5237517,CHEMBL1683086,IC50,=,280.0,nM,6.55,CHEMBL284,Dipeptidyl peptidase 4,Cc1[nH]ncc1S(=O)(=O)N(C)[C@H]1CC[C@H]([C@H](N)Cc2cc(F)ccc2F)CC1,6.552841968657781,412.5060000000002,2.7456200000000006,2,4,0
1793032,CHEMBL217388,IC50,=,280.0,nM,6.55,CHEMBL284,Dipeptidyl peptidase 4,C[C@H](CCc1ccc(C(N)=O)cc1)NCC(=O)c1ccccc1,6.552841968657781,310.397,2.5791000000000004,2,3,0
2047452,CHEMBL398661,IC50,=,280.0,nM,6.55,CHEMBL284,Dipeptidyl peptidase 4,Cn1c(-c2ccc(F)cc2)nc2c1CCN(C(=O)C[C@H](N)Cc1cc(F)ccc1F)C2,6.552841968657781,428.45800000000014,3.3492000000000015,1,3,0
5237546,CHEMBL1683115,IC50,=,280.0,nM,6.55,CHEMBL284,Dipeptidyl peptidase 4,N[C@H](Cc1cc(F)ccc1F)[C@H]1CC[C@@H](N2CCn3c(nnc3C(F)(F)F)C2)CC1,6.552841968657781,429.4370000000001,3.5195000000000025,1,4,0
556901,CHEMBL352343,IC50,=,280.0,nM,6.55,CHEMBL284,Dipeptidyl peptidase 4,N[C@H](C(=O)N1CCSC1)[C@H]1CC[C@@H](OC(=O)Nc2ccc(Cl)c(Cl)c2)C1,6.552841968657781,418.3460000000001,3.570800000000002,2,5,0
18662272,CHEMBL399121,IC50,=,280.0,nM,6.55,CHEMBL284,Dipeptidyl peptidase 4,COc1ccc([C@@H]2CC(=O)c3c(O)cc(O)cc3O2)cc1O,6.552841968657781,302.28200000000004,2.518500000000001,3,6,0
1495950,CHEMBL365575,IC50,=,280.0,nM,6.55,CHEMBL284,Dipeptidyl peptidase 4,C[C@@H](c1ccc(F)cc1)[C@H](N)C(=O)N1CC[C@H](F)C1.O=C(O)C(F)(F)F,6.552841968657781,382.329,2.4602000000000004,2,3,0
6321354,CHEMBL1812910,IC50,=,280.0,nM,6.55,CHEMBL284,Dipeptidyl peptidase 4,CC(C)Cn1c(CN)c(-c2ccccc2)c2cc(/C=C/C(N)=O)ccc2c1=O.Cl,6.552841968657781,411.93300000000016,3.7035000000000022,2,3,0
846340,CHEMBL96491,IC50,=,282.0,nM,6.55,CHEMBL284,Dipeptidyl peptidase 4,CCCCCCNCC(=O)N1CCC[C@H]1C#N,6.549750891680639,237.347,1.67088,1,3,0
27811397,CHEMBL5756206,IC50,=,283.0,nM,6.55,CHEMBL284,Dipeptidyl peptidase 4,NC1Cc2cc(O)ccc2OC1c1cc(F)c(F)cc1F,6.548213564475709,295.25999999999993,2.8130000000000015,2,3,0
2008922,CHEMBL391634,IC50,=,284.0,nM,6.55,CHEMBL284,Dipeptidyl peptidase 4,CC(C)=CCn1c(N2CCCC(N)C2)nc2c1c(=O)n(Cc1ccccc1)c(=O)n2C,6.546681659952962,422.5330000000002,1.8387,1,5,0
16584367,CHEMBL3805696,IC50,=,289.0,nM,6.54,CHEMBL284,Dipeptidyl peptidase 4,Cc1ccnc2c3c(nn12)CN([C@@H]1CC[C@H](c2cc(F)c(F)cc2F)[C@@H](N)C1)C3,6.539102157243452,401.43600000000015,3.4342200000000016,1,4,0
1520005,CHEMBL425380,IC50,=,290.0,nM,6.54,CHEMBL284,Dipeptidyl peptidase 4,N[C@@H](CC(=O)N1CCc2nc(C3CC3)oc2C1)Cc1cc(F)ccc1F,6.5376020021010435,361.392,2.6750000000000007,1,4,0
14989324,CHEMBL3357775,IC50,=,290.0,nM,6.54,CHEMBL284,Dipeptidyl peptidase 4,CC(=O)NC[C@@H]1C[C@@H]2CCCC[C@@H]2N1C(=O)C[C@H](N)Cc1cc(F)c(F)cc1F,6.5376020021010435,411.4680000000001,2.659600000000001,2,3,0
25050736,CHEMBL5265966,IC50,=,290.0,nM,6.54,CHEMBL284,Dipeptidyl peptidase 4,Cc1ccccc1-c1nc2ccccn2c1CN,6.5376020021010435,237.306,2.76842,1,2,0
2450695,CHEMBL471547,IC50,=,290.0,nM,6.54,CHEMBL284,Dipeptidyl peptidase 4,CC[C@@H](C)[C@H](N)C(=O)N1C[C@@H](N=[N+]=[N-])C[C@H]1C#N,6.5376020021010435,250.306,1.16318,1,4,0
15762432,CHEMBL3632866,IC50,=,290.0,nM,6.54,CHEMBL284,Dipeptidyl peptidase 4,CC[C@@H](C)[C@H](N)C(=O)N1C[C@H](F)C[C@H]1C#N,6.5376020021010435,227.28299999999996,0.82238,1,3,0
13394530,CHEMBL2408651,IC50,=,290.0,nM,6.54,CHEMBL284,Dipeptidyl peptidase 4,CC(C)=CCn1c(OC[C@@H]2CCCN2)nc2c1c(=O)n(CC(=O)c1ccccc1)c(=O)n2C,6.5376020021010435,451.5270000000002,1.8765999999999996,1,6,0
579993,CHEMBL355051,IC50,=,290.0,nM,6.54,CHEMBL284,Dipeptidyl peptidase 4,N[C@H](C(=O)N1CCCC1)[C@H]1CCC[C@H](O)C1,6.5376020021010435,226.31999999999996,0.487199999999999,2,3,0
5237557,CHEMBL1683125,IC50,=,290.0,nM,6.54,CHEMBL284,Dipeptidyl peptidase 4,CN(Cc1ccc(C#N)cc1)[C@H]1CC[C@H]([C@H](N)Cc2cc(F)ccc2F)CC1,6.5376020021010435,383.4860000000001,4.397080000000003,1,3,0
10991392,CHEMBL2069830,IC50,=,291.0,nM,6.54,CHEMBL284,Dipeptidyl peptidase 4,N[C@@H](CC(=O)N1CCN(c2ccc(F)cc2F)CC1)Cc1cc(F)c(F)cc1F,6.536107011014093,413.39000000000016,2.990800000000001,1,3,0
830766,CHEMBL94147,IC50,=,291.0,nM,6.54,CHEMBL284,Dipeptidyl peptidase 4,CCCCCCCNCC(=O)N1CCC[C@H]1C#N,6.536107011014093,251.37399999999997,2.06098,1,3,0
13856401,CHEMBL3093906,IC50,=,292.0,nM,6.54,CHEMBL284,Dipeptidyl peptidase 4,N#C[C@@H]1C[C@H](F)CN1C(=O)[C@@H](N)Cc1ccc([N+](=O)[O-])cc1,6.534617148551582,306.297,0.9271800000000002,1,5,0
849806,CHEMBL330426,IC50,=,296.0,nM,6.53,CHEMBL284,Dipeptidyl peptidase 4,N#C[C@@H]1CCCN1C(=O)CNC1CCN(c2ccc(C(F)(F)F)cn2)CC1,6.528708288941061,381.4020000000001,2.17338,1,5,0
830764,CHEMBL94597,IC50,=,298.0,nM,6.53,CHEMBL284,Dipeptidyl peptidase 4,N#C[C@@H]1CCCN1C(=O)CNCCNc1ccccc1,6.525783735923745,272.35200000000003,1.2026799999999995,2,4,0
2275011,CHEMBL522002,IC50,=,298.0,nM,6.53,CHEMBL284,Dipeptidyl peptidase 4,N#C[C@@H]1CCCN1C(=O)[C@@H](N)CC(=O)N1Cc2ccccc2C1,6.525783735923745,312.37300000000005,0.7607799999999996,1,4,0
11014684,CHEMBL2086595,IC50,=,298.0,nM,6.53,CHEMBL284,Dipeptidyl peptidase 4,NC(=O)[C@@H]1CCCN1C(=O)CCCNC(=O)c1ccccc1,6.525783735923745,303.36199999999997,0.6728999999999998,2,3,0
1669232,CHEMBL371480,IC50,=,298.0,nM,6.53,CHEMBL284,Dipeptidyl peptidase 4,N#C[C@@H]1CCCN1C(=O)CNCCC(=O)Nc1ccccc1,6.525783735923745,300.362,1.1193799999999992,2,4,0
15617509,CHEMBL3580785,IC50,=,299.0,nM,6.52,CHEMBL284,Dipeptidyl peptidase 4,N[C@@H](CC(=O)N1CCNc2ccccc2C1)[C@H]1CCc2cc(F)c(F)cc21,6.52432881167557,371.4310000000001,3.166300000000001,2,3,0
1855522,CHEMBL227867,IC50,>,300.0,nM,,CHEMBL284,Dipeptidyl peptidase 4,O=C(O[C@@H]1CN[C@H](C(=O)N2CCSC2)C1)c1ccccc1,6.522878745280337,306.38699999999994,1.1067999999999991,1,5,0
1855525,CHEMBL389906,IC50,>,300.0,nM,,CHEMBL284,Dipeptidyl peptidase 4,N#Cc1ccc(S(=O)(=O)N[C@@H]2CN[C@H](C(=O)N3CCSC3)C2)cc1,6.522878745280337,366.4680000000002,0.0999799999999999,2,6,0
1855526,CHEMBL224421,IC50,>,300.0,nM,,CHEMBL284,Dipeptidyl peptidase 4,O=C([C@@H]1C[C@H](NS(=O)(=O)c2ccccc2)CN1)N1CCSC1,6.522878745280337,341.45800000000014,0.2283000000000001,2,5,0
1855528,CHEMBL376587,IC50,>,300.0,nM,,CHEMBL284,Dipeptidyl peptidase 4,O=C(N[C@@H]1CN[C@H](C(=O)N2CCSC2)C1)c1ccccc1,6.522878745280337,305.40299999999996,0.6797999999999995,2,4,0
22800182,CHEMBL4743490,IC50,=,300.0,nM,6.52,CHEMBL284,Dipeptidyl peptidase 4,N[C@@H]1CCCN(c2cc(NCc3ccccc3)n3nccc3n2)C1,6.522878745280337,322.4160000000001,2.2689000000000004,2,5,0
1855521,CHEMBL387666,IC50,>,300.0,nM,,CHEMBL284,Dipeptidyl peptidase 4,N#Cc1ccc(C(=O)O[C@@H]2CN[C@H](C(=O)N3CCSC3)C2)cc1,6.522878745280337,331.39700000000005,0.9784799999999998,1,6,0
1519717,CHEMBL366166,IC50,=,300.0,nM,6.52,CHEMBL284,Dipeptidyl peptidase 4,Cn1nc2c(c1C(F)(F)C(F)(F)F)CN(C(=O)C[C@H](N)Cc1cc(F)ccc1F)CC2,6.522878745280337,452.3740000000002,3.1972000000000023,1,3,0
1488602,CHEMBL193106,IC50,=,305.0,nM,6.52,CHEMBL284,Dipeptidyl peptidase 4,CC(C)C(Cc1ccccc1)NC(=O)C[C@H](N)C(=O)N1CCC[C@H]1C#N,6.515700160653214,356.47000000000014,1.6018800000000004,2,4,0
831885,CHEMBL96942,IC50,=,305.0,nM,6.52,CHEMBL284,Dipeptidyl peptidase 4,N#C[C@@H]1CCCN1C(=O)CNCCc1ccccc1,6.515700160653214,257.337,1.3332799999999996,1,3,0
22483376,CHEMBL4790799,IC50,=,305.0,nM,6.52,CHEMBL284,Dipeptidyl peptidase 4,N[C@@H](Cc1cn(-c2cccnc2)nn1)Cc1cc(F)c(F)cc1F,6.515700160653214,333.317,2.1921,1,4,0
2515620,CHEMBL472993,IC50,=,309.0,nM,6.51,CHEMBL284,Dipeptidyl peptidase 4,O=C([C@@H]1C[C@H](N2CCN(c3ncccn3)CC2)CN1)N1CCC1,6.510041520575165,316.4090000000001,-0.4385999999999981,1,6,0
2515618,CHEMBL472992,IC50,=,309.0,nM,6.51,CHEMBL284,Dipeptidyl peptidase 4,O=C([C@@H]1C[C@H](N2CCN(c3ncccn3)CC2)CN1)N1C[C@@H](F)[C@H](F)C1,6.510041520575165,366.41600000000005,-0.1524999999999985,1,6,0
2090806,CHEMBL257742,IC50,=,310.0,nM,6.51,CHEMBL284,Dipeptidyl peptidase 4,Cc1nsc(N2CCCN(C(=O)[C@@H]3CN[C@H](C(=O)N4CCCC4)C3)CC2)n1,6.508638306165727,392.52900000000034,0.4857200000000008,1,7,0
1987801,CHEMBL237566,IC50,=,310.0,nM,6.51,CHEMBL284,Dipeptidyl peptidase 4,CN(C)C(=O)[C@@H]([C@H]1CC[C@@H](c2cccc3ncnn32)CC1)[C@H](N)C(=O)N1CC[C@H](F)C1,6.508638306165727,430.5280000000003,1.6051999999999995,1,5,0
5237554,CHEMBL1683122,IC50,=,310.0,nM,6.51,CHEMBL284,Dipeptidyl peptidase 4,NC(=O)O[C@@H]1CCCN([C@H]2CC[C@H]([C@H](N)Cc3cc(F)ccc3F)CC2)C1,6.508638306165727,381.46700000000016,2.953100000000001,2,4,0
1897543,CHEMBL230938,IC50,=,310.0,nM,6.51,CHEMBL284,Dipeptidyl peptidase 4,O=C([C@@H]1Cc2ccc(-c3cccc(-c4nnn[nH]4)c3)cc2CN1)N1CC[C@H](F)C1,6.508638306165727,392.4380000000002,2.1184,2,5,0
1519876,CHEMBL426649,IC50,=,310.0,nM,6.51,CHEMBL284,Dipeptidyl peptidase 4,N[C@@H](CC(=O)N1CCc2nc(C(F)(F)F)sc2C1)Cc1cc(F)ccc1F,6.508638306165727,405.3920000000001,3.284900000000002,1,4,0
6203095,CHEMBL1779689,IC50,=,311.0,nM,6.51,CHEMBL284,Dipeptidyl peptidase 4,N[C@@H](CC(=O)N1CCN(c2ccccn2)C(=O)C1)Cc1cc(F)c(F)cc1F,6.507239610973162,392.38100000000014,1.6341999999999992,1,4,0
11014692,CHEMBL2086603,IC50,=,311.0,nM,6.51,CHEMBL284,Dipeptidyl peptidase 4,NC(=O)[C@@H]1CCCN1C(=O)c1ccc(NC(=O)c2ccccc2)cc1,6.507239610973162,337.379,2.0287999999999995,2,3,0
2191777,CHEMBL504237,IC50,>,316.0,nM,,CHEMBL284,Dipeptidyl peptidase 4,CC(C)CNCC(C)(C)NCC(=O)N1C[C@@H](F)C[C@H]1C#N,6.5003129173815966,298.406,1.0627800000000005,2,4,0
2190143,CHEMBL472097,IC50,>,316.0,nM,,CHEMBL284,Dipeptidyl peptidase 4,C#CC(CC)(CC)NCC(=O)N1C[C@@H](F)C[C@H]1C#N,6.5003129173815966,265.33199999999994,1.2305799999999996,1,3,0
1669238,CHEMBL203032,IC50,=,317.0,nM,6.5,CHEMBL284,Dipeptidyl peptidase 4,N#C[C@@H]1CCCN1C(=O)CNCCC(=O)NCc1ccc([N+](=O)[O-])cc1,6.498940737782249,359.3860000000001,0.7052800000000004,2,6,0
304307,CHEMBL278393,IC50,=,320.0,nM,6.5,CHEMBL284,Dipeptidyl peptidase 4,N[C@H](C(=O)N1CCCC1)C1CCCCC1,6.494850021680094,210.3209999999999,1.516399999999999,1,2,0
1692806,CHEMBL206252,IC50,=,320.0,nM,6.5,CHEMBL284,Dipeptidyl peptidase 4,Cc1c(-c2ccc([C@H](C)[C@H](N)C(=O)N3CC[C@H](F)C3)cc2)ccc(=O)n1C.O=C(O)C(F)(F)F,6.494850021680094,485.4780000000001,2.9952200000000007,2,4,0
14989326,CHEMBL3357773,IC50,=,320.0,nM,6.5,CHEMBL284,Dipeptidyl peptidase 4,N[C@@H](CC(=O)N1[C@H](COC(=O)c2ccccc2)C[C@@H]2CCCC[C@@H]21)Cc1cc(F)c(F)cc1F,6.494850021680094,474.5230000000003,4.380500000000003,1,4,0
468572,CHEMBL555560,IC50,=,320.0,nM,6.5,CHEMBL284,Dipeptidyl peptidase 4,CCOC(=O)c1cnc(CN)c2c(OC)cc(OC)cc12.Cl,6.494850021680094,326.78000000000003,2.309200000000001,1,6,0
1463625,CHEMBL186406,IC50,=,320.0,nM,6.5,CHEMBL284,Dipeptidyl peptidase 4,CCOC(=O)c1cnc(CN)c2c(OC)cc(OC)cc12,6.494850021680094,290.319,1.8874,1,6,0
15094918,CHEMBL3330053,IC50,=,320.0,nM,6.5,CHEMBL284,Dipeptidyl peptidase 4,N#C[C@@H]1C[C@H](F)CN1C(=O)C[C@H](N)Cc1ccc(F)cc1,6.494850021680094,293.317,1.54818,1,3,0
25050563,CHEMBL5270959,IC50,=,320.0,nM,6.5,CHEMBL284,Dipeptidyl peptidase 4,Cn1c(=O)n(CC(=O)N2CCN(c3ncccn3)CC2)c(=O)c2sc(N)nc21,6.494850021680094,402.4400000000002,-1.1222999999999983,1,9,0
2122466,CHEMBL272771,IC50,=,320.0,nM,6.5,CHEMBL284,Dipeptidyl peptidase 4,Cn1cnc2ccc(-c3cc(F)ccc3Cl)c(CN)c21,6.494850021680094,289.74100000000004,3.491500000000001,1,2,0
733806,CHEMBL461912,IC50,=,320.0,nM,6.5,CHEMBL284,Dipeptidyl peptidase 4,N#C[C@@H]1CCCN1C(=O)[C@@H](N)CCCCN,6.494850021680094,224.30799999999996,-0.0427199999999993,2,4,0
25050560,CHEMBL5274971,IC50,=,320.0,nM,6.5,CHEMBL284,Dipeptidyl peptidase 4,Cn1c(=O)n(CC(=O)N2CCC(N)CC2)c(=O)c2sc(N)nc21,6.494850021680094,338.39300000000003,-1.3113999999999988,2,7,0
1792909,CHEMBL216878,IC50,=,320.0,nM,6.5,CHEMBL284,Dipeptidyl peptidase 4,CC(C)(CC(=O)NCCc1ccccc1C(F)(F)F)NCC(=O)N1CCC[C@H]1C#N,6.494850021680094,424.4670000000002,2.636980000000001,2,4,0
11014676,CHEMBL2086587,IC50,=,320.0,nM,6.5,CHEMBL284,Dipeptidyl peptidase 4,NC(=O)[C@@H]1CCCN1C(=O)CCNC(=O)c1ccccc1,6.494850021680094,289.335,0.2828,2,3,0
3302957,CHEMBL1084473,IC50,=,326.0,nM,6.49,CHEMBL284,Dipeptidyl peptidase 4,CC(C)(C)NC(=O)O[C@H]1C[C@H]2C[C@@H](NCC(=O)N3CCC[C@H]3C#N)C[C@H]2C1.Cl,6.486782399932061,412.96200000000016,2.594280000000001,2,5,0
5236291,CHEMBL1683485,IC50,=,328.0,nM,6.48,CHEMBL284,Dipeptidyl peptidase 4,Cl.N[C@@H](CC(=O)N1CCSC1C(=O)NCc1ccc(O)cc1)Cc1cc(F)c(F)cc1F,6.484126156288321,489.9470000000002,2.709100000000001,3,5,0
25050562,CHEMBL5268865,IC50,=,329.0,nM,6.48,CHEMBL284,Dipeptidyl peptidase 4,Cn1c(=O)n(CC(=O)N2CCN(c3ccccn3)CC2)c(=O)c2sc(N)nc21,6.482804102050026,401.4520000000002,-0.517299999999999,1,8,0
14989322,CHEMBL3357777,IC50,=,330.0,nM,6.48,CHEMBL284,Dipeptidyl peptidase 4,N[C@@H](CC(=O)N1[C@H](CNC(=O)C2CCC2)C[C@@H]2CCCC[C@@H]21)Cc1cc(F)c(F)cc1F,6.481486060122113,451.5330000000002,3.4398000000000017,2,3,0
578739,CHEMBL170051,IC50,=,330.0,nM,6.48,CHEMBL284,Dipeptidyl peptidase 4,N[C@H](C(=O)N1CCCC1)[C@H]1CCC[C@H](OC(=O)Nc2ccc(I)cc2)C1,6.481486060122113,471.33900000000006,3.348200000000001,2,4,0
1793262,CHEMBL218882,IC50,=,330.0,nM,6.48,CHEMBL284,Dipeptidyl peptidase 4,C[C@H](c1nc(-c2ccc(S(=O)(=O)C(F)(F)F)cc2)no1)[C@H](N)C(=O)N1CCCC1,6.481486060122113,432.4240000000002,2.0833,1,7,0
12182794,CHEMBL2206470,IC50,=,330.0,nM,6.48,CHEMBL284,Dipeptidyl peptidase 4,N[C@@H](CC(=O)NC1(c2cccc(-c3cn[nH]c3)c2)CCS(=O)(=O)CC1)Cc1ccccc1F,6.481486060122113,470.5700000000003,2.6960000000000006,3,5,0
5237549,CHEMBL1683117,IC50,=,330.0,nM,6.48,CHEMBL284,Dipeptidyl peptidase 4,N[C@H](Cc1cc(F)ccc1F)[C@H]1CC[C@H](N2CCCCC2)CC1,6.481486060122113,322.44300000000015,3.8793000000000033,1,2,0
5237547,CHEMBL1681802,IC50,=,330.0,nM,6.48,CHEMBL284,Dipeptidyl peptidase 4,N[C@H](Cc1cc(F)ccc1F)[C@H]1CC[C@H](N2CCn3c(nnc3C(F)(F)F)C2)CC1,6.481486060122113,429.4370000000001,3.5195000000000025,1,4,0
13960732,CHEMBL3127982,IC50,=,330.0,nM,6.48,CHEMBL284,Dipeptidyl peptidase 4,N#C[C@@H]1CCCN1C(=O)[C@@H](N)Cc1cscn1,6.481486060122113,250.32700000000003,0.5274799999999996,1,5,0
16763230,CHEMBL3972474,IC50,=,337.8,nM,6.47,CHEMBL284,Dipeptidyl peptidase 4,COc1ccc2ccc3c(c2c1)C[C@H](N)[C@@H](c1ccccc1Cl)O3,6.47134035476501,339.822,4.505300000000003,1,3,0
2515623,CHEMBL472995,IC50,=,338.0,nM,6.47,CHEMBL284,Dipeptidyl peptidase 4,O=C([C@@H]1C[C@@H](N2CCN(c3ncccn3)CC2)CN1)N1CCC(F)(F)C1,6.471083299722345,366.4160000000001,0.1967000000000005,1,6,0
27811469,CHEMBL5916381,IC50,=,338.0,nM,6.47,CHEMBL284,Dipeptidyl peptidase 4,COc1ccc2ccc3c(c2c1)CC(N)C(c1ccccc1Cl)O3,6.471083299722345,339.822,4.505300000000003,1,3,0
831883,CHEMBL93847,IC50,=,338.0,nM,6.47,CHEMBL284,Dipeptidyl peptidase 4,N#C[C@@H]1CCCN1C(=O)CNC1CCCCCCCCCCC1,6.471083299722345,319.49300000000017,3.763880000000002,1,3,0
1970037,CHEMBL391269,IC50,=,339.0,nM,6.47,CHEMBL284,Dipeptidyl peptidase 4,Cc1nnc(C(=O)[C@@H]2CCCN2C(=O)CNC23CC4CC(CC(O)(C4)C2)C3)o1,6.4698003017969175,388.4680000000002,1.2250199999999996,2,7,0
12044083,CHEMBL2147192,IC50,=,340.0,nM,6.47,CHEMBL284,Dipeptidyl peptidase 4,Cc1ccc2c3nc(N4CCC[C@@H](N)C4)n(Cc4ccccc4Cl)c3c(=O)n(C)c2c1,6.468521082957745,435.9590000000001,3.825820000000002,1,4,0
15714201,CHEMBL3616905,IC50,=,340.0,nM,6.47,CHEMBL284,Dipeptidyl peptidase 4,CC#CCn1c(N2CCNCC2)nc2c1c(=O)n(Cc1cccc(C#N)c1)c(=O)n2C,6.468521082957745,417.4730000000002,0.2495800000000005,1,6,0
699829,CHEMBL23981,IC50,=,340.0,nM,6.47,CHEMBL284,Dipeptidyl peptidase 4,N[C@H](C(=O)N1CC[C@@H](F)C1)C1CCCCC1,6.468521082957745,228.31099999999992,1.4643999999999993,1,2,0
1793038,CHEMBL553006,IC50,=,340.0,nM,6.47,CHEMBL284,Dipeptidyl peptidase 4,C[C@H](COc1ccc(C(N)=O)cc1)NCC(=O)c1ccsc1,6.468521082957745,318.39799999999997,2.0868,2,5,0
14989336,CHEMBL3357764,IC50,=,340.0,nM,6.47,CHEMBL284,Dipeptidyl peptidase 4,N[C@@H](CC(=O)N1[C@H](C(=O)NCc2ccccc2)C[C@@H]2CCCC[C@@H]21)Cc1cc(F)c(F)cc1F,6.468521082957745,473.5390000000002,3.839900000000003,2,3,0
739267,CHEMBL37748,IC50,=,340.0,nM,6.47,CHEMBL284,Dipeptidyl peptidase 4,COc1cccc(-c2nc(N)c(CN)c(-c3ccc(Cl)cc3Cl)n2)c1,6.468521082957745,375.25900000000007,4.166900000000002,2,5,0
2090802,CHEMBL439067,IC50,=,340.0,nM,6.47,CHEMBL284,Dipeptidyl peptidase 4,Cc1cnc(N2CCN(C(=O)[C@@H]3CN[C@H](C(=O)N4CCCC4)C3)CC2)s1,6.468521082957745,377.5140000000003,0.7006199999999996,1,6,0
29316309,CHEMBL6188802,IC50,=,340.0,nM,6.47,CHEMBL284,Dipeptidyl peptidase 4,Cc1cc(C[C@@H](N)Cn2nncc2-c2ccccc2)c(F)cc1F,6.468521082957745,328.36600000000004,3.101720000000001,1,3,0
29316308,CHEMBL6191350,IC50,=,340.0,nM,6.47,CHEMBL284,Dipeptidyl peptidase 4,COc1ccc(-c2cnnn2CC[C@H](N)Cc2cc(C)c(F)cc2F)cc1,6.468521082957745,372.419,3.500420000000002,1,4,0
2450696,CHEMBL471546,IC50,=,340.0,nM,6.47,CHEMBL284,Dipeptidyl peptidase 4,CC[C@H](C)[C@H](N)C(=O)N1C[C@@H](N=[N+]=[N-])C[C@H]1C#N,6.468521082957745,250.306,1.16318,1,4,0
29316306,CHEMBL6192039,IC50,=,340.0,nM,6.47,CHEMBL284,Dipeptidyl peptidase 4,Cc1cc(C[C@@H](N)Cn2nncc2CO)c(F)cc1F,6.468521082957745,282.294,0.9270199999999996,2,4,0
29316311,CHEMBL6189534,IC50,=,340.0,nM,6.47,CHEMBL284,Dipeptidyl peptidase 4,COc1ccc(-c2cnnn2C[C@H](N)Cc2cc(C)c(F)cc2F)cc1,6.468521082957745,358.392,3.1103200000000015,1,4,0
14579388,CHEMBL3236103,IC50,=,342.0,nM,6.47,CHEMBL284,Dipeptidyl peptidase 4,NC[C@H]1CN(c2ccc(C(F)(F)F)cc2)C(=O)C[C@@H]1c1cc(F)ccc1F,6.465973893943865,384.34800000000007,4.079000000000003,1,2,0
15617510,CHEMBL3580786,IC50,=,346.0,nM,6.46,CHEMBL284,Dipeptidyl peptidase 4,N[C@@H](CC(=O)N1CCNc2cc(F)ccc2C1)[C@H]1CCc2cc(F)c(F)cc21,6.460923901207224,389.42100000000016,3.3054000000000014,2,3,0
835425,CHEMBL96299,IC50,=,346.0,nM,6.46,CHEMBL284,Dipeptidyl peptidase 4,N#C[C@@H]1CCCN1C(=O)CNCCCCCO,6.460923901207224,239.31899999999996,0.2531799999999998,2,4,0
745932,CHEMBL34779,IC50,=,350.0,nM,6.46,CHEMBL284,Dipeptidyl peptidase 4,COc1ccccc1-c1nc(N)c(CN)c(-c2ccc(Cl)cc2Cl)n1,6.455931955649724,375.25900000000007,4.166900000000001,2,5,0
2258969,CHEMBL469740,IC50,=,350.0,nM,6.46,CHEMBL284,Dipeptidyl peptidase 4,Cc1cccc2sc(C3(NC(=O)C[C@H](N)Cc4ccccc4F)CCS(=O)(=O)CC3)nc12,6.455931955649724,475.6110000000003,3.224020000000002,2,6,0
1519585,CHEMBL193885,IC50,=,350.0,nM,6.46,CHEMBL284,Dipeptidyl peptidase 4,Cc1nn(-c2ccc(F)cc2)c2c1CN(C(=O)C[C@H](N)Cc1cc(F)ccc1F)CC2,6.455931955649724,428.4580000000002,3.442820000000002,1,3,0
2090805,CHEMBL404159,IC50,=,350.0,nM,6.46,CHEMBL284,Dipeptidyl peptidase 4,Cc1nsc(C2CCN(C(=O)[C@@H]3CN[C@H](C(=O)N4CCCC4)C3)CC2)n1,6.455931955649724,377.5140000000003,1.1530199999999995,1,6,0
2024362,CHEMBL539610,IC50,=,350.0,nM,6.46,CHEMBL284,Dipeptidyl peptidase 4,Cl.N[C@@H](CC(=O)N1CCCN1C(=O)c1ccccc1)Cc1cc(F)c(F)cc1F,6.455931955649724,427.8540000000001,3.0753000000000013,1,3,0
1403179,CHEMBL179771,IC50,=,350.0,nM,6.46,CHEMBL284,Dipeptidyl peptidase 4,N#C[C@@H]1CCCC1C(=O)CNC12CC3CC(CC(C3)C1)C2,6.455931955649724,286.4190000000001,3.0537800000000015,1,3,0
5236289,CHEMBL1683484,IC50,=,357.0,nM,6.45,CHEMBL284,Dipeptidyl peptidase 4,Cl.N[C@@H](CC(=O)N1CCSC1C(=O)NCc1ccncc1)Cc1cc(F)c(F)cc1F,6.447331783887806,474.93600000000015,2.3985000000000003,2,5,0
15094985,CHEMBL3330064,IC50,=,360.0,nM,6.44,CHEMBL284,Dipeptidyl peptidase 4,Cc1ccccc1C[C@@H](N)CC(=O)N1[C@H](C#N)C[C@@H]2CCC[C@@H]21,6.443697499232712,311.4290000000001,2.5481000000000007,1,3,0
1519880,CHEMBL195547,IC50,=,360.0,nM,6.44,CHEMBL284,Dipeptidyl peptidase 4,N[C@@H](CC(=O)N1CCc2nc(-c3ccc(F)cc3)sc2C1)Cc1cc(F)ccc1F,6.443697499232712,431.4830000000002,4.072200000000003,1,4,0
6321345,CHEMBL1812901,IC50,=,360.0,nM,6.44,CHEMBL284,Dipeptidyl peptidase 4,CC(C)Cn1c(CN)c(-c2ccccc2)c2cc(C(N)=O)ccc2c1=O.Cl,6.443697499232712,385.89500000000015,3.303900000000002,2,3,0
679295,CHEMBL416008,IC50,=,360.0,nM,6.44,CHEMBL284,Dipeptidyl peptidase 4,N[C@H](C(=O)N1C[C@@H](F)[C@H](F)C1)[C@H]1CC[C@H](NC(=O)OCc2ccccc2)CC1,6.443697499232712,395.4500000000002,2.3173000000000004,2,4,0
18164898,CHEMBL1852708,IC50,=,360.0,nM,6.44,CHEMBL284,Dipeptidyl peptidase 4,CC(C)Cn1c(CN)c(-c2ccccc2)c2cc(C(N)=O)ccc2c1=O,6.443697499232712,349.43400000000014,2.8821000000000003,2,3,0
1496050,CHEMBL192365,IC50,=,360.0,nM,6.44,CHEMBL284,Dipeptidyl peptidase 4,CSc1ccc([C@H](C)[C@H](N)C(=O)N2CC[C@H](F)C2)cc1.O=C(O)C(F)(F)F,6.443697499232712,410.4330000000001,3.043000000000001,2,4,0
1958924,CHEMBL243227,IC50,=,366.0,nM,6.44,CHEMBL284,Dipeptidyl peptidase 4,N[C@@H](CC(=O)N1CCn2c(nnc2C(F)(F)F)C1)Cc1cccc(C(F)(F)F)c1,6.436518914605589,421.34500000000014,2.6180000000000003,1,4,0
1669236,CHEMBL382847,IC50,=,369.0,nM,6.43,CHEMBL284,Dipeptidyl peptidase 4,N#C[C@@H]1CCCN1C(=O)CNCCC(=O)NCc1cc(F)cc(F)c1,6.432973633840939,350.369,1.0752799999999998,2,4,0
1603687,CHEMBL194249,IC50,=,370.0,nM,6.43,CHEMBL284,Dipeptidyl peptidase 4,CCCC[C@@H](NC(=O)[C@@H](N)CCCC)B(O)O,6.431798275933005,244.14399999999995,0.1908999999999999,4,4,0
2047438,CHEMBL250283,IC50,=,370.0,nM,6.43,CHEMBL284,Dipeptidyl peptidase 4,CC1c2nc(C(C)(C)C)n(C)c2CCN1C(=O)C[C@H](N)Cc1cc(F)c(F)cc1F,6.431798275933005,422.49500000000006,3.540700000000002,1,3,0
1963695,CHEMBL234048,IC50,=,370.0,nM,6.43,CHEMBL284,Dipeptidyl peptidase 4,COc1cc2c(cc1OC)[C@@H]1C[C@H](N)[C@@H](c3ccc(C)cc3)CN1CC2,6.431798275933005,352.4780000000001,3.4262200000000025,1,4,0
1501481,CHEMBL191906,IC50,=,370.0,nM,6.43,CHEMBL284,Dipeptidyl peptidase 4,C[C@@H](c1ccc(-c2ccc(C(=O)O)cc2)cc1)[C@H](N)C(=O)N1CC[C@H](F)C1.O=C(O)C(F)(F)F,6.431798275933005,484.4460000000002,3.686300000000001,3,4,0
2252397,CHEMBL525183,IC50,=,370.0,nM,6.43,CHEMBL284,Dipeptidyl peptidase 4,NCc1c(N)nc2ccccc2c1-c1ccc(Cl)cc1Cl,6.431798275933005,318.207,4.249500000000001,2,3,0
12078484,CHEMBL2159183,IC50,=,371.0,nM,6.43,CHEMBL284,Dipeptidyl peptidase 4,Cn1c(=O)c2c(-c3cccc(Cl)c3Cl)c(CN)c(N)nc2n(C)c1=O,6.430626090384954,380.2350000000001,1.6468999999999996,2,5,0
831884,CHEMBL96607,IC50,=,372.0,nM,6.43,CHEMBL284,Dipeptidyl peptidase 4,CC(N)(CO)C(O)NCC(=O)N1CCC[C@H]1C#N,6.429457060118103,256.3059999999999,-1.881319999999999,4,6,0
830768,CHEMBL327264,IC50,=,377.0,nM,6.42,CHEMBL284,Dipeptidyl peptidase 4,N#C[C@@H]1CCCN1C(=O)CNCCC(c1ccccc1)c1ccccc1,6.423658649794207,347.46200000000005,3.312780000000002,1,3,0
14579386,CHEMBL3236101,IC50,=,378.0,nM,6.42,CHEMBL284,Dipeptidyl peptidase 4,N#Cc1ccc(N2C[C@H](CN)[C@@H](c3cc(F)ccc3F)CC2=O)cc1,6.422508200162775,341.3610000000001,2.931880000000002,1,3,0
14989335,CHEMBL3357765,IC50,=,380.0,nM,6.42,CHEMBL284,Dipeptidyl peptidase 4,N[C@@H](CC(=O)N1[C@H](C(=O)NC2CC2)C[C@@H]2CCCC[C@@H]21)Cc1cc(F)c(F)cc1F,6.42021640338319,423.4790000000001,2.802100000000001,2,3,0
1519888,CHEMBL425200,IC50,=,380.0,nM,6.42,CHEMBL284,Dipeptidyl peptidase 4,CSc1ccc(-c2nc3c(s2)CN(C(=O)C[C@H](N)Cc2cc(F)ccc2F)CC3)cc1,6.42021640338319,459.58700000000016,4.655000000000003,1,5,0
14579387,CHEMBL3236102,IC50,=,382.0,nM,6.42,CHEMBL284,Dipeptidyl peptidase 4,NC[C@H]1CN(c2ccc(F)cc2)C(=O)C[C@@H]1c1cc(F)ccc1F,6.4179366370882915,334.341,3.199300000000002,1,2,0
2507981,CHEMBL520089,IC50,=,387.0,nM,6.41,CHEMBL284,Dipeptidyl peptidase 4,Cl.N[C@@H](CC(=O)N1CCCN(Cc2ccccc2)CC1)Cc1cc(F)c(F)cc1F,6.412289034981089,441.9250000000002,3.520100000000002,1,3,0
1479853,CHEMBL365567,IC50,=,390.0,nM,6.41,CHEMBL284,Dipeptidyl peptidase 4,N[C@H](C(=O)N1CC[C@H](F)C1)[C@@H](CO)c1ccc(-c2ccc(F)cc2)cc1.O=C(O)C(F)(F)F,6.4089353929735005,474.426,3.0996000000000015,3,4,0
12182793,CHEMBL2206467,IC50,=,390.0,nM,6.41,CHEMBL284,Dipeptidyl peptidase 4,N[C@@H](CC(=O)NC1(c2cccc(-c3nccs3)c2)CCS(=O)(=O)CC1)Cc1ccccc1F,6.4089353929735005,487.6220000000003,3.429400000000002,2,6,0
1500974,CHEMBL191514,IC50,=,390.0,nM,6.41,CHEMBL284,Dipeptidyl peptidase 4,Cc1ccc(-c2ccc([C@H](C)[C@H](N)C(=O)N3CC[C@H](F)C3)cc2)cc1.O=C(O)C(F)(F)F,6.4089353929735005,454.46400000000006,4.296520000000003,2,3,0
29231839,CHEMBL6164012,IC50,=,390.0,nM,6.41,CHEMBL284,Dipeptidyl peptidase 4,CC1=C(C(=O)O)C(c2ccc(F)c(F)c2)N=C(N)N1C(=O)CN1CCCC1C#N,6.4089353929735005,403.3890000000002,1.5093800000000002,2,6,0
13960731,CHEMBL3127988,IC50,=,390.0,nM,6.41,CHEMBL284,Dipeptidyl peptidase 4,N#C[C@@H]1C[C@H](F)CN1C(=O)[C@@H](N)Cc1csc(-c2ccccc2)n1,6.4089353929735005,344.415,2.142480000000001,1,5,0
19301482,CHEMBL4445783,IC50,=,395.0,nM,6.4,CHEMBL284,Dipeptidyl peptidase 4,CC#CCn1c(N2CCC[C@@H](N)C2)cc(=O)n(Cc2cc(Br)ccc2C(=O)OC)c1=O,6.403402904373539,489.3700000000002,1.5582000000000005,1,6,0
25050706,CHEMBL5275484,IC50,=,395.0,nM,6.4,CHEMBL284,Dipeptidyl peptidase 4,CC#CCn1c(N2CCC[C@@H](N)C2)cc(=O)n(Cc2ccc(Br)cc2C(=O)OC)c1=O,6.403402904373539,489.3700000000002,1.5581999999999998,1,6,0
1896360,CHEMBL394836,IC50,=,397.0,nM,6.4,CHEMBL284,Dipeptidyl peptidase 4,C[C@@H]1C(=O)N[C@@H](C)CCN1C(=O)C[C@H](N)Cc1cc(F)c(F)cc1F,6.401209493236885,357.376,1.4892999999999994,2,3,0
853114,CHEMBL330326,IC50,=,398.0,nM,6.4,CHEMBL284,Dipeptidyl peptidase 4,CCC(CC)NCC(=O)N1CCC[C@H]1C#N,6.400116927926312,223.31999999999996,1.2791799999999998,1,3,0
5237511,CHEMBL1682980,IC50,=,400.0,nM,6.4,CHEMBL284,Dipeptidyl peptidase 4,CN([C@H]1CC[C@H]([C@H](N)Cc2cc(F)ccc2F)CC1)S(=O)(=O)c1ccc(OC(F)(F)F)cc1,6.3979400086720375,492.51000000000016,4.612700000000003,1,4,0
22800193,CHEMBL4798418,IC50,=,400.0,nM,6.4,CHEMBL284,Dipeptidyl peptidase 4,Fc1ccc(Nc2cc(N3CCNCC3)nc3ccnn23)c(F)c1,6.3979400086720375,330.342,2.1606999999999994,2,5,0
8037768,CHEMBL1951418,IC50,=,400.0,nM,6.4,CHEMBL284,Dipeptidyl peptidase 4,COc1cccc(C(=O)Cn2cnc3c(C#N)c(N4CCNCC4)n(Cc4ccccc4)c3c2=O)c1,6.3979400086720375,482.5440000000003,2.41908,1,7,0
2122473,CHEMBL256252,IC50,=,400.0,nM,6.4,CHEMBL284,Dipeptidyl peptidase 4,Cn1cnc2ccc(-c3ccccc3CO)c(CN)c21,6.3979400086720375,267.332,2.1912999999999996,2,3,0
12044075,CHEMBL2147184,IC50,=,400.0,nM,6.4,CHEMBL284,Dipeptidyl peptidase 4,CCn1c(=O)c2c(nc(N3CCC[C@@H](N)C3)n2Cc2ccccc2Cl)c2ccccc21.Cl,6.3979400086720375,472.42,4.422100000000004,1,4,0
18493693,CHEMBL4212894,IC50,=,400.0,nM,6.4,CHEMBL284,Dipeptidyl peptidase 4,Cc1ccc(Cn2c(N3CCNCC3)cc(=O)n3nccc23)cc1,6.3979400086720375,323.40000000000003,1.26232,1,4,0
14579394,CHEMBL3236109,IC50,=,404.0,nM,6.39,CHEMBL284,Dipeptidyl peptidase 4,N#Cc1ccc(N2C[C@H](CN)[C@@H](c3cc(F)ccc3F)CC2=O)cn1,6.393618634889395,342.3490000000001,2.32688,1,4,0
1450933,CHEMBL184380,IC50,=,405.0,nM,6.39,CHEMBL284,Dipeptidyl peptidase 4,N[C@@H](CC(=O)N1CCN(Cc2ccccc2)C[C@H]1Cc1ccccc1)Cc1ccccc1F,6.392544976785332,445.5820000000002,4.041300000000003,1,3,0
16278421,CHEMBL3644799,IC50,=,409.0,nM,6.39,CHEMBL284,Dipeptidyl peptidase 4,CCCc1nc2c(c(C(F)(F)F)n1)CCN(C(=O)C[C@H](N)CN1C(=O)CCC(F)C1O)C2,6.388276691992658,461.46000000000026,1.3288999999999995,2,6,0
2090801,CHEMBL271870,IC50,=,410.0,nM,6.39,CHEMBL284,Dipeptidyl peptidase 4,Cc1nc(N2CCN(C(=O)[C@@H]3CN[C@H](C(=O)N4CCCC4)C3)CC2)sc1C,6.3872161432802645,391.5410000000003,1.0090400000000008,1,6,0
2507974,CHEMBL481554,IC50,=,410.0,nM,6.39,CHEMBL284,Dipeptidyl peptidase 4,Cl.N[C@@H](CC(=O)N1CCCN(C(=O)c2cccnc2)CC1)Cc1cc(F)c(F)cc1F,6.3872161432802645,456.8960000000002,2.5553,1,4,0
1447110,CHEMBL184651,IC50,=,410.0,nM,6.39,CHEMBL284,Dipeptidyl peptidase 4,N#Cc1ccc(NCCNCC(=O)N2N=CCC2C#N)nc1,6.3872161432802645,297.322,0.0650599999999994,2,7,0
12044073,CHEMBL2147057,IC50,=,418.0,nM,6.38,CHEMBL284,Dipeptidyl peptidase 4,Cl.N[C@@H]1CCCN(c2nc3c4ccccc4[nH]c(=O)c3n2Cc2ccccc2Cl)C1,6.3788237182249645,444.3660000000002,3.9288000000000025,2,4,0
562735,CHEMBL433732,IC50,=,420.0,nM,6.38,CHEMBL284,Dipeptidyl peptidase 4,CS(=O)(=O)c1ccc(S(=O)(=O)N[C@H]2CC[C@@H]([C@H](N)C(=O)N3CCCC3)C2)cc1,6.376750709602099,429.5640000000003,0.4868000000000012,2,6,0
579997,CHEMBL433533,IC50,=,420.0,nM,6.38,CHEMBL284,Dipeptidyl peptidase 4,COc1ccc(NC(=O)O[C@H]2CCC[C@H]([C@H](N)C(=O)N3CCSC3)C2)cc1,6.376750709602099,393.5090000000002,2.6627,2,6,0
305623,CHEMBL98408,IC50,=,420.0,nM,6.38,CHEMBL284,Dipeptidyl peptidase 4,CC[C@H](C)[C@H](N)C(=O)N1CCSC1,6.376750709602099,202.32299999999995,0.8927000000000002,1,3,0
19439492,CHEMBL4591675,IC50,=,421.0,nM,6.38,CHEMBL284,Dipeptidyl peptidase 4,CC#CCn1c(N2CCC[C@@H](N)C2)nc2c1c(=O)nc1n2CCCN1CC(=O)c1ccccc1,6.375717904164332,459.55400000000026,1.6368000000000005,1,7,0
2572492,CHEMBL479803,IC50,=,422.0,nM,6.38,CHEMBL284,Dipeptidyl peptidase 4,N#Cc1cc(F)ccc1N1C[C@@H]2[C@H](C1)[C@H]2NCC(=O)N1C[C@@H](F)C[C@H]1C#N,6.374687549038326,371.3910000000001,1.18416,1,5,0
2507984,CHEMBL481158,IC50,=,423.0,nM,6.37,CHEMBL284,Dipeptidyl peptidase 4,Cl.N[C@@H](CC(=O)N1CCCN(c2cnccn2)CC1)Cc1cc(F)c(F)cc1F,6.373659632624958,429.8740000000002,2.3145,1,5,0
22483377,CHEMBL4763110,IC50,=,427.0,nM,6.37,CHEMBL284,Dipeptidyl peptidase 4,N[C@@H](Cc1cn(-c2ccncc2)nn1)Cc1cc(F)c(F)cc1F,6.369572124974976,333.317,2.1921,1,4,0
1669231,CHEMBL371057,IC50,=,428.0,nM,6.37,CHEMBL284,Dipeptidyl peptidase 4,N#C[C@@H]1CCCN1C(=O)CNCCCC(=O)N1CCc2ccccc2C1,6.368556230986828,354.4540000000001,1.4556800000000003,1,4,0
15094917,CHEMBL3330054,IC50,=,430.0,nM,6.37,CHEMBL284,Dipeptidyl peptidase 4,N#C[C@@H]1C[C@H](F)CN1C(=O)C[C@H](N)Cc1ccc(I)cc1,6.366531544420414,401.223,2.01368,1,3,0
14989321,CHEMBL3357778,IC50,=,430.0,nM,6.37,CHEMBL284,Dipeptidyl peptidase 4,N[C@@H](CC(=O)N1[C@H](CNC(=O)C2CCCC2)C[C@@H]2CCCC[C@@H]21)Cc1cc(F)c(F)cc1F,6.366531544420414,465.56000000000023,3.829900000000002,2,3,0
5192921,CHEMBL1650431,IC50,=,430.0,nM,6.37,CHEMBL284,Dipeptidyl peptidase 4,N#Cc1cc(F)ccc1Cn1c(N2CCC[C@@H](N)C2)ncc(F)c1=O,6.366531544420414,345.35300000000007,1.3689799999999996,1,5,0
15065869,CHEMBL3329692,IC50,=,430.0,nM,6.37,CHEMBL284,Dipeptidyl peptidase 4,CN[C@@H]1CCCN(c2ccnc3c2n(Cc2ccccc2C#N)c(=O)n3C)C1,6.366531544420414,376.46400000000017,1.84318,1,5,0
3099273,CHEMBL592547,IC50,=,430.0,nM,6.37,CHEMBL284,Dipeptidyl peptidase 4,COc1cc2c(cc1OC)C1CC(N)C(N3CCCCCC3=O)CN1CC2,6.366531544420414,373.49700000000024,2.1052,1,5,0
5237565,CHEMBL1683133,IC50,=,430.0,nM,6.37,CHEMBL284,Dipeptidyl peptidase 4,N[C@H](Cc1cc(F)ccc1F)C1CCN(c2ccncc2)CC1,6.366531544420414,317.38300000000004,3.146200000000002,1,3,0
14989318,CHEMBL3357781,IC50,=,430.0,nM,6.37,CHEMBL284,Dipeptidyl peptidase 4,CS(=O)(=O)NC[C@@H]1C[C@@H]2CCCC[C@@H]2N1C(=O)C[C@H](N)Cc1cc(F)c(F)cc1F,6.366531544420414,447.52300000000014,2.0727,2,4,0
1792898,CHEMBL216296,IC50,=,433.0,nM,6.36,CHEMBL284,Dipeptidyl peptidase 4,CC(C)(CC(=O)NCc1ccccn1)NCC(=O)N1CCC[C@H]1C#N,6.363512103646634,343.43100000000015,0.9706800000000004,2,5,0
862266,CHEMBL96577,IC50,=,436.0,nM,6.36,CHEMBL284,Dipeptidyl peptidase 4,N#C[C@@H]1CCCN1C(=O)CNCc1cccc2ccccc12,6.360513510731414,293.37000000000006,2.44398,1,3,0
577507,CHEMBL171609,IC50,=,440.0,nM,6.36,CHEMBL284,Dipeptidyl peptidase 4,N[C@H](C(=O)N1CCCC1)[C@@H]1CC[C@H](NC(=O)Nc2cccc3ccccc23)C1,6.356547323513812,380.49200000000013,3.0797000000000008,3,3,0
15094987,CHEMBL3330062,IC50,=,440.0,nM,6.36,CHEMBL284,Dipeptidyl peptidase 4,N#C[C@@H]1C[C@@H]2CCC[C@@H]2N1C(=O)C[C@H](N)Cc1ccccc1,6.356547323513812,297.402,2.23968,1,3,0
14579393,CHEMBL3236108,IC50,=,443.0,nM,6.35,CHEMBL284,Dipeptidyl peptidase 4,NC[C@H]1CN(c2ccc(C(F)(F)F)nc2)C(=O)C[C@@H]1c1cc(F)ccc1F,6.3535962737769305,385.33600000000007,3.474000000000002,1,3,0
830765,CHEMBL330670,IC50,=,444.0,nM,6.35,CHEMBL284,Dipeptidyl peptidase 4,CCNCC(=O)N1CCC[C@H]1C#N,6.35261702988538,181.239,0.1104799999999999,1,3,0
1669237,CHEMBL201695,IC50,=,447.0,nM,6.35,CHEMBL284,Dipeptidyl peptidase 4,CCC(NC(=O)CCNCC(=O)N1CCC[C@H]1C#N)c1ccccc1,6.349692476868063,342.443,1.7481800000000003,2,4,0
5237561,CHEMBL1683129,IC50,=,450.0,nM,6.35,CHEMBL284,Dipeptidyl peptidase 4,CC(=O)N1CCC([C@H](N)Cc2cc(F)ccc2F)CC1,6.346787486224656,282.33400000000006,2.0931,1,2,0
15094922,CHEMBL3330049,IC50,=,450.0,nM,6.35,CHEMBL284,Dipeptidyl peptidase 4,N#C[C@@H]1C[C@H](F)CN1C(=O)C[C@H](N)Cc1ccccc1,6.346787486224656,275.327,1.40908,1,3,0
5237563,CHEMBL1683131,IC50,=,450.0,nM,6.35,CHEMBL284,Dipeptidyl peptidase 4,N[C@H](Cc1cc(F)ccc1F)C1CCN(c2ccccn2)CC1,6.346787486224656,317.38300000000004,3.146200000000002,1,3,0
1669239,CHEMBL382907,IC50,=,452.0,nM,6.34,CHEMBL284,Dipeptidyl peptidase 4,N#C[C@@H]1CCCN1C(=O)CNCCC(=O)NCc1ccccc1,6.3448615651886175,314.389,0.7970800000000002,2,4,0
14579392,CHEMBL3236107,IC50,=,452.0,nM,6.34,CHEMBL284,Dipeptidyl peptidase 4,COc1ccc(N2C[C@H](CN)[C@@H](c3cc(F)ccc3F)CC2=O)cn1,6.3448615651886175,347.36500000000007,2.4638,1,4,0
1717925,CHEMBL378709,IC50,=,454.0,nM,6.34,CHEMBL284,Dipeptidyl peptidase 4,CC(C)COCC1(NCC(=O)N2[C@H](C#N)CC[C@@H]2C#N)CCCC1,6.342944147142896,332.44800000000015,1.96816,1,5,0
1411934,CHEMBL537625,IC50,=,455.0,nM,6.34,CHEMBL284,Dipeptidyl peptidase 4,Cl.N[C@@H](CC(=O)N1CCn2cnnc2C1)Cc1ccc(F)c(F)c1,6.341988603342887,357.79200000000003,1.2803999999999995,1,4,0
1495811,CHEMBL191775,IC50,=,460.0,nM,6.34,CHEMBL284,Dipeptidyl peptidase 4,CC[C@@H](C)[C@H](N)C(=O)N1CCSC1,6.337242168318426,202.32299999999995,0.8927000000000002,1,3,0
12718732,CHEMBL2346921,IC50,=,460.0,nM,6.34,CHEMBL284,Dipeptidyl peptidase 4,CC#CCn1c(N2CCC[C@@H](N)C2)nc2cc[nH]c2c1=O,6.337242168318426,285.35100000000006,0.6753999999999998,2,4,0
2026077,CHEMBL246372,IC50,=,460.0,nM,6.34,CHEMBL284,Dipeptidyl peptidase 4,C[C@@H](C1CCC(NS(=O)(=O)c2ccc(F)cc2F)CC1)[C@H](N)C(=O)N1CC[C@H](F)C1.Cl,6.337242168318426,483.9840000000003,2.7575000000000016,2,4,0
1905815,CHEMBL389602,IC50,=,463.0,nM,6.33,CHEMBL284,Dipeptidyl peptidase 4,N[C@H]1CN(c2cc(C(F)(F)F)ccn2)CC[C@@H]1c1cc(F)c(F)cc1F.O=C(O)C(F)(F)F,6.334419008982047,489.3380000000001,4.472200000000003,2,4,0
856542,CHEMBL94647,IC50,=,466.0,nM,6.33,CHEMBL284,Dipeptidyl peptidase 4,CC(C)(C)CCNCC(=O)N1CCC[C@H]1C#N,6.33161408331,237.347,1.5267799999999996,1,3,0
18164870,CHEMBL4071166,IC50,=,470.0,nM,6.33,CHEMBL284,Dipeptidyl peptidase 4,Cc1ccc(-c2c(CN)c(CC(C)C)nc(C)c2C(=O)OCCCC(=O)O)cc1.Cl.Cl,6.327902142064283,471.42500000000024,4.887840000000005,2,5,0
1985708,CHEMBL412585,IC50,=,470.0,nM,6.33,CHEMBL284,Dipeptidyl peptidase 4,N[C@H]1CN(c2cc(-c3ccc(Cl)cc3)ncn2)C[C@@H]1c1cc(F)c(F)cc1F,6.327902142064283,404.8230000000001,4.145400000000003,1,4,0
22800196,CHEMBL4765147,IC50,=,470.0,nM,6.33,CHEMBL284,Dipeptidyl peptidase 4,Clc1ccc(Nc2cc(N3CCNCC3)nc3ccnn23)c(Cl)c1,6.327902142064283,363.2519999999999,3.189300000000001,2,5,0
18164896,CHEMBL4105034,IC50,=,470.0,nM,6.33,CHEMBL284,Dipeptidyl peptidase 4,CC(C)Cn1c(CN)c(-c2ccccc2)c2cc(C(N)=O)cnc2c1=O.Cl.Cl,6.327902142064283,423.3440000000001,3.120700000000001,2,4,0
2258958,CHEMBL469325,IC50,=,470.0,nM,6.33,CHEMBL284,Dipeptidyl peptidase 4,N[C@@H](CC(=O)NC1(c2ccccn2)CCS(=O)(=O)CC1)Cc1ccccc1F,6.327902142064283,405.4950000000002,1.7009,2,5,0
863471,CHEMBL320143,IC50,=,475.0,nM,6.32,CHEMBL284,Dipeptidyl peptidase 4,CCCNCC(=O)N1CCC[C@H]1C#N,6.323306390375134,195.26599999999996,0.5005799999999998,1,3,0
29231833,CHEMBL6148637,IC50,=,478.0,nM,6.32,CHEMBL284,Dipeptidyl peptidase 4,CC1=C(CC(=O)N2Cc3cn(S(C)(=O)=O)nc3C2)C(c2ccc(F)c(F)c2)NC(=O)N1,6.320572103387881,451.45500000000015,1.5294,2,5,0
1861685,CHEMBL2068512,IC50,=,480.0,nM,6.32,CHEMBL284,Dipeptidyl peptidase 4,C[C@@H](B(O)O)N1CC[C@H](N)C1=O,6.318758762624412,171.99299999999997,-2.0534999999999988,3,4,0
1495914,CHEMBL370734,IC50,=,480.0,nM,6.32,CHEMBL284,Dipeptidyl peptidase 4,C[C@@H](c1ccc(Cl)cc1F)[C@H](N)C(=O)N1CC[C@H](F)C1.O=C(O)C(F)(F)F,6.318758762624412,416.77400000000006,3.1136000000000017,2,3,0
1519872,CHEMBL196333,IC50,=,480.0,nM,6.32,CHEMBL284,Dipeptidyl peptidase 4,Cc1nc2c(s1)CN(C(=O)C[C@H](N)Cc1cc(F)ccc1F)CC2,6.318758762624412,351.4220000000001,2.5745200000000006,1,4,0
18662269,CHEMBL44,IC50,=,480.0,nM,6.32,CHEMBL284,Dipeptidyl peptidase 4,O=c1c(-c2ccc(O)cc2)coc2cc(O)cc(O)c12,6.318758762624412,270.24,2.576800000000001,3,5,0
559352,CHEMBL352737,IC50,=,480.0,nM,6.32,CHEMBL284,Dipeptidyl peptidase 4,COc1ccc(NC(=O)O[C@H]2CCC[C@H]([C@H](N)C(=O)N3CCCC3)C2)cc1,6.318758762624412,375.4690000000002,2.7522,2,5,0
15065878,CHEMBL3329628,IC50,=,480.0,nM,6.32,CHEMBL284,Dipeptidyl peptidase 4,CC(C)n1c(=O)n(Cc2ccccc2C#N)c2c(N3CCC[C@@H](N)C3)ccnc21,6.318758762624412,390.4910000000002,2.626380000000001,1,5,0
19439490,CHEMBL4537708,IC50,=,483.0,nM,6.32,CHEMBL284,Dipeptidyl peptidase 4,CC#CCn1c(N2CCC[C@@H](N)C2)nc2c1c(=O)nc1n2CCCN1Cc1cccc2ccccc12,6.316052869248487,481.6040000000002,3.1073000000000013,1,6,0
1958925,CHEMBL397744,IC50,=,486.0,nM,6.31,CHEMBL284,Dipeptidyl peptidase 4,N[C@@H](CC(=O)N1CCn2c(nnc2C(F)(F)F)C1)Cc1ccccc1C(F)(F)F,6.313363730737707,421.34500000000014,2.6180000000000003,1,4,0
5240816,CHEMBL1683558,IC50,=,488.0,nM,6.31,CHEMBL284,Dipeptidyl peptidase 4,N[C@H]1CN(c2cc(-c3cc(F)c(F)cc3F)ncn2)C[C@@H]1N1CCCC1=O,6.311580177997289,377.3700000000002,1.6992,1,5,0
25050561,CHEMBL5270627,IC50,=,489.0,nM,6.31,CHEMBL284,Dipeptidyl peptidase 4,Cn1c(=O)n(CC(=O)N2CCN(c3ccc(Cl)cc3)CC2)c(=O)c2sc(N)nc21,6.31069114087638,434.9090000000002,0.7411000000000001,1,7,0
2507973,CHEMBL480550,IC50,=,490.0,nM,6.31,CHEMBL284,Dipeptidyl peptidase 4,Cl.N[C@@H](CC(=O)N1CCCN(C(=O)c2ccc3c(c2)OCO3)CC1)Cc1cc(F)c(F)cc1F,6.309803919971486,499.91700000000026,2.889000000000001,1,5,0
12182792,CHEMBL2206466,IC50,=,490.0,nM,6.31,CHEMBL284,Dipeptidyl peptidase 4,N[C@@H](CC(=O)NC1(c2cccc(-c3ccncc3)c2)CCS(=O)(=O)CC1)Cc1ccccc1F,6.309803919971486,481.5930000000003,3.3679000000000023,2,5,0
2047441,CHEMBL400911,IC50,=,490.0,nM,6.31,CHEMBL284,Dipeptidyl peptidase 4,CC1c2nc(C3CC3)n(C)c2CCN1C(=O)C[C@H](N)Cc1cc(F)c(F)cc1F,6.309803919971486,406.4520000000001,3.1206000000000005,1,3,0
2507975,CHEMBL481714,IC50,=,490.0,nM,6.31,CHEMBL284,Dipeptidyl peptidase 4,Cl.N[C@@H](CC(=O)N1CCCN(C(=O)OCc2ccccc2)CC1)Cc1cc(F)c(F)cc1F,6.309803919971486,485.93400000000014,3.6567000000000025,1,4,0
850959,CHEMBL96890,IC50,=,491.0,nM,6.31,CHEMBL284,Dipeptidyl peptidase 4,N#C[C@@H]1CCCN1C(=O)CNCCCc1ccccc1,6.308918507877031,271.364,1.7233799999999997,1,3,0
5237518,CHEMBL1683087,IC50,=,500.0,nM,6.3,CHEMBL284,Dipeptidyl peptidase 4,Cn1cnc(S(=O)(=O)N(C)[C@H]2CC[C@H]([C@H](N)Cc3cc(F)ccc3F)CC2)c1,6.301029995663981,412.50600000000014,2.4475999999999996,1,4,0
28460111,CHEMBL5848496,IC50,=,500.0,nM,6.3,CHEMBL284,Dipeptidyl peptidase 4,CC1(C)CN[C@@H]1C(=O)N1CCC[C@H]1B(O)O,6.301029995663981,226.085,-1.0125999999999995,3,4,0
2024363,CHEMBL534960,IC50,=,500.0,nM,6.3,CHEMBL284,Dipeptidyl peptidase 4,Cc1ccc(S(=O)(=O)N2CCCN2C(=O)C[C@H](N)Cc2cc(F)c(F)cc2F)cc1.Cl,6.301029995663981,477.9360000000001,2.9322200000000014,1,4,0
3099269,CHEMBL590326,IC50,=,510.0,nM,6.29,CHEMBL284,Dipeptidyl peptidase 4,COc1cc2c(cc1OC)C1CC(N)C(N3CCCC3=O)CN1CC2,6.292429823902063,345.44300000000015,1.3250000000000002,1,5,0
18164893,CHEMBL4101425,IC50,=,510.0,nM,6.29,CHEMBL284,Dipeptidyl peptidase 4,CCCc1nc2ccc(OCC(N)=O)cc2c(-c2ccccc2)c1CN,6.292429823902063,349.434,3.177100000000001,2,4,0
14989325,CHEMBL3357774,IC50,=,510.0,nM,6.29,CHEMBL284,Dipeptidyl peptidase 4,N[C@@H](CC(=O)N1[C@H](CO)C[C@@H]2CCCC[C@@H]21)Cc1cc(F)c(F)cc1F,6.292429823902063,370.415,2.5158000000000005,2,3,0
2507971,CHEMBL482338,IC50,=,510.0,nM,6.29,CHEMBL284,Dipeptidyl peptidase 4,Cl.N[C@@H](CC(=O)N1CCCN(C(=O)c2ccccc2)CC1)Cc1cc(F)c(F)cc1F,6.292429823902063,455.9080000000002,3.160300000000001,1,3,0
1958923,CHEMBL245181,IC50,=,511.0,nM,6.29,CHEMBL284,Dipeptidyl peptidase 4,N[C@@H](CC(=O)N1CCn2c(nnc2C(F)(F)F)C1)Cc1ccc(C(F)(F)F)cc1,6.291579099865287,421.34500000000014,2.6180000000000003,1,4,0
1963686,CHEMBL234412,IC50,=,520.0,nM,6.28,CHEMBL284,Dipeptidyl peptidase 4,CCCC[C@H]1CN2CCc3cc(OC)c(OC)cc3[C@@H]2C[C@@H]1N,6.2839966563652006,318.46100000000007,3.1404000000000005,1,4,0
1897542,CHEMBL388900,IC50,=,520.0,nM,6.28,CHEMBL284,Dipeptidyl peptidase 4,CN(C)C(=O)[C@@H](c1ccc(-c2ccc(F)cc2)cc1)[C@H](N)C(=O)N1CCOCC1,6.2839966563652006,399.46600000000024,1.8505999999999996,1,4,0
13960730,CHEMBL3127983,IC50,=,520.0,nM,6.28,CHEMBL284,Dipeptidyl peptidase 4,N#C[C@@H]1CCCN1C(=O)[C@@H](N)Cc1ccccn1,6.2839966563652006,244.29800000000003,0.4659799999999993,1,4,0
1793292,CHEMBL218911,IC50,=,520.0,nM,6.28,CHEMBL284,Dipeptidyl peptidase 4,C[C@H](c1nc(-c2ccc(NS(C)(=O)=O)cc2)no1)[C@H](N)C(=O)N1CCCC1,6.2839966563652006,393.4690000000003,1.1613,2,7,0
1669240,CHEMBL383841,IC50,=,527.0,nM,6.28,CHEMBL284,Dipeptidyl peptidase 4,N#C[C@@H]1CCCN1C(=O)CNCCC(=O)N1CCN(c2nc3ccccc3s2)CC1,6.278189384787454,426.54600000000016,1.4391799999999997,1,7,0
15094993,CHEMBL3330058,IC50,=,530.0,nM,6.28,CHEMBL284,Dipeptidyl peptidase 4,N#C[C@@H]1C[C@H](F)CN1C(=O)C[C@H](N)Cc1ccc(Cl)c(Cl)c1,6.275724130399211,344.217,2.715880000000001,1,3,0
2450693,CHEMBL471747,IC50,=,530.0,nM,6.28,CHEMBL284,Dipeptidyl peptidase 4,N#C[C@@H]1C[C@H](N=[N+]=[N-])CN1C(=O)[C@@H](N)CCCCNC(=O)OCc1ccccc1,6.275724130399211,399.4550000000001,2.21378,2,6,0
15065892,CHEMBL3329688,IC50,=,530.0,nM,6.28,CHEMBL284,Dipeptidyl peptidase 4,Cn1c(=O)n(Cc2ccccc2C#N)c2c(N3CCCCC(N)C3)ccnc21,6.275724130399211,376.46400000000017,1.9725799999999991,1,5,0
18245801,CHEMBL4077696,IC50,=,537.0,nM,6.27,CHEMBL284,Dipeptidyl peptidase 4,N[C@@H](CC(=O)N1CC[C@H]2[C@@H](CCc3nnc(C(F)(F)F)n32)C1)Cc1cc(F)c(F)cc1F,6.270025714300444,461.41000000000014,3.0101000000000013,1,4,0
19439500,CHEMBL4443070,IC50,=,538.0,nM,6.27,CHEMBL284,Dipeptidyl peptidase 4,Cc1nc(CN2C(=O)c3c(nc(N4CCC[C@@H](N)C4)n3CC#N)N3CCN=C23)nc2ccccc12,6.269217724333611,470.5410000000003,1.4178000000000008,1,9,0
1452003,CHEMBL186596,IC50,=,539.0,nM,6.27,CHEMBL284,Dipeptidyl peptidase 4,NC(CC(=O)N1CCC[C@H]1C(=O)NCc1ccccc1)Cc1ccccc1F.O=C(O)C(F)(F)F,6.268411234813262,497.48900000000015,3.026300000000001,3,4,0
1897541,CHEMBL231551,IC50,=,539.0,nM,6.27,CHEMBL284,Dipeptidyl peptidase 4,N[C@@H](CC(=O)N1CCC[C@H]1C(=O)NCc1ccccc1)Cc1ccccc1F,6.268411234813262,383.4670000000001,2.393,2,3,0
17630255,CHEMBL3675623,IC50,=,539.0,nM,6.27,CHEMBL284,Dipeptidyl peptidase 4,Cc1nc(CN2C(=O)c3c(nc(N4CCC[C@@H](N)C4)n3C)N3CCN=C23)nc2ccccc12,6.268411234813262,445.53100000000023,1.4312200000000013,1,8,0
18164891,CHEMBL4072939,IC50,=,540.0,nM,6.27,CHEMBL284,Dipeptidyl peptidase 4,CCCCCc1nc2ccc(OCC(N)=O)cc2c(-c2ccccc2)c1CN,6.267606240177032,377.4880000000001,3.957300000000002,2,4,0
14989323,CHEMBL3357776,IC50,=,540.0,nM,6.27,CHEMBL284,Dipeptidyl peptidase 4,N[C@@H](CC(=O)N1[C@H](CNC(=O)C2CC2)C[C@@H]2CCCC[C@@H]21)Cc1cc(F)c(F)cc1F,6.267606240177032,437.50600000000014,3.0497000000000014,2,3,0
5192937,CHEMBL1650415,IC50,=,540.0,nM,6.27,CHEMBL284,Dipeptidyl peptidase 4,Cc1nc(N2CCC[C@@H](N)C2)n(Cc2ccccc2C#N)c(=O)c1-c1ccccc1,6.267606240177032,399.49800000000016,3.066200000000001,1,5,0
17701080,CHEMBL16709,IC50,=,548.0,nM,6.26,CHEMBL284,Dipeptidyl peptidase 4,CC(C)C(N)C(=O)N1CCCC1,6.261219441515631,170.25599999999994,0.5920999999999998,1,2,0
555724,CHEMBL366751,IC50,=,550.0,nM,6.26,CHEMBL284,Dipeptidyl peptidase 4,N[C@H](C(=O)N1CCCC1)[C@H]1CC[C@@H](NS(=O)(=O)c2ccc(OC(F)(F)F)cc2)C1,6.259637310505756,435.4680000000002,1.981899999999999,2,5,0
1855565,CHEMBL224435,IC50,=,558.0,nM,6.25,CHEMBL284,Dipeptidyl peptidase 4,O=C([C@@H]1CCCN1)N1CCSC1,6.253365801062421,186.28,0.2712999999999999,1,3,0
2171475,CHEMBL402111,IC50,=,559.0,nM,6.25,CHEMBL284,Dipeptidyl peptidase 4,CC#CCn1c(N2CCCC(N)C2)nc(Br)c1C(=O)NCc1cccc2ccccc12,6.252588192113577,480.4100000000002,3.6796000000000015,2,4,0
2450690,CHEMBL472128,IC50,=,560.0,nM,6.25,CHEMBL284,Dipeptidyl peptidase 4,N#C[C@@H]1C[C@H](N=[N+]=[N-])CN1C(=O)[C@@H](N)CCCCNc1ccc2ccccc2c1,6.251811972993799,391.479,3.5526800000000014,2,5,0
1793308,CHEMBL220402,IC50,=,560.0,nM,6.25,CHEMBL284,Dipeptidyl peptidase 4,C[C@H](c1nnc(-c2ccc(Cl)cc2Cl)o1)[C@H](N)C(=O)N1CCCC1.O=C(O)C(F)(F)F,6.251811972993799,483.2740000000003,3.7299000000000015,2,6,0
1603632,CHEMBL381444,IC50,=,560.0,nM,6.25,CHEMBL284,Dipeptidyl peptidase 4,CC12CC3(C)CC(C)(C1)CC(NCC(=O)N1CCC[C@@H]1B(O)O)(C2)C3,6.251811972993799,348.2960000000001,1.7180999999999995,3,4,0
16763227,CHEMBL3981442,IC50,=,563.9,nM,6.25,CHEMBL284,Dipeptidyl peptidase 4,COc1ccc2ccc3c(c2c1)C[C@H](N)[C@@H](c1ccccc1F)O3,6.248797905411647,323.367,3.9910000000000023,1,3,0
27811457,CHEMBL5958101,IC50,=,564.0,nM,6.25,CHEMBL284,Dipeptidyl peptidase 4,COc1ccc2ccc3c(c2c1)CC(N)C(c1ccccc1F)O3,6.248720896016658,323.367,3.9910000000000023,1,3,0
1669233,CHEMBL201544,IC50,=,564.0,nM,6.25,CHEMBL284,Dipeptidyl peptidase 4,N#C[C@@H]1CCCN1C(=O)CNCCC(=O)NCCc1ccccc1,6.248720896016658,328.416,0.8395800000000007,2,4,0
10991395,CHEMBL2069833,IC50,=,569.0,nM,6.25,CHEMBL284,Dipeptidyl peptidase 4,N[C@@H](CC(=O)N1CCN(c2ccccc2-c2ccccc2)CC1)Cc1cc(F)c(F)cc1F,6.244887733604929,453.50800000000027,4.3796000000000035,1,3,0
2047446,CHEMBL248615,IC50,=,570.0,nM,6.24,CHEMBL284,Dipeptidyl peptidase 4,Cn1c(C(F)(F)F)nc2c1CCN(C(=O)C[C@H](N)Cc1cc(F)c(F)cc1F)C2(C)C,6.2441251443275085,448.4110000000002,3.4361000000000024,1,3,0
3434596,CHEMBL1243184,IC50,=,570.0,nM,6.24,CHEMBL284,Dipeptidyl peptidase 4,O=C1N[C@H](C(=O)N2CCC[C@H]2B(O)O)C[C@H]1CC(=O)N1Cc2ccccc2C1,6.2441251443275085,385.22900000000016,-0.5733999999999986,3,5,0
2258957,CHEMBL512145,IC50,=,570.0,nM,6.24,CHEMBL284,Dipeptidyl peptidase 4,N[C@@H](CC(=O)NC1(c2ccccc2)CCS(=O)(=O)CC1)Cc1ccccc1F,6.2441251443275085,404.5070000000002,2.3058999999999994,2,4,0
5192927,CHEMBL1650425,IC50,=,570.0,nM,6.24,CHEMBL284,Dipeptidyl peptidase 4,CC(C)(C)C#Cc1cnc(N2CCC[C@@H](N)C2)n(Cc2ccccc2C#N)c1=O,6.2441251443275085,389.5030000000001,2.4883800000000003,1,5,0
2008927,CHEMBL235352,IC50,=,580.0,nM,6.24,CHEMBL284,Dipeptidyl peptidase 4,CC(C)=CCn1c(N2CCNCC2)nc2c1c(=O)n(C)c(=O)n2C,6.236572006437063,332.4080000000001,-0.1904999999999985,1,5,0
1496194,CHEMBL192449,IC50,=,580.0,nM,6.24,CHEMBL284,Dipeptidyl peptidase 4,C[C@@H](c1ccc(-c2cncnc2)cc1)[C@H](N)C(=O)N1CC[C@H](F)C1.O=C(O)C(F)(F)F,6.236572006437063,442.4130000000002,2.7781,2,5,0
2171476,CHEMBL402573,IC50,=,582.0,nM,6.24,CHEMBL284,Dipeptidyl peptidase 4,CC#CCn1c(N2CCCC(N)C2)nc(C#N)c1C(=O)NCc1cccc2ccccc12,6.235077015350112,426.5240000000001,2.788780000000001,2,5,0
1450396,CHEMBL184912,IC50,=,589.0,nM,6.23,CHEMBL284,Dipeptidyl peptidase 4,N[C@@H](CC(=O)N1CCSC1)Cc1ccc(F)cc1F,6.229884705212898,286.347,1.7575999999999998,1,3,0
5192904,CHEMBL1650447,IC50,=,590.0,nM,6.23,CHEMBL284,Dipeptidyl peptidase 4,Cn1c(=O)cc(NC2CCCCNC2)n(Cc2ccccc2C#N)c1=O,6.229147988357855,353.42600000000004,1.0209799999999998,2,5,0
1519868,CHEMBL364461,IC50,=,590.0,nM,6.23,CHEMBL284,Dipeptidyl peptidase 4,N[C@@H](CC(=O)N1CCCc2n[nH]c(C(F)(F)F)c21)Cc1cc(F)ccc1F,6.229147988357855,388.3400000000001,2.9460000000000006,2,3,0
2507983,CHEMBL519773,IC50,=,597.0,nM,6.22,CHEMBL284,Dipeptidyl peptidase 4,Cl.N[C@@H](CC(=O)N1CCCN(c2ncccn2)CC1)Cc1cc(F)c(F)cc1F,6.224025668870631,429.8740000000002,2.3145,1,5,0
829594,CHEMBL316832,IC50,=,598.0,nM,6.22,CHEMBL284,Dipeptidyl peptidase 4,N#C[C@@H]1CCCN1C(=O)CNCC12C[C@H]3C[C@@H](C1)C[C@@H](C2)C3,6.223298816011589,301.4340000000001,2.3069799999999994,1,3,0
1963704,CHEMBL231994,IC50,=,600.0,nM,6.22,CHEMBL284,Dipeptidyl peptidase 4,COc1ccc(N2CCC(N)C(c3cccc(C)c3)C2)cc1OC,6.221848749616356,326.4400000000001,3.333420000000002,1,4,0
2026082,CHEMBL245971,IC50,=,600.0,nM,6.22,CHEMBL284,Dipeptidyl peptidase 4,CC(=O)Nc1ccc([C@H](C)[C@H](N)C(=O)N2CC[C@H](F)C2)cc1.O=C(O)C(F)(F)F,6.221848749616356,421.3910000000001,2.2794999999999996,3,4,0
2130860,CHEMBL261463,IC50,=,600.0,nM,6.22,CHEMBL284,Dipeptidyl peptidase 4,CCCN(CC#N)C(=O)[C@@H]1C[C@H](C(=O)N(C)C)[C@H](C)N1,6.221848749616356,280.37199999999996,0.2033800000000008,1,4,0
1496054,CHEMBL194489,IC50,=,600.0,nM,6.22,CHEMBL284,Dipeptidyl peptidase 4,C[C@@H](c1ccc(C(F)(F)F)cc1)[C@H](N)C(=O)N1CC[C@H](F)C1.O=C(O)C(F)(F)F,6.221848749616356,432.3360000000001,3.339900000000002,2,3,0
5236280,CHEMBL1683476,IC50,=,601.0,nM,6.22,CHEMBL284,Dipeptidyl peptidase 4,Cl.N[C@@H](CC(=O)N1CCSC1C(=O)O)Cc1cc(F)c(F)cc1F,6.221125527997261,384.807,1.7717000000000005,2,4,0
2090799,CHEMBL270395,IC50,=,604.0,nM,6.22,CHEMBL284,Dipeptidyl peptidase 4,Cc1nc(N2CCN(C(=O)[C@@H]3CN[C@H](C(=O)N4CCCC4)C3)CC2)no1,6.218963061378868,362.43400000000025,-0.3728799999999981,1,7,0
1449094,CHEMBL182861,IC50,=,610.0,nM,6.21,CHEMBL284,Dipeptidyl peptidase 4,N[C@@H](CC(=O)N1CCNC[C@H]1c1ccc(F)cc1)Cc1ccccc1F,6.214670164989233,359.4200000000001,2.3978,2,3,0
14989320,CHEMBL3357779,IC50,=,610.0,nM,6.21,CHEMBL284,Dipeptidyl peptidase 4,N[C@@H](CC(=O)N1[C@H](CNC(=O)c2ccccc2)C[C@@H]2CCCC[C@@H]21)Cc1cc(F)c(F)cc1F,6.214670164989233,473.5390000000002,3.953500000000003,2,3,0
856540,CHEMBL96080,IC50,=,612.0,nM,6.21,CHEMBL284,Dipeptidyl peptidase 4,N#C[C@@H]1CCCN1C(=O)CNC1CC1,6.213248577854439,193.25,0.2529799999999996,1,3,0
2462054,CHEMBL487630,IC50,=,615.0,nM,6.21,CHEMBL284,Dipeptidyl peptidase 4,C[C@H](c1nc(-c2ccc(Cl)cc2Cl)no1)[C@H](N)C(=O)N1CC[C@H](F)C1,6.211124884224583,387.2420000000002,3.0446000000000017,1,5,0
18164892,CHEMBL4083433,IC50,=,620.0,nM,6.21,CHEMBL284,Dipeptidyl peptidase 4,CCCCc1nc2ccc(OCC(N)=O)cc2c(-c2ccccc2)c1CN,6.2076083105017466,363.46100000000007,3.5672000000000015,2,4,0
25050608,CHEMBL5285764,IC50,=,620.0,nM,6.21,CHEMBL284,Dipeptidyl peptidase 4,O=C([C@H]1CC[C@@H](n2cc(-c3ccccc3O)nn2)C1)N1CCC(F)(F)C1,6.2076083105017466,362.38000000000017,2.8595000000000015,1,4,0
16609224,CHEMBL3687982,IC50,=,625.0,nM,6.2,CHEMBL284,Dipeptidyl peptidase 4,CCN1C(=O)Cn2c1nc1nc(N3CCC[C@@H](N)C3)n(Cc3cc(F)ccc3F)c1c2=O,6.204119982655925,443.4580000000002,1.2135000000000005,1,6,0
2572491,CHEMBL520921,IC50,=,630.0,nM,6.2,CHEMBL284,Dipeptidyl peptidase 4,N#Cc1c(F)cc(F)cc1N1C[C@@H]2[C@H](C1)[C@H]2NCC(=O)N1C[C@@H](F)C[C@H]1C#N,6.200659450546418,389.38100000000014,1.3232599999999997,1,5,0
2122464,CHEMBL404544,IC50,=,630.0,nM,6.2,CHEMBL284,Dipeptidyl peptidase 4,NCc1c(-c2ccc(Cl)cc2Cl)ccc2nc[nH]c12,6.200659450546418,292.169,3.995400000000002,2,2,0
841574,CHEMBL321509,IC50,=,635.0,nM,6.2,CHEMBL284,Dipeptidyl peptidase 4,N#C[C@@H]1CCCN1C(=O)CNCCOc1ccccc1,6.197226274708024,273.336,1.1695799999999996,1,4,0
15094916,CHEMBL3330055,IC50,=,640.0,nM,6.19,CHEMBL284,Dipeptidyl peptidase 4,N#C[C@@H]1C[C@H](F)CN1C(=O)C[C@H](N)Cc1ccc(C(F)(F)F)cc1,6.1938200260161125,343.32399999999996,2.427880000000001,1,3,0
13394536,CHEMBL2408774,IC50,=,645.0,nM,6.19,CHEMBL284,Dipeptidyl peptidase 4,CC(C)=CCn1c(N2CC3CCNC3C2)nc2c1c(=O)n(CC(=O)c1ccccc1)c(=O)n2C,6.1904402853647325,462.55400000000026,1.5438999999999998,1,6,0
1963691,CHEMBL234430,IC50,=,650.0,nM,6.19,CHEMBL284,Dipeptidyl peptidase 4,COc1cccc([C@H]2CN3CCc4cc(OC)c(OC)cc4[C@@H]3C[C@H]2N)c1,6.187086643357144,368.4770000000001,3.1264000000000003,1,5,0
15714199,CHEMBL3616888,IC50,=,650.0,nM,6.19,CHEMBL284,Dipeptidyl peptidase 4,CC#CCn1c(N2CCNCC2)nc2c1c(=O)n(Cc1csc(CO)n1)c(=O)n2C,6.187086643357144,429.5060000000002,-0.6732999999999989,2,8,0
1905814,CHEMBL230449,IC50,=,650.0,nM,6.19,CHEMBL284,Dipeptidyl peptidase 4,N[C@H]1CN(c2ncccc2C(F)(F)F)CC[C@@H]1c1cc(F)c(F)cc1F.O=C(O)C(F)(F)F,6.187086643357144,489.338,4.472200000000002,2,4,0
1669245,CHEMBL424854,IC50,=,651.0,nM,6.19,CHEMBL284,Dipeptidyl peptidase 4,COc1cc2c(cc1OC)CN(C(=O)CCNCC(=O)N1CCC[C@H]1C#N)CC2,6.186419011431808,400.4790000000002,1.0827800000000003,1,6,0
1717943,CHEMBL209058,IC50,=,651.0,nM,6.19,CHEMBL284,Dipeptidyl peptidase 4,CC(C)(Cc1ccc(F)cc1)NCC(=O)N1[C@H](C#N)CC[C@@H]1C#N,6.186419011431808,328.39100000000013,2.14316,1,4,0
25050609,CHEMBL5278390,IC50,=,660.0,nM,6.18,CHEMBL284,Dipeptidyl peptidase 4,O=C([C@H]1CC[C@@H](n2cc(-c3ccc(-c4ccccc4)cc3)nn2)C1)N1CCC(F)(F)C1,6.180456064458132,422.4790000000002,4.820900000000004,0,3,0
18662297,CHEMBL4249750,IC50,=,660.0,nM,6.18,CHEMBL284,Dipeptidyl peptidase 4,O=C([C@@H]1C[C@H](n2cc(-c3ccccc3)nn2)CN1)N1CCC(F)(F)C1,6.180456064458132,347.36900000000014,1.7156999999999996,1,4,0
12044078,CHEMBL2147187,IC50,=,660.0,nM,6.18,CHEMBL284,Dipeptidyl peptidase 4,COc1cccc2c3nc(N4CCC[C@@H](N)C4)n(Cc4ccccc4Cl)c3c(=O)n(C)c12.Cl,6.180456064458132,488.41900000000015,3.947800000000002,1,5,0
553346,CHEMBL169758,IC50,=,660.0,nM,6.18,CHEMBL284,Dipeptidyl peptidase 4,N[C@H](C(=O)N1CCCC1)[C@H]1CC[C@@H](OC(=O)Nc2ccc(I)cc2)C1,6.180456064458132,457.31200000000007,2.958100000000001,2,4,0
1717942,CHEMBL208902,IC50,=,663.0,nM,6.18,CHEMBL284,Dipeptidyl peptidase 4,CC(C)(C)NCC(=O)N1[C@H](C#N)CC[C@@H]1C#N,6.178486471595227,234.30299999999997,0.7812599999999998,1,4,0
5237571,CHEMBL1683139,IC50,=,670.0,nM,6.17,CHEMBL284,Dipeptidyl peptidase 4,N[C@H](Cc1cc(F)ccc1F)C1CCN(c2ncccn2)CC1,6.173925197299173,318.37100000000004,2.541200000000001,1,4,0
555728,CHEMBL172276,IC50,=,670.0,nM,6.17,CHEMBL284,Dipeptidyl peptidase 4,N[C@H](C(=O)N1CCCC1)[C@@H]1CC[C@H](OC(=O)Nc2ccc(I)cc2)C1,6.173925197299173,457.31200000000007,2.958100000000001,2,4,0
2090809,CHEMBL271062,IC50,=,670.0,nM,6.17,CHEMBL284,Dipeptidyl peptidase 4,CN(C)C(=O)[C@@H]1CN[C@H](C(=O)N2CCCC2)C1,6.173925197299173,239.3189999999999,-0.3248999999999986,1,3,0
5294394,CHEMBL1688423,IC50,=,674.0,nM,6.17,CHEMBL284,Dipeptidyl peptidase 4,Cc1cc(NC(=O)c2cc(-c3ccc(F)cc3F)c(CN)c(C)n2)no1,6.17134010346468,358.3480000000001,3.342640000000001,2,5,0
5294390,CHEMBL1688419,IC50,=,674.0,nM,6.17,CHEMBL284,Dipeptidyl peptidase 4,Cc1nc(C(=O)NC2CC2)cc(-c2ccc(F)cc2F)c1CN,6.17134010346468,317.33900000000006,2.6861200000000007,2,3,0
1669242,CHEMBL372746,IC50,=,676.0,nM,6.17,CHEMBL284,Dipeptidyl peptidase 4,N#C[C@@H]1CCCN1C(=O)CNCCC(=O)N1CCN(C(=O)c2cc(F)cc(F)c2)CC1,6.170053304058364,433.4590000000002,0.7434800000000006,1,5,0
5236286,CHEMBL1683482,IC50,=,680.0,nM,6.17,CHEMBL284,Dipeptidyl peptidase 4,Cl.N[C@@H](CC(=O)N1CCSC1C(=O)N1CCNCC1)Cc1cc(F)c(F)cc1F,6.167491087293763,452.9300000000002,1.1189,2,5,0
1970038,CHEMBL233337,IC50,=,680.0,nM,6.17,CHEMBL284,Dipeptidyl peptidase 4,Cc1nnc(C(=O)[C@@H]2CC(F)(F)CN2C(=O)CNC23CC4CC(CC(C4)C2)C3)o1,6.167491087293763,408.44900000000024,2.35532,1,6,0
5294387,CHEMBL1688416,IC50,=,686.0,nM,6.16,CHEMBL284,Dipeptidyl peptidase 4,Cc1nc(C(=O)N2CCCC2)cc(-c2ccc(F)cc2)c1CN,6.163675884293248,313.37600000000003,2.8908200000000006,1,3,0
1717941,CHEMBL208952,IC50,=,687.0,nM,6.16,CHEMBL284,Dipeptidyl peptidase 4,N#C[C@@H]1CC[C@H](C#N)N1C(=O)CNC1(CO)CCCCC1,6.16304326294045,290.3670000000001,0.6779599999999992,2,5,0
1717940,CHEMBL377058,IC50,=,689.0,nM,6.16,CHEMBL284,Dipeptidyl peptidase 4,CC1(NCC(=O)N2[C@H](C#N)CC[C@@H]2C#N)CCCCC1,6.161780778092374,274.368,1.705559999999999,1,4,0
11014690,CHEMBL2086601,IC50,=,694.0,nM,6.16,CHEMBL284,Dipeptidyl peptidase 4,Cc1ccc(C(=O)NCCCC(=O)N2CCC[C@H]2C(N)=O)cc1,6.158640529545145,317.389,0.9813199999999996,2,3,0
15249313,CHEMBL3425745,IC50,=,695.0,nM,6.16,CHEMBL284,Dipeptidyl peptidase 4,N[C@@H](CC(=O)N1CC[C@@H]2[C@@H](CCc3nnc(C(F)(F)F)n32)C1)Cc1ccccc1,6.158015195409886,407.4400000000001,2.5928000000000004,1,4,0
16584392,CHEMBL3804854,IC50,=,699.0,nM,6.16,CHEMBL284,Dipeptidyl peptidase 4,Cc1ccn2nc3c(c2n1)CN([C@@H]1CC[C@H](c2cc(F)c(F)cc2F)[C@@H](N)C1)C3,6.1555228242543185,401.43600000000015,3.4342200000000016,1,4,0
1717924,CHEMBL377749,IC50,=,702.0,nM,6.15,CHEMBL284,Dipeptidyl peptidase 4,N#C[C@@H]1CC[C@H](C#N)N1C(=O)CNC1(COC2CCCCC2)CCCC1,6.153662887870195,358.48600000000033,2.6448599999999995,1,5,0
2238120,CHEMBL510797,IC50,=,710.0,nM,6.15,CHEMBL284,Dipeptidyl peptidase 4,Cl.N[C@@H](CC(=O)N1N=CCC1C(=O)OCc1ccccc1)Cc1cc(F)c(F)cc1F,6.1487416512809245,455.8640000000001,3.1157000000000012,1,5,0
29231843,CHEMBL6170809,IC50,=,710.0,nM,6.15,CHEMBL284,Dipeptidyl peptidase 4,CC1=C([N+](=O)[O-])C(c2ccc(F)c(F)c2)N=C(N)N1C(=O)CN1CCCC1C#N,6.1487416512809245,404.37700000000024,1.65898,1,7,0
5237559,CHEMBL1683127,IC50,=,710.0,nM,6.15,CHEMBL284,Dipeptidyl peptidase 4,CCN(Cc1ccccc1)[C@H]1CC[C@H]([C@H](N)Cc2cc(F)ccc2F)CC1,6.1487416512809245,372.503,4.915500000000004,1,2,0
11014682,CHEMBL2086593,IC50,=,715.0,nM,6.15,CHEMBL284,Dipeptidyl peptidase 4,Cc1ccc(C(=O)NCCC(=O)N2CCC[C@H]2C(N)=O)cc1,6.145693958198919,303.362,0.5912200000000009,2,3,0
13394533,CHEMBL2408644,IC50,=,715.0,nM,6.15,CHEMBL284,Dipeptidyl peptidase 4,CC(C)=CCn1c(O[C@H]2CCNC2)nc2c1c(=O)n(CC(=O)c1ccccc1)c(=O)n2C,6.145693958198919,437.50000000000017,1.4864999999999993,1,6,0
18662296,CHEMBL4241199,IC50,=,720.0,nM,6.14,CHEMBL284,Dipeptidyl peptidase 4,COC(=O)c1cn([C@@H]2CN[C@H](C(=O)N3CCC(F)(F)C3)C2)nn1,6.142667503568732,329.3070000000001,-0.1647000000000003,1,6,0
18164888,CHEMBL4064424,IC50,=,720.0,nM,6.14,CHEMBL284,Dipeptidyl peptidase 4,NCc1c(Cc2ccccc2)nc2ccc(OCC(N)=O)cc2c1-c1ccccc1,6.142667503568732,397.4780000000001,3.815400000000002,2,4,0
25050610,CHEMBL5274068,IC50,=,720.0,nM,6.14,CHEMBL284,Dipeptidyl peptidase 4,COC(=O)c1cn([C@@H]2CC[C@H](C(=O)N3CCC(F)(F)C3)C2)nn1,6.142667503568732,328.3190000000001,1.2735,0,5,0
13452853,CHEMBL2425066,IC50,=,720.0,nM,6.14,CHEMBL284,Dipeptidyl peptidase 4,N[C@H]1C[C@@H](N2Cc3ccccc3C2=O)CO[C@@H]1c1cc(F)ccc1F,6.142667503568732,344.361,2.778100000000001,1,3,0
11014698,CHEMBL2086609,IC50,=,723.0,nM,6.14,CHEMBL284,Dipeptidyl peptidase 4,Cc1ccc(C(=O)Nc2ccc(C(=O)N3CCC[C@H]3C(N)=O)cc2)cc1,6.140861702705469,351.40600000000006,2.3372200000000003,2,3,0
15010450,CHEMBL3310986,IC50,=,730.0,nM,6.14,CHEMBL284,Dipeptidyl peptidase 4,Cn1c(=O)c(C(C)(NN)Nc2ccccc2)c(O)c2ccccc21,6.136677139879544,324.38400000000007,1.9922000000000004,4,5,0
5237533,CHEMBL1683102,IC50,=,730.0,nM,6.14,CHEMBL284,Dipeptidyl peptidase 4,CN(C(=O)CCN)[C@H]1CC[C@H]([C@H](N)Cc2cc(F)ccc2F)CC1,6.136677139879544,339.43000000000006,2.200600000000001,2,3,0
1897540,CHEMBL231552,IC50,=,731.0,nM,6.14,CHEMBL284,Dipeptidyl peptidase 4,N[C@@H](CC(=O)N1CCC[C@H]1C(=O)NCc1ccc(C(F)(F)F)cc1)Cc1ccccc1F,6.13608262304214,451.4640000000001,3.411800000000002,2,3,0
14989334,CHEMBL3357766,IC50,=,760.0,nM,6.12,CHEMBL284,Dipeptidyl peptidase 4,N[C@@H](CC(=O)N1[C@H](C(=O)NCC2CC2)C[C@@H]2CCCC[C@@H]21)Cc1cc(F)c(F)cc1F,6.119186407719209,437.50600000000014,3.0497000000000014,2,3,0
29231837,CHEMBL6171671,IC50,=,769.0,nM,6.11,CHEMBL284,Dipeptidyl peptidase 4,Cc1nc(N2Cc3cn(S(C)(=O)=O)nc3C2)nc(C)c1CC(=O)O,6.114073660198569,351.38800000000015,0.2449399999999996,1,7,0
1496062,CHEMBL369888,IC50,=,770.0,nM,6.11,CHEMBL284,Dipeptidyl peptidase 4,COc1ccc([C@H](C)[C@H](N)C(=O)N2CC[C@H](F)C2)cc1.O=C(O)C(F)(F)F,6.113509274827518,394.3649999999999,2.3297,2,4,0
15094995,CHEMBL3330056,IC50,=,770.0,nM,6.11,CHEMBL284,Dipeptidyl peptidase 4,COc1ccc(C[C@@H](N)CC(=O)N2C[C@@H](F)C[C@H]2C#N)cc1,6.113509274827518,305.353,1.4176799999999996,1,4,0
1717913,CHEMBL207620,IC50,=,771.0,nM,6.11,CHEMBL284,Dipeptidyl peptidase 4,CC1CCC(C)(NCC(=O)N2[C@H](C#N)CC[C@@H]2C#N)C1,6.112945621949043,274.368,1.5614599999999996,1,4,0
22483379,CHEMBL4798357,IC50,=,780.0,nM,6.11,CHEMBL284,Dipeptidyl peptidase 4,N[C@@H](Cc1cn(-c2ccc3ncccc3c2)nn1)Cc1cc(F)c(F)cc1F,6.107905397309519,383.37700000000007,3.3453000000000026,1,4,0
1897539,CHEMBL231653,IC50,=,780.0,nM,6.11,CHEMBL284,Dipeptidyl peptidase 4,CSc1cc(F)c(C[C@@H](N)CC(=O)N2CCn3c(nnc3C(F)(F)F)C2)cc1F,6.107905397309519,435.422,2.5993000000000013,1,5,0
1519725,CHEMBL193802,IC50,=,780.0,nM,6.11,CHEMBL284,Dipeptidyl peptidase 4,Cn1nc(-c2ccc(F)cc2)c2c1CCN(C(=O)C[C@H](N)Cc1cc(F)ccc1F)C2,6.107905397309519,428.4580000000002,3.3492000000000015,1,3,0
1669235,CHEMBL372391,IC50,=,784.0,nM,6.11,CHEMBL284,Dipeptidyl peptidase 4,CC(C)C(NC(=O)CCNCC(=O)N1CCC[C@H]1C#N)c1ccccc1,6.105683937315561,356.47,1.9941800000000005,2,4,0
19439489,CHEMBL4465057,IC50,=,790.0,nM,6.1,CHEMBL284,Dipeptidyl peptidase 4,CC#CCn1c(N2CCC[C@@H](N)C2)nc2c1c(=O)nc1n2CCCN1Cc1ccc(OC)cc1,6.102372908709558,461.5700000000003,1.9626999999999997,1,7,0
1985690,CHEMBL237758,IC50,=,790.0,nM,6.1,CHEMBL284,Dipeptidyl peptidase 4,N[C@H]1CN(c2cc(-c3ccccc3)ncn2)C[C@@H]1c1ccccc1,6.102372908709558,316.408,3.0747000000000018,1,4,0
2122465,CHEMBL406201,IC50,=,790.0,nM,6.1,CHEMBL284,Dipeptidyl peptidase 4,Cn1cnc2ccc(-c3ccc(F)cc3F)c(CN)c21,6.102372908709558,273.286,2.9772000000000007,1,2,0
6321350,CHEMBL1812906,IC50,=,790.0,nM,6.1,CHEMBL284,Dipeptidyl peptidase 4,CC(C)Cn1c(CN)c(-c2ccccc2)c2cc(O)ccc2c1=O.Cl,6.102372908709558,358.8690000000001,3.9106000000000023,2,3,0
22800190,CHEMBL4764894,IC50,=,800.0,nM,6.1,CHEMBL284,Dipeptidyl peptidase 4,Cc1ccc(Nc2cc(N3CCNCC3)nc3ccnn23)c(N)c1,6.096910013008056,323.404,1.7731199999999996,3,6,0
27811460,CHEMBL5814595,IC50,=,800.0,nM,6.1,CHEMBL284,Dipeptidyl peptidase 4,COc1ccc2ccc3c(c2c1)CC(N)C(c1ccc(F)cc1)O3,6.096910013008056,323.367,3.9910000000000023,1,3,0
1958930,CHEMBL243872,IC50,=,805.0,nM,6.09,CHEMBL284,Dipeptidyl peptidase 4,N[C@@H](CC(=O)N1CCn2c(nnc2C(F)(F)F)C1)Cc1cc(F)cc(F)c1F,6.094204119632131,407.31800000000015,2.0164999999999997,1,4,0
5236285,CHEMBL1683481,IC50,=,807.0,nM,6.09,CHEMBL284,Dipeptidyl peptidase 4,Cl.N[C@@H](CC(=O)N1CCSC1C(=O)N1CCOCC1)Cc1cc(F)c(F)cc1F,6.09312646527793,453.9140000000002,1.5459,1,5,0
1603676,CHEMBL196180,IC50,=,810.0,nM,6.09,CHEMBL284,Dipeptidyl peptidase 4,CCCC[C@@H](NC(=O)[C@@H](N)CCC)B(O)O,6.0915149811213505,230.11699999999996,-0.1991999999999997,4,4,0
1669229,CHEMBL201398,IC50,=,811.0,nM,6.09,CHEMBL284,Dipeptidyl peptidase 4,CC(C)[C@@H](CC(=O)N1CCc2ccccc2C1)NCC(=O)N1CCC[C@H]1C#N,6.090979145788844,382.50800000000027,2.09018,1,4,0
1793035,CHEMBL217801,IC50,=,820.0,nM,6.09,CHEMBL284,Dipeptidyl peptidase 4,C[C@H](CCc1ccc(C(N)=O)cc1)NCC(=O)c1ccc(Cl)cc1,6.086186147616283,344.842,3.2325000000000017,2,3,0
29231844,CHEMBL6147355,IC50,=,821.0,nM,6.09,CHEMBL284,Dipeptidyl peptidase 4,CC1=C([N+](=O)[O-])C(c2ccc(F)c(F)c2)N=C(N)N1C(=O)CN1CCCC(N)C1,6.085656842880559,408.4090000000003,1.0941,2,7,0
672809,CHEMBL22545,IC50,=,830.0,nM,6.08,CHEMBL284,Dipeptidyl peptidase 4,N[C@H](C(=O)N1C[C@H](F)[C@@H](F)C1)[C@H]1CC[C@H](NC(=O)OCc2ccccc2)CC1,6.080921907623926,395.4500000000002,2.3173000000000004,2,4,0
1793287,CHEMBL216855,IC50,=,830.0,nM,6.08,CHEMBL284,Dipeptidyl peptidase 4,C[C@H](c1nc(-c2ccc(F)cc2Cl)no1)[C@H](N)C(=O)N1CCCC1,6.080921907623926,352.7970000000002,2.5823,1,5,0
5192906,CHEMBL1650445,IC50,=,830.0,nM,6.08,CHEMBL284,Dipeptidyl peptidase 4,Cn1c(=O)cc(N2CCC[C@@H](N)C2)n(Cc2c(F)ccc(F)c2Cl)c1=O,6.080921907623926,384.814,1.4544,1,4,0
560504,CHEMBL368156,IC50,=,840.0,nM,6.08,CHEMBL284,Dipeptidyl peptidase 4,N[C@H](C(=O)N1CCCC1)[C@H]1CC[C@H](O)C1,6.075720713938118,212.293,0.0970999999999995,2,3,0
11014686,CHEMBL2086597,IC50,=,843.0,nM,6.07,CHEMBL284,Dipeptidyl peptidase 4,NC(=O)[C@@H]1CCCN1C(=O)CCCNC(=O)c1ccc(O)cc1,6.074172425375258,319.361,0.3784999999999997,3,4,0
5237545,CHEMBL1683114,IC50,=,850.0,nM,6.07,CHEMBL284,Dipeptidyl peptidase 4,N[C@H](Cc1cc(F)ccc1F)[C@H]1CC[C@H](N2CCC(F)(F)C2)CC1,6.070581074285707,344.3960000000001,3.734400000000003,1,2,0
12718733,CHEMBL2346920,IC50,=,860.0,nM,6.07,CHEMBL284,Dipeptidyl peptidase 4,CC#CCn1c(N2CCC[C@@H](N)C2)nc2c(Br)c[nH]c2c1=O,6.0655015487564325,364.24700000000007,1.4378999999999995,2,4,0
11014694,CHEMBL2086605,IC50,=,863.0,nM,6.06,CHEMBL284,Dipeptidyl peptidase 4,NC(=O)[C@@H]1CCCN1C(=O)c1ccc(NC(=O)c2ccc(O)cc2)cc1,6.06398920428479,353.37800000000004,1.7343999999999995,3,4,0
11014678,CHEMBL2086589,IC50,=,863.0,nM,6.06,CHEMBL284,Dipeptidyl peptidase 4,NC(=O)[C@@H]1CCCN1C(=O)CCNC(=O)c1ccc(O)cc1,6.06398920428479,305.334,-0.0116000000000001,3,4,0
25050519,CHEMBL5268023,IC50,=,863.0,nM,6.06,CHEMBL284,Dipeptidyl peptidase 4,N#C[C@@H]1CCCN1C(=O)C[C@@H](N)Cc1ccc(-c2cn(C3CCCCC3)nn2)cc1,6.06398920428479,406.5340000000002,3.2247800000000018,1,5,0
1897538,CHEMBL396195,IC50,=,864.0,nM,6.06,CHEMBL284,Dipeptidyl peptidase 4,COc1cc(CNC(=O)[C@@H]2CCCN2C(=O)C[C@H](N)Cc2ccccc2F)ccc1O,6.063486257521107,429.49200000000013,2.107200000000001,3,5,0
11014685,CHEMBL2086596,IC50,=,869.0,nM,6.06,CHEMBL284,Dipeptidyl peptidase 4,COc1ccc(C(=O)NCCCC(=O)N2CCC[C@H]2C(N)=O)cc1,6.060980223551334,333.388,0.6815000000000005,2,4,0
577511,CHEMBL352632,IC50,=,870.0,nM,6.06,CHEMBL284,Dipeptidyl peptidase 4,CO[C@@H]1CCC[C@H]([C@H](N)C(=O)N2CCCC2)C1,6.060480747381382,240.34699999999992,1.1413,1,3,0
6321351,CHEMBL1812907,IC50,=,870.0,nM,6.06,CHEMBL284,Dipeptidyl peptidase 4,COc1ccc2c(=O)n(CC(C)C)c(CN)c(-c3ccccc3)c2c1,6.060480747381382,336.435,3.791800000000002,1,3,0
2258954,CHEMBL471842,IC50,=,870.0,nM,6.06,CHEMBL284,Dipeptidyl peptidase 4,CN1CCC(NC(=O)C[C@H](N)Cc2ccccc2F)(c2ccccc2)CC1,6.060480747381382,369.48400000000015,2.8229000000000015,2,3,0
702338,CHEMBL431885,IC50,=,870.0,nM,6.06,CHEMBL284,Dipeptidyl peptidase 4,N[C@H](C(=O)N1C[C@H](F)[C@@H](F)C1)[C@H]1CC[C@H](NS(=O)(=O)c2ccc(OC(F)(F)F)cc2)CC1,6.060480747381382,485.4750000000002,2.268,2,5,0
1717912,CHEMBL382045,IC50,=,875.0,nM,6.06,CHEMBL284,Dipeptidyl peptidase 4,N#C[C@@H]1CC[C@H](C#N)N1C(=O)CNC1(CO)Cc2ccccc2C1,6.057991946977687,324.38400000000007,0.51266,2,5,0
11014693,CHEMBL2086604,IC50,=,879.0,nM,6.06,CHEMBL284,Dipeptidyl peptidase 4,COc1ccc(C(=O)Nc2ccc(C(=O)N3CCC[C@H]3C(N)=O)cc2)cc1,6.056011124926228,367.4050000000001,2.0374,2,4,0
14579395,CHEMBL3236110,IC50,=,885.0,nM,6.05,CHEMBL284,Dipeptidyl peptidase 4,NC[C@H]1CN(Cc2ccccc2)C(=O)C[C@@H]1c1cc(F)ccc1F,6.053056729302175,330.378,3.0558000000000014,1,2,0
11014677,CHEMBL2086588,IC50,=,890.0,nM,6.05,CHEMBL284,Dipeptidyl peptidase 4,COc1ccc(C(=O)NCCC(=O)N2CCC[C@H]2C(N)=O)cc1,6.050609993355087,319.361,0.2914000000000009,2,4,0
5192909,CHEMBL1650442,IC50,=,890.0,nM,6.05,CHEMBL284,Dipeptidyl peptidase 4,Cn1c(=O)cc(N2CCC[C@@H](N)C2)n(Cc2ccc(F)cc2Cl)c1=O,6.050609993355087,366.824,1.3153,1,4,0
28460051,CHEMBL5804725,IC50,=,900.0,nM,6.05,CHEMBL284,Dipeptidyl peptidase 4,CN(CB(O)O)C(=O)[C@@H](N)CCC(=O)O,6.045757490560675,218.01799999999992,-2.351099999999998,4,5,0
14579396,CHEMBL3236111,IC50,=,910.0,nM,6.04,CHEMBL284,Dipeptidyl peptidase 4,NC[C@H]1CN(Cc2ccc(C(F)(F)F)cc2)C(=O)C[C@@H]1c1cc(F)ccc1F,6.040958607678906,398.37500000000006,4.074600000000004,1,2,0
13394532,CHEMBL2408646,IC50,=,910.0,nM,6.04,CHEMBL284,Dipeptidyl peptidase 4,CC(C)=CCn1c(O[C@@H]2CCNC2)nc2c1c(=O)n(CC(=O)c1ccccc1)c(=O)n2C,6.040958607678906,437.50000000000017,1.4864999999999993,1,6,0
5237556,CHEMBL1683124,IC50,=,910.0,nM,6.04,CHEMBL284,Dipeptidyl peptidase 4,N[C@H](Cc1cc(F)ccc1F)[C@H]1CC[C@H](NCCCC(F)(F)F)CC1,6.040958607678906,364.402,4.3255000000000035,2,2,0
1792901,CHEMBL216203,IC50,=,911.0,nM,6.04,CHEMBL284,Dipeptidyl peptidase 4,C[C@H](CC(=O)NC(C)(C)c1ccccc1)NCC(=O)N1CCC[C@H]1C#N,6.040481623027001,356.4700000000002,1.92068,2,4,0
7853087,CHEMBL331950,IC50,=,920.0,nM,6.04,CHEMBL284,Dipeptidyl peptidase 4,NCc1c(-c2ccc(Cl)cc2Cl)cc(-c2ccccc2)nc1N,6.036212172654444,344.24500000000006,4.763300000000003,2,3,0
1449092,CHEMBL360488,IC50,=,922.0,nM,6.04,CHEMBL284,Dipeptidyl peptidase 4,CC(C)[C@@H]1CNCCN1C(=O)C[C@H](N)Cc1ccccc1F,6.035269078946371,307.413,1.5420000000000011,2,3,0
1449883,CHEMBL187118,IC50,=,931.0,nM,6.03,CHEMBL284,Dipeptidyl peptidase 4,N[C@@H](CC(=O)N1CCSC1)Cc1ccccc1F,6.031050319018657,268.35699999999997,1.6184999999999996,1,3,0
5294389,CHEMBL1688418,IC50,=,937.0,nM,6.03,CHEMBL284,Dipeptidyl peptidase 4,CCOC(=O)C1CCN(C(=O)c2cc(-c3ccc(F)cc3)c(CN)c(C)n2)CC1,6.028260409112222,399.46600000000024,3.070120000000001,1,5,0
29231829,CHEMBL6170772,IC50,=,942.0,nM,6.03,CHEMBL284,Dipeptidyl peptidase 4,CC1=C(CC(=O)N2Cc3cn(S(C)(=O)=O)nc3C2)C(C)NC(=O)N1,6.025949097207123,353.4040000000001,-0.1015999999999993,2,5,0
1717923,CHEMBL208756,IC50,=,955.0,nM,6.02,CHEMBL284,Dipeptidyl peptidase 4,COCCC1(NCC(=O)N2[C@H](C#N)CC[C@@H]2C#N)CCCC1,6.019996628416254,304.3940000000002,1.33206,1,5,0
1495814,CHEMBL192983,IC50,=,968.0,nM,6.01,CHEMBL284,Dipeptidyl peptidase 4,C[C@@H](c1ccccc1)[C@H](N)C(=O)N1CCSC1,6.014124642691606,250.3669999999999,1.6503,1,3,0
6321344,CHEMBL1812900,IC50,=,980.0,nM,6.01,CHEMBL284,Dipeptidyl peptidase 4,CC(C)Cn1c(CN)c(-c2ccccc2)c2cc(C(=O)O)ccc2c1=O.Cl,6.008773924307505,386.8790000000001,3.9032000000000022,2,3,0
15714209,CHEMBL3616913,IC50,=,980.0,nM,6.01,CHEMBL284,Dipeptidyl peptidase 4,CC#CCn1c(N2CCC[C@@H](N)C2)nc2c1c(=O)n(C(C)C)c(=O)n2C,6.008773924307505,358.4460000000001,0.4284000000000005,1,5,0
1479733,CHEMBL189645,IC50,=,980.0,nM,6.01,CHEMBL284,Dipeptidyl peptidase 4,N[C@@H](Cc1ccc(-c2ccc(F)cc2)cc1)C(=O)N1CC[C@H](F)C1.O=C(O)C(F)(F)F,6.008773924307505,444.40000000000015,3.566200000000002,2,3,0
1449885,CHEMBL185351,IC50,=,981.0,nM,6.01,CHEMBL284,Dipeptidyl peptidase 4,Cc1ccccc1C[C@@H](N)CC(=O)N1CCSC1,6.008330992620052,264.39399999999995,1.7878200000000002,1,3,0
1727617,CHEMBL210522,IC50,=,984.0,nM,6.01,CHEMBL284,Dipeptidyl peptidase 4,CC1(C)N[C@H](C(=O)N2CCC[C@H]2C#N)C[C@@H]1C(=O)N1Cc2ccccc2C1,6.007004901568658,366.4650000000001,1.8000799999999992,1,4,0
845177,CHEMBL96453,IC50,=,988.0,nM,6.0,CHEMBL284,Dipeptidyl peptidase 4,N#C[C@@H]1CCCN1C(=O)CNCc1ccccc1,6.005243055412372,243.31000000000003,1.2907799999999994,1,3,0
843894,CHEMBL329282,IC50,=,989.0,nM,6.0,CHEMBL284,Dipeptidyl peptidase 4,N#C[C@@H]1CCCN1C(=O)CNCCNc1ncccc1C(F)(F)F,6.004803708402821,341.33700000000005,1.6164800000000004,2,5,0
1793267,CHEMBL375414,IC50,=,990.0,nM,6.0,CHEMBL284,Dipeptidyl peptidase 4,C[C@H](c1nc(-c2ccccc2Cl)no1)[C@H](N)C(=O)N1CCCC1,6.00436480540245,334.8070000000002,2.4432,1,5,0
5192935,CHEMBL1650417,IC50,=,990.0,nM,6.0,CHEMBL284,Dipeptidyl peptidase 4,COc1ccccc1-c1cnc(N2CCC[C@@H](N)C2)n(Cc2ccccc2C#N)c1=O,6.00436480540245,415.4970000000001,2.7663800000000007,1,6,0
1963698,CHEMBL392083,IC50,=,990.0,nM,6.0,CHEMBL284,Dipeptidyl peptidase 4,COc1cc2c(cc1OC)[C@@H]1C[C@@H](N)[C@@H](c3ccccn3)CN1CC2,6.00436480540245,339.43900000000014,2.5128000000000004,1,5,0
2024364,CHEMBL557776,IC50,=,990.0,nM,6.0,CHEMBL284,Dipeptidyl peptidase 4,Cl.N[C@@H](CC(=O)N1CCCN1C(=O)Nc1ccccc1)Cc1cc(F)c(F)cc1F,6.00436480540245,442.8690000000001,3.4670000000000023,2,3,0
5237530,CHEMBL1683099,IC50,=,990.0,nM,6.0,CHEMBL284,Dipeptidyl peptidase 4,CC(=O)N(C)[C@H]1CC[C@@H]([C@H](N)Cc2cc(F)ccc2F)CC1,6.00436480540245,310.3880000000001,2.8717000000000015,1,2,0
1897537,CHEMBL231654,IC50,=,995.0,nM,6.0,CHEMBL284,Dipeptidyl peptidase 4,N[C@H](C(=O)N1CCC(F)(F)C1)[C@@H]1CCN(S(=O)(=O)c2ccc(OC(F)(F)F)cc2)C1,6.002176919254275,457.4210000000001,1.7907000000000002,1,5,0
14579399,CHEMBL3236114,IC50,=,997.0,nM,6.0,CHEMBL284,Dipeptidyl peptidase 4,Cc1cc(=O)n2nc(N3C[C@H](CN)[C@@H](c4cc(F)ccc4F)CC3=O)ccc2n1,6.001304841688344,399.4010000000001,1.7715199999999998,1,5,0
